month,agency,offense_code,source_rows,distinct_incidents,distinct_offense_ids,distinct_arrest_numbers
2021-01,CARLSBAD,90B,1,1,1,1
2021-01,CARLSBAD,90C,22,21,22,22
2021-01,CARLSBAD,90D,29,28,29,29
2021-01,CARLSBAD,90J,6,6,6,6
2021-01,CARLSBAD,90Z,3,3,3,3
2021-01,CHULA VISTA,90C,8,8,8,8
2021-01,CHULA VISTA,90D,23,23,23,23
2021-01,CHULA VISTA,90J,3,3,3,3
2021-01,CHULA VISTA,90Z,11,11,11,11
2021-01,EL CAJON,90B,2,2,2,2
2021-01,EL CAJON,90C,25,25,25,25
2021-01,EL CAJON,90D,8,8,8,8
2021-01,EL CAJON,90Z,17,17,17,17
2021-01,ESCONDIDO,90C,44,44,44,44
2021-01,ESCONDIDO,90D,36,36,36,36
2021-01,ESCONDIDO,90J,2,2,2,2
2021-01,ESCONDIDO,90Z,26,24,26,26
2021-01,HARBOR POLICE,90C,17,17,17,17
2021-01,HARBOR POLICE,90D,9,9,9,9
2021-01,HARBOR POLICE,90J,2,2,2,2
2021-01,HARBOR POLICE,90Z,3,3,3,3
2021-01,LA MESA,90C,11,11,11,11
2021-01,LA MESA,90D,6,6,6,6
2021-01,LA MESA,90Z,9,9,9,9
2021-01,NATIONAL CITY,90C,23,23,23,23
2021-01,NATIONAL CITY,90D,12,12,12,12
2021-01,NATIONAL CITY,90Z,6,6,6,6
2021-01,OCEANSIDE,90B,1,1,1,1
2021-01,OCEANSIDE,90C,34,33,34,34
2021-01,OCEANSIDE,90D,22,22,22,22
2021-01,OCEANSIDE,90J,5,4,5,5
2021-01,OCEANSIDE,90Z,17,17,17,17
2021-01,SAN DIEGO,90B,24,14,24,24
2021-01,SAN DIEGO,90C,127,125,127,127
2021-01,SAN DIEGO,90D,99,99,99,99
2021-01,SAN DIEGO,90J,34,26,34,34
2021-01,SAN DIEGO,90Z,207,202,207,207
2021-01,SHERIFF,90C,114,110,114,114
2021-01,SHERIFF,90D,59,59,59,59
2021-01,SHERIFF,90J,4,4,4,4
2021-01,SHERIFF,90Z,138,137,138,138
2021-02,CARLSBAD,90C,24,24,24,24
2021-02,CARLSBAD,90D,27,27,27,27
2021-02,CARLSBAD,90J,4,4,4,4
2021-02,CARLSBAD,90Z,10,10,10,10
2021-02,CHULA VISTA,90C,10,10,10,10
2021-02,CHULA VISTA,90D,26,26,26,26
2021-02,CHULA VISTA,90J,5,5,5,5
2021-02,CHULA VISTA,90Z,14,14,14,14
2021-02,EL CAJON,90B,6,3,6,6
2021-02,EL CAJON,90C,31,31,31,31
2021-02,EL CAJON,90D,9,9,9,9
2021-02,EL CAJON,90Z,14,14,14,14
2021-02,ESCONDIDO,90C,23,23,23,23
2021-02,ESCONDIDO,90D,42,42,42,42
2021-02,ESCONDIDO,90Z,34,34,34,34
2021-02,HARBOR POLICE,90C,13,13,13,13
2021-02,HARBOR POLICE,90D,5,5,5,5
2021-02,HARBOR POLICE,90J,4,4,4,4
2021-02,HARBOR POLICE,90Z,4,4,4,4
2021-02,LA MESA,90C,6,6,6,6
2021-02,LA MESA,90D,7,7,7,7
2021-02,LA MESA,90J,1,1,1,1
2021-02,LA MESA,90Z,10,10,10,10
2021-02,NATIONAL CITY,90B,1,1,1,1
2021-02,NATIONAL CITY,90C,16,16,16,16
2021-02,NATIONAL CITY,90D,27,26,27,27
2021-02,NATIONAL CITY,90J,1,1,1,1
2021-02,NATIONAL CITY,90Z,10,8,10,10
2021-02,OCEANSIDE,90B,6,4,6,6
2021-02,OCEANSIDE,90C,29,29,29,29
2021-02,OCEANSIDE,90D,19,19,19,19
2021-02,OCEANSIDE,90J,1,1,1,1
2021-02,OCEANSIDE,90Z,27,26,27,27
2021-02,SAN DIEGO,90B,19,17,19,19
2021-02,SAN DIEGO,90C,158,156,158,158
2021-02,SAN DIEGO,90D,103,103,103,103
2021-02,SAN DIEGO,90G,2,2,2,2
2021-02,SAN DIEGO,90J,26,12,26,26
2021-02,SAN DIEGO,90Z,223,223,223,223
2021-02,SHERIFF,90C,104,104,104,104
2021-02,SHERIFF,90D,51,51,51,51
2021-02,SHERIFF,90J,10,9,10,10
2021-02,SHERIFF,90Z,125,124,125,125
2021-03,CARLSBAD,90C,16,16,16,16
2021-03,CARLSBAD,90D,22,22,22,22
2021-03,CARLSBAD,90Z,5,5,5,5
2021-03,CHULA VISTA,90C,4,4,4,4
2021-03,CHULA VISTA,90D,22,22,22,22
2021-03,CHULA VISTA,90G,1,1,1,1
2021-03,CHULA VISTA,90J,6,5,6,6
2021-03,CHULA VISTA,90Z,26,26,26,26
2021-03,EL CAJON,90B,4,3,4,4
2021-03,EL CAJON,90C,26,26,26,26
2021-03,EL CAJON,90D,13,13,13,13
2021-03,EL CAJON,90J,1,1,1,1
2021-03,EL CAJON,90Z,22,22,22,22
2021-03,ESCONDIDO,90C,33,33,33,33
2021-03,ESCONDIDO,90D,41,40,41,41
2021-03,ESCONDIDO,90J,1,1,1,1
2021-03,ESCONDIDO,90Z,31,31,31,31
2021-03,HARBOR POLICE,90C,15,15,15,15
2021-03,HARBOR POLICE,90D,4,4,4,4
2021-03,HARBOR POLICE,90J,16,16,16,16
2021-03,HARBOR POLICE,90Z,4,4,4,4
2021-03,LA MESA,90C,16,16,16,16
2021-03,LA MESA,90D,7,7,7,7
2021-03,LA MESA,90Z,2,2,2,2
2021-03,NATIONAL CITY,90B,1,1,1,1
2021-03,NATIONAL CITY,90C,14,14,14,14
2021-03,NATIONAL CITY,90D,15,15,15,15
2021-03,NATIONAL CITY,90J,6,6,6,6
2021-03,NATIONAL CITY,90Z,3,3,3,3
2021-03,OCEANSIDE,90C,45,45,45,45
2021-03,OCEANSIDE,90D,30,30,30,30
2021-03,OCEANSIDE,90G,2,2,2,2
2021-03,OCEANSIDE,90J,4,4,4,4
2021-03,OCEANSIDE,90Z,22,22,22,22
2021-03,SAN DIEGO,90B,8,8,8,8
2021-03,SAN DIEGO,90C,183,181,183,183
2021-03,SAN DIEGO,90D,141,141,141,141
2021-03,SAN DIEGO,90G,1,1,1,1
2021-03,SAN DIEGO,90J,28,26,28,28
2021-03,SAN DIEGO,90Z,231,227,231,231
2021-03,SHERIFF,90B,1,1,1,1
2021-03,SHERIFF,90C,112,112,112,112
2021-03,SHERIFF,90D,78,78,78,78
2021-03,SHERIFF,90G,4,4,4,4
2021-03,SHERIFF,90J,4,4,4,4
2021-03,SHERIFF,90Z,161,161,161,161
2021-04,CARLSBAD,90C,19,19,19,19
2021-04,CARLSBAD,90D,37,36,37,37
2021-04,CARLSBAD,90J,4,3,4,4
2021-04,CARLSBAD,90Z,5,5,5,5
2021-04,CHULA VISTA,90C,5,5,5,5
2021-04,CHULA VISTA,90D,14,14,14,14
2021-04,CHULA VISTA,90G,3,3,3,3
2021-04,CHULA VISTA,90Z,27,27,27,27
2021-04,EL CAJON,90C,33,32,33,33
2021-04,EL CAJON,90D,7,7,7,7
2021-04,EL CAJON,90Z,20,19,20,20
2021-04,ESCONDIDO,90C,37,37,37,37
2021-04,ESCONDIDO,90D,44,44,44,44
2021-04,ESCONDIDO,90J,1,1,1,1
2021-04,ESCONDIDO,90Z,37,37,37,37
2021-04,HARBOR POLICE,90C,12,12,12,12
2021-04,HARBOR POLICE,90D,5,5,5,5
2021-04,HARBOR POLICE,90J,2,2,2,2
2021-04,HARBOR POLICE,90Z,9,9,9,9
2021-04,LA MESA,90C,8,8,8,8
2021-04,LA MESA,90D,2,2,2,2
2021-04,LA MESA,90G,1,1,1,1
2021-04,LA MESA,90J,1,1,1,1
2021-04,LA MESA,90Z,8,8,8,8
2021-04,NATIONAL CITY,90C,20,18,19,19
2021-04,NATIONAL CITY,90D,11,11,11,11
2021-04,NATIONAL CITY,90Z,3,3,3,3
2021-04,OCEANSIDE,90C,55,53,55,55
2021-04,OCEANSIDE,90D,22,22,22,22
2021-04,OCEANSIDE,90J,3,3,3,3
2021-04,OCEANSIDE,90Z,22,22,22,22
2021-04,SAN DIEGO,90B,12,11,12,12
2021-04,SAN DIEGO,90C,170,165,170,170
2021-04,SAN DIEGO,90D,119,119,119,119
2021-04,SAN DIEGO,90G,3,1,2,2
2021-04,SAN DIEGO,90J,25,20,25,25
2021-04,SAN DIEGO,90Z,212,210,212,212
2021-04,SHERIFF,90C,110,110,110,110
2021-04,SHERIFF,90D,52,52,52,52
2021-04,SHERIFF,90G,1,1,1,1
2021-04,SHERIFF,90J,7,7,7,7
2021-04,SHERIFF,90Z,174,173,174,174
2021-05,CARLSBAD,90C,30,29,30,30
2021-05,CARLSBAD,90D,34,33,34,34
2021-05,CARLSBAD,90J,1,1,1,1
2021-05,CARLSBAD,90Z,8,8,8,8
2021-05,CHULA VISTA,90C,7,7,7,7
2021-05,CHULA VISTA,90D,29,29,29,29
2021-05,CHULA VISTA,90G,4,4,4,4
2021-05,CHULA VISTA,90J,1,1,1,1
2021-05,CHULA VISTA,90Z,22,21,22,22
2021-05,EL CAJON,90C,23,23,23,23
2021-05,EL CAJON,90D,6,6,6,6
2021-05,EL CAJON,90G,1,1,1,1
2021-05,EL CAJON,90J,1,1,1,1
2021-05,EL CAJON,90Z,11,11,11,11
2021-05,ESCONDIDO,90C,31,31,31,31
2021-05,ESCONDIDO,90D,53,53,53,53
2021-05,ESCONDIDO,90G,7,7,7,7
2021-05,ESCONDIDO,90J,3,3,3,3
2021-05,ESCONDIDO,90Z,41,41,41,41
2021-05,HARBOR POLICE,90C,13,13,13,13
2021-05,HARBOR POLICE,90D,4,4,4,4
2021-05,HARBOR POLICE,90Z,5,5,5,5
2021-05,LA MESA,90C,9,9,9,9
2021-05,LA MESA,90D,13,13,13,13
2021-05,LA MESA,90G,1,1,1,1
2021-05,LA MESA,90Z,3,3,3,3
2021-05,NATIONAL CITY,90C,19,19,19,19
2021-05,NATIONAL CITY,90D,21,21,21,21
2021-05,NATIONAL CITY,90Z,4,4,4,4
2021-05,OCEANSIDE,90B,1,1,1,1
2021-05,OCEANSIDE,90C,32,32,32,32
2021-05,OCEANSIDE,90D,28,28,28,28
2021-05,OCEANSIDE,90J,2,1,2,2
2021-05,OCEANSIDE,90Z,24,24,24,24
2021-05,SAN DIEGO,90B,13,11,13,13
2021-05,SAN DIEGO,90C,285,273,285,285
2021-05,SAN DIEGO,90D,145,145,145,145
2021-05,SAN DIEGO,90G,3,2,3,3
2021-05,SAN DIEGO,90J,27,25,27,27
2021-05,SAN DIEGO,90Z,263,259,263,263
2021-05,SHERIFF,90C,100,98,100,100
2021-05,SHERIFF,90D,83,83,83,83
2021-05,SHERIFF,90G,4,4,4,4
2021-05,SHERIFF,90J,8,7,8,8
2021-05,SHERIFF,90Z,176,176,176,176
2021-06,CARLSBAD,90C,19,19,19,19
2021-06,CARLSBAD,90D,32,32,32,32
2021-06,CARLSBAD,90G,3,3,3,3
2021-06,CARLSBAD,90J,4,4,4,4
2021-06,CARLSBAD,90Z,5,5,5,5
2021-06,CHULA VISTA,90C,5,5,5,5
2021-06,CHULA VISTA,90D,25,25,25,25
2021-06,CHULA VISTA,90G,2,2,2,2
2021-06,CHULA VISTA,90J,1,1,1,1
2021-06,CHULA VISTA,90Z,21,20,21,21
2021-06,EL CAJON,90B,9,5,9,9
2021-06,EL CAJON,90C,37,37,37,37
2021-06,EL CAJON,90D,9,9,9,9
2021-06,EL CAJON,90Z,15,15,15,15
2021-06,ESCONDIDO,90C,28,28,28,28
2021-06,ESCONDIDO,90D,53,53,53,53
2021-06,ESCONDIDO,90Z,45,45,45,45
2021-06,HARBOR POLICE,90C,15,15,15,15
2021-06,HARBOR POLICE,90J,7,7,7,7
2021-06,HARBOR POLICE,90Z,1,1,1,1
2021-06,LA MESA,90B,2,2,2,2
2021-06,LA MESA,90C,6,6,6,6
2021-06,LA MESA,90D,7,7,7,7
2021-06,LA MESA,90G,3,3,3,3
2021-06,LA MESA,90J,3,3,3,3
2021-06,LA MESA,90Z,10,10,10,10
2021-06,NATIONAL CITY,90C,20,20,20,20
2021-06,NATIONAL CITY,90D,18,18,18,18
2021-06,NATIONAL CITY,90J,3,3,3,3
2021-06,NATIONAL CITY,90Z,7,7,7,7
2021-06,OCEANSIDE,90C,39,39,39,39
2021-06,OCEANSIDE,90D,19,19,19,19
2021-06,OCEANSIDE,90Z,19,19,19,19
2021-06,SAN DIEGO,90B,1,1,1,1
2021-06,SAN DIEGO,90C,268,259,268,268
2021-06,SAN DIEGO,90D,114,113,114,114
2021-06,SAN DIEGO,90G,4,3,4,4
2021-06,SAN DIEGO,90J,27,26,27,27
2021-06,SAN DIEGO,90Z,228,225,228,228
2021-06,SHERIFF,90B,2,2,2,2
2021-06,SHERIFF,90C,104,102,104,104
2021-06,SHERIFF,90D,69,69,69,69
2021-06,SHERIFF,90G,1,1,1,1
2021-06,SHERIFF,90J,6,6,6,6
2021-06,SHERIFF,90Z,147,146,147,147
2021-07,CARLSBAD,90B,1,1,1,1
2021-07,CARLSBAD,90C,24,24,24,24
2021-07,CARLSBAD,90D,29,28,29,29
2021-07,CARLSBAD,90J,2,2,2,2
2021-07,CARLSBAD,90Z,10,10,10,10
2021-07,CHULA VISTA,90C,8,8,8,8
2021-07,CHULA VISTA,90D,23,23,23,23
2021-07,CHULA VISTA,90G,1,1,1,1
2021-07,CHULA VISTA,90J,2,2,2,2
2021-07,CHULA VISTA,90Z,15,14,15,15
2021-07,EL CAJON,90B,1,1,1,1
2021-07,EL CAJON,90C,32,31,32,32
2021-07,EL CAJON,90D,13,13,13,13
2021-07,EL CAJON,90Z,9,9,9,9
2021-07,ESCONDIDO,90C,41,39,41,41
2021-07,ESCONDIDO,90D,47,47,47,47
2021-07,ESCONDIDO,90G,2,1,2,2
2021-07,ESCONDIDO,90J,2,2,2,2
2021-07,ESCONDIDO,90Z,50,50,50,50
2021-07,HARBOR POLICE,90C,13,13,13,13
2021-07,HARBOR POLICE,90D,1,1,1,1
2021-07,HARBOR POLICE,90J,3,3,3,3
2021-07,HARBOR POLICE,90Z,6,6,6,6
2021-07,LA MESA,90B,3,2,3,3
2021-07,LA MESA,90C,8,8,8,8
2021-07,LA MESA,90D,7,7,7,7
2021-07,LA MESA,90Z,5,5,5,5
2021-07,NATIONAL CITY,90C,20,19,20,20
2021-07,NATIONAL CITY,90D,21,21,21,21
2021-07,NATIONAL CITY,90J,2,1,2,2
2021-07,NATIONAL CITY,90Z,6,6,6,6
2021-07,OCEANSIDE,90C,42,42,42,42
2021-07,OCEANSIDE,90D,17,17,17,17
2021-07,OCEANSIDE,90J,3,3,3,3
2021-07,OCEANSIDE,90Z,15,15,15,15
2021-07,SAN DIEGO,90B,4,4,4,4
2021-07,SAN DIEGO,90C,296,289,296,296
2021-07,SAN DIEGO,90D,107,106,107,107
2021-07,SAN DIEGO,90G,3,2,3,3
2021-07,SAN DIEGO,90J,13,11,13,13
2021-07,SAN DIEGO,90Z,361,357,361,361
2021-07,SHERIFF,90C,117,112,116,116
2021-07,SHERIFF,90D,75,75,75,75
2021-07,SHERIFF,90G,2,2,2,2
2021-07,SHERIFF,90J,8,8,8,8
2021-07,SHERIFF,90Z,207,206,207,207
2021-08,CARLSBAD,90C,13,13,13,13
2021-08,CARLSBAD,90D,42,41,42,42
2021-08,CARLSBAD,90J,2,2,2,2
2021-08,CARLSBAD,90Z,7,7,7,7
2021-08,CHULA VISTA,90C,8,8,8,8
2021-08,CHULA VISTA,90D,37,37,37,37
2021-08,CHULA VISTA,90G,3,3,3,3
2021-08,CHULA VISTA,90J,1,1,1,1
2021-08,CHULA VISTA,90Z,25,25,25,25
2021-08,EL CAJON,90B,1,1,1,1
2021-08,EL CAJON,90C,25,25,25,25
2021-08,EL CAJON,90D,8,8,8,8
2021-08,EL CAJON,90Z,18,18,18,18
2021-08,ESCONDIDO,90C,37,37,37,37
2021-08,ESCONDIDO,90D,42,42,42,42
2021-08,ESCONDIDO,90G,1,1,1,1
2021-08,ESCONDIDO,90J,4,1,4,4
2021-08,ESCONDIDO,90Z,38,38,38,38
2021-08,HARBOR POLICE,90C,20,20,20,20
2021-08,HARBOR POLICE,90D,3,3,3,3
2021-08,HARBOR POLICE,90Z,8,8,8,8
2021-08,LA MESA,90C,12,12,12,12
2021-08,LA MESA,90D,9,9,9,9
2021-08,LA MESA,90Z,3,3,3,3
2021-08,NATIONAL CITY,90C,10,10,10,10
2021-08,NATIONAL CITY,90D,13,13,13,13
2021-08,NATIONAL CITY,90Z,8,8,8,8
2021-08,OCEANSIDE,90B,2,1,2,2
2021-08,OCEANSIDE,90C,65,64,65,65
2021-08,OCEANSIDE,90D,18,18,18,18
2021-08,OCEANSIDE,90J,2,2,2,2
2021-08,OCEANSIDE,90Z,24,24,24,24
2021-08,SAN DIEGO,90B,14,14,14,14
2021-08,SAN DIEGO,90C,256,250,256,256
2021-08,SAN DIEGO,90D,148,148,148,148
2021-08,SAN DIEGO,90G,2,1,2,2
2021-08,SAN DIEGO,90J,18,18,18,18
2021-08,SAN DIEGO,90Z,360,358,360,360
2021-08,SHERIFF,90C,118,113,118,118
2021-08,SHERIFF,90D,69,69,69,69
2021-08,SHERIFF,90G,1,1,1,1
2021-08,SHERIFF,90J,11,10,11,11
2021-08,SHERIFF,90Z,198,195,198,198
2021-09,CARLSBAD,90C,9,9,9,9
2021-09,CARLSBAD,90D,31,31,31,31
2021-09,CARLSBAD,90G,1,1,1,1
2021-09,CARLSBAD,90J,6,6,6,6
2021-09,CARLSBAD,90Z,8,8,8,8
2021-09,CHULA VISTA,90C,12,12,12,12
2021-09,CHULA VISTA,90D,24,24,24,24
2021-09,CHULA VISTA,90G,10,5,10,10
2021-09,CHULA VISTA,90Z,16,16,16,16
2021-09,EL CAJON,90B,4,3,4,4
2021-09,EL CAJON,90C,30,30,30,30
2021-09,EL CAJON,90D,10,10,10,10
2021-09,EL CAJON,90Z,15,15,15,15
2021-09,ESCONDIDO,90C,51,49,51,51
2021-09,ESCONDIDO,90D,41,41,41,41
2021-09,ESCONDIDO,90G,3,3,3,3
2021-09,ESCONDIDO,90J,2,2,2,2
2021-09,ESCONDIDO,90Z,39,38,39,39
2021-09,HARBOR POLICE,90C,13,13,13,13
2021-09,HARBOR POLICE,90D,9,9,9,9
2021-09,HARBOR POLICE,90J,4,4,4,4
2021-09,HARBOR POLICE,90Z,6,6,6,6
2021-09,LA MESA,90C,13,13,13,13
2021-09,LA MESA,90D,12,12,12,12
2021-09,LA MESA,90Z,9,9,9,9
2021-09,NATIONAL CITY,90C,14,14,14,14
2021-09,NATIONAL CITY,90D,9,9,9,9
2021-09,NATIONAL CITY,90Z,4,4,4,4
2021-09,OCEANSIDE,90C,37,37,37,37
2021-09,OCEANSIDE,90D,24,24,24,24
2021-09,OCEANSIDE,90J,3,3,3,3
2021-09,OCEANSIDE,90Z,27,27,27,27
2021-09,SAN DIEGO,90B,10,10,10,10
2021-09,SAN DIEGO,90C,240,238,240,240
2021-09,SAN DIEGO,90D,124,124,124,124
2021-09,SAN DIEGO,90J,14,14,14,14
2021-09,SAN DIEGO,90Z,340,338,339,339
2021-09,SHERIFF,90C,103,101,103,103
2021-09,SHERIFF,90D,63,63,63,63
2021-09,SHERIFF,90G,4,2,4,4
2021-09,SHERIFF,90J,14,13,14,14
2021-09,SHERIFF,90Z,189,187,189,189
2021-10,CARLSBAD,90C,26,26,26,26
2021-10,CARLSBAD,90D,32,32,32,32
2021-10,CARLSBAD,90G,1,1,1,1
2021-10,CARLSBAD,90J,7,4,7,7
2021-10,CARLSBAD,90Z,6,6,6,6
2021-10,CHULA VISTA,90C,11,11,11,11
2021-10,CHULA VISTA,90D,29,29,29,29
2021-10,CHULA VISTA,90G,7,5,7,7
2021-10,CHULA VISTA,90Z,24,22,24,24
2021-10,EL CAJON,90B,49,31,49,49
2021-10,EL CAJON,90C,23,23,23,23
2021-10,EL CAJON,90D,14,14,14,14
2021-10,EL CAJON,90G,3,1,3,3
2021-10,EL CAJON,90Z,8,8,8,8
2021-10,ESCONDIDO,90C,33,33,33,33
2021-10,ESCONDIDO,90D,52,52,52,52
2021-10,ESCONDIDO,90J,1,1,1,1
2021-10,ESCONDIDO,90Z,39,38,39,39
2021-10,HARBOR POLICE,90C,7,7,7,7
2021-10,HARBOR POLICE,90D,6,6,6,6
2021-10,HARBOR POLICE,90Z,7,7,7,7
2021-10,LA MESA,90C,19,19,19,19
2021-10,LA MESA,90D,14,14,14,14
2021-10,LA MESA,90Z,3,3,3,3
2021-10,NATIONAL CITY,90C,14,13,14,14
2021-10,NATIONAL CITY,90D,19,19,19,19
2021-10,NATIONAL CITY,90Z,1,1,1,1
2021-10,OCEANSIDE,90B,1,1,1,1
2021-10,OCEANSIDE,90C,37,37,37,37
2021-10,OCEANSIDE,90D,17,17,17,17
2021-10,OCEANSIDE,90J,6,6,6,6
2021-10,OCEANSIDE,90Z,23,23,23,23
2021-10,SAN DIEGO,90B,19,17,19,19
2021-10,SAN DIEGO,90C,204,201,204,204
2021-10,SAN DIEGO,90D,137,137,137,137
2021-10,SAN DIEGO,90G,1,1,1,1
2021-10,SAN DIEGO,90J,23,22,23,23
2021-10,SAN DIEGO,90Z,342,334,340,340
2021-10,SHERIFF,90B,3,3,3,3
2021-10,SHERIFF,90C,90,83,88,88
2021-10,SHERIFF,90D,73,73,73,73
2021-10,SHERIFF,90G,4,4,4,4
2021-10,SHERIFF,90J,8,8,8,8
2021-10,SHERIFF,90Z,208,206,208,208
2021-11,CARLSBAD,90B,1,1,1,1
2021-11,CARLSBAD,90C,34,31,34,34
2021-11,CARLSBAD,90D,50,50,50,50
2021-11,CARLSBAD,90J,3,3,3,3
2021-11,CARLSBAD,90Z,7,7,7,7
2021-11,CHULA VISTA,90C,5,5,5,5
2021-11,CHULA VISTA,90D,27,27,27,27
2021-11,CHULA VISTA,90J,1,1,1,1
2021-11,CHULA VISTA,90Z,24,24,24,24
2021-11,EL CAJON,90B,22,15,22,22
2021-11,EL CAJON,90C,26,26,26,26
2021-11,EL CAJON,90D,12,12,12,12
2021-11,EL CAJON,90J,1,1,1,1
2021-11,EL CAJON,90Z,22,22,22,22
2021-11,ESCONDIDO,90C,36,34,36,36
2021-11,ESCONDIDO,90D,34,34,34,34
2021-11,ESCONDIDO,90J,6,4,6,6
2021-11,ESCONDIDO,90Z,31,30,31,31
2021-11,HARBOR POLICE,90C,18,18,18,18
2021-11,HARBOR POLICE,90D,3,3,3,3
2021-11,HARBOR POLICE,90J,4,4,4,4
2021-11,HARBOR POLICE,90Z,11,11,11,11
2021-11,LA MESA,90C,10,10,10,10
2021-11,LA MESA,90D,15,15,15,15
2021-11,LA MESA,90Z,6,6,6,6
2021-11,NATIONAL CITY,90C,16,16,16,16
2021-11,NATIONAL CITY,90D,20,20,20,20
2021-11,NATIONAL CITY,90Z,6,6,6,6
2021-11,OCEANSIDE,90B,4,3,4,4
2021-11,OCEANSIDE,90C,32,30,31,31
2021-11,OCEANSIDE,90D,27,27,27,27
2021-11,OCEANSIDE,90G,1,1,1,1
2021-11,OCEANSIDE,90J,4,3,4,4
2021-11,OCEANSIDE,90Z,11,11,11,11
2021-11,SAN DIEGO,90B,13,13,13,13
2021-11,SAN DIEGO,90C,185,182,185,185
2021-11,SAN DIEGO,90D,126,126,126,126
2021-11,SAN DIEGO,90G,5,5,5,5
2021-11,SAN DIEGO,90J,26,19,26,26
2021-11,SAN DIEGO,90Z,283,274,281,281
2021-11,SHERIFF,90B,1,1,1,1
2021-11,SHERIFF,90C,100,98,100,100
2021-11,SHERIFF,90D,84,84,84,84
2021-11,SHERIFF,90G,6,2,5,5
2021-11,SHERIFF,90J,4,4,4,4
2021-11,SHERIFF,90Z,169,164,169,169
2021-12,CARLSBAD,90C,27,25,27,27
2021-12,CARLSBAD,90D,31,31,31,31
2021-12,CARLSBAD,90J,4,4,4,4
2021-12,CARLSBAD,90Z,7,7,7,7
2021-12,CHULA VISTA,90C,11,11,11,11
2021-12,CHULA VISTA,90D,39,39,39,39
2021-12,CHULA VISTA,90J,3,3,3,3
2021-12,CHULA VISTA,90Z,20,20,20,20
2021-12,EL CAJON,90B,1,1,1,1
2021-12,EL CAJON,90C,20,19,20,20
2021-12,EL CAJON,90D,10,10,10,10
2021-12,EL CAJON,90Z,18,17,18,18
2021-12,ESCONDIDO,90C,44,42,44,44
2021-12,ESCONDIDO,90D,38,38,38,38
2021-12,ESCONDIDO,90Z,36,35,36,36
2021-12,HARBOR POLICE,90C,8,8,8,8
2021-12,HARBOR POLICE,90D,8,8,8,8
2021-12,HARBOR POLICE,90J,2,2,2,2
2021-12,HARBOR POLICE,90Z,5,5,5,5
2021-12,LA MESA,90C,7,7,7,7
2021-12,LA MESA,90D,7,7,7,7
2021-12,LA MESA,90Z,3,3,3,3
2021-12,NATIONAL CITY,90C,7,7,7,7
2021-12,NATIONAL CITY,90D,13,13,13,13
2021-12,NATIONAL CITY,90J,1,1,1,1
2021-12,NATIONAL CITY,90Z,7,7,7,7
2021-12,OCEANSIDE,90C,34,33,34,34
2021-12,OCEANSIDE,90D,29,29,29,29
2021-12,OCEANSIDE,90J,7,6,7,7
2021-12,OCEANSIDE,90Z,13,13,13,13
2021-12,SAN DIEGO,90B,10,9,10,10
2021-12,SAN DIEGO,90C,173,171,173,173
2021-12,SAN DIEGO,90D,107,106,107,107
2021-12,SAN DIEGO,90J,24,19,23,23
2021-12,SAN DIEGO,90Z,246,245,246,246
2021-12,SHERIFF,90B,1,1,1,1
2021-12,SHERIFF,90C,112,110,112,112
2021-12,SHERIFF,90D,109,109,109,109
2021-12,SHERIFF,90G,2,2,2,2
2021-12,SHERIFF,90J,16,10,16,16
2021-12,SHERIFF,90Z,181,178,181,181
2022-01,CARLSBAD,90C,17,17,17,17
2022-01,CARLSBAD,90D,20,20,20,20
2022-01,CARLSBAD,90J,7,6,7,7
2022-01,CARLSBAD,90Z,11,11,11,11
2022-01,CHULA VISTA,90C,6,6,6,6
2022-01,CHULA VISTA,90D,20,20,20,20
2022-01,CHULA VISTA,90G,1,1,1,1
2022-01,CHULA VISTA,90J,5,3,5,5
2022-01,CHULA VISTA,90Z,32,31,32,32
2022-01,EL CAJON,90B,5,4,5,5
2022-01,EL CAJON,90C,20,20,20,20
2022-01,EL CAJON,90D,8,8,8,8
2022-01,EL CAJON,90J,1,1,1,1
2022-01,EL CAJON,90Z,14,13,13,13
2022-01,ESCONDIDO,90B,1,1,1,1
2022-01,ESCONDIDO,90C,33,33,33,33
2022-01,ESCONDIDO,90D,49,49,49,49
2022-01,ESCONDIDO,90J,2,1,2,2
2022-01,ESCONDIDO,90Z,45,42,45,45
2022-01,HARBOR POLICE,90C,10,10,10,10
2022-01,HARBOR POLICE,90D,7,7,7,7
2022-01,HARBOR POLICE,90J,1,1,1,1
2022-01,LA MESA,90B,1,1,1,1
2022-01,LA MESA,90C,11,10,11,11
2022-01,LA MESA,90D,9,9,9,9
2022-01,LA MESA,90J,5,4,5,5
2022-01,LA MESA,90Z,12,11,12,12
2022-01,NATIONAL CITY,90C,13,13,13,13
2022-01,NATIONAL CITY,90D,24,24,24,24
2022-01,NATIONAL CITY,90Z,5,5,5,5
2022-01,OCEANSIDE,90C,49,49,49,49
2022-01,OCEANSIDE,90D,26,26,26,26
2022-01,OCEANSIDE,90G,1,1,1,1
2022-01,OCEANSIDE,90J,3,3,3,3
2022-01,OCEANSIDE,90Z,18,18,18,18
2022-01,SAN DIEGO,90B,7,5,7,7
2022-01,SAN DIEGO,90C,218,215,218,218
2022-01,SAN DIEGO,90D,109,109,109,109
2022-01,SAN DIEGO,90J,17,16,17,17
2022-01,SAN DIEGO,90Z,298,296,298,298
2022-01,SHERIFF,90C,107,104,107,107
2022-01,SHERIFF,90D,76,76,76,76
2022-01,SHERIFF,90G,16,8,16,16
2022-01,SHERIFF,90J,15,13,15,15
2022-01,SHERIFF,90Z,160,160,160,160
2022-02,CARLSBAD,90C,17,17,17,17
2022-02,CARLSBAD,90D,21,21,21,21
2022-02,CARLSBAD,90J,7,5,7,7
2022-02,CARLSBAD,90Z,8,8,8,8
2022-02,CHULA VISTA,90C,3,3,3,3
2022-02,CHULA VISTA,90D,24,24,24,24
2022-02,CHULA VISTA,90J,2,1,2,2
2022-02,CHULA VISTA,90Z,17,17,17,17
2022-02,EL CAJON,90B,7,4,7,7
2022-02,EL CAJON,90C,23,23,23,23
2022-02,EL CAJON,90D,10,10,10,10
2022-02,EL CAJON,90J,1,1,1,1
2022-02,EL CAJON,90Z,13,12,12,12
2022-02,ESCONDIDO,90C,42,42,42,42
2022-02,ESCONDIDO,90D,38,38,38,38
2022-02,ESCONDIDO,90G,4,4,4,4
2022-02,ESCONDIDO,90J,1,1,1,1
2022-02,ESCONDIDO,90Z,37,35,37,37
2022-02,HARBOR POLICE,90C,6,6,6,6
2022-02,HARBOR POLICE,90D,1,1,1,1
2022-02,HARBOR POLICE,90G,1,1,1,1
2022-02,HARBOR POLICE,90J,1,1,1,1
2022-02,HARBOR POLICE,90Z,8,8,8,8
2022-02,LA MESA,90C,8,8,8,8
2022-02,LA MESA,90D,9,9,9,9
2022-02,LA MESA,90Z,4,4,4,4
2022-02,NATIONAL CITY,90C,7,6,7,7
2022-02,NATIONAL CITY,90D,10,10,10,10
2022-02,NATIONAL CITY,90Z,6,6,6,6
2022-02,OCEANSIDE,90C,26,26,26,26
2022-02,OCEANSIDE,90D,27,27,27,27
2022-02,OCEANSIDE,90J,3,2,3,3
2022-02,OCEANSIDE,90Z,13,13,13,13
2022-02,SAN DIEGO,90B,10,10,10,10
2022-02,SAN DIEGO,90C,213,212,213,213
2022-02,SAN DIEGO,90D,120,120,120,120
2022-02,SAN DIEGO,90J,19,16,19,19
2022-02,SAN DIEGO,90Z,234,231,234,234
2022-02,SHERIFF,90B,2,2,2,2
2022-02,SHERIFF,90C,101,98,101,101
2022-02,SHERIFF,90D,69,69,69,69
2022-02,SHERIFF,90G,3,3,3,3
2022-02,SHERIFF,90J,9,9,9,9
2022-02,SHERIFF,90Z,164,162,163,163
2022-03,CARLSBAD,90C,27,27,27,27
2022-03,CARLSBAD,90D,23,23,23,23
2022-03,CARLSBAD,90J,2,2,2,2
2022-03,CARLSBAD,90Z,13,13,13,13
2022-03,CHULA VISTA,90C,4,4,4,4
2022-03,CHULA VISTA,90D,33,33,33,33
2022-03,CHULA VISTA,90G,3,3,3,3
2022-03,CHULA VISTA,90J,2,2,2,2
2022-03,CHULA VISTA,90Z,26,26,26,26
2022-03,EL CAJON,90B,10,7,10,10
2022-03,EL CAJON,90C,31,30,31,31
2022-03,EL CAJON,90D,3,3,3,3
2022-03,EL CAJON,90Z,24,24,24,24
2022-03,ESCONDIDO,90C,52,52,52,52
2022-03,ESCONDIDO,90D,56,56,56,56
2022-03,ESCONDIDO,90G,3,3,3,3
2022-03,ESCONDIDO,90J,1,1,1,1
2022-03,ESCONDIDO,90Z,42,41,42,42
2022-03,HARBOR POLICE,90C,9,9,9,9
2022-03,HARBOR POLICE,90D,2,2,2,2
2022-03,HARBOR POLICE,90G,1,1,1,1
2022-03,HARBOR POLICE,90J,3,3,3,3
2022-03,HARBOR POLICE,90Z,5,5,5,5
2022-03,LA MESA,90C,11,11,11,11
2022-03,LA MESA,90D,13,13,13,13
2022-03,LA MESA,90J,1,1,1,1
2022-03,LA MESA,90Z,6,6,6,6
2022-03,NATIONAL CITY,90C,8,8,8,8
2022-03,NATIONAL CITY,90D,18,18,18,18
2022-03,NATIONAL CITY,90Z,9,8,8,8
2022-03,OCEANSIDE,90C,37,36,37,37
2022-03,OCEANSIDE,90D,29,29,29,29
2022-03,OCEANSIDE,90J,6,4,6,6
2022-03,OCEANSIDE,90Z,21,21,21,21
2022-03,SAN DIEGO,90B,27,27,27,27
2022-03,SAN DIEGO,90C,275,274,275,275
2022-03,SAN DIEGO,90D,115,115,115,115
2022-03,SAN DIEGO,90J,35,25,35,35
2022-03,SAN DIEGO,90Z,348,344,346,346
2022-03,SHERIFF,90B,1,1,1,1
2022-03,SHERIFF,90C,116,113,115,115
2022-03,SHERIFF,90D,88,88,88,88
2022-03,SHERIFF,90G,6,2,6,6
2022-03,SHERIFF,90J,8,8,8,8
2022-03,SHERIFF,90Z,208,206,208,208
2022-04,CARLSBAD,90C,25,25,25,25
2022-04,CARLSBAD,90D,32,32,32,32
2022-04,CARLSBAD,90J,3,3,3,3
2022-04,CARLSBAD,90Z,8,8,8,8
2022-04,CHULA VISTA,90C,7,7,7,7
2022-04,CHULA VISTA,90D,32,32,32,32
2022-04,CHULA VISTA,90G,2,2,2,2
2022-04,CHULA VISTA,90J,6,5,6,6
2022-04,CHULA VISTA,90Z,24,24,24,24
2022-04,EL CAJON,90B,6,3,6,6
2022-04,EL CAJON,90C,32,31,32,32
2022-04,EL CAJON,90D,8,8,8,8
2022-04,EL CAJON,90Z,29,29,29,29
2022-04,ESCONDIDO,90C,40,39,40,40
2022-04,ESCONDIDO,90D,37,37,37,37
2022-04,ESCONDIDO,90G,3,3,3,3
2022-04,ESCONDIDO,90Z,48,48,48,48
2022-04,HARBOR POLICE,90C,7,7,7,7
2022-04,HARBOR POLICE,90D,2,2,2,2
2022-04,HARBOR POLICE,90Z,6,6,6,6
2022-04,LA MESA,90B,2,1,2,2
2022-04,LA MESA,90C,10,10,10,10
2022-04,LA MESA,90D,5,5,5,5
2022-04,LA MESA,90J,1,1,1,1
2022-04,LA MESA,90Z,9,9,9,9
2022-04,NATIONAL CITY,90C,16,16,16,16
2022-04,NATIONAL CITY,90D,9,9,9,9
2022-04,NATIONAL CITY,90G,1,1,1,1
2022-04,NATIONAL CITY,90Z,6,6,6,6
2022-04,OCEANSIDE,90B,2,2,2,2
2022-04,OCEANSIDE,90C,54,54,54,54
2022-04,OCEANSIDE,90D,33,33,33,33
2022-04,OCEANSIDE,90J,3,3,3,3
2022-04,OCEANSIDE,90Z,22,22,22,22
2022-04,SAN DIEGO,90B,31,23,31,31
2022-04,SAN DIEGO,90C,239,235,238,238
2022-04,SAN DIEGO,90D,115,115,115,115
2022-04,SAN DIEGO,90J,17,16,17,17
2022-04,SAN DIEGO,90Z,334,331,334,334
2022-04,SHERIFF,90B,1,1,1,1
2022-04,SHERIFF,90C,121,118,121,121
2022-04,SHERIFF,90D,67,67,67,67
2022-04,SHERIFF,90G,3,3,3,3
2022-04,SHERIFF,90J,10,9,10,10
2022-04,SHERIFF,90Z,208,205,208,208
2022-05,CARLSBAD,90C,30,30,30,30
2022-05,CARLSBAD,90D,36,35,36,36
2022-05,CARLSBAD,90J,1,1,1,1
2022-05,CARLSBAD,90Z,3,3,3,3
2022-05,CHULA VISTA,90C,16,16,16,16
2022-05,CHULA VISTA,90D,30,30,30,30
2022-05,CHULA VISTA,90G,1,1,1,1
2022-05,CHULA VISTA,90Z,25,25,25,25
2022-05,EL CAJON,90C,17,17,17,17
2022-05,EL CAJON,90D,8,8,8,8
2022-05,EL CAJON,90Z,21,20,20,20
2022-05,ESCONDIDO,90C,39,38,39,39
2022-05,ESCONDIDO,90D,49,49,49,49
2022-05,ESCONDIDO,90G,1,1,1,1
2022-05,ESCONDIDO,90Z,38,38,38,38
2022-05,HARBOR POLICE,90C,7,7,7,7
2022-05,HARBOR POLICE,90D,3,3,3,3
2022-05,HARBOR POLICE,90J,1,1,1,1
2022-05,HARBOR POLICE,90Z,4,4,4,4
2022-05,LA MESA,90B,1,1,1,1
2022-05,LA MESA,90C,9,9,9,9
2022-05,LA MESA,90D,7,7,7,7
2022-05,LA MESA,90Z,5,5,5,5
2022-05,NATIONAL CITY,90C,11,11,11,11
2022-05,NATIONAL CITY,90D,9,9,9,9
2022-05,NATIONAL CITY,90G,1,1,1,1
2022-05,NATIONAL CITY,90J,1,1,1,1
2022-05,NATIONAL CITY,90Z,5,5,5,5
2022-05,OCEANSIDE,90C,48,48,48,48
2022-05,OCEANSIDE,90D,29,29,29,29
2022-05,OCEANSIDE,90J,1,1,1,1
2022-05,OCEANSIDE,90Z,20,20,20,20
2022-05,SAN DIEGO,90B,34,30,34,34
2022-05,SAN DIEGO,90C,226,224,226,226
2022-05,SAN DIEGO,90D,112,111,112,112
2022-05,SAN DIEGO,90J,16,16,16,16
2022-05,SAN DIEGO,90Z,321,317,321,321
2022-05,SHERIFF,90B,2,2,2,2
2022-05,SHERIFF,90C,88,83,88,88
2022-05,SHERIFF,90D,86,86,86,86
2022-05,SHERIFF,90G,4,2,4,4
2022-05,SHERIFF,90J,8,6,8,8
2022-05,SHERIFF,90Z,211,211,211,211
2022-06,CARLSBAD,90C,25,25,25,25
2022-06,CARLSBAD,90D,29,29,29,29
2022-06,CARLSBAD,90J,3,2,3,3
2022-06,CARLSBAD,90Z,5,5,5,5
2022-06,CHULA VISTA,90B,2,1,2,2
2022-06,CHULA VISTA,90C,5,5,5,5
2022-06,CHULA VISTA,90D,27,27,27,27
2022-06,CHULA VISTA,90G,1,1,1,1
2022-06,CHULA VISTA,90J,2,2,2,2
2022-06,CHULA VISTA,90Z,25,22,25,25
2022-06,EL CAJON,90B,8,3,8,8
2022-06,EL CAJON,90C,26,26,26,26
2022-06,EL CAJON,90D,12,12,12,12
2022-06,EL CAJON,90Z,25,25,25,25
2022-06,ESCONDIDO,90C,49,48,49,49
2022-06,ESCONDIDO,90D,60,60,60,60
2022-06,ESCONDIDO,90G,3,1,3,3
2022-06,ESCONDIDO,90J,3,1,3,3
2022-06,ESCONDIDO,90Z,37,37,37,37
2022-06,HARBOR POLICE,90C,5,5,5,5
2022-06,HARBOR POLICE,90D,1,1,1,1
2022-06,HARBOR POLICE,90Z,4,4,4,4
2022-06,LA MESA,90B,1,1,1,1
2022-06,LA MESA,90C,19,19,19,19
2022-06,LA MESA,90D,8,8,8,8
2022-06,LA MESA,90Z,8,8,8,8
2022-06,NATIONAL CITY,90C,9,9,9,9
2022-06,NATIONAL CITY,90D,8,8,8,8
2022-06,NATIONAL CITY,90Z,2,2,2,2
2022-06,OCEANSIDE,90C,52,52,52,52
2022-06,OCEANSIDE,90D,24,24,24,24
2022-06,OCEANSIDE,90J,3,3,3,3
2022-06,OCEANSIDE,90Z,18,18,18,18
2022-06,SAN DIEGO,90B,16,3,16,16
2022-06,SAN DIEGO,90C,162,161,162,162
2022-06,SAN DIEGO,90D,108,108,108,108
2022-06,SAN DIEGO,90J,13,13,13,13
2022-06,SAN DIEGO,90Z,335,327,333,333
2022-06,SHERIFF,90C,105,104,105,105
2022-06,SHERIFF,90D,71,70,71,71
2022-06,SHERIFF,90G,7,2,7,7
2022-06,SHERIFF,90J,6,5,6,6
2022-06,SHERIFF,90Z,184,183,184,184
2022-07,CARLSBAD,90C,16,15,16,16
2022-07,CARLSBAD,90D,38,38,38,38
2022-07,CARLSBAD,90J,1,1,1,1
2022-07,CARLSBAD,90Z,6,6,6,6
2022-07,CHULA VISTA,90C,11,11,11,11
2022-07,CHULA VISTA,90D,27,26,27,27
2022-07,CHULA VISTA,90G,1,1,1,1
2022-07,CHULA VISTA,90J,1,1,1,1
2022-07,CHULA VISTA,90Z,30,30,30,30
2022-07,EL CAJON,90B,9,7,9,9
2022-07,EL CAJON,90C,19,19,19,19
2022-07,EL CAJON,90D,7,7,7,7
2022-07,EL CAJON,90Z,19,19,19,19
2022-07,ESCONDIDO,90C,44,44,44,44
2022-07,ESCONDIDO,90D,42,42,42,42
2022-07,ESCONDIDO,90J,1,1,1,1
2022-07,ESCONDIDO,90Z,38,38,38,38
2022-07,HARBOR POLICE,90C,15,15,15,15
2022-07,HARBOR POLICE,90D,3,3,3,3
2022-07,HARBOR POLICE,90J,2,2,2,2
2022-07,HARBOR POLICE,90Z,12,12,12,12
2022-07,LA MESA,90B,1,1,1,1
2022-07,LA MESA,90C,12,12,12,12
2022-07,LA MESA,90D,8,8,8,8
2022-07,LA MESA,90G,3,3,3,3
2022-07,LA MESA,90Z,8,8,8,8
2022-07,NATIONAL CITY,90C,18,18,18,18
2022-07,NATIONAL CITY,90D,10,10,10,10
2022-07,NATIONAL CITY,90Z,10,10,10,10
2022-07,OCEANSIDE,90B,7,4,7,7
2022-07,OCEANSIDE,90C,39,39,39,39
2022-07,OCEANSIDE,90D,30,30,30,30
2022-07,OCEANSIDE,90G,3,1,3,3
2022-07,OCEANSIDE,90J,4,3,4,4
2022-07,OCEANSIDE,90Z,27,27,27,27
2022-07,SAN DIEGO,90B,4,3,4,4
2022-07,SAN DIEGO,90C,209,205,209,209
2022-07,SAN DIEGO,90D,100,100,100,100
2022-07,SAN DIEGO,90G,1,1,1,1
2022-07,SAN DIEGO,90J,30,27,30,30
2022-07,SAN DIEGO,90Z,334,331,333,333
2022-07,SHERIFF,90C,123,118,122,122
2022-07,SHERIFF,90D,75,75,75,75
2022-07,SHERIFF,90G,1,1,1,1
2022-07,SHERIFF,90J,12,12,12,12
2022-07,SHERIFF,90Z,194,193,194,194
2022-08,CARLSBAD,90C,23,21,23,23
2022-08,CARLSBAD,90D,21,21,21,21
2022-08,CARLSBAD,90J,3,3,3,3
2022-08,CARLSBAD,90Z,7,7,7,7
2022-08,CHULA VISTA,90C,4,4,4,4
2022-08,CHULA VISTA,90D,24,24,24,24
2022-08,CHULA VISTA,90G,4,4,4,4
2022-08,CHULA VISTA,90J,1,1,1,1
2022-08,CHULA VISTA,90Z,28,28,28,28
2022-08,EL CAJON,90B,16,9,16,16
2022-08,EL CAJON,90C,37,37,37,37
2022-08,EL CAJON,90D,21,21,21,21
2022-08,EL CAJON,90J,4,3,4,4
2022-08,EL CAJON,90Z,32,32,32,32
2022-08,ESCONDIDO,90C,47,47,47,47
2022-08,ESCONDIDO,90D,46,46,46,46
2022-08,ESCONDIDO,90G,4,2,4,4
2022-08,ESCONDIDO,90J,4,4,4,4
2022-08,ESCONDIDO,90Z,55,55,55,55
2022-08,HARBOR POLICE,90C,12,12,12,12
2022-08,HARBOR POLICE,90D,3,3,3,3
2022-08,HARBOR POLICE,90G,1,1,1,1
2022-08,HARBOR POLICE,90J,2,2,2,2
2022-08,HARBOR POLICE,90Z,8,8,8,8
2022-08,LA MESA,90C,8,8,8,8
2022-08,LA MESA,90D,11,11,11,11
2022-08,LA MESA,90G,1,1,1,1
2022-08,LA MESA,90J,1,1,1,1
2022-08,LA MESA,90Z,8,8,8,8
2022-08,NATIONAL CITY,90C,10,9,10,10
2022-08,NATIONAL CITY,90D,12,12,12,12
2022-08,NATIONAL CITY,90Z,4,4,4,4
2022-08,OCEANSIDE,90B,3,2,3,3
2022-08,OCEANSIDE,90C,54,54,54,54
2022-08,OCEANSIDE,90D,38,38,38,38
2022-08,OCEANSIDE,90J,3,3,3,3
2022-08,OCEANSIDE,90Z,20,20,20,20
2022-08,SAN DIEGO,90B,11,11,11,11
2022-08,SAN DIEGO,90C,170,167,170,170
2022-08,SAN DIEGO,90D,103,103,103,103
2022-08,SAN DIEGO,90G,3,2,3,3
2022-08,SAN DIEGO,90J,18,16,18,18
2022-08,SAN DIEGO,90Z,342,337,341,341
2022-08,SHERIFF,90B,1,1,1,1
2022-08,SHERIFF,90C,95,93,95,95
2022-08,SHERIFF,90D,79,79,79,79
2022-08,SHERIFF,90J,12,10,12,12
2022-08,SHERIFF,90Z,240,237,240,240
2022-09,CARLSBAD,90C,17,17,17,17
2022-09,CARLSBAD,90D,18,18,18,18
2022-09,CARLSBAD,90G,2,1,2,2
2022-09,CARLSBAD,90J,4,3,4,4
2022-09,CARLSBAD,90Z,11,11,11,11
2022-09,CHULA VISTA,90C,13,12,13,13
2022-09,CHULA VISTA,90D,22,22,22,22
2022-09,CHULA VISTA,90G,27,13,25,25
2022-09,CHULA VISTA,90J,4,4,4,4
2022-09,CHULA VISTA,90Z,29,29,29,29
2022-09,EL CAJON,90B,11,4,11,11
2022-09,EL CAJON,90C,24,23,24,24
2022-09,EL CAJON,90D,23,23,23,23
2022-09,EL CAJON,90Z,27,26,27,27
2022-09,ESCONDIDO,90B,4,4,4,4
2022-09,ESCONDIDO,90C,63,61,63,63
2022-09,ESCONDIDO,90D,39,39,39,39
2022-09,ESCONDIDO,90J,1,1,1,1
2022-09,ESCONDIDO,90Z,46,46,46,46
2022-09,HARBOR POLICE,90C,12,12,12,12
2022-09,HARBOR POLICE,90J,2,2,2,2
2022-09,HARBOR POLICE,90Z,10,10,10,10
2022-09,LA MESA,90B,2,2,2,2
2022-09,LA MESA,90C,16,16,16,16
2022-09,LA MESA,90D,8,8,8,8
2022-09,LA MESA,90Z,7,7,7,7
2022-09,NATIONAL CITY,90C,13,13,13,13
2022-09,NATIONAL CITY,90D,16,16,16,16
2022-09,NATIONAL CITY,90J,1,1,1,1
2022-09,NATIONAL CITY,90Z,6,6,6,6
2022-09,OCEANSIDE,90B,1,1,1,1
2022-09,OCEANSIDE,90C,45,45,45,45
2022-09,OCEANSIDE,90D,23,23,23,23
2022-09,OCEANSIDE,90Z,21,21,21,21
2022-09,SAN DIEGO,90B,10,8,10,10
2022-09,SAN DIEGO,90C,185,182,185,185
2022-09,SAN DIEGO,90D,118,117,118,118
2022-09,SAN DIEGO,90J,19,17,19,19
2022-09,SAN DIEGO,90Z,311,309,310,310
2022-09,SHERIFF,90B,2,2,2,2
2022-09,SHERIFF,90C,106,102,106,106
2022-09,SHERIFF,90D,79,79,79,79
2022-09,SHERIFF,90G,7,3,6,6
2022-09,SHERIFF,90J,5,5,5,5
2022-09,SHERIFF,90Z,199,199,199,199
2022-10,CARLSBAD,90C,18,17,18,18
2022-10,CARLSBAD,90D,25,24,25,25
2022-10,CARLSBAD,90G,2,1,1,1
2022-10,CARLSBAD,90Z,5,5,5,5
2022-10,CHULA VISTA,90C,16,16,16,16
2022-10,CHULA VISTA,90D,23,23,23,23
2022-10,CHULA VISTA,90Z,26,26,26,26
2022-10,EL CAJON,90B,30,15,30,30
2022-10,EL CAJON,90C,28,28,28,28
2022-10,EL CAJON,90D,9,9,9,9
2022-10,EL CAJON,90Z,31,31,31,31
2022-10,ESCONDIDO,90B,1,1,1,1
2022-10,ESCONDIDO,90C,53,51,53,53
2022-10,ESCONDIDO,90D,54,54,54,54
2022-10,ESCONDIDO,90J,2,2,2,2
2022-10,ESCONDIDO,90Z,53,53,53,53
2022-10,HARBOR POLICE,90C,18,18,18,18
2022-10,HARBOR POLICE,90D,2,2,2,2
2022-10,HARBOR POLICE,90J,2,2,2,2
2022-10,HARBOR POLICE,90Z,5,5,5,5
2022-10,LA MESA,90C,12,12,12,12
2022-10,LA MESA,90D,7,7,7,7
2022-10,LA MESA,90J,2,2,2,2
2022-10,LA MESA,90Z,7,7,7,7
2022-10,NATIONAL CITY,90C,12,12,12,12
2022-10,NATIONAL CITY,90D,14,14,14,14
2022-10,NATIONAL CITY,90J,1,1,1,1
2022-10,NATIONAL CITY,90Z,7,6,7,7
2022-10,OCEANSIDE,90B,2,2,2,2
2022-10,OCEANSIDE,90C,34,34,34,34
2022-10,OCEANSIDE,90D,29,29,29,29
2022-10,OCEANSIDE,90J,1,1,1,1
2022-10,OCEANSIDE,90Z,14,14,14,14
2022-10,SAN DIEGO,90B,5,5,5,5
2022-10,SAN DIEGO,90C,203,202,203,203
2022-10,SAN DIEGO,90D,131,131,131,131
2022-10,SAN DIEGO,90J,15,15,15,15
2022-10,SAN DIEGO,90Z,287,280,286,286
2022-10,SHERIFF,90C,93,87,93,93
2022-10,SHERIFF,90D,85,85,85,85
2022-10,SHERIFF,90G,3,3,3,3
2022-10,SHERIFF,90J,13,12,13,13
2022-10,SHERIFF,90Z,245,245,245,245
2022-11,CARLSBAD,90C,15,15,15,15
2022-11,CARLSBAD,90D,31,31,31,31
2022-11,CARLSBAD,90G,3,2,3,3
2022-11,CARLSBAD,90J,1,1,1,1
2022-11,CARLSBAD,90Z,13,13,13,13
2022-11,CHULA VISTA,90C,10,10,10,10
2022-11,CHULA VISTA,90D,20,20,20,20
2022-11,CHULA VISTA,90G,5,1,3,3
2022-11,CHULA VISTA,90J,2,2,2,2
2022-11,CHULA VISTA,90Z,23,23,23,23
2022-11,EL CAJON,90B,36,17,36,36
2022-11,EL CAJON,90C,26,26,26,26
2022-11,EL CAJON,90D,9,9,9,9
2022-11,EL CAJON,90J,1,1,1,1
2022-11,EL CAJON,90Z,20,19,20,20
2022-11,ESCONDIDO,90C,51,51,51,51
2022-11,ESCONDIDO,90D,50,50,50,50
2022-11,ESCONDIDO,90Z,47,47,47,47
2022-11,HARBOR POLICE,90C,6,6,6,6
2022-11,HARBOR POLICE,90D,5,5,5,5
2022-11,HARBOR POLICE,90Z,7,7,7,7
2022-11,LA MESA,90B,1,1,1,1
2022-11,LA MESA,90C,8,8,8,8
2022-11,LA MESA,90D,11,11,11,11
2022-11,LA MESA,90J,3,3,3,3
2022-11,LA MESA,90Z,8,8,8,8
2022-11,NATIONAL CITY,90C,5,5,5,5
2022-11,NATIONAL CITY,90D,17,17,17,17
2022-11,NATIONAL CITY,90G,1,1,1,1
2022-11,NATIONAL CITY,90Z,5,5,5,5
2022-11,OCEANSIDE,90B,1,1,1,1
2022-11,OCEANSIDE,90C,41,41,41,41
2022-11,OCEANSIDE,90D,37,37,37,37
2022-11,OCEANSIDE,90J,3,3,3,3
2022-11,OCEANSIDE,90Z,8,8,8,8
2022-11,SAN DIEGO,90B,10,9,10,10
2022-11,SAN DIEGO,90C,167,164,167,167
2022-11,SAN DIEGO,90D,101,101,101,101
2022-11,SAN DIEGO,90G,5,2,4,4
2022-11,SAN DIEGO,90J,16,16,16,16
2022-11,SAN DIEGO,90Z,275,273,274,274
2022-11,SHERIFF,90B,2,2,2,2
2022-11,SHERIFF,90C,99,98,99,99
2022-11,SHERIFF,90D,77,77,77,77
2022-11,SHERIFF,90G,2,2,2,2
2022-11,SHERIFF,90J,7,7,7,7
2022-11,SHERIFF,90Z,210,209,209,209
2022-12,CARLSBAD,90C,14,14,14,14
2022-12,CARLSBAD,90D,32,32,32,32
2022-12,CARLSBAD,90G,4,2,4,4
2022-12,CARLSBAD,90J,1,1,1,1
2022-12,CARLSBAD,90Z,12,12,12,12
2022-12,CHULA VISTA,90C,14,14,14,14
2022-12,CHULA VISTA,90D,37,37,37,37
2022-12,CHULA VISTA,90J,2,2,2,2
2022-12,CHULA VISTA,90Z,19,19,19,19
2022-12,EL CAJON,90B,12,5,12,12
2022-12,EL CAJON,90C,30,30,30,30
2022-12,EL CAJON,90D,16,16,16,16
2022-12,EL CAJON,90Z,21,21,21,21
2022-12,ESCONDIDO,90B,2,2,2,2
2022-12,ESCONDIDO,90C,51,50,51,51
2022-12,ESCONDIDO,90D,33,33,33,33
2022-12,ESCONDIDO,90J,1,1,1,1
2022-12,ESCONDIDO,90Z,33,33,33,33
2022-12,HARBOR POLICE,90C,8,8,8,8
2022-12,HARBOR POLICE,90D,10,10,10,10
2022-12,HARBOR POLICE,90J,3,3,3,3
2022-12,HARBOR POLICE,90Z,6,6,6,6
2022-12,LA MESA,90C,18,17,18,18
2022-12,LA MESA,90D,14,14,14,14
2022-12,LA MESA,90J,1,1,1,1
2022-12,LA MESA,90Z,12,12,12,12
2022-12,NATIONAL CITY,90C,7,7,7,7
2022-12,NATIONAL CITY,90D,21,21,21,21
2022-12,NATIONAL CITY,90Z,4,4,4,4
2022-12,OCEANSIDE,90C,30,30,30,30
2022-12,OCEANSIDE,90D,36,36,36,36
2022-12,OCEANSIDE,90J,1,1,1,1
2022-12,OCEANSIDE,90Z,20,19,20,20
2022-12,SAN DIEGO,90B,7,7,7,7
2022-12,SAN DIEGO,90C,160,159,160,160
2022-12,SAN DIEGO,90D,115,115,115,115
2022-12,SAN DIEGO,90G,2,2,2,2
2022-12,SAN DIEGO,90J,23,20,23,23
2022-12,SAN DIEGO,90Z,251,249,250,250
2022-12,SHERIFF,90B,1,1,1,1
2022-12,SHERIFF,90C,94,93,94,94
2022-12,SHERIFF,90D,98,98,98,98
2022-12,SHERIFF,90G,6,2,6,6
2022-12,SHERIFF,90J,5,5,5,5
2022-12,SHERIFF,90Z,214,212,214,214
2023-01,CARLSBAD,90C,16,14,16,16
2023-01,CARLSBAD,90D,21,21,21,21
2023-01,CARLSBAD,90J,2,1,2,2
2023-01,CARLSBAD,90Z,8,8,8,8
2023-01,CHULA VISTA,90C,11,11,11,11
2023-01,CHULA VISTA,90D,39,39,39,39
2023-01,CHULA VISTA,90J,2,1,2,2
2023-01,CHULA VISTA,90Z,32,32,32,32
2023-01,EL CAJON,90B,4,1,4,4
2023-01,EL CAJON,90C,19,19,19,19
2023-01,EL CAJON,90D,10,10,10,10
2023-01,EL CAJON,90J,2,2,2,2
2023-01,EL CAJON,90Z,32,30,32,32
2023-01,ESCONDIDO,90B,3,2,3,3
2023-01,ESCONDIDO,90C,55,55,55,55
2023-01,ESCONDIDO,90D,40,40,40,40
2023-01,ESCONDIDO,90J,1,1,1,1
2023-01,ESCONDIDO,90Z,31,31,31,31
2023-01,HARBOR POLICE,90C,13,13,13,13
2023-01,HARBOR POLICE,90D,3,3,3,3
2023-01,HARBOR POLICE,90J,3,3,3,3
2023-01,HARBOR POLICE,90Z,11,11,11,11
2023-01,LA MESA,90B,2,2,2,2
2023-01,LA MESA,90C,17,16,17,17
2023-01,LA MESA,90D,9,9,9,9
2023-01,LA MESA,90Z,11,11,11,11
2023-01,NATIONAL CITY,90C,5,5,5,5
2023-01,NATIONAL CITY,90D,12,12,12,12
2023-01,NATIONAL CITY,90Z,10,10,10,10
2023-01,OCEANSIDE,90C,28,28,28,28
2023-01,OCEANSIDE,90D,33,33,33,33
2023-01,OCEANSIDE,90J,4,4,4,4
2023-01,OCEANSIDE,90Z,11,11,11,11
2023-01,SAN DIEGO,90B,18,17,18,18
2023-01,SAN DIEGO,90C,172,169,172,172
2023-01,SAN DIEGO,90D,118,118,118,118
2023-01,SAN DIEGO,90J,21,20,21,21
2023-01,SAN DIEGO,90Z,292,283,290,290
2023-01,SHERIFF,90B,6,4,6,6
2023-01,SHERIFF,90C,65,64,65,65
2023-01,SHERIFF,90D,76,76,76,76
2023-01,SHERIFF,90F,1,1,1,1
2023-01,SHERIFF,90G,3,3,3,3
2023-01,SHERIFF,90J,10,8,10,10
2023-01,SHERIFF,90Z,229,227,228,228
2023-02,CARLSBAD,90C,11,11,11,11
2023-02,CARLSBAD,90D,20,20,20,20
2023-02,CARLSBAD,90J,6,3,6,6
2023-02,CARLSBAD,90Z,14,13,14,14
2023-02,CHULA VISTA,90C,7,7,7,7
2023-02,CHULA VISTA,90D,32,32,32,32
2023-02,CHULA VISTA,90G,6,3,6,6
2023-02,CHULA VISTA,90J,3,3,3,3
2023-02,CHULA VISTA,90Z,21,21,21,21
2023-02,EL CAJON,90B,3,3,3,3
2023-02,EL CAJON,90C,13,13,13,13
2023-02,EL CAJON,90D,8,8,8,8
2023-02,EL CAJON,90Z,23,23,23,23
2023-02,ESCONDIDO,90C,46,45,46,46
2023-02,ESCONDIDO,90D,38,38,38,38
2023-02,ESCONDIDO,90G,3,3,3,3
2023-02,ESCONDIDO,90J,5,5,5,5
2023-02,ESCONDIDO,90Z,45,45,45,45
2023-02,HARBOR POLICE,90C,12,12,12,12
2023-02,HARBOR POLICE,90D,3,3,3,3
2023-02,HARBOR POLICE,90J,1,1,1,1
2023-02,HARBOR POLICE,90Z,8,8,8,8
2023-02,LA MESA,90B,2,1,2,2
2023-02,LA MESA,90C,22,22,22,22
2023-02,LA MESA,90D,17,17,17,17
2023-02,LA MESA,90J,2,2,2,2
2023-02,LA MESA,90Z,11,11,11,11
2023-02,NATIONAL CITY,90C,7,7,7,7
2023-02,NATIONAL CITY,90D,12,12,12,12
2023-02,NATIONAL CITY,90Z,6,6,6,6
2023-02,OCEANSIDE,90C,27,27,27,27
2023-02,OCEANSIDE,90D,29,29,29,29
2023-02,OCEANSIDE,90Z,21,21,21,21
2023-02,SAN DIEGO,90B,12,12,12,12
2023-02,SAN DIEGO,90C,161,159,161,161
2023-02,SAN DIEGO,90D,118,118,118,118
2023-02,SAN DIEGO,90G,1,1,1,1
2023-02,SAN DIEGO,90J,20,18,20,20
2023-02,SAN DIEGO,90Z,265,262,264,264
2023-02,SHERIFF,90C,90,83,89,89
2023-02,SHERIFF,90D,92,92,92,92
2023-02,SHERIFF,90J,13,9,13,13
2023-02,SHERIFF,90Z,174,172,174,174
2023-03,CARLSBAD,90C,16,16,16,16
2023-03,CARLSBAD,90D,21,21,21,21
2023-03,CARLSBAD,90J,4,3,4,4
2023-03,CARLSBAD,90Z,5,5,5,5
2023-03,CHULA VISTA,90C,7,7,7,7
2023-03,CHULA VISTA,90D,42,42,42,42
2023-03,CHULA VISTA,90J,8,2,8,8
2023-03,CHULA VISTA,90Z,27,27,27,27
2023-03,EL CAJON,90B,32,14,32,32
2023-03,EL CAJON,90C,25,25,25,25
2023-03,EL CAJON,90D,9,9,9,9
2023-03,EL CAJON,90G,1,1,1,1
2023-03,EL CAJON,90Z,29,29,29,29
2023-03,ESCONDIDO,90B,1,1,1,1
2023-03,ESCONDIDO,90C,49,48,49,49
2023-03,ESCONDIDO,90D,26,26,26,26
2023-03,ESCONDIDO,90G,1,1,1,1
2023-03,ESCONDIDO,90Z,34,34,34,34
2023-03,HARBOR POLICE,90C,10,10,10,10
2023-03,HARBOR POLICE,90D,2,2,2,2
2023-03,HARBOR POLICE,90Z,4,4,4,4
2023-03,LA MESA,90B,2,1,2,2
2023-03,LA MESA,90C,12,12,12,12
2023-03,LA MESA,90D,13,13,13,13
2023-03,LA MESA,90Z,17,17,17,17
2023-03,NATIONAL CITY,90C,9,9,9,9
2023-03,NATIONAL CITY,90D,17,17,17,17
2023-03,NATIONAL CITY,90G,2,2,2,2
2023-03,NATIONAL CITY,90J,1,1,1,1
2023-03,NATIONAL CITY,90Z,11,11,11,11
2023-03,OCEANSIDE,90B,1,1,1,1
2023-03,OCEANSIDE,90C,31,31,31,31
2023-03,OCEANSIDE,90D,37,37,37,37
2023-03,OCEANSIDE,90J,2,2,2,2
2023-03,OCEANSIDE,90Z,23,23,23,23
2023-03,SAN DIEGO,90B,8,7,8,8
2023-03,SAN DIEGO,90C,167,165,167,167
2023-03,SAN DIEGO,90D,130,130,130,130
2023-03,SAN DIEGO,90G,2,2,2,2
2023-03,SAN DIEGO,90J,19,13,19,19
2023-03,SAN DIEGO,90Z,286,285,286,286
2023-03,SHERIFF,90C,109,104,109,109
2023-03,SHERIFF,90D,82,82,82,82
2023-03,SHERIFF,90G,1,1,1,1
2023-03,SHERIFF,90J,9,9,9,9
2023-03,SHERIFF,90Z,241,238,241,241
2023-04,CARLSBAD,90C,17,17,17,17
2023-04,CARLSBAD,90D,10,10,10,10
2023-04,CARLSBAD,90J,5,1,5,5
2023-04,CARLSBAD,90Z,11,10,11,11
2023-04,CHULA VISTA,90C,7,7,7,7
2023-04,CHULA VISTA,90D,28,28,28,28
2023-04,CHULA VISTA,90J,1,1,1,1
2023-04,CHULA VISTA,90Z,27,26,26,26
2023-04,EL CAJON,90B,26,12,26,26
2023-04,EL CAJON,90C,23,23,23,23
2023-04,EL CAJON,90D,9,9,9,9
2023-04,EL CAJON,90Z,19,17,18,18
2023-04,ESCONDIDO,90C,55,54,55,55
2023-04,ESCONDIDO,90D,36,36,36,36
2023-04,ESCONDIDO,90J,3,2,3,3
2023-04,ESCONDIDO,90Z,35,34,35,35
2023-04,HARBOR POLICE,90C,8,8,8,8
2023-04,HARBOR POLICE,90D,1,1,1,1
2023-04,HARBOR POLICE,90J,1,1,1,1
2023-04,HARBOR POLICE,90Z,8,8,8,8
2023-04,LA MESA,90B,1,1,1,1
2023-04,LA MESA,90C,10,10,10,10
2023-04,LA MESA,90D,9,9,9,9
2023-04,LA MESA,90Z,9,9,9,9
2023-04,NATIONAL CITY,90B,1,1,1,1
2023-04,NATIONAL CITY,90C,8,8,8,8
2023-04,NATIONAL CITY,90D,3,3,3,3
2023-04,NATIONAL CITY,90Z,10,10,10,10
2023-04,OCEANSIDE,90C,44,43,44,44
2023-04,OCEANSIDE,90D,33,33,33,33
2023-04,OCEANSIDE,90J,3,3,3,3
2023-04,OCEANSIDE,90Z,15,15,15,15
2023-04,SAN DIEGO,90B,9,8,9,9
2023-04,SAN DIEGO,90C,185,184,185,185
2023-04,SAN DIEGO,90D,126,126,126,126
2023-04,SAN DIEGO,90G,6,6,6,6
2023-04,SAN DIEGO,90J,18,18,18,18
2023-04,SAN DIEGO,90Z,266,264,266,266
2023-04,SHERIFF,90B,3,3,3,3
2023-04,SHERIFF,90C,92,90,92,92
2023-04,SHERIFF,90D,80,80,80,80
2023-04,SHERIFF,90G,1,1,1,1
2023-04,SHERIFF,90J,7,6,7,7
2023-04,SHERIFF,90Z,221,219,221,221
2023-05,CARLSBAD,90C,14,14,14,14
2023-05,CARLSBAD,90D,17,17,17,17
2023-05,CARLSBAD,90G,1,1,1,1
2023-05,CARLSBAD,90J,3,2,3,3
2023-05,CARLSBAD,90Z,8,8,8,8
2023-05,CHULA VISTA,90C,5,5,5,5
2023-05,CHULA VISTA,90D,35,35,35,35
2023-05,CHULA VISTA,90J,1,1,1,1
2023-05,CHULA VISTA,90Z,25,25,25,25
2023-05,EL CAJON,90B,110,53,110,110
2023-05,EL CAJON,90C,24,24,24,24
2023-05,EL CAJON,90D,11,11,11,11
2023-05,EL CAJON,90Z,15,15,15,15
2023-05,ESCONDIDO,90C,42,42,42,42
2023-05,ESCONDIDO,90D,46,46,46,46
2023-05,ESCONDIDO,90G,4,2,4,4
2023-05,ESCONDIDO,90Z,42,42,42,42
2023-05,HARBOR POLICE,90C,12,12,12,12
2023-05,HARBOR POLICE,90D,6,6,6,6
2023-05,HARBOR POLICE,90J,1,1,1,1
2023-05,HARBOR POLICE,90Z,12,12,12,12
2023-05,LA MESA,90C,15,15,15,15
2023-05,LA MESA,90D,18,18,18,18
2023-05,LA MESA,90Z,14,14,14,14
2023-05,NATIONAL CITY,90C,5,5,5,5
2023-05,NATIONAL CITY,90D,16,16,16,16
2023-05,NATIONAL CITY,90J,1,1,1,1
2023-05,NATIONAL CITY,90Z,8,8,8,8
2023-05,OCEANSIDE,90C,40,40,40,40
2023-05,OCEANSIDE,90D,32,32,32,32
2023-05,OCEANSIDE,90J,2,2,2,2
2023-05,OCEANSIDE,90Z,22,22,22,22
2023-05,SAN DIEGO,90B,5,5,5,5
2023-05,SAN DIEGO,90C,274,270,274,274
2023-05,SAN DIEGO,90D,129,129,129,129
2023-05,SAN DIEGO,90G,5,2,4,4
2023-05,SAN DIEGO,90J,23,21,23,23
2023-05,SAN DIEGO,90Z,305,303,304,304
2023-05,SHERIFF,90C,84,82,84,84
2023-05,SHERIFF,90D,83,83,83,83
2023-05,SHERIFF,90G,1,1,1,1
2023-05,SHERIFF,90J,1,1,1,1
2023-05,SHERIFF,90Z,221,220,221,221
2023-06,CARLSBAD,90C,24,23,24,24
2023-06,CARLSBAD,90D,40,40,40,40
2023-06,CARLSBAD,90G,2,2,2,2
2023-06,CARLSBAD,90J,8,5,8,8
2023-06,CARLSBAD,90Z,9,9,9,9
2023-06,CHULA VISTA,90C,8,8,8,8
2023-06,CHULA VISTA,90D,29,29,29,29
2023-06,CHULA VISTA,90G,2,1,2,2
2023-06,CHULA VISTA,90J,3,3,3,3
2023-06,CHULA VISTA,90Z,42,42,42,42
2023-06,EL CAJON,90B,61,33,61,61
2023-06,EL CAJON,90C,21,21,21,21
2023-06,EL CAJON,90D,5,5,5,5
2023-06,EL CAJON,90J,1,1,1,1
2023-06,EL CAJON,90Z,28,28,28,28
2023-06,ESCONDIDO,90C,69,68,69,69
2023-06,ESCONDIDO,90D,48,47,48,48
2023-06,ESCONDIDO,90G,1,1,1,1
2023-06,ESCONDIDO,90J,2,2,2,2
2023-06,ESCONDIDO,90Z,55,55,55,55
2023-06,HARBOR POLICE,90C,13,13,13,13
2023-06,HARBOR POLICE,90D,4,4,4,4
2023-06,HARBOR POLICE,90J,1,1,1,1
2023-06,HARBOR POLICE,90Z,7,7,7,7
2023-06,LA MESA,90C,16,16,16,16
2023-06,LA MESA,90D,14,14,14,14
2023-06,LA MESA,90Z,14,14,14,14
2023-06,NATIONAL CITY,90C,17,17,17,17
2023-06,NATIONAL CITY,90D,11,11,11,11
2023-06,NATIONAL CITY,90Z,4,4,4,4
2023-06,OCEANSIDE,90C,23,23,23,23
2023-06,OCEANSIDE,90D,25,25,25,25
2023-06,OCEANSIDE,90G,1,1,1,1
2023-06,OCEANSIDE,90J,3,3,3,3
2023-06,OCEANSIDE,90Z,23,23,23,23
2023-06,SAN DIEGO,90B,4,4,4,4
2023-06,SAN DIEGO,90C,207,204,207,207
2023-06,SAN DIEGO,90D,113,113,113,113
2023-06,SAN DIEGO,90G,2,2,2,2
2023-06,SAN DIEGO,90J,15,13,14,14
2023-06,SAN DIEGO,90Z,290,279,290,290
2023-06,SHERIFF,90C,100,95,99,99
2023-06,SHERIFF,90D,94,94,94,94
2023-06,SHERIFF,90J,12,8,12,12
2023-06,SHERIFF,90Z,226,225,226,226
2023-07,CARLSBAD,90B,1,1,1,1
2023-07,CARLSBAD,90C,21,21,21,21
2023-07,CARLSBAD,90D,27,27,27,27
2023-07,CARLSBAD,90J,1,1,1,1
2023-07,CARLSBAD,90Z,10,10,10,10
2023-07,CHULA VISTA,90C,15,14,15,15
2023-07,CHULA VISTA,90D,25,25,25,25
2023-07,CHULA VISTA,90G,1,1,1,1
2023-07,CHULA VISTA,90J,2,2,2,2
2023-07,CHULA VISTA,90Z,34,34,34,34
2023-07,EL CAJON,90B,20,13,20,20
2023-07,EL CAJON,90C,18,18,18,18
2023-07,EL CAJON,90D,6,6,6,6
2023-07,EL CAJON,90Z,22,22,22,22
2023-07,ESCONDIDO,90C,49,48,49,49
2023-07,ESCONDIDO,90D,41,41,41,41
2023-07,ESCONDIDO,90G,1,1,1,1
2023-07,ESCONDIDO,90Z,41,41,41,41
2023-07,HARBOR POLICE,90C,10,10,10,10
2023-07,HARBOR POLICE,90D,4,4,4,4
2023-07,HARBOR POLICE,90G,1,1,1,1
2023-07,HARBOR POLICE,90J,3,3,3,3
2023-07,HARBOR POLICE,90Z,14,14,14,14
2023-07,LA MESA,90C,28,27,28,28
2023-07,LA MESA,90D,12,12,12,12
2023-07,LA MESA,90Z,12,12,12,12
2023-07,NATIONAL CITY,90C,14,14,14,14
2023-07,NATIONAL CITY,90D,10,10,10,10
2023-07,NATIONAL CITY,90G,1,1,1,1
2023-07,NATIONAL CITY,90J,3,3,3,3
2023-07,NATIONAL CITY,90Z,6,6,6,6
2023-07,OCEANSIDE,90B,2,1,2,2
2023-07,OCEANSIDE,90C,43,41,43,43
2023-07,OCEANSIDE,90D,35,35,35,35
2023-07,OCEANSIDE,90J,1,1,1,1
2023-07,OCEANSIDE,90Z,31,31,31,31
2023-07,SAN DIEGO,90B,3,3,3,3
2023-07,SAN DIEGO,90C,234,232,234,234
2023-07,SAN DIEGO,90D,124,123,124,124
2023-07,SAN DIEGO,90G,12,9,12,12
2023-07,SAN DIEGO,90J,18,16,18,18
2023-07,SAN DIEGO,90Z,286,276,285,285
2023-07,SHERIFF,90C,80,78,80,80
2023-07,SHERIFF,90D,83,83,83,83
2023-07,SHERIFF,90G,1,1,1,1
2023-07,SHERIFF,90J,5,5,5,5
2023-07,SHERIFF,90Z,266,261,265,265
2023-08,CARLSBAD,90C,37,36,37,37
2023-08,CARLSBAD,90D,24,23,24,24
2023-08,CARLSBAD,90J,3,1,3,3
2023-08,CARLSBAD,90Z,8,7,8,8
2023-08,CHULA VISTA,90C,15,14,15,15
2023-08,CHULA VISTA,90D,22,22,22,22
2023-08,CHULA VISTA,90J,2,1,2,2
2023-08,CHULA VISTA,90Z,37,37,37,37
2023-08,EL CAJON,90B,7,4,7,7
2023-08,EL CAJON,90C,25,25,25,25
2023-08,EL CAJON,90D,8,8,8,8
2023-08,EL CAJON,90Z,25,25,25,25
2023-08,ESCONDIDO,90C,57,56,57,57
2023-08,ESCONDIDO,90D,44,44,44,44
2023-08,ESCONDIDO,90J,1,1,1,1
2023-08,ESCONDIDO,90Z,35,35,35,35
2023-08,HARBOR POLICE,90C,14,14,14,14
2023-08,HARBOR POLICE,90D,3,3,3,3
2023-08,HARBOR POLICE,90J,3,3,3,3
2023-08,HARBOR POLICE,90Z,9,9,9,9
2023-08,LA MESA,90C,15,15,15,15
2023-08,LA MESA,90D,18,18,18,18
2023-08,LA MESA,90Z,13,13,13,13
2023-08,NATIONAL CITY,90C,15,15,15,15
2023-08,NATIONAL CITY,90D,12,12,12,12
2023-08,NATIONAL CITY,90G,1,1,1,1
2023-08,NATIONAL CITY,90Z,7,7,7,7
2023-08,OCEANSIDE,90C,47,47,47,47
2023-08,OCEANSIDE,90D,30,30,30,30
2023-08,OCEANSIDE,90J,1,1,1,1
2023-08,OCEANSIDE,90Z,24,24,24,24
2023-08,SAN DIEGO,90B,10,8,10,10
2023-08,SAN DIEGO,90C,168,167,168,168
2023-08,SAN DIEGO,90D,130,130,130,130
2023-08,SAN DIEGO,90G,7,5,7,7
2023-08,SAN DIEGO,90J,23,22,23,23
2023-08,SAN DIEGO,90Z,289,280,285,285
2023-08,SHERIFF,90B,1,1,1,1
2023-08,SHERIFF,90C,102,99,101,101
2023-08,SHERIFF,90D,81,81,81,81
2023-08,SHERIFF,90G,1,1,1,1
2023-08,SHERIFF,90J,2,2,2,2
2023-08,SHERIFF,90Z,338,336,338,338
2023-09,CARLSBAD,90C,30,30,30,30
2023-09,CARLSBAD,90D,25,25,25,25
2023-09,CARLSBAD,90J,10,4,10,10
2023-09,CARLSBAD,90Z,11,11,11,11
2023-09,CHULA VISTA,90C,16,16,16,16
2023-09,CHULA VISTA,90D,35,35,35,35
2023-09,CHULA VISTA,90J,3,2,3,3
2023-09,CHULA VISTA,90Z,27,27,27,27
2023-09,EL CAJON,90B,2,1,2,2
2023-09,EL CAJON,90C,22,22,22,22
2023-09,EL CAJON,90D,7,7,7,7
2023-09,EL CAJON,90Z,18,18,18,18
2023-09,ESCONDIDO,90C,48,45,48,48
2023-09,ESCONDIDO,90D,48,48,48,48
2023-09,ESCONDIDO,90G,1,1,1,1
2023-09,ESCONDIDO,90J,1,1,1,1
2023-09,ESCONDIDO,90Z,51,51,51,51
2023-09,HARBOR POLICE,90C,14,14,14,14
2023-09,HARBOR POLICE,90D,3,3,3,3
2023-09,HARBOR POLICE,90Z,12,12,12,12
2023-09,LA MESA,90B,1,1,1,1
2023-09,LA MESA,90C,22,22,22,22
2023-09,LA MESA,90D,17,17,17,17
2023-09,LA MESA,90Z,12,12,12,12
2023-09,NATIONAL CITY,90C,9,9,9,9
2023-09,NATIONAL CITY,90D,13,13,13,13
2023-09,NATIONAL CITY,90J,2,2,2,2
2023-09,NATIONAL CITY,90Z,8,8,8,8
2023-09,OCEANSIDE,90C,46,46,46,46
2023-09,OCEANSIDE,90D,34,34,34,34
2023-09,OCEANSIDE,90G,2,2,2,2
2023-09,OCEANSIDE,90J,3,3,3,3
2023-09,OCEANSIDE,90Z,30,30,30,30
2023-09,SAN DIEGO,90B,11,10,11,11
2023-09,SAN DIEGO,90C,166,164,166,166
2023-09,SAN DIEGO,90D,82,82,82,82
2023-09,SAN DIEGO,90G,1,1,1,1
2023-09,SAN DIEGO,90J,23,17,23,23
2023-09,SAN DIEGO,90Z,263,254,261,261
2023-09,SHERIFF,90C,96,93,96,96
2023-09,SHERIFF,90D,97,97,97,97
2023-09,SHERIFF,90G,1,1,1,1
2023-09,SHERIFF,90J,15,10,15,15
2023-09,SHERIFF,90Z,310,304,308,308
2023-10,CARLSBAD,90B,1,1,1,1
2023-10,CARLSBAD,90C,16,16,16,16
2023-10,CARLSBAD,90D,26,26,26,26
2023-10,CARLSBAD,90Z,9,9,9,9
2023-10,CHULA VISTA,90C,13,13,13,13
2023-10,CHULA VISTA,90D,30,30,30,30
2023-10,CHULA VISTA,90J,2,2,2,2
2023-10,CHULA VISTA,90Z,26,26,26,26
2023-10,EL CAJON,90B,29,17,29,29
2023-10,EL CAJON,90C,24,24,24,24
2023-10,EL CAJON,90D,12,12,12,12
2023-10,EL CAJON,90J,1,1,1,1
2023-10,EL CAJON,90Z,26,25,26,26
2023-10,ESCONDIDO,90C,67,66,67,67
2023-10,ESCONDIDO,90D,56,56,56,56
2023-10,ESCONDIDO,90G,2,2,2,2
2023-10,ESCONDIDO,90Z,37,35,37,37
2023-10,HARBOR POLICE,90C,8,8,8,8
2023-10,HARBOR POLICE,90D,8,8,8,8
2023-10,HARBOR POLICE,90J,1,1,1,1
2023-10,HARBOR POLICE,90Z,8,8,8,8
2023-10,LA MESA,90C,15,15,15,15
2023-10,LA MESA,90D,16,16,16,16
2023-10,LA MESA,90Z,15,15,15,15
2023-10,NATIONAL CITY,90C,11,10,11,11
2023-10,NATIONAL CITY,90D,8,8,8,8
2023-10,NATIONAL CITY,90J,1,1,1,1
2023-10,NATIONAL CITY,90Z,5,5,5,5
2023-10,OCEANSIDE,90C,29,29,29,29
2023-10,OCEANSIDE,90D,26,26,26,26
2023-10,OCEANSIDE,90J,2,2,2,2
2023-10,OCEANSIDE,90Z,18,18,18,18
2023-10,SAN DIEGO,90B,5,2,5,5
2023-10,SAN DIEGO,90C,223,222,223,223
2023-10,SAN DIEGO,90D,94,93,94,94
2023-10,SAN DIEGO,90G,2,2,2,2
2023-10,SAN DIEGO,90J,5,5,5,5
2023-10,SAN DIEGO,90Z,272,271,272,272
2023-10,SHERIFF,90C,107,105,107,107
2023-10,SHERIFF,90D,104,104,104,104
2023-10,SHERIFF,90G,2,2,2,2
2023-10,SHERIFF,90J,5,5,5,5
2023-10,SHERIFF,90Z,355,354,355,355
2023-11,CARLSBAD,90C,16,16,16,16
2023-11,CARLSBAD,90D,35,35,35,35
2023-11,CARLSBAD,90Z,14,14,14,14
2023-11,CHULA VISTA,90C,12,12,12,12
2023-11,CHULA VISTA,90D,39,39,39,39
2023-11,CHULA VISTA,90G,2,2,2,2
2023-11,CHULA VISTA,90J,2,2,2,2
2023-11,CHULA VISTA,90Z,37,35,37,37
2023-11,EL CAJON,90B,32,19,32,32
2023-11,EL CAJON,90C,12,12,12,12
2023-11,EL CAJON,90D,6,6,6,6
2023-11,EL CAJON,90Z,22,22,22,22
2023-11,ESCONDIDO,90B,1,1,1,1
2023-11,ESCONDIDO,90C,59,58,59,59
2023-11,ESCONDIDO,90D,49,49,49,49
2023-11,ESCONDIDO,90G,2,2,2,2
2023-11,ESCONDIDO,90Z,39,38,39,39
2023-11,HARBOR POLICE,90C,9,9,9,9
2023-11,HARBOR POLICE,90D,4,4,4,4
2023-11,HARBOR POLICE,90J,4,4,4,4
2023-11,HARBOR POLICE,90Z,13,13,13,13
2023-11,LA MESA,90B,1,1,1,1
2023-11,LA MESA,90C,17,17,17,17
2023-11,LA MESA,90D,8,8,8,8
2023-11,LA MESA,90J,1,1,1,1
2023-11,LA MESA,90Z,14,14,14,14
2023-11,NATIONAL CITY,90C,19,18,19,19
2023-11,NATIONAL CITY,90D,15,15,15,15
2023-11,NATIONAL CITY,90Z,15,13,15,15
2023-11,OCEANSIDE,90C,27,27,27,27
2023-11,OCEANSIDE,90D,32,32,32,32
2023-11,OCEANSIDE,90J,1,1,1,1
2023-11,OCEANSIDE,90Z,30,29,30,30
2023-11,SAN DIEGO,90B,2,2,2,2
2023-11,SAN DIEGO,90C,191,191,191,191
2023-11,SAN DIEGO,90D,100,100,100,100
2023-11,SAN DIEGO,90G,5,4,4,4
2023-11,SAN DIEGO,90J,15,15,15,15
2023-11,SAN DIEGO,90Z,334,327,333,333
2023-11,SHERIFF,90C,86,83,86,86
2023-11,SHERIFF,90D,89,89,89,89
2023-11,SHERIFF,90G,1,1,1,1
2023-11,SHERIFF,90J,6,6,6,6
2023-11,SHERIFF,90Z,295,289,294,294
2023-12,CARLSBAD,90C,24,23,24,24
2023-12,CARLSBAD,90D,39,39,39,39
2023-12,CARLSBAD,90G,1,1,1,1
2023-12,CARLSBAD,90J,3,3,3,3
2023-12,CARLSBAD,90Z,7,7,7,7
2023-12,CHULA VISTA,90C,9,9,9,9
2023-12,CHULA VISTA,90D,45,44,45,45
2023-12,CHULA VISTA,90J,3,3,3,3
2023-12,CHULA VISTA,90Z,30,30,30,30
2023-12,EL CAJON,90B,11,6,11,11
2023-12,EL CAJON,90C,19,19,19,19
2023-12,EL CAJON,90D,15,15,15,15
2023-12,EL CAJON,90Z,25,23,24,24
2023-12,ESCONDIDO,90C,60,58,60,60
2023-12,ESCONDIDO,90D,51,51,51,51
2023-12,ESCONDIDO,90Z,36,36,36,36
2023-12,HARBOR POLICE,90B,1,1,1,1
2023-12,HARBOR POLICE,90C,19,19,19,19
2023-12,HARBOR POLICE,90D,8,8,8,8
2023-12,HARBOR POLICE,90J,1,1,1,1
2023-12,HARBOR POLICE,90Z,10,10,10,10
2023-12,LA MESA,90B,1,1,1,1
2023-12,LA MESA,90C,21,21,21,21
2023-12,LA MESA,90D,11,11,11,11
2023-12,LA MESA,90Z,18,18,18,18
2023-12,NATIONAL CITY,90C,19,18,19,19
2023-12,NATIONAL CITY,90D,19,19,19,19
2023-12,NATIONAL CITY,90Z,10,9,10,10
2023-12,OCEANSIDE,90B,2,1,2,2
2023-12,OCEANSIDE,90C,32,32,32,32
2023-12,OCEANSIDE,90D,34,34,34,34
2023-12,OCEANSIDE,90J,1,1,1,1
2023-12,OCEANSIDE,90Z,15,15,15,15
2023-12,SAN DIEGO,90B,3,3,3,3
2023-12,SAN DIEGO,90C,207,206,207,207
2023-12,SAN DIEGO,90D,94,94,94,94
2023-12,SAN DIEGO,90G,3,2,3,3
2023-12,SAN DIEGO,90J,24,24,24,24
2023-12,SAN DIEGO,90Z,242,241,242,242
2023-12,SHERIFF,90B,1,1,1,1
2023-12,SHERIFF,90C,67,67,67,67
2023-12,SHERIFF,90D,107,107,107,107
2023-12,SHERIFF,90G,3,3,3,3
2023-12,SHERIFF,90J,7,7,7,7
2023-12,SHERIFF,90Z,268,267,268,268
2024-01,CARLSBAD,90B,2,2,2,2
2024-01,CARLSBAD,90C,14,14,14,14
2024-01,CARLSBAD,90D,34,33,34,34
2024-01,CARLSBAD,90J,1,1,1,1
2024-01,CARLSBAD,90Z,7,7,7,7
2024-01,CHULA VISTA,90B,1,1,1,1
2024-01,CHULA VISTA,90C,6,6,6,6
2024-01,CHULA VISTA,90D,24,24,24,24
2024-01,CHULA VISTA,90J,2,2,2,2
2024-01,CHULA VISTA,90Z,26,26,26,26
2024-01,EL CAJON,90B,26,11,26,26
2024-01,EL CAJON,90C,20,20,20,20
2024-01,EL CAJON,90D,13,13,13,13
2024-01,EL CAJON,90J,1,1,1,1
2024-01,EL CAJON,90Z,27,26,27,27
2024-01,ESCONDIDO,90C,50,48,50,50
2024-01,ESCONDIDO,90D,47,47,47,47
2024-01,ESCONDIDO,90Z,44,44,44,44
2024-01,HARBOR POLICE,90C,16,16,16,16
2024-01,HARBOR POLICE,90D,3,3,3,3
2024-01,HARBOR POLICE,90J,5,5,5,5
2024-01,HARBOR POLICE,90Z,11,11,11,11
2024-01,LA MESA,90C,18,18,18,18
2024-01,LA MESA,90D,20,20,20,20
2024-01,LA MESA,90Z,12,12,12,12
2024-01,NATIONAL CITY,90C,8,8,8,8
2024-01,NATIONAL CITY,90D,11,10,11,11
2024-01,NATIONAL CITY,90J,1,1,1,1
2024-01,NATIONAL CITY,90Z,7,7,7,7
2024-01,OCEANSIDE,90C,22,22,22,22
2024-01,OCEANSIDE,90D,36,36,36,36
2024-01,OCEANSIDE,90J,6,5,6,6
2024-01,OCEANSIDE,90Z,25,25,25,25
2024-01,SAN DIEGO,90B,4,4,4,4
2024-01,SAN DIEGO,90C,194,193,194,194
2024-01,SAN DIEGO,90D,88,88,88,88
2024-01,SAN DIEGO,90F,1,1,1,1
2024-01,SAN DIEGO,90J,32,24,32,32
2024-01,SAN DIEGO,90Z,289,287,288,288
2024-01,SHERIFF,90B,1,1,1,1
2024-01,SHERIFF,90C,83,80,83,83
2024-01,SHERIFF,90D,86,86,86,86
2024-01,SHERIFF,90G,1,1,1,1
2024-01,SHERIFF,90J,4,4,4,4
2024-01,SHERIFF,90Z,335,333,334,334
2024-02,CARLSBAD,90C,19,19,19,19
2024-02,CARLSBAD,90D,31,31,31,31
2024-02,CARLSBAD,90G,1,1,1,1
2024-02,CARLSBAD,90J,1,1,1,1
2024-02,CARLSBAD,90Z,10,10,10,10
2024-02,CHULA VISTA,90C,10,9,10,10
2024-02,CHULA VISTA,90D,26,26,26,26
2024-02,CHULA VISTA,90G,3,3,3,3
2024-02,CHULA VISTA,90Z,30,30,30,30
2024-02,EL CAJON,90B,23,13,23,23
2024-02,EL CAJON,90C,13,13,13,13
2024-02,EL CAJON,90D,15,15,15,15
2024-02,EL CAJON,90J,1,1,1,1
2024-02,EL CAJON,90Z,26,25,26,26
2024-02,ESCONDIDO,90C,44,44,44,44
2024-02,ESCONDIDO,90D,35,35,35,35
2024-02,ESCONDIDO,90G,6,5,6,6
2024-02,ESCONDIDO,90Z,48,48,48,48
2024-02,HARBOR POLICE,90C,13,13,13,13
2024-02,HARBOR POLICE,90D,5,5,5,5
2024-02,HARBOR POLICE,90J,2,2,2,2
2024-02,HARBOR POLICE,90Z,10,10,10,10
2024-02,LA MESA,90C,16,16,16,16
2024-02,LA MESA,90D,15,15,15,15
2024-02,LA MESA,90J,2,2,2,2
2024-02,LA MESA,90Z,16,16,16,16
2024-02,NATIONAL CITY,90C,17,17,17,17
2024-02,NATIONAL CITY,90D,8,8,8,8
2024-02,NATIONAL CITY,90G,4,4,4,4
2024-02,NATIONAL CITY,90J,1,1,1,1
2024-02,NATIONAL CITY,90Z,6,6,6,6
2024-02,OCEANSIDE,90C,24,24,24,24
2024-02,OCEANSIDE,90D,23,23,23,23
2024-02,OCEANSIDE,90G,1,1,1,1
2024-02,OCEANSIDE,90J,2,2,2,2
2024-02,OCEANSIDE,90Z,16,16,16,16
2024-02,SAN DIEGO,90B,4,4,4,4
2024-02,SAN DIEGO,90C,182,179,182,182
2024-02,SAN DIEGO,90D,112,112,112,112
2024-02,SAN DIEGO,90G,1,1,1,1
2024-02,SAN DIEGO,90J,24,23,23,23
2024-02,SAN DIEGO,90Z,258,251,256,256
2024-02,SHERIFF,90C,93,87,93,93
2024-02,SHERIFF,90D,76,76,76,76
2024-02,SHERIFF,90G,7,6,7,7
2024-02,SHERIFF,90J,6,5,6,6
2024-02,SHERIFF,90Z,251,245,249,249
2024-03,CARLSBAD,90C,23,23,23,23
2024-03,CARLSBAD,90D,40,40,40,40
2024-03,CARLSBAD,90G,1,1,1,1
2024-03,CARLSBAD,90J,3,3,3,3
2024-03,CARLSBAD,90Z,15,14,15,15
2024-03,CHULA VISTA,90C,8,8,8,8
2024-03,CHULA VISTA,90D,38,38,38,38
2024-03,CHULA VISTA,90J,2,2,2,2
2024-03,CHULA VISTA,90Z,46,44,46,46
2024-03,EL CAJON,90B,8,7,8,8
2024-03,EL CAJON,90C,14,13,14,14
2024-03,EL CAJON,90D,11,11,11,11
2024-03,EL CAJON,90Z,22,22,22,22
2024-03,ESCONDIDO,90C,52,49,52,52
2024-03,ESCONDIDO,90D,56,56,56,56
2024-03,ESCONDIDO,90G,4,4,4,4
2024-03,ESCONDIDO,90J,1,1,1,1
2024-03,ESCONDIDO,90Z,35,35,35,35
2024-03,HARBOR POLICE,90B,2,2,2,2
2024-03,HARBOR POLICE,90C,12,12,12,12
2024-03,HARBOR POLICE,90D,1,1,1,1
2024-03,HARBOR POLICE,90J,5,5,5,5
2024-03,HARBOR POLICE,90Z,15,15,15,15
2024-03,LA MESA,90C,13,13,13,13
2024-03,LA MESA,90D,9,9,9,9
2024-03,LA MESA,90Z,14,14,14,14
2024-03,NATIONAL CITY,90C,21,21,21,21
2024-03,NATIONAL CITY,90D,12,12,12,12
2024-03,NATIONAL CITY,90G,4,3,4,4
2024-03,NATIONAL CITY,90Z,8,8,8,8
2024-03,OCEANSIDE,90C,29,29,29,29
2024-03,OCEANSIDE,90D,31,31,31,31
2024-03,OCEANSIDE,90G,1,1,1,1
2024-03,OCEANSIDE,90J,1,1,1,1
2024-03,OCEANSIDE,90Z,21,21,21,21
2024-03,SAN DIEGO,90B,6,5,6,6
2024-03,SAN DIEGO,90C,212,208,212,212
2024-03,SAN DIEGO,90D,106,105,106,106
2024-03,SAN DIEGO,90G,7,6,7,7
2024-03,SAN DIEGO,90J,18,18,18,18
2024-03,SAN DIEGO,90Z,278,275,278,278
2024-03,SHERIFF,90B,1,1,1,1
2024-03,SHERIFF,90C,90,89,90,90
2024-03,SHERIFF,90D,104,103,104,104
2024-03,SHERIFF,90G,3,3,3,3
2024-03,SHERIFF,90J,4,4,4,4
2024-03,SHERIFF,90Z,307,300,307,307
2024-04,CARLSBAD,90C,24,24,24,24
2024-04,CARLSBAD,90D,28,28,28,28
2024-04,CARLSBAD,90J,3,3,3,3
2024-04,CARLSBAD,90Z,7,7,7,7
2024-04,CHULA VISTA,90C,13,13,13,13
2024-04,CHULA VISTA,90D,38,38,38,38
2024-04,CHULA VISTA,90J,2,2,2,2
2024-04,CHULA VISTA,90Z,34,33,33,33
2024-04,EL CAJON,90B,10,3,10,10
2024-04,EL CAJON,90C,24,24,24,24
2024-04,EL CAJON,90D,8,8,8,8
2024-04,EL CAJON,90J,1,1,1,1
2024-04,EL CAJON,90Z,23,23,23,23
2024-04,ESCONDIDO,90C,49,49,49,49
2024-04,ESCONDIDO,90D,31,31,31,31
2024-04,ESCONDIDO,90G,4,1,4,4
2024-04,ESCONDIDO,90Z,50,50,50,50
2024-04,HARBOR POLICE,90C,8,8,8,8
2024-04,HARBOR POLICE,90D,4,4,4,4
2024-04,HARBOR POLICE,90J,7,7,7,7
2024-04,HARBOR POLICE,90Z,15,15,15,15
2024-04,LA MESA,90C,8,8,8,8
2024-04,LA MESA,90D,16,16,16,16
2024-04,LA MESA,90J,1,1,1,1
2024-04,LA MESA,90Z,17,17,17,17
2024-04,NATIONAL CITY,90C,14,12,14,14
2024-04,NATIONAL CITY,90D,6,6,6,6
2024-04,NATIONAL CITY,90J,4,1,4,4
2024-04,NATIONAL CITY,90Z,10,10,10,10
2024-04,OCEANSIDE,90B,2,1,2,2
2024-04,OCEANSIDE,90C,31,31,31,31
2024-04,OCEANSIDE,90D,26,26,26,26
2024-04,OCEANSIDE,90J,5,5,5,5
2024-04,OCEANSIDE,90Z,18,18,18,18
2024-04,SAN DIEGO,90B,2,1,2,2
2024-04,SAN DIEGO,90C,172,168,172,172
2024-04,SAN DIEGO,90D,97,97,97,97
2024-04,SAN DIEGO,90G,4,4,4,4
2024-04,SAN DIEGO,90J,24,24,24,24
2024-04,SAN DIEGO,90Z,278,275,277,277
2024-04,SHERIFF,90C,96,92,96,96
2024-04,SHERIFF,90D,79,78,79,79
2024-04,SHERIFF,90G,2,2,2,2
2024-04,SHERIFF,90J,9,9,9,9
2024-04,SHERIFF,90Z,294,293,294,294
2024-05,CARLSBAD,90C,21,21,21,21
2024-05,CARLSBAD,90D,37,37,37,37
2024-05,CARLSBAD,90J,3,3,3,3
2024-05,CARLSBAD,90Z,14,14,14,14
2024-05,CHULA VISTA,90C,12,12,12,12
2024-05,CHULA VISTA,90D,29,29,29,29
2024-05,CHULA VISTA,90G,1,1,1,1
2024-05,CHULA VISTA,90J,5,4,5,5
2024-05,CHULA VISTA,90Z,39,39,39,39
2024-05,EL CAJON,90B,15,11,15,15
2024-05,EL CAJON,90C,17,17,17,17
2024-05,EL CAJON,90D,7,7,7,7
2024-05,EL CAJON,90J,1,1,1,1
2024-05,EL CAJON,90Z,20,20,20,20
2024-05,ESCONDIDO,90C,53,51,53,53
2024-05,ESCONDIDO,90D,40,40,40,40
2024-05,ESCONDIDO,90Z,62,60,62,62
2024-05,HARBOR POLICE,90C,25,25,25,25
2024-05,HARBOR POLICE,90D,7,7,7,7
2024-05,HARBOR POLICE,90J,4,4,4,4
2024-05,HARBOR POLICE,90Z,12,12,12,12
2024-05,LA MESA,90C,18,17,18,18
2024-05,LA MESA,90D,13,13,13,13
2024-05,LA MESA,90Z,13,13,13,13
2024-05,NATIONAL CITY,90C,11,11,11,11
2024-05,NATIONAL CITY,90D,11,11,11,11
2024-05,NATIONAL CITY,90J,1,1,1,1
2024-05,NATIONAL CITY,90Z,11,10,10,10
2024-05,OCEANSIDE,90B,1,1,1,1
2024-05,OCEANSIDE,90C,24,24,24,24
2024-05,OCEANSIDE,90D,30,30,30,30
2024-05,OCEANSIDE,90J,5,4,5,5
2024-05,OCEANSIDE,90Z,20,19,19,19
2024-05,SAN DIEGO,90B,1,1,1,1
2024-05,SAN DIEGO,90C,181,178,181,181
2024-05,SAN DIEGO,90D,112,111,112,112
2024-05,SAN DIEGO,90G,3,2,3,3
2024-05,SAN DIEGO,90J,19,19,19,19
2024-05,SAN DIEGO,90Z,316,306,315,315
2024-05,SHERIFF,90B,2,2,2,2
2024-05,SHERIFF,90C,90,89,90,90
2024-05,SHERIFF,90D,84,84,84,84
2024-05,SHERIFF,90G,3,3,3,3
2024-05,SHERIFF,90J,3,3,3,3
2024-05,SHERIFF,90Z,299,292,297,297
2024-06,CARLSBAD,90C,19,19,19,19
2024-06,CARLSBAD,90D,29,29,29,29
2024-06,CARLSBAD,90J,3,3,3,3
2024-06,CARLSBAD,90Z,8,7,8,8
2024-06,CHULA VISTA,90C,7,7,7,7
2024-06,CHULA VISTA,90D,49,49,49,49
2024-06,CHULA VISTA,90G,2,1,2,2
2024-06,CHULA VISTA,90J,4,2,4,4
2024-06,CHULA VISTA,90Z,41,41,41,41
2024-06,EL CAJON,90B,43,22,43,43
2024-06,EL CAJON,90C,15,15,15,15
2024-06,EL CAJON,90D,12,12,12,12
2024-06,EL CAJON,90Z,22,22,22,22
2024-06,ESCONDIDO,90C,49,47,49,49
2024-06,ESCONDIDO,90D,49,49,49,49
2024-06,ESCONDIDO,90G,1,1,1,1
2024-06,ESCONDIDO,90J,2,2,2,2
2024-06,ESCONDIDO,90Z,46,43,46,46
2024-06,HARBOR POLICE,90C,15,15,15,15
2024-06,HARBOR POLICE,90D,3,3,3,3
2024-06,HARBOR POLICE,90Z,10,10,10,10
2024-06,LA MESA,90C,17,17,17,17
2024-06,LA MESA,90D,14,14,14,14
2024-06,LA MESA,90Z,11,11,11,11
2024-06,NATIONAL CITY,90C,9,9,9,9
2024-06,NATIONAL CITY,90D,15,15,15,15
2024-06,NATIONAL CITY,90Z,12,12,12,12
2024-06,OCEANSIDE,90C,32,32,32,32
2024-06,OCEANSIDE,90D,32,32,32,32
2024-06,OCEANSIDE,90J,5,5,5,5
2024-06,OCEANSIDE,90Z,13,13,13,13
2024-06,SAN DIEGO,90B,4,4,4,4
2024-06,SAN DIEGO,90C,199,196,199,199
2024-06,SAN DIEGO,90D,127,126,127,127
2024-06,SAN DIEGO,90G,7,6,7,7
2024-06,SAN DIEGO,90J,18,16,18,18
2024-06,SAN DIEGO,90Z,264,258,263,263
2024-06,SHERIFF,90C,105,103,105,105
2024-06,SHERIFF,90D,87,87,87,87
2024-06,SHERIFF,90G,3,3,3,3
2024-06,SHERIFF,90J,2,2,2,2
2024-06,SHERIFF,90Z,269,257,268,268
2024-07,CARLSBAD,90C,18,18,18,18
2024-07,CARLSBAD,90D,23,23,23,23
2024-07,CARLSBAD,90J,1,1,1,1
2024-07,CARLSBAD,90Z,14,14,14,14
2024-07,CHULA VISTA,90C,7,7,7,7
2024-07,CHULA VISTA,90D,32,32,32,32
2024-07,CHULA VISTA,90J,8,5,8,8
2024-07,CHULA VISTA,90Z,42,39,42,42
2024-07,EL CAJON,90B,21,8,21,21
2024-07,EL CAJON,90C,21,21,21,21
2024-07,EL CAJON,90D,6,6,6,6
2024-07,EL CAJON,90Z,24,24,24,24
2024-07,ESCONDIDO,90C,43,43,43,43
2024-07,ESCONDIDO,90D,42,42,42,42
2024-07,ESCONDIDO,90Z,49,48,49,49
2024-07,HARBOR POLICE,90C,17,17,17,17
2024-07,HARBOR POLICE,90D,4,4,4,4
2024-07,HARBOR POLICE,90G,2,1,2,2
2024-07,HARBOR POLICE,90Z,20,20,20,20
2024-07,LA MESA,90C,11,11,11,11
2024-07,LA MESA,90D,13,13,13,13
2024-07,LA MESA,90J,1,1,1,1
2024-07,LA MESA,90Z,11,11,11,11
2024-07,NATIONAL CITY,90C,18,17,18,18
2024-07,NATIONAL CITY,90D,6,6,6,6
2024-07,NATIONAL CITY,90Z,8,8,8,8
2024-07,OCEANSIDE,90B,1,1,1,1
2024-07,OCEANSIDE,90C,19,19,19,19
2024-07,OCEANSIDE,90D,19,19,19,19
2024-07,OCEANSIDE,90J,2,1,2,2
2024-07,OCEANSIDE,90Z,17,17,17,17
2024-07,SAN DIEGO,90B,4,3,4,4
2024-07,SAN DIEGO,90C,195,187,195,195
2024-07,SAN DIEGO,90D,105,105,105,105
2024-07,SAN DIEGO,90G,2,2,2,2
2024-07,SAN DIEGO,90J,20,16,20,20
2024-07,SAN DIEGO,90Z,306,301,304,304
2024-07,SHERIFF,90B,1,1,1,1
2024-07,SHERIFF,90C,115,113,115,115
2024-07,SHERIFF,90D,59,59,59,59
2024-07,SHERIFF,90G,2,2,2,2
2024-07,SHERIFF,90J,5,5,5,5
2024-07,SHERIFF,90Z,249,247,249,249
2024-08,CARLSBAD,90C,30,30,30,30
2024-08,CARLSBAD,90D,27,27,27,27
2024-08,CARLSBAD,90J,2,2,2,2
2024-08,CARLSBAD,90Z,12,12,12,12
2024-08,CHULA VISTA,90C,17,16,17,17
2024-08,CHULA VISTA,90D,47,47,47,47
2024-08,CHULA VISTA,90G,6,4,5,5
2024-08,CHULA VISTA,90J,6,4,6,6
2024-08,CHULA VISTA,90Z,47,46,47,47
2024-08,EL CAJON,90B,23,15,23,23
2024-08,EL CAJON,90C,16,16,16,16
2024-08,EL CAJON,90D,17,16,17,17
2024-08,EL CAJON,90J,2,2,2,2
2024-08,EL CAJON,90Z,29,28,28,28
2024-08,ESCONDIDO,90C,41,39,41,41
2024-08,ESCONDIDO,90D,59,59,59,59
2024-08,ESCONDIDO,90G,1,1,1,1
2024-08,ESCONDIDO,90J,1,1,1,1
2024-08,ESCONDIDO,90Z,62,59,62,62
2024-08,HARBOR POLICE,90B,1,1,1,1
2024-08,HARBOR POLICE,90C,19,19,19,19
2024-08,HARBOR POLICE,90D,2,2,2,2
2024-08,HARBOR POLICE,90Z,20,20,20,20
2024-08,LA MESA,90C,18,17,18,18
2024-08,LA MESA,90D,14,14,14,14
2024-08,LA MESA,90J,1,1,1,1
2024-08,LA MESA,90Z,19,19,19,19
2024-08,NATIONAL CITY,90C,22,22,22,22
2024-08,NATIONAL CITY,90D,8,8,8,8
2024-08,NATIONAL CITY,90G,3,3,3,3
2024-08,NATIONAL CITY,90J,3,2,3,3
2024-08,NATIONAL CITY,90Z,6,6,6,6
2024-08,OCEANSIDE,90C,30,29,30,30
2024-08,OCEANSIDE,90D,21,21,21,21
2024-08,OCEANSIDE,90J,3,3,3,3
2024-08,OCEANSIDE,90Z,33,32,33,33
2024-08,SAN DIEGO,90C,226,223,226,226
2024-08,SAN DIEGO,90D,123,122,123,123
2024-08,SAN DIEGO,90J,9,7,9,9
2024-08,SAN DIEGO,90Z,323,311,320,320
2024-08,SHERIFF,90B,1,1,1,1
2024-08,SHERIFF,90C,96,96,96,96
2024-08,SHERIFF,90D,91,91,91,91
2024-08,SHERIFF,90J,1,1,1,1
2024-08,SHERIFF,90Z,229,228,229,229
2024-09,CARLSBAD,90C,27,26,27,27
2024-09,CARLSBAD,90D,23,23,23,23
2024-09,CARLSBAD,90G,3,3,3,3
2024-09,CARLSBAD,90J,1,1,1,1
2024-09,CARLSBAD,90Z,19,18,19,19
2024-09,CHULA VISTA,90C,5,5,5,5
2024-09,CHULA VISTA,90D,27,27,27,27
2024-09,CHULA VISTA,90J,4,3,4,4
2024-09,CHULA VISTA,90Z,45,45,45,45
2024-09,EL CAJON,90B,27,12,27,27
2024-09,EL CAJON,90C,13,13,13,13
2024-09,EL CAJON,90D,13,13,13,13
2024-09,EL CAJON,90Z,45,45,45,45
2024-09,ESCONDIDO,90C,44,42,44,44
2024-09,ESCONDIDO,90D,57,57,57,57
2024-09,ESCONDIDO,90G,1,1,1,1
2024-09,ESCONDIDO,90J,1,1,1,1
2024-09,ESCONDIDO,90Z,54,49,54,54
2024-09,HARBOR POLICE,90B,1,1,1,1
2024-09,HARBOR POLICE,90C,11,11,11,11
2024-09,HARBOR POLICE,90D,4,4,4,4
2024-09,HARBOR POLICE,90J,2,2,2,2
2024-09,HARBOR POLICE,90Z,13,13,13,13
2024-09,LA MESA,90C,19,17,19,19
2024-09,LA MESA,90D,7,7,7,7
2024-09,LA MESA,90Z,30,29,30,30
2024-09,NATIONAL CITY,90C,13,12,13,13
2024-09,NATIONAL CITY,90D,4,4,4,4
2024-09,NATIONAL CITY,90Z,20,20,20,20
2024-09,OCEANSIDE,90C,18,18,18,18
2024-09,OCEANSIDE,90D,21,21,21,21
2024-09,OCEANSIDE,90G,1,1,1,1
2024-09,OCEANSIDE,90J,1,1,1,1
2024-09,OCEANSIDE,90Z,36,34,34,34
2024-09,SAN DIEGO,90B,4,4,4,4
2024-09,SAN DIEGO,90C,186,183,186,186
2024-09,SAN DIEGO,90D,100,100,100,100
2024-09,SAN DIEGO,90G,2,2,2,2
2024-09,SAN DIEGO,90J,17,16,17,17
2024-09,SAN DIEGO,90Z,347,340,346,346
2024-09,SHERIFF,90C,90,88,90,90
2024-09,SHERIFF,90D,87,87,87,87
2024-09,SHERIFF,90G,2,1,1,1
2024-09,SHERIFF,90J,5,5,5,5
2024-09,SHERIFF,90Z,272,268,272,272
2024-10,CARLSBAD,90C,23,23,23,23
2024-10,CARLSBAD,90D,20,20,20,20
2024-10,CARLSBAD,90G,1,1,1,1
2024-10,CARLSBAD,90Z,15,15,15,15
2024-10,CHULA VISTA,90C,7,7,7,7
2024-10,CHULA VISTA,90D,34,34,34,34
2024-10,CHULA VISTA,90G,5,2,5,5
2024-10,CHULA VISTA,90J,3,3,3,3
2024-10,CHULA VISTA,90Z,57,55,57,57
2024-10,EL CAJON,90B,16,7,16,16
2024-10,EL CAJON,90C,16,16,16,16
2024-10,EL CAJON,90D,8,8,8,8
2024-10,EL CAJON,90J,1,1,1,1
2024-10,EL CAJON,90Z,56,53,55,55
2024-10,ESCONDIDO,90C,37,37,37,37
2024-10,ESCONDIDO,90D,40,40,40,40
2024-10,ESCONDIDO,90G,1,1,1,1
2024-10,ESCONDIDO,90Z,47,45,47,47
2024-10,HARBOR POLICE,90C,7,7,7,7
2024-10,HARBOR POLICE,90D,2,2,2,2
2024-10,HARBOR POLICE,90J,3,3,3,3
2024-10,HARBOR POLICE,90Z,30,30,30,30
2024-10,LA MESA,90C,23,23,23,23
2024-10,LA MESA,90D,6,6,6,6
2024-10,LA MESA,90Z,10,10,10,10
2024-10,NATIONAL CITY,90C,13,11,13,13
2024-10,NATIONAL CITY,90D,11,11,11,11
2024-10,NATIONAL CITY,90G,2,1,2,2
2024-10,NATIONAL CITY,90Z,12,12,12,12
2024-10,OCEANSIDE,90C,22,22,22,22
2024-10,OCEANSIDE,90D,27,27,27,27
2024-10,OCEANSIDE,90Z,38,35,38,38
2024-10,SAN DIEGO,90B,4,4,4,4
2024-10,SAN DIEGO,90C,174,173,174,174
2024-10,SAN DIEGO,90D,106,106,106,106
2024-10,SAN DIEGO,90G,3,2,3,3
2024-10,SAN DIEGO,90J,13,13,13,13
2024-10,SAN DIEGO,90Z,395,389,395,395
2024-10,SHERIFF,90B,2,1,2,2
2024-10,SHERIFF,90C,93,90,92,92
2024-10,SHERIFF,90D,88,88,88,88
2024-10,SHERIFF,90G,5,4,5,5
2024-10,SHERIFF,90J,5,3,5,5
2024-10,SHERIFF,90Z,262,259,262,262
2024-11,CARLSBAD,90C,16,16,16,16
2024-11,CARLSBAD,90D,19,19,19,19
2024-11,CARLSBAD,90J,2,2,2,2
2024-11,CARLSBAD,90Z,10,10,10,10
2024-11,CHULA VISTA,90C,8,8,8,8
2024-11,CHULA VISTA,90D,41,41,41,41
2024-11,CHULA VISTA,90G,1,1,1,1
2024-11,CHULA VISTA,90J,2,2,2,2
2024-11,CHULA VISTA,90Z,57,56,57,57
2024-11,EL CAJON,90B,14,7,14,14
2024-11,EL CAJON,90C,15,15,15,15
2024-11,EL CAJON,90D,5,5,5,5
2024-11,EL CAJON,90Z,27,26,27,27
2024-11,ESCONDIDO,90C,44,43,44,44
2024-11,ESCONDIDO,90D,51,51,51,51
2024-11,ESCONDIDO,90Z,48,48,48,48
2024-11,HARBOR POLICE,90C,15,15,15,15
2024-11,HARBOR POLICE,90D,3,3,3,3
2024-11,HARBOR POLICE,90G,1,1,1,1
2024-11,HARBOR POLICE,90J,2,2,2,2
2024-11,HARBOR POLICE,90Z,23,23,23,23
2024-11,LA MESA,90B,1,1,1,1
2024-11,LA MESA,90C,13,13,13,13
2024-11,LA MESA,90D,19,19,19,19
2024-11,LA MESA,90Z,22,22,22,22
2024-11,NATIONAL CITY,90C,10,10,10,10
2024-11,NATIONAL CITY,90D,13,13,13,13
2024-11,NATIONAL CITY,90Z,9,9,9,9
2024-11,OCEANSIDE,90C,22,22,22,22
2024-11,OCEANSIDE,90D,40,40,40,40
2024-11,OCEANSIDE,90J,1,1,1,1
2024-11,OCEANSIDE,90Z,32,31,32,32
2024-11,SAN DIEGO,90B,6,6,6,6
2024-11,SAN DIEGO,90C,215,212,215,215
2024-11,SAN DIEGO,90D,135,135,135,135
2024-11,SAN DIEGO,90G,2,2,2,2
2024-11,SAN DIEGO,90J,14,14,14,14
2024-11,SAN DIEGO,90Z,411,387,410,410
2024-11,SHERIFF,90B,1,1,1,1
2024-11,SHERIFF,90C,73,72,73,73
2024-11,SHERIFF,90D,62,62,62,62
2024-11,SHERIFF,90J,4,3,4,4
2024-11,SHERIFF,90Z,202,200,202,202
2024-12,CARLSBAD,90C,18,18,18,18
2024-12,CARLSBAD,90D,19,19,19,19
2024-12,CARLSBAD,90Z,9,9,9,9
2024-12,CHULA VISTA,90C,12,12,12,12
2024-12,CHULA VISTA,90D,34,34,34,34
2024-12,CHULA VISTA,90J,2,2,2,2
2024-12,CHULA VISTA,90Z,39,38,39,39
2024-12,EL CAJON,90B,8,5,8,8
2024-12,EL CAJON,90C,20,19,20,20
2024-12,EL CAJON,90D,10,10,10,10
2024-12,EL CAJON,90G,3,1,3,3
2024-12,EL CAJON,90Z,41,39,40,40
2024-12,ESCONDIDO,90C,40,39,40,40
2024-12,ESCONDIDO,90D,39,39,39,39
2024-12,ESCONDIDO,90G,2,2,2,2
2024-12,ESCONDIDO,90Z,45,43,45,45
2024-12,HARBOR POLICE,90B,1,1,1,1
2024-12,HARBOR POLICE,90C,14,14,14,14
2024-12,HARBOR POLICE,90D,6,6,6,6
2024-12,HARBOR POLICE,90Z,19,19,19,19
2024-12,LA MESA,90C,20,20,20,20
2024-12,LA MESA,90D,15,15,15,15
2024-12,LA MESA,90J,1,1,1,1
2024-12,LA MESA,90Z,32,32,32,32
2024-12,NATIONAL CITY,90C,17,17,17,17
2024-12,NATIONAL CITY,90D,5,5,5,5
2024-12,NATIONAL CITY,90Z,11,11,11,11
2024-12,OCEANSIDE,90C,10,10,10,10
2024-12,OCEANSIDE,90D,30,30,30,30
2024-12,OCEANSIDE,90J,3,3,3,3
2024-12,OCEANSIDE,90Z,23,23,23,23
2024-12,SAN DIEGO,90B,10,10,10,10
2024-12,SAN DIEGO,90C,204,203,204,204
2024-12,SAN DIEGO,90D,93,93,93,93
2024-12,SAN DIEGO,90G,1,1,1,1
2024-12,SAN DIEGO,90J,18,18,18,18
2024-12,SAN DIEGO,90Z,447,439,446,446
2024-12,SHERIFF,90C,63,63,63,63
2024-12,SHERIFF,90D,60,60,60,60
2024-12,SHERIFF,90Z,141,141,141,141
2025-01,CARLSBAD,90C,15,15,15,15
2025-01,CARLSBAD,90D,21,21,21,21
2025-01,CARLSBAD,90Z,10,10,10,10
2025-01,CHULA VISTA,90C,8,8,8,8
2025-01,CHULA VISTA,90D,43,43,43,43
2025-01,CHULA VISTA,90G,1,1,1,1
2025-01,CHULA VISTA,90J,2,2,2,2
2025-01,CHULA VISTA,90Z,66,66,66,66
2025-01,EL CAJON,90B,12,8,12,12
2025-01,EL CAJON,90C,15,15,15,15
2025-01,EL CAJON,90D,7,7,7,7
2025-01,EL CAJON,90J,1,1,1,1
2025-01,EL CAJON,90Z,51,51,51,51
2025-01,ESCONDIDO,90C,42,40,42,42
2025-01,ESCONDIDO,90D,45,45,45,45
2025-01,ESCONDIDO,90G,3,2,3,3
2025-01,ESCONDIDO,90J,2,2,2,2
2025-01,ESCONDIDO,90Z,53,52,53,53
2025-01,HARBOR POLICE,90C,2,2,2,2
2025-01,HARBOR POLICE,90D,2,2,2,2
2025-01,HARBOR POLICE,90J,3,3,3,3
2025-01,HARBOR POLICE,90Z,15,15,15,15
2025-01,LA MESA,90B,2,1,2,2
2025-01,LA MESA,90C,15,15,15,15
2025-01,LA MESA,90D,17,17,17,17
2025-01,LA MESA,90J,3,2,3,3
2025-01,LA MESA,90Z,23,23,23,23
2025-01,NATIONAL CITY,90C,13,13,13,13
2025-01,NATIONAL CITY,90D,12,12,12,12
2025-01,NATIONAL CITY,90Z,21,21,21,21
2025-01,OCEANSIDE,90C,16,16,16,16
2025-01,OCEANSIDE,90D,22,22,22,22
2025-01,OCEANSIDE,90J,2,2,2,2
2025-01,OCEANSIDE,90Z,40,39,40,40
2025-01,SAN DIEGO,90B,5,5,5,5
2025-01,SAN DIEGO,90C,171,169,171,171
2025-01,SAN DIEGO,90D,85,85,85,85
2025-01,SAN DIEGO,90G,2,1,2,2
2025-01,SAN DIEGO,90J,23,18,23,23
2025-01,SAN DIEGO,90Z,392,389,392,392
2025-01,SHERIFF,90C,52,52,52,52
2025-01,SHERIFF,90D,51,51,51,51
2025-01,SHERIFF,90Z,167,167,167,167
2025-02,CARLSBAD,90C,16,15,16,16
2025-02,CARLSBAD,90D,22,22,22,22
2025-02,CARLSBAD,90J,2,2,2,2
2025-02,CARLSBAD,90Z,15,14,15,15
2025-02,CHULA VISTA,90C,9,9,9,9
2025-02,CHULA VISTA,90D,44,44,44,44
2025-02,CHULA VISTA,90G,1,1,1,1
2025-02,CHULA VISTA,90J,2,2,2,2
2025-02,CHULA VISTA,90Z,48,47,48,48
2025-02,EL CAJON,90B,11,8,11,11
2025-02,EL CAJON,90C,22,22,22,22
2025-02,EL CAJON,90D,1,1,1,1
2025-02,EL CAJON,90Z,49,48,48,48
2025-02,ESCONDIDO,90B,1,1,1,1
2025-02,ESCONDIDO,90C,41,41,41,41
2025-02,ESCONDIDO,90D,39,39,39,39
2025-02,ESCONDIDO,90G,1,1,1,1
2025-02,ESCONDIDO,90J,1,1,1,1
2025-02,ESCONDIDO,90Z,49,49,49,49
2025-02,HARBOR POLICE,90C,6,6,6,6
2025-02,HARBOR POLICE,90D,2,2,2,2
2025-02,HARBOR POLICE,90G,2,2,2,2
2025-02,HARBOR POLICE,90J,4,4,4,4
2025-02,HARBOR POLICE,90Z,16,16,16,16
2025-02,LA MESA,90C,15,15,15,15
2025-02,LA MESA,90D,14,14,14,14
2025-02,LA MESA,90Z,27,26,27,27
2025-02,NATIONAL CITY,90C,12,12,12,12
2025-02,NATIONAL CITY,90D,10,10,10,10
2025-02,NATIONAL CITY,90J,1,1,1,1
2025-02,NATIONAL CITY,90Z,23,18,21,21
2025-02,OCEANSIDE,90C,7,7,7,7
2025-02,OCEANSIDE,90D,26,26,26,26
2025-02,OCEANSIDE,90G,2,1,2,2
2025-02,OCEANSIDE,90J,2,2,2,2
2025-02,OCEANSIDE,90Z,26,26,26,26
2025-02,SAN DIEGO,90B,2,2,2,2
2025-02,SAN DIEGO,90C,151,150,151,151
2025-02,SAN DIEGO,90D,124,124,124,124
2025-02,SAN DIEGO,90G,8,4,8,8
2025-02,SAN DIEGO,90J,27,27,27,27
2025-02,SAN DIEGO,90Z,370,364,366,366
2025-02,SHERIFF,90C,58,58,58,58
2025-02,SHERIFF,90D,50,50,50,50
2025-02,SHERIFF,90J,1,1,1,1
2025-02,SHERIFF,90Z,127,127,127,127
2025-03,CARLSBAD,90C,22,22,22,22
2025-03,CARLSBAD,90D,25,25,25,25
2025-03,CARLSBAD,90J,3,3,3,3
2025-03,CARLSBAD,90Z,14,14,14,14
2025-03,CHULA VISTA,90C,13,13,13,13
2025-03,CHULA VISTA,90D,35,35,35,35
2025-03,CHULA VISTA,90G,3,3,3,3
2025-03,CHULA VISTA,90Z,64,64,64,64
2025-03,EL CAJON,90B,26,14,26,26
2025-03,EL CAJON,90C,20,20,20,20
2025-03,EL CAJON,90D,12,12,12,12
2025-03,EL CAJON,90G,3,3,3,3
2025-03,EL CAJON,90J,2,2,2,2
2025-03,EL CAJON,90Z,46,46,46,46
2025-03,ESCONDIDO,90C,57,55,57,57
2025-03,ESCONDIDO,90D,49,49,49,49
2025-03,ESCONDIDO,90G,2,1,2,2
2025-03,ESCONDIDO,90J,5,2,5,5
2025-03,ESCONDIDO,90Z,53,53,53,53
2025-03,HARBOR POLICE,90C,7,7,7,7
2025-03,HARBOR POLICE,90D,1,1,1,1
2025-03,HARBOR POLICE,90J,1,1,1,1
2025-03,HARBOR POLICE,90Z,20,20,20,20
2025-03,LA MESA,90B,1,1,1,1
2025-03,LA MESA,90C,13,13,13,13
2025-03,LA MESA,90D,15,15,15,15
2025-03,LA MESA,90J,1,1,1,1
2025-03,LA MESA,90Z,29,29,29,29
2025-03,NATIONAL CITY,90C,19,19,19,19
2025-03,NATIONAL CITY,90D,9,9,9,9
2025-03,NATIONAL CITY,90G,1,1,1,1
2025-03,NATIONAL CITY,90J,1,1,1,1
2025-03,NATIONAL CITY,90Z,21,20,21,21
2025-03,OCEANSIDE,90C,16,16,16,16
2025-03,OCEANSIDE,90D,34,34,34,34
2025-03,OCEANSIDE,90J,2,2,2,2
2025-03,OCEANSIDE,90Z,52,52,52,52
2025-03,SAN DIEGO,90B,3,2,3,3
2025-03,SAN DIEGO,90C,198,194,197,197
2025-03,SAN DIEGO,90D,163,163,163,163
2025-03,SAN DIEGO,90F,1,1,1,1
2025-03,SAN DIEGO,90J,13,13,13,13
2025-03,SAN DIEGO,90Z,383,370,382,382
2025-03,SHERIFF,90C,63,58,58,63
2025-03,SHERIFF,90D,65,65,65,65
2025-03,SHERIFF,90Z,145,144,144,144
2025-04,CARLSBAD,90C,12,12,12,12
2025-04,CARLSBAD,90D,22,22,22,22
2025-04,CARLSBAD,90G,2,1,2,2
2025-04,CARLSBAD,90J,1,1,1,1
2025-04,CARLSBAD,90Z,16,16,16,16
2025-04,CHULA VISTA,90C,11,11,11,11
2025-04,CHULA VISTA,90D,23,23,23,23
2025-04,CHULA VISTA,90G,4,4,4,4
2025-04,CHULA VISTA,90J,2,2,2,2
2025-04,CHULA VISTA,90Z,61,60,60,60
2025-04,EL CAJON,90B,29,15,29,29
2025-04,EL CAJON,90C,9,9,9,9
2025-04,EL CAJON,90D,6,6,6,6
2025-04,EL CAJON,90J,1,1,1,1
2025-04,EL CAJON,90Z,38,37,38,38
2025-04,ESCONDIDO,90C,40,40,40,40
2025-04,ESCONDIDO,90D,45,45,45,45
2025-04,ESCONDIDO,90G,1,1,1,1
2025-04,ESCONDIDO,90Z,48,47,48,48
2025-04,HARBOR POLICE,90C,14,14,14,14
2025-04,HARBOR POLICE,90D,5,5,5,5
2025-04,HARBOR POLICE,90G,1,1,1,1
2025-04,HARBOR POLICE,90Z,15,15,15,15
2025-04,LA MESA,90C,21,21,21,21
2025-04,LA MESA,90D,13,13,13,13
2025-04,LA MESA,90Z,26,26,26,26
2025-04,NATIONAL CITY,90C,14,13,14,14
2025-04,NATIONAL CITY,90D,9,8,9,9
2025-04,NATIONAL CITY,90Z,10,10,10,10
2025-04,OCEANSIDE,90C,22,22,22,22
2025-04,OCEANSIDE,90D,34,34,34,34
2025-04,OCEANSIDE,90J,3,3,3,3
2025-04,OCEANSIDE,90Z,42,41,42,42
2025-04,SAN DIEGO,90B,6,5,6,6
2025-04,SAN DIEGO,90C,200,197,200,200
2025-04,SAN DIEGO,90D,140,140,140,140
2025-04,SAN DIEGO,90G,1,1,1,1
2025-04,SAN DIEGO,90J,20,19,20,20
2025-04,SAN DIEGO,90Z,398,393,398,398
2025-04,SHERIFF,90C,62,60,60,62
2025-04,SHERIFF,90D,61,61,61,61
2025-04,SHERIFF,90Z,145,144,144,144
2025-05,CARLSBAD,90C,20,20,20,20
2025-05,CARLSBAD,90D,34,34,34,34
2025-05,CARLSBAD,90Z,13,13,13,13
2025-05,CHULA VISTA,90C,10,10,10,10
2025-05,CHULA VISTA,90D,31,31,31,31
2025-05,CHULA VISTA,90J,5,5,5,5
2025-05,CHULA VISTA,90Z,69,67,68,68
2025-05,EL CAJON,90B,22,15,22,22
2025-05,EL CAJON,90C,9,9,9,9
2025-05,EL CAJON,90D,10,10,10,10
2025-05,EL CAJON,90G,1,1,1,1
2025-05,EL CAJON,90J,3,3,3,3
2025-05,EL CAJON,90Z,47,46,47,47
2025-05,ESCONDIDO,90C,38,38,38,38
2025-05,ESCONDIDO,90D,44,44,44,44
2025-05,ESCONDIDO,90G,1,1,1,1
2025-05,ESCONDIDO,90Z,70,69,70,70
2025-05,HARBOR POLICE,90C,7,7,7,7
2025-05,HARBOR POLICE,90D,6,6,6,6
2025-05,HARBOR POLICE,90J,4,4,4,4
2025-05,HARBOR POLICE,90Z,26,26,26,26
2025-05,LA MESA,90C,15,15,15,15
2025-05,LA MESA,90D,15,15,15,15
2025-05,LA MESA,90Z,38,36,37,37
2025-05,NATIONAL CITY,90C,15,15,15,15
2025-05,NATIONAL CITY,90D,8,8,8,8
2025-05,NATIONAL CITY,90J,1,1,1,1
2025-05,NATIONAL CITY,90Z,14,14,14,14
2025-05,OCEANSIDE,90C,19,19,19,19
2025-05,OCEANSIDE,90D,32,32,32,32
2025-05,OCEANSIDE,90G,1,1,1,1
2025-05,OCEANSIDE,90J,2,2,2,2
2025-05,OCEANSIDE,90Z,42,39,42,42
2025-05,SAN DIEGO,90B,6,6,6,6
2025-05,SAN DIEGO,90C,172,171,172,172
2025-05,SAN DIEGO,90D,129,129,129,129
2025-05,SAN DIEGO,90G,3,3,3,3
2025-05,SAN DIEGO,90J,20,20,20,20
2025-05,SAN DIEGO,90Z,399,397,399,399
2025-05,SHERIFF,90C,70,66,66,70
2025-05,SHERIFF,90D,74,74,74,74
2025-05,SHERIFF,90J,1,1,1,1
2025-05,SHERIFF,90Z,150,150,150,150
2025-06,CARLSBAD,90C,27,27,27,27
2025-06,CARLSBAD,90D,30,30,30,30
2025-06,CARLSBAD,90Z,14,14,14,14
2025-06,CHULA VISTA,90C,12,12,12,12
2025-06,CHULA VISTA,90D,26,26,26,26
2025-06,CHULA VISTA,90J,2,2,2,2
2025-06,CHULA VISTA,90Z,49,46,49,49
2025-06,EL CAJON,90B,18,13,18,18
2025-06,EL CAJON,90C,16,15,16,16
2025-06,EL CAJON,90D,9,9,9,9
2025-06,EL CAJON,90J,2,2,2,2
2025-06,EL CAJON,90Z,49,49,49,49
2025-06,ESCONDIDO,90C,49,49,49,49
2025-06,ESCONDIDO,90D,33,33,33,33
2025-06,ESCONDIDO,90G,1,1,1,1
2025-06,ESCONDIDO,90J,14,4,14,14
2025-06,ESCONDIDO,90Z,49,46,49,49
2025-06,HARBOR POLICE,90C,11,11,11,11
2025-06,HARBOR POLICE,90D,1,1,1,1
2025-06,HARBOR POLICE,90J,1,1,1,1
2025-06,HARBOR POLICE,90Z,25,25,25,25
2025-06,LA MESA,90C,27,27,27,27
2025-06,LA MESA,90D,12,12,12,12
2025-06,LA MESA,90Z,21,21,21,21
2025-06,NATIONAL CITY,90C,13,12,13,13
2025-06,NATIONAL CITY,90D,5,5,5,5
2025-06,NATIONAL CITY,90Z,15,15,15,15
2025-06,OCEANSIDE,90C,21,21,21,21
2025-06,OCEANSIDE,90D,32,32,32,32
2025-06,OCEANSIDE,90J,2,2,2,2
2025-06,OCEANSIDE,90Z,33,33,33,33
2025-06,SAN DIEGO,90B,17,16,17,17
2025-06,SAN DIEGO,90C,218,216,218,218
2025-06,SAN DIEGO,90D,105,105,105,105
2025-06,SAN DIEGO,90G,4,4,4,4
2025-06,SAN DIEGO,90J,9,8,9,9
2025-06,SAN DIEGO,90Z,387,382,386,386
2025-06,SHERIFF,90B,2,1,2,2
2025-06,SHERIFF,90C,91,88,91,91
2025-06,SHERIFF,90D,74,74,74,74
2025-06,SHERIFF,90J,9,8,9,9
2025-06,SHERIFF,90Z,216,211,213,214
2025-07,CARLSBAD,90C,18,18,18,18
2025-07,CARLSBAD,90D,28,28,28,28
2025-07,CARLSBAD,90J,1,1,1,1
2025-07,CARLSBAD,90Z,13,13,13,13
2025-07,CHULA VISTA,90C,5,5,5,5
2025-07,CHULA VISTA,90D,25,25,25,25
2025-07,CHULA VISTA,90J,9,5,9,9
2025-07,CHULA VISTA,90Z,65,65,65,65
2025-07,EL CAJON,90B,13,11,13,13
2025-07,EL CAJON,90C,10,10,10,10
2025-07,EL CAJON,90D,10,10,10,10
2025-07,EL CAJON,90J,1,1,1,1
2025-07,EL CAJON,90Z,50,49,50,50
2025-07,ESCONDIDO,90C,41,41,41,41
2025-07,ESCONDIDO,90D,37,37,37,37
2025-07,ESCONDIDO,90G,1,1,1,1
2025-07,ESCONDIDO,90J,1,1,1,1
2025-07,ESCONDIDO,90Z,55,54,55,55
2025-07,HARBOR POLICE,90C,16,16,16,16
2025-07,HARBOR POLICE,90D,3,3,3,3
2025-07,HARBOR POLICE,90Z,15,15,15,15
2025-07,LA MESA,90B,1,1,1,1
2025-07,LA MESA,90C,23,23,23,23
2025-07,LA MESA,90D,11,11,11,11
2025-07,LA MESA,90J,1,1,1,1
2025-07,LA MESA,90Z,25,25,25,25
2025-07,NATIONAL CITY,90C,17,16,17,17
2025-07,NATIONAL CITY,90D,8,8,8,8
2025-07,NATIONAL CITY,90Z,30,30,30,30
2025-07,OCEANSIDE,90C,34,33,34,34
2025-07,OCEANSIDE,90D,26,26,26,26
2025-07,OCEANSIDE,90J,4,3,4,4
2025-07,OCEANSIDE,90Z,60,59,59,59
2025-07,SAN DIEGO,90B,28,26,28,28
2025-07,SAN DIEGO,90C,215,211,215,215
2025-07,SAN DIEGO,90D,109,109,109,109
2025-07,SAN DIEGO,90G,7,6,7,7
2025-07,SAN DIEGO,90J,18,10,18,18
2025-07,SAN DIEGO,90Z,453,446,450,450
2025-07,SHERIFF,90B,14,10,14,14
2025-07,SHERIFF,90C,81,80,81,81
2025-07,SHERIFF,90D,96,96,96,96
2025-07,SHERIFF,90G,6,2,6,6
2025-07,SHERIFF,90J,8,7,8,8
2025-07,SHERIFF,90Z,289,282,286,286
2025-08,CARLSBAD,90C,21,21,21,21
2025-08,CARLSBAD,90D,29,29,29,29
2025-08,CARLSBAD,90J,1,1,1,1
2025-08,CARLSBAD,90Z,13,13,13,13
2025-08,CHULA VISTA,90C,10,10,10,10
2025-08,CHULA VISTA,90D,35,35,35,35
2025-08,CHULA VISTA,90G,2,2,2,2
2025-08,CHULA VISTA,90J,20,1,20,20
2025-08,CHULA VISTA,90Z,44,44,44,44
2025-08,EL CAJON,90B,21,10,21,21
2025-08,EL CAJON,90C,17,17,17,17
2025-08,EL CAJON,90D,14,14,14,14
2025-08,EL CAJON,90Z,44,43,44,44
2025-08,ESCONDIDO,90C,53,53,53,53
2025-08,ESCONDIDO,90D,59,59,59,59
2025-08,ESCONDIDO,90G,2,2,2,2
2025-08,ESCONDIDO,90J,1,1,1,1
2025-08,ESCONDIDO,90Z,55,53,55,55
2025-08,HARBOR POLICE,90C,16,16,16,16
2025-08,HARBOR POLICE,90D,4,4,4,4
2025-08,HARBOR POLICE,90J,1,1,1,1
2025-08,HARBOR POLICE,90Z,21,21,21,21
2025-08,LA MESA,90B,1,1,1,1
2025-08,LA MESA,90C,23,22,23,23
2025-08,LA MESA,90D,21,21,21,21
2025-08,LA MESA,90Z,24,24,24,24
2025-08,NATIONAL CITY,90C,11,11,11,11
2025-08,NATIONAL CITY,90D,14,14,14,14
2025-08,NATIONAL CITY,90G,2,2,2,2
2025-08,NATIONAL CITY,90J,1,1,1,1
2025-08,NATIONAL CITY,90Z,21,21,21,21
2025-08,OCEANSIDE,90B,1,1,1,1
2025-08,OCEANSIDE,90C,32,32,32,32
2025-08,OCEANSIDE,90D,40,40,40,40
2025-08,OCEANSIDE,90J,1,1,1,1
2025-08,OCEANSIDE,90Z,51,50,51,51
2025-08,SAN DIEGO,90B,26,25,26,26
2025-08,SAN DIEGO,90C,221,217,221,221
2025-08,SAN DIEGO,90D,124,124,124,124
2025-08,SAN DIEGO,90G,2,2,2,2
2025-08,SAN DIEGO,90J,8,8,8,8
2025-08,SAN DIEGO,90Z,416,407,415,415
2025-08,SHERIFF,90B,6,6,6,6
2025-08,SHERIFF,90C,90,83,90,90
2025-08,SHERIFF,90D,111,111,111,111
2025-08,SHERIFF,90G,3,3,3,3
2025-08,SHERIFF,90J,6,6,6,6
2025-08,SHERIFF,90Z,250,246,249,249
2025-09,CARLSBAD,90C,12,11,12,12
2025-09,CARLSBAD,90D,23,23,23,23
2025-09,CARLSBAD,90Z,5,5,5,5
2025-09,CHULA VISTA,90C,13,11,13,13
2025-09,CHULA VISTA,90D,34,34,34,34
2025-09,CHULA VISTA,90J,1,1,1,1
2025-09,CHULA VISTA,90Z,53,52,52,52
2025-09,EL CAJON,90B,53,27,53,53
2025-09,EL CAJON,90C,16,15,16,16
2025-09,EL CAJON,90D,9,9,9,9
2025-09,EL CAJON,90G,1,1,1,1
2025-09,EL CAJON,90J,2,2,2,2
2025-09,EL CAJON,90Z,54,52,53,53
2025-09,ESCONDIDO,90C,37,37,37,37
2025-09,ESCONDIDO,90D,32,32,32,32
2025-09,ESCONDIDO,90G,1,1,1,1
2025-09,ESCONDIDO,90J,1,1,1,1
2025-09,ESCONDIDO,90Z,53,49,53,53
2025-09,HARBOR POLICE,90C,9,9,9,9
2025-09,HARBOR POLICE,90D,4,4,4,4
2025-09,HARBOR POLICE,90J,1,1,1,1
2025-09,HARBOR POLICE,90Z,19,19,19,19
2025-09,LA MESA,90B,1,1,1,1
2025-09,LA MESA,90C,24,23,24,24
2025-09,LA MESA,90D,17,17,17,17
2025-09,LA MESA,90J,2,2,2,2
2025-09,LA MESA,90Z,22,22,22,22
2025-09,NATIONAL CITY,90C,13,13,13,13
2025-09,NATIONAL CITY,90D,11,11,11,11
2025-09,NATIONAL CITY,90Z,18,17,18,18
2025-09,OCEANSIDE,90B,2,1,2,2
2025-09,OCEANSIDE,90C,28,28,28,28
2025-09,OCEANSIDE,90D,19,19,19,19
2025-09,OCEANSIDE,90J,1,1,1,1
2025-09,OCEANSIDE,90Z,41,41,41,41
2025-09,SAN DIEGO,90B,38,34,38,38
2025-09,SAN DIEGO,90C,180,176,180,180
2025-09,SAN DIEGO,90D,105,105,105,105
2025-09,SAN DIEGO,90G,1,1,1,1
2025-09,SAN DIEGO,90J,7,6,7,7
2025-09,SAN DIEGO,90Z,415,406,410,410
2025-09,SHERIFF,90B,11,11,11,11
2025-09,SHERIFF,90C,98,97,98,98
2025-09,SHERIFF,90D,90,90,90,90
2025-09,SHERIFF,90G,1,1,1,1
2025-09,SHERIFF,90J,9,7,9,9
2025-09,SHERIFF,90Z,236,232,235,235
2025-10,CARLSBAD,90C,7,7,7,7
2025-10,CARLSBAD,90D,18,18,18,18
2025-10,CARLSBAD,90G,3,3,3,3
2025-10,CARLSBAD,90Z,12,12,12,12
2025-10,CHULA VISTA,90C,9,9,9,9
2025-10,CHULA VISTA,90D,30,30,30,30
2025-10,CHULA VISTA,90G,1,1,1,1
2025-10,CHULA VISTA,90J,2,2,2,2
2025-10,CHULA VISTA,90Z,58,58,58,58
2025-10,EL CAJON,90B,5,3,5,5
2025-10,EL CAJON,90C,12,12,12,12
2025-10,EL CAJON,90D,6,6,6,6
2025-10,EL CAJON,90J,2,2,2,2
2025-10,EL CAJON,90Z,55,55,55,55
2025-10,ESCONDIDO,90C,55,54,55,55
2025-10,ESCONDIDO,90D,41,41,41,41
2025-10,ESCONDIDO,90G,1,1,1,1
2025-10,ESCONDIDO,90J,2,2,2,2
2025-10,ESCONDIDO,90Z,52,50,52,52
2025-10,HARBOR POLICE,90C,11,11,11,11
2025-10,HARBOR POLICE,90D,3,3,3,3
2025-10,HARBOR POLICE,90G,1,1,1,1
2025-10,HARBOR POLICE,90Z,16,16,16,16
2025-10,LA MESA,90C,16,16,16,16
2025-10,LA MESA,90D,14,14,14,14
2025-10,LA MESA,90Z,26,25,25,25
2025-10,NATIONAL CITY,90C,25,18,23,23
2025-10,NATIONAL CITY,90D,6,6,6,6
2025-10,NATIONAL CITY,90Z,24,23,24,24
2025-10,OCEANSIDE,90B,1,1,1,1
2025-10,OCEANSIDE,90C,14,14,14,14
2025-10,OCEANSIDE,90D,30,30,30,30
2025-10,OCEANSIDE,90G,1,1,1,1
2025-10,OCEANSIDE,90Z,48,48,48,48
2025-10,SAN DIEGO,90B,23,21,23,23
2025-10,SAN DIEGO,90C,145,142,145,145
2025-10,SAN DIEGO,90D,111,111,111,111
2025-10,SAN DIEGO,90G,2,2,2,2
2025-10,SAN DIEGO,90J,13,9,13,13
2025-10,SAN DIEGO,90Z,397,393,395,395
2025-10,SHERIFF,90B,13,9,13,13
2025-10,SHERIFF,90C,87,86,87,87
2025-10,SHERIFF,90D,109,109,109,109
2025-10,SHERIFF,90G,2,2,2,2
2025-10,SHERIFF,90J,14,13,14,14
2025-10,SHERIFF,90Z,258,253,258,258
2025-11,CARLSBAD,90C,27,27,27,27
2025-11,CARLSBAD,90D,35,35,35,35
2025-11,CARLSBAD,90J,1,1,1,1
2025-11,CARLSBAD,90Z,9,9,9,9
2025-11,CHULA VISTA,90C,7,7,7,7
2025-11,CHULA VISTA,90D,35,35,35,35
2025-11,CHULA VISTA,90J,2,2,2,2
2025-11,CHULA VISTA,90Z,54,51,54,54
2025-11,EL CAJON,90B,12,7,12,12
2025-11,EL CAJON,90C,13,11,13,13
2025-11,EL CAJON,90D,10,10,10,10
2025-11,EL CAJON,90J,1,1,1,1
2025-11,EL CAJON,90Z,46,46,46,46
2025-11,ESCONDIDO,90C,44,44,44,44
2025-11,ESCONDIDO,90D,43,43,43,43
2025-11,ESCONDIDO,90J,3,3,3,3
2025-11,ESCONDIDO,90Z,59,59,59,59
2025-11,HARBOR POLICE,90B,2,1,2,2
2025-11,HARBOR POLICE,90C,9,9,9,9
2025-11,HARBOR POLICE,90D,3,3,3,3
2025-11,HARBOR POLICE,90J,3,2,3,3
2025-11,HARBOR POLICE,90Z,19,19,19,19
2025-11,LA MESA,90B,3,1,3,3
2025-11,LA MESA,90C,20,20,20,20
2025-11,LA MESA,90D,12,12,12,12
2025-11,LA MESA,90J,1,1,1,1
2025-11,LA MESA,90Z,29,27,29,29
2025-11,NATIONAL CITY,90C,16,12,16,16
2025-11,NATIONAL CITY,90D,9,9,9,9
2025-11,NATIONAL CITY,90Z,21,21,21,21
2025-11,OCEANSIDE,90C,28,28,28,28
2025-11,OCEANSIDE,90D,27,27,27,27
2025-11,OCEANSIDE,90J,1,1,1,1
2025-11,OCEANSIDE,90Z,38,37,37,37
2025-11,SAN DIEGO,90B,5,5,5,5
2025-11,SAN DIEGO,90C,162,157,162,162
2025-11,SAN DIEGO,90D,117,117,117,117
2025-11,SAN DIEGO,90G,2,2,2,2
2025-11,SAN DIEGO,90J,5,5,5,5
2025-11,SAN DIEGO,90Z,360,357,359,359
2025-11,SHERIFF,90B,14,10,14,14
2025-11,SHERIFF,90C,67,65,67,67
2025-11,SHERIFF,90D,124,124,124,124
2025-11,SHERIFF,90G,4,1,4,4
2025-11,SHERIFF,90J,7,7,7,7
2025-11,SHERIFF,90Z,207,202,205,205
2025-12,CARLSBAD,90C,13,13,13,13
2025-12,CARLSBAD,90D,24,24,24,24
2025-12,CARLSBAD,90G,2,1,1,1
2025-12,CARLSBAD,90J,4,2,4,4
2025-12,CARLSBAD,90Z,9,9,9,9
2025-12,CHULA VISTA,90C,2,2,2,2
2025-12,CHULA VISTA,90D,43,43,43,43
2025-12,CHULA VISTA,90G,2,2,2,2
2025-12,CHULA VISTA,90J,4,4,4,4
2025-12,CHULA VISTA,90Z,50,50,50,50
2025-12,EL CAJON,90B,48,16,48,48
2025-12,EL CAJON,90C,4,4,4,4
2025-12,EL CAJON,90D,15,15,15,15
2025-12,EL CAJON,90J,2,2,2,2
2025-12,EL CAJON,90Z,35,33,35,35
2025-12,ESCONDIDO,90C,36,34,36,36
2025-12,ESCONDIDO,90D,33,33,33,33
2025-12,ESCONDIDO,90G,1,1,1,1
2025-12,ESCONDIDO,90J,5,4,5,5
2025-12,ESCONDIDO,90Z,41,41,41,41
2025-12,HARBOR POLICE,90C,11,11,11,11
2025-12,HARBOR POLICE,90D,3,3,3,3
2025-12,HARBOR POLICE,90Z,18,18,18,18
2025-12,LA MESA,90C,14,14,14,14
2025-12,LA MESA,90D,12,12,12,12
2025-12,LA MESA,90J,1,1,1,1
2025-12,LA MESA,90Z,31,31,31,31
2025-12,NATIONAL CITY,90C,5,5,5,5
2025-12,NATIONAL CITY,90D,11,11,11,11
2025-12,NATIONAL CITY,90Z,20,19,20,20
2025-12,OCEANSIDE,90C,17,17,17,17
2025-12,OCEANSIDE,90D,30,30,30,30
2025-12,OCEANSIDE,90J,5,3,5,5
2025-12,OCEANSIDE,90Z,32,32,32,32
2025-12,SAN DIEGO,90B,10,10,10,10
2025-12,SAN DIEGO,90C,124,121,124,124
2025-12,SAN DIEGO,90D,105,105,105,105
2025-12,SAN DIEGO,90G,3,1,3,3
2025-12,SAN DIEGO,90J,3,3,3,3
2025-12,SAN DIEGO,90Z,394,388,392,392
2025-12,SHERIFF,90B,13,10,13,13
2025-12,SHERIFF,90C,70,69,70,70
2025-12,SHERIFF,90D,109,109,109,109
2025-12,SHERIFF,90J,9,9,9,9
2025-12,SHERIFF,90Z,235,230,235,235
2026-01,CARLSBAD,90C,23,23,23,23
2026-01,CARLSBAD,90D,34,34,34,34
2026-01,CARLSBAD,90J,1,1,1,1
2026-01,CARLSBAD,90Z,20,20,20,20
2026-01,CHULA VISTA,90C,8,8,8,8
2026-01,CHULA VISTA,90D,32,32,32,32
2026-01,CHULA VISTA,90Z,60,60,60,60
2026-01,EL CAJON,90B,18,9,18,18
2026-01,EL CAJON,90C,14,14,14,14
2026-01,EL CAJON,90D,11,11,11,11
2026-01,EL CAJON,90J,2,2,2,2
2026-01,EL CAJON,90Z,39,38,39,39
2026-01,ESCONDIDO,90C,40,39,40,40
2026-01,ESCONDIDO,90D,35,35,35,35
2026-01,ESCONDIDO,90G,1,1,1,1
2026-01,ESCONDIDO,90Z,50,50,50,50
2026-01,HARBOR POLICE,90C,7,7,7,7
2026-01,HARBOR POLICE,90D,2,2,2,2
2026-01,HARBOR POLICE,90J,5,2,5,5
2026-01,HARBOR POLICE,90Z,21,21,21,21
2026-01,LA MESA,90C,21,21,21,21
2026-01,LA MESA,90D,30,30,30,30
2026-01,LA MESA,90G,1,1,1,1
2026-01,LA MESA,90Z,38,38,38,38
2026-01,NATIONAL CITY,90C,8,8,8,8
2026-01,NATIONAL CITY,90D,6,6,6,6
2026-01,NATIONAL CITY,90J,1,1,1,1
2026-01,NATIONAL CITY,90Z,9,9,9,9
2026-01,OCEANSIDE,90C,24,24,24,24
2026-01,OCEANSIDE,90D,34,34,34,34
2026-01,OCEANSIDE,90G,1,1,1,1
2026-01,OCEANSIDE,90J,4,4,4,4
2026-01,OCEANSIDE,90Z,54,53,54,54
2026-01,SAN DIEGO,90B,16,16,16,16
2026-01,SAN DIEGO,90C,134,131,134,134
2026-01,SAN DIEGO,90D,110,110,110,110
2026-01,SAN DIEGO,90G,8,5,8,8
2026-01,SAN DIEGO,90J,13,13,13,13
2026-01,SAN DIEGO,90Z,410,403,409,409
2026-01,SHERIFF,90B,8,8,8,8
2026-01,SHERIFF,90C,61,60,61,61
2026-01,SHERIFF,90D,103,103,103,103
2026-01,SHERIFF,90G,2,1,2,2
2026-01,SHERIFF,90J,13,12,13,13
2026-01,SHERIFF,90Z,246,240,245,245
2026-02,CARLSBAD,90C,20,20,20,20
2026-02,CARLSBAD,90D,41,41,41,41
2026-02,CARLSBAD,90J,2,2,2,2
2026-02,CARLSBAD,90Z,17,17,17,17
2026-02,CHULA VISTA,90C,8,7,8,8
2026-02,CHULA VISTA,90D,36,36,36,36
2026-02,CHULA VISTA,90J,2,2,2,2
2026-02,CHULA VISTA,90Z,49,49,49,49
2026-02,EL CAJON,90B,15,12,15,15
2026-02,EL CAJON,90C,7,7,7,7
2026-02,EL CAJON,90D,7,7,7,7
2026-02,EL CAJON,90J,2,2,2,2
2026-02,EL CAJON,90Z,37,36,36,36
2026-02,ESCONDIDO,90C,50,50,50,50
2026-02,ESCONDIDO,90D,34,34,34,34
2026-02,ESCONDIDO,90G,2,2,2,2
2026-02,ESCONDIDO,90J,1,1,1,1
2026-02,ESCONDIDO,90Z,80,79,80,80
2026-02,HARBOR POLICE,90C,9,9,9,9
2026-02,HARBOR POLICE,90D,2,2,2,2
2026-02,HARBOR POLICE,90J,1,1,1,1
2026-02,HARBOR POLICE,90Z,14,14,14,14
2026-02,LA MESA,90C,11,11,11,11
2026-02,LA MESA,90D,24,24,24,24
2026-02,LA MESA,90G,1,1,1,1
2026-02,LA MESA,90J,1,1,1,1
2026-02,LA MESA,90Z,23,23,23,23
2026-02,NATIONAL CITY,90C,10,8,10,10
2026-02,NATIONAL CITY,90D,11,11,11,11
2026-02,NATIONAL CITY,90Z,27,27,27,27
2026-02,OCEANSIDE,90C,29,29,29,29
2026-02,OCEANSIDE,90D,25,25,25,25
2026-02,OCEANSIDE,90Z,41,41,41,41
2026-02,SAN DIEGO,90B,9,9,9,9
2026-02,SAN DIEGO,90C,141,141,141,141
2026-02,SAN DIEGO,90D,96,96,96,96
2026-02,SAN DIEGO,90G,4,4,4,4
2026-02,SAN DIEGO,90J,17,14,17,17
2026-02,SAN DIEGO,90Z,392,383,391,391
2026-02,SHERIFF,90B,20,15,20,20
2026-02,SHERIFF,90C,78,75,78,78
2026-02,SHERIFF,90D,99,99,99,99
2026-02,SHERIFF,90G,2,1,2,2
2026-02,SHERIFF,90J,19,17,19,19
2026-02,SHERIFF,90Z,196,195,196,196
2026-03,CARLSBAD,90C,21,21,21,21
2026-03,CARLSBAD,90D,31,31,31,31
2026-03,CARLSBAD,90J,4,4,4,4
2026-03,CARLSBAD,90Z,11,11,11,11
2026-03,CHULA VISTA,90C,11,11,11,11
2026-03,CHULA VISTA,90D,36,36,36,36
2026-03,CHULA VISTA,90G,1,1,1,1
2026-03,CHULA VISTA,90J,1,1,1,1
2026-03,CHULA VISTA,90Z,64,63,64,64
2026-03,EL CAJON,90B,29,17,29,29
2026-03,EL CAJON,90C,14,14,14,14
2026-03,EL CAJON,90D,14,14,14,14
2026-03,EL CAJON,90G,2,2,2,2
2026-03,EL CAJON,90J,2,2,2,2
2026-03,EL CAJON,90Z,35,34,35,35
2026-03,ESCONDIDO,90B,1,1,1,1
2026-03,ESCONDIDO,90C,43,43,43,43
2026-03,ESCONDIDO,90D,44,44,44,44
2026-03,ESCONDIDO,90G,3,3,3,3
2026-03,ESCONDIDO,90Z,54,54,54,54
2026-03,HARBOR POLICE,90C,13,13,13,13
2026-03,HARBOR POLICE,90D,3,3,3,3
2026-03,HARBOR POLICE,90Z,19,19,19,19
2026-03,LA MESA,90C,17,17,17,17
2026-03,LA MESA,90D,24,24,24,24
2026-03,LA MESA,90J,1,1,1,1
2026-03,LA MESA,90Z,26,25,26,26
2026-03,NATIONAL CITY,90C,19,17,19,19
2026-03,NATIONAL CITY,90D,5,5,5,5
2026-03,NATIONAL CITY,90G,2,2,2,2
2026-03,NATIONAL CITY,90J,3,3,3,3
2026-03,NATIONAL CITY,90Z,21,21,21,21
2026-03,OCEANSIDE,90C,29,28,29,29
2026-03,OCEANSIDE,90D,40,40,40,40
2026-03,OCEANSIDE,90J,2,2,2,2
2026-03,OCEANSIDE,90Z,43,43,43,43
2026-03,SAN DIEGO,90B,6,6,6,6
2026-03,SAN DIEGO,90C,160,155,160,160
2026-03,SAN DIEGO,90D,93,93,93,93
2026-03,SAN DIEGO,90G,7,6,7,7
2026-03,SAN DIEGO,90J,13,13,13,13
2026-03,SAN DIEGO,90Z,384,379,383,383
2026-03,SHERIFF,90B,14,11,14,14
2026-03,SHERIFF,90C,75,72,75,75
2026-03,SHERIFF,90D,95,95,95,95
2026-03,SHERIFF,90J,8,8,8,8
2026-03,SHERIFF,90Z,249,245,248,248
2026-04,CARLSBAD,90C,9,9,9,9
2026-04,CARLSBAD,90D,25,25,25,25
2026-04,CARLSBAD,90G,1,1,1,1
2026-04,CARLSBAD,90Z,20,20,20,20
2026-04,CHULA VISTA,90C,12,12,12,12
2026-04,CHULA VISTA,90D,40,40,40,40
2026-04,CHULA VISTA,90G,1,1,1,1
2026-04,CHULA VISTA,90J,1,1,1,1
2026-04,CHULA VISTA,90Z,43,43,43,43
2026-04,EL CAJON,90B,22,15,22,22
2026-04,EL CAJON,90C,6,6,6,6
2026-04,EL CAJON,90D,14,14,14,14
2026-04,EL CAJON,90J,1,1,1,1
2026-04,EL CAJON,90Z,45,44,45,45
2026-04,ESCONDIDO,90B,1,1,1,1
2026-04,ESCONDIDO,90C,35,35,35,35
2026-04,ESCONDIDO,90D,47,47,47,47
2026-04,ESCONDIDO,90F,1,1,1,1
2026-04,ESCONDIDO,90G,2,2,2,2
2026-04,ESCONDIDO,90J,7,3,7,7
2026-04,ESCONDIDO,90Z,53,53,53,53
2026-04,HARBOR POLICE,90C,16,16,16,16
2026-04,HARBOR POLICE,90D,3,3,3,3
2026-04,HARBOR POLICE,90J,1,1,1,1
2026-04,HARBOR POLICE,90Z,19,19,19,19
2026-04,LA MESA,90C,28,27,28,28
2026-04,LA MESA,90D,25,25,25,25
2026-04,LA MESA,90J,2,2,2,2
2026-04,LA MESA,90Z,25,25,25,25
2026-04,NATIONAL CITY,90C,13,11,13,13
2026-04,NATIONAL CITY,90D,10,10,10,10
2026-04,NATIONAL CITY,90Z,17,17,17,17
2026-04,OCEANSIDE,90C,32,32,32,32
2026-04,OCEANSIDE,90D,39,39,39,39
2026-04,OCEANSIDE,90J,3,3,3,3
2026-04,OCEANSIDE,90Z,36,36,36,36
2026-04,SAN DIEGO,90B,9,9,9,9
2026-04,SAN DIEGO,90C,126,126,126,126
2026-04,SAN DIEGO,90D,103,103,103,103
2026-04,SAN DIEGO,90G,1,1,1,1
2026-04,SAN DIEGO,90J,25,22,25,25
2026-04,SAN DIEGO,90Z,350,347,348,348
2026-04,SHERIFF,90B,12,11,12,12
2026-04,SHERIFF,90C,62,60,62,62
2026-04,SHERIFF,90D,92,92,92,92
2026-04,SHERIFF,90J,11,10,11,11
2026-04,SHERIFF,90Z,222,221,222,222
2026-05,CARLSBAD,90C,19,18,19,19
2026-05,CARLSBAD,90D,35,35,35,35
2026-05,CARLSBAD,90J,2,2,2,2
2026-05,CARLSBAD,90Z,19,19,19,19
2026-05,CHULA VISTA,90C,11,11,11,11
2026-05,CHULA VISTA,90D,38,38,38,38
2026-05,CHULA VISTA,90G,3,2,3,3
2026-05,CHULA VISTA,90J,2,2,2,2
2026-05,CHULA VISTA,90Z,57,57,57,57
2026-05,EL CAJON,90B,11,9,11,11
2026-05,EL CAJON,90C,17,17,17,17
2026-05,EL CAJON,90D,5,5,5,5
2026-05,EL CAJON,90J,1,1,1,1
2026-05,EL CAJON,90Z,32,32,32,32
2026-05,ESCONDIDO,90C,39,37,39,39
2026-05,ESCONDIDO,90D,52,52,52,52
2026-05,ESCONDIDO,90Z,52,52,52,52
2026-05,HARBOR POLICE,90C,13,13,13,13
2026-05,HARBOR POLICE,90D,8,8,8,8
2026-05,HARBOR POLICE,90G,2,2,2,2
2026-05,HARBOR POLICE,90J,4,3,4,4
2026-05,HARBOR POLICE,90Z,14,14,14,14
2026-05,LA MESA,90C,23,23,23,23
2026-05,LA MESA,90D,14,14,14,14
2026-05,LA MESA,90Z,17,17,17,17
2026-05,NATIONAL CITY,90C,18,18,18,18
2026-05,NATIONAL CITY,90D,10,10,10,10
2026-05,NATIONAL CITY,90Z,19,19,19,19
2026-05,OCEANSIDE,90C,28,28,28,28
2026-05,OCEANSIDE,90D,31,31,31,31
2026-05,OCEANSIDE,90J,3,3,3,3
2026-05,OCEANSIDE,90Z,43,43,43,43
2026-05,SAN DIEGO,90B,2,2,2,2
2026-05,SAN DIEGO,90C,178,178,178,178
2026-05,SAN DIEGO,90D,120,120,120,120
2026-05,SAN DIEGO,90G,4,3,4,4
2026-05,SAN DIEGO,90J,15,15,15,15
2026-05,SAN DIEGO,90Z,335,330,332,332
2026-05,SHERIFF,90B,9,6,9,9
2026-05,SHERIFF,90C,74,71,74,74
2026-05,SHERIFF,90D,97,97,97,97
2026-05,SHERIFF,90J,8,8,8,8
2026-05,SHERIFF,90Z,218,217,218,218
2026-06,CARLSBAD,90C,18,18,18,18
2026-06,CARLSBAD,90D,28,28,28,28
2026-06,CARLSBAD,90J,5,5,5,5
2026-06,CARLSBAD,90Z,22,22,22,22
2026-06,CHULA VISTA,90C,11,11,11,11
2026-06,CHULA VISTA,90D,29,29,29,29
2026-06,CHULA VISTA,90J,1,1,1,1
2026-06,CHULA VISTA,90Z,43,41,43,43
2026-06,EL CAJON,90B,15,7,15,15
2026-06,EL CAJON,90C,11,10,11,11
2026-06,EL CAJON,90D,13,13,13,13
2026-06,EL CAJON,90Z,37,36,37,37
2026-06,ESCONDIDO,90C,39,39,39,39
2026-06,ESCONDIDO,90D,43,43,43,43
2026-06,ESCONDIDO,90J,2,2,2,2
2026-06,ESCONDIDO,90Z,63,62,63,63
2026-06,HARBOR POLICE,90C,12,12,12,12
2026-06,HARBOR POLICE,90D,6,6,6,6
2026-06,HARBOR POLICE,90J,1,1,1,1
2026-06,HARBOR POLICE,90Z,15,15,15,15
2026-06,LA MESA,90C,23,21,23,23
2026-06,LA MESA,90D,16,16,16,16
2026-06,LA MESA,90G,1,1,1,1
2026-06,LA MESA,90J,2,2,2,2
2026-06,LA MESA,90Z,18,18,18,18
2026-06,NATIONAL CITY,90C,9,9,9,9
2026-06,NATIONAL CITY,90D,6,6,6,6
2026-06,NATIONAL CITY,90J,1,1,1,1
2026-06,NATIONAL CITY,90Z,15,15,15,15
2026-06,OCEANSIDE,90B,1,1,1,1
2026-06,OCEANSIDE,90C,32,32,32,32
2026-06,OCEANSIDE,90D,21,21,21,21
2026-06,OCEANSIDE,90J,3,3,3,3
2026-06,OCEANSIDE,90Z,49,48,49,49
2026-06,SAN DIEGO,90B,8,6,8,8
2026-06,SAN DIEGO,90C,144,142,144,144
2026-06,SAN DIEGO,90D,115,115,115,115
2026-06,SAN DIEGO,90G,8,7,8,8
2026-06,SAN DIEGO,90J,16,16,16,16
2026-06,SAN DIEGO,90Z,370,364,368,368
2026-06,SHERIFF,90B,7,6,7,7
2026-06,SHERIFF,90C,77,74,77,77
2026-06,SHERIFF,90D,99,99,99,99
2026-06,SHERIFF,90G,2,1,2,2
2026-06,SHERIFF,90J,10,10,10,10
2026-06,SHERIFF,90Z,195,193,195,195
2026-07,CARLSBAD,90C,30,30,30,30
2026-07,CARLSBAD,90D,36,36,36,36
2026-07,CARLSBAD,90J,1,1,1,1
2026-07,CARLSBAD,90Z,19,18,19,19
2026-07,CHULA VISTA,90C,13,12,13,13
2026-07,CHULA VISTA,90D,33,33,33,33
2026-07,CHULA VISTA,90J,2,1,2,2
2026-07,CHULA VISTA,90Z,60,60,60,60
2026-07,EL CAJON,90B,21,10,21,21
2026-07,EL CAJON,90C,10,10,10,10
2026-07,EL CAJON,90D,12,12,12,12
2026-07,EL CAJON,90Z,45,45,45,45
2026-07,ESCONDIDO,90C,44,44,44,44
2026-07,ESCONDIDO,90D,42,42,42,42
2026-07,ESCONDIDO,90J,3,2,3,3
2026-07,ESCONDIDO,90Z,70,68,70,70
2026-07,HARBOR POLICE,90C,9,9,9,9
2026-07,HARBOR POLICE,90D,4,4,4,4
2026-07,HARBOR POLICE,90J,5,5,5,5
2026-07,HARBOR POLICE,90Z,20,19,20,20
2026-07,LA MESA,90B,1,1,1,1
2026-07,LA MESA,90C,26,26,26,26
2026-07,LA MESA,90D,20,20,20,20
2026-07,LA MESA,90J,1,1,1,1
2026-07,LA MESA,90Z,24,23,24,24
2026-07,NATIONAL CITY,90C,7,7,7,7
2026-07,NATIONAL CITY,90D,4,4,4,4
2026-07,NATIONAL CITY,90J,1,1,1,1
2026-07,NATIONAL CITY,90Z,23,23,23,23
2026-07,OCEANSIDE,90B,1,1,1,1
2026-07,OCEANSIDE,90C,44,42,44,44
2026-07,OCEANSIDE,90D,37,37,37,37
2026-07,OCEANSIDE,90J,1,1,1,1
2026-07,OCEANSIDE,90Z,39,39,39,39
2026-07,SAN DIEGO,90B,10,10,10,10
2026-07,SAN DIEGO,90C,151,150,151,151
2026-07,SAN DIEGO,90D,133,133,133,133
2026-07,SAN DIEGO,90G,6,5,6,6
2026-07,SAN DIEGO,90J,18,16,18,18
2026-07,SAN DIEGO,90Z,386,379,385,385
2026-07,SHERIFF,90B,10,10,10,10
2026-07,SHERIFF,90C,67,67,67,67
2026-07,SHERIFF,90D,78,78,78,78
2026-07,SHERIFF,90J,10,10,10,10
2026-07,SHERIFF,90Z,223,221,222,222
2026-08,CARLSBAD,90C,18,18,18,18
2026-08,CARLSBAD,90D,33,33,33,33
2026-08,CARLSBAD,90J,2,2,2,2
2026-08,CARLSBAD,90Z,18,17,18,18
2026-08,CHULA VISTA,90C,9,9,9,9
2026-08,CHULA VISTA,90D,30,30,30,30
2026-08,CHULA VISTA,90Z,55,54,54,54
2026-08,EL CAJON,90B,12,7,12,12
2026-08,EL CAJON,90C,18,17,18,18
2026-08,EL CAJON,90D,14,14,14,14
2026-08,EL CAJON,90Z,41,39,40,40
2026-08,ESCONDIDO,90C,47,47,47,47
2026-08,ESCONDIDO,90D,45,45,45,45
2026-08,ESCONDIDO,90G,1,1,1,1
2026-08,ESCONDIDO,90J,4,3,4,4
2026-08,ESCONDIDO,90Z,68,68,68,68
2026-08,HARBOR POLICE,90C,11,9,11,11
2026-08,HARBOR POLICE,90D,6,6,6,6
2026-08,HARBOR POLICE,90J,2,2,2,2
2026-08,HARBOR POLICE,90Z,18,18,18,18
2026-08,LA MESA,90B,1,1,1,1
2026-08,LA MESA,90C,23,23,23,23
2026-08,LA MESA,90D,34,34,34,34
2026-08,LA MESA,90J,1,1,1,1
2026-08,LA MESA,90Z,29,29,29,29
2026-08,NATIONAL CITY,90C,9,9,9,9
2026-08,NATIONAL CITY,90D,9,9,9,9
2026-08,NATIONAL CITY,90J,1,1,1,1
2026-08,NATIONAL CITY,90Z,18,18,18,18
2026-08,OCEANSIDE,90C,24,24,24,24
2026-08,OCEANSIDE,90D,22,22,22,22
2026-08,OCEANSIDE,90J,1,1,1,1
2026-08,OCEANSIDE,90Z,57,57,57,57
2026-08,SAN DIEGO,90B,25,19,25,25
2026-08,SAN DIEGO,90C,152,150,152,152
2026-08,SAN DIEGO,90D,99,99,99,99
2026-08,SAN DIEGO,90G,4,3,4,4
2026-08,SAN DIEGO,90J,16,16,16,16
2026-08,SAN DIEGO,90Z,351,347,349,349
2026-08,SHERIFF,90B,2,2,2,2
2026-08,SHERIFF,90C,60,60,60,60
2026-08,SHERIFF,90D,75,75,75,75
2026-08,SHERIFF,90G,1,1,1,1
2026-08,SHERIFF,90J,8,7,8,8
2026-08,SHERIFF,90Z,229,228,229,229
2026-09,CARLSBAD,90C,9,8,9,9
2026-09,CARLSBAD,90D,20,20,20,20
2026-09,CARLSBAD,90Z,5,5,5,5
2026-09,CHULA VISTA,90C,8,8,8,8
2026-09,CHULA VISTA,90D,7,7,7,7
2026-09,CHULA VISTA,90Z,38,38,38,38
2026-09,EL CAJON,90B,3,2,3,3
2026-09,EL CAJON,90C,7,7,7,7
2026-09,EL CAJON,90D,1,1,1,1
2026-09,EL CAJON,90Z,30,30,30,30
2026-09,ESCONDIDO,90C,31,29,31,31
2026-09,ESCONDIDO,90D,34,33,34,34
2026-09,ESCONDIDO,90Z,45,44,45,45
2026-09,HARBOR POLICE,90C,2,2,2,2
2026-09,HARBOR POLICE,90D,4,4,4,4
2026-09,HARBOR POLICE,90Z,14,14,14,14
2026-09,LA MESA,90C,13,13,13,13
2026-09,LA MESA,90D,11,11,11,11
2026-09,LA MESA,90J,1,1,1,1
2026-09,LA MESA,90Z,12,12,12,12
2026-09,NATIONAL CITY,90C,9,7,9,9
2026-09,NATIONAL CITY,90D,5,5,5,5
2026-09,NATIONAL CITY,90Z,13,13,13,13
2026-09,OCEANSIDE,90C,23,23,23,23
2026-09,OCEANSIDE,90D,31,31,31,31
2026-09,OCEANSIDE,90Z,26,26,26,26
2026-09,SAN DIEGO,90B,14,14,14,14
2026-09,SAN DIEGO,90C,122,117,122,122
2026-09,SAN DIEGO,90D,79,79,79,79
2026-09,SAN DIEGO,90J,11,11,11,11
2026-09,SAN DIEGO,90Z,268,265,267,267
2026-09,SHERIFF,90B,3,3,3,3
2026-09,SHERIFF,90C,34,33,34,34
2026-09,SHERIFF,90D,31,31,31,31
2026-09,SHERIFF,90J,10,9,10,10
2026-09,SHERIFF,90Z,145,143,145,145
