date,agency,domestic_violence_incident,source_rows,distinct_incidents,distinct_offense_ids,distinct_arrest_numbers
2021-01-01,CARLSBAD,,1,1,1,1
2021-01-01,CHULA VISTA,,2,2,2,2
2021-01-01,EL CAJON,,3,3,3,3
2021-01-01,ESCONDIDO,,5,5,5,5
2021-01-01,HARBOR POLICE,,1,1,1,1
2021-01-01,LA MESA,,2,2,2,2
2021-01-01,NATIONAL CITY,,2,2,2,2
2021-01-01,OCEANSIDE,,1,1,1,1
2021-01-01,SAN DIEGO,,19,19,19,19
2021-01-01,SHERIFF,,7,7,7,7
2021-01-02,CARLSBAD,,2,2,2,2
2021-01-02,EL CAJON,,5,5,5,5
2021-01-02,ESCONDIDO,,3,3,3,3
2021-01-02,HARBOR POLICE,,1,1,1,1
2021-01-02,OCEANSIDE,,2,2,2,2
2021-01-02,SAN DIEGO,,11,11,11,11
2021-01-02,SHERIFF,,10,10,10,10
2021-01-03,CHULA VISTA,,5,5,5,5
2021-01-03,EL CAJON,,2,2,2,2
2021-01-03,ESCONDIDO,,4,3,4,4
2021-01-03,HARBOR POLICE,,1,1,1,1
2021-01-03,LA MESA,,1,1,1,1
2021-01-03,NATIONAL CITY,,1,1,1,1
2021-01-03,OCEANSIDE,,3,3,3,3
2021-01-03,SAN DIEGO,,19,17,19,19
2021-01-03,SHERIFF,,7,7,7,7
2021-01-04,CHULA VISTA,,1,1,1,1
2021-01-04,EL CAJON,,2,2,2,2
2021-01-04,ESCONDIDO,,1,1,1,1
2021-01-04,HARBOR POLICE,,1,1,1,1
2021-01-04,NATIONAL CITY,,1,1,1,1
2021-01-04,OCEANSIDE,,4,4,4,4
2021-01-04,SAN DIEGO,,11,11,11,11
2021-01-04,SHERIFF,,10,10,10,10
2021-01-05,CARLSBAD,,2,2,2,2
2021-01-05,CHULA VISTA,,1,1,1,1
2021-01-05,EL CAJON,,2,2,2,2
2021-01-05,ESCONDIDO,,2,2,2,2
2021-01-05,HARBOR POLICE,,1,1,1,1
2021-01-05,OCEANSIDE,,4,4,4,4
2021-01-05,SAN DIEGO,,19,19,19,19
2021-01-05,SHERIFF,,7,7,7,7
2021-01-06,CARLSBAD,,2,2,2,2
2021-01-06,CHULA VISTA,,1,1,1,1
2021-01-06,EL CAJON,,3,3,3,3
2021-01-06,ESCONDIDO,,4,4,4,4
2021-01-06,NATIONAL CITY,,3,3,3,3
2021-01-06,OCEANSIDE,,1,1,1,1
2021-01-06,SAN DIEGO,,14,14,14,14
2021-01-06,SHERIFF,,9,9,9,9
2021-01-07,CARLSBAD,,1,1,1,1
2021-01-07,EL CAJON,,2,2,2,2
2021-01-07,ESCONDIDO,,2,2,2,2
2021-01-07,OCEANSIDE,,5,4,5,5
2021-01-07,SAN DIEGO,,11,11,11,11
2021-01-07,SHERIFF,,13,12,13,13
2021-01-08,CARLSBAD,,1,1,1,1
2021-01-08,CHULA VISTA,,1,1,1,1
2021-01-08,EL CAJON,,1,1,1,1
2021-01-08,ESCONDIDO,,1,1,1,1
2021-01-08,LA MESA,,1,1,1,1
2021-01-08,NATIONAL CITY,,4,4,4,4
2021-01-08,OCEANSIDE,,2,2,2,2
2021-01-08,SAN DIEGO,,7,7,7,7
2021-01-08,SHERIFF,,14,14,14,14
2021-01-09,CARLSBAD,,4,4,4,4
2021-01-09,CHULA VISTA,,2,2,2,2
2021-01-09,EL CAJON,,1,1,1,1
2021-01-09,ESCONDIDO,,4,4,4,4
2021-01-09,LA MESA,,1,1,1,1
2021-01-09,OCEANSIDE,,4,3,4,4
2021-01-09,SAN DIEGO,,17,17,17,17
2021-01-09,SHERIFF,,8,8,8,8
2021-01-10,CARLSBAD,,2,2,2,2
2021-01-10,CHULA VISTA,,2,2,2,2
2021-01-10,EL CAJON,,2,2,2,2
2021-01-10,ESCONDIDO,,2,2,2,2
2021-01-10,HARBOR POLICE,,1,1,1,1
2021-01-10,LA MESA,,1,1,1,1
2021-01-10,OCEANSIDE,,5,5,5,5
2021-01-10,SAN DIEGO,,9,9,9,9
2021-01-10,SHERIFF,,7,7,7,7
2021-01-11,CARLSBAD,,1,1,1,1
2021-01-11,CHULA VISTA,,1,1,1,1
2021-01-11,EL CAJON,,1,1,1,1
2021-01-11,ESCONDIDO,,4,4,4,4
2021-01-11,HARBOR POLICE,,1,1,1,1
2021-01-11,LA MESA,,1,1,1,1
2021-01-11,NATIONAL CITY,,1,1,1,1
2021-01-11,OCEANSIDE,,1,1,1,1
2021-01-11,SAN DIEGO,,10,10,10,10
2021-01-11,SHERIFF,,8,8,8,8
2021-01-12,CARLSBAD,,4,3,4,4
2021-01-12,CHULA VISTA,,2,2,2,2
2021-01-12,EL CAJON,,1,1,1,1
2021-01-12,ESCONDIDO,,1,1,1,1
2021-01-12,HARBOR POLICE,,5,5,5,5
2021-01-12,LA MESA,,1,1,1,1
2021-01-12,NATIONAL CITY,,1,1,1,1
2021-01-12,OCEANSIDE,,2,2,2,2
2021-01-12,SAN DIEGO,,11,11,11,11
2021-01-12,SHERIFF,,8,8,8,8
2021-01-13,CARLSBAD,,2,2,2,2
2021-01-13,EL CAJON,,1,1,1,1
2021-01-13,ESCONDIDO,,5,5,5,5
2021-01-13,HARBOR POLICE,,1,1,1,1
2021-01-13,LA MESA,,2,2,2,2
2021-01-13,OCEANSIDE,,2,2,2,2
2021-01-13,SAN DIEGO,,20,20,20,20
2021-01-13,SHERIFF,,15,15,15,15
2021-01-14,CARLSBAD,,2,2,2,2
2021-01-14,EL CAJON,,2,2,2,2
2021-01-14,ESCONDIDO,,4,4,4,4
2021-01-14,HARBOR POLICE,,1,1,1,1
2021-01-14,NATIONAL CITY,,1,1,1,1
2021-01-14,OCEANSIDE,,2,2,2,2
2021-01-14,SAN DIEGO,,20,14,20,20
2021-01-14,SHERIFF,,12,12,12,12
2021-01-15,CARLSBAD,,1,1,1,1
2021-01-15,CHULA VISTA,,4,4,4,4
2021-01-15,EL CAJON,,2,2,2,2
2021-01-15,ESCONDIDO,,8,8,8,8
2021-01-15,LA MESA,,2,2,2,2
2021-01-15,NATIONAL CITY,,2,2,2,2
2021-01-15,OCEANSIDE,,3,3,3,3
2021-01-15,SAN DIEGO,,19,18,19,19
2021-01-15,SHERIFF,,10,10,10,10
2021-01-16,CARLSBAD,,4,3,4,4
2021-01-16,CHULA VISTA,,1,1,1,1
2021-01-16,EL CAJON,,3,3,3,3
2021-01-16,ESCONDIDO,,6,6,6,6
2021-01-16,LA MESA,,2,2,2,2
2021-01-16,NATIONAL CITY,,4,4,4,4
2021-01-16,OCEANSIDE,,3,3,3,3
2021-01-16,SAN DIEGO,,26,25,26,26
2021-01-16,SHERIFF,,14,14,14,14
2021-01-17,CARLSBAD,,3,3,3,3
2021-01-17,CHULA VISTA,,3,3,3,3
2021-01-17,EL CAJON,,2,2,2,2
2021-01-17,ESCONDIDO,,2,2,2,2
2021-01-17,HARBOR POLICE,,2,2,2,2
2021-01-17,LA MESA,,1,1,1,1
2021-01-17,NATIONAL CITY,,3,3,3,3
2021-01-17,SAN DIEGO,,21,17,21,21
2021-01-17,SHERIFF,,9,9,9,9
2021-01-18,CARLSBAD,,2,2,2,2
2021-01-18,CHULA VISTA,,4,4,4,4
2021-01-18,ESCONDIDO,,1,1,1,1
2021-01-18,HARBOR POLICE,,1,1,1,1
2021-01-18,NATIONAL CITY,,2,2,2,2
2021-01-18,OCEANSIDE,,1,1,1,1
2021-01-18,SAN DIEGO,,16,16,16,16
2021-01-18,SHERIFF,,5,5,5,5
2021-01-19,CARLSBAD,,2,2,2,2
2021-01-19,CHULA VISTA,,1,1,1,1
2021-01-19,EL CAJON,,1,1,1,1
2021-01-19,ESCONDIDO,,2,2,2,2
2021-01-19,HARBOR POLICE,,1,1,1,1
2021-01-19,LA MESA,,1,1,1,1
2021-01-19,NATIONAL CITY,,1,1,1,1
2021-01-19,OCEANSIDE,,5,5,5,5
2021-01-19,SAN DIEGO,,15,15,15,15
2021-01-19,SHERIFF,,9,9,9,9
2021-01-20,CARLSBAD,,1,1,1,1
2021-01-20,CHULA VISTA,,1,1,1,1
2021-01-20,EL CAJON,,2,2,2,2
2021-01-20,ESCONDIDO,,4,4,4,4
2021-01-20,HARBOR POLICE,,3,3,3,3
2021-01-20,LA MESA,,1,1,1,1
2021-01-20,OCEANSIDE,,2,2,2,2
2021-01-20,SAN DIEGO,,15,15,15,15
2021-01-20,SHERIFF,,16,15,16,16
2021-01-21,CARLSBAD,,2,2,2,2
2021-01-21,CHULA VISTA,,1,1,1,1
2021-01-21,ESCONDIDO,,7,7,7,7
2021-01-21,HARBOR POLICE,,1,1,1,1
2021-01-21,LA MESA,,2,2,2,2
2021-01-21,NATIONAL CITY,,2,2,2,2
2021-01-21,OCEANSIDE,,2,2,2,2
2021-01-21,SAN DIEGO,,21,21,21,21
2021-01-21,SHERIFF,,13,12,13,13
2021-01-22,CARLSBAD,,3,3,3,3
2021-01-22,CHULA VISTA,,1,1,1,1
2021-01-22,EL CAJON,,1,1,1,1
2021-01-22,ESCONDIDO,,3,3,3,3
2021-01-22,NATIONAL CITY,,1,1,1,1
2021-01-22,OCEANSIDE,,2,2,2,2
2021-01-22,SAN DIEGO,,14,14,14,14
2021-01-22,SHERIFF,,7,7,7,7
2021-01-23,CARLSBAD,,3,3,3,3
2021-01-23,CHULA VISTA,,1,1,1,1
2021-01-23,EL CAJON,,3,3,3,3
2021-01-23,ESCONDIDO,,4,4,4,4
2021-01-23,LA MESA,,1,1,1,1
2021-01-23,NATIONAL CITY,,3,3,3,3
2021-01-23,SAN DIEGO,,25,25,25,25
2021-01-23,SHERIFF,,11,11,11,11
2021-01-24,CARLSBAD,,1,1,1,1
2021-01-24,CHULA VISTA,,2,2,2,2
2021-01-24,EL CAJON,,1,1,1,1
2021-01-24,ESCONDIDO,,6,5,6,6
2021-01-24,HARBOR POLICE,,1,1,1,1
2021-01-24,LA MESA,,1,1,1,1
2021-01-24,OCEANSIDE,,4,4,4,4
2021-01-24,SAN DIEGO,,16,12,16,16
2021-01-24,SHERIFF,,9,9,9,9
2021-01-25,CHULA VISTA,,2,2,2,2
2021-01-25,ESCONDIDO,,2,2,2,2
2021-01-25,HARBOR POLICE,,1,1,1,1
2021-01-25,LA MESA,,1,1,1,1
2021-01-25,NATIONAL CITY,,1,1,1,1
2021-01-25,OCEANSIDE,,5,5,5,5
2021-01-25,SAN DIEGO,,12,12,12,12
2021-01-25,SHERIFF,,8,8,8,8
2021-01-26,CARLSBAD,,1,1,1,1
2021-01-26,EL CAJON,,2,2,2,2
2021-01-26,ESCONDIDO,,2,2,2,2
2021-01-26,LA MESA,,1,1,1,1
2021-01-26,NATIONAL CITY,,1,1,1,1
2021-01-26,SAN DIEGO,,11,11,11,11
2021-01-26,SHERIFF,,14,14,14,14
2021-01-27,CARLSBAD,,4,4,4,4
2021-01-27,CHULA VISTA,,2,2,2,2
2021-01-27,EL CAJON,,1,1,1,1
2021-01-27,ESCONDIDO,,2,2,2,2
2021-01-27,HARBOR POLICE,,1,1,1,1
2021-01-27,OCEANSIDE,,1,1,1,1
2021-01-27,SAN DIEGO,,19,15,19,19
2021-01-27,SHERIFF,,9,9,9,9
2021-01-28,CARLSBAD,,3,3,3,3
2021-01-28,EL CAJON,,1,1,1,1
2021-01-28,ESCONDIDO,,4,4,4,4
2021-01-28,NATIONAL CITY,,1,1,1,1
2021-01-28,OCEANSIDE,,4,4,4,4
2021-01-28,SAN DIEGO,,13,13,13,13
2021-01-28,SHERIFF,,12,12,12,12
2021-01-29,CARLSBAD,,2,1,2,2
2021-01-29,CHULA VISTA,,1,1,1,1
2021-01-29,ESCONDIDO,,4,4,4,4
2021-01-29,HARBOR POLICE,,2,2,2,2
2021-01-29,LA MESA,,2,2,2,2
2021-01-29,NATIONAL CITY,,2,2,2,2
2021-01-29,OCEANSIDE,,4,4,4,4
2021-01-29,SAN DIEGO,,15,14,15,15
2021-01-29,SHERIFF,,12,10,12,12
2021-01-30,CARLSBAD,,1,1,1,1
2021-01-30,CHULA VISTA,,2,2,2,2
2021-01-30,EL CAJON,,3,3,3,3
2021-01-30,ESCONDIDO,,3,2,3,3
2021-01-30,HARBOR POLICE,,3,3,3,3
2021-01-30,LA MESA,,1,1,1,1
2021-01-30,NATIONAL CITY,,3,3,3,3
2021-01-30,OCEANSIDE,,2,2,2,2
2021-01-30,SAN DIEGO,,19,17,19,19
2021-01-30,SHERIFF,,11,11,11,11
2021-01-31,CARLSBAD,,4,4,4,4
2021-01-31,CHULA VISTA,,1,1,1,1
2021-01-31,EL CAJON,,2,2,2,2
2021-01-31,ESCONDIDO,,6,6,6,6
2021-01-31,HARBOR POLICE,,1,1,1,1
2021-01-31,NATIONAL CITY,,1,1,1,1
2021-01-31,OCEANSIDE,,3,3,3,3
2021-01-31,SAN DIEGO,,16,16,16,16
2021-01-31,SHERIFF,,11,11,11,11
2021-02-01,CARLSBAD,,3,3,3,3
2021-02-01,CHULA VISTA,,1,1,1,1
2021-02-01,EL CAJON,,5,5,5,5
2021-02-01,ESCONDIDO,,3,3,3,3
2021-02-01,LA MESA,,2,2,2,2
2021-02-01,OCEANSIDE,,8,6,8,8
2021-02-01,SAN DIEGO,,15,15,15,15
2021-02-01,SHERIFF,,9,9,9,9
2021-02-02,CARLSBAD,,2,2,2,2
2021-02-02,CHULA VISTA,,1,1,1,1
2021-02-02,EL CAJON,,3,3,3,3
2021-02-02,ESCONDIDO,,3,3,3,3
2021-02-02,HARBOR POLICE,,2,2,2,2
2021-02-02,NATIONAL CITY,,2,2,2,2
2021-02-02,OCEANSIDE,,2,2,2,2
2021-02-02,SAN DIEGO,,14,14,14,14
2021-02-02,SHERIFF,,8,8,8,8
2021-02-03,CARLSBAD,,2,2,2,2
2021-02-03,CHULA VISTA,,1,1,1,1
2021-02-03,EL CAJON,,1,1,1,1
2021-02-03,ESCONDIDO,,2,2,2,2
2021-02-03,HARBOR POLICE,,1,1,1,1
2021-02-03,LA MESA,,2,2,2,2
2021-02-03,NATIONAL CITY,,4,4,4,4
2021-02-03,OCEANSIDE,,3,3,3,3
2021-02-03,SAN DIEGO,,18,18,18,18
2021-02-03,SHERIFF,,17,17,17,17
2021-02-04,CARLSBAD,,3,3,3,3
2021-02-04,EL CAJON,,3,3,3,3
2021-02-04,ESCONDIDO,,4,4,4,4
2021-02-04,LA MESA,,2,2,2,2
2021-02-04,NATIONAL CITY,,2,1,2,2
2021-02-04,OCEANSIDE,,1,1,1,1
2021-02-04,SAN DIEGO,,19,19,19,19
2021-02-04,SHERIFF,,15,15,15,15
2021-02-05,CARLSBAD,,2,2,2,2
2021-02-05,CHULA VISTA,,1,1,1,1
2021-02-05,EL CAJON,,1,1,1,1
2021-02-05,ESCONDIDO,,5,5,5,5
2021-02-05,HARBOR POLICE,,1,1,1,1
2021-02-05,SAN DIEGO,,17,17,17,17
2021-02-05,SHERIFF,,13,13,13,13
2021-02-06,CARLSBAD,,2,2,2,2
2021-02-06,CHULA VISTA,,2,2,2,2
2021-02-06,EL CAJON,,2,2,2,2
2021-02-06,ESCONDIDO,,2,2,2,2
2021-02-06,HARBOR POLICE,,2,2,2,2
2021-02-06,NATIONAL CITY,,2,2,2,2
2021-02-06,OCEANSIDE,,4,4,4,4
2021-02-06,SAN DIEGO,,18,18,18,18
2021-02-06,SHERIFF,,9,8,9,9
2021-02-07,CARLSBAD,,2,2,2,2
2021-02-07,CHULA VISTA,,7,7,7,7
2021-02-07,EL CAJON,,1,1,1,1
2021-02-07,ESCONDIDO,,8,8,8,8
2021-02-07,LA MESA,,4,4,4,4
2021-02-07,NATIONAL CITY,,1,1,1,1
2021-02-07,OCEANSIDE,,3,3,3,3
2021-02-07,SAN DIEGO,,15,15,15,15
2021-02-07,SHERIFF,,6,6,6,6
2021-02-08,CARLSBAD,,4,4,4,4
2021-02-08,EL CAJON,,3,3,3,3
2021-02-08,ESCONDIDO,,3,3,3,3
2021-02-08,LA MESA,,1,1,1,1
2021-02-08,NATIONAL CITY,,2,2,2,2
2021-02-08,OCEANSIDE,,2,2,2,2
2021-02-08,SAN DIEGO,,20,16,20,20
2021-02-08,SHERIFF,,6,6,6,6
2021-02-09,CHULA VISTA,,1,1,1,1
2021-02-09,ESCONDIDO,,1,1,1,1
2021-02-09,NATIONAL CITY,,1,1,1,1
2021-02-09,OCEANSIDE,,3,3,3,3
2021-02-09,SAN DIEGO,,21,21,21,21
2021-02-09,SHERIFF,,8,8,8,8
2021-02-10,CHULA VISTA,,2,2,2,2
2021-02-10,EL CAJON,,3,3,3,3
2021-02-10,ESCONDIDO,,4,4,4,4
2021-02-10,HARBOR POLICE,,1,1,1,1
2021-02-10,LA MESA,,1,1,1,1
2021-02-10,NATIONAL CITY,,3,3,3,3
2021-02-10,OCEANSIDE,,4,4,4,4
2021-02-10,SAN DIEGO,,15,15,15,15
2021-02-10,SHERIFF,,16,16,16,16
2021-02-11,CARLSBAD,,6,6,6,6
2021-02-11,CHULA VISTA,,2,2,2,2
2021-02-11,EL CAJON,,1,1,1,1
2021-02-11,ESCONDIDO,,3,3,3,3
2021-02-11,HARBOR POLICE,,1,1,1,1
2021-02-11,NATIONAL CITY,,3,3,3,3
2021-02-11,OCEANSIDE,,2,2,2,2
2021-02-11,SAN DIEGO,,21,20,21,21
2021-02-11,SHERIFF,,11,11,11,11
2021-02-12,CARLSBAD,,6,6,6,6
2021-02-12,CHULA VISTA,,1,1,1,1
2021-02-12,EL CAJON,,1,1,1,1
2021-02-12,ESCONDIDO,,1,1,1,1
2021-02-12,HARBOR POLICE,,2,2,2,2
2021-02-12,NATIONAL CITY,,1,1,1,1
2021-02-12,OCEANSIDE,,5,5,5,5
2021-02-12,SAN DIEGO,,19,19,19,19
2021-02-12,SHERIFF,,8,8,8,8
2021-02-13,CARLSBAD,,2,2,2,2
2021-02-13,CHULA VISTA,,2,2,2,2
2021-02-13,EL CAJON,,2,2,2,2
2021-02-13,ESCONDIDO,,5,5,5,5
2021-02-13,NATIONAL CITY,,3,3,3,3
2021-02-13,SAN DIEGO,,27,26,27,27
2021-02-13,SHERIFF,,6,6,6,6
2021-02-14,CARLSBAD,,3,3,3,3
2021-02-14,CHULA VISTA,,3,3,3,3
2021-02-14,ESCONDIDO,,3,3,3,3
2021-02-14,NATIONAL CITY,,1,1,1,1
2021-02-14,OCEANSIDE,,2,2,2,2
2021-02-14,SAN DIEGO,,11,11,11,11
2021-02-14,SHERIFF,,13,13,13,13
2021-02-15,CARLSBAD,,3,3,3,3
2021-02-15,CHULA VISTA,,2,2,2,2
2021-02-15,EL CAJON,,3,3,3,3
2021-02-15,ESCONDIDO,,2,2,2,2
2021-02-15,HARBOR POLICE,,1,1,1,1
2021-02-15,LA MESA,,2,2,2,2
2021-02-15,OCEANSIDE,,3,3,3,3
2021-02-15,SAN DIEGO,,23,14,23,23
2021-02-15,SHERIFF,,9,9,9,9
2021-02-16,CARLSBAD,,1,1,1,1
2021-02-16,CHULA VISTA,,1,1,1,1
2021-02-16,EL CAJON,,5,2,5,5
2021-02-16,ESCONDIDO,,5,5,5,5
2021-02-16,HARBOR POLICE,,6,6,6,6
2021-02-16,LA MESA,,1,1,1,1
2021-02-16,NATIONAL CITY,,2,2,2,2
2021-02-16,OCEANSIDE,,4,4,4,4
2021-02-16,SAN DIEGO,,12,12,12,12
2021-02-16,SHERIFF,,10,10,10,10
2021-02-17,CARLSBAD,,1,1,1,1
2021-02-17,CHULA VISTA,,4,4,4,4
2021-02-17,EL CAJON,,2,2,2,2
2021-02-17,ESCONDIDO,,2,2,2,2
2021-02-17,HARBOR POLICE,,1,1,1,1
2021-02-17,NATIONAL CITY,,1,1,1,1
2021-02-17,OCEANSIDE,,5,5,5,5
2021-02-17,SAN DIEGO,,13,13,13,13
2021-02-17,SHERIFF,,14,14,14,14
2021-02-18,CARLSBAD,,2,2,2,2
2021-02-18,CHULA VISTA,,2,2,2,2
2021-02-18,EL CAJON,,2,2,2,2
2021-02-18,ESCONDIDO,,3,3,3,3
2021-02-18,NATIONAL CITY,,1,1,1,1
2021-02-18,OCEANSIDE,,3,3,3,3
2021-02-18,SAN DIEGO,,21,21,21,21
2021-02-18,SHERIFF,,12,12,12,12
2021-02-19,CARLSBAD,,2,2,2,2
2021-02-19,CHULA VISTA,,3,3,3,3
2021-02-19,EL CAJON,,3,3,3,3
2021-02-19,ESCONDIDO,,4,4,4,4
2021-02-19,HARBOR POLICE,,1,1,1,1
2021-02-19,NATIONAL CITY,,1,1,1,1
2021-02-19,OCEANSIDE,,1,1,1,1
2021-02-19,SAN DIEGO,,32,32,32,32
2021-02-19,SHERIFF,,12,12,12,12
2021-02-20,CARLSBAD,,1,1,1,1
2021-02-20,CHULA VISTA,,3,3,3,3
2021-02-20,EL CAJON,,3,3,3,3
2021-02-20,ESCONDIDO,,8,8,8,8
2021-02-20,LA MESA,,2,2,2,2
2021-02-20,NATIONAL CITY,,6,5,6,6
2021-02-20,OCEANSIDE,,3,3,3,3
2021-02-20,SAN DIEGO,,32,32,32,32
2021-02-20,SHERIFF,,10,10,10,10
2021-02-21,CARLSBAD,,4,4,4,4
2021-02-21,CHULA VISTA,,2,2,2,2
2021-02-21,EL CAJON,,1,1,1,1
2021-02-21,ESCONDIDO,,4,4,4,4
2021-02-21,HARBOR POLICE,,1,1,1,1
2021-02-21,LA MESA,,1,1,1,1
2021-02-21,NATIONAL CITY,,3,3,3,3
2021-02-21,OCEANSIDE,,1,1,1,1
2021-02-21,SAN DIEGO,,19,19,19,19
2021-02-21,SHERIFF,,5,5,5,5
2021-02-22,CARLSBAD,,1,1,1,1
2021-02-22,CHULA VISTA,,1,1,1,1
2021-02-22,EL CAJON,,4,4,4,4
2021-02-22,ESCONDIDO,,1,1,1,1
2021-02-22,HARBOR POLICE,,2,2,2,2
2021-02-22,NATIONAL CITY,,1,1,1,1
2021-02-22,OCEANSIDE,,6,5,6,6
2021-02-22,SAN DIEGO,,10,10,10,10
2021-02-22,SHERIFF,,10,10,10,10
2021-02-23,CARLSBAD,,1,1,1,1
2021-02-23,CHULA VISTA,,1,1,1,1
2021-02-23,EL CAJON,,2,2,2,2
2021-02-23,ESCONDIDO,,6,6,6,6
2021-02-23,HARBOR POLICE,,1,1,1,1
2021-02-23,NATIONAL CITY,,1,1,1,1
2021-02-23,OCEANSIDE,,1,1,1,1
2021-02-23,SAN DIEGO,,21,20,21,21
2021-02-23,SHERIFF,,12,12,12,12
2021-02-24,CARLSBAD,,1,1,1,1
2021-02-24,ESCONDIDO,,4,4,4,4
2021-02-24,HARBOR POLICE,,1,1,1,1
2021-02-24,LA MESA,,1,1,1,1
2021-02-24,NATIONAL CITY,,1,1,1,1
2021-02-24,OCEANSIDE,,4,4,4,4
2021-02-24,SAN DIEGO,,15,15,15,15
2021-02-24,SHERIFF,,9,9,9,9
2021-02-25,CARLSBAD,,2,2,2,2
2021-02-25,CHULA VISTA,,3,3,3,3
2021-02-25,EL CAJON,,2,2,2,2
2021-02-25,ESCONDIDO,,5,5,5,5
2021-02-25,LA MESA,,2,2,2,2
2021-02-25,NATIONAL CITY,,2,2,2,2
2021-02-25,OCEANSIDE,,1,1,1,1
2021-02-25,SAN DIEGO,,19,19,19,19
2021-02-25,SHERIFF,,12,12,12,12
2021-02-26,CARLSBAD,,3,3,3,3
2021-02-26,CHULA VISTA,,3,3,3,3
2021-02-26,EL CAJON,,4,4,4,4
2021-02-26,ESCONDIDO,,5,5,5,5
2021-02-26,HARBOR POLICE,,2,2,2,2
2021-02-26,NATIONAL CITY,,5,4,5,5
2021-02-26,OCEANSIDE,,5,5,5,5
2021-02-26,SAN DIEGO,,22,22,22,22
2021-02-26,SHERIFF,,10,10,10,10
2021-02-27,CARLSBAD,,4,4,4,4
2021-02-27,CHULA VISTA,,4,4,4,4
2021-02-27,EL CAJON,,2,2,2,2
2021-02-27,ESCONDIDO,,1,1,1,1
2021-02-27,LA MESA,,1,1,1,1
2021-02-27,NATIONAL CITY,,1,1,1,1
2021-02-27,OCEANSIDE,,2,2,2,2
2021-02-27,SAN DIEGO,,26,25,26,26
2021-02-27,SHERIFF,,9,9,9,9
2021-02-28,CARLSBAD,,2,2,2,2
2021-02-28,CHULA VISTA,,2,2,2,2
2021-02-28,EL CAJON,,1,1,1,1
2021-02-28,ESCONDIDO,,2,2,2,2
2021-02-28,LA MESA,,2,2,2,2
2021-02-28,NATIONAL CITY,,5,5,5,5
2021-02-28,OCEANSIDE,,4,4,4,4
2021-02-28,SAN DIEGO,,16,16,16,16
2021-02-28,SHERIFF,,11,10,11,11
2021-03-01,CARLSBAD,,2,2,2,2
2021-03-01,EL CAJON,,3,3,3,3
2021-03-01,ESCONDIDO,,2,2,2,2
2021-03-01,HARBOR POLICE,,1,1,1,1
2021-03-01,LA MESA,,2,2,2,2
2021-03-01,NATIONAL CITY,,1,1,1,1
2021-03-01,OCEANSIDE,,3,3,3,3
2021-03-01,SAN DIEGO,,16,15,16,16
2021-03-01,SHERIFF,,13,13,13,13
2021-03-02,CARLSBAD,,1,1,1,1
2021-03-02,CHULA VISTA,,1,1,1,1
2021-03-02,EL CAJON,,3,3,3,3
2021-03-02,ESCONDIDO,,2,2,2,2
2021-03-02,HARBOR POLICE,,1,1,1,1
2021-03-02,OCEANSIDE,,3,3,3,3
2021-03-02,SAN DIEGO,,20,20,20,20
2021-03-02,SHERIFF,,12,12,12,12
2021-03-03,CARLSBAD,,2,2,2,2
2021-03-03,EL CAJON,,1,1,1,1
2021-03-03,ESCONDIDO,,2,2,2,2
2021-03-03,HARBOR POLICE,,3,3,3,3
2021-03-03,OCEANSIDE,,2,2,2,2
2021-03-03,SAN DIEGO,,22,22,22,22
2021-03-03,SHERIFF,,10,10,10,10
2021-03-04,EL CAJON,,4,4,4,4
2021-03-04,ESCONDIDO,,4,4,4,4
2021-03-04,HARBOR POLICE,,3,3,3,3
2021-03-04,LA MESA,,2,2,2,2
2021-03-04,NATIONAL CITY,,2,2,2,2
2021-03-04,OCEANSIDE,,2,2,2,2
2021-03-04,SAN DIEGO,,19,17,19,19
2021-03-04,SHERIFF,,11,11,11,11
2021-03-05,CHULA VISTA,,3,3,3,3
2021-03-05,EL CAJON,,4,4,4,4
2021-03-05,ESCONDIDO,,3,3,3,3
2021-03-05,LA MESA,,1,1,1,1
2021-03-05,NATIONAL CITY,,3,3,3,3
2021-03-05,SAN DIEGO,,24,24,24,24
2021-03-05,SHERIFF,,7,7,7,7
2021-03-06,CARLSBAD,,2,2,2,2
2021-03-06,CHULA VISTA,,6,6,6,6
2021-03-06,EL CAJON,,2,2,2,2
2021-03-06,ESCONDIDO,,3,3,3,3
2021-03-06,HARBOR POLICE,,1,1,1,1
2021-03-06,LA MESA,,3,3,3,3
2021-03-06,NATIONAL CITY,,1,1,1,1
2021-03-06,OCEANSIDE,,5,5,5,5
2021-03-06,SAN DIEGO,,23,23,23,23
2021-03-06,SHERIFF,,16,16,16,16
2021-03-07,CARLSBAD,,3,3,3,3
2021-03-07,CHULA VISTA,,3,3,3,3
2021-03-07,EL CAJON,,3,3,3,3
2021-03-07,ESCONDIDO,,1,1,1,1
2021-03-07,HARBOR POLICE,,2,2,2,2
2021-03-07,LA MESA,,1,1,1,1
2021-03-07,OCEANSIDE,,7,7,7,7
2021-03-07,SAN DIEGO,,18,18,18,18
2021-03-07,SHERIFF,,8,8,8,8
2021-03-08,CARLSBAD,,2,2,2,2
2021-03-08,CHULA VISTA,,1,1,1,1
2021-03-08,EL CAJON,,1,1,1,1
2021-03-08,ESCONDIDO,,2,2,2,2
2021-03-08,LA MESA,,1,1,1,1
2021-03-08,OCEANSIDE,,5,5,5,5
2021-03-08,SAN DIEGO,,11,11,11,11
2021-03-08,SHERIFF,,13,13,13,13
2021-03-09,CARLSBAD,,1,1,1,1
2021-03-09,EL CAJON,,1,1,1,1
2021-03-09,ESCONDIDO,,2,2,2,2
2021-03-09,HARBOR POLICE,,1,1,1,1
2021-03-09,NATIONAL CITY,,1,1,1,1
2021-03-09,OCEANSIDE,,4,4,4,4
2021-03-09,SAN DIEGO,,12,12,12,12
2021-03-09,SHERIFF,,14,14,14,14
2021-03-10,CARLSBAD,,1,1,1,1
2021-03-10,CHULA VISTA,,1,1,1,1
2021-03-10,ESCONDIDO,,2,2,2,2
2021-03-10,HARBOR POLICE,,3,3,3,3
2021-03-10,LA MESA,,1,1,1,1
2021-03-10,OCEANSIDE,,4,4,4,4
2021-03-10,SAN DIEGO,,11,11,11,11
2021-03-10,SHERIFF,,11,11,11,11
2021-03-11,CARLSBAD,,2,2,2,2
2021-03-11,CHULA VISTA,,1,1,1,1
2021-03-11,EL CAJON,,2,2,2,2
2021-03-11,ESCONDIDO,,2,2,2,2
2021-03-11,HARBOR POLICE,,2,2,2,2
2021-03-11,OCEANSIDE,,3,3,3,3
2021-03-11,SAN DIEGO,,17,17,17,17
2021-03-11,SHERIFF,,12,12,12,12
2021-03-12,CARLSBAD,,2,2,2,2
2021-03-12,CHULA VISTA,,2,2,2,2
2021-03-12,EL CAJON,,3,3,3,3
2021-03-12,ESCONDIDO,,8,8,8,8
2021-03-12,HARBOR POLICE,,1,1,1,1
2021-03-12,NATIONAL CITY,,2,2,2,2
2021-03-12,OCEANSIDE,,2,2,2,2
2021-03-12,SAN DIEGO,,18,18,18,18
2021-03-12,SHERIFF,,13,13,13,13
2021-03-13,CARLSBAD,,3,3,3,3
2021-03-13,CHULA VISTA,,3,3,3,3
2021-03-13,EL CAJON,,2,2,2,2
2021-03-13,ESCONDIDO,,6,6,6,6
2021-03-13,NATIONAL CITY,,2,2,2,2
2021-03-13,OCEANSIDE,,1,1,1,1
2021-03-13,SAN DIEGO,,39,39,39,39
2021-03-13,SHERIFF,,11,11,11,11
2021-03-14,CARLSBAD,,3,3,3,3
2021-03-14,CHULA VISTA,,4,4,4,4
2021-03-14,ESCONDIDO,,7,6,7,7
2021-03-14,NATIONAL CITY,,2,2,2,2
2021-03-14,OCEANSIDE,,3,3,3,3
2021-03-14,SAN DIEGO,,32,30,32,32
2021-03-14,SHERIFF,,11,11,11,11
2021-03-15,CARLSBAD,,1,1,1,1
2021-03-15,CHULA VISTA,,1,1,1,1
2021-03-15,ESCONDIDO,,1,1,1,1
2021-03-15,HARBOR POLICE,,2,2,2,2
2021-03-15,LA MESA,,1,1,1,1
2021-03-15,OCEANSIDE,,2,2,2,2
2021-03-15,SAN DIEGO,,17,17,17,17
2021-03-15,SHERIFF,,11,11,11,11
2021-03-16,CARLSBAD,,1,1,1,1
2021-03-16,EL CAJON,,4,4,4,4
2021-03-16,ESCONDIDO,,4,4,4,4
2021-03-16,HARBOR POLICE,,4,4,4,4
2021-03-16,LA MESA,,1,1,1,1
2021-03-16,OCEANSIDE,,2,2,2,2
2021-03-16,SAN DIEGO,,20,20,20,20
2021-03-16,SHERIFF,,7,7,7,7
2021-03-17,CARLSBAD,,1,1,1,1
2021-03-17,CHULA VISTA,,5,4,5,5
2021-03-17,EL CAJON,,1,1,1,1
2021-03-17,ESCONDIDO,,7,7,7,7
2021-03-17,LA MESA,,3,3,3,3
2021-03-17,NATIONAL CITY,,2,2,2,2
2021-03-17,OCEANSIDE,,2,2,2,2
2021-03-17,SAN DIEGO,,26,25,26,26
2021-03-17,SHERIFF,,13,13,13,13
2021-03-18,CARLSBAD,,2,2,2,2
2021-03-18,CHULA VISTA,,2,2,2,2
2021-03-18,EL CAJON,,2,2,2,2
2021-03-18,ESCONDIDO,,3,3,3,3
2021-03-18,HARBOR POLICE,,2,2,2,2
2021-03-18,LA MESA,,3,3,3,3
2021-03-18,NATIONAL CITY,,1,1,1,1
2021-03-18,OCEANSIDE,,1,1,1,1
2021-03-18,SAN DIEGO,,13,13,13,13
2021-03-18,SHERIFF,,12,12,12,12
2021-03-19,CHULA VISTA,,3,3,3,3
2021-03-19,EL CAJON,,1,1,1,1
2021-03-19,ESCONDIDO,,2,2,2,2
2021-03-19,HARBOR POLICE,,1,1,1,1
2021-03-19,LA MESA,,1,1,1,1
2021-03-19,OCEANSIDE,,6,6,6,6
2021-03-19,SAN DIEGO,,20,20,20,20
2021-03-19,SHERIFF,,12,12,12,12
2021-03-20,CARLSBAD,,1,1,1,1
2021-03-20,CHULA VISTA,,1,1,1,1
2021-03-20,ESCONDIDO,,4,4,4,4
2021-03-20,LA MESA,,1,1,1,1
2021-03-20,OCEANSIDE,,6,6,6,6
2021-03-20,SAN DIEGO,,19,19,19,19
2021-03-20,SHERIFF,,6,6,6,6
2021-03-21,CHULA VISTA,,1,1,1,1
2021-03-21,EL CAJON,,1,1,1,1
2021-03-21,ESCONDIDO,,1,1,1,1
2021-03-21,HARBOR POLICE,,2,2,2,2
2021-03-21,NATIONAL CITY,,7,7,7,7
2021-03-21,OCEANSIDE,,4,4,4,4
2021-03-21,SAN DIEGO,,23,22,23,23
2021-03-21,SHERIFF,,16,16,16,16
2021-03-22,CHULA VISTA,,1,1,1,1
2021-03-22,EL CAJON,,2,2,2,2
2021-03-22,ESCONDIDO,,1,1,1,1
2021-03-22,NATIONAL CITY,,2,2,2,2
2021-03-22,OCEANSIDE,,1,1,1,1
2021-03-22,SAN DIEGO,,17,17,17,17
2021-03-22,SHERIFF,,8,8,8,8
2021-03-23,CARLSBAD,,1,1,1,1
2021-03-23,CHULA VISTA,,4,4,4,4
2021-03-23,EL CAJON,,1,1,1,1
2021-03-23,ESCONDIDO,,4,4,4,4
2021-03-23,HARBOR POLICE,,1,1,1,1
2021-03-23,NATIONAL CITY,,1,1,1,1
2021-03-23,OCEANSIDE,,2,2,2,2
2021-03-23,SAN DIEGO,,14,14,14,14
2021-03-23,SHERIFF,,14,14,14,14
2021-03-24,CARLSBAD,,1,1,1,1
2021-03-24,CHULA VISTA,,3,3,3,3
2021-03-24,EL CAJON,,1,1,1,1
2021-03-24,ESCONDIDO,,2,2,2,2
2021-03-24,HARBOR POLICE,,1,1,1,1
2021-03-24,LA MESA,,1,1,1,1
2021-03-24,NATIONAL CITY,,1,1,1,1
2021-03-24,OCEANSIDE,,2,2,2,2
2021-03-24,SAN DIEGO,,15,15,15,15
2021-03-24,SHERIFF,,11,11,11,11
2021-03-25,CARLSBAD,,1,1,1,1
2021-03-25,EL CAJON,,4,4,4,4
2021-03-25,ESCONDIDO,,10,10,10,10
2021-03-25,HARBOR POLICE,,2,2,2,2
2021-03-25,OCEANSIDE,,3,3,3,3
2021-03-25,SAN DIEGO,,20,20,20,20
2021-03-25,SHERIFF,,11,11,11,11
2021-03-26,CARLSBAD,,1,1,1,1
2021-03-26,CHULA VISTA,,2,2,2,2
2021-03-26,EL CAJON,,3,3,3,3
2021-03-26,ESCONDIDO,,4,4,4,4
2021-03-26,OCEANSIDE,,10,10,10,10
2021-03-26,SAN DIEGO,,18,17,18,18
2021-03-26,SHERIFF,,10,10,10,10
2021-03-27,CARLSBAD,,3,3,3,3
2021-03-27,EL CAJON,,2,2,2,2
2021-03-27,ESCONDIDO,,4,4,4,4
2021-03-27,HARBOR POLICE,,1,1,1,1
2021-03-27,LA MESA,,2,2,2,2
2021-03-27,NATIONAL CITY,,5,5,5,5
2021-03-27,OCEANSIDE,,4,4,4,4
2021-03-27,SAN DIEGO,,26,26,26,26
2021-03-27,SHERIFF,,17,17,17,17
2021-03-28,CARLSBAD,,2,2,2,2
2021-03-28,CHULA VISTA,,5,5,5,5
2021-03-28,EL CAJON,,4,4,4,4
2021-03-28,ESCONDIDO,,5,5,5,5
2021-03-28,HARBOR POLICE,,3,3,3,3
2021-03-28,NATIONAL CITY,,2,2,2,2
2021-03-28,OCEANSIDE,,5,5,5,5
2021-03-28,SAN DIEGO,,21,21,21,21
2021-03-28,SHERIFF,,14,14,14,14
2021-03-29,CARLSBAD,,1,1,1,1
2021-03-29,CHULA VISTA,,3,3,3,3
2021-03-29,EL CAJON,,1,1,1,1
2021-03-29,ESCONDIDO,,2,2,2,2
2021-03-29,HARBOR POLICE,,2,2,2,2
2021-03-29,LA MESA,,1,1,1,1
2021-03-29,NATIONAL CITY,,2,2,2,2
2021-03-29,OCEANSIDE,,6,6,6,6
2021-03-29,SAN DIEGO,,12,12,12,12
2021-03-29,SHERIFF,,15,15,15,15
2021-03-30,CARLSBAD,,1,1,1,1
2021-03-30,CHULA VISTA,,2,2,2,2
2021-03-30,EL CAJON,,6,5,6,6
2021-03-30,ESCONDIDO,,3,3,3,3
2021-03-30,NATIONAL CITY,,2,2,2,2
2021-03-30,OCEANSIDE,,1,1,1,1
2021-03-30,SAN DIEGO,,16,16,16,16
2021-03-30,SHERIFF,,12,12,12,12
2021-03-31,CARLSBAD,,2,2,2,2
2021-03-31,CHULA VISTA,,1,1,1,1
2021-03-31,EL CAJON,,4,4,4,4
2021-03-31,ESCONDIDO,,3,3,3,3
2021-03-31,OCEANSIDE,,2,2,2,2
2021-03-31,SAN DIEGO,,13,13,13,13
2021-03-31,SHERIFF,,9,9,9,9
2021-04-01,CARLSBAD,,4,4,4,4
2021-04-01,CHULA VISTA,,2,2,2,2
2021-04-01,EL CAJON,,3,3,3,3
2021-04-01,ESCONDIDO,,4,4,4,4
2021-04-01,HARBOR POLICE,,2,2,2,2
2021-04-01,LA MESA,,1,1,1,1
2021-04-01,NATIONAL CITY,,1,1,1,1
2021-04-01,OCEANSIDE,,4,4,4,4
2021-04-01,SAN DIEGO,,23,23,23,23
2021-04-01,SHERIFF,,9,9,9,9
2021-04-02,CARLSBAD,,1,1,1,1
2021-04-02,CHULA VISTA,,2,2,2,2
2021-04-02,EL CAJON,,2,2,2,2
2021-04-02,ESCONDIDO,,4,4,4,4
2021-04-02,LA MESA,,1,1,1,1
2021-04-02,NATIONAL CITY,,1,1,1,1
2021-04-02,OCEANSIDE,,4,4,4,4
2021-04-02,SAN DIEGO,,21,21,21,21
2021-04-02,SHERIFF,,16,16,16,16
2021-04-03,CARLSBAD,,4,4,4,4
2021-04-03,CHULA VISTA,,3,3,3,3
2021-04-03,EL CAJON,,1,1,1,1
2021-04-03,ESCONDIDO,,2,2,2,2
2021-04-03,HARBOR POLICE,,3,3,3,3
2021-04-03,OCEANSIDE,,9,9,9,9
2021-04-03,SAN DIEGO,,33,32,33,33
2021-04-03,SHERIFF,,11,11,11,11
2021-04-04,CARLSBAD,,3,3,3,3
2021-04-04,CHULA VISTA,,3,3,3,3
2021-04-04,EL CAJON,,4,4,4,4
2021-04-04,ESCONDIDO,,3,3,3,3
2021-04-04,OCEANSIDE,,1,1,1,1
2021-04-04,SAN DIEGO,,13,12,13,13
2021-04-04,SHERIFF,,7,7,7,7
2021-04-05,CARLSBAD,,1,1,1,1
2021-04-05,EL CAJON,,3,3,3,3
2021-04-05,ESCONDIDO,,2,2,2,2
2021-04-05,NATIONAL CITY,,3,3,3,3
2021-04-05,OCEANSIDE,,4,4,4,4
2021-04-05,SAN DIEGO,,14,14,14,14
2021-04-05,SHERIFF,,13,13,13,13
2021-04-06,CARLSBAD,,1,1,1,1
2021-04-06,CHULA VISTA,,1,1,1,1
2021-04-06,EL CAJON,,1,1,1,1
2021-04-06,ESCONDIDO,,4,4,4,4
2021-04-06,HARBOR POLICE,,1,1,1,1
2021-04-06,LA MESA,,1,1,1,1
2021-04-06,OCEANSIDE,,4,4,4,4
2021-04-06,SAN DIEGO,,14,14,14,14
2021-04-06,SHERIFF,,19,19,19,19
2021-04-07,CARLSBAD,,2,2,2,2
2021-04-07,EL CAJON,,6,5,6,6
2021-04-07,ESCONDIDO,,2,2,2,2
2021-04-07,LA MESA,,1,1,1,1
2021-04-07,NATIONAL CITY,,2,2,2,2
2021-04-07,OCEANSIDE,,5,5,5,5
2021-04-07,SAN DIEGO,,7,7,7,7
2021-04-07,SHERIFF,,17,17,17,17
2021-04-08,CARLSBAD,,1,1,1,1
2021-04-08,CHULA VISTA,,1,1,1,1
2021-04-08,EL CAJON,,2,1,2,2
2021-04-08,ESCONDIDO,,6,6,6,6
2021-04-08,NATIONAL CITY,,2,2,2,2
2021-04-08,OCEANSIDE,,3,3,3,3
2021-04-08,SAN DIEGO,,28,25,28,28
2021-04-08,SHERIFF,,9,9,9,9
2021-04-09,CARLSBAD,,2,2,2,2
2021-04-09,CHULA VISTA,,3,3,3,3
2021-04-09,ESCONDIDO,,5,4,5,5
2021-04-09,LA MESA,,1,1,1,1
2021-04-09,NATIONAL CITY,,1,1,1,1
2021-04-09,OCEANSIDE,,4,4,4,4
2021-04-09,SAN DIEGO,,20,19,20,20
2021-04-09,SHERIFF,,11,11,11,11
2021-04-10,CARLSBAD,,5,5,5,5
2021-04-10,CHULA VISTA,,1,1,1,1
2021-04-10,EL CAJON,,1,1,1,1
2021-04-10,ESCONDIDO,,4,4,4,4
2021-04-10,HARBOR POLICE,,3,3,3,3
2021-04-10,NATIONAL CITY,,3,2,2,2
2021-04-10,OCEANSIDE,,4,4,4,4
2021-04-10,SAN DIEGO,,28,28,28,28
2021-04-10,SHERIFF,,21,21,21,21
2021-04-11,CARLSBAD,,4,4,4,4
2021-04-11,EL CAJON,,3,3,3,3
2021-04-11,ESCONDIDO,,2,2,2,2
2021-04-11,LA MESA,,2,2,2,2
2021-04-11,NATIONAL CITY,,2,2,2,2
2021-04-11,OCEANSIDE,,1,1,1,1
2021-04-11,SAN DIEGO,,20,20,20,20
2021-04-11,SHERIFF,,11,10,11,11
2021-04-12,CARLSBAD,,2,2,2,2
2021-04-12,CHULA VISTA,,1,1,1,1
2021-04-12,EL CAJON,,3,3,3,3
2021-04-12,ESCONDIDO,,3,3,3,3
2021-04-12,HARBOR POLICE,,1,1,1,1
2021-04-12,NATIONAL CITY,,1,1,1,1
2021-04-12,OCEANSIDE,,2,2,2,2
2021-04-12,SAN DIEGO,,13,11,12,12
2021-04-12,SHERIFF,,11,11,11,11
2021-04-13,CHULA VISTA,,5,5,5,5
2021-04-13,EL CAJON,,1,1,1,1
2021-04-13,ESCONDIDO,,6,6,6,6
2021-04-13,NATIONAL CITY,,2,2,2,2
2021-04-13,OCEANSIDE,,6,5,6,6
2021-04-13,SAN DIEGO,,14,13,14,14
2021-04-13,SHERIFF,,9,9,9,9
2021-04-14,CARLSBAD,,1,1,1,1
2021-04-14,CHULA VISTA,,1,1,1,1
2021-04-14,EL CAJON,,3,3,3,3
2021-04-14,ESCONDIDO,,4,4,4,4
2021-04-14,LA MESA,,1,1,1,1
2021-04-14,OCEANSIDE,,4,4,4,4
2021-04-14,SAN DIEGO,,18,18,18,18
2021-04-14,SHERIFF,,14,14,14,14
2021-04-15,CARLSBAD,,2,2,2,2
2021-04-15,CHULA VISTA,,1,1,1,1
2021-04-15,EL CAJON,,2,2,2,2
2021-04-15,ESCONDIDO,,6,6,6,6
2021-04-15,HARBOR POLICE,,1,1,1,1
2021-04-15,NATIONAL CITY,,3,3,3,3
2021-04-15,OCEANSIDE,,2,2,2,2
2021-04-15,SAN DIEGO,,15,14,15,15
2021-04-15,SHERIFF,,9,9,9,9
2021-04-16,CARLSBAD,,4,4,4,4
2021-04-16,CHULA VISTA,,1,1,1,1
2021-04-16,EL CAJON,,2,2,2,2
2021-04-16,ESCONDIDO,,5,5,5,5
2021-04-16,HARBOR POLICE,,3,3,3,3
2021-04-16,LA MESA,,1,1,1,1
2021-04-16,NATIONAL CITY,,1,1,1,1
2021-04-16,OCEANSIDE,,1,1,1,1
2021-04-16,SAN DIEGO,,25,25,25,25
2021-04-16,SHERIFF,,12,12,12,12
2021-04-17,CARLSBAD,,10,9,10,10
2021-04-17,CHULA VISTA,,1,1,1,1
2021-04-17,EL CAJON,,3,3,3,3
2021-04-17,ESCONDIDO,,5,5,5,5
2021-04-17,NATIONAL CITY,,3,2,3,3
2021-04-17,OCEANSIDE,,2,2,2,2
2021-04-17,SAN DIEGO,,27,25,27,27
2021-04-17,SHERIFF,,15,15,15,15
2021-04-18,CARLSBAD,,2,2,2,2
2021-04-18,CHULA VISTA,,3,3,3,3
2021-04-18,EL CAJON,,1,1,1,1
2021-04-18,ESCONDIDO,,3,3,3,3
2021-04-18,HARBOR POLICE,,1,1,1,1
2021-04-18,LA MESA,,2,2,2,2
2021-04-18,OCEANSIDE,,2,2,2,2
2021-04-18,SAN DIEGO,,21,21,21,21
2021-04-18,SHERIFF,,8,8,8,8
2021-04-19,CHULA VISTA,,1,1,1,1
2021-04-19,EL CAJON,,1,1,1,1
2021-04-19,ESCONDIDO,,3,3,3,3
2021-04-19,NATIONAL CITY,,1,1,1,1
2021-04-19,OCEANSIDE,,6,6,6,6
2021-04-19,SAN DIEGO,,14,14,14,14
2021-04-19,SHERIFF,,12,12,12,12
2021-04-20,EL CAJON,,2,2,2,2
2021-04-20,ESCONDIDO,,1,1,1,1
2021-04-20,OCEANSIDE,,1,1,1,1
2021-04-20,SAN DIEGO,,12,12,12,12
2021-04-20,SHERIFF,,14,14,14,14
2021-04-21,CARLSBAD,,1,1,1,1
2021-04-21,CHULA VISTA,,2,2,2,2
2021-04-21,EL CAJON,,5,5,5,5
2021-04-21,ESCONDIDO,,5,5,5,5
2021-04-21,HARBOR POLICE,,1,1,1,1
2021-04-21,OCEANSIDE,,3,3,3,3
2021-04-21,SAN DIEGO,,14,14,14,14
2021-04-21,SHERIFF,,11,11,11,11
2021-04-22,CARLSBAD,,3,3,3,3
2021-04-22,CHULA VISTA,,3,3,3,3
2021-04-22,ESCONDIDO,,10,10,10,10
2021-04-22,LA MESA,,2,2,2,2
2021-04-22,OCEANSIDE,,1,1,1,1
2021-04-22,SAN DIEGO,,9,9,9,9
2021-04-22,SHERIFF,,10,10,10,10
2021-04-23,CARLSBAD,,3,3,3,3
2021-04-23,CHULA VISTA,,4,4,4,4
2021-04-23,EL CAJON,,1,1,1,1
2021-04-23,ESCONDIDO,,7,7,7,7
2021-04-23,HARBOR POLICE,,1,1,1,1
2021-04-23,LA MESA,,2,2,2,2
2021-04-23,OCEANSIDE,,4,4,4,4
2021-04-23,SAN DIEGO,,16,16,16,16
2021-04-23,SHERIFF,,6,6,6,6
2021-04-24,CARLSBAD,,2,2,2,2
2021-04-24,CHULA VISTA,,3,3,3,3
2021-04-24,EL CAJON,,2,2,2,2
2021-04-24,ESCONDIDO,,7,7,7,7
2021-04-24,HARBOR POLICE,,3,3,3,3
2021-04-24,LA MESA,,2,2,2,2
2021-04-24,NATIONAL CITY,,2,2,2,2
2021-04-24,OCEANSIDE,,3,3,3,3
2021-04-24,SAN DIEGO,,32,32,32,32
2021-04-24,SHERIFF,,12,12,12,12
2021-04-25,CARLSBAD,,1,1,1,1
2021-04-25,CHULA VISTA,,1,1,1,1
2021-04-25,EL CAJON,,1,1,1,1
2021-04-25,ESCONDIDO,,3,3,3,3
2021-04-25,HARBOR POLICE,,2,2,2,2
2021-04-25,LA MESA,,1,1,1,1
2021-04-25,OCEANSIDE,,4,4,4,4
2021-04-25,SAN DIEGO,,22,21,22,22
2021-04-25,SHERIFF,,9,9,9,9
2021-04-26,CHULA VISTA,,2,2,2,2
2021-04-26,EL CAJON,,2,2,2,2
2021-04-26,HARBOR POLICE,,2,2,2,2
2021-04-26,NATIONAL CITY,,1,1,1,1
2021-04-26,OCEANSIDE,,4,4,4,4
2021-04-26,SAN DIEGO,,13,13,13,13
2021-04-26,SHERIFF,,11,11,11,11
2021-04-27,CHULA VISTA,,1,1,1,1
2021-04-27,ESCONDIDO,,4,4,4,4
2021-04-27,HARBOR POLICE,,1,1,1,1
2021-04-27,NATIONAL CITY,,1,1,1,1
2021-04-27,OCEANSIDE,,5,5,5,5
2021-04-27,SAN DIEGO,,10,10,10,10
2021-04-27,SHERIFF,,9,9,9,9
2021-04-28,CARLSBAD,,2,2,2,2
2021-04-28,EL CAJON,,1,1,1,1
2021-04-28,ESCONDIDO,,2,2,2,2
2021-04-28,NATIONAL CITY,,2,2,2,2
2021-04-28,OCEANSIDE,,3,3,3,3
2021-04-28,SAN DIEGO,,14,14,14,14
2021-04-28,SHERIFF,,8,8,8,8
2021-04-29,EL CAJON,,3,3,3,3
2021-04-29,ESCONDIDO,,2,2,2,2
2021-04-29,HARBOR POLICE,,1,1,1,1
2021-04-29,LA MESA,,1,1,1,1
2021-04-29,NATIONAL CITY,,2,2,2,2
2021-04-29,OCEANSIDE,,4,3,4,4
2021-04-29,SAN DIEGO,,11,9,11,10
2021-04-29,SHERIFF,,11,11,11,11
2021-04-30,CARLSBAD,,4,3,4,4
2021-04-30,CHULA VISTA,,3,3,3,3
2021-04-30,EL CAJON,,1,1,1,1
2021-04-30,ESCONDIDO,,5,5,5,5
2021-04-30,HARBOR POLICE,,2,2,2,2
2021-04-30,LA MESA,,1,1,1,1
2021-04-30,OCEANSIDE,,2,2,2,2
2021-04-30,SAN DIEGO,,20,19,20,20
2021-04-30,SHERIFF,,9,9,9,9
2021-05-01,CHULA VISTA,,5,5,5,5
2021-05-01,ESCONDIDO,,4,4,4,4
2021-05-01,HARBOR POLICE,,1,1,1,1
2021-05-01,LA MESA,,1,1,1,1
2021-05-01,NATIONAL CITY,,3,3,3,3
2021-05-01,OCEANSIDE,,1,1,1,1
2021-05-01,SAN DIEGO,,32,30,32,32
2021-05-01,SHERIFF,,13,13,13,13
2021-05-02,CARLSBAD,,4,3,4,4
2021-05-02,CHULA VISTA,,4,4,4,4
2021-05-02,EL CAJON,,1,1,1,1
2021-05-02,ESCONDIDO,,4,4,4,4
2021-05-02,HARBOR POLICE,,1,1,1,1
2021-05-02,LA MESA,,1,1,1,1
2021-05-02,NATIONAL CITY,,2,2,2,2
2021-05-02,OCEANSIDE,,2,2,2,2
2021-05-02,SAN DIEGO,,23,22,23,23
2021-05-02,SHERIFF,,8,8,8,8
2021-05-03,CARLSBAD,,3,3,3,3
2021-05-03,CHULA VISTA,,1,1,1,1
2021-05-03,EL CAJON,,3,3,3,3
2021-05-03,ESCONDIDO,,4,4,4,4
2021-05-03,HARBOR POLICE,,1,1,1,1
2021-05-03,OCEANSIDE,,4,4,4,4
2021-05-03,SAN DIEGO,,18,18,18,18
2021-05-03,SHERIFF,,9,9,9,9
2021-05-04,CARLSBAD,,1,1,1,1
2021-05-04,EL CAJON,,1,1,1,1
2021-05-04,NATIONAL CITY,,2,2,2,2
2021-05-04,OCEANSIDE,,3,3,3,3
2021-05-04,SAN DIEGO,,12,12,12,12
2021-05-04,SHERIFF,,16,15,16,16
2021-05-05,CARLSBAD,,2,2,2,2
2021-05-05,CHULA VISTA,,1,1,1,1
2021-05-05,EL CAJON,,2,2,2,2
2021-05-05,ESCONDIDO,,7,7,7,7
2021-05-05,LA MESA,,3,3,3,3
2021-05-05,NATIONAL CITY,,2,1,2,2
2021-05-05,OCEANSIDE,,1,1,1,1
2021-05-05,SAN DIEGO,,24,24,24,24
2021-05-05,SHERIFF,,13,13,13,13
2021-05-06,CARLSBAD,,3,3,3,3
2021-05-06,CHULA VISTA,,1,1,1,1
2021-05-06,EL CAJON,,3,3,3,3
2021-05-06,ESCONDIDO,,7,7,7,7
2021-05-06,HARBOR POLICE,,1,1,1,1
2021-05-06,NATIONAL CITY,,2,2,2,2
2021-05-06,SAN DIEGO,,28,28,28,28
2021-05-06,SHERIFF,,14,14,14,14
2021-05-07,CARLSBAD,,3,3,3,3
2021-05-07,CHULA VISTA,,3,3,3,3
2021-05-07,EL CAJON,,2,2,2,2
2021-05-07,ESCONDIDO,,3,3,3,3
2021-05-07,LA MESA,,1,1,1,1
2021-05-07,NATIONAL CITY,,3,3,3,3
2021-05-07,OCEANSIDE,,5,4,5,5
2021-05-07,SAN DIEGO,,20,19,20,20
2021-05-07,SHERIFF,,14,14,14,14
2021-05-08,CHULA VISTA,,3,3,3,3
2021-05-08,EL CAJON,,1,1,1,1
2021-05-08,ESCONDIDO,,9,9,9,9
2021-05-08,LA MESA,,1,1,1,1
2021-05-08,NATIONAL CITY,,1,1,1,1
2021-05-08,OCEANSIDE,,4,4,4,4
2021-05-08,SAN DIEGO,,38,38,38,38
2021-05-08,SHERIFF,,14,14,14,14
2021-05-09,CARLSBAD,,3,3,3,3
2021-05-09,CHULA VISTA,,3,3,3,3
2021-05-09,EL CAJON,,1,1,1,1
2021-05-09,ESCONDIDO,,2,2,2,2
2021-05-09,HARBOR POLICE,,1,1,1,1
2021-05-09,NATIONAL CITY,,2,2,2,2
2021-05-09,OCEANSIDE,,3,3,3,3
2021-05-09,SAN DIEGO,,32,32,32,32
2021-05-09,SHERIFF,,11,10,11,11
2021-05-10,CHULA VISTA,,1,1,1,1
2021-05-10,EL CAJON,,1,1,1,1
2021-05-10,ESCONDIDO,,3,3,3,3
2021-05-10,LA MESA,,1,1,1,1
2021-05-10,NATIONAL CITY,,2,2,2,2
2021-05-10,OCEANSIDE,,1,1,1,1
2021-05-10,SAN DIEGO,,15,15,15,15
2021-05-10,SHERIFF,,12,12,12,12
2021-05-11,CARLSBAD,,1,1,1,1
2021-05-11,CHULA VISTA,,1,1,1,1
2021-05-11,EL CAJON,,1,1,1,1
2021-05-11,ESCONDIDO,,4,4,4,4
2021-05-11,LA MESA,,1,1,1,1
2021-05-11,NATIONAL CITY,,1,1,1,1
2021-05-11,OCEANSIDE,,5,5,5,5
2021-05-11,SAN DIEGO,,12,11,12,12
2021-05-11,SHERIFF,,9,9,9,9
2021-05-12,CHULA VISTA,,1,1,1,1
2021-05-12,ESCONDIDO,,4,3,4,4
2021-05-12,LA MESA,,1,1,1,1
2021-05-12,OCEANSIDE,,2,2,2,2
2021-05-12,SAN DIEGO,,15,14,15,15
2021-05-12,SHERIFF,,17,17,17,17
2021-05-13,CARLSBAD,,1,1,1,1
2021-05-13,CHULA VISTA,,3,3,3,3
2021-05-13,EL CAJON,,3,3,3,3
2021-05-13,ESCONDIDO,,8,8,8,8
2021-05-13,HARBOR POLICE,,1,1,1,1
2021-05-13,NATIONAL CITY,,2,2,2,2
2021-05-13,OCEANSIDE,,1,1,1,1
2021-05-13,SAN DIEGO,,15,15,15,15
2021-05-13,SHERIFF,,7,7,7,7
2021-05-14,CARLSBAD,,2,2,2,2
2021-05-14,CHULA VISTA,,2,2,2,2
2021-05-14,EL CAJON,,4,4,4,4
2021-05-14,ESCONDIDO,,3,3,3,3
2021-05-14,HARBOR POLICE,,1,1,1,1
2021-05-14,NATIONAL CITY,,2,2,2,2
2021-05-14,OCEANSIDE,,4,4,4,4
2021-05-14,SAN DIEGO,,25,25,25,25
2021-05-14,SHERIFF,,16,16,16,16
2021-05-15,CARLSBAD,,5,5,5,5
2021-05-15,CHULA VISTA,,1,1,1,1
2021-05-15,EL CAJON,,4,4,4,4
2021-05-15,ESCONDIDO,,10,10,10,10
2021-05-15,HARBOR POLICE,,1,1,1,1
2021-05-15,NATIONAL CITY,,1,1,1,1
2021-05-15,OCEANSIDE,,2,2,2,2
2021-05-15,SAN DIEGO,,33,32,33,33
2021-05-15,SHERIFF,,9,9,9,9
2021-05-16,CARLSBAD,,6,5,6,6
2021-05-16,CHULA VISTA,,2,2,2,2
2021-05-16,ESCONDIDO,,3,3,3,3
2021-05-16,HARBOR POLICE,,1,1,1,1
2021-05-16,LA MESA,,3,3,3,3
2021-05-16,OCEANSIDE,,2,2,2,2
2021-05-16,SAN DIEGO,,30,30,30,30
2021-05-16,SHERIFF,,10,10,10,10
2021-05-17,CARLSBAD,,1,1,1,1
2021-05-17,CHULA VISTA,,4,4,4,4
2021-05-17,EL CAJON,,2,2,2,2
2021-05-17,ESCONDIDO,,1,1,1,1
2021-05-17,OCEANSIDE,,1,1,1,1
2021-05-17,SAN DIEGO,,22,21,22,22
2021-05-17,SHERIFF,,15,15,15,15
2021-05-18,CARLSBAD,,3,3,3,3
2021-05-18,CHULA VISTA,,2,2,2,2
2021-05-18,ESCONDIDO,,2,2,2,2
2021-05-18,HARBOR POLICE,,3,3,3,3
2021-05-18,NATIONAL CITY,,2,2,2,2
2021-05-18,OCEANSIDE,,1,1,1,1
2021-05-18,SAN DIEGO,,18,18,18,18
2021-05-18,SHERIFF,,6,6,6,6
2021-05-19,CARLSBAD,,3,3,3,3
2021-05-19,CHULA VISTA,,2,1,2,2
2021-05-19,EL CAJON,,1,1,1,1
2021-05-19,OCEANSIDE,,1,1,1,1
2021-05-19,SAN DIEGO,,15,15,15,15
2021-05-19,SHERIFF,,11,11,11,11
2021-05-20,CARLSBAD,,4,4,4,4
2021-05-20,CHULA VISTA,,3,3,3,3
2021-05-20,EL CAJON,,2,2,2,2
2021-05-20,ESCONDIDO,,7,6,7,7
2021-05-20,NATIONAL CITY,,1,1,1,1
2021-05-20,OCEANSIDE,,7,7,7,7
2021-05-20,SAN DIEGO,,15,15,15,15
2021-05-20,SHERIFF,,15,15,15,15
2021-05-21,CARLSBAD,,3,3,3,3
2021-05-21,CHULA VISTA,,2,2,2,2
2021-05-21,EL CAJON,,1,1,1,1
2021-05-21,ESCONDIDO,,6,6,6,6
2021-05-21,LA MESA,,2,2,2,2
2021-05-21,OCEANSIDE,,2,2,2,2
2021-05-21,SAN DIEGO,,31,30,31,31
2021-05-21,SHERIFF,,8,8,8,8
2021-05-22,CARLSBAD,,5,5,5,5
2021-05-22,CHULA VISTA,,3,3,3,3
2021-05-22,EL CAJON,,3,3,3,3
2021-05-22,ESCONDIDO,,9,9,9,9
2021-05-22,HARBOR POLICE,,2,2,2,2
2021-05-22,LA MESA,,2,2,2,2
2021-05-22,NATIONAL CITY,,4,4,4,4
2021-05-22,OCEANSIDE,,5,5,5,5
2021-05-22,SAN DIEGO,,28,28,28,28
2021-05-22,SHERIFF,,15,14,15,15
2021-05-23,CARLSBAD,,3,3,3,3
2021-05-23,CHULA VISTA,,3,3,3,3
2021-05-23,ESCONDIDO,,1,1,1,1
2021-05-23,HARBOR POLICE,,1,1,1,1
2021-05-23,LA MESA,,3,3,3,3
2021-05-23,NATIONAL CITY,,2,2,2,2
2021-05-23,OCEANSIDE,,8,8,8,8
2021-05-23,SAN DIEGO,,26,26,26,26
2021-05-23,SHERIFF,,13,13,13,13
2021-05-24,CARLSBAD,,1,1,1,1
2021-05-24,CHULA VISTA,,1,1,1,1
2021-05-24,EL CAJON,,1,1,1,1
2021-05-24,ESCONDIDO,,2,2,2,2
2021-05-24,HARBOR POLICE,,1,1,1,1
2021-05-24,NATIONAL CITY,,1,1,1,1
2021-05-24,OCEANSIDE,,2,2,2,2
2021-05-24,SAN DIEGO,,19,19,19,19
2021-05-24,SHERIFF,,20,20,20,20
2021-05-25,CARLSBAD,,4,4,4,4
2021-05-25,CHULA VISTA,,3,3,3,3
2021-05-25,EL CAJON,,1,1,1,1
2021-05-25,ESCONDIDO,,3,3,3,3
2021-05-25,LA MESA,,1,1,1,1
2021-05-25,NATIONAL CITY,,2,2,2,2
2021-05-25,OCEANSIDE,,1,1,1,1
2021-05-25,SAN DIEGO,,9,8,9,9
2021-05-25,SHERIFF,,7,7,7,7
2021-05-26,CARLSBAD,,3,3,3,3
2021-05-26,CHULA VISTA,,2,2,2,2
2021-05-26,ESCONDIDO,,2,2,2,2
2021-05-26,HARBOR POLICE,,1,1,1,1
2021-05-26,LA MESA,,1,1,1,1
2021-05-26,NATIONAL CITY,,1,1,1,1
2021-05-26,OCEANSIDE,,3,3,3,3
2021-05-26,SAN DIEGO,,16,16,16,16
2021-05-26,SHERIFF,,13,13,13,13
2021-05-27,CARLSBAD,,1,1,1,1
2021-05-27,CHULA VISTA,,2,2,2,2
2021-05-27,EL CAJON,,1,1,1,1
2021-05-27,ESCONDIDO,,4,4,4,4
2021-05-27,NATIONAL CITY,,2,2,2,2
2021-05-27,OCEANSIDE,,3,3,3,3
2021-05-27,SAN DIEGO,,23,22,23,23
2021-05-27,SHERIFF,,6,6,6,6
2021-05-28,CARLSBAD,,1,1,1,1
2021-05-28,EL CAJON,,1,1,1,1
2021-05-28,ESCONDIDO,,6,6,6,6
2021-05-28,HARBOR POLICE,,1,1,1,1
2021-05-28,NATIONAL CITY,,1,1,1,1
2021-05-28,OCEANSIDE,,3,3,3,3
2021-05-28,SAN DIEGO,,26,26,26,26
2021-05-28,SHERIFF,,15,15,15,15
2021-05-29,CARLSBAD,,2,2,2,2
2021-05-29,CHULA VISTA,,3,3,3,3
2021-05-29,EL CAJON,,1,1,1,1
2021-05-29,ESCONDIDO,,4,4,4,4
2021-05-29,HARBOR POLICE,,1,1,1,1
2021-05-29,NATIONAL CITY,,2,2,2,2
2021-05-29,OCEANSIDE,,4,4,4,4
2021-05-29,SAN DIEGO,,50,47,50,50
2021-05-29,SHERIFF,,19,19,19,19
2021-05-30,CARLSBAD,,4,4,4,4
2021-05-30,ESCONDIDO,,5,5,5,5
2021-05-30,HARBOR POLICE,,2,2,2,2
2021-05-30,LA MESA,,2,2,2,2
2021-05-30,OCEANSIDE,,2,2,2,2
2021-05-30,SAN DIEGO,,38,34,38,38
2021-05-30,SHERIFF,,8,8,8,8
2021-05-31,CARLSBAD,,1,1,1,1
2021-05-31,CHULA VISTA,,1,1,1,1
2021-05-31,EL CAJON,,1,1,1,1
2021-05-31,ESCONDIDO,,8,8,8,8
2021-05-31,HARBOR POLICE,,1,1,1,1
2021-05-31,LA MESA,,2,2,2,2
2021-05-31,NATIONAL CITY,,1,1,1,1
2021-05-31,OCEANSIDE,,4,4,4,4
2021-05-31,SAN DIEGO,,28,25,28,28
2021-05-31,SHERIFF,,8,8,8,8
2021-06-01,CARLSBAD,,1,1,1,1
2021-06-01,CHULA VISTA,,1,1,1,1
2021-06-01,EL CAJON,,1,1,1,1
2021-06-01,ESCONDIDO,,3,3,3,3
2021-06-01,HARBOR POLICE,,1,1,1,1
2021-06-01,NATIONAL CITY,,1,1,1,1
2021-06-01,SAN DIEGO,,17,17,17,17
2021-06-01,SHERIFF,,7,7,7,7
2021-06-02,CHULA VISTA,,2,2,2,2
2021-06-02,EL CAJON,,1,1,1,1
2021-06-02,NATIONAL CITY,,5,5,5,5
2021-06-02,SAN DIEGO,,13,11,13,13
2021-06-02,SHERIFF,,15,15,15,15
2021-06-03,CARLSBAD,,3,3,3,3
2021-06-03,CHULA VISTA,,1,1,1,1
2021-06-03,EL CAJON,,4,3,4,4
2021-06-03,ESCONDIDO,,2,2,2,2
2021-06-03,HARBOR POLICE,,2,2,2,2
2021-06-03,LA MESA,,2,2,2,2
2021-06-03,NATIONAL CITY,,1,1,1,1
2021-06-03,OCEANSIDE,,2,2,2,2
2021-06-03,SAN DIEGO,,11,11,11,11
2021-06-03,SHERIFF,,10,10,10,10
2021-06-04,CARLSBAD,,3,3,3,3
2021-06-04,CHULA VISTA,,1,1,1,1
2021-06-04,EL CAJON,,2,2,2,2
2021-06-04,ESCONDIDO,,3,3,3,3
2021-06-04,HARBOR POLICE,,1,1,1,1
2021-06-04,LA MESA,,3,3,3,3
2021-06-04,NATIONAL CITY,,2,2,2,2
2021-06-04,OCEANSIDE,,1,1,1,1
2021-06-04,SAN DIEGO,,23,22,23,23
2021-06-04,SHERIFF,,15,15,15,15
2021-06-05,CARLSBAD,,5,5,5,5
2021-06-05,CHULA VISTA,,2,2,2,2
2021-06-05,EL CAJON,,3,3,3,3
2021-06-05,ESCONDIDO,,4,4,4,4
2021-06-05,LA MESA,,1,1,1,1
2021-06-05,NATIONAL CITY,,3,2,3,3
2021-06-05,OCEANSIDE,,3,3,3,3
2021-06-05,SAN DIEGO,,36,35,36,36
2021-06-05,SHERIFF,,14,14,14,14
2021-06-06,CARLSBAD,,1,1,1,1
2021-06-06,CHULA VISTA,,4,4,4,4
2021-06-06,EL CAJON,,1,1,1,1
2021-06-06,ESCONDIDO,,4,4,4,4
2021-06-06,LA MESA,,1,1,1,1
2021-06-06,OCEANSIDE,,3,3,3,3
2021-06-06,SAN DIEGO,,27,26,27,27
2021-06-06,SHERIFF,,11,11,11,11
2021-06-07,CARLSBAD,,2,2,2,2
2021-06-07,CHULA VISTA,,2,2,2,2
2021-06-07,EL CAJON,,2,2,2,2
2021-06-07,ESCONDIDO,,3,3,3,3
2021-06-07,HARBOR POLICE,,1,1,1,1
2021-06-07,LA MESA,,1,1,1,1
2021-06-07,NATIONAL CITY,,2,2,2,2
2021-06-07,OCEANSIDE,,2,2,2,2
2021-06-07,SAN DIEGO,,14,14,14,14
2021-06-07,SHERIFF,,9,9,9,9
2021-06-08,CARLSBAD,,5,5,5,5
2021-06-08,CHULA VISTA,,3,3,3,3
2021-06-08,EL CAJON,,5,4,5,5
2021-06-08,ESCONDIDO,,6,6,6,6
2021-06-08,LA MESA,,1,1,1,1
2021-06-08,OCEANSIDE,,3,3,3,3
2021-06-08,SAN DIEGO,,23,23,23,23
2021-06-08,SHERIFF,,10,10,10,10
2021-06-09,CARLSBAD,,6,6,6,6
2021-06-09,EL CAJON,,3,3,3,3
2021-06-09,ESCONDIDO,,4,4,4,4
2021-06-09,HARBOR POLICE,,2,2,2,2
2021-06-09,NATIONAL CITY,,2,2,2,2
2021-06-09,OCEANSIDE,,2,2,2,2
2021-06-09,SAN DIEGO,,16,16,16,16
2021-06-09,SHERIFF,,13,13,13,13
2021-06-10,CHULA VISTA,,1,1,1,1
2021-06-10,EL CAJON,,3,3,3,3
2021-06-10,ESCONDIDO,,4,4,4,4
2021-06-10,HARBOR POLICE,,2,2,2,2
2021-06-10,LA MESA,,1,1,1,1
2021-06-10,OCEANSIDE,,3,3,3,3
2021-06-10,SAN DIEGO,,21,20,21,21
2021-06-10,SHERIFF,,9,9,9,9
2021-06-11,CHULA VISTA,,3,3,3,3
2021-06-11,EL CAJON,,2,2,2,2
2021-06-11,ESCONDIDO,,7,7,7,7
2021-06-11,HARBOR POLICE,,1,1,1,1
2021-06-11,NATIONAL CITY,,1,1,1,1
2021-06-11,OCEANSIDE,,5,5,5,5
2021-06-11,SAN DIEGO,,29,29,29,29
2021-06-11,SHERIFF,,9,9,9,9
2021-06-12,CARLSBAD,,2,2,2,2
2021-06-12,EL CAJON,,2,2,2,2
2021-06-12,ESCONDIDO,,6,6,6,6
2021-06-12,LA MESA,,1,1,1,1
2021-06-12,NATIONAL CITY,,1,1,1,1
2021-06-12,OCEANSIDE,,3,3,3,3
2021-06-12,SAN DIEGO,,30,29,30,30
2021-06-12,SHERIFF,,11,10,11,11
2021-06-13,CARLSBAD,,3,3,3,3
2021-06-13,CHULA VISTA,,3,3,3,3
2021-06-13,EL CAJON,,2,2,2,2
2021-06-13,ESCONDIDO,,4,4,4,4
2021-06-13,HARBOR POLICE,,1,1,1,1
2021-06-13,NATIONAL CITY,,5,5,5,5
2021-06-13,OCEANSIDE,,1,1,1,1
2021-06-13,SAN DIEGO,,28,28,28,28
2021-06-13,SHERIFF,,5,5,5,5
2021-06-14,CARLSBAD,,1,1,1,1
2021-06-14,CHULA VISTA,,2,2,2,2
2021-06-14,EL CAJON,,3,3,3,3
2021-06-14,ESCONDIDO,,2,2,2,2
2021-06-14,NATIONAL CITY,,1,1,1,1
2021-06-14,OCEANSIDE,,4,4,4,4
2021-06-14,SAN DIEGO,,14,14,14,14
2021-06-14,SHERIFF,,10,10,10,10
2021-06-15,CARLSBAD,,3,3,3,3
2021-06-15,CHULA VISTA,,3,2,3,3
2021-06-15,EL CAJON,,2,2,2,2
2021-06-15,ESCONDIDO,,3,3,3,3
2021-06-15,NATIONAL CITY,,2,2,2,2
2021-06-15,SAN DIEGO,,11,11,11,11
2021-06-15,SHERIFF,,6,6,6,6
2021-06-16,CARLSBAD,,1,1,1,1
2021-06-16,CHULA VISTA,,2,2,2,2
2021-06-16,EL CAJON,,1,1,1,1
2021-06-16,ESCONDIDO,,4,4,4,4
2021-06-16,HARBOR POLICE,,3,3,3,3
2021-06-16,LA MESA,,1,1,1,1
2021-06-16,NATIONAL CITY,,2,2,2,2
2021-06-16,OCEANSIDE,,3,3,3,3
2021-06-16,SAN DIEGO,,24,23,24,24
2021-06-16,SHERIFF,,12,12,12,12
2021-06-17,CARLSBAD,,1,1,1,1
2021-06-17,EL CAJON,,4,3,4,4
2021-06-17,ESCONDIDO,,3,3,3,3
2021-06-17,HARBOR POLICE,,2,2,2,2
2021-06-17,LA MESA,,2,2,2,2
2021-06-17,NATIONAL CITY,,2,2,2,2
2021-06-17,OCEANSIDE,,3,3,3,3
2021-06-17,SAN DIEGO,,11,11,11,11
2021-06-17,SHERIFF,,10,10,10,10
2021-06-18,CARLSBAD,,2,2,2,2
2021-06-18,CHULA VISTA,,1,1,1,1
2021-06-18,EL CAJON,,4,3,4,4
2021-06-18,ESCONDIDO,,6,6,6,6
2021-06-18,LA MESA,,1,1,1,1
2021-06-18,NATIONAL CITY,,1,1,1,1
2021-06-18,OCEANSIDE,,1,1,1,1
2021-06-18,SAN DIEGO,,18,18,18,18
2021-06-18,SHERIFF,,13,13,13,13
2021-06-19,CARLSBAD,,5,5,5,5
2021-06-19,CHULA VISTA,,5,5,5,5
2021-06-19,EL CAJON,,2,2,2,2
2021-06-19,ESCONDIDO,,5,5,5,5
2021-06-19,NATIONAL CITY,,4,4,4,4
2021-06-19,OCEANSIDE,,6,6,6,6
2021-06-19,SAN DIEGO,,38,37,38,38
2021-06-19,SHERIFF,,15,14,15,15
2021-06-20,CARLSBAD,,1,1,1,1
2021-06-20,CHULA VISTA,,2,2,2,2
2021-06-20,EL CAJON,,3,3,3,3
2021-06-20,ESCONDIDO,,4,4,4,4
2021-06-20,HARBOR POLICE,,1,1,1,1
2021-06-20,LA MESA,,2,2,2,2
2021-06-20,NATIONAL CITY,,1,1,1,1
2021-06-20,OCEANSIDE,,2,2,2,2
2021-06-20,SAN DIEGO,,28,26,28,28
2021-06-20,SHERIFF,,16,16,16,16
2021-06-21,CARLSBAD,,1,1,1,1
2021-06-21,CHULA VISTA,,1,1,1,1
2021-06-21,EL CAJON,,5,5,5,5
2021-06-21,ESCONDIDO,,4,4,4,4
2021-06-21,HARBOR POLICE,,1,1,1,1
2021-06-21,LA MESA,,3,3,3,3
2021-06-21,OCEANSIDE,,2,2,2,2
2021-06-21,SAN DIEGO,,19,18,19,19
2021-06-21,SHERIFF,,14,14,14,14
2021-06-22,CARLSBAD,,2,2,2,2
2021-06-22,ESCONDIDO,,3,3,3,3
2021-06-22,NATIONAL CITY,,1,1,1,1
2021-06-22,OCEANSIDE,,1,1,1,1
2021-06-22,SAN DIEGO,,18,18,18,18
2021-06-22,SHERIFF,,10,10,10,10
2021-06-23,CARLSBAD,,1,1,1,1
2021-06-23,EL CAJON,,2,2,2,2
2021-06-23,ESCONDIDO,,6,6,6,6
2021-06-23,HARBOR POLICE,,1,1,1,1
2021-06-23,LA MESA,,2,2,2,2
2021-06-23,OCEANSIDE,,2,2,2,2
2021-06-23,SAN DIEGO,,13,13,13,13
2021-06-23,SHERIFF,,12,12,12,12
2021-06-24,CARLSBAD,,2,2,2,2
2021-06-24,CHULA VISTA,,2,2,2,2
2021-06-24,EL CAJON,,4,4,4,4
2021-06-24,ESCONDIDO,,7,7,7,7
2021-06-24,LA MESA,,2,2,2,2
2021-06-24,NATIONAL CITY,,2,2,2,2
2021-06-24,OCEANSIDE,,3,3,3,3
2021-06-24,SAN DIEGO,,17,17,17,17
2021-06-24,SHERIFF,,11,10,11,11
2021-06-25,CARLSBAD,,1,1,1,1
2021-06-25,CHULA VISTA,,5,5,5,5
2021-06-25,EL CAJON,,1,1,1,1
2021-06-25,ESCONDIDO,,4,4,4,4
2021-06-25,HARBOR POLICE,,1,1,1,1
2021-06-25,NATIONAL CITY,,1,1,1,1
2021-06-25,OCEANSIDE,,3,3,3,3
2021-06-25,SAN DIEGO,,27,27,27,27
2021-06-25,SHERIFF,,13,13,13,13
2021-06-26,CARLSBAD,,5,5,5,5
2021-06-26,CHULA VISTA,,3,3,3,3
2021-06-26,ESCONDIDO,,9,9,9,9
2021-06-26,HARBOR POLICE,,2,2,2,2
2021-06-26,LA MESA,,2,2,2,2
2021-06-26,NATIONAL CITY,,1,1,1,1
2021-06-26,OCEANSIDE,,5,5,5,5
2021-06-26,SAN DIEGO,,42,41,42,42
2021-06-26,SHERIFF,,7,7,7,7
2021-06-27,CARLSBAD,,3,3,3,3
2021-06-27,CHULA VISTA,,4,4,4,4
2021-06-27,EL CAJON,,3,3,3,3
2021-06-27,ESCONDIDO,,3,3,3,3
2021-06-27,LA MESA,,3,3,3,3
2021-06-27,NATIONAL CITY,,1,1,1,1
2021-06-27,OCEANSIDE,,9,9,9,9
2021-06-27,SAN DIEGO,,37,37,37,37
2021-06-27,SHERIFF,,11,11,11,11
2021-06-28,EL CAJON,,3,3,3,3
2021-06-28,ESCONDIDO,,5,5,5,5
2021-06-28,HARBOR POLICE,,1,1,1,1
2021-06-28,LA MESA,,1,1,1,1
2021-06-28,NATIONAL CITY,,3,3,3,3
2021-06-28,OCEANSIDE,,2,2,2,2
2021-06-28,SAN DIEGO,,11,10,11,11
2021-06-28,SHERIFF,,8,8,8,8
2021-06-29,CARLSBAD,,1,1,1,1
2021-06-29,EL CAJON,,1,1,1,1
2021-06-29,ESCONDIDO,,6,6,6,6
2021-06-29,LA MESA,,1,1,1,1
2021-06-29,NATIONAL CITY,,2,2,2,2
2021-06-29,OCEANSIDE,,3,3,3,3
2021-06-29,SAN DIEGO,,16,15,16,16
2021-06-29,SHERIFF,,12,11,12,12
2021-06-30,CARLSBAD,,2,2,2,2
2021-06-30,CHULA VISTA,,1,1,1,1
2021-06-30,EL CAJON,,1,1,1,1
2021-06-30,ESCONDIDO,,2,2,2,2
2021-06-30,NATIONAL CITY,,1,1,1,1
2021-06-30,SAN DIEGO,,10,10,10,10
2021-06-30,SHERIFF,,11,11,11,11
2021-07-01,CARLSBAD,,2,2,2,2
2021-07-01,CHULA VISTA,,2,2,2,2
2021-07-01,EL CAJON,,1,1,1,1
2021-07-01,ESCONDIDO,,2,2,2,2
2021-07-01,HARBOR POLICE,,1,1,1,1
2021-07-01,LA MESA,,1,1,1,1
2021-07-01,OCEANSIDE,,2,2,2,2
2021-07-01,SAN DIEGO,,17,17,17,17
2021-07-01,SHERIFF,,15,15,15,15
2021-07-02,CARLSBAD,,3,3,3,3
2021-07-02,CHULA VISTA,,4,4,4,4
2021-07-02,EL CAJON,,2,2,2,2
2021-07-02,ESCONDIDO,,5,5,5,5
2021-07-02,NATIONAL CITY,,3,3,3,3
2021-07-02,OCEANSIDE,,1,1,1,1
2021-07-02,SAN DIEGO,,30,30,30,30
2021-07-02,SHERIFF,,11,11,11,11
2021-07-03,CARLSBAD,,2,2,2,2
2021-07-03,CHULA VISTA,,1,1,1,1
2021-07-03,EL CAJON,,3,3,3,3
2021-07-03,ESCONDIDO,,3,3,3,3
2021-07-03,HARBOR POLICE,,1,1,1,1
2021-07-03,LA MESA,,1,1,1,1
2021-07-03,NATIONAL CITY,,2,2,2,2
2021-07-03,OCEANSIDE,,6,6,6,6
2021-07-03,SAN DIEGO,,62,60,62,62
2021-07-03,SHERIFF,,7,7,7,7
2021-07-04,CARLSBAD,,3,3,3,3
2021-07-04,CHULA VISTA,,1,1,1,1
2021-07-04,EL CAJON,,4,4,4,4
2021-07-04,ESCONDIDO,,7,7,7,7
2021-07-04,HARBOR POLICE,,3,3,3,3
2021-07-04,LA MESA,,1,1,1,1
2021-07-04,SAN DIEGO,,33,32,33,33
2021-07-04,SHERIFF,,12,12,12,12
2021-07-05,CARLSBAD,,1,1,1,1
2021-07-05,CHULA VISTA,,4,4,4,4
2021-07-05,EL CAJON,,1,1,1,1
2021-07-05,ESCONDIDO,,1,1,1,1
2021-07-05,LA MESA,,1,1,1,1
2021-07-05,NATIONAL CITY,,7,7,7,7
2021-07-05,OCEANSIDE,,1,1,1,1
2021-07-05,SAN DIEGO,,24,23,24,24
2021-07-05,SHERIFF,,7,7,7,7
2021-07-06,CARLSBAD,,3,3,3,3
2021-07-06,CHULA VISTA,,1,1,1,1
2021-07-06,EL CAJON,,3,3,3,3
2021-07-06,ESCONDIDO,,5,5,5,5
2021-07-06,NATIONAL CITY,,1,1,1,1
2021-07-06,OCEANSIDE,,1,1,1,1
2021-07-06,SAN DIEGO,,14,14,14,14
2021-07-06,SHERIFF,,9,9,9,9
2021-07-07,CHULA VISTA,,2,2,2,2
2021-07-07,ESCONDIDO,,4,3,4,4
2021-07-07,HARBOR POLICE,,2,2,2,2
2021-07-07,LA MESA,,1,1,1,1
2021-07-07,NATIONAL CITY,,2,2,2,2
2021-07-07,SAN DIEGO,,20,20,20,20
2021-07-07,SHERIFF,,15,15,15,15
2021-07-08,CARLSBAD,,3,3,3,3
2021-07-08,CHULA VISTA,,2,2,2,2
2021-07-08,EL CAJON,,1,1,1,1
2021-07-08,ESCONDIDO,,5,5,5,5
2021-07-08,LA MESA,,2,1,2,2
2021-07-08,NATIONAL CITY,,1,1,1,1
2021-07-08,OCEANSIDE,,1,1,1,1
2021-07-08,SAN DIEGO,,21,21,21,21
2021-07-08,SHERIFF,,10,10,10,10
2021-07-09,CARLSBAD,,2,2,2,2
2021-07-09,CHULA VISTA,,1,1,1,1
2021-07-09,EL CAJON,,4,4,4,4
2021-07-09,ESCONDIDO,,7,7,7,7
2021-07-09,NATIONAL CITY,,1,1,1,1
2021-07-09,OCEANSIDE,,3,3,3,3
2021-07-09,SAN DIEGO,,24,23,24,24
2021-07-09,SHERIFF,,13,13,13,13
2021-07-10,CARLSBAD,,5,5,5,5
2021-07-10,CHULA VISTA,,2,2,2,2
2021-07-10,EL CAJON,,2,2,2,2
2021-07-10,ESCONDIDO,,4,4,4,4
2021-07-10,LA MESA,,1,1,1,1
2021-07-10,NATIONAL CITY,,3,3,3,3
2021-07-10,OCEANSIDE,,4,4,4,4
2021-07-10,SAN DIEGO,,26,24,26,26
2021-07-10,SHERIFF,,18,18,18,18
2021-07-11,CHULA VISTA,,1,1,1,1
2021-07-11,EL CAJON,,4,4,4,4
2021-07-11,ESCONDIDO,,2,2,2,2
2021-07-11,HARBOR POLICE,,5,5,5,5
2021-07-11,LA MESA,,1,1,1,1
2021-07-11,NATIONAL CITY,,2,2,2,2
2021-07-11,OCEANSIDE,,3,3,3,3
2021-07-11,SAN DIEGO,,29,29,29,29
2021-07-11,SHERIFF,,11,11,11,11
2021-07-12,EL CAJON,,1,1,1,1
2021-07-12,ESCONDIDO,,5,5,5,5
2021-07-12,HARBOR POLICE,,2,2,2,2
2021-07-12,LA MESA,,1,1,1,1
2021-07-12,NATIONAL CITY,,1,1,1,1
2021-07-12,OCEANSIDE,,5,5,5,5
2021-07-12,SAN DIEGO,,11,11,11,11
2021-07-12,SHERIFF,,13,13,13,13
2021-07-13,CARLSBAD,,1,1,1,1
2021-07-13,CHULA VISTA,,1,1,1,1
2021-07-13,EL CAJON,,1,1,1,1
2021-07-13,ESCONDIDO,,3,3,3,3
2021-07-13,NATIONAL CITY,,1,1,1,1
2021-07-13,OCEANSIDE,,6,6,6,6
2021-07-13,SAN DIEGO,,13,12,13,13
2021-07-13,SHERIFF,,23,23,23,23
2021-07-14,CARLSBAD,,3,3,3,3
2021-07-14,CHULA VISTA,,3,3,3,3
2021-07-14,ESCONDIDO,,5,5,5,5
2021-07-14,HARBOR POLICE,,1,1,1,1
2021-07-14,LA MESA,,1,1,1,1
2021-07-14,OCEANSIDE,,1,1,1,1
2021-07-14,SAN DIEGO,,20,20,20,20
2021-07-14,SHERIFF,,21,20,21,21
2021-07-15,CARLSBAD,,2,2,2,2
2021-07-15,CHULA VISTA,,1,1,1,1
2021-07-15,EL CAJON,,1,1,1,1
2021-07-15,ESCONDIDO,,11,11,11,11
2021-07-15,LA MESA,,2,2,2,2
2021-07-15,NATIONAL CITY,,3,3,3,3
2021-07-15,OCEANSIDE,,3,3,3,3
2021-07-15,SAN DIEGO,,23,21,23,23
2021-07-15,SHERIFF,,8,8,8,8
2021-07-16,CARLSBAD,,1,1,1,1
2021-07-16,CHULA VISTA,,2,2,2,2
2021-07-16,EL CAJON,,1,1,1,1
2021-07-16,ESCONDIDO,,2,2,2,2
2021-07-16,LA MESA,,3,3,3,3
2021-07-16,NATIONAL CITY,,2,2,2,2
2021-07-16,OCEANSIDE,,4,4,4,4
2021-07-16,SAN DIEGO,,30,29,30,30
2021-07-16,SHERIFF,,14,14,14,14
2021-07-17,CARLSBAD,,1,1,1,1
2021-07-17,CHULA VISTA,,2,1,2,2
2021-07-17,EL CAJON,,1,1,1,1
2021-07-17,ESCONDIDO,,4,4,4,4
2021-07-17,LA MESA,,1,1,1,1
2021-07-17,NATIONAL CITY,,1,1,1,1
2021-07-17,OCEANSIDE,,3,3,3,3
2021-07-17,SAN DIEGO,,38,37,38,38
2021-07-17,SHERIFF,,9,9,9,9
2021-07-18,CARLSBAD,,3,3,3,3
2021-07-18,CHULA VISTA,,1,1,1,1
2021-07-18,EL CAJON,,1,1,1,1
2021-07-18,ESCONDIDO,,6,6,6,6
2021-07-18,HARBOR POLICE,,1,1,1,1
2021-07-18,LA MESA,,1,1,1,1
2021-07-18,NATIONAL CITY,,1,1,1,1
2021-07-18,OCEANSIDE,,4,4,4,4
2021-07-18,SAN DIEGO,,26,26,26,26
2021-07-18,SHERIFF,,13,13,13,13
2021-07-19,CARLSBAD,,2,2,2,2
2021-07-19,CHULA VISTA,,1,1,1,1
2021-07-19,EL CAJON,,2,2,2,2
2021-07-19,ESCONDIDO,,6,6,6,6
2021-07-19,HARBOR POLICE,,3,3,3,3
2021-07-19,NATIONAL CITY,,3,2,3,3
2021-07-19,OCEANSIDE,,1,1,1,1
2021-07-19,SAN DIEGO,,20,19,20,20
2021-07-19,SHERIFF,,19,19,19,19
2021-07-20,CHULA VISTA,,1,1,1,1
2021-07-20,ESCONDIDO,,2,2,2,2
2021-07-20,NATIONAL CITY,,1,1,1,1
2021-07-20,OCEANSIDE,,1,1,1,1
2021-07-20,SAN DIEGO,,13,13,13,13
2021-07-20,SHERIFF,,9,9,9,9
2021-07-21,CHULA VISTA,,2,2,2,2
2021-07-21,EL CAJON,,1,1,1,1
2021-07-21,ESCONDIDO,,8,8,8,8
2021-07-21,NATIONAL CITY,,2,2,2,2
2021-07-21,OCEANSIDE,,2,2,2,2
2021-07-21,SAN DIEGO,,19,19,19,19
2021-07-21,SHERIFF,,22,22,22,22
2021-07-22,CARLSBAD,,2,2,2,2
2021-07-22,CHULA VISTA,,1,1,1,1
2021-07-22,EL CAJON,,2,2,2,2
2021-07-22,ESCONDIDO,,5,5,5,5
2021-07-22,NATIONAL CITY,,2,2,2,2
2021-07-22,OCEANSIDE,,1,1,1,1
2021-07-22,SAN DIEGO,,23,23,23,23
2021-07-22,SHERIFF,,10,9,10,10
2021-07-23,CARLSBAD,,3,3,3,3
2021-07-23,CHULA VISTA,,2,2,2,2
2021-07-23,EL CAJON,,3,3,3,3
2021-07-23,ESCONDIDO,,6,6,6,6
2021-07-23,HARBOR POLICE,,1,1,1,1
2021-07-23,NATIONAL CITY,,1,1,1,1
2021-07-23,OCEANSIDE,,3,3,3,3
2021-07-23,SAN DIEGO,,31,30,31,31
2021-07-23,SHERIFF,,18,18,18,18
2021-07-24,CARLSBAD,,7,7,7,7
2021-07-24,CHULA VISTA,,5,5,5,5
2021-07-24,EL CAJON,,1,1,1,1
2021-07-24,ESCONDIDO,,5,5,5,5
2021-07-24,HARBOR POLICE,,1,1,1,1
2021-07-24,OCEANSIDE,,5,5,5,5
2021-07-24,SAN DIEGO,,41,41,41,41
2021-07-24,SHERIFF,,9,9,9,9
2021-07-25,CARLSBAD,,1,1,1,1
2021-07-25,CHULA VISTA,,1,1,1,1
2021-07-25,EL CAJON,,1,1,1,1
2021-07-25,ESCONDIDO,,5,5,5,5
2021-07-25,NATIONAL CITY,,1,1,1,1
2021-07-25,SAN DIEGO,,26,26,26,26
2021-07-25,SHERIFF,,7,7,7,7
2021-07-26,CARLSBAD,,3,3,3,3
2021-07-26,CHULA VISTA,,1,1,1,1
2021-07-26,ESCONDIDO,,2,2,2,2
2021-07-26,LA MESA,,2,2,2,2
2021-07-26,SAN DIEGO,,24,24,24,24
2021-07-26,SHERIFF,,8,8,8,8
2021-07-27,CARLSBAD,,2,2,2,2
2021-07-27,EL CAJON,,4,3,4,4
2021-07-27,ESCONDIDO,,1,1,1,1
2021-07-27,LA MESA,,1,1,1,1
2021-07-27,NATIONAL CITY,,3,3,3,3
2021-07-27,OCEANSIDE,,2,2,2,2
2021-07-27,SAN DIEGO,,24,24,24,24
2021-07-27,SHERIFF,,15,15,15,15
2021-07-28,CARLSBAD,,4,4,4,4
2021-07-28,CHULA VISTA,,1,1,1,1
2021-07-28,EL CAJON,,3,3,3,3
2021-07-28,ESCONDIDO,,7,7,7,7
2021-07-28,HARBOR POLICE,,1,1,1,1
2021-07-28,LA MESA,,1,1,1,1
2021-07-28,OCEANSIDE,,3,3,3,3
2021-07-28,SAN DIEGO,,17,17,17,17
2021-07-28,SHERIFF,,12,12,12,12
2021-07-29,CARLSBAD,,1,1,1,1
2021-07-29,ESCONDIDO,,7,6,7,7
2021-07-29,NATIONAL CITY,,1,1,1,1
2021-07-29,OCEANSIDE,,2,2,2,2
2021-07-29,SAN DIEGO,,16,16,16,16
2021-07-29,SHERIFF,,24,19,23,22
2021-07-30,CARLSBAD,,3,3,3,3
2021-07-30,EL CAJON,,4,4,4,4
2021-07-30,ESCONDIDO,,1,1,1,1
2021-07-30,HARBOR POLICE,,1,1,1,1
2021-07-30,LA MESA,,1,1,1,1
2021-07-30,NATIONAL CITY,,1,1,1,1
2021-07-30,OCEANSIDE,,5,5,5,5
2021-07-30,SAN DIEGO,,28,27,28,28
2021-07-30,SHERIFF,,12,12,12,12
2021-07-31,CARLSBAD,,3,2,3,3
2021-07-31,CHULA VISTA,,3,3,3,3
2021-07-31,EL CAJON,,3,3,3,3
2021-07-31,ESCONDIDO,,6,5,6,6
2021-07-31,NATIONAL CITY,,3,2,3,3
2021-07-31,OCEANSIDE,,4,4,4,4
2021-07-31,SAN DIEGO,,41,41,41,41
2021-07-31,SHERIFF,,15,15,15,15
2021-08-01,CARLSBAD,,2,2,2,2
2021-08-01,CHULA VISTA,,3,3,3,3
2021-08-01,EL CAJON,,1,1,1,1
2021-08-01,ESCONDIDO,,5,5,5,5
2021-08-01,LA MESA,,1,1,1,1
2021-08-01,NATIONAL CITY,,2,2,2,2
2021-08-01,OCEANSIDE,,5,5,5,5
2021-08-01,SAN DIEGO,,27,27,27,27
2021-08-01,SHERIFF,,15,14,15,15
2021-08-02,EL CAJON,,3,3,3,3
2021-08-02,ESCONDIDO,,5,5,5,5
2021-08-02,OCEANSIDE,,4,4,4,4
2021-08-02,SAN DIEGO,,22,22,22,22
2021-08-02,SHERIFF,,7,7,7,7
2021-08-03,CARLSBAD,,4,4,4,4
2021-08-03,CHULA VISTA,,3,3,3,3
2021-08-03,EL CAJON,,1,1,1,1
2021-08-03,ESCONDIDO,,4,4,4,4
2021-08-03,HARBOR POLICE,,2,2,2,2
2021-08-03,OCEANSIDE,,6,5,6,6
2021-08-03,SAN DIEGO,,22,22,22,22
2021-08-03,SHERIFF,,11,11,11,11
2021-08-04,CARLSBAD,,2,2,2,2
2021-08-04,CHULA VISTA,,2,2,2,2
2021-08-04,ESCONDIDO,,6,6,6,6
2021-08-04,HARBOR POLICE,,2,2,2,2
2021-08-04,NATIONAL CITY,,3,3,3,3
2021-08-04,OCEANSIDE,,3,3,3,3
2021-08-04,SAN DIEGO,,20,20,20,20
2021-08-04,SHERIFF,,8,8,8,8
2021-08-05,CHULA VISTA,,3,3,3,3
2021-08-05,EL CAJON,,1,1,1,1
2021-08-05,ESCONDIDO,,4,4,4,4
2021-08-05,HARBOR POLICE,,1,1,1,1
2021-08-05,OCEANSIDE,,3,3,3,3
2021-08-05,SAN DIEGO,,25,25,25,25
2021-08-05,SHERIFF,,21,20,21,21
2021-08-06,CARLSBAD,,4,4,4,4
2021-08-06,CHULA VISTA,,4,4,4,4
2021-08-06,EL CAJON,,3,3,3,3
2021-08-06,ESCONDIDO,,5,5,5,5
2021-08-06,NATIONAL CITY,,1,1,1,1
2021-08-06,OCEANSIDE,,2,2,2,2
2021-08-06,SAN DIEGO,,30,30,30,30
2021-08-06,SHERIFF,,24,24,24,24
2021-08-07,CARLSBAD,,2,2,2,2
2021-08-07,CHULA VISTA,,3,3,3,3
2021-08-07,EL CAJON,,3,3,3,3
2021-08-07,ESCONDIDO,,3,3,3,3
2021-08-07,LA MESA,,2,2,2,2
2021-08-07,OCEANSIDE,,2,2,2,2
2021-08-07,SAN DIEGO,,43,43,43,43
2021-08-07,SHERIFF,,7,7,7,7
2021-08-08,CARLSBAD,,2,2,2,2
2021-08-08,EL CAJON,,3,3,3,3
2021-08-08,ESCONDIDO,,10,7,10,10
2021-08-08,HARBOR POLICE,,2,2,2,2
2021-08-08,LA MESA,,1,1,1,1
2021-08-08,NATIONAL CITY,,2,2,2,2
2021-08-08,OCEANSIDE,,7,7,7,7
2021-08-08,SAN DIEGO,,41,40,41,41
2021-08-08,SHERIFF,,18,18,18,18
2021-08-09,CARLSBAD,,2,2,2,2
2021-08-09,CHULA VISTA,,2,2,2,2
2021-08-09,EL CAJON,,2,2,2,2
2021-08-09,ESCONDIDO,,2,2,2,2
2021-08-09,HARBOR POLICE,,1,1,1,1
2021-08-09,NATIONAL CITY,,2,2,2,2
2021-08-09,OCEANSIDE,,4,4,4,4
2021-08-09,SAN DIEGO,,20,20,20,20
2021-08-09,SHERIFF,,12,12,12,12
2021-08-10,CHULA VISTA,,3,3,3,3
2021-08-10,EL CAJON,,2,2,2,2
2021-08-10,HARBOR POLICE,,2,2,2,2
2021-08-10,LA MESA,,2,2,2,2
2021-08-10,OCEANSIDE,,5,5,5,5
2021-08-10,SAN DIEGO,,12,12,12,12
2021-08-10,SHERIFF,,7,7,7,7
2021-08-11,CARLSBAD,,1,1,1,1
2021-08-11,CHULA VISTA,,4,4,4,4
2021-08-11,EL CAJON,,2,2,2,2
2021-08-11,ESCONDIDO,,3,3,3,3
2021-08-11,LA MESA,,1,1,1,1
2021-08-11,NATIONAL CITY,,1,1,1,1
2021-08-11,OCEANSIDE,,4,4,4,4
2021-08-11,SAN DIEGO,,16,16,16,16
2021-08-11,SHERIFF,,8,7,8,7
2021-08-12,CHULA VISTA,,3,3,3,3
2021-08-12,ESCONDIDO,,2,2,2,2
2021-08-12,LA MESA,,1,1,1,1
2021-08-12,NATIONAL CITY,,2,2,2,2
2021-08-12,OCEANSIDE,,1,1,1,1
2021-08-12,SAN DIEGO,,22,22,22,22
2021-08-12,SHERIFF,,14,14,14,14
2021-08-13,CARLSBAD,,5,5,5,5
2021-08-13,CHULA VISTA,,3,3,3,3
2021-08-13,EL CAJON,,3,3,3,3
2021-08-13,ESCONDIDO,,5,5,5,5
2021-08-13,HARBOR POLICE,,1,1,1,1
2021-08-13,OCEANSIDE,,5,5,5,5
2021-08-13,SAN DIEGO,,32,32,32,32
2021-08-13,SHERIFF,,13,13,13,13
2021-08-14,CARLSBAD,,4,4,4,4
2021-08-14,CHULA VISTA,,7,7,7,7
2021-08-14,EL CAJON,,3,3,3,3
2021-08-14,ESCONDIDO,,6,6,6,6
2021-08-14,LA MESA,,3,3,3,3
2021-08-14,NATIONAL CITY,,2,2,2,2
2021-08-14,OCEANSIDE,,1,1,1,1
2021-08-14,SAN DIEGO,,43,42,43,43
2021-08-14,SHERIFF,,12,12,12,12
2021-08-15,CARLSBAD,,3,3,3,3
2021-08-15,CHULA VISTA,,2,2,2,2
2021-08-15,EL CAJON,,2,2,2,2
2021-08-15,ESCONDIDO,,3,3,3,3
2021-08-15,LA MESA,,1,1,1,1
2021-08-15,NATIONAL CITY,,3,3,3,3
2021-08-15,OCEANSIDE,,3,3,3,3
2021-08-15,SAN DIEGO,,28,27,28,28
2021-08-15,SHERIFF,,7,7,7,7
2021-08-16,CARLSBAD,,4,3,4,4
2021-08-16,CHULA VISTA,,2,2,2,2
2021-08-16,ESCONDIDO,,2,2,2,2
2021-08-16,LA MESA,,2,2,2,2
2021-08-16,NATIONAL CITY,,1,1,1,1
2021-08-16,OCEANSIDE,,1,1,1,1
2021-08-16,SAN DIEGO,,26,26,26,26
2021-08-16,SHERIFF,,13,12,13,13
2021-08-17,CARLSBAD,,2,2,2,2
2021-08-17,EL CAJON,,3,3,3,3
2021-08-17,ESCONDIDO,,2,2,2,2
2021-08-17,LA MESA,,1,1,1,1
2021-08-17,NATIONAL CITY,,1,1,1,1
2021-08-17,OCEANSIDE,,6,6,6,6
2021-08-17,SAN DIEGO,,28,26,28,28
2021-08-17,SHERIFF,,19,19,19,19
2021-08-18,CHULA VISTA,,1,1,1,1
2021-08-18,EL CAJON,,2,2,2,2
2021-08-18,ESCONDIDO,,1,1,1,1
2021-08-18,HARBOR POLICE,,1,1,1,1
2021-08-18,NATIONAL CITY,,1,1,1,1
2021-08-18,OCEANSIDE,,2,2,2,2
2021-08-18,SAN DIEGO,,18,18,18,18
2021-08-18,SHERIFF,,18,15,18,18
2021-08-19,CARLSBAD,,4,4,4,4
2021-08-19,CHULA VISTA,,2,2,2,2
2021-08-19,ESCONDIDO,,2,2,2,2
2021-08-19,LA MESA,,1,1,1,1
2021-08-19,OCEANSIDE,,4,3,4,4
2021-08-19,SAN DIEGO,,29,28,29,29
2021-08-19,SHERIFF,,18,18,18,18
2021-08-20,CHULA VISTA,,5,5,5,5
2021-08-20,EL CAJON,,3,3,3,3
2021-08-20,ESCONDIDO,,5,5,5,5
2021-08-20,HARBOR POLICE,,1,1,1,1
2021-08-20,LA MESA,,1,1,1,1
2021-08-20,OCEANSIDE,,1,1,1,1
2021-08-20,SAN DIEGO,,16,16,16,16
2021-08-20,SHERIFF,,10,10,10,10
2021-08-21,CARLSBAD,,3,3,3,3
2021-08-21,CHULA VISTA,,2,2,2,2
2021-08-21,ESCONDIDO,,5,5,5,5
2021-08-21,HARBOR POLICE,,1,1,1,1
2021-08-21,NATIONAL CITY,,1,1,1,1
2021-08-21,OCEANSIDE,,4,4,4,4
2021-08-21,SAN DIEGO,,38,37,38,38
2021-08-21,SHERIFF,,8,7,8,8
2021-08-22,CARLSBAD,,2,2,2,2
2021-08-22,CHULA VISTA,,4,4,4,4
2021-08-22,EL CAJON,,4,3,4,3
2021-08-22,ESCONDIDO,,8,8,8,8
2021-08-22,HARBOR POLICE,,1,1,1,1
2021-08-22,NATIONAL CITY,,1,1,1,1
2021-08-22,OCEANSIDE,,4,4,4,4
2021-08-22,SAN DIEGO,,33,32,33,33
2021-08-22,SHERIFF,,13,13,13,13
2021-08-23,CARLSBAD,,3,3,3,3
2021-08-23,CHULA VISTA,,1,1,1,1
2021-08-23,ESCONDIDO,,4,4,4,4
2021-08-23,HARBOR POLICE,,1,1,1,1
2021-08-23,OCEANSIDE,,4,4,4,4
2021-08-23,SAN DIEGO,,13,13,13,13
2021-08-23,SHERIFF,,14,14,14,14
2021-08-24,CARLSBAD,,1,1,1,1
2021-08-24,CHULA VISTA,,1,1,1,1
2021-08-24,EL CAJON,,3,3,3,3
2021-08-24,ESCONDIDO,,3,3,3,3
2021-08-24,HARBOR POLICE,,2,2,2,2
2021-08-24,LA MESA,,3,3,3,3
2021-08-24,NATIONAL CITY,,1,1,1,1
2021-08-24,OCEANSIDE,,4,4,4,4
2021-08-24,SAN DIEGO,,25,25,25,25
2021-08-24,SHERIFF,,15,15,15,15
2021-08-25,CARLSBAD,,2,2,2,2
2021-08-25,CHULA VISTA,,3,3,3,3
2021-08-25,EL CAJON,,1,1,1,1
2021-08-25,ESCONDIDO,,2,2,2,2
2021-08-25,HARBOR POLICE,,2,2,2,2
2021-08-25,LA MESA,,1,1,1,1
2021-08-25,NATIONAL CITY,,1,1,1,1
2021-08-25,OCEANSIDE,,1,1,1,1
2021-08-25,SAN DIEGO,,30,30,30,30
2021-08-25,SHERIFF,,15,15,15,15
2021-08-26,CARLSBAD,,3,3,3,3
2021-08-26,CHULA VISTA,,1,1,1,1
2021-08-26,ESCONDIDO,,3,3,3,3
2021-08-26,HARBOR POLICE,,6,6,6,6
2021-08-26,LA MESA,,1,1,1,1
2021-08-26,OCEANSIDE,,5,5,5,5
2021-08-26,SAN DIEGO,,20,20,20,20
2021-08-26,SHERIFF,,17,17,17,17
2021-08-27,CARLSBAD,,2,2,2,2
2021-08-27,CHULA VISTA,,4,4,4,4
2021-08-27,EL CAJON,,1,1,1,1
2021-08-27,ESCONDIDO,,3,3,3,3
2021-08-27,HARBOR POLICE,,1,1,1,1
2021-08-27,OCEANSIDE,,2,2,2,2
2021-08-27,SAN DIEGO,,19,19,19,19
2021-08-27,SHERIFF,,15,14,15,15
2021-08-28,CARLSBAD,,3,3,3,3
2021-08-28,CHULA VISTA,,4,4,4,4
2021-08-28,EL CAJON,,1,1,1,1
2021-08-28,ESCONDIDO,,7,7,7,7
2021-08-28,HARBOR POLICE,,2,2,2,2
2021-08-28,NATIONAL CITY,,2,2,2,2
2021-08-28,OCEANSIDE,,4,4,4,4
2021-08-28,SAN DIEGO,,32,31,32,32
2021-08-28,SHERIFF,,10,9,10,10
2021-08-29,CARLSBAD,,2,2,2,2
2021-08-29,CHULA VISTA,,2,2,2,2
2021-08-29,EL CAJON,,1,1,1,1
2021-08-29,ESCONDIDO,,5,5,5,5
2021-08-29,HARBOR POLICE,,1,1,1,1
2021-08-29,NATIONAL CITY,,2,2,2,2
2021-08-29,OCEANSIDE,,9,9,9,9
2021-08-29,SAN DIEGO,,38,38,38,38
2021-08-29,SHERIFF,,9,8,9,9
2021-08-30,CARLSBAD,,1,1,1,1
2021-08-30,EL CAJON,,4,4,4,4
2021-08-30,ESCONDIDO,,2,2,2,2
2021-08-30,HARBOR POLICE,,1,1,1,1
2021-08-30,NATIONAL CITY,,2,2,2,2
2021-08-30,OCEANSIDE,,1,1,1,1
2021-08-30,SAN DIEGO,,12,12,12,12
2021-08-30,SHERIFF,,8,8,8,8
2021-08-31,CARLSBAD,,1,1,1,1
2021-08-31,ESCONDIDO,,5,5,5,5
2021-08-31,LA MESA,,2,2,2,2
2021-08-31,OCEANSIDE,,4,4,4,4
2021-08-31,SAN DIEGO,,18,18,18,18
2021-08-31,SHERIFF,,11,11,11,11
2021-09-01,CHULA VISTA,,1,1,1,1
2021-09-01,EL CAJON,,4,4,4,4
2021-09-01,ESCONDIDO,,4,4,4,4
2021-09-01,HARBOR POLICE,,1,1,1,1
2021-09-01,LA MESA,,3,3,3,3
2021-09-01,NATIONAL CITY,,2,2,2,2
2021-09-01,OCEANSIDE,,3,3,3,3
2021-09-01,SAN DIEGO,,20,20,20,20
2021-09-01,SHERIFF,,23,23,23,23
2021-09-02,CARLSBAD,,2,2,2,2
2021-09-02,CHULA VISTA,,2,2,2,2
2021-09-02,EL CAJON,,4,4,4,4
2021-09-02,ESCONDIDO,,6,6,6,6
2021-09-02,HARBOR POLICE,,1,1,1,1
2021-09-02,OCEANSIDE,,2,2,2,2
2021-09-02,SAN DIEGO,,20,20,20,20
2021-09-02,SHERIFF,,7,7,7,7
2021-09-03,CARLSBAD,,2,2,2,2
2021-09-03,CHULA VISTA,,1,1,1,1
2021-09-03,ESCONDIDO,,1,1,1,1
2021-09-03,HARBOR POLICE,,2,2,2,2
2021-09-03,LA MESA,,1,1,1,1
2021-09-03,NATIONAL CITY,,2,2,2,2
2021-09-03,OCEANSIDE,,2,2,2,2
2021-09-03,SAN DIEGO,,21,21,21,21
2021-09-03,SHERIFF,,14,14,14,14
2021-09-04,CHULA VISTA,,4,4,4,4
2021-09-04,EL CAJON,,2,2,2,2
2021-09-04,ESCONDIDO,,6,6,6,6
2021-09-04,LA MESA,,1,1,1,1
2021-09-04,OCEANSIDE,,3,3,3,3
2021-09-04,SAN DIEGO,,36,36,36,36
2021-09-04,SHERIFF,,16,14,16,16
2021-09-05,CARLSBAD,,3,3,3,3
2021-09-05,CHULA VISTA,,2,2,2,2
2021-09-05,EL CAJON,,5,5,5,5
2021-09-05,ESCONDIDO,,5,5,5,5
2021-09-05,LA MESA,,2,2,2,2
2021-09-05,NATIONAL CITY,,1,1,1,1
2021-09-05,OCEANSIDE,,6,6,6,6
2021-09-05,SAN DIEGO,,44,43,44,44
2021-09-05,SHERIFF,,8,8,8,8
2021-09-06,CARLSBAD,,1,1,1,1
2021-09-06,CHULA VISTA,,5,5,5,5
2021-09-06,EL CAJON,,5,5,5,5
2021-09-06,ESCONDIDO,,6,6,6,6
2021-09-06,HARBOR POLICE,,1,1,1,1
2021-09-06,LA MESA,,1,1,1,1
2021-09-06,NATIONAL CITY,,2,2,2,2
2021-09-06,OCEANSIDE,,5,5,5,5
2021-09-06,SAN DIEGO,,21,21,21,21
2021-09-06,SHERIFF,,5,5,5,5
2021-09-07,CARLSBAD,,2,2,2,2
2021-09-07,EL CAJON,,2,2,2,2
2021-09-07,ESCONDIDO,,5,5,5,5
2021-09-07,HARBOR POLICE,,1,1,1,1
2021-09-07,LA MESA,,2,2,2,2
2021-09-07,NATIONAL CITY,,1,1,1,1
2021-09-07,OCEANSIDE,,2,2,2,2
2021-09-07,SAN DIEGO,,23,22,22,22
2021-09-07,SHERIFF,,13,13,13,13
2021-09-08,CARLSBAD,,1,1,1,1
2021-09-08,EL CAJON,,3,3,3,3
2021-09-08,ESCONDIDO,,6,6,6,6
2021-09-08,HARBOR POLICE,,1,1,1,1
2021-09-08,LA MESA,,2,2,2,2
2021-09-08,OCEANSIDE,,2,2,2,2
2021-09-08,SAN DIEGO,,16,16,16,16
2021-09-08,SHERIFF,,13,13,13,13
2021-09-09,CARLSBAD,,4,4,4,4
2021-09-09,CHULA VISTA,,2,2,2,2
2021-09-09,EL CAJON,,3,3,3,3
2021-09-09,ESCONDIDO,,3,3,3,3
2021-09-09,HARBOR POLICE,,1,1,1,1
2021-09-09,LA MESA,,1,1,1,1
2021-09-09,NATIONAL CITY,,1,1,1,1
2021-09-09,OCEANSIDE,,3,3,3,3
2021-09-09,SAN DIEGO,,25,25,25,25
2021-09-09,SHERIFF,,9,9,9,9
2021-09-10,CARLSBAD,,3,3,3,3
2021-09-10,CHULA VISTA,,3,3,3,3
2021-09-10,ESCONDIDO,,5,5,5,5
2021-09-10,HARBOR POLICE,,1,1,1,1
2021-09-10,LA MESA,,1,1,1,1
2021-09-10,NATIONAL CITY,,1,1,1,1
2021-09-10,OCEANSIDE,,3,3,3,3
2021-09-10,SAN DIEGO,,24,24,24,24
2021-09-10,SHERIFF,,15,14,15,15
2021-09-11,CARLSBAD,,3,3,3,3
2021-09-11,CHULA VISTA,,2,2,2,2
2021-09-11,EL CAJON,,1,1,1,1
2021-09-11,ESCONDIDO,,5,5,5,5
2021-09-11,LA MESA,,2,2,2,2
2021-09-11,OCEANSIDE,,5,5,5,5
2021-09-11,SAN DIEGO,,26,26,26,26
2021-09-11,SHERIFF,,9,9,9,9
2021-09-12,CARLSBAD,,2,2,2,2
2021-09-12,CHULA VISTA,,2,2,2,2
2021-09-12,ESCONDIDO,,13,13,13,13
2021-09-12,HARBOR POLICE,,1,1,1,1
2021-09-12,NATIONAL CITY,,3,3,3,3
2021-09-12,OCEANSIDE,,1,1,1,1
2021-09-12,SAN DIEGO,,21,21,21,21
2021-09-12,SHERIFF,,7,7,7,7
2021-09-13,CARLSBAD,,2,2,2,2
2021-09-13,EL CAJON,,3,3,3,3
2021-09-13,ESCONDIDO,,1,1,1,1
2021-09-13,HARBOR POLICE,,1,1,1,1
2021-09-13,LA MESA,,2,2,2,2
2021-09-13,OCEANSIDE,,4,4,4,4
2021-09-13,SAN DIEGO,,12,12,12,12
2021-09-13,SHERIFF,,17,16,17,17
2021-09-14,CHULA VISTA,,1,1,1,1
2021-09-14,EL CAJON,,1,1,1,1
2021-09-14,ESCONDIDO,,5,5,5,5
2021-09-14,HARBOR POLICE,,3,3,3,3
2021-09-14,LA MESA,,2,2,2,2
2021-09-14,NATIONAL CITY,,2,2,2,2
2021-09-14,OCEANSIDE,,1,1,1,1
2021-09-14,SAN DIEGO,,15,15,15,15
2021-09-14,SHERIFF,,15,15,15,15
2021-09-15,ESCONDIDO,,7,6,7,7
2021-09-15,HARBOR POLICE,,2,2,2,2
2021-09-15,LA MESA,,1,1,1,1
2021-09-15,NATIONAL CITY,,1,1,1,1
2021-09-15,SAN DIEGO,,23,23,23,23
2021-09-15,SHERIFF,,15,13,15,15
2021-09-16,CARLSBAD,,3,3,3,3
2021-09-16,CHULA VISTA,,1,1,1,1
2021-09-16,ESCONDIDO,,5,5,5,5
2021-09-16,LA MESA,,1,1,1,1
2021-09-16,NATIONAL CITY,,1,1,1,1
2021-09-16,SAN DIEGO,,28,27,28,28
2021-09-16,SHERIFF,,18,16,18,18
2021-09-17,CARLSBAD,,5,5,5,5
2021-09-17,CHULA VISTA,,2,2,2,2
2021-09-17,ESCONDIDO,,3,3,3,3
2021-09-17,HARBOR POLICE,,2,2,2,2
2021-09-17,LA MESA,,3,3,3,3
2021-09-17,NATIONAL CITY,,1,1,1,1
2021-09-17,OCEANSIDE,,3,3,3,3
2021-09-17,SAN DIEGO,,24,24,24,24
2021-09-17,SHERIFF,,11,11,11,11
2021-09-18,CARLSBAD,,1,1,1,1
2021-09-18,CHULA VISTA,,5,5,5,5
2021-09-18,EL CAJON,,1,1,1,1
2021-09-18,ESCONDIDO,,4,4,4,4
2021-09-18,HARBOR POLICE,,1,1,1,1
2021-09-18,LA MESA,,1,1,1,1
2021-09-18,OCEANSIDE,,6,6,6,6
2021-09-18,SAN DIEGO,,41,41,41,41
2021-09-18,SHERIFF,,12,12,12,12
2021-09-19,CARLSBAD,,2,2,2,2
2021-09-19,CHULA VISTA,,5,4,5,5
2021-09-19,EL CAJON,,2,2,2,2
2021-09-19,ESCONDIDO,,6,6,6,6
2021-09-19,HARBOR POLICE,,3,3,3,3
2021-09-19,NATIONAL CITY,,1,1,1,1
2021-09-19,OCEANSIDE,,5,5,5,5
2021-09-19,SAN DIEGO,,30,30,30,30
2021-09-19,SHERIFF,,10,10,10,10
2021-09-20,EL CAJON,,4,4,4,4
2021-09-20,ESCONDIDO,,4,2,4,4
2021-09-20,LA MESA,,2,2,2,2
2021-09-20,NATIONAL CITY,,1,1,1,1
2021-09-20,OCEANSIDE,,1,1,1,1
2021-09-20,SAN DIEGO,,13,13,13,13
2021-09-20,SHERIFF,,9,9,9,9
2021-09-21,CARLSBAD,,1,1,1,1
2021-09-21,CHULA VISTA,,1,1,1,1
2021-09-21,EL CAJON,,1,1,1,1
2021-09-21,HARBOR POLICE,,3,3,3,3
2021-09-21,OCEANSIDE,,1,1,1,1
2021-09-21,SAN DIEGO,,15,15,15,15
2021-09-21,SHERIFF,,8,8,8,8
2021-09-22,CARLSBAD,,3,3,3,3
2021-09-22,CHULA VISTA,,2,2,2,2
2021-09-22,EL CAJON,,2,2,2,2
2021-09-22,ESCONDIDO,,4,4,4,4
2021-09-22,HARBOR POLICE,,1,1,1,1
2021-09-22,LA MESA,,1,1,1,1
2021-09-22,NATIONAL CITY,,2,2,2,2
2021-09-22,OCEANSIDE,,3,3,3,3
2021-09-22,SAN DIEGO,,21,21,21,21
2021-09-22,SHERIFF,,9,9,9,9
2021-09-23,CHULA VISTA,,8,4,8,8
2021-09-23,ESCONDIDO,,5,5,5,5
2021-09-23,NATIONAL CITY,,1,1,1,1
2021-09-23,OCEANSIDE,,8,8,8,8
2021-09-23,SAN DIEGO,,31,31,31,31
2021-09-23,SHERIFF,,14,14,14,14
2021-09-24,CARLSBAD,,3,3,3,3
2021-09-24,CHULA VISTA,,2,2,2,2
2021-09-24,EL CAJON,,3,3,3,3
2021-09-24,ESCONDIDO,,5,5,5,5
2021-09-24,NATIONAL CITY,,1,1,1,1
2021-09-24,OCEANSIDE,,4,4,4,4
2021-09-24,SAN DIEGO,,27,27,27,27
2021-09-24,SHERIFF,,16,16,16,16
2021-09-25,CARLSBAD,,5,5,5,5
2021-09-25,CHULA VISTA,,3,3,3,3
2021-09-25,EL CAJON,,3,3,3,3
2021-09-25,ESCONDIDO,,3,3,3,3
2021-09-25,HARBOR POLICE,,1,1,1,1
2021-09-25,NATIONAL CITY,,1,1,1,1
2021-09-25,OCEANSIDE,,4,4,4,4
2021-09-25,SAN DIEGO,,30,29,30,30
2021-09-25,SHERIFF,,14,14,14,14
2021-09-26,CARLSBAD,,1,1,1,1
2021-09-26,CHULA VISTA,,3,3,3,3
2021-09-26,EL CAJON,,2,2,2,2
2021-09-26,ESCONDIDO,,1,1,1,1
2021-09-26,HARBOR POLICE,,3,3,3,3
2021-09-26,LA MESA,,1,1,1,1
2021-09-26,OCEANSIDE,,2,2,2,2
2021-09-26,SAN DIEGO,,35,35,35,35
2021-09-26,SHERIFF,,9,9,9,9
2021-09-27,CARLSBAD,,1,1,1,1
2021-09-27,CHULA VISTA,,1,1,1,1
2021-09-27,EL CAJON,,7,6,7,7
2021-09-27,ESCONDIDO,,3,3,3,3
2021-09-27,HARBOR POLICE,,1,1,1,1
2021-09-27,LA MESA,,2,2,2,2
2021-09-27,OCEANSIDE,,3,3,3,3
2021-09-27,SAN DIEGO,,15,15,15,15
2021-09-27,SHERIFF,,8,8,8,8
2021-09-28,CARLSBAD,,1,1,1,1
2021-09-28,CHULA VISTA,,1,1,1,1
2021-09-28,EL CAJON,,1,1,1,1
2021-09-28,ESCONDIDO,,5,5,5,5
2021-09-28,OCEANSIDE,,2,2,2,2
2021-09-28,SAN DIEGO,,28,28,28,28
2021-09-28,SHERIFF,,10,10,10,10
2021-09-29,CARLSBAD,,2,2,2,2
2021-09-29,CHULA VISTA,,2,2,2,2
2021-09-29,ESCONDIDO,,6,6,6,6
2021-09-29,OCEANSIDE,,5,5,5,5
2021-09-29,SAN DIEGO,,23,23,23,23
2021-09-29,SHERIFF,,22,22,22,22
2021-09-30,CARLSBAD,,2,2,2,2
2021-09-30,CHULA VISTA,,1,1,1,1
2021-09-30,ESCONDIDO,,4,4,4,4
2021-09-30,HARBOR POLICE,,1,1,1,1
2021-09-30,LA MESA,,2,2,2,2
2021-09-30,NATIONAL CITY,,2,2,2,2
2021-09-30,OCEANSIDE,,2,2,2,2
2021-09-30,SAN DIEGO,,20,20,20,20
2021-09-30,SHERIFF,,17,17,17,17
2021-10-01,CARLSBAD,,6,6,6,6
2021-10-01,CHULA VISTA,,3,3,3,3
2021-10-01,EL CAJON,,1,1,1,1
2021-10-01,ESCONDIDO,,9,9,9,9
2021-10-01,LA MESA,,3,3,3,3
2021-10-01,NATIONAL CITY,,1,1,1,1
2021-10-01,OCEANSIDE,,2,2,2,2
2021-10-01,SAN DIEGO,,28,28,28,28
2021-10-01,SHERIFF,,10,10,10,10
2021-10-02,CARLSBAD,,3,3,3,3
2021-10-02,CHULA VISTA,,12,10,12,12
2021-10-02,EL CAJON,,1,1,1,1
2021-10-02,ESCONDIDO,,3,3,3,3
2021-10-02,LA MESA,,6,6,6,6
2021-10-02,NATIONAL CITY,,3,3,3,3
2021-10-02,OCEANSIDE,,1,1,1,1
2021-10-02,SAN DIEGO,,20,20,20,20
2021-10-02,SHERIFF,,12,12,12,12
2021-10-03,CARLSBAD,,2,2,2,2
2021-10-03,CHULA VISTA,,4,4,4,4
2021-10-03,EL CAJON,,1,1,1,1
2021-10-03,ESCONDIDO,,9,8,9,9
2021-10-03,HARBOR POLICE,,1,1,1,1
2021-10-03,LA MESA,,1,1,1,1
2021-10-03,NATIONAL CITY,,1,1,1,1
2021-10-03,OCEANSIDE,,7,7,7,7
2021-10-03,SAN DIEGO,,18,17,17,17
2021-10-03,SHERIFF,,7,6,7,7
2021-10-04,CARLSBAD,,1,1,1,1
2021-10-04,EL CAJON,,11,6,11,11
2021-10-04,ESCONDIDO,,5,5,5,5
2021-10-04,HARBOR POLICE,,2,2,2,2
2021-10-04,LA MESA,,2,2,2,2
2021-10-04,NATIONAL CITY,,2,2,2,2
2021-10-04,SAN DIEGO,,19,18,19,19
2021-10-04,SHERIFF,,12,12,12,12
2021-10-05,CARLSBAD,,1,1,1,1
2021-10-05,CHULA VISTA,,1,1,1,1
2021-10-05,EL CAJON,,1,1,1,1
2021-10-05,ESCONDIDO,,2,2,2,2
2021-10-05,HARBOR POLICE,,2,2,2,2
2021-10-05,NATIONAL CITY,,2,1,2,2
2021-10-05,OCEANSIDE,,3,3,3,3
2021-10-05,SAN DIEGO,,10,10,10,10
2021-10-05,SHERIFF,,9,9,9,9
2021-10-06,CARLSBAD,,2,2,2,2
2021-10-06,CHULA VISTA,,2,2,2,2
2021-10-06,EL CAJON,,9,7,9,9
2021-10-06,ESCONDIDO,,3,3,3,3
2021-10-06,LA MESA,,1,1,1,1
2021-10-06,OCEANSIDE,,2,2,2,2
2021-10-06,SAN DIEGO,,26,26,26,26
2021-10-06,SHERIFF,,16,16,16,16
2021-10-07,CARLSBAD,,4,4,4,4
2021-10-07,CHULA VISTA,,1,1,1,1
2021-10-07,EL CAJON,,1,1,1,1
2021-10-07,ESCONDIDO,,2,2,2,2
2021-10-07,LA MESA,,1,1,1,1
2021-10-07,OCEANSIDE,,2,2,2,2
2021-10-07,SAN DIEGO,,19,18,18,18
2021-10-07,SHERIFF,,16,16,16,16
2021-10-08,CARLSBAD,,2,2,2,2
2021-10-08,CHULA VISTA,,1,1,1,1
2021-10-08,EL CAJON,,3,3,3,3
2021-10-08,ESCONDIDO,,4,4,4,4
2021-10-08,LA MESA,,1,1,1,1
2021-10-08,NATIONAL CITY,,1,1,1,1
2021-10-08,OCEANSIDE,,3,3,3,3
2021-10-08,SAN DIEGO,,27,27,27,27
2021-10-08,SHERIFF,,4,4,4,4
2021-10-09,CARLSBAD,,2,2,2,2
2021-10-09,CHULA VISTA,,1,1,1,1
2021-10-09,EL CAJON,,3,3,3,3
2021-10-09,ESCONDIDO,,7,7,7,7
2021-10-09,HARBOR POLICE,,1,1,1,1
2021-10-09,LA MESA,,3,3,3,3
2021-10-09,NATIONAL CITY,,1,1,1,1
2021-10-09,OCEANSIDE,,5,5,5,5
2021-10-09,SAN DIEGO,,26,26,26,26
2021-10-09,SHERIFF,,12,12,12,12
2021-10-10,CARLSBAD,,1,1,1,1
2021-10-10,CHULA VISTA,,3,3,3,3
2021-10-10,EL CAJON,,2,2,2,2
2021-10-10,ESCONDIDO,,5,5,5,5
2021-10-10,HARBOR POLICE,,1,1,1,1
2021-10-10,LA MESA,,2,2,2,2
2021-10-10,NATIONAL CITY,,1,1,1,1
2021-10-10,OCEANSIDE,,4,4,4,4
2021-10-10,SAN DIEGO,,30,29,30,30
2021-10-10,SHERIFF,,8,8,8,8
2021-10-11,CARLSBAD,,3,3,3,3
2021-10-11,CHULA VISTA,,1,1,1,1
2021-10-11,EL CAJON,,6,4,6,6
2021-10-11,ESCONDIDO,,1,1,1,1
2021-10-11,NATIONAL CITY,,2,2,2,2
2021-10-11,OCEANSIDE,,2,2,2,2
2021-10-11,SAN DIEGO,,16,16,16,16
2021-10-11,SHERIFF,,7,7,7,7
2021-10-12,CHULA VISTA,,2,2,2,2
2021-10-12,EL CAJON,,4,4,4,4
2021-10-12,ESCONDIDO,,2,2,2,2
2021-10-12,HARBOR POLICE,,1,1,1,1
2021-10-12,NATIONAL CITY,,2,2,2,2
2021-10-12,OCEANSIDE,,3,3,3,3
2021-10-12,SAN DIEGO,,23,23,23,23
2021-10-12,SHERIFF,,14,14,14,14
2021-10-13,CHULA VISTA,,1,1,1,1
2021-10-13,EL CAJON,,12,7,12,12
2021-10-13,ESCONDIDO,,3,3,3,3
2021-10-13,HARBOR POLICE,,1,1,1,1
2021-10-13,OCEANSIDE,,1,1,1,1
2021-10-13,SAN DIEGO,,25,25,25,25
2021-10-13,SHERIFF,,18,17,18,18
2021-10-14,CARLSBAD,,3,3,3,3
2021-10-14,CHULA VISTA,,1,1,1,1
2021-10-14,EL CAJON,,4,4,4,4
2021-10-14,ESCONDIDO,,3,3,3,3
2021-10-14,HARBOR POLICE,,1,1,1,1
2021-10-14,NATIONAL CITY,,1,1,1,1
2021-10-14,OCEANSIDE,,2,2,2,2
2021-10-14,SAN DIEGO,,35,33,35,35
2021-10-14,SHERIFF,,11,11,11,11
2021-10-15,CARLSBAD,,2,2,2,2
2021-10-15,CHULA VISTA,,1,1,1,1
2021-10-15,ESCONDIDO,,1,1,1,1
2021-10-15,HARBOR POLICE,,2,2,2,2
2021-10-15,OCEANSIDE,,1,1,1,1
2021-10-15,SAN DIEGO,,30,30,30,30
2021-10-15,SHERIFF,,15,15,15,15
2021-10-16,CARLSBAD,,3,3,3,3
2021-10-16,CHULA VISTA,,2,2,2,2
2021-10-16,EL CAJON,,2,2,2,2
2021-10-16,ESCONDIDO,,3,3,3,3
2021-10-16,HARBOR POLICE,,3,3,3,3
2021-10-16,LA MESA,,2,2,2,2
2021-10-16,OCEANSIDE,,3,3,3,3
2021-10-16,SAN DIEGO,,30,30,30,30
2021-10-16,SHERIFF,,13,13,13,13
2021-10-17,CARLSBAD,,1,1,1,1
2021-10-17,CHULA VISTA,,2,2,2,2
2021-10-17,EL CAJON,,2,2,2,2
2021-10-17,ESCONDIDO,,2,2,2,2
2021-10-17,LA MESA,,2,2,2,2
2021-10-17,NATIONAL CITY,,2,2,2,2
2021-10-17,OCEANSIDE,,4,4,4,4
2021-10-17,SAN DIEGO,,20,20,20,20
2021-10-17,SHERIFF,,15,15,15,15
2021-10-18,CARLSBAD,,2,2,2,2
2021-10-18,CHULA VISTA,,1,1,1,1
2021-10-18,ESCONDIDO,,3,3,3,3
2021-10-18,HARBOR POLICE,,1,1,1,1
2021-10-18,LA MESA,,3,3,3,3
2021-10-18,NATIONAL CITY,,1,1,1,1
2021-10-18,OCEANSIDE,,2,2,2,2
2021-10-18,SAN DIEGO,,11,11,11,11
2021-10-18,SHERIFF,,10,10,10,10
2021-10-19,CHULA VISTA,,1,1,1,1
2021-10-19,EL CAJON,,5,5,5,5
2021-10-19,ESCONDIDO,,2,2,2,2
2021-10-19,LA MESA,,1,1,1,1
2021-10-19,NATIONAL CITY,,1,1,1,1
2021-10-19,OCEANSIDE,,3,3,3,3
2021-10-19,SAN DIEGO,,15,15,15,15
2021-10-19,SHERIFF,,8,8,8,8
2021-10-20,CARLSBAD,,2,2,2,2
2021-10-20,CHULA VISTA,,1,1,1,1
2021-10-20,EL CAJON,,5,2,5,5
2021-10-20,ESCONDIDO,,3,3,3,3
2021-10-20,NATIONAL CITY,,1,1,1,1
2021-10-20,OCEANSIDE,,2,2,2,2
2021-10-20,SAN DIEGO,,14,14,14,14
2021-10-20,SHERIFF,,14,14,14,14
2021-10-21,CARLSBAD,,1,1,1,1
2021-10-21,CHULA VISTA,,2,2,2,2
2021-10-21,EL CAJON,,3,3,3,3
2021-10-21,ESCONDIDO,,6,6,6,6
2021-10-21,NATIONAL CITY,,1,1,1,1
2021-10-21,OCEANSIDE,,2,2,2,2
2021-10-21,SAN DIEGO,,21,21,21,21
2021-10-21,SHERIFF,,15,15,15,15
2021-10-22,CARLSBAD,,1,1,1,1
2021-10-22,CHULA VISTA,,2,2,2,2
2021-10-22,EL CAJON,,2,2,2,2
2021-10-22,ESCONDIDO,,8,7,8,8
2021-10-22,HARBOR POLICE,,1,1,1,1
2021-10-22,LA MESA,,1,1,1,1
2021-10-22,NATIONAL CITY,,2,2,2,2
2021-10-22,OCEANSIDE,,5,5,5,5
2021-10-22,SAN DIEGO,,32,26,32,32
2021-10-22,SHERIFF,,26,19,24,24
2021-10-23,CARLSBAD,,6,6,6,6
2021-10-23,CHULA VISTA,,5,3,5,5
2021-10-23,EL CAJON,,2,2,2,2
2021-10-23,ESCONDIDO,,4,4,4,4
2021-10-23,NATIONAL CITY,,1,1,1,1
2021-10-23,OCEANSIDE,,2,2,2,2
2021-10-23,SAN DIEGO,,34,34,34,34
2021-10-23,SHERIFF,,9,9,9,9
2021-10-24,CARLSBAD,,3,3,3,3
2021-10-24,CHULA VISTA,,2,2,2,2
2021-10-24,EL CAJON,,3,3,3,3
2021-10-24,ESCONDIDO,,6,6,6,6
2021-10-24,HARBOR POLICE,,1,1,1,1
2021-10-24,NATIONAL CITY,,2,2,2,2
2021-10-24,OCEANSIDE,,3,3,3,3
2021-10-24,SAN DIEGO,,30,30,30,30
2021-10-24,SHERIFF,,12,12,12,12
2021-10-25,CARLSBAD,,2,2,2,2
2021-10-25,CHULA VISTA,,3,3,3,3
2021-10-25,EL CAJON,,1,1,1,1
2021-10-25,ESCONDIDO,,4,4,4,4
2021-10-25,NATIONAL CITY,,1,1,1,1
2021-10-25,OCEANSIDE,,6,6,6,6
2021-10-25,SAN DIEGO,,16,16,16,16
2021-10-25,SHERIFF,,9,9,9,9
2021-10-26,CARLSBAD,,5,2,5,5
2021-10-26,CHULA VISTA,,1,1,1,1
2021-10-26,EL CAJON,,4,3,4,4
2021-10-26,ESCONDIDO,,1,1,1,1
2021-10-26,LA MESA,,1,1,1,1
2021-10-26,OCEANSIDE,,2,2,2,2
2021-10-26,SAN DIEGO,,17,17,17,17
2021-10-26,SHERIFF,,16,16,16,16
2021-10-27,CARLSBAD,,3,3,3,3
2021-10-27,CHULA VISTA,,3,3,3,3
2021-10-27,EL CAJON,,2,2,2,2
2021-10-27,ESCONDIDO,,3,3,3,3
2021-10-27,LA MESA,,1,1,1,1
2021-10-27,OCEANSIDE,,1,1,1,1
2021-10-27,SAN DIEGO,,13,13,13,13
2021-10-27,SHERIFF,,16,16,16,16
2021-10-28,CARLSBAD,,1,1,1,1
2021-10-28,CHULA VISTA,,4,4,4,4
2021-10-28,EL CAJON,,1,1,1,1
2021-10-28,ESCONDIDO,,4,4,4,4
2021-10-28,HARBOR POLICE,,1,1,1,1
2021-10-28,NATIONAL CITY,,1,1,1,1
2021-10-28,OCEANSIDE,,5,5,5,5
2021-10-28,SAN DIEGO,,19,19,19,19
2021-10-28,SHERIFF,,16,16,16,16
2021-10-29,CARLSBAD,,3,3,3,3
2021-10-29,CHULA VISTA,,3,3,3,3
2021-10-29,EL CAJON,,2,2,2,2
2021-10-29,ESCONDIDO,,5,5,5,5
2021-10-29,HARBOR POLICE,,1,1,1,1
2021-10-29,LA MESA,,2,2,2,2
2021-10-29,OCEANSIDE,,2,2,2,2
2021-10-29,SAN DIEGO,,30,28,30,30
2021-10-29,SHERIFF,,10,10,10,10
2021-10-30,CARLSBAD,,3,3,3,3
2021-10-30,CHULA VISTA,,1,1,1,1
2021-10-30,ESCONDIDO,,3,3,3,3
2021-10-30,LA MESA,,2,2,2,2
2021-10-30,NATIONAL CITY,,2,2,2,2
2021-10-30,OCEANSIDE,,2,2,2,2
2021-10-30,SAN DIEGO,,36,36,36,36
2021-10-30,SHERIFF,,16,15,16,16
2021-10-31,CARLSBAD,,4,4,4,4
2021-10-31,CHULA VISTA,,4,4,4,4
2021-10-31,EL CAJON,,4,2,4,4
2021-10-31,ESCONDIDO,,9,9,9,9
2021-10-31,LA MESA,,1,1,1,1
2021-10-31,NATIONAL CITY,,2,2,2,2
2021-10-31,OCEANSIDE,,2,2,2,2
2021-10-31,SAN DIEGO,,36,36,36,36
2021-10-31,SHERIFF,,10,10,10,10
2021-11-01,CARLSBAD,,5,5,5,5
2021-11-01,CHULA VISTA,,1,1,1,1
2021-11-01,EL CAJON,,5,4,5,5
2021-11-01,ESCONDIDO,,2,2,2,2
2021-11-01,HARBOR POLICE,,2,2,2,2
2021-11-01,LA MESA,,2,2,2,2
2021-11-01,NATIONAL CITY,,1,1,1,1
2021-11-01,OCEANSIDE,,2,2,2,2
2021-11-01,SAN DIEGO,,22,21,22,22
2021-11-01,SHERIFF,,11,11,11,11
2021-11-02,CARLSBAD,,2,2,2,2
2021-11-02,CHULA VISTA,,1,1,1,1
2021-11-02,EL CAJON,,4,4,4,4
2021-11-02,ESCONDIDO,,5,5,5,5
2021-11-02,HARBOR POLICE,,1,1,1,1
2021-11-02,LA MESA,,1,1,1,1
2021-11-02,NATIONAL CITY,,2,2,2,2
2021-11-02,OCEANSIDE,,2,2,2,2
2021-11-02,SAN DIEGO,,18,17,17,17
2021-11-02,SHERIFF,,15,15,15,15
2021-11-03,CARLSBAD,,3,3,3,3
2021-11-03,CHULA VISTA,,1,1,1,1
2021-11-03,EL CAJON,,3,3,3,3
2021-11-03,ESCONDIDO,,1,1,1,1
2021-11-03,HARBOR POLICE,,3,3,3,3
2021-11-03,LA MESA,,2,2,2,2
2021-11-03,OCEANSIDE,,1,1,1,1
2021-11-03,SAN DIEGO,,11,11,11,11
2021-11-03,SHERIFF,,13,13,13,13
2021-11-04,CARLSBAD,,2,2,2,2
2021-11-04,CHULA VISTA,,2,2,2,2
2021-11-04,ESCONDIDO,,2,2,2,2
2021-11-04,LA MESA,,1,1,1,1
2021-11-04,NATIONAL CITY,,3,3,3,3
2021-11-04,OCEANSIDE,,3,3,3,3
2021-11-04,SAN DIEGO,,20,20,20,20
2021-11-04,SHERIFF,,13,13,13,13
2021-11-05,CARLSBAD,,3,3,3,3
2021-11-05,CHULA VISTA,,2,2,2,2
2021-11-05,EL CAJON,,4,4,4,4
2021-11-05,ESCONDIDO,,4,4,4,4
2021-11-05,HARBOR POLICE,,2,2,2,2
2021-11-05,LA MESA,,1,1,1,1
2021-11-05,NATIONAL CITY,,2,2,2,2
2021-11-05,OCEANSIDE,,4,4,4,4
2021-11-05,SAN DIEGO,,24,24,24,24
2021-11-05,SHERIFF,,12,11,12,12
2021-11-06,CARLSBAD,,4,4,4,4
2021-11-06,CHULA VISTA,,1,1,1,1
2021-11-06,EL CAJON,,2,2,2,2
2021-11-06,ESCONDIDO,,6,6,6,6
2021-11-06,HARBOR POLICE,,2,2,2,2
2021-11-06,NATIONAL CITY,,2,2,2,2
2021-11-06,OCEANSIDE,,2,2,2,2
2021-11-06,SAN DIEGO,,31,31,31,31
2021-11-06,SHERIFF,,12,12,12,12
2021-11-07,CARLSBAD,,4,4,4,4
2021-11-07,CHULA VISTA,,1,1,1,1
2021-11-07,EL CAJON,,5,5,5,5
2021-11-07,ESCONDIDO,,5,5,5,5
2021-11-07,NATIONAL CITY,,3,3,3,3
2021-11-07,OCEANSIDE,,2,2,2,2
2021-11-07,SAN DIEGO,,29,28,29,29
2021-11-07,SHERIFF,,12,12,12,12
2021-11-08,CARLSBAD,,1,1,1,1
2021-11-08,CHULA VISTA,,4,4,4,4
2021-11-08,EL CAJON,,2,2,2,2
2021-11-08,HARBOR POLICE,,2,2,2,2
2021-11-08,LA MESA,,1,1,1,1
2021-11-08,OCEANSIDE,,4,4,4,4
2021-11-08,SAN DIEGO,,13,13,13,13
2021-11-08,SHERIFF,,10,10,10,10
2021-11-09,CARLSBAD,,3,3,3,3
2021-11-09,EL CAJON,,1,1,1,1
2021-11-09,ESCONDIDO,,3,3,3,3
2021-11-09,LA MESA,,1,1,1,1
2021-11-09,OCEANSIDE,,6,6,6,6
2021-11-09,SAN DIEGO,,21,21,21,21
2021-11-09,SHERIFF,,10,9,10,10
2021-11-10,CARLSBAD,,6,6,6,6
2021-11-10,EL CAJON,,6,4,6,6
2021-11-10,ESCONDIDO,,2,2,2,2
2021-11-10,HARBOR POLICE,,2,2,2,2
2021-11-10,NATIONAL CITY,,1,1,1,1
2021-11-10,OCEANSIDE,,3,2,3,3
2021-11-10,SAN DIEGO,,26,18,26,26
2021-11-10,SHERIFF,,14,14,14,14
2021-11-11,CARLSBAD,,3,3,3,3
2021-11-11,CHULA VISTA,,1,1,1,1
2021-11-11,EL CAJON,,5,5,5,5
2021-11-11,ESCONDIDO,,5,4,5,5
2021-11-11,HARBOR POLICE,,1,1,1,1
2021-11-11,LA MESA,,1,1,1,1
2021-11-11,NATIONAL CITY,,1,1,1,1
2021-11-11,OCEANSIDE,,2,2,2,2
2021-11-11,SAN DIEGO,,24,24,24,24
2021-11-11,SHERIFF,,8,8,8,8
2021-11-12,CARLSBAD,,1,1,1,1
2021-11-12,CHULA VISTA,,2,2,2,2
2021-11-12,EL CAJON,,2,2,2,2
2021-11-12,ESCONDIDO,,6,4,6,6
2021-11-12,HARBOR POLICE,,1,1,1,1
2021-11-12,LA MESA,,1,1,1,1
2021-11-12,OCEANSIDE,,4,3,4,4
2021-11-12,SAN DIEGO,,23,22,23,23
2021-11-12,SHERIFF,,11,11,11,11
2021-11-13,CARLSBAD,,6,5,6,6
2021-11-13,CHULA VISTA,,4,4,4,4
2021-11-13,EL CAJON,,1,1,1,1
2021-11-13,ESCONDIDO,,5,5,5,5
2021-11-13,HARBOR POLICE,,1,1,1,1
2021-11-13,LA MESA,,3,2,3,3
2021-11-13,NATIONAL CITY,,3,3,3,3
2021-11-13,OCEANSIDE,,3,3,3,3
2021-11-13,SAN DIEGO,,24,24,24,24
2021-11-13,SHERIFF,,8,8,8,8
2021-11-14,CARLSBAD,,2,2,2,2
2021-11-14,CHULA VISTA,,4,4,4,4
2021-11-14,EL CAJON,,5,5,5,5
2021-11-14,ESCONDIDO,,4,4,4,4
2021-11-14,HARBOR POLICE,,3,3,3,3
2021-11-14,LA MESA,,2,2,2,2
2021-11-14,NATIONAL CITY,,1,1,1,1
2021-11-14,OCEANSIDE,,2,2,2,2
2021-11-14,SAN DIEGO,,33,33,33,33
2021-11-14,SHERIFF,,17,17,17,17
2021-11-15,CARLSBAD,,1,1,1,1
2021-11-15,EL CAJON,,2,2,2,2
2021-11-15,ESCONDIDO,,2,2,2,2
2021-11-15,LA MESA,,1,1,1,1
2021-11-15,OCEANSIDE,,2,2,2,2
2021-11-15,SAN DIEGO,,10,10,10,10
2021-11-15,SHERIFF,,9,9,9,9
2021-11-16,CARLSBAD,,3,3,3,3
2021-11-16,CHULA VISTA,,3,3,3,3
2021-11-16,EL CAJON,,3,3,3,3
2021-11-16,ESCONDIDO,,1,1,1,1
2021-11-16,HARBOR POLICE,,1,1,1,1
2021-11-16,LA MESA,,1,1,1,1
2021-11-16,OCEANSIDE,,2,2,2,2
2021-11-16,SAN DIEGO,,15,13,14,14
2021-11-16,SHERIFF,,11,11,11,11
2021-11-17,CARLSBAD,,5,4,5,5
2021-11-17,CHULA VISTA,,2,2,2,2
2021-11-17,ESCONDIDO,,3,3,3,3
2021-11-17,NATIONAL CITY,,1,1,1,1
2021-11-17,OCEANSIDE,,5,5,5,5
2021-11-17,SAN DIEGO,,14,14,14,14
2021-11-17,SHERIFF,,10,9,10,10
2021-11-18,CARLSBAD,,2,2,2,2
2021-11-18,CHULA VISTA,,3,3,3,3
2021-11-18,EL CAJON,,5,3,5,5
2021-11-18,ESCONDIDO,,3,3,3,3
2021-11-18,LA MESA,,1,1,1,1
2021-11-18,NATIONAL CITY,,1,1,1,1
2021-11-18,OCEANSIDE,,3,3,3,3
2021-11-18,SAN DIEGO,,19,19,19,19
2021-11-18,SHERIFF,,10,10,10,10
2021-11-19,CARLSBAD,,7,7,7,7
2021-11-19,CHULA VISTA,,4,4,4,4
2021-11-19,EL CAJON,,2,2,2,2
2021-11-19,ESCONDIDO,,4,4,4,4
2021-11-19,HARBOR POLICE,,1,1,1,1
2021-11-19,LA MESA,,1,1,1,1
2021-11-19,NATIONAL CITY,,1,1,1,1
2021-11-19,OCEANSIDE,,1,1,1,1
2021-11-19,SAN DIEGO,,21,21,21,21
2021-11-19,SHERIFF,,17,16,17,16
2021-11-20,CARLSBAD,,3,2,3,3
2021-11-20,CHULA VISTA,,4,4,4,4
2021-11-20,EL CAJON,,3,3,3,3
2021-11-20,ESCONDIDO,,6,6,6,6
2021-11-20,HARBOR POLICE,,3,3,3,3
2021-11-20,NATIONAL CITY,,2,2,2,2
2021-11-20,OCEANSIDE,,2,2,2,2
2021-11-20,SAN DIEGO,,28,27,28,28
2021-11-20,SHERIFF,,17,16,17,16
2021-11-21,CARLSBAD,,4,4,4,4
2021-11-21,CHULA VISTA,,4,4,4,4
2021-11-21,EL CAJON,,3,2,3,3
2021-11-21,ESCONDIDO,,5,5,5,5
2021-11-21,HARBOR POLICE,,3,3,3,3
2021-11-21,LA MESA,,1,1,1,1
2021-11-21,NATIONAL CITY,,1,1,1,1
2021-11-21,OCEANSIDE,,4,4,4,4
2021-11-21,SAN DIEGO,,34,31,34,34
2021-11-21,SHERIFF,,13,12,13,13
2021-11-22,CARLSBAD,,2,2,2,2
2021-11-22,CHULA VISTA,,1,1,1,1
2021-11-22,EL CAJON,,5,4,5,5
2021-11-22,ESCONDIDO,,6,6,6,6
2021-11-22,LA MESA,,2,2,2,2
2021-11-22,NATIONAL CITY,,5,4,5,5
2021-11-22,OCEANSIDE,,5,5,5,5
2021-11-22,SAN DIEGO,,16,16,16,16
2021-11-22,SHERIFF,,14,13,14,14
2021-11-23,CARLSBAD,,2,2,2,2
2021-11-23,EL CAJON,,1,1,1,1
2021-11-23,ESCONDIDO,,1,1,1,1
2021-11-23,HARBOR POLICE,,2,2,2,2
2021-11-23,LA MESA,,2,2,2,2
2021-11-23,NATIONAL CITY,,3,3,3,3
2021-11-23,OCEANSIDE,,1,1,1,1
2021-11-23,SAN DIEGO,,24,24,24,24
2021-11-23,SHERIFF,,21,17,20,20
2021-11-24,CARLSBAD,,2,2,2,2
2021-11-24,CHULA VISTA,,1,1,1,1
2021-11-24,EL CAJON,,2,2,2,2
2021-11-24,ESCONDIDO,,4,4,4,4
2021-11-24,HARBOR POLICE,,1,1,1,1
2021-11-24,NATIONAL CITY,,1,1,1,1
2021-11-24,OCEANSIDE,,3,3,3,3
2021-11-24,SAN DIEGO,,22,22,22,22
2021-11-24,SHERIFF,,18,18,18,18
2021-11-25,CARLSBAD,,2,2,2,2
2021-11-25,CHULA VISTA,,3,3,3,3
2021-11-25,EL CAJON,,1,1,1,1
2021-11-25,ESCONDIDO,,5,5,5,5
2021-11-25,LA MESA,,2,2,2,2
2021-11-25,NATIONAL CITY,,2,2,2,2
2021-11-25,OCEANSIDE,,1,1,1,1
2021-11-25,SAN DIEGO,,20,20,20,20
2021-11-25,SHERIFF,,8,8,8,8
2021-11-26,CARLSBAD,,4,2,4,4
2021-11-26,EL CAJON,,1,1,1,1
2021-11-26,ESCONDIDO,,6,6,6,6
2021-11-26,NATIONAL CITY,,1,1,1,1
2021-11-26,OCEANSIDE,,1,1,1,1
2021-11-26,SAN DIEGO,,12,12,12,12
2021-11-26,SHERIFF,,10,9,10,10
2021-11-27,CARLSBAD,,5,5,5,5
2021-11-27,CHULA VISTA,,3,3,3,3
2021-11-27,EL CAJON,,2,2,2,2
2021-11-27,ESCONDIDO,,4,4,4,4
2021-11-27,LA MESA,,1,1,1,1
2021-11-27,NATIONAL CITY,,1,1,1,1
2021-11-27,OCEANSIDE,,4,2,3,3
2021-11-27,SAN DIEGO,,27,27,27,27
2021-11-27,SHERIFF,,12,11,12,12
2021-11-28,CARLSBAD,,2,2,2,2
2021-11-28,CHULA VISTA,,4,4,4,4
2021-11-28,EL CAJON,,4,4,4,4
2021-11-28,ESCONDIDO,,1,1,1,1
2021-11-28,HARBOR POLICE,,2,2,2,2
2021-11-28,NATIONAL CITY,,1,1,1,1
2021-11-28,SAN DIEGO,,21,21,21,21
2021-11-28,SHERIFF,,8,8,8,8
2021-11-29,CARLSBAD,,3,3,3,3
2021-11-29,CHULA VISTA,,1,1,1,1
2021-11-29,EL CAJON,,2,2,2,2
2021-11-29,ESCONDIDO,,4,3,4,4
2021-11-29,HARBOR POLICE,,3,3,3,3
2021-11-29,NATIONAL CITY,,2,2,2,2
2021-11-29,OCEANSIDE,,2,2,2,2
2021-11-29,SAN DIEGO,,21,21,21,21
2021-11-29,SHERIFF,,11,11,11,11
2021-11-30,CARLSBAD,,3,3,3,3
2021-11-30,EL CAJON,,2,2,2,2
2021-11-30,ESCONDIDO,,2,1,2,2
2021-11-30,LA MESA,,3,3,3,3
2021-11-30,NATIONAL CITY,,1,1,1,1
2021-11-30,OCEANSIDE,,3,3,3,3
2021-11-30,SAN DIEGO,,15,15,15,15
2021-11-30,SHERIFF,,9,8,9,9
2021-12-01,CARLSBAD,,3,2,3,3
2021-12-01,CHULA VISTA,,2,2,2,2
2021-12-01,EL CAJON,,1,1,1,1
2021-12-01,ESCONDIDO,,3,3,3,3
2021-12-01,SAN DIEGO,,18,18,18,18
2021-12-01,SHERIFF,,20,20,20,20
2021-12-02,CARLSBAD,,1,1,1,1
2021-12-02,CHULA VISTA,,1,1,1,1
2021-12-02,EL CAJON,,1,1,1,1
2021-12-02,ESCONDIDO,,2,2,2,2
2021-12-02,HARBOR POLICE,,1,1,1,1
2021-12-02,LA MESA,,1,1,1,1
2021-12-02,OCEANSIDE,,3,3,3,3
2021-12-02,SAN DIEGO,,29,29,29,29
2021-12-02,SHERIFF,,8,8,8,8
2021-12-03,CARLSBAD,,3,3,3,3
2021-12-03,CHULA VISTA,,3,3,3,3
2021-12-03,EL CAJON,,1,1,1,1
2021-12-03,ESCONDIDO,,9,9,9,9
2021-12-03,HARBOR POLICE,,1,1,1,1
2021-12-03,OCEANSIDE,,2,2,2,2
2021-12-03,SAN DIEGO,,20,20,20,20
2021-12-03,SHERIFF,,14,12,14,14
2021-12-04,CARLSBAD,,2,2,2,2
2021-12-04,CHULA VISTA,,4,4,4,4
2021-12-04,EL CAJON,,4,4,4,4
2021-12-04,ESCONDIDO,,2,2,2,2
2021-12-04,HARBOR POLICE,,2,2,2,2
2021-12-04,OCEANSIDE,,2,2,2,2
2021-12-04,SAN DIEGO,,27,26,27,27
2021-12-04,SHERIFF,,17,17,17,17
2021-12-05,CARLSBAD,,3,3,3,3
2021-12-05,CHULA VISTA,,5,5,5,5
2021-12-05,EL CAJON,,5,5,5,5
2021-12-05,ESCONDIDO,,4,4,4,4
2021-12-05,LA MESA,,1,1,1,1
2021-12-05,NATIONAL CITY,,3,3,3,3
2021-12-05,OCEANSIDE,,4,4,4,4
2021-12-05,SAN DIEGO,,37,36,37,37
2021-12-05,SHERIFF,,12,12,12,12
2021-12-06,CARLSBAD,,2,2,2,2
2021-12-06,CHULA VISTA,,2,2,2,2
2021-12-06,EL CAJON,,1,1,1,1
2021-12-06,ESCONDIDO,,4,4,4,4
2021-12-06,HARBOR POLICE,,1,1,1,1
2021-12-06,OCEANSIDE,,7,7,7,7
2021-12-06,SAN DIEGO,,17,17,17,17
2021-12-06,SHERIFF,,7,7,7,7
2021-12-07,CARLSBAD,,4,4,4,4
2021-12-07,CHULA VISTA,,2,2,2,2
2021-12-07,EL CAJON,,2,2,2,2
2021-12-07,ESCONDIDO,,5,4,5,5
2021-12-07,LA MESA,,3,3,3,3
2021-12-07,NATIONAL CITY,,1,1,1,1
2021-12-07,OCEANSIDE,,1,1,1,1
2021-12-07,SAN DIEGO,,10,10,10,10
2021-12-07,SHERIFF,,21,20,21,21
2021-12-08,CARLSBAD,,1,1,1,1
2021-12-08,CHULA VISTA,,1,1,1,1
2021-12-08,ESCONDIDO,,2,2,2,2
2021-12-08,HARBOR POLICE,,1,1,1,1
2021-12-08,NATIONAL CITY,,1,1,1,1
2021-12-08,OCEANSIDE,,4,4,4,4
2021-12-08,SAN DIEGO,,17,17,17,17
2021-12-08,SHERIFF,,13,13,13,13
2021-12-09,CARLSBAD,,1,1,1,1
2021-12-09,CHULA VISTA,,3,3,3,3
2021-12-09,EL CAJON,,2,2,2,2
2021-12-09,ESCONDIDO,,5,5,5,5
2021-12-09,NATIONAL CITY,,1,1,1,1
2021-12-09,OCEANSIDE,,3,3,3,3
2021-12-09,SAN DIEGO,,15,15,15,15
2021-12-09,SHERIFF,,19,19,19,19
2021-12-10,CARLSBAD,,3,3,3,3
2021-12-10,CHULA VISTA,,5,5,5,5
2021-12-10,EL CAJON,,2,2,2,2
2021-12-10,ESCONDIDO,,4,4,4,4
2021-12-10,HARBOR POLICE,,3,3,3,3
2021-12-10,LA MESA,,1,1,1,1
2021-12-10,OCEANSIDE,,4,2,4,4
2021-12-10,SAN DIEGO,,19,19,19,19
2021-12-10,SHERIFF,,22,19,22,22
2021-12-11,CARLSBAD,,1,1,1,1
2021-12-11,CHULA VISTA,,6,6,6,6
2021-12-11,EL CAJON,,4,3,4,4
2021-12-11,ESCONDIDO,,8,8,8,8
2021-12-11,LA MESA,,1,1,1,1
2021-12-11,NATIONAL CITY,,1,1,1,1
2021-12-11,OCEANSIDE,,3,3,3,3
2021-12-11,SAN DIEGO,,20,20,20,20
2021-12-11,SHERIFF,,14,14,14,14
2021-12-12,CARLSBAD,,2,2,2,2
2021-12-12,CHULA VISTA,,2,2,2,2
2021-12-12,EL CAJON,,1,1,1,1
2021-12-12,ESCONDIDO,,6,5,6,6
2021-12-12,HARBOR POLICE,,1,1,1,1
2021-12-12,LA MESA,,2,2,2,2
2021-12-12,OCEANSIDE,,2,2,2,2
2021-12-12,SAN DIEGO,,25,23,25,25
2021-12-12,SHERIFF,,9,9,9,9
2021-12-13,CARLSBAD,,3,3,3,3
2021-12-13,CHULA VISTA,,2,2,2,2
2021-12-13,EL CAJON,,4,4,4,4
2021-12-13,ESCONDIDO,,3,3,3,3
2021-12-13,OCEANSIDE,,3,3,3,3
2021-12-13,SAN DIEGO,,16,16,16,16
2021-12-13,SHERIFF,,7,7,7,7
2021-12-14,CARLSBAD,,3,3,3,3
2021-12-14,CHULA VISTA,,1,1,1,1
2021-12-14,ESCONDIDO,,3,3,3,3
2021-12-14,OCEANSIDE,,5,4,5,5
2021-12-14,SAN DIEGO,,19,19,19,19
2021-12-14,SHERIFF,,14,14,14,14
2021-12-15,CARLSBAD,,5,5,5,5
2021-12-15,CHULA VISTA,,1,1,1,1
2021-12-15,EL CAJON,,4,3,4,4
2021-12-15,ESCONDIDO,,2,1,2,2
2021-12-15,LA MESA,,1,1,1,1
2021-12-15,OCEANSIDE,,8,8,8,8
2021-12-15,SAN DIEGO,,11,11,11,11
2021-12-15,SHERIFF,,18,18,18,18
2021-12-16,CARLSBAD,,6,6,6,6
2021-12-16,ESCONDIDO,,3,3,3,3
2021-12-16,LA MESA,,2,2,2,2
2021-12-16,NATIONAL CITY,,1,1,1,1
2021-12-16,OCEANSIDE,,1,1,1,1
2021-12-16,SAN DIEGO,,12,12,12,12
2021-12-16,SHERIFF,,16,16,16,16
2021-12-17,CARLSBAD,,4,4,4,4
2021-12-17,CHULA VISTA,,1,1,1,1
2021-12-17,EL CAJON,,3,3,3,3
2021-12-17,ESCONDIDO,,3,3,3,3
2021-12-17,HARBOR POLICE,,1,1,1,1
2021-12-17,NATIONAL CITY,,3,3,3,3
2021-12-17,OCEANSIDE,,2,2,2,2
2021-12-17,SAN DIEGO,,27,27,27,27
2021-12-17,SHERIFF,,21,21,21,21
2021-12-18,CHULA VISTA,,7,7,7,7
2021-12-18,ESCONDIDO,,3,3,3,3
2021-12-18,HARBOR POLICE,,1,1,1,1
2021-12-18,LA MESA,,2,2,2,2
2021-12-18,NATIONAL CITY,,2,2,2,2
2021-12-18,OCEANSIDE,,2,2,2,2
2021-12-18,SAN DIEGO,,29,29,29,29
2021-12-18,SHERIFF,,15,14,15,15
2021-12-19,CARLSBAD,,4,4,4,4
2021-12-19,CHULA VISTA,,2,2,2,2
2021-12-19,ESCONDIDO,,3,3,3,3
2021-12-19,HARBOR POLICE,,3,3,3,3
2021-12-19,NATIONAL CITY,,2,2,2,2
2021-12-19,OCEANSIDE,,1,1,1,1
2021-12-19,SAN DIEGO,,30,29,29,29
2021-12-19,SHERIFF,,12,12,12,12
2021-12-20,CARLSBAD,,3,3,3,3
2021-12-20,CHULA VISTA,,3,3,3,3
2021-12-20,EL CAJON,,1,1,1,1
2021-12-20,ESCONDIDO,,2,2,2,2
2021-12-20,HARBOR POLICE,,2,2,2,2
2021-12-20,LA MESA,,1,1,1,1
2021-12-20,OCEANSIDE,,1,1,1,1
2021-12-20,SAN DIEGO,,12,12,12,12
2021-12-20,SHERIFF,,17,17,17,17
2021-12-21,CARLSBAD,,2,2,2,2
2021-12-21,ESCONDIDO,,4,4,4,4
2021-12-21,NATIONAL CITY,,1,1,1,1
2021-12-21,OCEANSIDE,,2,2,2,2
2021-12-21,SAN DIEGO,,17,13,17,17
2021-12-21,SHERIFF,,11,11,11,11
2021-12-22,CARLSBAD,,3,3,3,3
2021-12-22,CHULA VISTA,,2,2,2,2
2021-12-22,EL CAJON,,1,1,1,1
2021-12-22,ESCONDIDO,,3,3,3,3
2021-12-22,HARBOR POLICE,,1,1,1,1
2021-12-22,NATIONAL CITY,,1,1,1,1
2021-12-22,SAN DIEGO,,13,13,13,13
2021-12-22,SHERIFF,,13,11,13,13
2021-12-23,CHULA VISTA,,4,4,4,4
2021-12-23,EL CAJON,,1,1,1,1
2021-12-23,ESCONDIDO,,2,2,2,2
2021-12-23,HARBOR POLICE,,2,2,2,2
2021-12-23,NATIONAL CITY,,1,1,1,1
2021-12-23,OCEANSIDE,,4,4,4,4
2021-12-23,SAN DIEGO,,18,18,18,18
2021-12-23,SHERIFF,,10,10,10,10
2021-12-24,CARLSBAD,,1,1,1,1
2021-12-24,CHULA VISTA,,3,3,3,3
2021-12-24,EL CAJON,,2,2,2,2
2021-12-24,ESCONDIDO,,6,6,6,6
2021-12-24,NATIONAL CITY,,4,4,4,4
2021-12-24,OCEANSIDE,,1,1,1,1
2021-12-24,SAN DIEGO,,15,15,15,15
2021-12-24,SHERIFF,,13,13,13,13
2021-12-25,CARLSBAD,,2,2,2,2
2021-12-25,CHULA VISTA,,2,2,2,2
2021-12-25,EL CAJON,,1,1,1,1
2021-12-25,ESCONDIDO,,3,3,3,3
2021-12-25,NATIONAL CITY,,2,2,2,2
2021-12-25,OCEANSIDE,,1,1,1,1
2021-12-25,SAN DIEGO,,2,2,2,2
2021-12-25,SHERIFF,,7,7,7,7
2021-12-26,CARLSBAD,,2,1,2,2
2021-12-26,CHULA VISTA,,3,3,3,3
2021-12-26,EL CAJON,,1,1,1,1
2021-12-26,ESCONDIDO,,5,5,5,5
2021-12-26,NATIONAL CITY,,1,1,1,1
2021-12-26,OCEANSIDE,,2,2,2,2
2021-12-26,SAN DIEGO,,15,15,15,15
2021-12-26,SHERIFF,,12,10,12,12
2021-12-27,CARLSBAD,,2,2,2,2
2021-12-27,EL CAJON,,1,1,1,1
2021-12-27,ESCONDIDO,,2,2,2,2
2021-12-27,OCEANSIDE,,2,2,2,2
2021-12-27,SAN DIEGO,,12,12,12,12
2021-12-27,SHERIFF,,12,12,12,12
2021-12-28,CHULA VISTA,,1,1,1,1
2021-12-28,EL CAJON,,3,3,3,3
2021-12-28,ESCONDIDO,,3,3,3,3
2021-12-28,LA MESA,,1,1,1,1
2021-12-28,NATIONAL CITY,,2,2,2,2
2021-12-28,OCEANSIDE,,4,4,4,4
2021-12-28,SAN DIEGO,,16,16,16,16
2021-12-28,SHERIFF,,13,12,13,13
2021-12-29,CARLSBAD,,1,1,1,1
2021-12-29,CHULA VISTA,,3,3,3,3
2021-12-29,EL CAJON,,1,1,1,1
2021-12-29,ESCONDIDO,,3,3,3,3
2021-12-29,HARBOR POLICE,,1,1,1,1
2021-12-29,NATIONAL CITY,,1,1,1,1
2021-12-29,OCEANSIDE,,2,2,2,2
2021-12-29,SAN DIEGO,,13,13,13,13
2021-12-29,SHERIFF,,20,20,20,20
2021-12-30,CHULA VISTA,,1,1,1,1
2021-12-30,EL CAJON,,1,1,1,1
2021-12-30,ESCONDIDO,,6,6,6,6
2021-12-30,HARBOR POLICE,,1,1,1,1
2021-12-30,OCEANSIDE,,4,4,4,4
2021-12-30,SAN DIEGO,,6,6,6,6
2021-12-30,SHERIFF,,8,8,8,8
2021-12-31,CARLSBAD,,2,2,2,2
2021-12-31,CHULA VISTA,,1,1,1,1
2021-12-31,EL CAJON,,1,1,1,1
2021-12-31,ESCONDIDO,,5,5,5,5
2021-12-31,HARBOR POLICE,,1,1,1,1
2021-12-31,LA MESA,,1,1,1,1
2021-12-31,OCEANSIDE,,3,3,3,3
2021-12-31,SAN DIEGO,,23,22,23,23
2021-12-31,SHERIFF,,6,6,6,6
2022-01-01,CARLSBAD,,2,2,2,2
2022-01-01,CHULA VISTA,,3,3,3,3
2022-01-01,EL CAJON,,2,2,2,2
2022-01-01,ESCONDIDO,,6,6,6,6
2022-01-01,HARBOR POLICE,,1,1,1,1
2022-01-01,LA MESA,,3,2,3,3
2022-01-01,NATIONAL CITY,,1,1,1,1
2022-01-01,OCEANSIDE,,4,4,4,4
2022-01-01,SAN DIEGO,,44,44,44,44
2022-01-01,SHERIFF,,15,15,15,15
2022-01-02,CHULA VISTA,,2,2,2,2
2022-01-02,ESCONDIDO,,2,2,2,2
2022-01-02,LA MESA,,1,1,1,1
2022-01-02,NATIONAL CITY,,1,1,1,1
2022-01-02,SAN DIEGO,,28,28,28,28
2022-01-02,SHERIFF,,14,13,14,14
2022-01-03,CARLSBAD,,1,1,1,1
2022-01-03,CHULA VISTA,,1,1,1,1
2022-01-03,EL CAJON,,1,1,1,1
2022-01-03,ESCONDIDO,,1,1,1,1
2022-01-03,HARBOR POLICE,,2,2,2,2
2022-01-03,LA MESA,,1,1,1,1
2022-01-03,NATIONAL CITY,,1,1,1,1
2022-01-03,OCEANSIDE,,2,2,2,2
2022-01-03,SAN DIEGO,,11,11,11,11
2022-01-03,SHERIFF,,13,13,13,13
2022-01-04,CARLSBAD,,1,1,1,1
2022-01-04,ESCONDIDO,,4,4,4,4
2022-01-04,HARBOR POLICE,,1,1,1,1
2022-01-04,LA MESA,,1,1,1,1
2022-01-04,NATIONAL CITY,,1,1,1,1
2022-01-04,OCEANSIDE,,1,1,1,1
2022-01-04,SAN DIEGO,,8,8,8,8
2022-01-04,SHERIFF,,11,11,11,11
2022-01-05,CARLSBAD,,2,2,2,2
2022-01-05,CHULA VISTA,,2,2,2,2
2022-01-05,EL CAJON,,2,2,2,2
2022-01-05,ESCONDIDO,,3,3,3,3
2022-01-05,HARBOR POLICE,,1,1,1,1
2022-01-05,LA MESA,,1,1,1,1
2022-01-05,OCEANSIDE,,3,3,3,3
2022-01-05,SAN DIEGO,,19,19,19,19
2022-01-05,SHERIFF,,13,13,13,13
2022-01-06,CARLSBAD,,3,3,3,3
2022-01-06,ESCONDIDO,,3,3,3,3
2022-01-06,LA MESA,,2,2,2,2
2022-01-06,OCEANSIDE,,2,2,2,2
2022-01-06,SAN DIEGO,,16,16,16,16
2022-01-06,SHERIFF,,11,11,11,11
2022-01-07,CHULA VISTA,,3,3,3,3
2022-01-07,EL CAJON,,2,2,2,2
2022-01-07,ESCONDIDO,,5,5,5,5
2022-01-07,LA MESA,,3,3,3,3
2022-01-07,SAN DIEGO,,10,10,10,10
2022-01-07,SHERIFF,,13,12,13,13
2022-01-08,CARLSBAD,,2,2,2,2
2022-01-08,CHULA VISTA,,5,5,5,5
2022-01-08,ESCONDIDO,,6,6,6,6
2022-01-08,HARBOR POLICE,,1,1,1,1
2022-01-08,NATIONAL CITY,,2,2,2,2
2022-01-08,OCEANSIDE,,2,2,2,2
2022-01-08,SAN DIEGO,,12,11,12,12
2022-01-08,SHERIFF,,6,6,6,6
2022-01-09,CARLSBAD,,2,2,2,2
2022-01-09,CHULA VISTA,,1,1,1,1
2022-01-09,EL CAJON,,2,2,2,2
2022-01-09,ESCONDIDO,,5,5,5,5
2022-01-09,HARBOR POLICE,,2,2,2,2
2022-01-09,LA MESA,,1,1,1,1
2022-01-09,OCEANSIDE,,5,5,5,5
2022-01-09,SAN DIEGO,,13,12,13,13
2022-01-09,SHERIFF,,9,9,9,9
2022-01-10,CARLSBAD,,1,1,1,1
2022-01-10,CHULA VISTA,,2,2,2,2
2022-01-10,EL CAJON,,2,2,2,2
2022-01-10,ESCONDIDO,,5,5,5,5
2022-01-10,LA MESA,,2,2,2,2
2022-01-10,NATIONAL CITY,,1,1,1,1
2022-01-10,OCEANSIDE,,3,3,3,3
2022-01-10,SAN DIEGO,,15,15,15,15
2022-01-10,SHERIFF,,11,11,11,11
2022-01-11,CARLSBAD,,3,3,3,3
2022-01-11,CHULA VISTA,,1,1,1,1
2022-01-11,EL CAJON,,1,1,1,1
2022-01-11,ESCONDIDO,,4,4,4,4
2022-01-11,OCEANSIDE,,3,3,3,3
2022-01-11,SAN DIEGO,,22,22,22,22
2022-01-11,SHERIFF,,10,10,10,10
2022-01-12,CARLSBAD,,1,1,1,1
2022-01-12,EL CAJON,,2,2,2,2
2022-01-12,ESCONDIDO,,5,5,5,5
2022-01-12,LA MESA,,2,2,2,2
2022-01-12,NATIONAL CITY,,1,1,1,1
2022-01-12,OCEANSIDE,,3,3,3,3
2022-01-12,SAN DIEGO,,17,16,17,17
2022-01-12,SHERIFF,,6,6,6,6
2022-01-13,CARLSBAD,,3,2,3,3
2022-01-13,CHULA VISTA,,2,2,2,2
2022-01-13,ESCONDIDO,,2,2,2,2
2022-01-13,HARBOR POLICE,,1,1,1,1
2022-01-13,LA MESA,,1,1,1,1
2022-01-13,NATIONAL CITY,,1,1,1,1
2022-01-13,OCEANSIDE,,4,4,4,4
2022-01-13,SAN DIEGO,,20,20,20,20
2022-01-13,SHERIFF,,19,15,19,19
2022-01-14,CARLSBAD,,5,5,5,5
2022-01-14,CHULA VISTA,,5,3,5,5
2022-01-14,EL CAJON,,1,1,1,1
2022-01-14,ESCONDIDO,,2,2,2,2
2022-01-14,LA MESA,,2,1,2,2
2022-01-14,OCEANSIDE,,2,2,2,2
2022-01-14,SAN DIEGO,,24,24,24,24
2022-01-14,SHERIFF,,12,12,12,12
2022-01-15,CARLSBAD,,1,1,1,1
2022-01-15,CHULA VISTA,,3,2,3,3
2022-01-15,EL CAJON,,3,3,3,3
2022-01-15,ESCONDIDO,,7,7,7,7
2022-01-15,LA MESA,,1,1,1,1
2022-01-15,NATIONAL CITY,,7,7,7,7
2022-01-15,OCEANSIDE,,2,2,2,2
2022-01-15,SAN DIEGO,,31,31,31,31
2022-01-15,SHERIFF,,16,16,16,16
2022-01-16,CARLSBAD,,2,2,2,2
2022-01-16,CHULA VISTA,,3,3,3,3
2022-01-16,ESCONDIDO,,3,3,3,3
2022-01-16,NATIONAL CITY,,1,1,1,1
2022-01-16,OCEANSIDE,,5,5,5,5
2022-01-16,SAN DIEGO,,11,11,11,11
2022-01-16,SHERIFF,,9,8,9,9
2022-01-17,CARLSBAD,,3,3,3,3
2022-01-17,CHULA VISTA,,1,1,1,1
2022-01-17,EL CAJON,,1,1,1,1
2022-01-17,ESCONDIDO,,3,3,3,3
2022-01-17,LA MESA,,2,2,2,2
2022-01-17,NATIONAL CITY,,1,1,1,1
2022-01-17,OCEANSIDE,,7,7,7,7
2022-01-17,SAN DIEGO,,14,14,14,14
2022-01-17,SHERIFF,,9,8,9,9
2022-01-18,CARLSBAD,,3,3,3,3
2022-01-18,CHULA VISTA,,4,4,4,4
2022-01-18,EL CAJON,,3,2,3,3
2022-01-18,ESCONDIDO,,4,4,4,4
2022-01-18,NATIONAL CITY,,2,2,2,2
2022-01-18,OCEANSIDE,,6,6,6,6
2022-01-18,SAN DIEGO,,21,20,21,21
2022-01-18,SHERIFF,,5,5,5,5
2022-01-19,CARLSBAD,,2,2,2,2
2022-01-19,CHULA VISTA,,4,4,4,4
2022-01-19,ESCONDIDO,,2,2,2,2
2022-01-19,HARBOR POLICE,,1,1,1,1
2022-01-19,OCEANSIDE,,6,6,6,6
2022-01-19,SAN DIEGO,,19,19,19,19
2022-01-19,SHERIFF,,19,17,19,19
2022-01-20,CARLSBAD,,3,3,3,3
2022-01-20,CHULA VISTA,,1,1,1,1
2022-01-20,EL CAJON,,4,3,3,3
2022-01-20,ESCONDIDO,,3,2,3,3
2022-01-20,HARBOR POLICE,,1,1,1,1
2022-01-20,NATIONAL CITY,,1,1,1,1
2022-01-20,OCEANSIDE,,4,4,4,4
2022-01-20,SAN DIEGO,,22,22,22,22
2022-01-20,SHERIFF,,12,12,12,12
2022-01-21,CARLSBAD,,2,2,2,2
2022-01-21,CHULA VISTA,,4,4,4,4
2022-01-21,EL CAJON,,2,2,2,2
2022-01-21,ESCONDIDO,,10,9,10,10
2022-01-21,LA MESA,,1,1,1,1
2022-01-21,NATIONAL CITY,,2,2,2,2
2022-01-21,OCEANSIDE,,4,4,4,4
2022-01-21,SAN DIEGO,,21,21,21,21
2022-01-21,SHERIFF,,16,16,16,16
2022-01-22,CARLSBAD,,1,1,1,1
2022-01-22,CHULA VISTA,,1,1,1,1
2022-01-22,ESCONDIDO,,5,5,5,5
2022-01-22,HARBOR POLICE,,1,1,1,1
2022-01-22,LA MESA,,3,3,3,3
2022-01-22,NATIONAL CITY,,1,1,1,1
2022-01-22,OCEANSIDE,,1,1,1,1
2022-01-22,SAN DIEGO,,31,31,31,31
2022-01-22,SHERIFF,,16,16,16,16
2022-01-23,CHULA VISTA,,1,1,1,1
2022-01-23,ESCONDIDO,,6,6,6,6
2022-01-23,HARBOR POLICE,,2,2,2,2
2022-01-23,LA MESA,,1,1,1,1
2022-01-23,NATIONAL CITY,,3,3,3,3
2022-01-23,OCEANSIDE,,4,4,4,4
2022-01-23,SAN DIEGO,,27,27,27,27
2022-01-23,SHERIFF,,10,10,10,10
2022-01-24,CARLSBAD,,1,1,1,1
2022-01-24,CHULA VISTA,,1,1,1,1
2022-01-24,EL CAJON,,2,2,2,2
2022-01-24,ESCONDIDO,,3,3,3,3
2022-01-24,NATIONAL CITY,,2,2,2,2
2022-01-24,OCEANSIDE,,4,4,4,4
2022-01-24,SAN DIEGO,,12,12,12,12
2022-01-24,SHERIFF,,10,10,10,10
2022-01-25,CARLSBAD,,4,4,4,4
2022-01-25,CHULA VISTA,,1,1,1,1
2022-01-25,EL CAJON,,2,2,2,2
2022-01-25,ESCONDIDO,,3,2,3,3
2022-01-25,LA MESA,,2,2,2,2
2022-01-25,OCEANSIDE,,4,4,4,4
2022-01-25,SAN DIEGO,,14,14,14,14
2022-01-25,SHERIFF,,11,11,11,11
2022-01-26,CHULA VISTA,,2,2,2,2
2022-01-26,EL CAJON,,5,5,5,5
2022-01-26,ESCONDIDO,,4,4,4,4
2022-01-26,HARBOR POLICE,,1,1,1,1
2022-01-26,LA MESA,,1,1,1,1
2022-01-26,OCEANSIDE,,2,2,2,2
2022-01-26,SAN DIEGO,,17,17,17,17
2022-01-26,SHERIFF,,13,12,13,13
2022-01-27,CHULA VISTA,,2,2,2,2
2022-01-27,EL CAJON,,2,2,2,2
2022-01-27,ESCONDIDO,,5,5,5,5
2022-01-27,HARBOR POLICE,,1,1,1,1
2022-01-27,NATIONAL CITY,,3,3,3,3
2022-01-27,OCEANSIDE,,3,3,3,3
2022-01-27,SAN DIEGO,,27,25,27,27
2022-01-27,SHERIFF,,14,12,14,14
2022-01-28,CARLSBAD,,4,4,4,4
2022-01-28,CHULA VISTA,,1,1,1,1
2022-01-28,EL CAJON,,1,1,1,1
2022-01-28,ESCONDIDO,,5,4,5,5
2022-01-28,HARBOR POLICE,,1,1,1,1
2022-01-28,LA MESA,,1,1,1,1
2022-01-28,NATIONAL CITY,,4,4,4,4
2022-01-28,OCEANSIDE,,3,3,3,3
2022-01-28,SAN DIEGO,,23,22,23,23
2022-01-28,SHERIFF,,16,16,16,16
2022-01-29,CARLSBAD,,1,1,1,1
2022-01-29,CHULA VISTA,,3,3,3,3
2022-01-29,EL CAJON,,1,1,1,1
2022-01-29,ESCONDIDO,,5,5,5,5
2022-01-29,HARBOR POLICE,,1,1,1,1
2022-01-29,LA MESA,,5,4,5,5
2022-01-29,NATIONAL CITY,,3,3,3,3
2022-01-29,OCEANSIDE,,1,1,1,1
2022-01-29,SAN DIEGO,,43,42,43,43
2022-01-29,SHERIFF,,8,8,8,8
2022-01-30,CHULA VISTA,,3,3,3,3
2022-01-30,EL CAJON,,5,5,5,5
2022-01-30,ESCONDIDO,,6,6,6,6
2022-01-30,LA MESA,,1,1,1,1
2022-01-30,NATIONAL CITY,,2,2,2,2
2022-01-30,OCEANSIDE,,4,4,4,4
2022-01-30,SAN DIEGO,,36,35,36,36
2022-01-30,SHERIFF,,10,10,10,10
2022-01-31,CARLSBAD,,2,2,2,2
2022-01-31,CHULA VISTA,,2,2,2,2
2022-01-31,EL CAJON,,2,2,2,2
2022-01-31,ESCONDIDO,,3,3,3,3
2022-01-31,NATIONAL CITY,,1,1,1,1
2022-01-31,OCEANSIDE,,3,3,3,3
2022-01-31,SAN DIEGO,,21,21,21,21
2022-01-31,SHERIFF,,17,17,17,17
2022-02-01,CARLSBAD,,4,3,4,4
2022-02-01,CHULA VISTA,,3,3,3,3
2022-02-01,ESCONDIDO,,3,3,3,3
2022-02-01,NATIONAL CITY,,1,1,1,1
2022-02-01,OCEANSIDE,,1,1,1,1
2022-02-01,SAN DIEGO,,16,16,16,16
2022-02-01,SHERIFF,,8,8,8,8
2022-02-02,CARLSBAD,,2,2,2,2
2022-02-02,CHULA VISTA,,2,2,2,2
2022-02-02,EL CAJON,,3,3,3,3
2022-02-02,ESCONDIDO,,7,7,7,7
2022-02-02,NATIONAL CITY,,2,2,2,2
2022-02-02,OCEANSIDE,,4,4,4,4
2022-02-02,SAN DIEGO,,17,17,17,17
2022-02-02,SHERIFF,,11,11,11,11
2022-02-03,CARLSBAD,,1,1,1,1
2022-02-03,CHULA VISTA,,2,2,2,2
2022-02-03,EL CAJON,,2,2,2,2
2022-02-03,ESCONDIDO,,2,2,2,2
2022-02-03,OCEANSIDE,,2,2,2,2
2022-02-03,SAN DIEGO,,23,23,23,23
2022-02-03,SHERIFF,,15,15,15,15
2022-02-04,CARLSBAD,,1,1,1,1
2022-02-04,EL CAJON,,1,1,1,1
2022-02-04,ESCONDIDO,,10,10,10,10
2022-02-04,HARBOR POLICE,,2,2,2,2
2022-02-04,NATIONAL CITY,,1,1,1,1
2022-02-04,OCEANSIDE,,3,3,3,3
2022-02-04,SAN DIEGO,,20,20,20,20
2022-02-04,SHERIFF,,11,9,11,11
2022-02-05,CARLSBAD,,2,2,2,2
2022-02-05,CHULA VISTA,,3,3,3,3
2022-02-05,EL CAJON,,1,1,1,1
2022-02-05,ESCONDIDO,,9,9,9,9
2022-02-05,HARBOR POLICE,,1,1,1,1
2022-02-05,LA MESA,,3,3,3,3
2022-02-05,OCEANSIDE,,3,3,3,3
2022-02-05,SAN DIEGO,,32,32,32,32
2022-02-05,SHERIFF,,11,11,11,11
2022-02-06,CARLSBAD,,1,1,1,1
2022-02-06,CHULA VISTA,,4,4,4,4
2022-02-06,EL CAJON,,3,3,3,3
2022-02-06,ESCONDIDO,,4,4,4,4
2022-02-06,LA MESA,,1,1,1,1
2022-02-06,NATIONAL CITY,,1,1,1,1
2022-02-06,OCEANSIDE,,2,2,2,2
2022-02-06,SAN DIEGO,,28,28,28,28
2022-02-06,SHERIFF,,10,10,10,10
2022-02-07,CARLSBAD,,1,1,1,1
2022-02-07,CHULA VISTA,,1,1,1,1
2022-02-07,EL CAJON,,3,3,3,3
2022-02-07,ESCONDIDO,,6,6,6,6
2022-02-07,LA MESA,,1,1,1,1
2022-02-07,NATIONAL CITY,,1,1,1,1
2022-02-07,OCEANSIDE,,6,5,6,6
2022-02-07,SAN DIEGO,,10,10,10,10
2022-02-07,SHERIFF,,13,12,12,12
2022-02-08,CHULA VISTA,,2,2,2,2
2022-02-08,ESCONDIDO,,3,3,3,3
2022-02-08,LA MESA,,3,3,3,3
2022-02-08,NATIONAL CITY,,1,1,1,1
2022-02-08,OCEANSIDE,,2,2,2,2
2022-02-08,SAN DIEGO,,12,12,12,12
2022-02-08,SHERIFF,,14,14,14,14
2022-02-09,CARLSBAD,,1,1,1,1
2022-02-09,CHULA VISTA,,1,1,1,1
2022-02-09,EL CAJON,,2,1,2,2
2022-02-09,ESCONDIDO,,5,5,5,5
2022-02-09,NATIONAL CITY,,2,2,2,2
2022-02-09,OCEANSIDE,,5,5,5,5
2022-02-09,SAN DIEGO,,16,16,16,16
2022-02-09,SHERIFF,,18,18,18,18
2022-02-10,CARLSBAD,,1,1,1,1
2022-02-10,HARBOR POLICE,,1,1,1,1
2022-02-10,NATIONAL CITY,,2,2,2,2
2022-02-10,OCEANSIDE,,4,4,4,4
2022-02-10,SAN DIEGO,,20,20,20,20
2022-02-10,SHERIFF,,22,22,22,22
2022-02-11,CARLSBAD,,1,1,1,1
2022-02-11,EL CAJON,,2,2,2,2
2022-02-11,ESCONDIDO,,9,8,9,9
2022-02-11,HARBOR POLICE,,1,1,1,1
2022-02-11,NATIONAL CITY,,3,3,3,3
2022-02-11,OCEANSIDE,,2,2,2,2
2022-02-11,SAN DIEGO,,23,23,23,23
2022-02-11,SHERIFF,,19,19,19,19
2022-02-12,CARLSBAD,,5,5,5,5
2022-02-12,CHULA VISTA,,2,2,2,2
2022-02-12,ESCONDIDO,,7,7,7,7
2022-02-12,HARBOR POLICE,,2,2,2,2
2022-02-12,LA MESA,,1,1,1,1
2022-02-12,OCEANSIDE,,2,2,2,2
2022-02-12,SAN DIEGO,,31,31,31,31
2022-02-12,SHERIFF,,8,8,8,8
2022-02-13,CARLSBAD,,2,2,2,2
2022-02-13,CHULA VISTA,,3,3,3,3
2022-02-13,EL CAJON,,3,3,3,3
2022-02-13,ESCONDIDO,,6,6,6,6
2022-02-13,HARBOR POLICE,,1,1,1,1
2022-02-13,LA MESA,,1,1,1,1
2022-02-13,SAN DIEGO,,36,36,36,36
2022-02-13,SHERIFF,,17,16,17,17
2022-02-14,CARLSBAD,,2,2,2,2
2022-02-14,CHULA VISTA,,1,1,1,1
2022-02-14,EL CAJON,,2,2,2,2
2022-02-14,ESCONDIDO,,2,2,2,2
2022-02-14,LA MESA,,1,1,1,1
2022-02-14,OCEANSIDE,,1,1,1,1
2022-02-14,SAN DIEGO,,15,15,15,15
2022-02-14,SHERIFF,,13,13,13,13
2022-02-15,CARLSBAD,,3,3,3,3
2022-02-15,EL CAJON,,1,1,1,1
2022-02-15,ESCONDIDO,,1,1,1,1
2022-02-15,HARBOR POLICE,,1,1,1,1
2022-02-15,OCEANSIDE,,2,2,2,2
2022-02-15,SAN DIEGO,,10,10,10,10
2022-02-15,SHERIFF,,12,12,12,12
2022-02-16,CARLSBAD,,3,3,3,3
2022-02-16,CHULA VISTA,,1,1,1,1
2022-02-16,EL CAJON,,2,2,2,2
2022-02-16,HARBOR POLICE,,1,1,1,1
2022-02-16,OCEANSIDE,,1,1,1,1
2022-02-16,SAN DIEGO,,18,18,18,18
2022-02-16,SHERIFF,,10,10,10,10
2022-02-17,CARLSBAD,,1,1,1,1
2022-02-17,CHULA VISTA,,3,3,3,3
2022-02-17,ESCONDIDO,,2,2,2,2
2022-02-17,HARBOR POLICE,,2,2,2,2
2022-02-17,LA MESA,,1,1,1,1
2022-02-17,NATIONAL CITY,,3,2,3,3
2022-02-17,OCEANSIDE,,3,3,3,3
2022-02-17,SAN DIEGO,,12,12,12,12
2022-02-17,SHERIFF,,15,15,15,15
2022-02-18,CARLSBAD,,4,4,4,4
2022-02-18,CHULA VISTA,,4,3,4,4
2022-02-18,EL CAJON,,1,1,1,1
2022-02-18,ESCONDIDO,,7,6,7,7
2022-02-18,HARBOR POLICE,,1,1,1,1
2022-02-18,OCEANSIDE,,3,3,3,3
2022-02-18,SAN DIEGO,,22,22,22,22
2022-02-18,SHERIFF,,9,9,9,9
2022-02-19,CARLSBAD,,2,2,2,2
2022-02-19,CHULA VISTA,,1,1,1,1
2022-02-19,EL CAJON,,1,1,1,1
2022-02-19,ESCONDIDO,,1,1,1,1
2022-02-19,LA MESA,,2,2,2,2
2022-02-19,NATIONAL CITY,,2,2,2,2
2022-02-19,OCEANSIDE,,2,2,2,2
2022-02-19,SAN DIEGO,,26,26,26,26
2022-02-19,SHERIFF,,16,15,16,16
2022-02-20,CARLSBAD,,5,4,5,5
2022-02-20,CHULA VISTA,,3,3,3,3
2022-02-20,EL CAJON,,1,1,1,1
2022-02-20,HARBOR POLICE,,1,1,1,1
2022-02-20,LA MESA,,2,2,2,2
2022-02-20,OCEANSIDE,,2,2,2,2
2022-02-20,SAN DIEGO,,23,23,23,23
2022-02-20,SHERIFF,,13,13,13,13
2022-02-21,CARLSBAD,,1,1,1,1
2022-02-21,EL CAJON,,4,4,4,4
2022-02-21,ESCONDIDO,,3,3,3,3
2022-02-21,OCEANSIDE,,2,2,2,2
2022-02-21,SAN DIEGO,,20,19,20,20
2022-02-21,SHERIFF,,12,12,12,12
2022-02-22,CARLSBAD,,2,2,2,2
2022-02-22,CHULA VISTA,,1,1,1,1
2022-02-22,EL CAJON,,4,2,4,4
2022-02-22,ESCONDIDO,,8,6,8,8
2022-02-22,LA MESA,,1,1,1,1
2022-02-22,NATIONAL CITY,,1,1,1,1
2022-02-22,OCEANSIDE,,2,2,2,2
2022-02-22,SAN DIEGO,,8,8,8,8
2022-02-22,SHERIFF,,12,12,12,12
2022-02-23,CARLSBAD,,1,1,1,1
2022-02-23,CHULA VISTA,,1,1,1,1
2022-02-23,EL CAJON,,3,3,3,3
2022-02-23,ESCONDIDO,,3,3,3,3
2022-02-23,LA MESA,,1,1,1,1
2022-02-23,OCEANSIDE,,2,2,2,2
2022-02-23,SAN DIEGO,,21,20,21,21
2022-02-23,SHERIFF,,9,9,9,9
2022-02-24,CHULA VISTA,,2,2,2,2
2022-02-24,EL CAJON,,1,1,1,1
2022-02-24,LA MESA,,1,1,1,1
2022-02-24,NATIONAL CITY,,1,1,1,1
2022-02-24,OCEANSIDE,,3,3,3,3
2022-02-24,SAN DIEGO,,13,13,13,13
2022-02-24,SHERIFF,,14,14,14,14
2022-02-25,CHULA VISTA,,3,3,3,3
2022-02-25,EL CAJON,,2,2,2,2
2022-02-25,ESCONDIDO,,2,2,2,2
2022-02-25,HARBOR POLICE,,2,2,2,2
2022-02-25,NATIONAL CITY,,2,2,2,2
2022-02-25,OCEANSIDE,,1,1,1,1
2022-02-25,SAN DIEGO,,36,33,36,36
2022-02-25,SHERIFF,,11,11,11,11
2022-02-26,CARLSBAD,,1,1,1,1
2022-02-26,EL CAJON,,5,4,4,4
2022-02-26,ESCONDIDO,,10,10,10,10
2022-02-26,LA MESA,,1,1,1,1
2022-02-26,OCEANSIDE,,3,3,3,3
2022-02-26,SAN DIEGO,,36,34,36,36
2022-02-26,SHERIFF,,4,4,4,4
2022-02-27,CHULA VISTA,,3,3,3,3
2022-02-27,EL CAJON,,4,4,4,4
2022-02-27,ESCONDIDO,,6,6,6,6
2022-02-27,HARBOR POLICE,,1,1,1,1
2022-02-27,LA MESA,,1,1,1,1
2022-02-27,OCEANSIDE,,4,4,4,4
2022-02-27,SAN DIEGO,,26,26,26,26
2022-02-27,SHERIFF,,8,8,8,8
2022-02-28,CARLSBAD,,6,6,6,6
2022-02-28,EL CAJON,,3,3,3,3
2022-02-28,ESCONDIDO,,6,6,6,6
2022-02-28,OCEANSIDE,,2,2,2,2
2022-02-28,SAN DIEGO,,26,26,26,26
2022-02-28,SHERIFF,,13,13,13,13
2022-03-01,CARLSBAD,,3,3,3,3
2022-03-01,CHULA VISTA,,2,2,2,2
2022-03-01,EL CAJON,,5,5,5,5
2022-03-01,ESCONDIDO,,3,3,3,3
2022-03-01,LA MESA,,1,1,1,1
2022-03-01,NATIONAL CITY,,2,1,2,2
2022-03-01,OCEANSIDE,,3,3,3,3
2022-03-01,SAN DIEGO,,18,18,18,18
2022-03-01,SHERIFF,,10,10,10,10
2022-03-02,CARLSBAD,,3,3,3,3
2022-03-02,CHULA VISTA,,2,2,2,2
2022-03-02,EL CAJON,,2,2,2,2
2022-03-02,ESCONDIDO,,5,5,5,5
2022-03-02,NATIONAL CITY,,1,1,1,1
2022-03-02,OCEANSIDE,,2,2,2,2
2022-03-02,SAN DIEGO,,28,27,27,27
2022-03-02,SHERIFF,,16,16,16,16
2022-03-03,CARLSBAD,,1,1,1,1
2022-03-03,CHULA VISTA,,2,2,2,2
2022-03-03,ESCONDIDO,,4,4,4,4
2022-03-03,NATIONAL CITY,,2,1,1,1
2022-03-03,OCEANSIDE,,2,2,2,2
2022-03-03,SAN DIEGO,,16,16,16,16
2022-03-03,SHERIFF,,13,13,13,13
2022-03-04,CHULA VISTA,,1,1,1,1
2022-03-04,EL CAJON,,5,5,5,5
2022-03-04,ESCONDIDO,,7,7,7,7
2022-03-04,NATIONAL CITY,,1,1,1,1
2022-03-04,OCEANSIDE,,2,2,2,2
2022-03-04,SAN DIEGO,,20,20,20,20
2022-03-04,SHERIFF,,17,13,17,17
2022-03-05,CARLSBAD,,3,3,3,3
2022-03-05,CHULA VISTA,,3,3,3,3
2022-03-05,EL CAJON,,6,5,6,6
2022-03-05,ESCONDIDO,,5,4,5,5
2022-03-05,NATIONAL CITY,,2,2,2,2
2022-03-05,OCEANSIDE,,1,1,1,1
2022-03-05,SAN DIEGO,,37,35,37,37
2022-03-05,SHERIFF,,8,8,8,8
2022-03-06,CARLSBAD,,3,3,3,3
2022-03-06,CHULA VISTA,,2,2,2,2
2022-03-06,EL CAJON,,1,1,1,1
2022-03-06,ESCONDIDO,,2,2,2,2
2022-03-06,HARBOR POLICE,,1,1,1,1
2022-03-06,LA MESA,,2,2,2,2
2022-03-06,NATIONAL CITY,,2,2,2,2
2022-03-06,OCEANSIDE,,3,3,3,3
2022-03-06,SAN DIEGO,,27,27,27,27
2022-03-06,SHERIFF,,15,15,15,15
2022-03-07,CHULA VISTA,,1,1,1,1
2022-03-07,EL CAJON,,1,1,1,1
2022-03-07,ESCONDIDO,,2,2,2,2
2022-03-07,OCEANSIDE,,7,7,7,7
2022-03-07,SAN DIEGO,,21,21,21,21
2022-03-07,SHERIFF,,17,17,17,17
2022-03-08,CARLSBAD,,2,2,2,2
2022-03-08,CHULA VISTA,,1,1,1,1
2022-03-08,EL CAJON,,2,2,2,2
2022-03-08,ESCONDIDO,,1,1,1,1
2022-03-08,LA MESA,,2,2,2,2
2022-03-08,NATIONAL CITY,,1,1,1,1
2022-03-08,OCEANSIDE,,2,2,2,2
2022-03-08,SAN DIEGO,,20,20,20,20
2022-03-08,SHERIFF,,14,14,14,14
2022-03-09,CARLSBAD,,1,1,1,1
2022-03-09,CHULA VISTA,,2,2,2,2
2022-03-09,EL CAJON,,1,1,1,1
2022-03-09,ESCONDIDO,,6,6,6,6
2022-03-09,NATIONAL CITY,,1,1,1,1
2022-03-09,OCEANSIDE,,5,4,5,5
2022-03-09,SAN DIEGO,,21,21,21,21
2022-03-09,SHERIFF,,19,19,19,19
2022-03-10,CARLSBAD,,3,3,3,3
2022-03-10,CHULA VISTA,,1,1,1,1
2022-03-10,ESCONDIDO,,4,4,4,4
2022-03-10,HARBOR POLICE,,1,1,1,1
2022-03-10,LA MESA,,2,2,2,2
2022-03-10,NATIONAL CITY,,1,1,1,1
2022-03-10,OCEANSIDE,,2,2,2,2
2022-03-10,SAN DIEGO,,21,21,21,21
2022-03-10,SHERIFF,,12,12,12,12
2022-03-11,CARLSBAD,,1,1,1,1
2022-03-11,CHULA VISTA,,2,2,2,2
2022-03-11,ESCONDIDO,,5,5,5,5
2022-03-11,HARBOR POLICE,,2,2,2,2
2022-03-11,NATIONAL CITY,,1,1,1,1
2022-03-11,OCEANSIDE,,4,4,4,4
2022-03-11,SAN DIEGO,,21,21,21,21
2022-03-11,SHERIFF,,16,16,16,16
2022-03-12,CARLSBAD,,2,2,2,2
2022-03-12,CHULA VISTA,,6,6,6,6
2022-03-12,EL CAJON,,3,3,3,3
2022-03-12,ESCONDIDO,,9,9,9,9
2022-03-12,HARBOR POLICE,,1,1,1,1
2022-03-12,LA MESA,,4,4,4,4
2022-03-12,NATIONAL CITY,,2,2,2,2
2022-03-12,OCEANSIDE,,1,1,1,1
2022-03-12,SAN DIEGO,,38,38,38,38
2022-03-12,SHERIFF,,13,13,13,13
2022-03-13,CARLSBAD,,2,2,2,2
2022-03-13,CHULA VISTA,,3,3,3,3
2022-03-13,EL CAJON,,1,1,1,1
2022-03-13,ESCONDIDO,,5,5,5,5
2022-03-13,LA MESA,,4,4,4,4
2022-03-13,NATIONAL CITY,,1,1,1,1
2022-03-13,OCEANSIDE,,3,3,3,3
2022-03-13,SAN DIEGO,,44,35,44,44
2022-03-13,SHERIFF,,17,17,17,17
2022-03-14,CARLSBAD,,2,2,2,2
2022-03-14,CHULA VISTA,,1,1,1,1
2022-03-14,EL CAJON,,2,2,2,2
2022-03-14,ESCONDIDO,,3,3,3,3
2022-03-14,NATIONAL CITY,,1,1,1,1
2022-03-14,OCEANSIDE,,1,1,1,1
2022-03-14,SAN DIEGO,,24,24,24,24
2022-03-14,SHERIFF,,13,13,13,13
2022-03-15,CARLSBAD,,2,2,2,2
2022-03-15,CHULA VISTA,,1,1,1,1
2022-03-15,EL CAJON,,6,4,6,6
2022-03-15,ESCONDIDO,,2,2,2,2
2022-03-15,HARBOR POLICE,,1,1,1,1
2022-03-15,LA MESA,,2,2,2,2
2022-03-15,OCEANSIDE,,5,4,5,5
2022-03-15,SAN DIEGO,,17,16,17,17
2022-03-15,SHERIFF,,5,5,5,5
2022-03-16,CARLSBAD,,1,1,1,1
2022-03-16,CHULA VISTA,,2,2,2,2
2022-03-16,EL CAJON,,3,3,3,3
2022-03-16,ESCONDIDO,,4,3,4,4
2022-03-16,LA MESA,,3,3,3,3
2022-03-16,OCEANSIDE,,1,1,1,1
2022-03-16,SAN DIEGO,,22,22,22,22
2022-03-16,SHERIFF,,18,18,18,18
2022-03-17,CARLSBAD,,2,2,2,2
2022-03-17,CHULA VISTA,,4,4,4,4
2022-03-17,ESCONDIDO,,7,7,7,7
2022-03-17,LA MESA,,1,1,1,1
2022-03-17,NATIONAL CITY,,2,2,2,2
2022-03-17,OCEANSIDE,,1,1,1,1
2022-03-17,SAN DIEGO,,32,32,32,32
2022-03-17,SHERIFF,,12,12,12,12
2022-03-18,CARLSBAD,,4,4,4,4
2022-03-18,CHULA VISTA,,3,3,3,3
2022-03-18,EL CAJON,,1,1,1,1
2022-03-18,ESCONDIDO,,5,5,5,5
2022-03-18,NATIONAL CITY,,1,1,1,1
2022-03-18,OCEANSIDE,,3,3,3,3
2022-03-18,SAN DIEGO,,37,37,37,37
2022-03-18,SHERIFF,,20,20,20,20
2022-03-19,CARLSBAD,,5,5,5,5
2022-03-19,CHULA VISTA,,6,6,6,6
2022-03-19,EL CAJON,,2,2,2,2
2022-03-19,ESCONDIDO,,6,6,6,6
2022-03-19,HARBOR POLICE,,1,1,1,1
2022-03-19,LA MESA,,1,1,1,1
2022-03-19,NATIONAL CITY,,2,2,2,2
2022-03-19,OCEANSIDE,,4,4,4,4
2022-03-19,SAN DIEGO,,39,38,39,39
2022-03-19,SHERIFF,,11,11,11,11
2022-03-20,CARLSBAD,,2,2,2,2
2022-03-20,CHULA VISTA,,1,1,1,1
2022-03-20,EL CAJON,,1,1,1,1
2022-03-20,ESCONDIDO,,11,10,11,11
2022-03-20,HARBOR POLICE,,1,1,1,1
2022-03-20,NATIONAL CITY,,2,2,2,2
2022-03-20,OCEANSIDE,,2,2,2,2
2022-03-20,SAN DIEGO,,31,31,31,31
2022-03-20,SHERIFF,,21,20,21,21
2022-03-21,CARLSBAD,,1,1,1,1
2022-03-21,CHULA VISTA,,2,2,2,2
2022-03-21,EL CAJON,,1,1,1,1
2022-03-21,ESCONDIDO,,4,4,4,4
2022-03-21,HARBOR POLICE,,2,2,2,2
2022-03-21,NATIONAL CITY,,1,1,1,1
2022-03-21,OCEANSIDE,,3,3,3,3
2022-03-21,SAN DIEGO,,20,19,19,19
2022-03-21,SHERIFF,,10,10,10,10
2022-03-22,CARLSBAD,,2,2,2,2
2022-03-22,CHULA VISTA,,1,1,1,1
2022-03-22,EL CAJON,,3,3,3,3
2022-03-22,HARBOR POLICE,,1,1,1,1
2022-03-22,NATIONAL CITY,,1,1,1,1
2022-03-22,OCEANSIDE,,4,4,4,4
2022-03-22,SAN DIEGO,,24,24,24,24
2022-03-22,SHERIFF,,14,14,14,14
2022-03-23,CARLSBAD,,3,3,3,3
2022-03-23,CHULA VISTA,,3,3,3,3
2022-03-23,EL CAJON,,2,2,2,2
2022-03-23,ESCONDIDO,,7,7,7,7
2022-03-23,LA MESA,,2,2,2,2
2022-03-23,OCEANSIDE,,4,4,4,4
2022-03-23,SAN DIEGO,,28,28,28,28
2022-03-23,SHERIFF,,14,14,14,14
2022-03-24,CARLSBAD,,3,3,3,3
2022-03-24,CHULA VISTA,,2,2,2,2
2022-03-24,EL CAJON,,6,5,6,6
2022-03-24,ESCONDIDO,,4,4,4,4
2022-03-24,HARBOR POLICE,,4,4,4,4
2022-03-24,LA MESA,,2,1,2,2
2022-03-24,NATIONAL CITY,,2,2,2,2
2022-03-24,OCEANSIDE,,6,6,6,6
2022-03-24,SAN DIEGO,,24,24,24,24
2022-03-24,SHERIFF,,19,19,19,19
2022-03-25,CARLSBAD,,3,3,3,3
2022-03-25,CHULA VISTA,,5,5,5,5
2022-03-25,EL CAJON,,4,4,4,4
2022-03-25,ESCONDIDO,,8,8,8,8
2022-03-25,HARBOR POLICE,,1,1,1,1
2022-03-25,LA MESA,,2,2,2,2
2022-03-25,SAN DIEGO,,36,36,36,36
2022-03-25,SHERIFF,,16,14,15,15
2022-03-26,CARLSBAD,,3,3,3,3
2022-03-26,EL CAJON,,2,2,2,2
2022-03-26,ESCONDIDO,,6,6,6,6
2022-03-26,LA MESA,,1,1,1,1
2022-03-26,NATIONAL CITY,,1,1,1,1
2022-03-26,OCEANSIDE,,2,2,2,2
2022-03-26,SAN DIEGO,,32,32,32,32
2022-03-26,SHERIFF,,10,10,10,10
2022-03-27,CARLSBAD,,4,4,4,4
2022-03-27,CHULA VISTA,,1,1,1,1
2022-03-27,EL CAJON,,2,2,2,2
2022-03-27,ESCONDIDO,,7,7,7,7
2022-03-27,NATIONAL CITY,,2,2,2,2
2022-03-27,OCEANSIDE,,3,3,3,3
2022-03-27,SAN DIEGO,,32,32,32,32
2022-03-27,SHERIFF,,8,8,8,8
2022-03-28,CHULA VISTA,,1,1,1,1
2022-03-28,EL CAJON,,3,3,3,3
2022-03-28,ESCONDIDO,,3,3,3,3
2022-03-28,HARBOR POLICE,,3,3,3,3
2022-03-28,LA MESA,,1,1,1,1
2022-03-28,NATIONAL CITY,,2,2,2,2
2022-03-28,OCEANSIDE,,3,3,3,3
2022-03-28,SAN DIEGO,,15,15,15,15
2022-03-28,SHERIFF,,11,11,11,11
2022-03-29,CARLSBAD,,2,2,2,2
2022-03-29,CHULA VISTA,,2,2,2,2
2022-03-29,ESCONDIDO,,7,7,7,7
2022-03-29,OCEANSIDE,,5,5,5,5
2022-03-29,SAN DIEGO,,16,15,16,16
2022-03-29,SHERIFF,,14,14,14,14
2022-03-30,CARLSBAD,,1,1,1,1
2022-03-30,CHULA VISTA,,3,3,3,3
2022-03-30,EL CAJON,,2,2,2,2
2022-03-30,ESCONDIDO,,7,7,7,7
2022-03-30,HARBOR POLICE,,1,1,1,1
2022-03-30,OCEANSIDE,,5,5,5,5
2022-03-30,SAN DIEGO,,18,18,18,18
2022-03-30,SHERIFF,,11,10,11,11
2022-03-31,CARLSBAD,,1,1,1,1
2022-03-31,CHULA VISTA,,2,2,2,2
2022-03-31,EL CAJON,,1,1,1,1
2022-03-31,ESCONDIDO,,5,5,5,5
2022-03-31,LA MESA,,1,1,1,1
2022-03-31,NATIONAL CITY,,1,1,1,1
2022-03-31,OCEANSIDE,,4,3,4,4
2022-03-31,SAN DIEGO,,21,21,21,21
2022-03-31,SHERIFF,,13,13,13,13
2022-04-01,CARLSBAD,,6,6,6,6
2022-04-01,CHULA VISTA,,2,2,2,2
2022-04-01,EL CAJON,,1,1,1,1
2022-04-01,ESCONDIDO,,2,2,2,2
2022-04-01,NATIONAL CITY,,2,2,2,2
2022-04-01,OCEANSIDE,,8,8,8,8
2022-04-01,SAN DIEGO,,35,35,35,35
2022-04-01,SHERIFF,,15,15,15,15
2022-04-02,CARLSBAD,,1,1,1,1
2022-04-02,CHULA VISTA,,6,6,6,6
2022-04-02,EL CAJON,,3,3,3,3
2022-04-02,ESCONDIDO,,6,6,6,6
2022-04-02,NATIONAL CITY,,1,1,1,1
2022-04-02,OCEANSIDE,,1,1,1,1
2022-04-02,SAN DIEGO,,34,34,34,34
2022-04-02,SHERIFF,,9,9,9,9
2022-04-03,CARLSBAD,,1,1,1,1
2022-04-03,CHULA VISTA,,4,4,4,4
2022-04-03,EL CAJON,,3,2,3,3
2022-04-03,ESCONDIDO,,4,4,4,4
2022-04-03,LA MESA,,1,1,1,1
2022-04-03,NATIONAL CITY,,1,1,1,1
2022-04-03,OCEANSIDE,,6,6,6,6
2022-04-03,SAN DIEGO,,26,26,26,26
2022-04-03,SHERIFF,,6,6,6,6
2022-04-04,CARLSBAD,,1,1,1,1
2022-04-04,CHULA VISTA,,3,3,3,3
2022-04-04,ESCONDIDO,,3,3,3,3
2022-04-04,HARBOR POLICE,,1,1,1,1
2022-04-04,OCEANSIDE,,5,5,5,5
2022-04-04,SAN DIEGO,,20,20,20,20
2022-04-04,SHERIFF,,9,9,9,9
2022-04-05,CARLSBAD,,2,2,2,2
2022-04-05,CHULA VISTA,,3,3,3,3
2022-04-05,EL CAJON,,6,4,6,6
2022-04-05,ESCONDIDO,,2,2,2,2
2022-04-05,HARBOR POLICE,,1,1,1,1
2022-04-05,OCEANSIDE,,2,2,2,2
2022-04-05,SAN DIEGO,,18,18,18,18
2022-04-05,SHERIFF,,15,15,15,15
2022-04-06,CARLSBAD,,1,1,1,1
2022-04-06,CHULA VISTA,,3,3,3,3
2022-04-06,EL CAJON,,1,1,1,1
2022-04-06,ESCONDIDO,,6,6,6,6
2022-04-06,LA MESA,,4,4,4,4
2022-04-06,OCEANSIDE,,2,2,2,2
2022-04-06,SAN DIEGO,,20,20,20,20
2022-04-06,SHERIFF,,15,14,15,15
2022-04-07,CARLSBAD,,2,2,2,2
2022-04-07,EL CAJON,,4,4,4,4
2022-04-07,ESCONDIDO,,4,4,4,4
2022-04-07,HARBOR POLICE,,1,1,1,1
2022-04-07,NATIONAL CITY,,2,2,2,2
2022-04-07,OCEANSIDE,,4,4,4,4
2022-04-07,SAN DIEGO,,28,28,28,28
2022-04-07,SHERIFF,,17,17,17,17
2022-04-08,CARLSBAD,,1,1,1,1
2022-04-08,CHULA VISTA,,1,1,1,1
2022-04-08,EL CAJON,,3,3,3,3
2022-04-08,ESCONDIDO,,7,7,7,7
2022-04-08,NATIONAL CITY,,1,1,1,1
2022-04-08,OCEANSIDE,,3,3,3,3
2022-04-08,SAN DIEGO,,25,25,25,25
2022-04-08,SHERIFF,,16,16,16,16
2022-04-09,CARLSBAD,,4,4,4,4
2022-04-09,CHULA VISTA,,2,2,2,2
2022-04-09,EL CAJON,,3,3,3,3
2022-04-09,ESCONDIDO,,9,9,9,9
2022-04-09,NATIONAL CITY,,2,2,2,2
2022-04-09,OCEANSIDE,,4,4,4,4
2022-04-09,SAN DIEGO,,20,20,20,20
2022-04-09,SHERIFF,,23,23,23,23
2022-04-10,CHULA VISTA,,3,3,3,3
2022-04-10,EL CAJON,,1,1,1,1
2022-04-10,ESCONDIDO,,5,5,5,5
2022-04-10,LA MESA,,1,1,1,1
2022-04-10,NATIONAL CITY,,3,3,3,3
2022-04-10,OCEANSIDE,,2,2,2,2
2022-04-10,SAN DIEGO,,23,23,23,23
2022-04-10,SHERIFF,,11,11,11,11
2022-04-11,CARLSBAD,,1,1,1,1
2022-04-11,CHULA VISTA,,3,3,3,3
2022-04-11,EL CAJON,,4,3,4,4
2022-04-11,ESCONDIDO,,3,3,3,3
2022-04-11,HARBOR POLICE,,2,2,2,2
2022-04-11,LA MESA,,1,1,1,1
2022-04-11,NATIONAL CITY,,1,1,1,1
2022-04-11,OCEANSIDE,,4,4,4,4
2022-04-11,SAN DIEGO,,28,27,28,28
2022-04-11,SHERIFF,,8,8,8,8
2022-04-12,CARLSBAD,,3,3,3,3
2022-04-12,CHULA VISTA,,1,1,1,1
2022-04-12,EL CAJON,,2,2,2,2
2022-04-12,ESCONDIDO,,3,3,3,3
2022-04-12,HARBOR POLICE,,1,1,1,1
2022-04-12,LA MESA,,1,1,1,1
2022-04-12,NATIONAL CITY,,1,1,1,1
2022-04-12,OCEANSIDE,,5,5,5,5
2022-04-12,SAN DIEGO,,15,15,15,15
2022-04-12,SHERIFF,,16,16,16,16
2022-04-13,CARLSBAD,,3,3,3,3
2022-04-13,EL CAJON,,1,1,1,1
2022-04-13,ESCONDIDO,,3,3,3,3
2022-04-13,LA MESA,,1,1,1,1
2022-04-13,OCEANSIDE,,5,5,5,5
2022-04-13,SAN DIEGO,,25,25,25,25
2022-04-13,SHERIFF,,15,13,15,14
2022-04-14,CARLSBAD,,4,4,4,4
2022-04-14,EL CAJON,,1,1,1,1
2022-04-14,ESCONDIDO,,7,7,7,7
2022-04-14,HARBOR POLICE,,1,1,1,1
2022-04-14,NATIONAL CITY,,2,2,2,2
2022-04-14,OCEANSIDE,,4,4,4,4
2022-04-14,SAN DIEGO,,27,27,27,27
2022-04-14,SHERIFF,,18,18,18,18
2022-04-15,CARLSBAD,,3,3,3,3
2022-04-15,CHULA VISTA,,5,4,5,5
2022-04-15,EL CAJON,,4,4,4,4
2022-04-15,ESCONDIDO,,4,4,4,4
2022-04-15,HARBOR POLICE,,1,1,1,1
2022-04-15,NATIONAL CITY,,2,2,2,2
2022-04-15,OCEANSIDE,,1,1,1,1
2022-04-15,SAN DIEGO,,22,22,22,22
2022-04-15,SHERIFF,,12,11,12,12
2022-04-16,CARLSBAD,,3,3,3,3
2022-04-16,CHULA VISTA,,2,2,2,2
2022-04-16,EL CAJON,,3,3,3,3
2022-04-16,ESCONDIDO,,6,6,6,6
2022-04-16,OCEANSIDE,,2,2,2,2
2022-04-16,SAN DIEGO,,23,23,23,23
2022-04-16,SHERIFF,,12,12,12,12
2022-04-17,CARLSBAD,,1,1,1,1
2022-04-17,CHULA VISTA,,4,4,4,4
2022-04-17,EL CAJON,,3,3,3,3
2022-04-17,ESCONDIDO,,9,8,9,9
2022-04-17,HARBOR POLICE,,1,1,1,1
2022-04-17,LA MESA,,2,2,2,2
2022-04-17,NATIONAL CITY,,2,2,2,2
2022-04-17,OCEANSIDE,,10,10,10,10
2022-04-17,SAN DIEGO,,29,28,29,29
2022-04-17,SHERIFF,,9,9,9,9
2022-04-18,CARLSBAD,,1,1,1,1
2022-04-18,CHULA VISTA,,1,1,1,1
2022-04-18,EL CAJON,,5,5,5,5
2022-04-18,ESCONDIDO,,5,5,5,5
2022-04-18,LA MESA,,2,2,2,2
2022-04-18,OCEANSIDE,,4,4,4,4
2022-04-18,SAN DIEGO,,17,16,17,17
2022-04-18,SHERIFF,,10,10,10,10
2022-04-19,CARLSBAD,,1,1,1,1
2022-04-19,EL CAJON,,2,2,2,2
2022-04-19,ESCONDIDO,,2,2,2,2
2022-04-19,LA MESA,,3,3,3,3
2022-04-19,NATIONAL CITY,,1,1,1,1
2022-04-19,OCEANSIDE,,8,8,8,8
2022-04-19,SAN DIEGO,,21,21,21,21
2022-04-19,SHERIFF,,8,8,8,8
2022-04-20,CARLSBAD,,2,2,2,2
2022-04-20,CHULA VISTA,,4,4,4,4
2022-04-20,EL CAJON,,2,2,2,2
2022-04-20,ESCONDIDO,,4,4,4,4
2022-04-20,LA MESA,,3,2,3,3
2022-04-20,NATIONAL CITY,,1,1,1,1
2022-04-20,OCEANSIDE,,4,4,4,4
2022-04-20,SAN DIEGO,,20,20,20,20
2022-04-20,SHERIFF,,21,21,21,21
2022-04-21,CARLSBAD,,1,1,1,1
2022-04-21,CHULA VISTA,,1,1,1,1
2022-04-21,EL CAJON,,1,1,1,1
2022-04-21,LA MESA,,1,1,1,1
2022-04-21,OCEANSIDE,,4,4,4,4
2022-04-21,SAN DIEGO,,25,25,25,25
2022-04-21,SHERIFF,,18,18,18,18
2022-04-22,CARLSBAD,,3,3,3,3
2022-04-22,CHULA VISTA,,4,4,4,4
2022-04-22,EL CAJON,,3,3,3,3
2022-04-22,ESCONDIDO,,5,5,5,5
2022-04-22,LA MESA,,1,1,1,1
2022-04-22,OCEANSIDE,,4,4,4,4
2022-04-22,SAN DIEGO,,31,30,31,31
2022-04-22,SHERIFF,,16,16,16,16
2022-04-23,CARLSBAD,,4,4,4,4
2022-04-23,CHULA VISTA,,1,1,1,1
2022-04-23,EL CAJON,,5,5,5,5
2022-04-23,ESCONDIDO,,3,3,3,3
2022-04-23,OCEANSIDE,,4,4,4,4
2022-04-23,SAN DIEGO,,26,26,26,26
2022-04-23,SHERIFF,,14,14,14,14
2022-04-24,CARLSBAD,,1,1,1,1
2022-04-24,CHULA VISTA,,5,5,5,5
2022-04-24,ESCONDIDO,,2,2,2,2
2022-04-24,NATIONAL CITY,,3,3,3,3
2022-04-24,OCEANSIDE,,4,4,4,4
2022-04-24,SAN DIEGO,,23,22,23,23
2022-04-24,SHERIFF,,8,8,8,8
2022-04-25,CARLSBAD,,1,1,1,1
2022-04-25,CHULA VISTA,,3,3,3,3
2022-04-25,EL CAJON,,1,1,1,1
2022-04-25,ESCONDIDO,,2,2,2,2
2022-04-25,HARBOR POLICE,,2,2,2,2
2022-04-25,OCEANSIDE,,2,2,2,2
2022-04-25,SAN DIEGO,,12,12,12,12
2022-04-25,SHERIFF,,16,15,16,16
2022-04-26,CARLSBAD,,3,3,3,3
2022-04-26,CHULA VISTA,,1,1,1,1
2022-04-26,EL CAJON,,4,4,4,4
2022-04-26,ESCONDIDO,,5,5,5,5
2022-04-26,LA MESA,,1,1,1,1
2022-04-26,NATIONAL CITY,,1,1,1,1
2022-04-26,OCEANSIDE,,4,4,4,4
2022-04-26,SAN DIEGO,,30,24,30,30
2022-04-26,SHERIFF,,17,17,17,17
2022-04-27,CARLSBAD,,2,2,2,2
2022-04-27,CHULA VISTA,,2,2,2,2
2022-04-27,EL CAJON,,4,4,4,4
2022-04-27,ESCONDIDO,,3,3,3,3
2022-04-27,HARBOR POLICE,,2,2,2,2
2022-04-27,LA MESA,,2,2,2,2
2022-04-27,NATIONAL CITY,,5,5,5,5
2022-04-27,OCEANSIDE,,3,3,3,3
2022-04-27,SAN DIEGO,,27,27,27,27
2022-04-27,SHERIFF,,20,19,20,20
2022-04-28,CARLSBAD,,1,1,1,1
2022-04-28,CHULA VISTA,,1,1,1,1
2022-04-28,ESCONDIDO,,3,3,3,3
2022-04-28,OCEANSIDE,,2,2,2,2
2022-04-28,SAN DIEGO,,23,23,23,23
2022-04-28,SHERIFF,,15,15,15,15
2022-04-29,CARLSBAD,,6,6,6,6
2022-04-29,CHULA VISTA,,3,3,3,3
2022-04-29,EL CAJON,,3,3,3,3
2022-04-29,ESCONDIDO,,5,5,5,5
2022-04-29,LA MESA,,3,3,3,3
2022-04-29,OCEANSIDE,,2,2,2,2
2022-04-29,SAN DIEGO,,28,25,27,27
2022-04-29,SHERIFF,,12,11,12,12
2022-04-30,CARLSBAD,,5,5,5,5
2022-04-30,CHULA VISTA,,3,3,3,3
2022-04-30,EL CAJON,,2,2,2,2
2022-04-30,ESCONDIDO,,6,6,6,6
2022-04-30,HARBOR POLICE,,2,2,2,2
2022-04-30,NATIONAL CITY,,1,1,1,1
2022-04-30,OCEANSIDE,,1,1,1,1
2022-04-30,SAN DIEGO,,35,33,35,35
2022-04-30,SHERIFF,,9,9,9,9
2022-05-01,CARLSBAD,,3,3,3,3
2022-05-01,CHULA VISTA,,4,4,4,4
2022-05-01,EL CAJON,,3,3,3,3
2022-05-01,ESCONDIDO,,6,6,6,6
2022-05-01,HARBOR POLICE,,1,1,1,1
2022-05-01,LA MESA,,1,1,1,1
2022-05-01,NATIONAL CITY,,1,1,1,1
2022-05-01,OCEANSIDE,,4,4,4,4
2022-05-01,SAN DIEGO,,21,21,21,21
2022-05-01,SHERIFF,,7,7,7,7
2022-05-02,CARLSBAD,,4,4,4,4
2022-05-02,CHULA VISTA,,5,4,5,5
2022-05-02,EL CAJON,,2,2,2,2
2022-05-02,ESCONDIDO,,3,3,3,3
2022-05-02,LA MESA,,4,4,4,4
2022-05-02,NATIONAL CITY,,2,2,2,2
2022-05-02,OCEANSIDE,,3,3,3,3
2022-05-02,SAN DIEGO,,22,22,22,22
2022-05-02,SHERIFF,,12,12,12,12
2022-05-03,CHULA VISTA,,3,3,3,3
2022-05-03,OCEANSIDE,,5,5,5,5
2022-05-03,SAN DIEGO,,16,16,16,16
2022-05-03,SHERIFF,,9,9,9,9
2022-05-04,CARLSBAD,,2,2,2,2
2022-05-04,CHULA VISTA,,1,1,1,1
2022-05-04,EL CAJON,,2,2,2,2
2022-05-04,ESCONDIDO,,6,6,6,6
2022-05-04,LA MESA,,5,5,5,5
2022-05-04,NATIONAL CITY,,1,1,1,1
2022-05-04,OCEANSIDE,,6,6,6,6
2022-05-04,SAN DIEGO,,21,20,21,21
2022-05-04,SHERIFF,,15,15,15,15
2022-05-05,CARLSBAD,,2,2,2,2
2022-05-05,CHULA VISTA,,1,1,1,1
2022-05-05,ESCONDIDO,,1,1,1,1
2022-05-05,OCEANSIDE,,4,4,4,4
2022-05-05,SAN DIEGO,,24,24,24,24
2022-05-05,SHERIFF,,20,20,20,20
2022-05-06,CARLSBAD,,6,6,6,6
2022-05-06,CHULA VISTA,,3,3,3,3
2022-05-06,EL CAJON,,4,3,3,3
2022-05-06,ESCONDIDO,,5,5,5,5
2022-05-06,HARBOR POLICE,,1,1,1,1
2022-05-06,LA MESA,,2,2,2,2
2022-05-06,NATIONAL CITY,,2,2,2,2
2022-05-06,OCEANSIDE,,6,6,6,6
2022-05-06,SAN DIEGO,,36,36,36,36
2022-05-06,SHERIFF,,16,16,16,16
2022-05-07,CARLSBAD,,2,2,2,2
2022-05-07,ESCONDIDO,,3,3,3,3
2022-05-07,LA MESA,,1,1,1,1
2022-05-07,NATIONAL CITY,,2,2,2,2
2022-05-07,OCEANSIDE,,2,2,2,2
2022-05-07,SAN DIEGO,,25,25,25,25
2022-05-07,SHERIFF,,9,9,9,9
2022-05-08,CARLSBAD,,5,5,5,5
2022-05-08,CHULA VISTA,,1,1,1,1
2022-05-08,EL CAJON,,1,1,1,1
2022-05-08,ESCONDIDO,,5,5,5,5
2022-05-08,NATIONAL CITY,,1,1,1,1
2022-05-08,OCEANSIDE,,6,6,6,6
2022-05-08,SAN DIEGO,,21,21,21,21
2022-05-08,SHERIFF,,6,6,6,6
2022-05-09,CARLSBAD,,2,2,2,2
2022-05-09,CHULA VISTA,,3,3,3,3
2022-05-09,ESCONDIDO,,3,3,3,3
2022-05-09,HARBOR POLICE,,1,1,1,1
2022-05-09,OCEANSIDE,,2,2,2,2
2022-05-09,SAN DIEGO,,17,17,17,17
2022-05-09,SHERIFF,,21,21,21,21
2022-05-10,CARLSBAD,,2,2,2,2
2022-05-10,ESCONDIDO,,4,4,4,4
2022-05-10,NATIONAL CITY,,1,1,1,1
2022-05-10,OCEANSIDE,,2,2,2,2
2022-05-10,SAN DIEGO,,23,23,23,23
2022-05-10,SHERIFF,,12,12,12,12
2022-05-11,CARLSBAD,,2,2,2,2
2022-05-11,CHULA VISTA,,1,1,1,1
2022-05-11,ESCONDIDO,,5,5,5,5
2022-05-11,HARBOR POLICE,,1,1,1,1
2022-05-11,SAN DIEGO,,12,12,12,12
2022-05-11,SHERIFF,,20,19,20,20
2022-05-12,CARLSBAD,,2,2,2,2
2022-05-12,CHULA VISTA,,2,2,2,2
2022-05-12,EL CAJON,,3,3,3,3
2022-05-12,ESCONDIDO,,4,4,4,4
2022-05-12,HARBOR POLICE,,1,1,1,1
2022-05-12,NATIONAL CITY,,1,1,1,1
2022-05-12,OCEANSIDE,,4,4,4,4
2022-05-12,SAN DIEGO,,18,18,18,18
2022-05-12,SHERIFF,,14,14,14,14
2022-05-13,CARLSBAD,,2,2,2,2
2022-05-13,CHULA VISTA,,2,2,2,2
2022-05-13,EL CAJON,,1,1,1,1
2022-05-13,ESCONDIDO,,3,3,3,3
2022-05-13,LA MESA,,1,1,1,1
2022-05-13,NATIONAL CITY,,1,1,1,1
2022-05-13,OCEANSIDE,,3,3,3,3
2022-05-13,SAN DIEGO,,21,20,21,21
2022-05-13,SHERIFF,,13,13,13,13
2022-05-14,CARLSBAD,,3,3,3,3
2022-05-14,CHULA VISTA,,1,1,1,1
2022-05-14,EL CAJON,,1,1,1,1
2022-05-14,ESCONDIDO,,1,1,1,1
2022-05-14,HARBOR POLICE,,2,2,2,2
2022-05-14,LA MESA,,2,2,2,2
2022-05-14,NATIONAL CITY,,2,2,2,2
2022-05-14,OCEANSIDE,,3,3,3,3
2022-05-14,SAN DIEGO,,25,25,25,25
2022-05-14,SHERIFF,,7,7,7,7
2022-05-15,CARLSBAD,,4,4,4,4
2022-05-15,CHULA VISTA,,3,3,3,3
2022-05-15,EL CAJON,,1,1,1,1
2022-05-15,ESCONDIDO,,6,6,6,6
2022-05-15,LA MESA,,1,1,1,1
2022-05-15,OCEANSIDE,,4,4,4,4
2022-05-15,SAN DIEGO,,22,22,22,22
2022-05-15,SHERIFF,,15,15,15,15
2022-05-16,CHULA VISTA,,1,1,1,1
2022-05-16,EL CAJON,,4,4,4,4
2022-05-16,ESCONDIDO,,1,1,1,1
2022-05-16,NATIONAL CITY,,1,1,1,1
2022-05-16,OCEANSIDE,,3,3,3,3
2022-05-16,SAN DIEGO,,15,15,15,15
2022-05-16,SHERIFF,,12,12,12,12
2022-05-17,CARLSBAD,,2,2,2,2
2022-05-17,CHULA VISTA,,1,1,1,1
2022-05-17,EL CAJON,,4,4,4,4
2022-05-17,ESCONDIDO,,3,3,3,3
2022-05-17,HARBOR POLICE,,1,1,1,1
2022-05-17,NATIONAL CITY,,1,1,1,1
2022-05-17,OCEANSIDE,,2,2,2,2
2022-05-17,SAN DIEGO,,14,14,14,14
2022-05-17,SHERIFF,,13,13,13,13
2022-05-18,CHULA VISTA,,4,4,4,4
2022-05-18,ESCONDIDO,,3,3,3,3
2022-05-18,LA MESA,,1,1,1,1
2022-05-18,NATIONAL CITY,,3,3,3,3
2022-05-18,OCEANSIDE,,2,2,2,2
2022-05-18,SAN DIEGO,,13,13,13,13
2022-05-18,SHERIFF,,14,14,14,14
2022-05-19,CARLSBAD,,2,2,2,2
2022-05-19,CHULA VISTA,,1,1,1,1
2022-05-19,ESCONDIDO,,3,3,3,3
2022-05-19,LA MESA,,1,1,1,1
2022-05-19,NATIONAL CITY,,1,1,1,1
2022-05-19,OCEANSIDE,,2,2,2,2
2022-05-19,SAN DIEGO,,22,20,22,22
2022-05-19,SHERIFF,,21,21,21,21
2022-05-20,CARLSBAD,,1,1,1,1
2022-05-20,CHULA VISTA,,4,4,4,4
2022-05-20,EL CAJON,,2,2,2,2
2022-05-20,ESCONDIDO,,5,5,5,5
2022-05-20,HARBOR POLICE,,1,1,1,1
2022-05-20,NATIONAL CITY,,1,1,1,1
2022-05-20,OCEANSIDE,,5,5,5,5
2022-05-20,SAN DIEGO,,24,23,24,24
2022-05-20,SHERIFF,,16,14,16,16
2022-05-21,CARLSBAD,,3,3,3,3
2022-05-21,CHULA VISTA,,4,4,4,4
2022-05-21,EL CAJON,,3,3,3,3
2022-05-21,ESCONDIDO,,8,7,8,8
2022-05-21,HARBOR POLICE,,1,1,1,1
2022-05-21,SAN DIEGO,,33,33,33,33
2022-05-21,SHERIFF,,14,14,14,14
2022-05-22,CARLSBAD,,5,4,5,5
2022-05-22,CHULA VISTA,,4,4,4,4
2022-05-22,EL CAJON,,2,2,2,2
2022-05-22,ESCONDIDO,,3,3,3,3
2022-05-22,HARBOR POLICE,,2,2,2,2
2022-05-22,NATIONAL CITY,,2,2,2,2
2022-05-22,OCEANSIDE,,4,4,4,4
2022-05-22,SAN DIEGO,,30,30,30,30
2022-05-22,SHERIFF,,11,9,11,11
2022-05-23,CARLSBAD,,2,2,2,2
2022-05-23,ESCONDIDO,,5,5,5,5
2022-05-23,OCEANSIDE,,4,4,4,4
2022-05-23,SAN DIEGO,,19,17,19,19
2022-05-23,SHERIFF,,8,8,8,8
2022-05-24,CHULA VISTA,,3,3,3,3
2022-05-24,EL CAJON,,2,2,2,2
2022-05-24,ESCONDIDO,,4,4,4,4
2022-05-24,HARBOR POLICE,,2,2,2,2
2022-05-24,LA MESA,,1,1,1,1
2022-05-24,OCEANSIDE,,2,2,2,2
2022-05-24,SAN DIEGO,,26,25,26,26
2022-05-24,SHERIFF,,12,12,12,12
2022-05-25,CARLSBAD,,3,3,3,3
2022-05-25,CHULA VISTA,,3,3,3,3
2022-05-25,EL CAJON,,5,5,5,5
2022-05-25,ESCONDIDO,,3,3,3,3
2022-05-25,NATIONAL CITY,,1,1,1,1
2022-05-25,OCEANSIDE,,3,3,3,3
2022-05-25,SAN DIEGO,,21,21,21,21
2022-05-25,SHERIFF,,17,17,17,17
2022-05-26,CARLSBAD,,2,2,2,2
2022-05-26,CHULA VISTA,,1,1,1,1
2022-05-26,ESCONDIDO,,3,3,3,3
2022-05-26,OCEANSIDE,,1,1,1,1
2022-05-26,SAN DIEGO,,21,20,21,21
2022-05-26,SHERIFF,,12,12,12,12
2022-05-27,CARLSBAD,,6,6,6,6
2022-05-27,CHULA VISTA,,4,4,4,4
2022-05-27,EL CAJON,,1,1,1,1
2022-05-27,ESCONDIDO,,7,6,7,7
2022-05-27,NATIONAL CITY,,1,1,1,1
2022-05-27,OCEANSIDE,,1,1,1,1
2022-05-27,SAN DIEGO,,19,19,19,19
2022-05-27,SHERIFF,,14,14,14,14
2022-05-28,CARLSBAD,,2,2,2,2
2022-05-28,CHULA VISTA,,3,3,3,3
2022-05-28,EL CAJON,,1,1,1,1
2022-05-28,ESCONDIDO,,7,7,7,7
2022-05-28,LA MESA,,1,1,1,1
2022-05-28,NATIONAL CITY,,1,1,1,1
2022-05-28,OCEANSIDE,,4,4,4,4
2022-05-28,SAN DIEGO,,32,32,32,32
2022-05-28,SHERIFF,,9,9,9,9
2022-05-29,CHULA VISTA,,6,6,6,6
2022-05-29,EL CAJON,,1,1,1,1
2022-05-29,ESCONDIDO,,8,8,8,8
2022-05-29,HARBOR POLICE,,1,1,1,1
2022-05-29,LA MESA,,1,1,1,1
2022-05-29,NATIONAL CITY,,1,1,1,1
2022-05-29,OCEANSIDE,,4,4,4,4
2022-05-29,SAN DIEGO,,38,38,38,38
2022-05-29,SHERIFF,,11,11,11,11
2022-05-30,CARLSBAD,,1,1,1,1
2022-05-30,CHULA VISTA,,2,2,2,2
2022-05-30,EL CAJON,,1,1,1,1
2022-05-30,ESCONDIDO,,5,5,5,5
2022-05-30,OCEANSIDE,,4,4,4,4
2022-05-30,SAN DIEGO,,31,30,31,31
2022-05-30,SHERIFF,,5,5,5,5
2022-05-31,CHULA VISTA,,1,1,1,1
2022-05-31,EL CAJON,,2,2,2,2
2022-05-31,ESCONDIDO,,4,4,4,4
2022-05-31,OCEANSIDE,,3,3,3,3
2022-05-31,SAN DIEGO,,27,26,27,27
2022-05-31,SHERIFF,,14,10,14,14
2022-06-01,CARLSBAD,,1,1,1,1
2022-06-01,EL CAJON,,3,3,3,3
2022-06-01,ESCONDIDO,,3,3,3,3
2022-06-01,HARBOR POLICE,,1,1,1,1
2022-06-01,LA MESA,,1,1,1,1
2022-06-01,NATIONAL CITY,,1,1,1,1
2022-06-01,OCEANSIDE,,7,7,7,7
2022-06-01,SAN DIEGO,,19,19,19,19
2022-06-01,SHERIFF,,17,17,17,17
2022-06-02,CHULA VISTA,,1,1,1,1
2022-06-02,EL CAJON,,2,2,2,2
2022-06-02,ESCONDIDO,,5,5,5,5
2022-06-02,NATIONAL CITY,,1,1,1,1
2022-06-02,OCEANSIDE,,2,2,2,2
2022-06-02,SAN DIEGO,,19,19,19,19
2022-06-02,SHERIFF,,10,10,10,10
2022-06-03,CARLSBAD,,4,3,4,4
2022-06-03,CHULA VISTA,,6,4,6,6
2022-06-03,EL CAJON,,1,1,1,1
2022-06-03,ESCONDIDO,,4,4,4,4
2022-06-03,LA MESA,,2,2,2,2
2022-06-03,OCEANSIDE,,4,4,4,4
2022-06-03,SAN DIEGO,,26,26,26,26
2022-06-03,SHERIFF,,12,12,12,12
2022-06-04,CARLSBAD,,2,2,2,2
2022-06-04,CHULA VISTA,,8,7,8,8
2022-06-04,EL CAJON,,2,2,2,2
2022-06-04,ESCONDIDO,,14,14,14,14
2022-06-04,LA MESA,,4,4,4,4
2022-06-04,OCEANSIDE,,4,4,4,4
2022-06-04,SAN DIEGO,,30,29,30,30
2022-06-04,SHERIFF,,11,11,11,11
2022-06-05,CARLSBAD,,2,2,2,2
2022-06-05,CHULA VISTA,,3,3,3,3
2022-06-05,EL CAJON,,3,3,3,3
2022-06-05,ESCONDIDO,,7,7,7,7
2022-06-05,HARBOR POLICE,,2,2,2,2
2022-06-05,LA MESA,,2,2,2,2
2022-06-05,OCEANSIDE,,2,2,2,2
2022-06-05,SAN DIEGO,,21,21,21,21
2022-06-05,SHERIFF,,14,14,14,14
2022-06-06,CARLSBAD,,1,1,1,1
2022-06-06,EL CAJON,,2,2,2,2
2022-06-06,ESCONDIDO,,2,2,2,2
2022-06-06,OCEANSIDE,,2,2,2,2
2022-06-06,SAN DIEGO,,29,29,29,29
2022-06-06,SHERIFF,,11,11,11,11
2022-06-07,CARLSBAD,,2,2,2,2
2022-06-07,CHULA VISTA,,1,1,1,1
2022-06-07,EL CAJON,,1,1,1,1
2022-06-07,ESCONDIDO,,3,3,3,3
2022-06-07,HARBOR POLICE,,1,1,1,1
2022-06-07,LA MESA,,1,1,1,1
2022-06-07,OCEANSIDE,,3,3,3,3
2022-06-07,SAN DIEGO,,13,13,13,13
2022-06-07,SHERIFF,,9,9,9,9
2022-06-08,CARLSBAD,,2,2,2,2
2022-06-08,CHULA VISTA,,2,2,2,2
2022-06-08,EL CAJON,,2,2,2,2
2022-06-08,ESCONDIDO,,1,1,1,1
2022-06-08,OCEANSIDE,,6,6,6,6
2022-06-08,SAN DIEGO,,20,20,20,20
2022-06-08,SHERIFF,,11,11,11,11
2022-06-09,CARLSBAD,,4,4,4,4
2022-06-09,EL CAJON,,4,4,4,4
2022-06-09,ESCONDIDO,,4,4,4,4
2022-06-09,OCEANSIDE,,3,3,3,3
2022-06-09,SAN DIEGO,,31,18,31,31
2022-06-09,SHERIFF,,11,6,11,11
2022-06-10,CARLSBAD,,2,2,2,2
2022-06-10,CHULA VISTA,,2,2,2,2
2022-06-10,EL CAJON,,1,1,1,1
2022-06-10,ESCONDIDO,,6,6,6,6
2022-06-10,LA MESA,,1,1,1,1
2022-06-10,NATIONAL CITY,,1,1,1,1
2022-06-10,OCEANSIDE,,5,5,5,5
2022-06-10,SAN DIEGO,,24,24,24,24
2022-06-10,SHERIFF,,14,14,14,14
2022-06-11,CARLSBAD,,3,3,3,3
2022-06-11,CHULA VISTA,,2,2,2,2
2022-06-11,EL CAJON,,1,1,1,1
2022-06-11,ESCONDIDO,,5,5,5,5
2022-06-11,LA MESA,,1,1,1,1
2022-06-11,NATIONAL CITY,,1,1,1,1
2022-06-11,OCEANSIDE,,3,3,3,3
2022-06-11,SAN DIEGO,,29,29,29,29
2022-06-11,SHERIFF,,9,9,9,9
2022-06-12,CARLSBAD,,1,1,1,1
2022-06-12,CHULA VISTA,,2,1,2,2
2022-06-12,EL CAJON,,4,4,4,4
2022-06-12,ESCONDIDO,,7,7,7,7
2022-06-12,NATIONAL CITY,,1,1,1,1
2022-06-12,OCEANSIDE,,2,2,2,2
2022-06-12,SAN DIEGO,,23,23,23,23
2022-06-12,SHERIFF,,5,5,5,5
2022-06-13,CHULA VISTA,,1,1,1,1
2022-06-13,EL CAJON,,3,3,3,3
2022-06-13,ESCONDIDO,,2,2,2,2
2022-06-13,NATIONAL CITY,,1,1,1,1
2022-06-13,OCEANSIDE,,2,2,2,2
2022-06-13,SAN DIEGO,,22,21,22,22
2022-06-13,SHERIFF,,8,7,8,8
2022-06-14,CARLSBAD,,1,1,1,1
2022-06-14,CHULA VISTA,,1,1,1,1
2022-06-14,EL CAJON,,2,2,2,2
2022-06-14,ESCONDIDO,,5,3,5,5
2022-06-14,HARBOR POLICE,,2,2,2,2
2022-06-14,LA MESA,,1,1,1,1
2022-06-14,NATIONAL CITY,,2,2,2,2
2022-06-14,OCEANSIDE,,1,1,1,1
2022-06-14,SAN DIEGO,,19,19,19,19
2022-06-14,SHERIFF,,18,18,18,18
2022-06-15,CARLSBAD,,3,3,3,3
2022-06-15,CHULA VISTA,,2,2,2,2
2022-06-15,EL CAJON,,3,3,3,3
2022-06-15,ESCONDIDO,,8,7,8,8
2022-06-15,HARBOR POLICE,,1,1,1,1
2022-06-15,LA MESA,,1,1,1,1
2022-06-15,OCEANSIDE,,2,2,2,2
2022-06-15,SAN DIEGO,,18,14,18,18
2022-06-15,SHERIFF,,16,14,16,15
2022-06-16,CARLSBAD,,2,2,2,2
2022-06-16,CHULA VISTA,,3,3,3,3
2022-06-16,EL CAJON,,2,2,2,2
2022-06-16,ESCONDIDO,,4,4,4,4
2022-06-16,OCEANSIDE,,1,1,1,1
2022-06-16,SAN DIEGO,,20,20,20,20
2022-06-16,SHERIFF,,13,13,13,13
2022-06-17,CARLSBAD,,2,2,2,2
2022-06-17,CHULA VISTA,,1,1,1,1
2022-06-17,EL CAJON,,3,3,3,3
2022-06-17,ESCONDIDO,,4,4,4,4
2022-06-17,LA MESA,,3,3,3,3
2022-06-17,OCEANSIDE,,6,6,6,6
2022-06-17,SAN DIEGO,,25,24,24,24
2022-06-17,SHERIFF,,11,10,11,11
2022-06-18,CARLSBAD,,1,1,1,1
2022-06-18,CHULA VISTA,,2,2,2,2
2022-06-18,EL CAJON,,3,3,3,3
2022-06-18,ESCONDIDO,,6,6,6,6
2022-06-18,LA MESA,,1,1,1,1
2022-06-18,NATIONAL CITY,,3,2,3,3
2022-06-18,OCEANSIDE,,2,2,2,2
2022-06-18,SAN DIEGO,,27,27,27,27
2022-06-18,SHERIFF,,10,10,10,10
2022-06-19,CARLSBAD,,5,5,5,5
2022-06-19,CHULA VISTA,,4,4,4,4
2022-06-19,EL CAJON,,3,3,3,3
2022-06-19,ESCONDIDO,,8,8,8,8
2022-06-19,LA MESA,,3,3,3,3
2022-06-19,NATIONAL CITY,,1,1,1,1
2022-06-19,OCEANSIDE,,1,1,1,1
2022-06-19,SAN DIEGO,,20,20,20,20
2022-06-19,SHERIFF,,9,9,9,9
2022-06-20,CARLSBAD,,2,2,2,2
2022-06-20,CHULA VISTA,,1,1,1,1
2022-06-20,EL CAJON,,4,4,4,4
2022-06-20,ESCONDIDO,,2,2,2,2
2022-06-20,HARBOR POLICE,,1,1,1,1
2022-06-20,NATIONAL CITY,,1,1,1,1
2022-06-20,OCEANSIDE,,5,5,5,5
2022-06-20,SAN DIEGO,,15,15,15,15
2022-06-20,SHERIFF,,16,16,16,16
2022-06-21,CARLSBAD,,3,3,3,3
2022-06-21,CHULA VISTA,,1,1,1,1
2022-06-21,EL CAJON,,4,1,4,4
2022-06-21,ESCONDIDO,,6,6,6,6
2022-06-21,LA MESA,,2,2,2,2
2022-06-21,OCEANSIDE,,2,2,2,2
2022-06-21,SAN DIEGO,,18,18,18,18
2022-06-21,SHERIFF,,18,18,18,18
2022-06-22,CARLSBAD,,1,1,1,1
2022-06-22,CHULA VISTA,,2,2,2,2
2022-06-22,EL CAJON,,2,2,2,2
2022-06-22,ESCONDIDO,,8,7,8,8
2022-06-22,LA MESA,,2,2,2,2
2022-06-22,NATIONAL CITY,,2,2,2,2
2022-06-22,OCEANSIDE,,3,3,3,3
2022-06-22,SAN DIEGO,,14,14,14,14
2022-06-22,SHERIFF,,19,19,19,19
2022-06-23,CARLSBAD,,3,3,3,3
2022-06-23,CHULA VISTA,,2,2,2,2
2022-06-23,EL CAJON,,4,4,4,4
2022-06-23,ESCONDIDO,,5,5,5,5
2022-06-23,LA MESA,,2,2,2,2
2022-06-23,NATIONAL CITY,,1,1,1,1
2022-06-23,OCEANSIDE,,4,4,4,4
2022-06-23,SAN DIEGO,,13,13,13,13
2022-06-23,SHERIFF,,10,10,10,10
2022-06-24,CARLSBAD,,2,2,2,2
2022-06-24,CHULA VISTA,,5,5,5,5
2022-06-24,EL CAJON,,3,3,3,3
2022-06-24,ESCONDIDO,,3,3,3,3
2022-06-24,OCEANSIDE,,3,3,3,3
2022-06-24,SAN DIEGO,,20,20,20,20
2022-06-24,SHERIFF,,17,17,17,17
2022-06-25,CARLSBAD,,4,4,4,4
2022-06-25,CHULA VISTA,,2,2,2,2
2022-06-25,EL CAJON,,1,1,1,1
2022-06-25,ESCONDIDO,,3,3,3,3
2022-06-25,HARBOR POLICE,,1,1,1,1
2022-06-25,LA MESA,,1,1,1,1
2022-06-25,NATIONAL CITY,,1,1,1,1
2022-06-25,OCEANSIDE,,3,3,3,3
2022-06-25,SAN DIEGO,,19,19,19,19
2022-06-25,SHERIFF,,19,18,19,19
2022-06-26,CARLSBAD,,1,1,1,1
2022-06-26,CHULA VISTA,,2,2,2,2
2022-06-26,EL CAJON,,1,1,1,1
2022-06-26,ESCONDIDO,,11,11,11,11
2022-06-26,LA MESA,,2,2,2,2
2022-06-26,NATIONAL CITY,,1,1,1,1
2022-06-26,OCEANSIDE,,2,2,2,2
2022-06-26,SAN DIEGO,,26,25,26,26
2022-06-26,SHERIFF,,6,6,6,6
2022-06-27,CARLSBAD,,2,2,2,2
2022-06-27,CHULA VISTA,,2,2,2,2
2022-06-27,EL CAJON,,5,3,5,5
2022-06-27,ESCONDIDO,,8,8,8,8
2022-06-27,LA MESA,,1,1,1,1
2022-06-27,OCEANSIDE,,5,5,5,5
2022-06-27,SAN DIEGO,,18,18,18,18
2022-06-27,SHERIFF,,10,10,10,10
2022-06-28,CHULA VISTA,,2,2,2,2
2022-06-28,ESCONDIDO,,3,3,3,3
2022-06-28,HARBOR POLICE,,1,1,1,1
2022-06-28,LA MESA,,2,2,2,2
2022-06-28,NATIONAL CITY,,1,1,1,1
2022-06-28,OCEANSIDE,,2,2,2,2
2022-06-28,SAN DIEGO,,18,18,18,18
2022-06-28,SHERIFF,,12,12,12,12
2022-06-29,CARLSBAD,,1,1,1,1
2022-06-29,CHULA VISTA,,1,1,1,1
2022-06-29,EL CAJON,,1,1,1,1
2022-06-29,ESCONDIDO,,4,4,4,4
2022-06-29,OCEANSIDE,,4,4,4,4
2022-06-29,SAN DIEGO,,18,18,18,18
2022-06-29,SHERIFF,,12,12,12,12
2022-06-30,CARLSBAD,,5,5,5,5
2022-06-30,CHULA VISTA,,1,1,1,1
2022-06-30,EL CAJON,,1,1,1,1
2022-06-30,ESCONDIDO,,1,1,1,1
2022-06-30,LA MESA,,3,3,3,3
2022-06-30,OCEANSIDE,,6,6,6,6
2022-06-30,SAN DIEGO,,20,18,19,19
2022-06-30,SHERIFF,,15,15,15,15
2022-07-01,CARLSBAD,,2,2,2,2
2022-07-01,CHULA VISTA,,6,6,6,6
2022-07-01,EL CAJON,,2,2,2,2
2022-07-01,ESCONDIDO,,2,2,2,2
2022-07-01,LA MESA,,1,1,1,1
2022-07-01,NATIONAL CITY,,4,4,4,4
2022-07-01,OCEANSIDE,,4,4,4,4
2022-07-01,SAN DIEGO,,20,20,20,20
2022-07-01,SHERIFF,,13,13,13,13
2022-07-02,CARLSBAD,,2,2,2,2
2022-07-02,CHULA VISTA,,6,5,6,6
2022-07-02,EL CAJON,,1,1,1,1
2022-07-02,ESCONDIDO,,4,4,4,4
2022-07-02,NATIONAL CITY,,2,2,2,2
2022-07-02,OCEANSIDE,,1,1,1,1
2022-07-02,SAN DIEGO,,26,26,26,26
2022-07-02,SHERIFF,,15,15,15,15
2022-07-03,CARLSBAD,,3,3,3,3
2022-07-03,CHULA VISTA,,2,2,2,2
2022-07-03,ESCONDIDO,,8,8,8,8
2022-07-03,LA MESA,,2,2,2,2
2022-07-03,OCEANSIDE,,1,1,1,1
2022-07-03,SAN DIEGO,,39,38,39,39
2022-07-03,SHERIFF,,14,14,14,14
2022-07-04,CARLSBAD,,1,1,1,1
2022-07-04,CHULA VISTA,,2,2,2,2
2022-07-04,EL CAJON,,1,1,1,1
2022-07-04,ESCONDIDO,,2,2,2,2
2022-07-04,HARBOR POLICE,,1,1,1,1
2022-07-04,LA MESA,,2,2,2,2
2022-07-04,NATIONAL CITY,,4,4,4,4
2022-07-04,OCEANSIDE,,5,5,5,5
2022-07-04,SAN DIEGO,,38,34,38,38
2022-07-04,SHERIFF,,12,11,12,12
2022-07-05,CHULA VISTA,,1,1,1,1
2022-07-05,EL CAJON,,1,1,1,1
2022-07-05,ESCONDIDO,,2,2,2,2
2022-07-05,HARBOR POLICE,,1,1,1,1
2022-07-05,LA MESA,,1,1,1,1
2022-07-05,OCEANSIDE,,4,4,4,4
2022-07-05,SAN DIEGO,,29,29,29,29
2022-07-05,SHERIFF,,10,10,10,10
2022-07-06,CARLSBAD,,1,1,1,1
2022-07-06,ESCONDIDO,,1,1,1,1
2022-07-06,HARBOR POLICE,,3,3,3,3
2022-07-06,OCEANSIDE,,2,2,2,2
2022-07-06,SAN DIEGO,,21,21,21,21
2022-07-06,SHERIFF,,18,18,18,18
2022-07-07,CHULA VISTA,,3,3,3,3
2022-07-07,EL CAJON,,1,1,1,1
2022-07-07,ESCONDIDO,,3,3,3,3
2022-07-07,OCEANSIDE,,3,3,3,3
2022-07-07,SAN DIEGO,,14,14,14,14
2022-07-07,SHERIFF,,19,18,19,19
2022-07-08,CARLSBAD,,6,6,6,6
2022-07-08,CHULA VISTA,,1,1,1,1
2022-07-08,EL CAJON,,1,1,1,1
2022-07-08,ESCONDIDO,,7,7,7,7
2022-07-08,HARBOR POLICE,,1,1,1,1
2022-07-08,NATIONAL CITY,,1,1,1,1
2022-07-08,OCEANSIDE,,5,3,5,5
2022-07-08,SAN DIEGO,,14,14,14,14
2022-07-08,SHERIFF,,12,12,12,12
2022-07-09,CARLSBAD,,4,4,4,4
2022-07-09,CHULA VISTA,,4,4,4,4
2022-07-09,EL CAJON,,1,1,1,1
2022-07-09,ESCONDIDO,,3,3,3,3
2022-07-09,HARBOR POLICE,,1,1,1,1
2022-07-09,LA MESA,,1,1,1,1
2022-07-09,NATIONAL CITY,,1,1,1,1
2022-07-09,OCEANSIDE,,4,4,4,4
2022-07-09,SAN DIEGO,,22,22,22,22
2022-07-09,SHERIFF,,6,6,6,6
2022-07-10,CARLSBAD,,1,1,1,1
2022-07-10,CHULA VISTA,,1,1,1,1
2022-07-10,EL CAJON,,2,2,2,2
2022-07-10,ESCONDIDO,,9,9,9,9
2022-07-10,HARBOR POLICE,,1,1,1,1
2022-07-10,LA MESA,,1,1,1,1
2022-07-10,OCEANSIDE,,7,7,7,7
2022-07-10,SAN DIEGO,,32,32,32,32
2022-07-10,SHERIFF,,9,9,9,9
2022-07-11,CARLSBAD,,2,2,2,2
2022-07-11,CHULA VISTA,,1,1,1,1
2022-07-11,ESCONDIDO,,5,5,5,5
2022-07-11,HARBOR POLICE,,3,3,3,3
2022-07-11,LA MESA,,1,1,1,1
2022-07-11,NATIONAL CITY,,1,1,1,1
2022-07-11,OCEANSIDE,,5,3,5,5
2022-07-11,SAN DIEGO,,14,14,14,14
2022-07-11,SHERIFF,,20,20,20,20
2022-07-12,CARLSBAD,,3,3,3,3
2022-07-12,EL CAJON,,2,2,2,2
2022-07-12,ESCONDIDO,,4,4,4,4
2022-07-12,HARBOR POLICE,,1,1,1,1
2022-07-12,LA MESA,,2,2,2,2
2022-07-12,NATIONAL CITY,,2,2,2,2
2022-07-12,OCEANSIDE,,4,4,4,4
2022-07-12,SAN DIEGO,,15,15,15,15
2022-07-12,SHERIFF,,8,8,8,8
2022-07-13,CARLSBAD,,3,3,3,3
2022-07-13,CHULA VISTA,,2,2,2,2
2022-07-13,EL CAJON,,1,1,1,1
2022-07-13,ESCONDIDO,,2,2,2,2
2022-07-13,HARBOR POLICE,,3,3,3,3
2022-07-13,LA MESA,,1,1,1,1
2022-07-13,OCEANSIDE,,3,3,3,3
2022-07-13,SAN DIEGO,,17,17,17,17
2022-07-13,SHERIFF,,14,14,14,14
2022-07-14,CARLSBAD,,1,1,1,1
2022-07-14,CHULA VISTA,,2,2,2,2
2022-07-14,EL CAJON,,1,1,1,1
2022-07-14,ESCONDIDO,,6,6,6,6
2022-07-14,NATIONAL CITY,,2,2,2,2
2022-07-14,OCEANSIDE,,3,3,3,3
2022-07-14,SAN DIEGO,,13,12,13,13
2022-07-14,SHERIFF,,14,14,14,14
2022-07-15,CARLSBAD,,2,2,2,2
2022-07-15,CHULA VISTA,,2,2,2,2
2022-07-15,EL CAJON,,3,3,3,3
2022-07-15,ESCONDIDO,,5,5,5,5
2022-07-15,HARBOR POLICE,,1,1,1,1
2022-07-15,NATIONAL CITY,,3,3,3,3
2022-07-15,OCEANSIDE,,4,4,4,4
2022-07-15,SAN DIEGO,,25,24,25,25
2022-07-15,SHERIFF,,20,19,20,20
2022-07-16,CARLSBAD,,3,3,3,3
2022-07-16,CHULA VISTA,,4,4,4,4
2022-07-16,EL CAJON,,1,1,1,1
2022-07-16,ESCONDIDO,,3,3,3,3
2022-07-16,HARBOR POLICE,,1,1,1,1
2022-07-16,NATIONAL CITY,,1,1,1,1
2022-07-16,OCEANSIDE,,2,2,2,2
2022-07-16,SAN DIEGO,,19,19,19,19
2022-07-16,SHERIFF,,9,9,9,9
2022-07-17,CARLSBAD,,3,3,3,3
2022-07-17,CHULA VISTA,,2,2,2,2
2022-07-17,EL CAJON,,2,2,2,2
2022-07-17,ESCONDIDO,,5,5,5,5
2022-07-17,HARBOR POLICE,,3,3,3,3
2022-07-17,LA MESA,,2,2,2,2
2022-07-17,NATIONAL CITY,,1,1,1,1
2022-07-17,OCEANSIDE,,3,3,3,3
2022-07-17,SAN DIEGO,,23,21,23,23
2022-07-17,SHERIFF,,8,8,8,8
2022-07-18,CARLSBAD,,3,3,3,3
2022-07-18,CHULA VISTA,,3,3,3,3
2022-07-18,EL CAJON,,2,2,2,2
2022-07-18,ESCONDIDO,,2,2,2,2
2022-07-18,LA MESA,,1,1,1,1
2022-07-18,NATIONAL CITY,,1,1,1,1
2022-07-18,OCEANSIDE,,3,3,3,3
2022-07-18,SAN DIEGO,,13,13,13,13
2022-07-18,SHERIFF,,16,16,16,16
2022-07-19,CARLSBAD,,1,1,1,1
2022-07-19,CHULA VISTA,,1,1,1,1
2022-07-19,ESCONDIDO,,4,4,4,4
2022-07-19,HARBOR POLICE,,1,1,1,1
2022-07-19,NATIONAL CITY,,1,1,1,1
2022-07-19,OCEANSIDE,,5,5,5,5
2022-07-19,SAN DIEGO,,12,12,12,12
2022-07-19,SHERIFF,,9,9,9,9
2022-07-20,CARLSBAD,,1,1,1,1
2022-07-20,CHULA VISTA,,4,4,4,4
2022-07-20,EL CAJON,,4,3,4,4
2022-07-20,ESCONDIDO,,4,4,4,4
2022-07-20,OCEANSIDE,,6,6,6,6
2022-07-20,SAN DIEGO,,17,17,17,17
2022-07-20,SHERIFF,,13,12,13,13
2022-07-21,CARLSBAD,,1,1,1,1
2022-07-21,EL CAJON,,5,5,5,5
2022-07-21,ESCONDIDO,,3,3,3,3
2022-07-21,LA MESA,,1,1,1,1
2022-07-21,OCEANSIDE,,2,2,2,2
2022-07-21,SAN DIEGO,,20,19,19,19
2022-07-21,SHERIFF,,9,9,9,9
2022-07-22,CARLSBAD,,3,3,3,3
2022-07-22,CHULA VISTA,,4,4,4,4
2022-07-22,EL CAJON,,1,1,1,1
2022-07-22,ESCONDIDO,,7,7,7,7
2022-07-22,HARBOR POLICE,,1,1,1,1
2022-07-22,LA MESA,,1,1,1,1
2022-07-22,NATIONAL CITY,,2,2,2,2
2022-07-22,OCEANSIDE,,4,4,4,4
2022-07-22,SAN DIEGO,,30,30,30,30
2022-07-22,SHERIFF,,12,12,12,12
2022-07-23,CARLSBAD,,2,2,2,2
2022-07-23,CHULA VISTA,,1,1,1,1
2022-07-23,EL CAJON,,3,3,3,3
2022-07-23,ESCONDIDO,,5,5,5,5
2022-07-23,NATIONAL CITY,,1,1,1,1
2022-07-23,OCEANSIDE,,2,2,2,2
2022-07-23,SAN DIEGO,,20,20,20,20
2022-07-23,SHERIFF,,15,15,15,15
2022-07-24,CARLSBAD,,3,3,3,3
2022-07-24,CHULA VISTA,,1,1,1,1
2022-07-24,EL CAJON,,1,1,1,1
2022-07-24,ESCONDIDO,,5,5,5,5
2022-07-24,LA MESA,,1,1,1,1
2022-07-24,NATIONAL CITY,,3,3,3,3
2022-07-24,OCEANSIDE,,3,3,3,3
2022-07-24,SAN DIEGO,,31,31,31,31
2022-07-24,SHERIFF,,11,11,11,11
2022-07-25,EL CAJON,,3,3,3,3
2022-07-25,ESCONDIDO,,6,5,6,6
2022-07-25,HARBOR POLICE,,1,1,1,1
2022-07-25,LA MESA,,2,2,2,2
2022-07-25,NATIONAL CITY,,1,1,1,1
2022-07-25,OCEANSIDE,,7,5,7,7
2022-07-25,SAN DIEGO,,15,15,15,15
2022-07-25,SHERIFF,,16,16,16,16
2022-07-26,CARLSBAD,,1,1,1,1
2022-07-26,CHULA VISTA,,2,2,2,2
2022-07-26,EL CAJON,,1,1,1,1
2022-07-26,ESCONDIDO,,3,3,3,3
2022-07-26,HARBOR POLICE,,2,2,2,2
2022-07-26,LA MESA,,3,3,3,3
2022-07-26,NATIONAL CITY,,2,2,2,2
2022-07-26,OCEANSIDE,,4,4,4,4
2022-07-26,SAN DIEGO,,24,24,24,24
2022-07-26,SHERIFF,,14,14,14,14
2022-07-27,EL CAJON,,6,6,6,6
2022-07-27,ESCONDIDO,,3,3,3,3
2022-07-27,HARBOR POLICE,,1,1,1,1
2022-07-27,LA MESA,,1,1,1,1
2022-07-27,OCEANSIDE,,6,6,6,6
2022-07-27,SAN DIEGO,,18,18,18,18
2022-07-27,SHERIFF,,12,11,12,12
2022-07-28,CARLSBAD,,1,1,1,1
2022-07-28,CHULA VISTA,,2,2,2,2
2022-07-28,EL CAJON,,4,3,4,4
2022-07-28,ESCONDIDO,,8,8,8,8
2022-07-28,HARBOR POLICE,,4,4,4,4
2022-07-28,LA MESA,,1,1,1,1
2022-07-28,OCEANSIDE,,4,4,4,4
2022-07-28,SAN DIEGO,,19,19,19,19
2022-07-28,SHERIFF,,8,8,8,8
2022-07-29,CARLSBAD,,4,4,4,4
2022-07-29,CHULA VISTA,,2,2,2,2
2022-07-29,EL CAJON,,1,1,1,1
2022-07-29,ESCONDIDO,,1,1,1,1
2022-07-29,LA MESA,,1,1,1,1
2022-07-29,NATIONAL CITY,,1,1,1,1
2022-07-29,SAN DIEGO,,17,17,17,17
2022-07-29,SHERIFF,,17,17,17,17
2022-07-30,CARLSBAD,,2,2,2,2
2022-07-30,CHULA VISTA,,8,8,8,8
2022-07-30,EL CAJON,,1,1,1,1
2022-07-30,ESCONDIDO,,1,1,1,1
2022-07-30,HARBOR POLICE,,1,1,1,1
2022-07-30,LA MESA,,3,3,3,3
2022-07-30,NATIONAL CITY,,1,1,1,1
2022-07-30,OCEANSIDE,,2,2,2,2
2022-07-30,SAN DIEGO,,25,24,25,25
2022-07-30,SHERIFF,,21,20,20,20
2022-07-31,CARLSBAD,,2,1,2,2
2022-07-31,CHULA VISTA,,3,3,3,3
2022-07-31,EL CAJON,,2,2,2,2
2022-07-31,ESCONDIDO,,2,2,2,2
2022-07-31,HARBOR POLICE,,1,1,1,1
2022-07-31,LA MESA,,3,3,3,3
2022-07-31,NATIONAL CITY,,3,3,3,3
2022-07-31,OCEANSIDE,,2,2,2,2
2022-07-31,SAN DIEGO,,36,35,36,36
2022-07-31,SHERIFF,,11,11,11,11
2022-08-01,CARLSBAD,,2,2,2,2
2022-08-01,CHULA VISTA,,1,1,1,1
2022-08-01,EL CAJON,,2,2,2,2
2022-08-01,ESCONDIDO,,3,3,3,3
2022-08-01,LA MESA,,1,1,1,1
2022-08-01,OCEANSIDE,,7,7,7,7
2022-08-01,SAN DIEGO,,13,13,13,13
2022-08-01,SHERIFF,,13,13,13,13
2022-08-02,CARLSBAD,,3,2,3,3
2022-08-02,CHULA VISTA,,1,1,1,1
2022-08-02,EL CAJON,,1,1,1,1
2022-08-02,ESCONDIDO,,4,4,4,4
2022-08-02,LA MESA,,1,1,1,1
2022-08-02,NATIONAL CITY,,2,2,2,2
2022-08-02,OCEANSIDE,,3,3,3,3
2022-08-02,SAN DIEGO,,17,17,17,17
2022-08-02,SHERIFF,,14,14,14,14
2022-08-03,CARLSBAD,,1,1,1,1
2022-08-03,CHULA VISTA,,3,3,3,3
2022-08-03,EL CAJON,,3,3,3,3
2022-08-03,ESCONDIDO,,2,2,2,2
2022-08-03,NATIONAL CITY,,2,2,2,2
2022-08-03,OCEANSIDE,,3,3,3,3
2022-08-03,SAN DIEGO,,20,20,20,20
2022-08-03,SHERIFF,,20,20,20,20
2022-08-04,CARLSBAD,,1,1,1,1
2022-08-04,CHULA VISTA,,2,2,2,2
2022-08-04,EL CAJON,,3,3,3,3
2022-08-04,ESCONDIDO,,10,10,10,10
2022-08-04,HARBOR POLICE,,2,2,2,2
2022-08-04,LA MESA,,1,1,1,1
2022-08-04,OCEANSIDE,,3,3,3,3
2022-08-04,SAN DIEGO,,20,18,20,20
2022-08-04,SHERIFF,,17,16,17,17
2022-08-05,CARLSBAD,,3,3,3,3
2022-08-05,CHULA VISTA,,2,2,2,2
2022-08-05,EL CAJON,,13,7,13,13
2022-08-05,ESCONDIDO,,6,6,6,6
2022-08-05,NATIONAL CITY,,1,1,1,1
2022-08-05,OCEANSIDE,,2,2,2,2
2022-08-05,SAN DIEGO,,24,23,24,24
2022-08-05,SHERIFF,,8,8,8,8
2022-08-06,CARLSBAD,,1,1,1,1
2022-08-06,CHULA VISTA,,3,3,3,3
2022-08-06,EL CAJON,,2,2,2,2
2022-08-06,ESCONDIDO,,7,6,7,7
2022-08-06,OCEANSIDE,,5,5,5,5
2022-08-06,SAN DIEGO,,25,24,25,25
2022-08-06,SHERIFF,,10,9,10,10
2022-08-07,CHULA VISTA,,3,3,3,3
2022-08-07,EL CAJON,,5,5,5,5
2022-08-07,ESCONDIDO,,4,4,4,4
2022-08-07,LA MESA,,1,1,1,1
2022-08-07,NATIONAL CITY,,5,5,5,5
2022-08-07,OCEANSIDE,,2,2,2,2
2022-08-07,SAN DIEGO,,16,14,15,15
2022-08-07,SHERIFF,,15,15,15,15
2022-08-08,CARLSBAD,,2,2,2,2
2022-08-08,CHULA VISTA,,1,1,1,1
2022-08-08,EL CAJON,,3,3,3,3
2022-08-08,ESCONDIDO,,3,3,3,3
2022-08-08,HARBOR POLICE,,1,1,1,1
2022-08-08,LA MESA,,1,1,1,1
2022-08-08,OCEANSIDE,,1,1,1,1
2022-08-08,SAN DIEGO,,13,13,13,13
2022-08-08,SHERIFF,,14,14,14,14
2022-08-09,CHULA VISTA,,2,2,2,2
2022-08-09,EL CAJON,,6,6,6,6
2022-08-09,ESCONDIDO,,2,2,2,2
2022-08-09,LA MESA,,1,1,1,1
2022-08-09,OCEANSIDE,,7,7,7,7
2022-08-09,SAN DIEGO,,17,17,17,17
2022-08-09,SHERIFF,,13,13,13,13
2022-08-10,CHULA VISTA,,3,3,3,3
2022-08-10,EL CAJON,,4,4,4,4
2022-08-10,ESCONDIDO,,2,2,2,2
2022-08-10,HARBOR POLICE,,1,1,1,1
2022-08-10,LA MESA,,2,2,2,2
2022-08-10,NATIONAL CITY,,2,1,2,2
2022-08-10,OCEANSIDE,,3,3,3,3
2022-08-10,SAN DIEGO,,12,12,12,12
2022-08-10,SHERIFF,,20,20,20,20
2022-08-11,CARLSBAD,,1,1,1,1
2022-08-11,CHULA VISTA,,2,2,2,2
2022-08-11,EL CAJON,,1,1,1,1
2022-08-11,ESCONDIDO,,1,1,1,1
2022-08-11,HARBOR POLICE,,1,1,1,1
2022-08-11,LA MESA,,1,1,1,1
2022-08-11,NATIONAL CITY,,2,2,2,2
2022-08-11,OCEANSIDE,,4,4,4,4
2022-08-11,SAN DIEGO,,24,24,24,24
2022-08-11,SHERIFF,,18,17,18,18
2022-08-12,CARLSBAD,,2,2,2,2
2022-08-12,CHULA VISTA,,2,2,2,2
2022-08-12,EL CAJON,,2,2,2,2
2022-08-12,ESCONDIDO,,6,6,6,6
2022-08-12,HARBOR POLICE,,1,1,1,1
2022-08-12,LA MESA,,1,1,1,1
2022-08-12,OCEANSIDE,,5,5,5,5
2022-08-12,SAN DIEGO,,16,16,16,16
2022-08-12,SHERIFF,,9,9,9,9
2022-08-13,CARLSBAD,,2,2,2,2
2022-08-13,CHULA VISTA,,7,7,7,7
2022-08-13,EL CAJON,,2,2,2,2
2022-08-13,ESCONDIDO,,10,8,10,10
2022-08-13,HARBOR POLICE,,1,1,1,1
2022-08-13,OCEANSIDE,,4,4,4,4
2022-08-13,SAN DIEGO,,29,29,29,29
2022-08-13,SHERIFF,,9,9,9,9
2022-08-14,CARLSBAD,,4,4,4,4
2022-08-14,CHULA VISTA,,4,4,4,4
2022-08-14,EL CAJON,,4,4,4,4
2022-08-14,ESCONDIDO,,7,7,7,7
2022-08-14,HARBOR POLICE,,1,1,1,1
2022-08-14,NATIONAL CITY,,2,2,2,2
2022-08-14,OCEANSIDE,,5,5,5,5
2022-08-14,SAN DIEGO,,23,22,23,23
2022-08-14,SHERIFF,,10,10,10,10
2022-08-15,CARLSBAD,,3,3,3,3
2022-08-15,EL CAJON,,7,6,7,7
2022-08-15,ESCONDIDO,,4,4,4,4
2022-08-15,HARBOR POLICE,,1,1,1,1
2022-08-15,LA MESA,,1,1,1,1
2022-08-15,OCEANSIDE,,3,3,3,3
2022-08-15,SAN DIEGO,,39,37,39,39
2022-08-15,SHERIFF,,10,10,10,10
2022-08-16,CARLSBAD,,1,1,1,1
2022-08-16,EL CAJON,,6,6,6,6
2022-08-16,ESCONDIDO,,3,3,3,3
2022-08-16,HARBOR POLICE,,2,2,2,2
2022-08-16,LA MESA,,1,1,1,1
2022-08-16,OCEANSIDE,,4,4,4,4
2022-08-16,SAN DIEGO,,25,25,25,25
2022-08-16,SHERIFF,,10,10,10,10
2022-08-17,CARLSBAD,,2,1,2,2
2022-08-17,CHULA VISTA,,3,3,3,3
2022-08-17,EL CAJON,,3,3,3,3
2022-08-17,OCEANSIDE,,8,8,8,8
2022-08-17,SAN DIEGO,,15,15,15,15
2022-08-17,SHERIFF,,9,9,9,9
2022-08-18,CARLSBAD,,3,3,3,3
2022-08-18,EL CAJON,,2,2,2,2
2022-08-18,ESCONDIDO,,5,4,5,5
2022-08-18,HARBOR POLICE,,2,2,2,2
2022-08-18,NATIONAL CITY,,1,1,1,1
2022-08-18,OCEANSIDE,,5,5,5,5
2022-08-18,SAN DIEGO,,13,13,13,13
2022-08-18,SHERIFF,,10,10,10,10
2022-08-19,CARLSBAD,,2,2,2,2
2022-08-19,CHULA VISTA,,3,3,3,3
2022-08-19,EL CAJON,,1,1,1,1
2022-08-19,ESCONDIDO,,6,6,6,6
2022-08-19,LA MESA,,1,1,1,1
2022-08-19,OCEANSIDE,,1,1,1,1
2022-08-19,SAN DIEGO,,26,26,26,26
2022-08-19,SHERIFF,,13,13,13,13
2022-08-20,CARLSBAD,,1,1,1,1
2022-08-20,CHULA VISTA,,3,3,3,3
2022-08-20,EL CAJON,,1,1,1,1
2022-08-20,ESCONDIDO,,7,7,7,7
2022-08-20,LA MESA,,2,2,2,2
2022-08-20,NATIONAL CITY,,2,2,2,2
2022-08-20,OCEANSIDE,,5,5,5,5
2022-08-20,SAN DIEGO,,32,32,32,32
2022-08-20,SHERIFF,,11,11,11,11
2022-08-21,CHULA VISTA,,1,1,1,1
2022-08-21,EL CAJON,,5,5,5,5
2022-08-21,HARBOR POLICE,,2,2,2,2
2022-08-21,LA MESA,,1,1,1,1
2022-08-21,NATIONAL CITY,,3,3,3,3
2022-08-21,OCEANSIDE,,1,1,1,1
2022-08-21,SAN DIEGO,,21,21,21,21
2022-08-21,SHERIFF,,13,13,13,13
2022-08-22,CARLSBAD,,1,1,1,1
2022-08-22,CHULA VISTA,,1,1,1,1
2022-08-22,EL CAJON,,2,2,2,2
2022-08-22,ESCONDIDO,,5,5,5,5
2022-08-22,OCEANSIDE,,4,4,4,4
2022-08-22,SAN DIEGO,,16,16,16,16
2022-08-22,SHERIFF,,19,18,19,19
2022-08-23,CARLSBAD,,3,3,3,3
2022-08-23,ESCONDIDO,,5,5,5,5
2022-08-23,LA MESA,,2,2,2,2
2022-08-23,OCEANSIDE,,5,5,5,5
2022-08-23,SAN DIEGO,,10,10,10,10
2022-08-23,SHERIFF,,19,16,19,19
2022-08-24,CARLSBAD,,3,3,3,3
2022-08-24,CHULA VISTA,,4,4,4,4
2022-08-24,EL CAJON,,2,2,2,2
2022-08-24,ESCONDIDO,,4,4,4,4
2022-08-24,HARBOR POLICE,,1,1,1,1
2022-08-24,OCEANSIDE,,3,3,3,3
2022-08-24,SAN DIEGO,,9,9,9,9
2022-08-24,SHERIFF,,13,13,13,13
2022-08-25,CHULA VISTA,,4,4,4,4
2022-08-25,EL CAJON,,5,5,5,5
2022-08-25,ESCONDIDO,,4,4,4,4
2022-08-25,HARBOR POLICE,,2,2,2,2
2022-08-25,LA MESA,,1,1,1,1
2022-08-25,NATIONAL CITY,,1,1,1,1
2022-08-25,OCEANSIDE,,3,3,3,3
2022-08-25,SAN DIEGO,,22,22,22,22
2022-08-25,SHERIFF,,15,15,15,15
2022-08-26,CARLSBAD,,3,3,3,3
2022-08-26,CHULA VISTA,,1,1,1,1
2022-08-26,EL CAJON,,5,5,5,5
2022-08-26,ESCONDIDO,,11,11,11,11
2022-08-26,HARBOR POLICE,,1,1,1,1
2022-08-26,NATIONAL CITY,,2,2,2,2
2022-08-26,OCEANSIDE,,2,2,2,2
2022-08-26,SAN DIEGO,,29,29,29,29
2022-08-26,SHERIFF,,18,18,18,18
2022-08-27,CARLSBAD,,2,2,2,2
2022-08-27,CHULA VISTA,,3,3,3,3
2022-08-27,EL CAJON,,2,2,2,2
2022-08-27,ESCONDIDO,,11,11,11,11
2022-08-27,HARBOR POLICE,,2,2,2,2
2022-08-27,LA MESA,,2,2,2,2
2022-08-27,OCEANSIDE,,4,4,4,4
2022-08-27,SAN DIEGO,,27,27,27,27
2022-08-27,SHERIFF,,15,14,15,15
2022-08-28,CARLSBAD,,3,3,3,3
2022-08-28,CHULA VISTA,,1,1,1,1
2022-08-28,EL CAJON,,5,5,5,5
2022-08-28,ESCONDIDO,,7,7,7,7
2022-08-28,HARBOR POLICE,,1,1,1,1
2022-08-28,LA MESA,,2,2,2,2
2022-08-28,NATIONAL CITY,,1,1,1,1
2022-08-28,OCEANSIDE,,3,3,3,3
2022-08-28,SAN DIEGO,,36,35,36,36
2022-08-28,SHERIFF,,11,11,11,11
2022-08-29,EL CAJON,,3,3,3,3
2022-08-29,ESCONDIDO,,5,5,5,5
2022-08-29,HARBOR POLICE,,2,2,2,2
2022-08-29,LA MESA,,3,3,3,3
2022-08-29,OCEANSIDE,,3,3,3,3
2022-08-29,SAN DIEGO,,18,18,18,18
2022-08-29,SHERIFF,,20,20,20,20
2022-08-30,CARLSBAD,,2,2,2,2
2022-08-30,CHULA VISTA,,1,1,1,1
2022-08-30,EL CAJON,,7,6,7,7
2022-08-30,ESCONDIDO,,6,6,6,6
2022-08-30,HARBOR POLICE,,2,2,2,2
2022-08-30,LA MESA,,3,3,3,3
2022-08-30,OCEANSIDE,,7,5,7,7
2022-08-30,SAN DIEGO,,19,19,19,19
2022-08-30,SHERIFF,,16,16,16,16
2022-08-31,CARLSBAD,,3,3,3,3
2022-08-31,EL CAJON,,3,3,3,3
2022-08-31,ESCONDIDO,,6,6,6,6
2022-08-31,OCEANSIDE,,3,3,3,3
2022-08-31,SAN DIEGO,,21,18,21,21
2022-08-31,SHERIFF,,15,15,15,15
2022-09-01,CARLSBAD,,4,4,4,4
2022-09-01,CHULA VISTA,,3,3,3,3
2022-09-01,EL CAJON,,2,2,2,2
2022-09-01,ESCONDIDO,,5,5,5,5
2022-09-01,HARBOR POLICE,,1,1,1,1
2022-09-01,LA MESA,,1,1,1,1
2022-09-01,OCEANSIDE,,5,5,5,5
2022-09-01,SAN DIEGO,,15,15,15,15
2022-09-01,SHERIFF,,12,11,12,11
2022-09-02,CARLSBAD,,3,3,3,3
2022-09-02,CHULA VISTA,,1,1,1,1
2022-09-02,EL CAJON,,3,3,3,3
2022-09-02,ESCONDIDO,,8,8,8,8
2022-09-02,HARBOR POLICE,,2,2,2,2
2022-09-02,OCEANSIDE,,3,3,3,3
2022-09-02,SAN DIEGO,,26,26,26,26
2022-09-02,SHERIFF,,14,14,14,14
2022-09-03,CARLSBAD,,1,1,1,1
2022-09-03,CHULA VISTA,,6,6,6,6
2022-09-03,EL CAJON,,3,3,3,3
2022-09-03,ESCONDIDO,,8,8,8,8
2022-09-03,HARBOR POLICE,,3,3,3,3
2022-09-03,LA MESA,,1,1,1,1
2022-09-03,NATIONAL CITY,,1,1,1,1
2022-09-03,OCEANSIDE,,2,2,2,2
2022-09-03,SAN DIEGO,,34,33,34,34
2022-09-03,SHERIFF,,23,22,23,23
2022-09-04,CARLSBAD,,1,1,1,1
2022-09-04,CHULA VISTA,,2,2,2,2
2022-09-04,EL CAJON,,1,1,1,1
2022-09-04,ESCONDIDO,,4,4,4,4
2022-09-04,NATIONAL CITY,,2,2,2,2
2022-09-04,OCEANSIDE,,1,1,1,1
2022-09-04,SAN DIEGO,,16,16,16,16
2022-09-04,SHERIFF,,10,10,10,10
2022-09-05,CARLSBAD,,3,3,3,3
2022-09-05,CHULA VISTA,,3,3,3,3
2022-09-05,EL CAJON,,7,5,7,7
2022-09-05,ESCONDIDO,,6,6,6,6
2022-09-05,LA MESA,,4,4,4,4
2022-09-05,NATIONAL CITY,,1,1,1,1
2022-09-05,OCEANSIDE,,5,5,5,5
2022-09-05,SAN DIEGO,,32,32,32,32
2022-09-05,SHERIFF,,8,8,8,8
2022-09-06,CARLSBAD,,2,2,2,2
2022-09-06,CHULA VISTA,,3,3,3,3
2022-09-06,EL CAJON,,2,2,2,2
2022-09-06,ESCONDIDO,,5,5,5,5
2022-09-06,OCEANSIDE,,4,4,4,4
2022-09-06,SAN DIEGO,,20,18,20,20
2022-09-06,SHERIFF,,15,15,15,15
2022-09-07,CARLSBAD,,4,4,4,4
2022-09-07,CHULA VISTA,,3,3,3,3
2022-09-07,EL CAJON,,1,1,1,1
2022-09-07,ESCONDIDO,,7,7,7,7
2022-09-07,LA MESA,,1,1,1,1
2022-09-07,OCEANSIDE,,1,1,1,1
2022-09-07,SAN DIEGO,,12,12,12,12
2022-09-07,SHERIFF,,20,18,19,19
2022-09-08,CARLSBAD,,1,1,1,1
2022-09-08,EL CAJON,,1,1,1,1
2022-09-08,ESCONDIDO,,9,9,9,9
2022-09-08,HARBOR POLICE,,3,3,3,3
2022-09-08,NATIONAL CITY,,1,1,1,1
2022-09-08,OCEANSIDE,,5,5,5,5
2022-09-08,SAN DIEGO,,20,20,20,20
2022-09-08,SHERIFF,,13,13,13,13
2022-09-09,CHULA VISTA,,5,5,5,5
2022-09-09,EL CAJON,,2,2,2,2
2022-09-09,ESCONDIDO,,5,5,5,5
2022-09-09,HARBOR POLICE,,1,1,1,1
2022-09-09,LA MESA,,1,1,1,1
2022-09-09,NATIONAL CITY,,2,2,2,2
2022-09-09,OCEANSIDE,,2,2,2,2
2022-09-09,SAN DIEGO,,23,23,23,23
2022-09-09,SHERIFF,,10,10,10,10
2022-09-10,CARLSBAD,,1,1,1,1
2022-09-10,CHULA VISTA,,4,4,4,4
2022-09-10,EL CAJON,,4,1,4,4
2022-09-10,ESCONDIDO,,8,8,8,8
2022-09-10,LA MESA,,2,2,2,2
2022-09-10,NATIONAL CITY,,3,3,3,3
2022-09-10,OCEANSIDE,,5,5,5,5
2022-09-10,SAN DIEGO,,26,26,26,26
2022-09-10,SHERIFF,,13,11,13,13
2022-09-11,CARLSBAD,,1,1,1,1
2022-09-11,EL CAJON,,5,5,5,5
2022-09-11,ESCONDIDO,,7,5,7,7
2022-09-11,HARBOR POLICE,,1,1,1,1
2022-09-11,NATIONAL CITY,,1,1,1,1
2022-09-11,OCEANSIDE,,4,4,4,4
2022-09-11,SAN DIEGO,,23,23,23,23
2022-09-11,SHERIFF,,14,14,14,14
2022-09-12,CARLSBAD,,1,1,1,1
2022-09-12,CHULA VISTA,,1,1,1,1
2022-09-12,ESCONDIDO,,6,6,6,6
2022-09-12,LA MESA,,2,2,2,2
2022-09-12,SAN DIEGO,,16,16,16,16
2022-09-12,SHERIFF,,12,12,12,12
2022-09-13,CHULA VISTA,,2,2,2,2
2022-09-13,EL CAJON,,2,1,2,2
2022-09-13,ESCONDIDO,,2,2,2,2
2022-09-13,NATIONAL CITY,,1,1,1,1
2022-09-13,OCEANSIDE,,3,3,3,3
2022-09-13,SAN DIEGO,,8,8,8,8
2022-09-13,SHERIFF,,17,17,17,17
2022-09-14,CARLSBAD,,3,2,3,3
2022-09-14,EL CAJON,,5,5,5,5
2022-09-14,ESCONDIDO,,1,1,1,1
2022-09-14,HARBOR POLICE,,1,1,1,1
2022-09-14,LA MESA,,1,1,1,1
2022-09-14,NATIONAL CITY,,1,1,1,1
2022-09-14,OCEANSIDE,,1,1,1,1
2022-09-14,SAN DIEGO,,24,23,23,23
2022-09-14,SHERIFF,,10,10,10,10
2022-09-15,CARLSBAD,,5,5,5,5
2022-09-15,CHULA VISTA,,19,10,18,18
2022-09-15,EL CAJON,,6,5,6,6
2022-09-15,ESCONDIDO,,6,6,6,6
2022-09-15,LA MESA,,1,1,1,1
2022-09-15,NATIONAL CITY,,1,1,1,1
2022-09-15,OCEANSIDE,,3,3,3,3
2022-09-15,SAN DIEGO,,19,19,19,19
2022-09-15,SHERIFF,,11,11,11,11
2022-09-16,CARLSBAD,,2,2,2,2
2022-09-16,CHULA VISTA,,6,6,6,6
2022-09-16,EL CAJON,,3,3,3,3
2022-09-16,ESCONDIDO,,4,4,4,4
2022-09-16,HARBOR POLICE,,1,1,1,1
2022-09-16,NATIONAL CITY,,3,3,3,3
2022-09-16,OCEANSIDE,,5,5,5,5
2022-09-16,SAN DIEGO,,21,21,21,21
2022-09-16,SHERIFF,,12,11,12,12
2022-09-17,CARLSBAD,,2,2,2,2
2022-09-17,EL CAJON,,1,1,1,1
2022-09-17,ESCONDIDO,,6,6,6,6
2022-09-17,HARBOR POLICE,,1,1,1,1
2022-09-17,LA MESA,,1,1,1,1
2022-09-17,NATIONAL CITY,,3,3,3,3
2022-09-17,SAN DIEGO,,29,29,29,29
2022-09-17,SHERIFF,,12,12,12,12
2022-09-18,CARLSBAD,,2,2,2,2
2022-09-18,CHULA VISTA,,4,4,4,4
2022-09-18,EL CAJON,,5,4,5,5
2022-09-18,ESCONDIDO,,4,4,4,4
2022-09-18,LA MESA,,1,1,1,1
2022-09-18,NATIONAL CITY,,3,3,3,3
2022-09-18,OCEANSIDE,,5,5,5,5
2022-09-18,SAN DIEGO,,25,25,25,25
2022-09-18,SHERIFF,,16,16,16,16
2022-09-19,CHULA VISTA,,1,1,1,1
2022-09-19,EL CAJON,,3,3,3,3
2022-09-19,ESCONDIDO,,4,4,4,4
2022-09-19,OCEANSIDE,,2,2,2,2
2022-09-19,SAN DIEGO,,13,13,13,13
2022-09-19,SHERIFF,,10,10,10,10
2022-09-20,CHULA VISTA,,1,1,1,1
2022-09-20,EL CAJON,,2,2,2,2
2022-09-20,ESCONDIDO,,2,2,2,2
2022-09-20,LA MESA,,1,1,1,1
2022-09-20,OCEANSIDE,,2,2,2,2
2022-09-20,SAN DIEGO,,19,17,19,19
2022-09-20,SHERIFF,,14,14,14,14
2022-09-21,CARLSBAD,,3,3,3,3
2022-09-21,CHULA VISTA,,9,4,8,8
2022-09-21,EL CAJON,,1,1,1,1
2022-09-21,ESCONDIDO,,1,1,1,1
2022-09-21,HARBOR POLICE,,2,2,2,2
2022-09-21,LA MESA,,2,2,2,2
2022-09-21,NATIONAL CITY,,2,2,2,2
2022-09-21,OCEANSIDE,,5,5,5,5
2022-09-21,SAN DIEGO,,21,21,21,21
2022-09-21,SHERIFF,,14,14,14,14
2022-09-22,CARLSBAD,,2,2,2,2
2022-09-22,CHULA VISTA,,2,2,2,2
2022-09-22,EL CAJON,,5,5,5,5
2022-09-22,ESCONDIDO,,8,8,8,8
2022-09-22,HARBOR POLICE,,1,1,1,1
2022-09-22,LA MESA,,2,2,2,2
2022-09-22,OCEANSIDE,,3,3,3,3
2022-09-22,SAN DIEGO,,19,19,19,19
2022-09-22,SHERIFF,,15,15,15,15
2022-09-23,CARLSBAD,,1,1,1,1
2022-09-23,CHULA VISTA,,5,4,5,5
2022-09-23,EL CAJON,,5,5,5,5
2022-09-23,ESCONDIDO,,4,4,4,4
2022-09-23,HARBOR POLICE,,1,1,1,1
2022-09-23,LA MESA,,2,2,2,2
2022-09-23,NATIONAL CITY,,2,2,2,2
2022-09-23,OCEANSIDE,,3,3,3,3
2022-09-23,SAN DIEGO,,21,21,21,21
2022-09-23,SHERIFF,,13,13,13,13
2022-09-24,CARLSBAD,,3,2,3,3
2022-09-24,CHULA VISTA,,1,1,1,1
2022-09-24,EL CAJON,,2,2,2,2
2022-09-24,ESCONDIDO,,5,5,5,5
2022-09-24,HARBOR POLICE,,4,4,4,4
2022-09-24,LA MESA,,1,1,1,1
2022-09-24,NATIONAL CITY,,2,2,2,2
2022-09-24,OCEANSIDE,,5,5,5,5
2022-09-24,SAN DIEGO,,28,28,28,28
2022-09-24,SHERIFF,,12,12,12,12
2022-09-25,CARLSBAD,,2,2,2,2
2022-09-25,CHULA VISTA,,2,2,2,2
2022-09-25,EL CAJON,,3,3,3,3
2022-09-25,ESCONDIDO,,5,5,5,5
2022-09-25,LA MESA,,2,2,2,2
2022-09-25,OCEANSIDE,,1,1,1,1
2022-09-25,SAN DIEGO,,22,22,22,22
2022-09-25,SHERIFF,,6,6,6,6
2022-09-26,CHULA VISTA,,2,2,2,2
2022-09-26,EL CAJON,,1,1,1,1
2022-09-26,ESCONDIDO,,6,6,6,6
2022-09-26,LA MESA,,1,1,1,1
2022-09-26,OCEANSIDE,,4,4,4,4
2022-09-26,SAN DIEGO,,16,14,16,16
2022-09-26,SHERIFF,,13,13,13,13
2022-09-27,CARLSBAD,,2,2,2,2
2022-09-27,CHULA VISTA,,3,3,3,3
2022-09-27,EL CAJON,,4,4,4,4
2022-09-27,ESCONDIDO,,5,5,5,5
2022-09-27,LA MESA,,1,1,1,1
2022-09-27,NATIONAL CITY,,2,2,2,2
2022-09-27,OCEANSIDE,,5,5,5,5
2022-09-27,SAN DIEGO,,32,31,32,32
2022-09-27,SHERIFF,,14,14,14,14
2022-09-28,CHULA VISTA,,1,1,1,1
2022-09-28,EL CAJON,,3,3,3,3
2022-09-28,ESCONDIDO,,2,2,2,2
2022-09-28,LA MESA,,2,2,2,2
2022-09-28,NATIONAL CITY,,1,1,1,1
2022-09-28,OCEANSIDE,,1,1,1,1
2022-09-28,SAN DIEGO,,14,14,14,14
2022-09-28,SHERIFF,,14,14,14,14
2022-09-29,CARLSBAD,,1,1,1,1
2022-09-29,CHULA VISTA,,3,3,3,3
2022-09-29,EL CAJON,,3,2,3,3
2022-09-29,ESCONDIDO,,4,4,4,4
2022-09-29,HARBOR POLICE,,2,2,2,2
2022-09-29,LA MESA,,3,3,3,3
2022-09-29,NATIONAL CITY,,1,1,1,1
2022-09-29,OCEANSIDE,,3,3,3,3
2022-09-29,SAN DIEGO,,29,29,29,29
2022-09-29,SHERIFF,,17,15,17,17
2022-09-30,CARLSBAD,,2,2,2,2
2022-09-30,CHULA VISTA,,3,3,3,3
2022-09-30,ESCONDIDO,,6,6,6,6
2022-09-30,NATIONAL CITY,,3,3,3,3
2022-09-30,OCEANSIDE,,2,2,2,2
2022-09-30,SAN DIEGO,,20,20,20,20
2022-09-30,SHERIFF,,14,14,14,14
2022-10-01,CARLSBAD,,3,3,3,3
2022-10-01,CHULA VISTA,,3,3,3,3
2022-10-01,ESCONDIDO,,8,8,8,8
2022-10-01,LA MESA,,1,1,1,1
2022-10-01,NATIONAL CITY,,2,2,2,2
2022-10-01,OCEANSIDE,,3,3,3,3
2022-10-01,SAN DIEGO,,29,29,29,29
2022-10-01,SHERIFF,,13,13,13,13
2022-10-02,CARLSBAD,,1,1,1,1
2022-10-02,CHULA VISTA,,1,1,1,1
2022-10-02,EL CAJON,,3,3,3,3
2022-10-02,ESCONDIDO,,1,1,1,1
2022-10-02,LA MESA,,1,1,1,1
2022-10-02,NATIONAL CITY,,1,1,1,1
2022-10-02,OCEANSIDE,,4,4,4,4
2022-10-02,SAN DIEGO,,16,16,16,16
2022-10-02,SHERIFF,,10,10,10,10
2022-10-03,CHULA VISTA,,2,2,2,2
2022-10-03,EL CAJON,,3,3,3,3
2022-10-03,ESCONDIDO,,3,3,3,3
2022-10-03,NATIONAL CITY,,1,1,1,1
2022-10-03,OCEANSIDE,,5,5,5,5
2022-10-03,SAN DIEGO,,16,16,16,16
2022-10-03,SHERIFF,,17,17,17,17
2022-10-04,CARLSBAD,,3,3,3,3
2022-10-04,CHULA VISTA,,5,5,5,5
2022-10-04,EL CAJON,,1,1,1,1
2022-10-04,ESCONDIDO,,8,8,8,8
2022-10-04,LA MESA,,1,1,1,1
2022-10-04,OCEANSIDE,,4,4,4,4
2022-10-04,SAN DIEGO,,16,16,16,16
2022-10-04,SHERIFF,,17,17,17,17
2022-10-05,CARLSBAD,,2,2,2,2
2022-10-05,EL CAJON,,2,2,2,2
2022-10-05,ESCONDIDO,,2,2,2,2
2022-10-05,LA MESA,,2,2,2,2
2022-10-05,NATIONAL CITY,,1,1,1,1
2022-10-05,OCEANSIDE,,3,3,3,3
2022-10-05,SAN DIEGO,,23,19,23,23
2022-10-05,SHERIFF,,23,23,23,23
2022-10-06,CARLSBAD,,2,2,2,2
2022-10-06,CHULA VISTA,,2,2,2,2
2022-10-06,EL CAJON,,13,10,13,13
2022-10-06,ESCONDIDO,,3,3,3,3
2022-10-06,HARBOR POLICE,,2,2,2,2
2022-10-06,LA MESA,,2,2,2,2
2022-10-06,NATIONAL CITY,,2,2,2,2
2022-10-06,OCEANSIDE,,2,2,2,2
2022-10-06,SAN DIEGO,,20,20,20,20
2022-10-06,SHERIFF,,18,17,18,18
2022-10-07,CARLSBAD,,6,5,5,5
2022-10-07,CHULA VISTA,,2,2,2,2
2022-10-07,EL CAJON,,3,3,3,3
2022-10-07,ESCONDIDO,,7,7,7,7
2022-10-07,HARBOR POLICE,,1,1,1,1
2022-10-07,OCEANSIDE,,2,2,2,2
2022-10-07,SAN DIEGO,,31,31,31,31
2022-10-07,SHERIFF,,15,15,15,15
2022-10-08,CARLSBAD,,2,2,2,2
2022-10-08,CHULA VISTA,,6,6,6,6
2022-10-08,EL CAJON,,3,3,3,3
2022-10-08,ESCONDIDO,,6,6,6,6
2022-10-08,HARBOR POLICE,,2,2,2,2
2022-10-08,NATIONAL CITY,,3,3,3,3
2022-10-08,SAN DIEGO,,24,24,24,24
2022-10-08,SHERIFF,,12,12,12,12
2022-10-09,CARLSBAD,,1,1,1,1
2022-10-09,CHULA VISTA,,4,4,4,4
2022-10-09,EL CAJON,,1,1,1,1
2022-10-09,ESCONDIDO,,8,8,8,8
2022-10-09,HARBOR POLICE,,1,1,1,1
2022-10-09,LA MESA,,1,1,1,1
2022-10-09,NATIONAL CITY,,3,3,3,3
2022-10-09,OCEANSIDE,,3,3,3,3
2022-10-09,SAN DIEGO,,33,33,33,33
2022-10-09,SHERIFF,,13,13,13,13
2022-10-10,CHULA VISTA,,2,2,2,2
2022-10-10,EL CAJON,,1,1,1,1
2022-10-10,ESCONDIDO,,5,5,5,5
2022-10-10,OCEANSIDE,,1,1,1,1
2022-10-10,SAN DIEGO,,14,14,14,14
2022-10-10,SHERIFF,,14,14,14,14
2022-10-11,CARLSBAD,,1,1,1,1
2022-10-11,EL CAJON,,6,6,6,6
2022-10-11,ESCONDIDO,,5,5,5,5
2022-10-11,NATIONAL CITY,,1,1,1,1
2022-10-11,OCEANSIDE,,2,2,2,2
2022-10-11,SAN DIEGO,,12,12,12,12
2022-10-11,SHERIFF,,16,16,16,16
2022-10-12,EL CAJON,,2,2,2,2
2022-10-12,ESCONDIDO,,8,8,8,8
2022-10-12,HARBOR POLICE,,1,1,1,1
2022-10-12,LA MESA,,1,1,1,1
2022-10-12,SAN DIEGO,,14,13,14,14
2022-10-12,SHERIFF,,20,19,20,20
2022-10-13,CHULA VISTA,,1,1,1,1
2022-10-13,EL CAJON,,7,7,7,7
2022-10-13,ESCONDIDO,,4,4,4,4
2022-10-13,HARBOR POLICE,,1,1,1,1
2022-10-13,LA MESA,,2,2,2,2
2022-10-13,OCEANSIDE,,1,1,1,1
2022-10-13,SAN DIEGO,,25,25,25,25
2022-10-13,SHERIFF,,15,15,15,15
2022-10-14,CARLSBAD,,2,2,2,2
2022-10-14,CHULA VISTA,,1,1,1,1
2022-10-14,EL CAJON,,1,1,1,1
2022-10-14,ESCONDIDO,,8,8,8,8
2022-10-14,HARBOR POLICE,,2,2,2,2
2022-10-14,SAN DIEGO,,24,24,24,24
2022-10-14,SHERIFF,,12,12,12,12
2022-10-15,CARLSBAD,,1,1,1,1
2022-10-15,CHULA VISTA,,1,1,1,1
2022-10-15,EL CAJON,,1,1,1,1
2022-10-15,ESCONDIDO,,9,9,9,9
2022-10-15,HARBOR POLICE,,3,3,3,3
2022-10-15,NATIONAL CITY,,1,1,1,1
2022-10-15,OCEANSIDE,,2,2,2,2
2022-10-15,SAN DIEGO,,24,24,24,24
2022-10-15,SHERIFF,,13,12,13,13
2022-10-16,CARLSBAD,,2,2,2,2
2022-10-16,CHULA VISTA,,4,4,4,4
2022-10-16,EL CAJON,,2,2,2,2
2022-10-16,ESCONDIDO,,7,6,7,7
2022-10-16,HARBOR POLICE,,1,1,1,1
2022-10-16,LA MESA,,3,3,3,3
2022-10-16,OCEANSIDE,,6,6,6,6
2022-10-16,SAN DIEGO,,19,19,19,19
2022-10-16,SHERIFF,,9,9,9,9
2022-10-17,CARLSBAD,,4,3,4,4
2022-10-17,CHULA VISTA,,2,2,2,2
2022-10-17,EL CAJON,,1,1,1,1
2022-10-17,ESCONDIDO,,6,6,6,6
2022-10-17,HARBOR POLICE,,1,1,1,1
2022-10-17,OCEANSIDE,,5,5,5,5
2022-10-17,SAN DIEGO,,22,21,22,22
2022-10-17,SHERIFF,,9,9,9,9
2022-10-18,CARLSBAD,,1,1,1,1
2022-10-18,CHULA VISTA,,3,3,3,3
2022-10-18,EL CAJON,,1,1,1,1
2022-10-18,ESCONDIDO,,6,6,6,6
2022-10-18,HARBOR POLICE,,1,1,1,1
2022-10-18,LA MESA,,1,1,1,1
2022-10-18,OCEANSIDE,,5,5,5,5
2022-10-18,SAN DIEGO,,19,18,18,18
2022-10-18,SHERIFF,,17,17,17,17
2022-10-19,CARLSBAD,,1,1,1,1
2022-10-19,CHULA VISTA,,2,2,2,2
2022-10-19,EL CAJON,,4,4,4,4
2022-10-19,ESCONDIDO,,1,1,1,1
2022-10-19,LA MESA,,1,1,1,1
2022-10-19,NATIONAL CITY,,3,3,3,3
2022-10-19,OCEANSIDE,,1,1,1,1
2022-10-19,SAN DIEGO,,22,22,22,22
2022-10-19,SHERIFF,,18,18,18,18
2022-10-20,CARLSBAD,,2,2,2,2
2022-10-20,CHULA VISTA,,3,3,3,3
2022-10-20,ESCONDIDO,,5,5,5,5
2022-10-20,HARBOR POLICE,,3,3,3,3
2022-10-20,NATIONAL CITY,,1,1,1,1
2022-10-20,OCEANSIDE,,1,1,1,1
2022-10-20,SAN DIEGO,,16,16,16,16
2022-10-20,SHERIFF,,17,14,17,17
2022-10-21,CARLSBAD,,1,1,1,1
2022-10-21,CHULA VISTA,,2,2,2,2
2022-10-21,EL CAJON,,7,2,7,7
2022-10-21,ESCONDIDO,,5,5,5,5
2022-10-21,LA MESA,,1,1,1,1
2022-10-21,NATIONAL CITY,,1,1,1,1
2022-10-21,OCEANSIDE,,3,3,3,3
2022-10-21,SAN DIEGO,,26,26,26,26
2022-10-21,SHERIFF,,16,16,16,16
2022-10-22,CARLSBAD,,3,3,3,3
2022-10-22,CHULA VISTA,,2,2,2,2
2022-10-22,EL CAJON,,1,1,1,1
2022-10-22,ESCONDIDO,,9,9,9,9
2022-10-22,HARBOR POLICE,,1,1,1,1
2022-10-22,LA MESA,,2,2,2,2
2022-10-22,NATIONAL CITY,,2,2,2,2
2022-10-22,OCEANSIDE,,6,6,6,6
2022-10-22,SAN DIEGO,,19,19,19,19
2022-10-22,SHERIFF,,9,9,9,9
2022-10-23,CHULA VISTA,,3,3,3,3
2022-10-23,EL CAJON,,3,3,3,3
2022-10-23,ESCONDIDO,,4,4,4,4
2022-10-23,LA MESA,,1,1,1,1
2022-10-23,OCEANSIDE,,1,1,1,1
2022-10-23,SAN DIEGO,,14,14,14,14
2022-10-23,SHERIFF,,9,9,9,9
2022-10-24,EL CAJON,,11,5,11,11
2022-10-24,ESCONDIDO,,6,6,6,6
2022-10-24,LA MESA,,2,2,2,2
2022-10-24,NATIONAL CITY,,3,3,3,3
2022-10-24,OCEANSIDE,,2,2,2,2
2022-10-24,SAN DIEGO,,15,15,15,15
2022-10-24,SHERIFF,,19,18,19,19
2022-10-25,CARLSBAD,,3,3,3,3
2022-10-25,CHULA VISTA,,2,2,2,2
2022-10-25,EL CAJON,,1,1,1,1
2022-10-25,ESCONDIDO,,1,1,1,1
2022-10-25,OCEANSIDE,,4,4,4,4
2022-10-25,SAN DIEGO,,26,26,26,26
2022-10-25,SHERIFF,,9,9,9,9
2022-10-26,CARLSBAD,,2,2,2,2
2022-10-26,CHULA VISTA,,1,1,1,1
2022-10-26,EL CAJON,,2,2,2,2
2022-10-26,ESCONDIDO,,4,4,4,4
2022-10-26,HARBOR POLICE,,1,1,1,1
2022-10-26,LA MESA,,2,2,2,2
2022-10-26,NATIONAL CITY,,2,2,2,2
2022-10-26,OCEANSIDE,,3,3,3,3
2022-10-26,SAN DIEGO,,17,17,17,17
2022-10-26,SHERIFF,,20,20,20,20
2022-10-27,EL CAJON,,6,5,6,6
2022-10-27,ESCONDIDO,,1,1,1,1
2022-10-27,HARBOR POLICE,,1,1,1,1
2022-10-27,NATIONAL CITY,,1,1,1,1
2022-10-27,SAN DIEGO,,16,16,16,16
2022-10-27,SHERIFF,,23,23,23,23
2022-10-28,CARLSBAD,,3,3,3,3
2022-10-28,CHULA VISTA,,2,2,2,2
2022-10-28,EL CAJON,,5,5,5,5
2022-10-28,ESCONDIDO,,5,5,5,5
2022-10-28,HARBOR POLICE,,2,2,2,2
2022-10-28,LA MESA,,1,1,1,1
2022-10-28,NATIONAL CITY,,1,1,1,1
2022-10-28,SAN DIEGO,,20,20,20,20
2022-10-28,SHERIFF,,9,9,9,9
2022-10-29,CARLSBAD,,2,1,2,2
2022-10-29,CHULA VISTA,,4,4,4,4
2022-10-29,EL CAJON,,1,1,1,1
2022-10-29,ESCONDIDO,,7,7,7,7
2022-10-29,HARBOR POLICE,,1,1,1,1
2022-10-29,NATIONAL CITY,,1,1,1,1
2022-10-29,OCEANSIDE,,2,2,2,2
2022-10-29,SAN DIEGO,,26,26,26,26
2022-10-29,SHERIFF,,11,11,11,11
2022-10-30,CARLSBAD,,1,1,1,1
2022-10-30,CHULA VISTA,,3,3,3,3
2022-10-30,EL CAJON,,3,3,3,3
2022-10-30,ESCONDIDO,,6,5,6,6
2022-10-30,HARBOR POLICE,,2,2,2,2
2022-10-30,LA MESA,,1,1,1,1
2022-10-30,NATIONAL CITY,,2,2,2,2
2022-10-30,OCEANSIDE,,6,6,6,6
2022-10-30,SAN DIEGO,,24,24,24,24
2022-10-30,SHERIFF,,9,9,9,9
2022-10-31,CARLSBAD,,1,1,1,1
2022-10-31,CHULA VISTA,,2,2,2,2
2022-10-31,EL CAJON,,3,3,3,3
2022-10-31,ESCONDIDO,,5,5,5,5
2022-10-31,LA MESA,,2,2,2,2
2022-10-31,NATIONAL CITY,,2,1,2,2
2022-10-31,OCEANSIDE,,3,3,3,3
2022-10-31,SAN DIEGO,,19,18,19,19
2022-10-31,SHERIFF,,7,7,7,7
2022-11-01,CARLSBAD,,2,2,2,2
2022-11-01,EL CAJON,,3,3,3,3
2022-11-01,ESCONDIDO,,5,5,5,5
2022-11-01,LA MESA,,1,1,1,1
2022-11-01,NATIONAL CITY,,1,1,1,1
2022-11-01,OCEANSIDE,,2,2,2,2
2022-11-01,SAN DIEGO,,19,18,19,19
2022-11-01,SHERIFF,,16,16,16,16
2022-11-02,CARLSBAD,,1,1,1,1
2022-11-02,CHULA VISTA,,1,1,1,1
2022-11-02,ESCONDIDO,,5,5,5,5
2022-11-02,LA MESA,,2,2,2,2
2022-11-02,OCEANSIDE,,3,3,3,3
2022-11-02,SAN DIEGO,,22,21,22,22
2022-11-02,SHERIFF,,13,13,13,13
2022-11-03,CARLSBAD,,3,3,3,3
2022-11-03,EL CAJON,,2,2,2,2
2022-11-03,ESCONDIDO,,3,3,3,3
2022-11-03,HARBOR POLICE,,1,1,1,1
2022-11-03,NATIONAL CITY,,1,1,1,1
2022-11-03,OCEANSIDE,,3,3,3,3
2022-11-03,SAN DIEGO,,27,27,27,27
2022-11-03,SHERIFF,,10,10,10,10
2022-11-04,CARLSBAD,,2,1,2,2
2022-11-04,CHULA VISTA,,2,2,2,2
2022-11-04,EL CAJON,,5,5,5,5
2022-11-04,ESCONDIDO,,5,5,5,5
2022-11-04,HARBOR POLICE,,2,2,2,2
2022-11-04,LA MESA,,1,1,1,1
2022-11-04,NATIONAL CITY,,1,1,1,1
2022-11-04,OCEANSIDE,,3,3,3,3
2022-11-04,SAN DIEGO,,34,34,34,34
2022-11-04,SHERIFF,,8,8,8,8
2022-11-05,CARLSBAD,,4,4,4,4
2022-11-05,CHULA VISTA,,4,4,4,4
2022-11-05,EL CAJON,,1,1,1,1
2022-11-05,ESCONDIDO,,5,5,5,5
2022-11-05,HARBOR POLICE,,1,1,1,1
2022-11-05,NATIONAL CITY,,2,2,2,2
2022-11-05,OCEANSIDE,,3,3,3,3
2022-11-05,SAN DIEGO,,22,22,22,22
2022-11-05,SHERIFF,,7,7,7,7
2022-11-06,CARLSBAD,,2,2,2,2
2022-11-06,CHULA VISTA,,4,4,4,4
2022-11-06,EL CAJON,,2,2,2,2
2022-11-06,ESCONDIDO,,2,2,2,2
2022-11-06,LA MESA,,2,2,2,2
2022-11-06,NATIONAL CITY,,2,2,2,2
2022-11-06,OCEANSIDE,,5,5,5,5
2022-11-06,SAN DIEGO,,16,15,16,16
2022-11-06,SHERIFF,,10,9,10,10
2022-11-07,CARLSBAD,,1,1,1,1
2022-11-07,CHULA VISTA,,2,2,2,2
2022-11-07,EL CAJON,,6,1,6,4
2022-11-07,ESCONDIDO,,6,6,6,6
2022-11-07,HARBOR POLICE,,1,1,1,1
2022-11-07,LA MESA,,1,1,1,1
2022-11-07,NATIONAL CITY,,1,1,1,1
2022-11-07,OCEANSIDE,,2,2,2,2
2022-11-07,SAN DIEGO,,8,8,8,8
2022-11-07,SHERIFF,,17,17,17,17
2022-11-08,CHULA VISTA,,2,2,2,2
2022-11-08,EL CAJON,,3,3,3,3
2022-11-08,ESCONDIDO,,5,5,5,5
2022-11-08,LA MESA,,1,1,1,1
2022-11-08,OCEANSIDE,,3,3,3,3
2022-11-08,SAN DIEGO,,13,13,13,13
2022-11-08,SHERIFF,,12,12,12,12
2022-11-09,CARLSBAD,,2,2,2,2
2022-11-09,ESCONDIDO,,5,5,5,5
2022-11-09,HARBOR POLICE,,2,2,2,2
2022-11-09,LA MESA,,1,1,1,1
2022-11-09,NATIONAL CITY,,1,1,1,1
2022-11-09,OCEANSIDE,,2,2,2,2
2022-11-09,SAN DIEGO,,19,19,19,19
2022-11-09,SHERIFF,,15,15,15,15
2022-11-10,CARLSBAD,,2,2,2,2
2022-11-10,CHULA VISTA,,3,3,3,3
2022-11-10,EL CAJON,,2,2,2,2
2022-11-10,ESCONDIDO,,5,5,5,5
2022-11-10,HARBOR POLICE,,2,2,2,2
2022-11-10,LA MESA,,1,1,1,1
2022-11-10,NATIONAL CITY,,1,1,1,1
2022-11-10,OCEANSIDE,,2,2,2,2
2022-11-10,SAN DIEGO,,14,14,14,14
2022-11-10,SHERIFF,,9,9,9,9
2022-11-11,CHULA VISTA,,5,5,5,5
2022-11-11,EL CAJON,,2,2,2,2
2022-11-11,ESCONDIDO,,2,2,2,2
2022-11-11,OCEANSIDE,,4,4,4,4
2022-11-11,SAN DIEGO,,29,29,29,29
2022-11-11,SHERIFF,,18,18,18,18
2022-11-12,CARLSBAD,,2,2,2,2
2022-11-12,CHULA VISTA,,1,1,1,1
2022-11-12,EL CAJON,,4,4,4,4
2022-11-12,ESCONDIDO,,7,7,7,7
2022-11-12,HARBOR POLICE,,3,3,3,3
2022-11-12,LA MESA,,2,2,2,2
2022-11-12,NATIONAL CITY,,1,1,1,1
2022-11-12,OCEANSIDE,,5,5,5,5
2022-11-12,SAN DIEGO,,25,24,25,25
2022-11-12,SHERIFF,,10,10,10,10
2022-11-13,CARLSBAD,,1,1,1,1
2022-11-13,CHULA VISTA,,2,2,2,2
2022-11-13,EL CAJON,,1,1,1,1
2022-11-13,ESCONDIDO,,4,4,4,4
2022-11-13,LA MESA,,2,2,2,2
2022-11-13,NATIONAL CITY,,2,2,2,2
2022-11-13,OCEANSIDE,,2,2,2,2
2022-11-13,SAN DIEGO,,15,15,15,15
2022-11-13,SHERIFF,,16,15,16,16
2022-11-14,CARLSBAD,,1,1,1,1
2022-11-14,EL CAJON,,3,3,3,3
2022-11-14,ESCONDIDO,,5,5,5,5
2022-11-14,OCEANSIDE,,2,2,2,2
2022-11-14,SAN DIEGO,,12,12,12,12
2022-11-14,SHERIFF,,13,13,13,13
2022-11-15,CARLSBAD,,2,2,2,2
2022-11-15,CHULA VISTA,,1,1,1,1
2022-11-15,ESCONDIDO,,4,4,4,4
2022-11-15,LA MESA,,1,1,1,1
2022-11-15,NATIONAL CITY,,1,1,1,1
2022-11-15,OCEANSIDE,,3,3,3,3
2022-11-15,SAN DIEGO,,16,16,16,16
2022-11-15,SHERIFF,,21,21,21,21
2022-11-16,CARLSBAD,,2,2,2,2
2022-11-16,CHULA VISTA,,2,2,2,2
2022-11-16,EL CAJON,,5,3,5,5
2022-11-16,ESCONDIDO,,1,1,1,1
2022-11-16,LA MESA,,1,1,1,1
2022-11-16,NATIONAL CITY,,1,1,1,1
2022-11-16,SAN DIEGO,,21,21,21,21
2022-11-16,SHERIFF,,17,17,17,17
2022-11-17,CARLSBAD,,1,1,1,1
2022-11-17,CHULA VISTA,,3,3,3,3
2022-11-17,EL CAJON,,1,1,1,1
2022-11-17,ESCONDIDO,,6,6,6,6
2022-11-17,LA MESA,,1,1,1,1
2022-11-17,OCEANSIDE,,6,6,6,6
2022-11-17,SAN DIEGO,,17,17,17,17
2022-11-17,SHERIFF,,19,19,19,19
2022-11-18,CARLSBAD,,5,5,5,5
2022-11-18,CHULA VISTA,,1,1,1,1
2022-11-18,EL CAJON,,5,3,5,5
2022-11-18,ESCONDIDO,,6,6,6,6
2022-11-18,LA MESA,,4,4,4,4
2022-11-18,OCEANSIDE,,1,1,1,1
2022-11-18,SAN DIEGO,,16,14,15,15
2022-11-18,SHERIFF,,12,12,12,12
2022-11-19,CARLSBAD,,7,7,7,7
2022-11-19,CHULA VISTA,,10,5,8,7
2022-11-19,ESCONDIDO,,6,6,6,6
2022-11-19,OCEANSIDE,,2,2,2,2
2022-11-19,SAN DIEGO,,32,32,32,32
2022-11-19,SHERIFF,,8,8,8,8
2022-11-20,CARLSBAD,,3,3,3,3
2022-11-20,CHULA VISTA,,2,2,2,2
2022-11-20,EL CAJON,,3,2,3,3
2022-11-20,ESCONDIDO,,7,7,7,7
2022-11-20,HARBOR POLICE,,1,1,1,1
2022-11-20,NATIONAL CITY,,1,1,1,1
2022-11-20,SAN DIEGO,,23,23,23,23
2022-11-20,SHERIFF,,6,6,6,6
2022-11-21,CARLSBAD,,2,2,2,2
2022-11-21,CHULA VISTA,,3,3,3,3
2022-11-21,EL CAJON,,6,4,6,6
2022-11-21,ESCONDIDO,,6,6,6,6
2022-11-21,NATIONAL CITY,,2,2,2,2
2022-11-21,OCEANSIDE,,2,2,2,2
2022-11-21,SAN DIEGO,,14,13,14,14
2022-11-21,SHERIFF,,15,15,15,15
2022-11-22,CARLSBAD,,1,1,1,1
2022-11-22,CHULA VISTA,,3,3,3,3
2022-11-22,EL CAJON,,5,5,5,5
2022-11-22,ESCONDIDO,,5,5,5,5
2022-11-22,NATIONAL CITY,,2,2,2,2
2022-11-22,OCEANSIDE,,6,6,6,6
2022-11-22,SAN DIEGO,,18,17,18,18
2022-11-22,SHERIFF,,12,12,12,12
2022-11-23,CARLSBAD,,1,1,1,1
2022-11-23,EL CAJON,,7,4,7,7
2022-11-23,ESCONDIDO,,4,4,4,4
2022-11-23,LA MESA,,2,2,2,2
2022-11-23,OCEANSIDE,,3,3,3,3
2022-11-23,SAN DIEGO,,23,23,23,23
2022-11-23,SHERIFF,,21,20,20,20
2022-11-24,CARLSBAD,,1,1,1,1
2022-11-24,EL CAJON,,6,6,6,6
2022-11-24,ESCONDIDO,,4,4,4,4
2022-11-24,HARBOR POLICE,,2,2,2,2
2022-11-24,LA MESA,,2,2,2,2
2022-11-24,NATIONAL CITY,,1,1,1,1
2022-11-24,OCEANSIDE,,3,3,3,3
2022-11-24,SAN DIEGO,,17,17,17,17
2022-11-24,SHERIFF,,6,6,6,6
2022-11-25,CARLSBAD,,2,2,2,2
2022-11-25,ESCONDIDO,,7,7,7,7
2022-11-25,LA MESA,,1,1,1,1
2022-11-25,NATIONAL CITY,,2,2,2,2
2022-11-25,OCEANSIDE,,3,3,3,3
2022-11-25,SAN DIEGO,,15,15,15,15
2022-11-25,SHERIFF,,5,5,5,5
2022-11-26,CARLSBAD,,5,5,5,5
2022-11-26,CHULA VISTA,,1,1,1,1
2022-11-26,EL CAJON,,1,1,1,1
2022-11-26,ESCONDIDO,,6,6,6,6
2022-11-26,LA MESA,,1,1,1,1
2022-11-26,NATIONAL CITY,,2,2,2,2
2022-11-26,OCEANSIDE,,2,2,2,2
2022-11-26,SAN DIEGO,,25,24,24,24
2022-11-26,SHERIFF,,15,15,15,15
2022-11-27,CARLSBAD,,4,4,4,4
2022-11-27,CHULA VISTA,,3,3,3,3
2022-11-27,EL CAJON,,3,3,3,3
2022-11-27,ESCONDIDO,,7,7,7,7
2022-11-27,HARBOR POLICE,,1,1,1,1
2022-11-27,LA MESA,,1,1,1,1
2022-11-27,OCEANSIDE,,6,6,6,6
2022-11-27,SAN DIEGO,,20,20,20,20
2022-11-27,SHERIFF,,14,14,14,14
2022-11-28,CARLSBAD,,1,1,1,1
2022-11-28,CHULA VISTA,,2,2,2,2
2022-11-28,EL CAJON,,8,4,8,8
2022-11-28,ESCONDIDO,,4,4,4,4
2022-11-28,NATIONAL CITY,,2,2,2,2
2022-11-28,OCEANSIDE,,4,4,4,4
2022-11-28,SAN DIEGO,,15,15,15,15
2022-11-28,SHERIFF,,15,15,15,15
2022-11-29,CARLSBAD,,1,1,1,1
2022-11-29,EL CAJON,,4,3,4,4
2022-11-29,ESCONDIDO,,5,5,5,5
2022-11-29,HARBOR POLICE,,1,1,1,1
2022-11-29,NATIONAL CITY,,1,1,1,1
2022-11-29,OCEANSIDE,,5,5,5,5
2022-11-29,SAN DIEGO,,9,9,9,9
2022-11-29,SHERIFF,,15,15,15,15
2022-11-30,CARLSBAD,,2,2,2,2
2022-11-30,CHULA VISTA,,3,3,3,3
2022-11-30,EL CAJON,,4,3,4,4
2022-11-30,ESCONDIDO,,6,6,6,6
2022-11-30,HARBOR POLICE,,1,1,1,1
2022-11-30,LA MESA,,3,3,3,3
2022-11-30,OCEANSIDE,,3,3,3,3
2022-11-30,SAN DIEGO,,18,17,18,18
2022-11-30,SHERIFF,,22,22,22,22
2022-12-01,CARLSBAD,,4,4,4,4
2022-12-01,ESCONDIDO,,1,1,1,1
2022-12-01,LA MESA,,2,2,2,2
2022-12-01,NATIONAL CITY,,1,1,1,1
2022-12-01,OCEANSIDE,,2,2,2,2
2022-12-01,SAN DIEGO,,19,19,19,19
2022-12-01,SHERIFF,,13,13,13,13
2022-12-02,CARLSBAD,,3,3,3,3
2022-12-02,CHULA VISTA,,4,4,4,4
2022-12-02,EL CAJON,,5,4,5,5
2022-12-02,ESCONDIDO,,4,4,4,4
2022-12-02,LA MESA,,2,2,2,2
2022-12-02,OCEANSIDE,,1,1,1,1
2022-12-02,SAN DIEGO,,22,22,22,22
2022-12-02,SHERIFF,,17,16,17,17
2022-12-03,CARLSBAD,,3,3,3,3
2022-12-03,CHULA VISTA,,6,6,6,6
2022-12-03,EL CAJON,,2,2,2,2
2022-12-03,ESCONDIDO,,4,4,4,4
2022-12-03,HARBOR POLICE,,1,1,1,1
2022-12-03,LA MESA,,1,1,1,1
2022-12-03,OCEANSIDE,,3,3,3,3
2022-12-03,SAN DIEGO,,24,24,24,24
2022-12-03,SHERIFF,,8,8,8,8
2022-12-04,CARLSBAD,,2,2,2,2
2022-12-04,CHULA VISTA,,6,6,6,6
2022-12-04,EL CAJON,,4,4,4,4
2022-12-04,ESCONDIDO,,3,3,3,3
2022-12-04,LA MESA,,2,2,2,2
2022-12-04,NATIONAL CITY,,2,2,2,2
2022-12-04,OCEANSIDE,,2,2,2,2
2022-12-04,SAN DIEGO,,19,19,19,19
2022-12-04,SHERIFF,,14,13,14,14
2022-12-05,CARLSBAD,,1,1,1,1
2022-12-05,CHULA VISTA,,2,2,2,2
2022-12-05,EL CAJON,,1,1,1,1
2022-12-05,ESCONDIDO,,2,2,2,2
2022-12-05,HARBOR POLICE,,1,1,1,1
2022-12-05,LA MESA,,2,2,2,2
2022-12-05,OCEANSIDE,,3,3,3,3
2022-12-05,SAN DIEGO,,24,20,24,24
2022-12-05,SHERIFF,,13,13,13,13
2022-12-06,CARLSBAD,,2,2,2,2
2022-12-06,EL CAJON,,2,2,2,2
2022-12-06,ESCONDIDO,,4,4,4,4
2022-12-06,HARBOR POLICE,,2,2,2,2
2022-12-06,NATIONAL CITY,,1,1,1,1
2022-12-06,OCEANSIDE,,4,4,4,4
2022-12-06,SAN DIEGO,,20,20,20,20
2022-12-06,SHERIFF,,8,8,8,8
2022-12-07,CARLSBAD,,3,1,3,3
2022-12-07,CHULA VISTA,,1,1,1,1
2022-12-07,EL CAJON,,1,1,1,1
2022-12-07,ESCONDIDO,,1,1,1,1
2022-12-07,LA MESA,,1,1,1,1
2022-12-07,NATIONAL CITY,,1,1,1,1
2022-12-07,OCEANSIDE,,1,1,1,1
2022-12-07,SAN DIEGO,,15,15,15,15
2022-12-07,SHERIFF,,15,15,15,15
2022-12-08,CARLSBAD,,2,2,2,2
2022-12-08,CHULA VISTA,,1,1,1,1
2022-12-08,EL CAJON,,1,1,1,1
2022-12-08,ESCONDIDO,,3,3,3,3
2022-12-08,NATIONAL CITY,,1,1,1,1
2022-12-08,OCEANSIDE,,2,2,2,2
2022-12-08,SAN DIEGO,,15,15,15,15
2022-12-08,SHERIFF,,16,16,16,16
2022-12-09,CARLSBAD,,1,1,1,1
2022-12-09,CHULA VISTA,,2,2,2,2
2022-12-09,EL CAJON,,3,3,3,3
2022-12-09,ESCONDIDO,,3,3,3,3
2022-12-09,HARBOR POLICE,,3,3,3,3
2022-12-09,LA MESA,,4,4,4,4
2022-12-09,OCEANSIDE,,6,6,6,6
2022-12-09,SAN DIEGO,,29,29,29,29
2022-12-09,SHERIFF,,21,16,21,21
2022-12-10,CARLSBAD,,1,1,1,1
2022-12-10,CHULA VISTA,,3,3,3,3
2022-12-10,EL CAJON,,1,1,1,1
2022-12-10,ESCONDIDO,,3,3,3,3
2022-12-10,LA MESA,,3,3,3,3
2022-12-10,NATIONAL CITY,,1,1,1,1
2022-12-10,SAN DIEGO,,28,28,28,28
2022-12-10,SHERIFF,,14,14,14,14
2022-12-11,CHULA VISTA,,3,3,3,3
2022-12-11,ESCONDIDO,,2,2,2,2
2022-12-11,HARBOR POLICE,,2,2,2,2
2022-12-11,NATIONAL CITY,,2,2,2,2
2022-12-11,OCEANSIDE,,2,2,2,2
2022-12-11,SAN DIEGO,,15,15,15,15
2022-12-11,SHERIFF,,15,15,15,15
2022-12-12,CARLSBAD,,4,4,4,4
2022-12-12,CHULA VISTA,,2,2,2,2
2022-12-12,ESCONDIDO,,7,7,7,7
2022-12-12,LA MESA,,1,1,1,1
2022-12-12,NATIONAL CITY,,2,2,2,2
2022-12-12,OCEANSIDE,,3,3,3,3
2022-12-12,SAN DIEGO,,14,14,14,14
2022-12-12,SHERIFF,,13,13,13,13
2022-12-13,CARLSBAD,,3,2,3,3
2022-12-13,EL CAJON,,3,3,3,3
2022-12-13,ESCONDIDO,,3,3,3,3
2022-12-13,HARBOR POLICE,,1,1,1,1
2022-12-13,LA MESA,,2,2,2,2
2022-12-13,OCEANSIDE,,5,5,5,5
2022-12-13,SAN DIEGO,,11,11,11,11
2022-12-13,SHERIFF,,17,17,17,17
2022-12-14,CARLSBAD,,1,1,1,1
2022-12-14,CHULA VISTA,,3,3,3,3
2022-12-14,EL CAJON,,2,2,2,2
2022-12-14,ESCONDIDO,,4,4,4,4
2022-12-14,OCEANSIDE,,2,2,2,2
2022-12-14,SAN DIEGO,,19,19,19,19
2022-12-14,SHERIFF,,10,10,10,10
2022-12-15,CARLSBAD,,6,6,6,6
2022-12-15,CHULA VISTA,,1,1,1,1
2022-12-15,EL CAJON,,4,4,4,4
2022-12-15,ESCONDIDO,,3,3,3,3
2022-12-15,HARBOR POLICE,,1,1,1,1
2022-12-15,LA MESA,,1,1,1,1
2022-12-15,OCEANSIDE,,3,3,3,3
2022-12-15,SAN DIEGO,,25,25,25,25
2022-12-15,SHERIFF,,13,12,13,13
2022-12-16,CARLSBAD,,1,1,1,1
2022-12-16,CHULA VISTA,,4,4,4,4
2022-12-16,EL CAJON,,4,4,4,4
2022-12-16,ESCONDIDO,,2,2,2,2
2022-12-16,HARBOR POLICE,,3,3,3,3
2022-12-16,LA MESA,,2,2,2,2
2022-12-16,NATIONAL CITY,,1,1,1,1
2022-12-16,OCEANSIDE,,5,5,5,5
2022-12-16,SAN DIEGO,,20,20,20,20
2022-12-16,SHERIFF,,16,16,16,16
2022-12-17,CARLSBAD,,3,3,3,3
2022-12-17,CHULA VISTA,,4,4,4,4
2022-12-17,EL CAJON,,4,2,4,4
2022-12-17,ESCONDIDO,,10,10,10,10
2022-12-17,HARBOR POLICE,,1,1,1,1
2022-12-17,OCEANSIDE,,3,3,3,3
2022-12-17,SAN DIEGO,,23,23,23,23
2022-12-17,SHERIFF,,10,10,10,10
2022-12-18,CARLSBAD,,2,2,2,2
2022-12-18,CHULA VISTA,,3,3,3,3
2022-12-18,EL CAJON,,8,4,8,8
2022-12-18,ESCONDIDO,,6,6,6,6
2022-12-18,HARBOR POLICE,,1,1,1,1
2022-12-18,LA MESA,,4,2,4,4
2022-12-18,NATIONAL CITY,,2,2,2,2
2022-12-18,OCEANSIDE,,5,5,5,5
2022-12-18,SAN DIEGO,,16,16,16,16
2022-12-18,SHERIFF,,10,10,10,10
2022-12-19,CARLSBAD,,2,2,2,2
2022-12-19,CHULA VISTA,,3,3,3,3
2022-12-19,EL CAJON,,2,2,2,2
2022-12-19,ESCONDIDO,,6,6,6,6
2022-12-19,HARBOR POLICE,,2,2,2,2
2022-12-19,LA MESA,,1,1,1,1
2022-12-19,NATIONAL CITY,,1,1,1,1
2022-12-19,SAN DIEGO,,12,12,12,12
2022-12-19,SHERIFF,,19,19,19,19
2022-12-20,CARLSBAD,,1,1,1,1
2022-12-20,CHULA VISTA,,1,1,1,1
2022-12-20,EL CAJON,,2,2,2,2
2022-12-20,ESCONDIDO,,2,2,2,2
2022-12-20,LA MESA,,1,1,1,1
2022-12-20,NATIONAL CITY,,1,1,1,1
2022-12-20,OCEANSIDE,,1,1,1,1
2022-12-20,SAN DIEGO,,15,15,15,15
2022-12-20,SHERIFF,,25,25,25,25
2022-12-21,CARLSBAD,,1,1,1,1
2022-12-21,CHULA VISTA,,2,2,2,2
2022-12-21,EL CAJON,,1,1,1,1
2022-12-21,ESCONDIDO,,7,7,7,7
2022-12-21,HARBOR POLICE,,3,3,3,3
2022-12-21,NATIONAL CITY,,1,1,1,1
2022-12-21,OCEANSIDE,,4,4,4,4
2022-12-21,SAN DIEGO,,13,13,13,13
2022-12-21,SHERIFF,,20,20,20,20
2022-12-22,CHULA VISTA,,1,1,1,1
2022-12-22,EL CAJON,,3,3,3,3
2022-12-22,ESCONDIDO,,2,2,2,2
2022-12-22,LA MESA,,2,2,2,2
2022-12-22,NATIONAL CITY,,1,1,1,1
2022-12-22,OCEANSIDE,,1,1,1,1
2022-12-22,SAN DIEGO,,10,10,10,10
2022-12-22,SHERIFF,,13,13,13,13
2022-12-23,CARLSBAD,,2,2,2,2
2022-12-23,CHULA VISTA,,4,4,4,4
2022-12-23,EL CAJON,,2,2,2,2
2022-12-23,ESCONDIDO,,3,3,3,3
2022-12-23,HARBOR POLICE,,1,1,1,1
2022-12-23,LA MESA,,2,2,2,2
2022-12-23,NATIONAL CITY,,4,4,4,4
2022-12-23,OCEANSIDE,,2,2,2,2
2022-12-23,SAN DIEGO,,21,21,21,21
2022-12-23,SHERIFF,,13,13,13,13
2022-12-24,CARLSBAD,,4,4,4,4
2022-12-24,CHULA VISTA,,5,5,5,5
2022-12-24,EL CAJON,,3,3,3,3
2022-12-24,ESCONDIDO,,7,7,7,7
2022-12-24,NATIONAL CITY,,1,1,1,1
2022-12-24,OCEANSIDE,,3,3,3,3
2022-12-24,SAN DIEGO,,20,20,20,20
2022-12-24,SHERIFF,,6,6,6,6
2022-12-25,CARLSBAD,,1,1,1,1
2022-12-25,CHULA VISTA,,1,1,1,1
2022-12-25,EL CAJON,,3,3,3,3
2022-12-25,ESCONDIDO,,2,2,2,2
2022-12-25,HARBOR POLICE,,2,2,2,2
2022-12-25,LA MESA,,2,2,2,2
2022-12-25,NATIONAL CITY,,4,3,4,4
2022-12-25,OCEANSIDE,,4,4,4,4
2022-12-25,SAN DIEGO,,12,11,11,11
2022-12-25,SHERIFF,,12,12,12,12
2022-12-26,CARLSBAD,,2,2,2,2
2022-12-26,CHULA VISTA,,2,2,2,2
2022-12-26,EL CAJON,,1,1,1,1
2022-12-26,ESCONDIDO,,5,5,5,5
2022-12-26,LA MESA,,3,3,3,3
2022-12-26,NATIONAL CITY,,1,1,1,1
2022-12-26,OCEANSIDE,,3,3,3,3
2022-12-26,SAN DIEGO,,11,11,11,11
2022-12-26,SHERIFF,,6,6,6,6
2022-12-27,CHULA VISTA,,2,2,2,2
2022-12-27,EL CAJON,,2,2,2,2
2022-12-27,ESCONDIDO,,2,2,2,2
2022-12-27,LA MESA,,1,1,1,1
2022-12-27,OCEANSIDE,,4,3,4,4
2022-12-27,SAN DIEGO,,10,10,10,10
2022-12-27,SHERIFF,,10,10,10,10
2022-12-28,CARLSBAD,,1,1,1,1
2022-12-28,CHULA VISTA,,1,1,1,1
2022-12-28,EL CAJON,,3,3,3,3
2022-12-28,ESCONDIDO,,2,2,2,2
2022-12-28,LA MESA,,2,2,2,2
2022-12-28,NATIONAL CITY,,2,2,2,2
2022-12-28,OCEANSIDE,,3,3,3,3
2022-12-28,SAN DIEGO,,17,17,17,17
2022-12-28,SHERIFF,,13,13,13,13
2022-12-29,CARLSBAD,,3,3,3,3
2022-12-29,CHULA VISTA,,1,1,1,1
2022-12-29,EL CAJON,,3,3,3,3
2022-12-29,ESCONDIDO,,5,5,5,5
2022-12-29,LA MESA,,2,2,2,2
2022-12-29,OCEANSIDE,,1,1,1,1
2022-12-29,SAN DIEGO,,21,21,21,21
2022-12-29,SHERIFF,,15,14,15,15
2022-12-30,CARLSBAD,,2,2,2,2
2022-12-30,CHULA VISTA,,3,3,3,3
2022-12-30,EL CAJON,,4,4,4,4
2022-12-30,ESCONDIDO,,4,4,4,4
2022-12-30,HARBOR POLICE,,1,1,1,1
2022-12-30,LA MESA,,1,1,1,1
2022-12-30,NATIONAL CITY,,2,2,2,2
2022-12-30,OCEANSIDE,,6,6,6,6
2022-12-30,SAN DIEGO,,19,19,19,19
2022-12-30,SHERIFF,,11,11,11,11
2022-12-31,CARLSBAD,,2,2,2,2
2022-12-31,CHULA VISTA,,1,1,1,1
2022-12-31,EL CAJON,,5,5,5,5
2022-12-31,ESCONDIDO,,8,7,8,8
2022-12-31,HARBOR POLICE,,2,2,2,2
2022-12-31,LA MESA,,1,1,1,1
2022-12-31,OCEANSIDE,,3,3,3,3
2022-12-31,SAN DIEGO,,19,18,19,19
2022-12-31,SHERIFF,,12,12,12,12
2023-01-01,CARLSBAD,,2,2,2,2
2023-01-01,CHULA VISTA,,1,1,1,1
2023-01-01,EL CAJON,,2,2,2,2
2023-01-01,ESCONDIDO,,3,3,3,3
2023-01-01,HARBOR POLICE,,2,2,2,2
2023-01-01,NATIONAL CITY,,1,1,1,1
2023-01-01,OCEANSIDE,,2,2,2,2
2023-01-01,SAN DIEGO,,31,31,31,31
2023-01-01,SHERIFF,,6,6,6,6
2023-01-02,CARLSBAD,,2,2,2,2
2023-01-02,CHULA VISTA,,3,3,3,3
2023-01-02,EL CAJON,,1,1,1,1
2023-01-02,ESCONDIDO,,1,1,1,1
2023-01-02,OCEANSIDE,,4,4,4,4
2023-01-02,SAN DIEGO,,13,12,13,13
2023-01-02,SHERIFF,,10,10,10,10
2023-01-03,CARLSBAD,,1,1,1,1
2023-01-03,CHULA VISTA,,3,3,3,3
2023-01-03,EL CAJON,,3,3,3,3
2023-01-03,ESCONDIDO,,4,4,4,4
2023-01-03,HARBOR POLICE,,1,1,1,1
2023-01-03,LA MESA,,1,1,1,1
2023-01-03,NATIONAL CITY,,1,1,1,1
2023-01-03,OCEANSIDE,,3,3,3,3
2023-01-03,SAN DIEGO,,19,19,19,19
2023-01-03,SHERIFF,,7,7,7,7
2023-01-04,CARLSBAD,,1,1,1,1
2023-01-04,CHULA VISTA,,4,4,4,4
2023-01-04,EL CAJON,,3,3,3,3
2023-01-04,ESCONDIDO,,3,3,3,3
2023-01-04,HARBOR POLICE,,1,1,1,1
2023-01-04,LA MESA,,2,2,2,2
2023-01-04,OCEANSIDE,,2,2,2,2
2023-01-04,SAN DIEGO,,16,16,16,16
2023-01-04,SHERIFF,,15,15,15,15
2023-01-05,CARLSBAD,,2,2,2,2
2023-01-05,CHULA VISTA,,1,1,1,1
2023-01-05,ESCONDIDO,,5,5,5,5
2023-01-05,HARBOR POLICE,,1,1,1,1
2023-01-05,NATIONAL CITY,,2,2,2,2
2023-01-05,SAN DIEGO,,22,22,22,22
2023-01-05,SHERIFF,,16,16,16,16
2023-01-06,CARLSBAD,,5,5,5,5
2023-01-06,CHULA VISTA,,2,2,2,2
2023-01-06,EL CAJON,,3,3,3,3
2023-01-06,ESCONDIDO,,5,5,5,5
2023-01-06,LA MESA,,1,1,1,1
2023-01-06,OCEANSIDE,,3,3,3,3
2023-01-06,SAN DIEGO,,27,27,27,27
2023-01-06,SHERIFF,,25,22,25,25
2023-01-07,CARLSBAD,,4,3,4,4
2023-01-07,CHULA VISTA,,4,3,4,4
2023-01-07,EL CAJON,,2,2,2,2
2023-01-07,ESCONDIDO,,5,5,5,5
2023-01-07,HARBOR POLICE,,1,1,1,1
2023-01-07,OCEANSIDE,,3,3,3,3
2023-01-07,SAN DIEGO,,23,23,23,23
2023-01-07,SHERIFF,,8,8,8,8
2023-01-08,CARLSBAD,,2,1,2,2
2023-01-08,CHULA VISTA,,3,3,3,3
2023-01-08,ESCONDIDO,,4,4,4,4
2023-01-08,HARBOR POLICE,,2,2,2,2
2023-01-08,LA MESA,,2,1,2,2
2023-01-08,NATIONAL CITY,,2,2,2,2
2023-01-08,OCEANSIDE,,2,2,2,2
2023-01-08,SAN DIEGO,,16,14,16,16
2023-01-08,SHERIFF,,5,5,5,5
2023-01-09,CARLSBAD,,1,1,1,1
2023-01-09,CHULA VISTA,,2,2,2,2
2023-01-09,ESCONDIDO,,5,3,5,5
2023-01-09,HARBOR POLICE,,1,1,1,1
2023-01-09,LA MESA,,1,1,1,1
2023-01-09,OCEANSIDE,,3,3,3,3
2023-01-09,SAN DIEGO,,19,18,19,19
2023-01-09,SHERIFF,,7,7,7,7
2023-01-10,CHULA VISTA,,2,2,2,2
2023-01-10,EL CAJON,,2,1,2,2
2023-01-10,ESCONDIDO,,1,1,1,1
2023-01-10,LA MESA,,1,1,1,1
2023-01-10,NATIONAL CITY,,1,1,1,1
2023-01-10,OCEANSIDE,,3,3,3,3
2023-01-10,SAN DIEGO,,26,26,26,26
2023-01-10,SHERIFF,,16,16,16,16
2023-01-11,CARLSBAD,,2,2,2,2
2023-01-11,CHULA VISTA,,2,2,2,2
2023-01-11,EL CAJON,,3,3,3,3
2023-01-11,ESCONDIDO,,2,2,2,2
2023-01-11,HARBOR POLICE,,1,1,1,1
2023-01-11,LA MESA,,1,1,1,1
2023-01-11,NATIONAL CITY,,1,1,1,1
2023-01-11,OCEANSIDE,,5,5,5,5
2023-01-11,SAN DIEGO,,20,19,20,20
2023-01-11,SHERIFF,,15,15,15,15
2023-01-12,CARLSBAD,,2,2,2,2
2023-01-12,CHULA VISTA,,1,1,1,1
2023-01-12,EL CAJON,,1,1,1,1
2023-01-12,ESCONDIDO,,11,11,11,11
2023-01-12,LA MESA,,2,2,2,2
2023-01-12,NATIONAL CITY,,2,2,2,2
2023-01-12,OCEANSIDE,,2,2,2,2
2023-01-12,SAN DIEGO,,22,22,22,22
2023-01-12,SHERIFF,,13,13,13,13
2023-01-13,CHULA VISTA,,6,5,6,6
2023-01-13,EL CAJON,,5,5,5,5
2023-01-13,ESCONDIDO,,9,9,9,9
2023-01-13,HARBOR POLICE,,2,2,2,2
2023-01-13,LA MESA,,3,3,3,3
2023-01-13,OCEANSIDE,,2,2,2,2
2023-01-13,SAN DIEGO,,30,29,30,30
2023-01-13,SHERIFF,,18,18,18,18
2023-01-14,CARLSBAD,,3,3,3,3
2023-01-14,CHULA VISTA,,3,2,3,3
2023-01-14,ESCONDIDO,,4,4,4,4
2023-01-14,HARBOR POLICE,,1,1,1,1
2023-01-14,LA MESA,,2,2,2,2
2023-01-14,NATIONAL CITY,,1,1,1,1
2023-01-14,OCEANSIDE,,1,1,1,1
2023-01-14,SAN DIEGO,,23,19,21,21
2023-01-14,SHERIFF,,6,6,6,6
2023-01-15,CARLSBAD,,3,3,3,3
2023-01-15,CHULA VISTA,,6,6,6,6
2023-01-15,EL CAJON,,4,4,4,4
2023-01-15,ESCONDIDO,,6,6,6,6
2023-01-15,HARBOR POLICE,,1,1,1,1
2023-01-15,LA MESA,,1,1,1,1
2023-01-15,OCEANSIDE,,3,3,3,3
2023-01-15,SAN DIEGO,,15,14,15,15
2023-01-15,SHERIFF,,7,7,7,7
2023-01-16,CHULA VISTA,,1,1,1,1
2023-01-16,ESCONDIDO,,2,2,2,2
2023-01-16,HARBOR POLICE,,1,1,1,1
2023-01-16,OCEANSIDE,,3,3,3,3
2023-01-16,SAN DIEGO,,15,15,15,15
2023-01-16,SHERIFF,,3,3,3,3
2023-01-17,CHULA VISTA,,1,1,1,1
2023-01-17,EL CAJON,,3,3,3,3
2023-01-17,ESCONDIDO,,5,5,5,5
2023-01-17,HARBOR POLICE,,1,1,1,1
2023-01-17,LA MESA,,4,4,4,4
2023-01-17,OCEANSIDE,,4,4,4,4
2023-01-17,SAN DIEGO,,9,9,9,9
2023-01-17,SHERIFF,,19,18,19,19
2023-01-18,CHULA VISTA,,1,1,1,1
2023-01-18,EL CAJON,,3,3,3,3
2023-01-18,HARBOR POLICE,,2,2,2,2
2023-01-18,LA MESA,,1,1,1,1
2023-01-18,NATIONAL CITY,,2,2,2,2
2023-01-18,OCEANSIDE,,1,1,1,1
2023-01-18,SAN DIEGO,,20,20,20,20
2023-01-18,SHERIFF,,13,13,13,13
2023-01-19,CARLSBAD,,1,1,1,1
2023-01-19,CHULA VISTA,,1,1,1,1
2023-01-19,EL CAJON,,6,3,6,6
2023-01-19,ESCONDIDO,,5,5,5,5
2023-01-19,HARBOR POLICE,,2,2,2,2
2023-01-19,LA MESA,,2,2,2,2
2023-01-19,OCEANSIDE,,5,5,5,5
2023-01-19,SAN DIEGO,,24,22,24,24
2023-01-19,SHERIFF,,11,11,11,11
2023-01-20,CARLSBAD,,2,2,2,2
2023-01-20,CHULA VISTA,,1,1,1,1
2023-01-20,EL CAJON,,2,2,2,2
2023-01-20,ESCONDIDO,,6,5,6,6
2023-01-20,LA MESA,,2,2,2,2
2023-01-20,NATIONAL CITY,,2,2,2,2
2023-01-20,OCEANSIDE,,1,1,1,1
2023-01-20,SAN DIEGO,,15,15,15,15
2023-01-20,SHERIFF,,12,12,12,12
2023-01-21,CARLSBAD,,1,1,1,1
2023-01-21,CHULA VISTA,,6,6,6,6
2023-01-21,EL CAJON,,1,1,1,1
2023-01-21,ESCONDIDO,,3,3,3,3
2023-01-21,NATIONAL CITY,,1,1,1,1
2023-01-21,OCEANSIDE,,2,2,2,2
2023-01-21,SAN DIEGO,,22,22,22,22
2023-01-21,SHERIFF,,11,11,11,11
2023-01-22,CARLSBAD,,2,2,2,2
2023-01-22,CHULA VISTA,,1,1,1,1
2023-01-22,EL CAJON,,1,1,1,1
2023-01-22,ESCONDIDO,,5,5,5,5
2023-01-22,HARBOR POLICE,,1,1,1,1
2023-01-22,LA MESA,,3,3,3,3
2023-01-22,NATIONAL CITY,,2,2,2,2
2023-01-22,OCEANSIDE,,1,1,1,1
2023-01-22,SAN DIEGO,,28,28,28,28
2023-01-22,SHERIFF,,9,9,9,9
2023-01-23,CHULA VISTA,,6,6,6,6
2023-01-23,ESCONDIDO,,4,4,4,4
2023-01-23,LA MESA,,2,2,2,2
2023-01-23,OCEANSIDE,,3,3,3,3
2023-01-23,SAN DIEGO,,25,25,25,25
2023-01-23,SHERIFF,,18,17,17,17
2023-01-24,CARLSBAD,,1,1,1,1
2023-01-24,CHULA VISTA,,1,1,1,1
2023-01-24,EL CAJON,,3,3,3,3
2023-01-24,ESCONDIDO,,2,2,2,2
2023-01-24,LA MESA,,2,2,2,2
2023-01-24,OCEANSIDE,,1,1,1,1
2023-01-24,SAN DIEGO,,10,10,10,10
2023-01-24,SHERIFF,,10,10,10,10
2023-01-25,CARLSBAD,,3,2,3,3
2023-01-25,CHULA VISTA,,2,2,2,2
2023-01-25,EL CAJON,,3,3,3,3
2023-01-25,ESCONDIDO,,2,2,2,2
2023-01-25,HARBOR POLICE,,1,1,1,1
2023-01-25,LA MESA,,4,4,4,4
2023-01-25,NATIONAL CITY,,1,1,1,1
2023-01-25,OCEANSIDE,,1,1,1,1
2023-01-25,SAN DIEGO,,20,20,20,20
2023-01-25,SHERIFF,,20,20,20,20
2023-01-26,CARLSBAD,,2,2,2,2
2023-01-26,CHULA VISTA,,1,1,1,1
2023-01-26,EL CAJON,,3,2,3,3
2023-01-26,ESCONDIDO,,6,6,6,6
2023-01-26,OCEANSIDE,,4,4,4,4
2023-01-26,SAN DIEGO,,18,18,18,18
2023-01-26,SHERIFF,,20,20,20,20
2023-01-27,CARLSBAD,,3,3,3,3
2023-01-27,CHULA VISTA,,3,3,3,3
2023-01-27,EL CAJON,,4,4,4,4
2023-01-27,ESCONDIDO,,3,3,3,3
2023-01-27,HARBOR POLICE,,1,1,1,1
2023-01-27,LA MESA,,1,1,1,1
2023-01-27,NATIONAL CITY,,1,1,1,1
2023-01-27,SAN DIEGO,,22,21,22,22
2023-01-27,SHERIFF,,15,15,15,15
2023-01-28,CARLSBAD,,1,1,1,1
2023-01-28,CHULA VISTA,,9,9,9,9
2023-01-28,EL CAJON,,1,1,1,1
2023-01-28,ESCONDIDO,,9,9,9,9
2023-01-28,HARBOR POLICE,,2,2,2,2
2023-01-28,NATIONAL CITY,,2,2,2,2
2023-01-28,OCEANSIDE,,4,4,4,4
2023-01-28,SAN DIEGO,,25,25,25,25
2023-01-28,SHERIFF,,12,11,12,12
2023-01-29,CARLSBAD,,1,1,1,1
2023-01-29,CHULA VISTA,,2,2,2,2
2023-01-29,EL CAJON,,4,4,4,4
2023-01-29,ESCONDIDO,,3,3,3,3
2023-01-29,HARBOR POLICE,,1,1,1,1
2023-01-29,NATIONAL CITY,,1,1,1,1
2023-01-29,OCEANSIDE,,2,2,2,2
2023-01-29,SAN DIEGO,,23,23,23,23
2023-01-29,SHERIFF,,15,15,15,15
2023-01-30,CHULA VISTA,,3,3,3,3
2023-01-30,EL CAJON,,3,3,3,3
2023-01-30,ESCONDIDO,,3,3,3,3
2023-01-30,HARBOR POLICE,,2,2,2,2
2023-01-30,NATIONAL CITY,,2,2,2,2
2023-01-30,OCEANSIDE,,4,4,4,4
2023-01-30,SAN DIEGO,,13,13,13,13
2023-01-30,SHERIFF,,11,10,11,11
2023-01-31,CHULA VISTA,,2,2,2,2
2023-01-31,EL CAJON,,1,1,1,1
2023-01-31,ESCONDIDO,,4,4,4,4
2023-01-31,HARBOR POLICE,,2,2,2,2
2023-01-31,LA MESA,,1,1,1,1
2023-01-31,NATIONAL CITY,,2,2,2,2
2023-01-31,OCEANSIDE,,2,2,2,2
2023-01-31,SAN DIEGO,,10,10,10,10
2023-01-31,SHERIFF,,17,17,17,17
2023-02-01,CHULA VISTA,,4,4,4,4
2023-02-01,EL CAJON,,1,1,1,1
2023-02-01,ESCONDIDO,,5,5,5,5
2023-02-01,HARBOR POLICE,,1,1,1,1
2023-02-01,LA MESA,,5,4,5,5
2023-02-01,NATIONAL CITY,,2,2,2,2
2023-02-01,OCEANSIDE,,3,3,3,3
2023-02-01,SAN DIEGO,,13,13,13,13
2023-02-01,SHERIFF,,21,21,21,21
2023-02-02,CARLSBAD,,3,3,3,3
2023-02-02,EL CAJON,,3,3,3,3
2023-02-02,ESCONDIDO,,3,3,3,3
2023-02-02,LA MESA,,2,2,2,2
2023-02-02,OCEANSIDE,,2,2,2,2
2023-02-02,SAN DIEGO,,18,18,18,18
2023-02-02,SHERIFF,,17,16,17,17
2023-02-03,CARLSBAD,,2,2,2,2
2023-02-03,CHULA VISTA,,4,4,4,4
2023-02-03,EL CAJON,,2,2,2,2
2023-02-03,ESCONDIDO,,7,7,7,7
2023-02-03,LA MESA,,1,1,1,1
2023-02-03,NATIONAL CITY,,1,1,1,1
2023-02-03,OCEANSIDE,,4,4,4,4
2023-02-03,SAN DIEGO,,29,29,29,29
2023-02-03,SHERIFF,,8,8,8,8
2023-02-04,CARLSBAD,,1,1,1,1
2023-02-04,CHULA VISTA,,2,2,2,2
2023-02-04,EL CAJON,,1,1,1,1
2023-02-04,ESCONDIDO,,3,2,3,3
2023-02-04,LA MESA,,3,3,3,3
2023-02-04,NATIONAL CITY,,3,3,3,3
2023-02-04,OCEANSIDE,,5,5,5,5
2023-02-04,SAN DIEGO,,39,39,39,39
2023-02-04,SHERIFF,,13,13,13,13
2023-02-05,CARLSBAD,,3,3,3,3
2023-02-05,CHULA VISTA,,1,1,1,1
2023-02-05,EL CAJON,,1,1,1,1
2023-02-05,ESCONDIDO,,4,4,4,4
2023-02-05,HARBOR POLICE,,2,2,2,2
2023-02-05,LA MESA,,5,5,5,5
2023-02-05,NATIONAL CITY,,1,1,1,1
2023-02-05,OCEANSIDE,,3,3,3,3
2023-02-05,SAN DIEGO,,33,32,32,32
2023-02-05,SHERIFF,,19,17,19,19
2023-02-06,CARLSBAD,,2,2,2,2
2023-02-06,EL CAJON,,3,3,3,3
2023-02-06,ESCONDIDO,,8,8,8,8
2023-02-06,OCEANSIDE,,4,4,4,4
2023-02-06,SAN DIEGO,,17,17,17,17
2023-02-06,SHERIFF,,10,10,10,10
2023-02-07,CHULA VISTA,,5,5,5,5
2023-02-07,ESCONDIDO,,3,3,3,3
2023-02-07,HARBOR POLICE,,2,2,2,2
2023-02-07,OCEANSIDE,,4,4,4,4
2023-02-07,SAN DIEGO,,15,15,15,15
2023-02-07,SHERIFF,,16,16,16,16
2023-02-08,CARLSBAD,,2,1,2,2
2023-02-08,CHULA VISTA,,1,1,1,1
2023-02-08,EL CAJON,,1,1,1,1
2023-02-08,ESCONDIDO,,8,8,8,8
2023-02-08,LA MESA,,1,1,1,1
2023-02-08,OCEANSIDE,,1,1,1,1
2023-02-08,SAN DIEGO,,12,12,12,12
2023-02-08,SHERIFF,,20,20,20,20
2023-02-09,CARLSBAD,,1,1,1,1
2023-02-09,CHULA VISTA,,1,1,1,1
2023-02-09,EL CAJON,,3,3,3,3
2023-02-09,ESCONDIDO,,4,4,4,4
2023-02-09,HARBOR POLICE,,1,1,1,1
2023-02-09,LA MESA,,4,4,4,4
2023-02-09,NATIONAL CITY,,2,2,2,2
2023-02-09,SAN DIEGO,,25,25,25,25
2023-02-09,SHERIFF,,9,9,9,9
2023-02-10,CHULA VISTA,,3,3,3,3
2023-02-10,ESCONDIDO,,2,2,2,2
2023-02-10,HARBOR POLICE,,2,2,2,2
2023-02-10,LA MESA,,3,3,3,3
2023-02-10,NATIONAL CITY,,1,1,1,1
2023-02-10,OCEANSIDE,,3,3,3,3
2023-02-10,SAN DIEGO,,20,20,20,20
2023-02-10,SHERIFF,,13,10,12,12
2023-02-11,CARLSBAD,,5,2,5,5
2023-02-11,CHULA VISTA,,5,5,5,5
2023-02-11,ESCONDIDO,,4,4,4,4
2023-02-11,LA MESA,,4,4,4,4
2023-02-11,NATIONAL CITY,,2,2,2,2
2023-02-11,OCEANSIDE,,2,2,2,2
2023-02-11,SAN DIEGO,,31,31,31,31
2023-02-11,SHERIFF,,11,10,11,11
2023-02-12,CARLSBAD,,4,4,4,4
2023-02-12,CHULA VISTA,,8,8,8,8
2023-02-12,EL CAJON,,1,1,1,1
2023-02-12,ESCONDIDO,,7,7,7,7
2023-02-12,SAN DIEGO,,37,34,37,37
2023-02-12,SHERIFF,,5,5,5,5
2023-02-13,CARLSBAD,,3,3,3,3
2023-02-13,CHULA VISTA,,2,2,2,2
2023-02-13,ESCONDIDO,,5,5,5,5
2023-02-13,HARBOR POLICE,,1,1,1,1
2023-02-13,LA MESA,,4,4,4,4
2023-02-13,NATIONAL CITY,,1,1,1,1
2023-02-13,OCEANSIDE,,5,5,5,5
2023-02-13,SAN DIEGO,,10,10,10,10
2023-02-13,SHERIFF,,13,12,13,13
2023-02-14,CARLSBAD,,2,2,2,2
2023-02-14,CHULA VISTA,,1,1,1,1
2023-02-14,EL CAJON,,2,2,2,2
2023-02-14,ESCONDIDO,,5,5,5,5
2023-02-14,LA MESA,,1,1,1,1
2023-02-14,NATIONAL CITY,,1,1,1,1
2023-02-14,OCEANSIDE,,1,1,1,1
2023-02-14,SAN DIEGO,,13,12,13,13
2023-02-14,SHERIFF,,9,9,9,9
2023-02-15,CARLSBAD,,1,1,1,1
2023-02-15,EL CAJON,,3,3,3,3
2023-02-15,ESCONDIDO,,6,5,6,6
2023-02-15,LA MESA,,4,4,4,4
2023-02-15,NATIONAL CITY,,2,2,2,2
2023-02-15,OCEANSIDE,,2,2,2,2
2023-02-15,SAN DIEGO,,16,16,16,16
2023-02-15,SHERIFF,,15,15,15,15
2023-02-16,CARLSBAD,,1,1,1,1
2023-02-16,CHULA VISTA,,1,1,1,1
2023-02-16,EL CAJON,,4,4,4,4
2023-02-16,ESCONDIDO,,7,7,7,7
2023-02-16,OCEANSIDE,,3,3,3,3
2023-02-16,SAN DIEGO,,19,19,19,19
2023-02-16,SHERIFF,,22,22,22,22
2023-02-17,CARLSBAD,,4,4,4,4
2023-02-17,CHULA VISTA,,1,1,1,1
2023-02-17,EL CAJON,,2,2,2,2
2023-02-17,ESCONDIDO,,6,6,6,6
2023-02-17,HARBOR POLICE,,3,3,3,3
2023-02-17,LA MESA,,2,2,2,2
2023-02-17,OCEANSIDE,,3,3,3,3
2023-02-17,SAN DIEGO,,17,17,17,17
2023-02-17,SHERIFF,,10,9,10,10
2023-02-18,CARLSBAD,,4,4,4,4
2023-02-18,CHULA VISTA,,5,5,5,5
2023-02-18,EL CAJON,,1,1,1,1
2023-02-18,ESCONDIDO,,4,4,4,4
2023-02-18,HARBOR POLICE,,1,1,1,1
2023-02-18,LA MESA,,3,3,3,3
2023-02-18,NATIONAL CITY,,1,1,1,1
2023-02-18,OCEANSIDE,,4,4,4,4
2023-02-18,SAN DIEGO,,23,23,23,23
2023-02-18,SHERIFF,,13,13,13,13
2023-02-19,CARLSBAD,,1,1,1,1
2023-02-19,CHULA VISTA,,3,3,3,3
2023-02-19,EL CAJON,,1,1,1,1
2023-02-19,ESCONDIDO,,8,8,8,8
2023-02-19,OCEANSIDE,,2,2,2,2
2023-02-19,SAN DIEGO,,27,26,27,27
2023-02-19,SHERIFF,,7,7,7,7
2023-02-20,CARLSBAD,,1,1,1,1
2023-02-20,EL CAJON,,4,4,4,4
2023-02-20,ESCONDIDO,,3,3,3,3
2023-02-20,HARBOR POLICE,,2,2,2,2
2023-02-20,LA MESA,,2,2,2,2
2023-02-20,OCEANSIDE,,4,4,4,4
2023-02-20,SAN DIEGO,,21,21,21,21
2023-02-20,SHERIFF,,8,8,8,8
2023-02-21,CARLSBAD,,1,1,1,1
2023-02-21,EL CAJON,,1,1,1,1
2023-02-21,ESCONDIDO,,3,3,3,3
2023-02-21,HARBOR POLICE,,2,2,2,2
2023-02-21,OCEANSIDE,,2,2,2,2
2023-02-21,SAN DIEGO,,13,13,13,13
2023-02-21,SHERIFF,,14,12,14,14
2023-02-22,CARLSBAD,,2,2,2,2
2023-02-22,EL CAJON,,1,1,1,1
2023-02-22,ESCONDIDO,,4,4,4,4
2023-02-22,HARBOR POLICE,,4,4,4,4
2023-02-22,LA MESA,,1,1,1,1
2023-02-22,OCEANSIDE,,1,1,1,1
2023-02-22,SAN DIEGO,,18,17,18,18
2023-02-22,SHERIFF,,18,17,18,18
2023-02-23,CARLSBAD,,2,2,2,2
2023-02-23,CHULA VISTA,,2,2,2,2
2023-02-23,EL CAJON,,1,1,1,1
2023-02-23,ESCONDIDO,,7,7,7,7
2023-02-23,HARBOR POLICE,,1,1,1,1
2023-02-23,LA MESA,,1,1,1,1
2023-02-23,NATIONAL CITY,,1,1,1,1
2023-02-23,OCEANSIDE,,2,2,2,2
2023-02-23,SAN DIEGO,,18,18,18,18
2023-02-23,SHERIFF,,7,7,7,7
2023-02-24,CARLSBAD,,2,2,2,2
2023-02-24,CHULA VISTA,,2,2,2,2
2023-02-24,EL CAJON,,1,1,1,1
2023-02-24,ESCONDIDO,,7,7,7,7
2023-02-24,LA MESA,,2,2,2,2
2023-02-24,NATIONAL CITY,,1,1,1,1
2023-02-24,SAN DIEGO,,27,27,27,27
2023-02-24,SHERIFF,,18,18,18,18
2023-02-25,CARLSBAD,,2,2,2,2
2023-02-25,CHULA VISTA,,9,6,9,8
2023-02-25,EL CAJON,,2,2,2,2
2023-02-25,ESCONDIDO,,3,3,3,3
2023-02-25,HARBOR POLICE,,1,1,1,1
2023-02-25,LA MESA,,3,3,3,3
2023-02-25,NATIONAL CITY,,3,3,3,3
2023-02-25,OCEANSIDE,,1,1,1,1
2023-02-25,SAN DIEGO,,18,18,18,18
2023-02-25,SHERIFF,,11,11,11,11
2023-02-26,CARLSBAD,,1,1,1,1
2023-02-26,CHULA VISTA,,4,3,4,4
2023-02-26,EL CAJON,,1,1,1,1
2023-02-26,ESCONDIDO,,4,4,4,4
2023-02-26,HARBOR POLICE,,1,1,1,1
2023-02-26,LA MESA,,1,1,1,1
2023-02-26,NATIONAL CITY,,2,2,2,2
2023-02-26,OCEANSIDE,,5,5,5,5
2023-02-26,SAN DIEGO,,21,21,21,21
2023-02-26,SHERIFF,,10,8,10,10
2023-02-27,CHULA VISTA,,1,1,1,1
2023-02-27,EL CAJON,,4,4,4,4
2023-02-27,ESCONDIDO,,3,3,3,3
2023-02-27,NATIONAL CITY,,1,1,1,1
2023-02-27,OCEANSIDE,,5,5,5,5
2023-02-27,SAN DIEGO,,17,17,17,17
2023-02-27,SHERIFF,,18,17,18,18
2023-02-28,CARLSBAD,,1,1,1,1
2023-02-28,CHULA VISTA,,4,4,4,4
2023-02-28,EL CAJON,,3,3,3,3
2023-02-28,ESCONDIDO,,4,4,4,4
2023-02-28,LA MESA,,2,2,2,2
2023-02-28,OCEANSIDE,,6,6,6,6
2023-02-28,SAN DIEGO,,10,10,10,10
2023-02-28,SHERIFF,,14,14,14,14
2023-03-01,CHULA VISTA,,1,1,1,1
2023-03-01,EL CAJON,,4,4,4,4
2023-03-01,ESCONDIDO,,2,2,2,2
2023-03-01,LA MESA,,2,2,2,2
2023-03-01,NATIONAL CITY,,1,1,1,1
2023-03-01,OCEANSIDE,,8,8,8,8
2023-03-01,SAN DIEGO,,14,14,14,14
2023-03-01,SHERIFF,,14,13,14,14
2023-03-02,CHULA VISTA,,4,4,4,4
2023-03-02,EL CAJON,,2,2,2,2
2023-03-02,LA MESA,,1,1,1,1
2023-03-02,OCEANSIDE,,1,1,1,1
2023-03-02,SAN DIEGO,,18,18,18,18
2023-03-02,SHERIFF,,17,16,17,17
2023-03-03,CARLSBAD,,1,1,1,1
2023-03-03,CHULA VISTA,,4,4,4,4
2023-03-03,EL CAJON,,11,3,11,11
2023-03-03,ESCONDIDO,,5,5,5,5
2023-03-03,HARBOR POLICE,,1,1,1,1
2023-03-03,LA MESA,,2,2,2,2
2023-03-03,NATIONAL CITY,,1,1,1,1
2023-03-03,OCEANSIDE,,1,1,1,1
2023-03-03,SAN DIEGO,,19,19,19,19
2023-03-03,SHERIFF,,12,12,12,12
2023-03-04,CARLSBAD,,3,3,3,3
2023-03-04,CHULA VISTA,,5,5,5,5
2023-03-04,ESCONDIDO,,2,2,2,2
2023-03-04,LA MESA,,4,3,4,4
2023-03-04,NATIONAL CITY,,2,2,2,2
2023-03-04,OCEANSIDE,,1,1,1,1
2023-03-04,SAN DIEGO,,17,17,17,17
2023-03-04,SHERIFF,,15,14,15,15
2023-03-05,CARLSBAD,,2,2,2,2
2023-03-05,EL CAJON,,5,3,5,5
2023-03-05,ESCONDIDO,,2,2,2,2
2023-03-05,HARBOR POLICE,,1,1,1,1
2023-03-05,LA MESA,,1,1,1,1
2023-03-05,NATIONAL CITY,,1,1,1,1
2023-03-05,OCEANSIDE,,7,7,7,7
2023-03-05,SAN DIEGO,,24,24,24,24
2023-03-05,SHERIFF,,8,8,8,8
2023-03-06,CARLSBAD,,2,2,2,2
2023-03-06,CHULA VISTA,,1,1,1,1
2023-03-06,EL CAJON,,4,4,4,4
2023-03-06,ESCONDIDO,,3,3,3,3
2023-03-06,LA MESA,,1,1,1,1
2023-03-06,NATIONAL CITY,,1,1,1,1
2023-03-06,SAN DIEGO,,18,18,18,18
2023-03-06,SHERIFF,,14,14,14,14
2023-03-07,CARLSBAD,,3,3,3,3
2023-03-07,EL CAJON,,1,1,1,1
2023-03-07,ESCONDIDO,,1,1,1,1
2023-03-07,HARBOR POLICE,,1,1,1,1
2023-03-07,LA MESA,,2,2,2,2
2023-03-07,NATIONAL CITY,,1,1,1,1
2023-03-07,OCEANSIDE,,3,3,3,3
2023-03-07,SAN DIEGO,,12,12,12,12
2023-03-07,SHERIFF,,10,10,10,10
2023-03-08,EL CAJON,,1,1,1,1
2023-03-08,ESCONDIDO,,5,5,5,5
2023-03-08,HARBOR POLICE,,2,2,2,2
2023-03-08,NATIONAL CITY,,1,1,1,1
2023-03-08,OCEANSIDE,,2,2,2,2
2023-03-08,SAN DIEGO,,17,16,17,17
2023-03-08,SHERIFF,,19,18,19,19
2023-03-09,CHULA VISTA,,3,3,3,3
2023-03-09,EL CAJON,,8,6,8,8
2023-03-09,ESCONDIDO,,5,4,5,5
2023-03-09,HARBOR POLICE,,1,1,1,1
2023-03-09,LA MESA,,2,2,2,2
2023-03-09,NATIONAL CITY,,1,1,1,1
2023-03-09,OCEANSIDE,,5,5,5,5
2023-03-09,SAN DIEGO,,19,19,19,19
2023-03-09,SHERIFF,,13,13,13,13
2023-03-10,CHULA VISTA,,1,1,1,1
2023-03-10,EL CAJON,,3,3,3,3
2023-03-10,ESCONDIDO,,5,5,5,5
2023-03-10,HARBOR POLICE,,1,1,1,1
2023-03-10,LA MESA,,3,3,3,3
2023-03-10,NATIONAL CITY,,1,1,1,1
2023-03-10,OCEANSIDE,,2,2,2,2
2023-03-10,SAN DIEGO,,22,22,22,22
2023-03-10,SHERIFF,,12,12,12,12
2023-03-11,CARLSBAD,,2,2,2,2
2023-03-11,CHULA VISTA,,6,6,6,6
2023-03-11,EL CAJON,,2,2,2,2
2023-03-11,ESCONDIDO,,3,3,3,3
2023-03-11,LA MESA,,4,4,4,4
2023-03-11,NATIONAL CITY,,3,3,3,3
2023-03-11,OCEANSIDE,,5,5,5,5
2023-03-11,SAN DIEGO,,27,27,27,27
2023-03-11,SHERIFF,,12,12,12,12
2023-03-12,CHULA VISTA,,1,1,1,1
2023-03-12,EL CAJON,,2,1,2,2
2023-03-12,ESCONDIDO,,3,3,3,3
2023-03-12,LA MESA,,2,2,2,2
2023-03-12,NATIONAL CITY,,2,2,2,2
2023-03-12,OCEANSIDE,,4,4,4,4
2023-03-12,SAN DIEGO,,28,28,28,28
2023-03-12,SHERIFF,,8,8,8,8
2023-03-13,CARLSBAD,,1,1,1,1
2023-03-13,CHULA VISTA,,1,1,1,1
2023-03-13,EL CAJON,,1,1,1,1
2023-03-13,ESCONDIDO,,2,2,2,2
2023-03-13,HARBOR POLICE,,1,1,1,1
2023-03-13,LA MESA,,1,1,1,1
2023-03-13,NATIONAL CITY,,2,2,2,2
2023-03-13,OCEANSIDE,,1,1,1,1
2023-03-13,SAN DIEGO,,18,18,18,18
2023-03-13,SHERIFF,,15,15,15,15
2023-03-14,CHULA VISTA,,1,1,1,1
2023-03-14,EL CAJON,,5,4,5,5
2023-03-14,ESCONDIDO,,7,6,7,7
2023-03-14,HARBOR POLICE,,1,1,1,1
2023-03-14,LA MESA,,1,1,1,1
2023-03-14,OCEANSIDE,,2,2,2,2
2023-03-14,SAN DIEGO,,17,17,17,17
2023-03-14,SHERIFF,,7,6,7,7
2023-03-15,CHULA VISTA,,2,2,2,2
2023-03-15,EL CAJON,,3,3,3,3
2023-03-15,ESCONDIDO,,4,4,4,4
2023-03-15,NATIONAL CITY,,1,1,1,1
2023-03-15,OCEANSIDE,,4,4,4,4
2023-03-15,SAN DIEGO,,21,21,21,21
2023-03-15,SHERIFF,,14,14,14,14
2023-03-16,CARLSBAD,,3,3,3,3
2023-03-16,CHULA VISTA,,2,2,2,2
2023-03-16,EL CAJON,,3,3,3,3
2023-03-16,ESCONDIDO,,4,4,4,4
2023-03-16,NATIONAL CITY,,1,1,1,1
2023-03-16,OCEANSIDE,,2,2,2,2
2023-03-16,SAN DIEGO,,15,15,15,15
2023-03-16,SHERIFF,,22,21,22,22
2023-03-17,CHULA VISTA,,6,6,6,6
2023-03-17,EL CAJON,,5,5,5,5
2023-03-17,ESCONDIDO,,2,2,2,2
2023-03-17,LA MESA,,3,3,3,3
2023-03-17,NATIONAL CITY,,2,2,2,2
2023-03-17,OCEANSIDE,,4,4,4,4
2023-03-17,SAN DIEGO,,28,26,28,28
2023-03-17,SHERIFF,,12,12,12,12
2023-03-18,CARLSBAD,,3,3,3,3
2023-03-18,CHULA VISTA,,5,5,5,5
2023-03-18,EL CAJON,,3,3,3,3
2023-03-18,ESCONDIDO,,6,6,6,6
2023-03-18,HARBOR POLICE,,1,1,1,1
2023-03-18,LA MESA,,2,2,2,2
2023-03-18,NATIONAL CITY,,1,1,1,1
2023-03-18,OCEANSIDE,,5,5,5,5
2023-03-18,SAN DIEGO,,39,37,39,39
2023-03-18,SHERIFF,,15,15,15,15
2023-03-19,CARLSBAD,,2,2,2,2
2023-03-19,CHULA VISTA,,3,3,3,3
2023-03-19,EL CAJON,,1,1,1,1
2023-03-19,ESCONDIDO,,3,3,3,3
2023-03-19,NATIONAL CITY,,1,1,1,1
2023-03-19,OCEANSIDE,,2,2,2,2
2023-03-19,SAN DIEGO,,25,21,25,25
2023-03-19,SHERIFF,,13,13,13,13
2023-03-20,CARLSBAD,,2,2,2,2
2023-03-20,CHULA VISTA,,1,1,1,1
2023-03-20,EL CAJON,,3,3,3,3
2023-03-20,ESCONDIDO,,3,3,3,3
2023-03-20,HARBOR POLICE,,2,2,2,2
2023-03-20,NATIONAL CITY,,4,4,4,4
2023-03-20,OCEANSIDE,,5,5,5,5
2023-03-20,SAN DIEGO,,18,18,18,18
2023-03-20,SHERIFF,,20,20,20,20
2023-03-21,CARLSBAD,,1,1,1,1
2023-03-21,CHULA VISTA,,1,1,1,1
2023-03-21,EL CAJON,,1,1,1,1
2023-03-21,ESCONDIDO,,5,5,5,5
2023-03-21,NATIONAL CITY,,1,1,1,1
2023-03-21,OCEANSIDE,,1,1,1,1
2023-03-21,SAN DIEGO,,14,13,14,14
2023-03-21,SHERIFF,,12,12,12,12
2023-03-22,CARLSBAD,,1,1,1,1
2023-03-22,CHULA VISTA,,2,2,2,2
2023-03-22,EL CAJON,,5,5,5,5
2023-03-22,ESCONDIDO,,2,2,2,2
2023-03-22,LA MESA,,2,2,2,2
2023-03-22,NATIONAL CITY,,1,1,1,1
2023-03-22,OCEANSIDE,,4,4,4,4
2023-03-22,SAN DIEGO,,13,13,13,13
2023-03-22,SHERIFF,,23,23,23,23
2023-03-23,CARLSBAD,,3,2,3,3
2023-03-23,CHULA VISTA,,1,1,1,1
2023-03-23,EL CAJON,,2,1,2,2
2023-03-23,ESCONDIDO,,7,7,7,7
2023-03-23,HARBOR POLICE,,1,1,1,1
2023-03-23,OCEANSIDE,,1,1,1,1
2023-03-23,SAN DIEGO,,10,10,10,10
2023-03-23,SHERIFF,,14,14,14,14
2023-03-24,CARLSBAD,,4,4,4,4
2023-03-24,CHULA VISTA,,3,3,3,3
2023-03-24,EL CAJON,,5,4,5,5
2023-03-24,ESCONDIDO,,4,4,4,4
2023-03-24,LA MESA,,1,1,1,1
2023-03-24,NATIONAL CITY,,2,2,2,2
2023-03-24,OCEANSIDE,,3,3,3,3
2023-03-24,SAN DIEGO,,26,26,26,26
2023-03-24,SHERIFF,,16,16,16,16
2023-03-25,CARLSBAD,,4,4,4,4
2023-03-25,CHULA VISTA,,5,5,5,5
2023-03-25,EL CAJON,,1,1,1,1
2023-03-25,ESCONDIDO,,2,2,2,2
2023-03-25,LA MESA,,1,1,1,1
2023-03-25,NATIONAL CITY,,3,3,3,3
2023-03-25,OCEANSIDE,,7,6,7,7
2023-03-25,SAN DIEGO,,22,22,22,22
2023-03-25,SHERIFF,,13,13,13,13
2023-03-26,CARLSBAD,,2,2,2,2
2023-03-26,CHULA VISTA,,4,4,4,4
2023-03-26,EL CAJON,,4,2,4,4
2023-03-26,ESCONDIDO,,4,4,4,4
2023-03-26,LA MESA,,1,1,1,1
2023-03-26,NATIONAL CITY,,1,1,1,1
2023-03-26,OCEANSIDE,,4,4,4,4
2023-03-26,SAN DIEGO,,15,15,15,15
2023-03-26,SHERIFF,,13,13,13,13
2023-03-27,CHULA VISTA,,2,2,2,2
2023-03-27,EL CAJON,,3,3,3,3
2023-03-27,ESCONDIDO,,7,7,7,7
2023-03-27,LA MESA,,2,2,2,2
2023-03-27,NATIONAL CITY,,2,2,2,2
2023-03-27,OCEANSIDE,,3,3,3,3
2023-03-27,SAN DIEGO,,20,20,20,20
2023-03-27,SHERIFF,,19,18,19,19
2023-03-28,CARLSBAD,,1,1,1,1
2023-03-28,CHULA VISTA,,10,4,10,10
2023-03-28,EL CAJON,,1,1,1,1
2023-03-28,ESCONDIDO,,5,5,5,5
2023-03-28,HARBOR POLICE,,1,1,1,1
2023-03-28,NATIONAL CITY,,1,1,1,1
2023-03-28,OCEANSIDE,,1,1,1,1
2023-03-28,SAN DIEGO,,20,20,20,20
2023-03-28,SHERIFF,,21,20,21,21
2023-03-29,CARLSBAD,,3,3,3,3
2023-03-29,CHULA VISTA,,3,3,3,3
2023-03-29,EL CAJON,,1,1,1,1
2023-03-29,ESCONDIDO,,1,1,1,1
2023-03-29,HARBOR POLICE,,1,1,1,1
2023-03-29,LA MESA,,4,4,4,4
2023-03-29,NATIONAL CITY,,1,1,1,1
2023-03-29,OCEANSIDE,,2,2,2,2
2023-03-29,SAN DIEGO,,9,9,9,9
2023-03-29,SHERIFF,,20,20,20,20
2023-03-30,CARLSBAD,,2,2,2,2
2023-03-30,CHULA VISTA,,2,2,2,2
2023-03-30,EL CAJON,,3,3,3,3
2023-03-30,ESCONDIDO,,3,3,3,3
2023-03-30,HARBOR POLICE,,1,1,1,1
2023-03-30,LA MESA,,1,1,1,1
2023-03-30,OCEANSIDE,,1,1,1,1
2023-03-30,SAN DIEGO,,17,17,17,17
2023-03-30,SHERIFF,,13,13,13,13
2023-03-31,CARLSBAD,,1,1,1,1
2023-03-31,CHULA VISTA,,4,4,4,4
2023-03-31,EL CAJON,,3,3,3,3
2023-03-31,ESCONDIDO,,4,4,4,4
2023-03-31,LA MESA,,1,1,1,1
2023-03-31,NATIONAL CITY,,1,1,1,1
2023-03-31,OCEANSIDE,,3,3,3,3
2023-03-31,SAN DIEGO,,30,29,30,30
2023-03-31,SHERIFF,,6,6,6,6
2023-04-01,CARLSBAD,,3,3,3,3
2023-04-01,CHULA VISTA,,4,4,4,4
2023-04-01,EL CAJON,,4,3,3,3
2023-04-01,ESCONDIDO,,2,2,2,2
2023-04-01,LA MESA,,1,1,1,1
2023-04-01,OCEANSIDE,,2,2,2,2
2023-04-01,SAN DIEGO,,27,27,27,27
2023-04-01,SHERIFF,,8,8,8,8
2023-04-02,CHULA VISTA,,2,2,2,2
2023-04-02,EL CAJON,,4,3,4,4
2023-04-02,ESCONDIDO,,4,4,4,4
2023-04-02,NATIONAL CITY,,1,1,1,1
2023-04-02,OCEANSIDE,,3,3,3,3
2023-04-02,SAN DIEGO,,24,24,24,24
2023-04-02,SHERIFF,,9,9,9,9
2023-04-03,LA MESA,,1,1,1,1
2023-04-03,OCEANSIDE,,4,4,4,4
2023-04-03,SAN DIEGO,,12,12,12,12
2023-04-03,SHERIFF,,14,14,14,14
2023-04-04,CHULA VISTA,,3,3,3,3
2023-04-04,EL CAJON,,6,5,6,6
2023-04-04,ESCONDIDO,,4,4,4,4
2023-04-04,LA MESA,,1,1,1,1
2023-04-04,NATIONAL CITY,,1,1,1,1
2023-04-04,OCEANSIDE,,4,4,4,4
2023-04-04,SAN DIEGO,,12,11,12,12
2023-04-04,SHERIFF,,5,5,5,5
2023-04-05,CHULA VISTA,,1,1,1,1
2023-04-05,EL CAJON,,10,3,10,10
2023-04-05,ESCONDIDO,,2,2,2,2
2023-04-05,HARBOR POLICE,,1,1,1,1
2023-04-05,LA MESA,,1,1,1,1
2023-04-05,NATIONAL CITY,,2,2,2,2
2023-04-05,OCEANSIDE,,2,2,2,2
2023-04-05,SAN DIEGO,,20,20,20,20
2023-04-05,SHERIFF,,19,19,19,19
2023-04-06,CARLSBAD,,2,2,2,2
2023-04-06,CHULA VISTA,,2,2,2,2
2023-04-06,EL CAJON,,8,4,8,8
2023-04-06,ESCONDIDO,,4,4,4,4
2023-04-06,HARBOR POLICE,,1,1,1,1
2023-04-06,LA MESA,,1,1,1,1
2023-04-06,NATIONAL CITY,,2,2,2,2
2023-04-06,OCEANSIDE,,3,3,3,3
2023-04-06,SAN DIEGO,,17,17,17,17
2023-04-06,SHERIFF,,17,16,17,17
2023-04-07,CARLSBAD,,2,2,2,2
2023-04-07,CHULA VISTA,,3,3,3,3
2023-04-07,EL CAJON,,3,3,3,3
2023-04-07,ESCONDIDO,,8,6,8,8
2023-04-07,LA MESA,,2,2,2,2
2023-04-07,OCEANSIDE,,2,2,2,2
2023-04-07,SAN DIEGO,,26,26,26,26
2023-04-07,SHERIFF,,7,6,7,7
2023-04-08,CHULA VISTA,,4,4,4,4
2023-04-08,EL CAJON,,5,5,5,5
2023-04-08,ESCONDIDO,,4,4,4,4
2023-04-08,HARBOR POLICE,,2,2,2,2
2023-04-08,NATIONAL CITY,,1,1,1,1
2023-04-08,OCEANSIDE,,4,4,4,4
2023-04-08,SAN DIEGO,,31,31,31,31
2023-04-08,SHERIFF,,16,16,16,16
2023-04-09,CARLSBAD,,1,1,1,1
2023-04-09,EL CAJON,,1,1,1,1
2023-04-09,ESCONDIDO,,7,7,7,7
2023-04-09,NATIONAL CITY,,1,1,1,1
2023-04-09,OCEANSIDE,,1,1,1,1
2023-04-09,SAN DIEGO,,23,22,23,23
2023-04-09,SHERIFF,,5,5,5,5
2023-04-10,CARLSBAD,,1,1,1,1
2023-04-10,CHULA VISTA,,2,2,2,2
2023-04-10,EL CAJON,,2,2,2,2
2023-04-10,ESCONDIDO,,4,4,4,4
2023-04-10,NATIONAL CITY,,1,1,1,1
2023-04-10,OCEANSIDE,,2,2,2,2
2023-04-10,SAN DIEGO,,10,9,10,10
2023-04-10,SHERIFF,,15,15,15,15
2023-04-11,CARLSBAD,,1,1,1,1
2023-04-11,CHULA VISTA,,1,1,1,1
2023-04-11,EL CAJON,,4,4,4,4
2023-04-11,ESCONDIDO,,3,3,3,3
2023-04-11,LA MESA,,5,5,5,5
2023-04-11,NATIONAL CITY,,1,1,1,1
2023-04-11,OCEANSIDE,,6,6,6,6
2023-04-11,SAN DIEGO,,13,13,13,13
2023-04-11,SHERIFF,,17,16,17,17
2023-04-12,CHULA VISTA,,2,2,2,2
2023-04-12,EL CAJON,,2,2,2,2
2023-04-12,ESCONDIDO,,3,2,3,3
2023-04-12,HARBOR POLICE,,2,2,2,2
2023-04-12,LA MESA,,1,1,1,1
2023-04-12,NATIONAL CITY,,2,2,2,2
2023-04-12,OCEANSIDE,,6,6,6,6
2023-04-12,SAN DIEGO,,18,18,18,18
2023-04-12,SHERIFF,,11,11,11,11
2023-04-13,CARLSBAD,,4,4,4,4
2023-04-13,CHULA VISTA,,2,2,2,2
2023-04-13,EL CAJON,,2,2,2,2
2023-04-13,ESCONDIDO,,4,4,4,4
2023-04-13,HARBOR POLICE,,1,1,1,1
2023-04-13,LA MESA,,1,1,1,1
2023-04-13,NATIONAL CITY,,1,1,1,1
2023-04-13,OCEANSIDE,,1,1,1,1
2023-04-13,SAN DIEGO,,17,17,17,17
2023-04-13,SHERIFF,,14,14,14,14
2023-04-14,CHULA VISTA,,4,3,3,3
2023-04-14,ESCONDIDO,,10,10,10,10
2023-04-14,OCEANSIDE,,1,1,1,1
2023-04-14,SAN DIEGO,,25,25,25,25
2023-04-14,SHERIFF,,13,13,13,13
2023-04-15,CHULA VISTA,,2,2,2,2
2023-04-15,ESCONDIDO,,1,1,1,1
2023-04-15,HARBOR POLICE,,1,1,1,1
2023-04-15,LA MESA,,4,4,4,4
2023-04-15,OCEANSIDE,,2,2,2,2
2023-04-15,SAN DIEGO,,18,18,18,18
2023-04-15,SHERIFF,,21,21,21,21
2023-04-16,CARLSBAD,,1,1,1,1
2023-04-16,CHULA VISTA,,2,2,2,2
2023-04-16,EL CAJON,,2,2,2,2
2023-04-16,ESCONDIDO,,6,6,6,6
2023-04-16,HARBOR POLICE,,1,1,1,1
2023-04-16,NATIONAL CITY,,1,1,1,1
2023-04-16,OCEANSIDE,,1,1,1,1
2023-04-16,SAN DIEGO,,19,19,19,19
2023-04-16,SHERIFF,,15,15,15,15
2023-04-17,CARLSBAD,,2,2,2,2
2023-04-17,CHULA VISTA,,2,2,2,2
2023-04-17,EL CAJON,,4,4,4,4
2023-04-17,ESCONDIDO,,4,3,4,4
2023-04-17,LA MESA,,1,1,1,1
2023-04-17,NATIONAL CITY,,1,1,1,1
2023-04-17,OCEANSIDE,,1,1,1,1
2023-04-17,SAN DIEGO,,19,19,19,19
2023-04-17,SHERIFF,,24,24,24,24
2023-04-18,CARLSBAD,,1,1,1,1
2023-04-18,ESCONDIDO,,2,2,2,2
2023-04-18,LA MESA,,1,1,1,1
2023-04-18,OCEANSIDE,,4,4,4,4
2023-04-18,SAN DIEGO,,18,18,18,18
2023-04-18,SHERIFF,,13,13,13,13
2023-04-19,CARLSBAD,,3,2,3,3
2023-04-19,CHULA VISTA,,2,2,2,2
2023-04-19,EL CAJON,,1,1,1,1
2023-04-19,ESCONDIDO,,7,7,7,7
2023-04-19,LA MESA,,2,2,2,2
2023-04-19,OCEANSIDE,,2,2,2,2
2023-04-19,SAN DIEGO,,18,18,18,18
2023-04-19,SHERIFF,,23,23,23,23
2023-04-20,CHULA VISTA,,4,4,4,4
2023-04-20,EL CAJON,,2,2,2,2
2023-04-20,ESCONDIDO,,3,2,3,3
2023-04-20,HARBOR POLICE,,1,1,1,1
2023-04-20,LA MESA,,1,1,1,1
2023-04-20,NATIONAL CITY,,1,1,1,1
2023-04-20,OCEANSIDE,,4,4,4,4
2023-04-20,SAN DIEGO,,10,10,10,10
2023-04-20,SHERIFF,,12,12,12,12
2023-04-21,CARLSBAD,,1,1,1,1
2023-04-21,CHULA VISTA,,3,3,3,3
2023-04-21,EL CAJON,,3,2,3,3
2023-04-21,ESCONDIDO,,3,3,3,3
2023-04-21,HARBOR POLICE,,1,1,1,1
2023-04-21,OCEANSIDE,,4,4,4,4
2023-04-21,SAN DIEGO,,21,21,21,21
2023-04-21,SHERIFF,,14,14,14,14
2023-04-22,CARLSBAD,,1,1,1,1
2023-04-22,CHULA VISTA,,6,6,6,6
2023-04-22,ESCONDIDO,,7,7,7,7
2023-04-22,HARBOR POLICE,,1,1,1,1
2023-04-22,LA MESA,,1,1,1,1
2023-04-22,NATIONAL CITY,,1,1,1,1
2023-04-22,OCEANSIDE,,1,1,1,1
2023-04-22,SAN DIEGO,,31,31,31,31
2023-04-22,SHERIFF,,11,10,11,11
2023-04-23,CARLSBAD,,2,2,2,2
2023-04-23,CHULA VISTA,,1,1,1,1
2023-04-23,EL CAJON,,1,1,1,1
2023-04-23,ESCONDIDO,,3,3,3,3
2023-04-23,HARBOR POLICE,,1,1,1,1
2023-04-23,LA MESA,,1,1,1,1
2023-04-23,OCEANSIDE,,5,5,5,5
2023-04-23,SAN DIEGO,,22,22,22,22
2023-04-23,SHERIFF,,11,11,11,11
2023-04-24,CARLSBAD,,2,2,2,2
2023-04-24,ESCONDIDO,,6,6,6,6
2023-04-24,OCEANSIDE,,4,4,4,4
2023-04-24,SAN DIEGO,,21,21,21,21
2023-04-24,SHERIFF,,12,12,12,12
2023-04-25,CARLSBAD,,2,2,2,2
2023-04-25,CHULA VISTA,,2,2,2,2
2023-04-25,EL CAJON,,2,2,2,2
2023-04-25,ESCONDIDO,,1,1,1,1
2023-04-25,NATIONAL CITY,,2,2,2,2
2023-04-25,OCEANSIDE,,4,4,4,4
2023-04-25,SAN DIEGO,,10,10,10,10
2023-04-25,SHERIFF,,6,6,6,6
2023-04-26,CARLSBAD,,7,3,7,7
2023-04-26,CHULA VISTA,,3,3,3,3
2023-04-26,EL CAJON,,1,1,1,1
2023-04-26,ESCONDIDO,,3,3,3,3
2023-04-26,HARBOR POLICE,,2,2,2,2
2023-04-26,LA MESA,,3,2,3,3
2023-04-26,OCEANSIDE,,5,4,5,5
2023-04-26,SAN DIEGO,,22,22,22,22
2023-04-26,SHERIFF,,12,12,12,12
2023-04-27,CARLSBAD,,2,2,2,2
2023-04-27,CHULA VISTA,,1,1,1,1
2023-04-27,EL CAJON,,3,2,3,3
2023-04-27,ESCONDIDO,,8,8,8,8
2023-04-27,HARBOR POLICE,,1,1,1,1
2023-04-27,LA MESA,,1,1,1,1
2023-04-27,OCEANSIDE,,2,2,2,2
2023-04-27,SAN DIEGO,,16,16,16,16
2023-04-27,SHERIFF,,18,18,18,18
2023-04-28,CHULA VISTA,,2,2,2,2
2023-04-28,EL CAJON,,2,2,2,2
2023-04-28,ESCONDIDO,,6,5,6,6
2023-04-28,HARBOR POLICE,,1,1,1,1
2023-04-28,OCEANSIDE,,5,5,5,5
2023-04-28,SAN DIEGO,,27,27,27,27
2023-04-28,SHERIFF,,13,13,13,13
2023-04-29,CARLSBAD,,3,3,3,3
2023-04-29,CHULA VISTA,,2,2,2,2
2023-04-29,EL CAJON,,1,1,1,1
2023-04-29,ESCONDIDO,,3,3,3,3
2023-04-29,NATIONAL CITY,,1,1,1,1
2023-04-29,OCEANSIDE,,7,7,7,7
2023-04-29,SAN DIEGO,,31,31,31,31
2023-04-29,SHERIFF,,18,17,18,18
2023-04-30,CARLSBAD,,2,2,2,2
2023-04-30,CHULA VISTA,,1,1,1,1
2023-04-30,EL CAJON,,4,4,4,4
2023-04-30,ESCONDIDO,,7,7,7,7
2023-04-30,HARBOR POLICE,,1,1,1,1
2023-04-30,NATIONAL CITY,,2,2,2,2
2023-04-30,OCEANSIDE,,3,3,3,3
2023-04-30,SAN DIEGO,,32,31,32,32
2023-04-30,SHERIFF,,11,11,11,11
2023-05-01,CARLSBAD,,2,2,2,2
2023-05-01,CHULA VISTA,,1,1,1,1
2023-05-01,ESCONDIDO,,3,3,3,3
2023-05-01,HARBOR POLICE,,1,1,1,1
2023-05-01,LA MESA,,1,1,1,1
2023-05-01,NATIONAL CITY,,3,3,3,3
2023-05-01,OCEANSIDE,,2,2,2,2
2023-05-01,SAN DIEGO,,24,24,24,24
2023-05-01,SHERIFF,,11,11,11,11
2023-05-02,CARLSBAD,,1,1,1,1
2023-05-02,CHULA VISTA,,2,2,2,2
2023-05-02,EL CAJON,,2,2,2,2
2023-05-02,ESCONDIDO,,3,3,3,3
2023-05-02,HARBOR POLICE,,1,1,1,1
2023-05-02,LA MESA,,1,1,1,1
2023-05-02,OCEANSIDE,,1,1,1,1
2023-05-02,SAN DIEGO,,13,13,13,13
2023-05-02,SHERIFF,,18,18,18,18
2023-05-03,CARLSBAD,,3,3,3,3
2023-05-03,CHULA VISTA,,1,1,1,1
2023-05-03,EL CAJON,,1,1,1,1
2023-05-03,ESCONDIDO,,3,3,3,3
2023-05-03,LA MESA,,1,1,1,1
2023-05-03,NATIONAL CITY,,1,1,1,1
2023-05-03,OCEANSIDE,,1,1,1,1
2023-05-03,SAN DIEGO,,14,14,14,14
2023-05-03,SHERIFF,,9,9,9,9
2023-05-04,CARLSBAD,,2,2,2,2
2023-05-04,CHULA VISTA,,2,2,2,2
2023-05-04,EL CAJON,,2,2,2,2
2023-05-04,ESCONDIDO,,3,3,3,3
2023-05-04,LA MESA,,1,1,1,1
2023-05-04,NATIONAL CITY,,1,1,1,1
2023-05-04,OCEANSIDE,,4,4,4,4
2023-05-04,SAN DIEGO,,23,23,23,23
2023-05-04,SHERIFF,,13,13,13,13
2023-05-05,CARLSBAD,,2,2,2,2
2023-05-05,CHULA VISTA,,1,1,1,1
2023-05-05,EL CAJON,,1,1,1,1
2023-05-05,ESCONDIDO,,4,4,4,4
2023-05-05,HARBOR POLICE,,1,1,1,1
2023-05-05,LA MESA,,4,4,4,4
2023-05-05,NATIONAL CITY,,1,1,1,1
2023-05-05,OCEANSIDE,,2,2,2,2
2023-05-05,SAN DIEGO,,28,28,28,28
2023-05-05,SHERIFF,,14,14,14,14
2023-05-06,CARLSBAD,,2,2,2,2
2023-05-06,CHULA VISTA,,5,5,5,5
2023-05-06,EL CAJON,,2,2,2,2
2023-05-06,ESCONDIDO,,6,6,6,6
2023-05-06,HARBOR POLICE,,2,2,2,2
2023-05-06,LA MESA,,2,2,2,2
2023-05-06,NATIONAL CITY,,4,4,4,4
2023-05-06,OCEANSIDE,,7,7,7,7
2023-05-06,SAN DIEGO,,39,39,39,39
2023-05-06,SHERIFF,,11,11,11,11
2023-05-07,CARLSBAD,,2,1,2,2
2023-05-07,CHULA VISTA,,3,3,3,3
2023-05-07,EL CAJON,,2,2,2,2
2023-05-07,ESCONDIDO,,7,7,7,7
2023-05-07,HARBOR POLICE,,1,1,1,1
2023-05-07,LA MESA,,1,1,1,1
2023-05-07,NATIONAL CITY,,1,1,1,1
2023-05-07,OCEANSIDE,,1,1,1,1
2023-05-07,SAN DIEGO,,32,32,32,32
2023-05-07,SHERIFF,,13,13,13,13
2023-05-08,CHULA VISTA,,1,1,1,1
2023-05-08,EL CAJON,,11,9,11,11
2023-05-08,ESCONDIDO,,2,2,2,2
2023-05-08,LA MESA,,2,2,2,2
2023-05-08,OCEANSIDE,,3,3,3,3
2023-05-08,SAN DIEGO,,17,17,17,17
2023-05-08,SHERIFF,,9,9,9,9
2023-05-09,CARLSBAD,,1,1,1,1
2023-05-09,CHULA VISTA,,1,1,1,1
2023-05-09,EL CAJON,,2,2,2,2
2023-05-09,ESCONDIDO,,4,4,4,4
2023-05-09,HARBOR POLICE,,2,2,2,2
2023-05-09,NATIONAL CITY,,1,1,1,1
2023-05-09,OCEANSIDE,,2,2,2,2
2023-05-09,SAN DIEGO,,19,19,19,19
2023-05-09,SHERIFF,,20,20,20,20
2023-05-10,CHULA VISTA,,4,4,4,4
2023-05-10,ESCONDIDO,,1,1,1,1
2023-05-10,HARBOR POLICE,,2,2,2,2
2023-05-10,LA MESA,,1,1,1,1
2023-05-10,OCEANSIDE,,5,5,5,5
2023-05-10,SAN DIEGO,,12,12,12,12
2023-05-10,SHERIFF,,19,19,19,19
2023-05-11,CARLSBAD,,1,1,1,1
2023-05-11,CHULA VISTA,,1,1,1,1
2023-05-11,EL CAJON,,14,4,14,14
2023-05-11,ESCONDIDO,,4,4,4,4
2023-05-11,HARBOR POLICE,,1,1,1,1
2023-05-11,LA MESA,,1,1,1,1
2023-05-11,NATIONAL CITY,,1,1,1,1
2023-05-11,OCEANSIDE,,1,1,1,1
2023-05-11,SAN DIEGO,,25,25,25,25
2023-05-11,SHERIFF,,8,8,8,8
2023-05-12,CARLSBAD,,1,1,1,1
2023-05-12,CHULA VISTA,,2,2,2,2
2023-05-12,EL CAJON,,1,1,1,1
2023-05-12,ESCONDIDO,,5,5,5,5
2023-05-12,HARBOR POLICE,,1,1,1,1
2023-05-12,LA MESA,,3,3,3,3
2023-05-12,OCEANSIDE,,5,5,5,5
2023-05-12,SAN DIEGO,,24,23,24,24
2023-05-12,SHERIFF,,12,12,12,12
2023-05-13,CARLSBAD,,3,3,3,3
2023-05-13,CHULA VISTA,,6,6,6,6
2023-05-13,EL CAJON,,1,1,1,1
2023-05-13,ESCONDIDO,,6,6,6,6
2023-05-13,HARBOR POLICE,,2,2,2,2
2023-05-13,LA MESA,,5,5,5,5
2023-05-13,NATIONAL CITY,,3,3,3,3
2023-05-13,OCEANSIDE,,3,3,3,3
2023-05-13,SAN DIEGO,,23,23,23,23
2023-05-13,SHERIFF,,14,14,14,14
2023-05-14,CARLSBAD,,1,1,1,1
2023-05-14,CHULA VISTA,,4,4,4,4
2023-05-14,EL CAJON,,3,3,3,3
2023-05-14,ESCONDIDO,,4,4,4,4
2023-05-14,LA MESA,,2,2,2,2
2023-05-14,NATIONAL CITY,,1,1,1,1
2023-05-14,OCEANSIDE,,4,4,4,4
2023-05-14,SAN DIEGO,,27,26,27,27
2023-05-14,SHERIFF,,13,13,13,13
2023-05-15,CARLSBAD,,1,1,1,1
2023-05-15,CHULA VISTA,,3,3,3,3
2023-05-15,EL CAJON,,12,6,12,12
2023-05-15,ESCONDIDO,,5,5,5,5
2023-05-15,NATIONAL CITY,,1,1,1,1
2023-05-15,OCEANSIDE,,6,6,6,6
2023-05-15,SAN DIEGO,,15,15,15,15
2023-05-15,SHERIFF,,7,7,7,7
2023-05-16,CARLSBAD,,1,1,1,1
2023-05-16,CHULA VISTA,,2,2,2,2
2023-05-16,EL CAJON,,12,8,12,12
2023-05-16,ESCONDIDO,,6,6,6,6
2023-05-16,LA MESA,,2,2,2,2
2023-05-16,OCEANSIDE,,1,1,1,1
2023-05-16,SAN DIEGO,,25,24,24,24
2023-05-16,SHERIFF,,17,17,17,17
2023-05-17,CARLSBAD,,1,1,1,1
2023-05-17,CHULA VISTA,,1,1,1,1
2023-05-17,EL CAJON,,6,4,6,6
2023-05-17,ESCONDIDO,,9,7,9,9
2023-05-17,HARBOR POLICE,,1,1,1,1
2023-05-17,LA MESA,,2,2,2,2
2023-05-17,OCEANSIDE,,2,2,2,2
2023-05-17,SAN DIEGO,,22,22,22,22
2023-05-17,SHERIFF,,15,15,15,15
2023-05-18,CHULA VISTA,,3,3,3,3
2023-05-18,EL CAJON,,17,8,17,17
2023-05-18,ESCONDIDO,,8,8,8,8
2023-05-18,HARBOR POLICE,,1,1,1,1
2023-05-18,LA MESA,,1,1,1,1
2023-05-18,NATIONAL CITY,,1,1,1,1
2023-05-18,OCEANSIDE,,2,2,2,2
2023-05-18,SAN DIEGO,,17,17,17,17
2023-05-18,SHERIFF,,13,12,13,13
2023-05-19,CARLSBAD,,1,1,1,1
2023-05-19,CHULA VISTA,,2,2,2,2
2023-05-19,EL CAJON,,2,2,2,2
2023-05-19,ESCONDIDO,,4,4,4,4
2023-05-19,LA MESA,,2,2,2,2
2023-05-19,NATIONAL CITY,,2,2,2,2
2023-05-19,OCEANSIDE,,4,4,4,4
2023-05-19,SAN DIEGO,,35,33,35,35
2023-05-19,SHERIFF,,21,20,21,21
2023-05-20,CARLSBAD,,3,3,3,3
2023-05-20,CHULA VISTA,,4,4,4,4
2023-05-20,EL CAJON,,1,1,1,1
2023-05-20,ESCONDIDO,,2,2,2,2
2023-05-20,LA MESA,,1,1,1,1
2023-05-20,OCEANSIDE,,3,3,3,3
2023-05-20,SAN DIEGO,,39,39,39,39
2023-05-20,SHERIFF,,7,7,7,7
2023-05-21,CHULA VISTA,,4,4,4,4
2023-05-21,EL CAJON,,3,3,3,3
2023-05-21,ESCONDIDO,,6,6,6,6
2023-05-21,HARBOR POLICE,,1,1,1,1
2023-05-21,LA MESA,,2,2,2,2
2023-05-21,NATIONAL CITY,,1,1,1,1
2023-05-21,OCEANSIDE,,3,3,3,3
2023-05-21,SAN DIEGO,,32,31,32,32
2023-05-21,SHERIFF,,13,12,13,13
2023-05-22,CARLSBAD,,2,2,2,2
2023-05-22,CHULA VISTA,,2,2,2,2
2023-05-22,EL CAJON,,13,8,13,13
2023-05-22,ESCONDIDO,,3,3,3,3
2023-05-22,HARBOR POLICE,,3,3,3,3
2023-05-22,LA MESA,,1,1,1,1
2023-05-22,NATIONAL CITY,,1,1,1,1
2023-05-22,OCEANSIDE,,1,1,1,1
2023-05-22,SAN DIEGO,,16,16,16,16
2023-05-22,SHERIFF,,13,13,13,13
2023-05-23,CARLSBAD,,1,1,1,1
2023-05-23,EL CAJON,,11,5,11,11
2023-05-23,ESCONDIDO,,4,4,4,4
2023-05-23,HARBOR POLICE,,3,3,3,3
2023-05-23,OCEANSIDE,,1,1,1,1
2023-05-23,SAN DIEGO,,17,17,17,17
2023-05-23,SHERIFF,,6,6,6,6
2023-05-24,EL CAJON,,2,2,2,2
2023-05-24,ESCONDIDO,,2,2,2,2
2023-05-24,NATIONAL CITY,,1,1,1,1
2023-05-24,OCEANSIDE,,3,3,3,3
2023-05-24,SAN DIEGO,,22,22,22,22
2023-05-24,SHERIFF,,13,13,13,13
2023-05-25,EL CAJON,,5,4,5,5
2023-05-25,ESCONDIDO,,3,3,3,3
2023-05-25,HARBOR POLICE,,1,1,1,1
2023-05-25,LA MESA,,3,3,3,3
2023-05-25,OCEANSIDE,,3,3,3,3
2023-05-25,SAN DIEGO,,23,23,23,23
2023-05-25,SHERIFF,,11,11,11,11
2023-05-26,CARLSBAD,,2,2,2,2
2023-05-26,CHULA VISTA,,2,2,2,2
2023-05-26,EL CAJON,,3,3,3,3
2023-05-26,ESCONDIDO,,4,4,4,4
2023-05-26,HARBOR POLICE,,2,2,2,2
2023-05-26,LA MESA,,3,3,3,3
2023-05-26,NATIONAL CITY,,2,2,2,2
2023-05-26,OCEANSIDE,,5,5,5,5
2023-05-26,SAN DIEGO,,27,27,27,27
2023-05-26,SHERIFF,,12,12,12,12
2023-05-27,CARLSBAD,,1,1,1,1
2023-05-27,CHULA VISTA,,4,4,4,4
2023-05-27,ESCONDIDO,,7,7,7,7
2023-05-27,HARBOR POLICE,,2,2,2,2
2023-05-27,LA MESA,,2,2,2,2
2023-05-27,NATIONAL CITY,,1,1,1,1
2023-05-27,OCEANSIDE,,2,2,2,2
2023-05-27,SAN DIEGO,,37,37,37,37
2023-05-27,SHERIFF,,11,11,11,11
2023-05-28,CARLSBAD,,6,6,6,6
2023-05-28,CHULA VISTA,,1,1,1,1
2023-05-28,EL CAJON,,4,4,4,4
2023-05-28,ESCONDIDO,,5,4,5,5
2023-05-28,LA MESA,,2,2,2,2
2023-05-28,OCEANSIDE,,6,6,6,6
2023-05-28,SAN DIEGO,,43,39,42,42
2023-05-28,SHERIFF,,18,18,18,18
2023-05-29,CARLSBAD,,3,3,3,3
2023-05-29,CHULA VISTA,,2,2,2,2
2023-05-29,EL CAJON,,6,3,6,6
2023-05-29,ESCONDIDO,,1,1,1,1
2023-05-29,NATIONAL CITY,,3,3,3,3
2023-05-29,OCEANSIDE,,5,5,5,5
2023-05-29,SAN DIEGO,,20,20,20,20
2023-05-29,SHERIFF,,6,6,6,6
2023-05-30,CHULA VISTA,,1,1,1,1
2023-05-30,EL CAJON,,19,10,19,19
2023-05-30,ESCONDIDO,,4,4,4,4
2023-05-30,HARBOR POLICE,,3,3,3,3
2023-05-30,LA MESA,,1,1,1,1
2023-05-30,OCEANSIDE,,1,1,1,1
2023-05-30,SAN DIEGO,,18,16,18,18
2023-05-30,SHERIFF,,10,10,10,10
2023-05-31,CHULA VISTA,,1,1,1,1
2023-05-31,EL CAJON,,2,2,2,2
2023-05-31,ESCONDIDO,,6,6,6,6
2023-05-31,OCEANSIDE,,7,7,7,7
2023-05-31,SAN DIEGO,,13,13,13,13
2023-05-31,SHERIFF,,13,13,13,13
2023-06-01,CARLSBAD,,1,1,1,1
2023-06-01,CHULA VISTA,,1,1,1,1
2023-06-01,EL CAJON,,6,5,6,6
2023-06-01,ESCONDIDO,,6,6,6,6
2023-06-01,HARBOR POLICE,,2,2,2,2
2023-06-01,OCEANSIDE,,1,1,1,1
2023-06-01,SAN DIEGO,,22,22,22,22
2023-06-01,SHERIFF,,11,11,11,11
2023-06-02,CARLSBAD,,2,2,2,2
2023-06-02,CHULA VISTA,,3,3,3,3
2023-06-02,EL CAJON,,2,2,2,2
2023-06-02,ESCONDIDO,,8,8,8,8
2023-06-02,OCEANSIDE,,7,7,7,7
2023-06-02,SAN DIEGO,,25,25,25,25
2023-06-02,SHERIFF,,14,14,14,14
2023-06-03,CARLSBAD,,6,6,6,6
2023-06-03,CHULA VISTA,,9,9,9,9
2023-06-03,EL CAJON,,2,2,2,2
2023-06-03,ESCONDIDO,,6,6,6,6
2023-06-03,LA MESA,,2,2,2,2
2023-06-03,NATIONAL CITY,,2,2,2,2
2023-06-03,OCEANSIDE,,1,1,1,1
2023-06-03,SAN DIEGO,,25,25,25,25
2023-06-03,SHERIFF,,8,8,8,8
2023-06-04,CHULA VISTA,,2,2,2,2
2023-06-04,EL CAJON,,1,1,1,1
2023-06-04,ESCONDIDO,,12,12,12,12
2023-06-04,HARBOR POLICE,,2,2,2,2
2023-06-04,LA MESA,,1,1,1,1
2023-06-04,NATIONAL CITY,,2,2,2,2
2023-06-04,OCEANSIDE,,3,3,3,3
2023-06-04,SAN DIEGO,,22,22,22,22
2023-06-04,SHERIFF,,9,9,9,9
2023-06-05,CARLSBAD,,3,3,3,3
2023-06-05,CHULA VISTA,,3,3,3,3
2023-06-05,EL CAJON,,3,3,3,3
2023-06-05,ESCONDIDO,,4,4,4,4
2023-06-05,HARBOR POLICE,,2,2,2,2
2023-06-05,LA MESA,,4,4,4,4
2023-06-05,NATIONAL CITY,,1,1,1,1
2023-06-05,OCEANSIDE,,2,2,2,2
2023-06-05,SAN DIEGO,,16,16,16,16
2023-06-05,SHERIFF,,11,11,11,11
2023-06-06,CARLSBAD,,4,3,4,4
2023-06-06,EL CAJON,,17,9,17,17
2023-06-06,ESCONDIDO,,4,4,4,4
2023-06-06,NATIONAL CITY,,1,1,1,1
2023-06-06,OCEANSIDE,,3,3,3,3
2023-06-06,SAN DIEGO,,18,18,18,18
2023-06-06,SHERIFF,,11,11,11,11
2023-06-07,CARLSBAD,,2,2,2,2
2023-06-07,CHULA VISTA,,6,6,6,6
2023-06-07,EL CAJON,,1,1,1,1
2023-06-07,ESCONDIDO,,3,3,3,3
2023-06-07,LA MESA,,1,1,1,1
2023-06-07,OCEANSIDE,,1,1,1,1
2023-06-07,SAN DIEGO,,21,20,21,21
2023-06-07,SHERIFF,,25,24,25,25
2023-06-08,CHULA VISTA,,4,4,4,4
2023-06-08,EL CAJON,,3,3,3,3
2023-06-08,ESCONDIDO,,2,2,2,2
2023-06-08,LA MESA,,3,3,3,3
2023-06-08,NATIONAL CITY,,1,1,1,1
2023-06-08,OCEANSIDE,,3,3,3,3
2023-06-08,SAN DIEGO,,15,15,15,15
2023-06-08,SHERIFF,,17,17,17,17
2023-06-09,CARLSBAD,,1,1,1,1
2023-06-09,CHULA VISTA,,5,5,5,5
2023-06-09,EL CAJON,,1,1,1,1
2023-06-09,ESCONDIDO,,7,7,7,7
2023-06-09,HARBOR POLICE,,1,1,1,1
2023-06-09,LA MESA,,1,1,1,1
2023-06-09,NATIONAL CITY,,1,1,1,1
2023-06-09,SAN DIEGO,,17,17,17,17
2023-06-09,SHERIFF,,19,19,19,19
2023-06-10,CARLSBAD,,1,1,1,1
2023-06-10,CHULA VISTA,,2,2,2,2
2023-06-10,EL CAJON,,7,5,7,7
2023-06-10,ESCONDIDO,,8,8,8,8
2023-06-10,HARBOR POLICE,,1,1,1,1
2023-06-10,LA MESA,,1,1,1,1
2023-06-10,OCEANSIDE,,3,3,3,3
2023-06-10,SAN DIEGO,,25,25,25,25
2023-06-10,SHERIFF,,16,12,16,16
2023-06-11,CARLSBAD,,5,5,5,5
2023-06-11,CHULA VISTA,,6,6,6,6
2023-06-11,EL CAJON,,5,4,5,5
2023-06-11,ESCONDIDO,,4,4,4,4
2023-06-11,LA MESA,,1,1,1,1
2023-06-11,OCEANSIDE,,1,1,1,1
2023-06-11,SAN DIEGO,,23,22,23,23
2023-06-11,SHERIFF,,9,8,9,9
2023-06-12,CARLSBAD,,3,3,3,3
2023-06-12,EL CAJON,,6,4,6,6
2023-06-12,ESCONDIDO,,7,7,7,7
2023-06-12,HARBOR POLICE,,2,2,2,2
2023-06-12,LA MESA,,2,2,2,2
2023-06-12,NATIONAL CITY,,1,1,1,1
2023-06-12,OCEANSIDE,,4,4,4,4
2023-06-12,SAN DIEGO,,26,23,26,26
2023-06-12,SHERIFF,,21,21,21,21
2023-06-13,CARLSBAD,,3,3,3,3
2023-06-13,CHULA VISTA,,2,2,2,2
2023-06-13,EL CAJON,,2,2,2,2
2023-06-13,ESCONDIDO,,8,7,8,8
2023-06-13,HARBOR POLICE,,1,1,1,1
2023-06-13,LA MESA,,1,1,1,1
2023-06-13,OCEANSIDE,,5,5,5,5
2023-06-13,SAN DIEGO,,13,13,13,13
2023-06-13,SHERIFF,,17,17,17,17
2023-06-14,CARLSBAD,,2,2,2,2
2023-06-14,CHULA VISTA,,1,1,1,1
2023-06-14,EL CAJON,,3,1,3,3
2023-06-14,ESCONDIDO,,3,3,3,3
2023-06-14,NATIONAL CITY,,1,1,1,1
2023-06-14,OCEANSIDE,,1,1,1,1
2023-06-14,SAN DIEGO,,22,20,21,21
2023-06-14,SHERIFF,,16,16,16,16
2023-06-15,CARLSBAD,,1,1,1,1
2023-06-15,CHULA VISTA,,4,3,4,4
2023-06-15,EL CAJON,,6,5,6,6
2023-06-15,ESCONDIDO,,1,1,1,1
2023-06-15,HARBOR POLICE,,3,3,3,3
2023-06-15,LA MESA,,1,1,1,1
2023-06-15,NATIONAL CITY,,3,3,3,3
2023-06-15,OCEANSIDE,,2,2,2,2
2023-06-15,SAN DIEGO,,19,19,19,19
2023-06-15,SHERIFF,,11,11,11,11
2023-06-16,CARLSBAD,,3,3,3,3
2023-06-16,CHULA VISTA,,5,5,5,5
2023-06-16,ESCONDIDO,,9,9,9,9
2023-06-16,HARBOR POLICE,,1,1,1,1
2023-06-16,LA MESA,,3,3,3,3
2023-06-16,OCEANSIDE,,3,3,3,3
2023-06-16,SAN DIEGO,,24,23,24,24
2023-06-16,SHERIFF,,15,15,15,15
2023-06-17,CARLSBAD,,3,3,3,3
2023-06-17,CHULA VISTA,,3,3,3,3
2023-06-17,EL CAJON,,2,2,2,2
2023-06-17,ESCONDIDO,,7,7,7,7
2023-06-17,HARBOR POLICE,,4,4,4,4
2023-06-17,LA MESA,,2,2,2,2
2023-06-17,OCEANSIDE,,2,2,2,2
2023-06-17,SAN DIEGO,,30,28,30,30
2023-06-17,SHERIFF,,17,17,17,17
2023-06-18,CARLSBAD,,2,2,2,2
2023-06-18,CHULA VISTA,,2,2,2,2
2023-06-18,EL CAJON,,3,2,3,3
2023-06-18,ESCONDIDO,,6,6,6,6
2023-06-18,HARBOR POLICE,,1,1,1,1
2023-06-18,LA MESA,,1,1,1,1
2023-06-18,NATIONAL CITY,,1,1,1,1
2023-06-18,OCEANSIDE,,5,5,5,5
2023-06-18,SAN DIEGO,,19,19,19,19
2023-06-18,SHERIFF,,10,10,10,10
2023-06-19,CARLSBAD,,1,1,1,1
2023-06-19,CHULA VISTA,,1,1,1,1
2023-06-19,EL CAJON,,4,2,4,4
2023-06-19,ESCONDIDO,,3,3,3,3
2023-06-19,LA MESA,,2,2,2,2
2023-06-19,NATIONAL CITY,,1,1,1,1
2023-06-19,SAN DIEGO,,11,11,11,11
2023-06-19,SHERIFF,,10,10,10,10
2023-06-20,CARLSBAD,,2,2,2,2
2023-06-20,CHULA VISTA,,2,2,2,2
2023-06-20,EL CAJON,,8,5,8,8
2023-06-20,ESCONDIDO,,7,7,7,7
2023-06-20,NATIONAL CITY,,1,1,1,1
2023-06-20,OCEANSIDE,,3,3,3,3
2023-06-20,SAN DIEGO,,23,22,23,23
2023-06-20,SHERIFF,,18,17,18,18
2023-06-21,CARLSBAD,,1,1,1,1
2023-06-21,CHULA VISTA,,5,5,5,5
2023-06-21,EL CAJON,,5,4,5,5
2023-06-21,ESCONDIDO,,5,5,5,5
2023-06-21,LA MESA,,3,3,3,3
2023-06-21,NATIONAL CITY,,2,2,2,2
2023-06-21,OCEANSIDE,,3,3,3,3
2023-06-21,SAN DIEGO,,20,20,20,20
2023-06-21,SHERIFF,,14,14,14,14
2023-06-22,CARLSBAD,,1,1,1,1
2023-06-22,CHULA VISTA,,1,1,1,1
2023-06-22,EL CAJON,,2,2,2,2
2023-06-22,ESCONDIDO,,4,4,4,4
2023-06-22,LA MESA,,1,1,1,1
2023-06-22,NATIONAL CITY,,3,3,3,3
2023-06-22,OCEANSIDE,,3,3,3,3
2023-06-22,SAN DIEGO,,20,20,20,20
2023-06-22,SHERIFF,,19,16,18,18
2023-06-23,CARLSBAD,,3,3,3,3
2023-06-23,CHULA VISTA,,2,2,2,2
2023-06-23,ESCONDIDO,,5,5,5,5
2023-06-23,LA MESA,,1,1,1,1
2023-06-23,NATIONAL CITY,,1,1,1,1
2023-06-23,OCEANSIDE,,2,2,2,2
2023-06-23,SAN DIEGO,,13,13,13,13
2023-06-23,SHERIFF,,12,12,12,12
2023-06-24,CARLSBAD,,4,4,4,4
2023-06-24,CHULA VISTA,,6,6,6,6
2023-06-24,EL CAJON,,4,3,4,4
2023-06-24,ESCONDIDO,,13,10,13,13
2023-06-24,HARBOR POLICE,,1,1,1,1
2023-06-24,LA MESA,,2,2,2,2
2023-06-24,NATIONAL CITY,,1,1,1,1
2023-06-24,OCEANSIDE,,2,2,2,2
2023-06-24,SAN DIEGO,,33,33,33,33
2023-06-24,SHERIFF,,14,14,14,14
2023-06-25,CARLSBAD,,8,7,8,8
2023-06-25,CHULA VISTA,,5,5,5,5
2023-06-25,EL CAJON,,1,1,1,1
2023-06-25,ESCONDIDO,,7,7,7,7
2023-06-25,HARBOR POLICE,,1,1,1,1
2023-06-25,LA MESA,,2,2,2,2
2023-06-25,NATIONAL CITY,,2,2,2,2
2023-06-25,OCEANSIDE,,3,3,3,3
2023-06-25,SAN DIEGO,,22,21,22,22
2023-06-25,SHERIFF,,17,17,17,17
2023-06-26,CARLSBAD,,2,1,2,2
2023-06-26,EL CAJON,,5,4,5,5
2023-06-26,ESCONDIDO,,2,2,2,2
2023-06-26,NATIONAL CITY,,1,1,1,1
2023-06-26,OCEANSIDE,,4,4,4,4
2023-06-26,SAN DIEGO,,25,21,25,25
2023-06-26,SHERIFF,,12,12,12,12
2023-06-27,CARLSBAD,,5,4,5,5
2023-06-27,CHULA VISTA,,1,1,1,1
2023-06-27,EL CAJON,,3,3,3,3
2023-06-27,ESCONDIDO,,8,8,8,8
2023-06-27,HARBOR POLICE,,1,1,1,1
2023-06-27,LA MESA,,5,5,5,5
2023-06-27,NATIONAL CITY,,2,2,2,2
2023-06-27,OCEANSIDE,,4,4,4,4
2023-06-27,SAN DIEGO,,14,14,14,14
2023-06-27,SHERIFF,,12,11,12,12
2023-06-28,CARLSBAD,,2,2,2,2
2023-06-28,CHULA VISTA,,1,1,1,1
2023-06-28,EL CAJON,,6,5,6,6
2023-06-28,ESCONDIDO,,6,6,6,6
2023-06-28,HARBOR POLICE,,1,1,1,1
2023-06-28,LA MESA,,2,2,2,2
2023-06-28,NATIONAL CITY,,2,2,2,2
2023-06-28,SAN DIEGO,,22,22,22,22
2023-06-28,SHERIFF,,14,14,14,14
2023-06-29,CARLSBAD,,4,4,4,4
2023-06-29,CHULA VISTA,,2,2,2,2
2023-06-29,EL CAJON,,7,5,7,7
2023-06-29,ESCONDIDO,,4,4,4,4
2023-06-29,OCEANSIDE,,1,1,1,1
2023-06-29,SAN DIEGO,,21,21,21,21
2023-06-29,SHERIFF,,18,18,18,18
2023-06-30,CARLSBAD,,8,8,8,8
2023-06-30,EL CAJON,,1,1,1,1
2023-06-30,ESCONDIDO,,6,6,6,6
2023-06-30,HARBOR POLICE,,1,1,1,1
2023-06-30,LA MESA,,2,2,2,2
2023-06-30,NATIONAL CITY,,2,2,2,2
2023-06-30,OCEANSIDE,,3,3,3,3
2023-06-30,SAN DIEGO,,25,25,25,25
2023-06-30,SHERIFF,,15,15,15,15
2023-07-01,CARLSBAD,,4,4,4,4
2023-07-01,CHULA VISTA,,2,2,2,2
2023-07-01,EL CAJON,,1,1,1,1
2023-07-01,ESCONDIDO,,6,6,6,6
2023-07-01,LA MESA,,4,3,4,4
2023-07-01,NATIONAL CITY,,3,2,3,3
2023-07-01,OCEANSIDE,,4,3,4,4
2023-07-01,SAN DIEGO,,36,35,36,36
2023-07-01,SHERIFF,,13,13,13,13
2023-07-02,CARLSBAD,,1,1,1,1
2023-07-02,CHULA VISTA,,5,5,5,5
2023-07-02,ESCONDIDO,,8,8,8,8
2023-07-02,HARBOR POLICE,,1,1,1,1
2023-07-02,LA MESA,,2,2,2,2
2023-07-02,OCEANSIDE,,3,3,3,3
2023-07-02,SAN DIEGO,,30,30,30,30
2023-07-02,SHERIFF,,7,7,7,7
2023-07-03,EL CAJON,,4,4,4,4
2023-07-03,ESCONDIDO,,4,4,4,4
2023-07-03,HARBOR POLICE,,2,2,2,2
2023-07-03,LA MESA,,1,1,1,1
2023-07-03,NATIONAL CITY,,1,1,1,1
2023-07-03,OCEANSIDE,,5,5,5,5
2023-07-03,SAN DIEGO,,25,25,25,25
2023-07-03,SHERIFF,,12,12,12,12
2023-07-04,CARLSBAD,,3,3,3,3
2023-07-04,CHULA VISTA,,2,2,2,2
2023-07-04,EL CAJON,,2,2,2,2
2023-07-04,ESCONDIDO,,4,4,4,4
2023-07-04,HARBOR POLICE,,1,1,1,1
2023-07-04,LA MESA,,4,4,4,4
2023-07-04,OCEANSIDE,,8,8,8,8
2023-07-04,SAN DIEGO,,42,41,42,42
2023-07-04,SHERIFF,,9,8,9,9
2023-07-05,CHULA VISTA,,4,4,4,4
2023-07-05,EL CAJON,,2,2,2,2
2023-07-05,ESCONDIDO,,4,3,4,4
2023-07-05,HARBOR POLICE,,3,3,3,3
2023-07-05,NATIONAL CITY,,1,1,1,1
2023-07-05,OCEANSIDE,,1,1,1,1
2023-07-05,SAN DIEGO,,17,16,17,17
2023-07-05,SHERIFF,,13,13,13,13
2023-07-06,CHULA VISTA,,1,1,1,1
2023-07-06,EL CAJON,,11,7,11,11
2023-07-06,ESCONDIDO,,3,3,3,3
2023-07-06,NATIONAL CITY,,3,3,3,3
2023-07-06,OCEANSIDE,,4,4,4,4
2023-07-06,SAN DIEGO,,21,21,21,21
2023-07-06,SHERIFF,,21,21,21,21
2023-07-07,CARLSBAD,,3,3,3,3
2023-07-07,CHULA VISTA,,6,6,6,6
2023-07-07,EL CAJON,,2,2,2,2
2023-07-07,ESCONDIDO,,1,1,1,1
2023-07-07,LA MESA,,5,5,5,5
2023-07-07,OCEANSIDE,,5,4,5,5
2023-07-07,SAN DIEGO,,14,14,14,14
2023-07-07,SHERIFF,,17,17,17,17
2023-07-08,CHULA VISTA,,3,3,3,3
2023-07-08,EL CAJON,,3,3,3,3
2023-07-08,ESCONDIDO,,3,3,3,3
2023-07-08,HARBOR POLICE,,2,2,2,2
2023-07-08,LA MESA,,1,1,1,1
2023-07-08,NATIONAL CITY,,1,1,1,1
2023-07-08,OCEANSIDE,,3,3,3,3
2023-07-08,SAN DIEGO,,23,21,23,23
2023-07-08,SHERIFF,,13,13,13,13
2023-07-09,CARLSBAD,,5,5,5,5
2023-07-09,CHULA VISTA,,4,4,4,4
2023-07-09,EL CAJON,,3,3,3,3
2023-07-09,ESCONDIDO,,4,4,4,4
2023-07-09,HARBOR POLICE,,1,1,1,1
2023-07-09,NATIONAL CITY,,1,1,1,1
2023-07-09,OCEANSIDE,,5,5,5,5
2023-07-09,SAN DIEGO,,24,24,24,24
2023-07-09,SHERIFF,,9,9,9,9
2023-07-10,CARLSBAD,,1,1,1,1
2023-07-10,EL CAJON,,3,3,3,3
2023-07-10,ESCONDIDO,,4,4,4,4
2023-07-10,HARBOR POLICE,,3,3,3,3
2023-07-10,LA MESA,,2,2,2,2
2023-07-10,NATIONAL CITY,,5,5,5,5
2023-07-10,OCEANSIDE,,2,2,2,2
2023-07-10,SAN DIEGO,,17,16,17,17
2023-07-10,SHERIFF,,15,15,15,15
2023-07-11,CARLSBAD,,2,2,2,2
2023-07-11,CHULA VISTA,,1,1,1,1
2023-07-11,EL CAJON,,2,2,2,2
2023-07-11,ESCONDIDO,,4,4,4,4
2023-07-11,HARBOR POLICE,,1,1,1,1
2023-07-11,OCEANSIDE,,2,2,2,2
2023-07-11,SAN DIEGO,,15,15,15,15
2023-07-11,SHERIFF,,19,19,19,19
2023-07-12,CHULA VISTA,,3,2,3,3
2023-07-12,ESCONDIDO,,5,5,5,5
2023-07-12,HARBOR POLICE,,1,1,1,1
2023-07-12,LA MESA,,2,2,2,2
2023-07-12,NATIONAL CITY,,3,3,3,3
2023-07-12,OCEANSIDE,,1,1,1,1
2023-07-12,SAN DIEGO,,16,16,16,16
2023-07-12,SHERIFF,,15,15,15,15
2023-07-13,CARLSBAD,,4,4,4,4
2023-07-13,CHULA VISTA,,1,1,1,1
2023-07-13,EL CAJON,,3,3,3,3
2023-07-13,ESCONDIDO,,4,4,4,4
2023-07-13,HARBOR POLICE,,2,2,2,2
2023-07-13,LA MESA,,2,2,2,2
2023-07-13,OCEANSIDE,,2,2,2,2
2023-07-13,SAN DIEGO,,20,20,20,20
2023-07-13,SHERIFF,,20,20,20,20
2023-07-14,CARLSBAD,,1,1,1,1
2023-07-14,CHULA VISTA,,2,2,2,2
2023-07-14,ESCONDIDO,,4,4,4,4
2023-07-14,LA MESA,,3,3,3,3
2023-07-14,NATIONAL CITY,,1,1,1,1
2023-07-14,SAN DIEGO,,28,28,28,28
2023-07-14,SHERIFF,,12,12,12,12
2023-07-15,CARLSBAD,,1,1,1,1
2023-07-15,CHULA VISTA,,1,1,1,1
2023-07-15,EL CAJON,,1,1,1,1
2023-07-15,ESCONDIDO,,9,9,9,9
2023-07-15,HARBOR POLICE,,1,1,1,1
2023-07-15,LA MESA,,1,1,1,1
2023-07-15,NATIONAL CITY,,2,2,2,2
2023-07-15,OCEANSIDE,,4,4,4,4
2023-07-15,SAN DIEGO,,27,27,27,27
2023-07-15,SHERIFF,,7,7,7,7
2023-07-16,CARLSBAD,,4,4,4,4
2023-07-16,CHULA VISTA,,5,5,5,5
2023-07-16,EL CAJON,,2,2,2,2
2023-07-16,ESCONDIDO,,9,9,9,9
2023-07-16,HARBOR POLICE,,1,1,1,1
2023-07-16,LA MESA,,2,2,2,2
2023-07-16,NATIONAL CITY,,1,1,1,1
2023-07-16,OCEANSIDE,,3,3,3,3
2023-07-16,SAN DIEGO,,22,21,22,22
2023-07-16,SHERIFF,,8,8,8,8
2023-07-17,CARLSBAD,,1,1,1,1
2023-07-17,CHULA VISTA,,1,1,1,1
2023-07-17,EL CAJON,,1,1,1,1
2023-07-17,ESCONDIDO,,4,4,4,4
2023-07-17,HARBOR POLICE,,1,1,1,1
2023-07-17,LA MESA,,1,1,1,1
2023-07-17,OCEANSIDE,,4,4,4,4
2023-07-17,SAN DIEGO,,15,15,15,15
2023-07-17,SHERIFF,,11,10,11,11
2023-07-18,CARLSBAD,,1,1,1,1
2023-07-18,CHULA VISTA,,1,1,1,1
2023-07-18,EL CAJON,,1,1,1,1
2023-07-18,ESCONDIDO,,2,2,2,2
2023-07-18,LA MESA,,2,2,2,2
2023-07-18,OCEANSIDE,,2,2,2,2
2023-07-18,SAN DIEGO,,20,20,20,20
2023-07-18,SHERIFF,,21,21,21,21
2023-07-19,CARLSBAD,,1,1,1,1
2023-07-19,CHULA VISTA,,2,2,2,2
2023-07-19,EL CAJON,,6,4,6,6
2023-07-19,ESCONDIDO,,2,2,2,2
2023-07-19,LA MESA,,3,3,3,3
2023-07-19,NATIONAL CITY,,2,2,2,2
2023-07-19,OCEANSIDE,,3,3,3,3
2023-07-19,SAN DIEGO,,17,17,17,17
2023-07-19,SHERIFF,,22,22,22,22
2023-07-20,CARLSBAD,,2,2,2,2
2023-07-20,CHULA VISTA,,2,2,2,2
2023-07-20,ESCONDIDO,,1,1,1,1
2023-07-20,HARBOR POLICE,,4,4,4,4
2023-07-20,LA MESA,,1,1,1,1
2023-07-20,OCEANSIDE,,5,4,5,5
2023-07-20,SAN DIEGO,,21,17,21,21
2023-07-20,SHERIFF,,12,12,12,12
2023-07-21,CARLSBAD,,4,4,4,4
2023-07-21,CHULA VISTA,,4,4,4,4
2023-07-21,EL CAJON,,1,1,1,1
2023-07-21,ESCONDIDO,,3,3,3,3
2023-07-21,LA MESA,,1,1,1,1
2023-07-21,OCEANSIDE,,2,2,2,2
2023-07-21,SAN DIEGO,,21,21,21,21
2023-07-21,SHERIFF,,16,16,16,16
2023-07-22,CARLSBAD,,1,1,1,1
2023-07-22,CHULA VISTA,,3,3,3,3
2023-07-22,ESCONDIDO,,5,5,5,5
2023-07-22,HARBOR POLICE,,2,2,2,2
2023-07-22,LA MESA,,2,2,2,2
2023-07-22,NATIONAL CITY,,1,1,1,1
2023-07-22,OCEANSIDE,,3,3,3,3
2023-07-22,SAN DIEGO,,32,30,32,32
2023-07-22,SHERIFF,,11,9,10,10
2023-07-23,CARLSBAD,,3,3,3,3
2023-07-23,CHULA VISTA,,2,2,2,2
2023-07-23,EL CAJON,,1,1,1,1
2023-07-23,ESCONDIDO,,6,6,6,6
2023-07-23,HARBOR POLICE,,2,2,2,2
2023-07-23,LA MESA,,1,1,1,1
2023-07-23,NATIONAL CITY,,2,2,2,2
2023-07-23,OCEANSIDE,,6,6,6,6
2023-07-23,SAN DIEGO,,15,15,15,15
2023-07-23,SHERIFF,,8,8,8,8
2023-07-24,CARLSBAD,,2,2,2,2
2023-07-24,CHULA VISTA,,2,2,2,2
2023-07-24,EL CAJON,,1,1,1,1
2023-07-24,ESCONDIDO,,2,2,2,2
2023-07-24,OCEANSIDE,,5,5,5,5
2023-07-24,SAN DIEGO,,22,21,22,22
2023-07-24,SHERIFF,,15,15,15,15
2023-07-25,CARLSBAD,,1,1,1,1
2023-07-25,CHULA VISTA,,3,3,3,3
2023-07-25,EL CAJON,,1,1,1,1
2023-07-25,ESCONDIDO,,5,5,5,5
2023-07-25,LA MESA,,2,2,2,2
2023-07-25,NATIONAL CITY,,1,1,1,1
2023-07-25,OCEANSIDE,,7,7,7,7
2023-07-25,SAN DIEGO,,18,17,18,18
2023-07-25,SHERIFF,,21,20,21,21
2023-07-26,EL CAJON,,4,4,4,4
2023-07-26,ESCONDIDO,,1,1,1,1
2023-07-26,HARBOR POLICE,,1,1,1,1
2023-07-26,LA MESA,,1,1,1,1
2023-07-26,NATIONAL CITY,,2,2,2,2
2023-07-26,OCEANSIDE,,3,3,3,3
2023-07-26,SAN DIEGO,,21,20,21,21
2023-07-26,SHERIFF,,24,22,24,24
2023-07-27,CARLSBAD,,2,2,2,2
2023-07-27,EL CAJON,,2,2,2,2
2023-07-27,ESCONDIDO,,7,7,7,7
2023-07-27,HARBOR POLICE,,1,1,1,1
2023-07-27,LA MESA,,1,1,1,1
2023-07-27,OCEANSIDE,,5,5,5,5
2023-07-27,SAN DIEGO,,24,23,23,23
2023-07-27,SHERIFF,,17,17,17,17
2023-07-28,CARLSBAD,,3,3,3,3
2023-07-28,CHULA VISTA,,5,5,5,5
2023-07-28,EL CAJON,,2,2,2,2
2023-07-28,ESCONDIDO,,5,5,5,5
2023-07-28,LA MESA,,1,1,1,1
2023-07-28,NATIONAL CITY,,1,1,1,1
2023-07-28,OCEANSIDE,,6,6,6,6
2023-07-28,SAN DIEGO,,20,19,20,20
2023-07-28,SHERIFF,,13,13,13,13
2023-07-29,CARLSBAD,,4,4,4,4
2023-07-29,CHULA VISTA,,7,7,7,7
2023-07-29,EL CAJON,,4,2,4,3
2023-07-29,ESCONDIDO,,3,3,3,3
2023-07-29,HARBOR POLICE,,2,2,2,2
2023-07-29,LA MESA,,2,2,2,2
2023-07-29,NATIONAL CITY,,2,2,2,2
2023-07-29,OCEANSIDE,,2,2,2,2
2023-07-29,SAN DIEGO,,24,24,24,24
2023-07-29,SHERIFF,,13,13,13,13
2023-07-30,CARLSBAD,,4,4,4,4
2023-07-30,CHULA VISTA,,3,3,3,3
2023-07-30,EL CAJON,,1,1,1,1
2023-07-30,ESCONDIDO,,5,4,5,5
2023-07-30,LA MESA,,3,3,3,3
2023-07-30,NATIONAL CITY,,1,1,1,1
2023-07-30,OCEANSIDE,,1,1,1,1
2023-07-30,SAN DIEGO,,19,19,19,19
2023-07-30,SHERIFF,,10,10,10,10
2023-07-31,CARLSBAD,,2,2,2,2
2023-07-31,CHULA VISTA,,2,2,2,2
2023-07-31,EL CAJON,,2,2,2,2
2023-07-31,ESCONDIDO,,5,4,5,5
2023-07-31,LA MESA,,2,2,2,2
2023-07-31,OCEANSIDE,,6,6,6,6
2023-07-31,SAN DIEGO,,11,11,11,11
2023-07-31,SHERIFF,,11,11,11,11
2023-08-01,CARLSBAD,,2,1,2,2
2023-08-01,CHULA VISTA,,1,1,1,1
2023-08-01,EL CAJON,,1,1,1,1
2023-08-01,ESCONDIDO,,3,3,3,3
2023-08-01,LA MESA,,1,1,1,1
2023-08-01,NATIONAL CITY,,3,3,3,3
2023-08-01,OCEANSIDE,,5,5,5,5
2023-08-01,SAN DIEGO,,18,18,18,18
2023-08-01,SHERIFF,,33,32,33,33
2023-08-02,CARLSBAD,,1,1,1,1
2023-08-02,EL CAJON,,2,2,2,2
2023-08-02,ESCONDIDO,,3,3,3,3
2023-08-02,LA MESA,,1,1,1,1
2023-08-02,NATIONAL CITY,,1,1,1,1
2023-08-02,OCEANSIDE,,2,2,2,2
2023-08-02,SAN DIEGO,,14,14,14,14
2023-08-02,SHERIFF,,13,12,13,13
2023-08-03,CHULA VISTA,,1,1,1,1
2023-08-03,EL CAJON,,3,3,3,3
2023-08-03,ESCONDIDO,,3,3,3,3
2023-08-03,HARBOR POLICE,,3,3,3,3
2023-08-03,LA MESA,,2,2,2,2
2023-08-03,OCEANSIDE,,2,2,2,2
2023-08-03,SAN DIEGO,,14,14,14,14
2023-08-03,SHERIFF,,14,14,14,14
2023-08-04,CARLSBAD,,3,3,3,3
2023-08-04,CHULA VISTA,,5,4,5,5
2023-08-04,ESCONDIDO,,6,5,6,6
2023-08-04,HARBOR POLICE,,1,1,1,1
2023-08-04,NATIONAL CITY,,3,2,3,3
2023-08-04,OCEANSIDE,,4,4,4,4
2023-08-04,SAN DIEGO,,21,21,21,21
2023-08-04,SHERIFF,,11,11,11,11
2023-08-05,CARLSBAD,,5,5,5,5
2023-08-05,CHULA VISTA,,8,8,8,8
2023-08-05,EL CAJON,,5,4,5,5
2023-08-05,ESCONDIDO,,4,4,4,4
2023-08-05,HARBOR POLICE,,1,1,1,1
2023-08-05,LA MESA,,1,1,1,1
2023-08-05,NATIONAL CITY,,2,2,2,2
2023-08-05,OCEANSIDE,,2,2,2,2
2023-08-05,SAN DIEGO,,22,22,22,22
2023-08-05,SHERIFF,,11,11,11,11
2023-08-06,CARLSBAD,,3,3,3,3
2023-08-06,CHULA VISTA,,3,3,3,3
2023-08-06,EL CAJON,,3,3,3,3
2023-08-06,ESCONDIDO,,3,3,3,3
2023-08-06,HARBOR POLICE,,1,1,1,1
2023-08-06,LA MESA,,2,2,2,2
2023-08-06,OCEANSIDE,,5,5,5,5
2023-08-06,SAN DIEGO,,25,24,25,25
2023-08-06,SHERIFF,,7,7,7,7
2023-08-07,CARLSBAD,,4,4,4,4
2023-08-07,CHULA VISTA,,4,4,4,4
2023-08-07,EL CAJON,,3,1,3,3
2023-08-07,ESCONDIDO,,8,8,8,8
2023-08-07,HARBOR POLICE,,1,1,1,1
2023-08-07,LA MESA,,4,4,4,4
2023-08-07,OCEANSIDE,,3,3,3,3
2023-08-07,SAN DIEGO,,11,11,11,11
2023-08-07,SHERIFF,,27,27,27,27
2023-08-08,CARLSBAD,,4,2,4,4
2023-08-08,CHULA VISTA,,2,2,2,2
2023-08-08,EL CAJON,,1,1,1,1
2023-08-08,ESCONDIDO,,4,4,4,4
2023-08-08,HARBOR POLICE,,1,1,1,1
2023-08-08,LA MESA,,1,1,1,1
2023-08-08,OCEANSIDE,,3,3,3,3
2023-08-08,SAN DIEGO,,17,17,17,17
2023-08-08,SHERIFF,,13,13,13,13
2023-08-09,CARLSBAD,,3,2,3,3
2023-08-09,CHULA VISTA,,2,2,2,2
2023-08-09,EL CAJON,,3,3,3,3
2023-08-09,ESCONDIDO,,4,4,4,4
2023-08-09,HARBOR POLICE,,1,1,1,1
2023-08-09,LA MESA,,1,1,1,1
2023-08-09,NATIONAL CITY,,1,1,1,1
2023-08-09,SAN DIEGO,,16,14,16,16
2023-08-09,SHERIFF,,27,26,27,27
2023-08-10,EL CAJON,,4,3,4,4
2023-08-10,ESCONDIDO,,4,4,4,4
2023-08-10,HARBOR POLICE,,1,1,1,1
2023-08-10,LA MESA,,1,1,1,1
2023-08-10,SAN DIEGO,,15,15,15,15
2023-08-10,SHERIFF,,17,17,17,17
2023-08-11,CARLSBAD,,4,4,4,4
2023-08-11,CHULA VISTA,,4,4,4,4
2023-08-11,EL CAJON,,1,1,1,1
2023-08-11,ESCONDIDO,,7,7,7,7
2023-08-11,LA MESA,,1,1,1,1
2023-08-11,NATIONAL CITY,,1,1,1,1
2023-08-11,OCEANSIDE,,6,6,6,6
2023-08-11,SAN DIEGO,,32,32,32,32
2023-08-11,SHERIFF,,14,14,14,14
2023-08-12,CARLSBAD,,4,4,4,4
2023-08-12,CHULA VISTA,,4,4,4,4
2023-08-12,EL CAJON,,4,4,4,4
2023-08-12,ESCONDIDO,,8,8,8,8
2023-08-12,LA MESA,,2,2,2,2
2023-08-12,NATIONAL CITY,,2,2,2,2
2023-08-12,OCEANSIDE,,3,3,3,3
2023-08-12,SAN DIEGO,,23,21,23,23
2023-08-12,SHERIFF,,15,15,15,15
2023-08-13,CARLSBAD,,1,1,1,1
2023-08-13,CHULA VISTA,,3,3,3,3
2023-08-13,EL CAJON,,2,2,2,2
2023-08-13,ESCONDIDO,,4,4,4,4
2023-08-13,LA MESA,,1,1,1,1
2023-08-13,OCEANSIDE,,3,3,3,3
2023-08-13,SAN DIEGO,,23,22,22,22
2023-08-13,SHERIFF,,17,16,17,17
2023-08-14,CARLSBAD,,2,2,2,2
2023-08-14,CHULA VISTA,,2,1,2,2
2023-08-14,ESCONDIDO,,4,4,4,4
2023-08-14,OCEANSIDE,,1,1,1,1
2023-08-14,SAN DIEGO,,18,18,18,18
2023-08-14,SHERIFF,,13,13,13,13
2023-08-15,CARLSBAD,,1,1,1,1
2023-08-15,CHULA VISTA,,4,4,4,4
2023-08-15,EL CAJON,,4,4,4,4
2023-08-15,ESCONDIDO,,4,4,4,4
2023-08-15,LA MESA,,2,2,2,2
2023-08-15,OCEANSIDE,,2,2,2,2
2023-08-15,SAN DIEGO,,17,17,17,17
2023-08-15,SHERIFF,,23,23,23,23
2023-08-16,CARLSBAD,,2,1,2,2
2023-08-16,EL CAJON,,2,2,2,2
2023-08-16,HARBOR POLICE,,1,1,1,1
2023-08-16,LA MESA,,1,1,1,1
2023-08-16,NATIONAL CITY,,1,1,1,1
2023-08-16,OCEANSIDE,,1,1,1,1
2023-08-16,SAN DIEGO,,11,11,11,11
2023-08-16,SHERIFF,,12,12,12,12
2023-08-17,CARLSBAD,,2,2,2,2
2023-08-17,CHULA VISTA,,1,1,1,1
2023-08-17,EL CAJON,,2,2,2,2
2023-08-17,ESCONDIDO,,3,3,3,3
2023-08-17,HARBOR POLICE,,1,1,1,1
2023-08-17,LA MESA,,1,1,1,1
2023-08-17,NATIONAL CITY,,1,1,1,1
2023-08-17,OCEANSIDE,,1,1,1,1
2023-08-17,SAN DIEGO,,30,27,29,28
2023-08-17,SHERIFF,,20,20,20,20
2023-08-18,CARLSBAD,,2,2,2,2
2023-08-18,CHULA VISTA,,1,1,1,1
2023-08-18,EL CAJON,,3,3,3,3
2023-08-18,ESCONDIDO,,3,3,3,3
2023-08-18,HARBOR POLICE,,3,3,3,3
2023-08-18,LA MESA,,2,2,2,2
2023-08-18,OCEANSIDE,,7,7,7,7
2023-08-18,SAN DIEGO,,24,24,24,24
2023-08-18,SHERIFF,,15,15,15,15
2023-08-19,CARLSBAD,,4,4,4,4
2023-08-19,CHULA VISTA,,5,5,5,5
2023-08-19,EL CAJON,,1,1,1,1
2023-08-19,ESCONDIDO,,4,4,4,4
2023-08-19,HARBOR POLICE,,3,3,3,3
2023-08-19,LA MESA,,3,3,3,3
2023-08-19,OCEANSIDE,,3,3,3,3
2023-08-19,SAN DIEGO,,31,31,31,31
2023-08-19,SHERIFF,,15,15,15,15
2023-08-20,CARLSBAD,,2,2,2,2
2023-08-20,EL CAJON,,3,3,3,3
2023-08-20,ESCONDIDO,,2,2,2,2
2023-08-20,LA MESA,,2,2,2,2
2023-08-20,OCEANSIDE,,7,7,7,7
2023-08-20,SAN DIEGO,,13,13,13,13
2023-08-20,SHERIFF,,6,6,6,6
2023-08-21,CARLSBAD,,1,1,1,1
2023-08-21,CHULA VISTA,,3,3,3,3
2023-08-21,EL CAJON,,3,3,3,3
2023-08-21,ESCONDIDO,,5,5,5,5
2023-08-21,HARBOR POLICE,,1,1,1,1
2023-08-21,LA MESA,,2,2,2,2
2023-08-21,NATIONAL CITY,,3,3,3,3
2023-08-21,OCEANSIDE,,2,2,2,2
2023-08-21,SAN DIEGO,,16,11,15,15
2023-08-21,SHERIFF,,15,15,15,15
2023-08-22,CARLSBAD,,4,4,4,4
2023-08-22,EL CAJON,,2,2,2,2
2023-08-22,ESCONDIDO,,7,5,7,7
2023-08-22,HARBOR POLICE,,3,3,3,3
2023-08-22,LA MESA,,2,2,2,2
2023-08-22,OCEANSIDE,,3,3,3,3
2023-08-22,SAN DIEGO,,21,20,20,20
2023-08-22,SHERIFF,,21,21,21,21
2023-08-23,CARLSBAD,,3,2,3,3
2023-08-23,CHULA VISTA,,3,3,3,3
2023-08-23,EL CAJON,,1,1,1,1
2023-08-23,ESCONDIDO,,3,3,3,3
2023-08-23,NATIONAL CITY,,2,2,2,2
2023-08-23,OCEANSIDE,,1,1,1,1
2023-08-23,SAN DIEGO,,29,29,29,29
2023-08-23,SHERIFF,,30,30,30,30
2023-08-24,CARLSBAD,,2,2,2,2
2023-08-24,CHULA VISTA,,5,5,5,5
2023-08-24,EL CAJON,,1,1,1,1
2023-08-24,ESCONDIDO,,6,6,6,6
2023-08-24,NATIONAL CITY,,4,3,4,4
2023-08-24,OCEANSIDE,,4,4,4,4
2023-08-24,SAN DIEGO,,16,16,16,16
2023-08-24,SHERIFF,,15,15,15,15
2023-08-25,CARLSBAD,,2,2,2,2
2023-08-25,CHULA VISTA,,2,2,2,2
2023-08-25,EL CAJON,,1,1,1,1
2023-08-25,ESCONDIDO,,9,9,9,9
2023-08-25,HARBOR POLICE,,1,1,1,1
2023-08-25,LA MESA,,1,1,1,1
2023-08-25,NATIONAL CITY,,3,3,3,3
2023-08-25,OCEANSIDE,,3,3,3,3
2023-08-25,SAN DIEGO,,27,26,27,27
2023-08-25,SHERIFF,,27,27,27,27
2023-08-26,CARLSBAD,,3,3,3,3
2023-08-26,CHULA VISTA,,4,4,4,4
2023-08-26,EL CAJON,,2,2,2,2
2023-08-26,ESCONDIDO,,8,8,8,8
2023-08-26,HARBOR POLICE,,3,3,3,3
2023-08-26,LA MESA,,6,6,6,6
2023-08-26,OCEANSIDE,,4,4,4,4
2023-08-26,SAN DIEGO,,30,29,30,30
2023-08-26,SHERIFF,,25,25,25,25
2023-08-27,CARLSBAD,,3,3,3,3
2023-08-27,CHULA VISTA,,4,4,4,4
2023-08-27,EL CAJON,,2,2,2,2
2023-08-27,ESCONDIDO,,5,5,5,5
2023-08-27,HARBOR POLICE,,1,1,1,1
2023-08-27,NATIONAL CITY,,3,3,3,3
2023-08-27,OCEANSIDE,,5,5,5,5
2023-08-27,SAN DIEGO,,20,20,20,20
2023-08-27,SHERIFF,,11,10,10,10
2023-08-28,CARLSBAD,,2,2,2,2
2023-08-28,CHULA VISTA,,2,2,2,2
2023-08-28,EL CAJON,,1,1,1,1
2023-08-28,ESCONDIDO,,2,2,2,2
2023-08-28,HARBOR POLICE,,1,1,1,1
2023-08-28,LA MESA,,1,1,1,1
2023-08-28,NATIONAL CITY,,1,1,1,1
2023-08-28,OCEANSIDE,,3,3,3,3
2023-08-28,SAN DIEGO,,24,24,24,24
2023-08-28,SHERIFF,,11,11,11,11
2023-08-29,CARLSBAD,,1,1,1,1
2023-08-29,CHULA VISTA,,1,1,1,1
2023-08-29,EL CAJON,,1,1,1,1
2023-08-29,ESCONDIDO,,3,3,3,3
2023-08-29,HARBOR POLICE,,1,1,1,1
2023-08-29,LA MESA,,1,1,1,1
2023-08-29,NATIONAL CITY,,2,2,2,2
2023-08-29,OCEANSIDE,,6,6,6,6
2023-08-29,SAN DIEGO,,13,13,13,13
2023-08-29,SHERIFF,,19,19,19,19
2023-08-30,CARLSBAD,,1,1,1,1
2023-08-30,CHULA VISTA,,1,1,1,1
2023-08-30,EL CAJON,,1,1,1,1
2023-08-30,ESCONDIDO,,2,2,2,2
2023-08-30,LA MESA,,1,1,1,1
2023-08-30,NATIONAL CITY,,1,1,1,1
2023-08-30,OCEANSIDE,,5,5,5,5
2023-08-30,SAN DIEGO,,15,15,15,15
2023-08-30,SHERIFF,,10,10,10,10
2023-08-31,CARLSBAD,,1,1,1,1
2023-08-31,CHULA VISTA,,1,1,1,1
2023-08-31,EL CAJON,,3,3,3,3
2023-08-31,ESCONDIDO,,6,6,6,6
2023-08-31,LA MESA,,3,3,3,3
2023-08-31,NATIONAL CITY,,1,1,1,1
2023-08-31,OCEANSIDE,,6,6,6,6
2023-08-31,SAN DIEGO,,21,21,21,21
2023-08-31,SHERIFF,,18,18,18,18
2023-09-01,CARLSBAD,,3,3,3,3
2023-09-01,CHULA VISTA,,5,5,5,5
2023-09-01,EL CAJON,,1,1,1,1
2023-09-01,ESCONDIDO,,6,6,6,6
2023-09-01,LA MESA,,3,3,3,3
2023-09-01,NATIONAL CITY,,3,3,3,3
2023-09-01,OCEANSIDE,,3,3,3,3
2023-09-01,SAN DIEGO,,16,16,16,16
2023-09-01,SHERIFF,,17,16,16,16
2023-09-02,CARLSBAD,,3,3,3,3
2023-09-02,CHULA VISTA,,3,3,3,3
2023-09-02,EL CAJON,,3,3,3,3
2023-09-02,ESCONDIDO,,5,5,5,5
2023-09-02,HARBOR POLICE,,1,1,1,1
2023-09-02,LA MESA,,2,2,2,2
2023-09-02,NATIONAL CITY,,1,1,1,1
2023-09-02,OCEANSIDE,,9,9,9,9
2023-09-02,SAN DIEGO,,36,33,36,36
2023-09-02,SHERIFF,,12,12,12,12
2023-09-03,CARLSBAD,,9,4,9,9
2023-09-03,CHULA VISTA,,2,2,2,2
2023-09-03,EL CAJON,,5,4,5,5
2023-09-03,ESCONDIDO,,5,5,5,5
2023-09-03,HARBOR POLICE,,2,2,2,2
2023-09-03,LA MESA,,3,3,3,3
2023-09-03,NATIONAL CITY,,1,1,1,1
2023-09-03,OCEANSIDE,,6,6,6,6
2023-09-03,SAN DIEGO,,28,27,28,28
2023-09-03,SHERIFF,,15,15,15,15
2023-09-04,CARLSBAD,,6,6,6,6
2023-09-04,CHULA VISTA,,2,2,2,2
2023-09-04,EL CAJON,,4,4,4,4
2023-09-04,ESCONDIDO,,7,7,7,7
2023-09-04,LA MESA,,3,3,3,3
2023-09-04,OCEANSIDE,,5,5,5,5
2023-09-04,SAN DIEGO,,20,20,20,20
2023-09-04,SHERIFF,,8,8,8,8
2023-09-05,CARLSBAD,,1,1,1,1
2023-09-05,CHULA VISTA,,2,2,2,2
2023-09-05,EL CAJON,,3,3,3,3
2023-09-05,ESCONDIDO,,4,4,4,4
2023-09-05,HARBOR POLICE,,1,1,1,1
2023-09-05,LA MESA,,3,3,3,3
2023-09-05,NATIONAL CITY,,1,1,1,1
2023-09-05,OCEANSIDE,,2,2,2,2
2023-09-05,SAN DIEGO,,15,15,15,15
2023-09-05,SHERIFF,,7,7,7,7
2023-09-06,CHULA VISTA,,3,3,3,3
2023-09-06,EL CAJON,,2,2,2,2
2023-09-06,ESCONDIDO,,5,5,5,5
2023-09-06,LA MESA,,1,1,1,1
2023-09-06,OCEANSIDE,,3,3,3,3
2023-09-06,SAN DIEGO,,15,15,15,15
2023-09-06,SHERIFF,,23,23,23,23
2023-09-07,CARLSBAD,,4,4,4,4
2023-09-07,CHULA VISTA,,4,4,4,4
2023-09-07,ESCONDIDO,,3,3,3,3
2023-09-07,HARBOR POLICE,,1,1,1,1
2023-09-07,LA MESA,,2,2,2,2
2023-09-07,OCEANSIDE,,4,4,4,4
2023-09-07,SAN DIEGO,,20,20,20,20
2023-09-07,SHERIFF,,19,19,19,19
2023-09-08,CARLSBAD,,1,1,1,1
2023-09-08,CHULA VISTA,,2,2,2,2
2023-09-08,EL CAJON,,1,1,1,1
2023-09-08,ESCONDIDO,,3,3,3,3
2023-09-08,HARBOR POLICE,,3,3,3,3
2023-09-08,LA MESA,,1,1,1,1
2023-09-08,NATIONAL CITY,,1,1,1,1
2023-09-08,OCEANSIDE,,2,2,2,2
2023-09-08,SAN DIEGO,,16,16,16,16
2023-09-08,SHERIFF,,27,27,27,27
2023-09-09,CARLSBAD,,4,4,4,4
2023-09-09,CHULA VISTA,,1,1,1,1
2023-09-09,EL CAJON,,2,2,2,2
2023-09-09,ESCONDIDO,,3,3,3,3
2023-09-09,HARBOR POLICE,,1,1,1,1
2023-09-09,LA MESA,,1,1,1,1
2023-09-09,NATIONAL CITY,,3,3,3,3
2023-09-09,OCEANSIDE,,2,2,2,2
2023-09-09,SAN DIEGO,,22,22,22,22
2023-09-09,SHERIFF,,9,9,9,9
2023-09-10,CARLSBAD,,3,2,3,3
2023-09-10,CHULA VISTA,,1,1,1,1
2023-09-10,ESCONDIDO,,11,10,11,11
2023-09-10,HARBOR POLICE,,1,1,1,1
2023-09-10,LA MESA,,2,2,2,2
2023-09-10,NATIONAL CITY,,1,1,1,1
2023-09-10,OCEANSIDE,,6,6,6,6
2023-09-10,SAN DIEGO,,12,12,12,12
2023-09-10,SHERIFF,,11,11,11,11
2023-09-11,CARLSBAD,,2,2,2,2
2023-09-11,CHULA VISTA,,1,1,1,1
2023-09-11,ESCONDIDO,,3,3,3,3
2023-09-11,HARBOR POLICE,,3,3,3,3
2023-09-11,LA MESA,,2,2,2,2
2023-09-11,OCEANSIDE,,2,2,2,2
2023-09-11,SAN DIEGO,,18,18,18,18
2023-09-11,SHERIFF,,14,14,14,14
2023-09-12,CARLSBAD,,2,2,2,2
2023-09-12,CHULA VISTA,,2,2,2,2
2023-09-12,EL CAJON,,1,1,1,1
2023-09-12,ESCONDIDO,,3,3,3,3
2023-09-12,HARBOR POLICE,,1,1,1,1
2023-09-12,NATIONAL CITY,,1,1,1,1
2023-09-12,OCEANSIDE,,4,4,4,4
2023-09-12,SAN DIEGO,,8,8,8,8
2023-09-12,SHERIFF,,25,24,25,25
2023-09-13,CARLSBAD,,6,6,6,6
2023-09-13,CHULA VISTA,,1,1,1,1
2023-09-13,EL CAJON,,1,1,1,1
2023-09-13,ESCONDIDO,,7,7,7,7
2023-09-13,HARBOR POLICE,,2,2,2,2
2023-09-13,OCEANSIDE,,2,2,2,2
2023-09-13,SAN DIEGO,,26,20,26,26
2023-09-13,SHERIFF,,26,25,26,26
2023-09-14,CHULA VISTA,,3,3,3,3
2023-09-14,EL CAJON,,2,2,2,2
2023-09-14,ESCONDIDO,,2,2,2,2
2023-09-14,HARBOR POLICE,,3,3,3,3
2023-09-14,LA MESA,,1,1,1,1
2023-09-14,NATIONAL CITY,,2,2,2,2
2023-09-14,OCEANSIDE,,1,1,1,1
2023-09-14,SAN DIEGO,,10,10,10,10
2023-09-14,SHERIFF,,17,16,17,17
2023-09-15,CARLSBAD,,1,1,1,1
2023-09-15,CHULA VISTA,,3,3,3,3
2023-09-15,EL CAJON,,1,1,1,1
2023-09-15,ESCONDIDO,,7,7,7,7
2023-09-15,LA MESA,,2,2,2,2
2023-09-15,OCEANSIDE,,5,5,5,5
2023-09-15,SAN DIEGO,,8,8,8,8
2023-09-15,SHERIFF,,22,19,22,22
2023-09-16,CHULA VISTA,,6,6,6,6
2023-09-16,ESCONDIDO,,5,5,5,5
2023-09-16,HARBOR POLICE,,1,1,1,1
2023-09-16,LA MESA,,3,3,3,3
2023-09-16,NATIONAL CITY,,3,3,3,3
2023-09-16,OCEANSIDE,,3,3,3,3
2023-09-16,SAN DIEGO,,29,29,29,29
2023-09-16,SHERIFF,,10,10,10,10
2023-09-17,CARLSBAD,,2,2,2,2
2023-09-17,CHULA VISTA,,1,1,1,1
2023-09-17,EL CAJON,,1,1,1,1
2023-09-17,ESCONDIDO,,7,7,7,7
2023-09-17,NATIONAL CITY,,3,3,3,3
2023-09-17,OCEANSIDE,,7,7,7,7
2023-09-17,SAN DIEGO,,24,22,23,23
2023-09-17,SHERIFF,,13,13,13,13
2023-09-18,CARLSBAD,,1,1,1,1
2023-09-18,CHULA VISTA,,3,3,3,3
2023-09-18,EL CAJON,,1,1,1,1
2023-09-18,ESCONDIDO,,3,3,3,3
2023-09-18,NATIONAL CITY,,1,1,1,1
2023-09-18,OCEANSIDE,,4,4,4,4
2023-09-18,SAN DIEGO,,16,15,15,15
2023-09-18,SHERIFF,,16,16,16,16
2023-09-19,CARLSBAD,,1,1,1,1
2023-09-19,CHULA VISTA,,1,1,1,1
2023-09-19,ESCONDIDO,,6,6,6,6
2023-09-19,LA MESA,,2,2,2,2
2023-09-19,OCEANSIDE,,2,2,2,2
2023-09-19,SAN DIEGO,,10,10,10,10
2023-09-19,SHERIFF,,15,15,15,15
2023-09-20,CARLSBAD,,2,2,2,2
2023-09-20,CHULA VISTA,,4,3,4,4
2023-09-20,EL CAJON,,2,2,2,2
2023-09-20,ESCONDIDO,,6,6,6,6
2023-09-20,HARBOR POLICE,,2,2,2,2
2023-09-20,LA MESA,,1,1,1,1
2023-09-20,NATIONAL CITY,,1,1,1,1
2023-09-20,OCEANSIDE,,4,4,4,4
2023-09-20,SAN DIEGO,,4,4,4,4
2023-09-20,SHERIFF,,26,26,26,26
2023-09-21,CHULA VISTA,,3,3,3,3
2023-09-21,EL CAJON,,2,2,2,2
2023-09-21,ESCONDIDO,,7,7,7,7
2023-09-21,HARBOR POLICE,,1,1,1,1
2023-09-21,LA MESA,,4,4,4,4
2023-09-21,NATIONAL CITY,,1,1,1,1
2023-09-21,OCEANSIDE,,1,1,1,1
2023-09-21,SAN DIEGO,,27,24,27,27
2023-09-21,SHERIFF,,23,23,23,23
2023-09-22,CARLSBAD,,2,2,2,2
2023-09-22,CHULA VISTA,,3,3,3,3
2023-09-22,ESCONDIDO,,4,4,4,4
2023-09-22,HARBOR POLICE,,1,1,1,1
2023-09-22,LA MESA,,4,4,4,4
2023-09-22,NATIONAL CITY,,1,1,1,1
2023-09-22,OCEANSIDE,,7,7,7,7
2023-09-22,SAN DIEGO,,17,17,17,17
2023-09-22,SHERIFF,,30,28,30,30
2023-09-23,CARLSBAD,,5,5,5,5
2023-09-23,CHULA VISTA,,5,5,5,5
2023-09-23,EL CAJON,,3,3,3,3
2023-09-23,ESCONDIDO,,10,10,10,10
2023-09-23,HARBOR POLICE,,1,1,1,1
2023-09-23,LA MESA,,2,2,2,2
2023-09-23,OCEANSIDE,,1,1,1,1
2023-09-23,SAN DIEGO,,28,28,28,28
2023-09-23,SHERIFF,,22,21,21,21
2023-09-24,CARLSBAD,,4,4,4,4
2023-09-24,CHULA VISTA,,3,3,3,3
2023-09-24,EL CAJON,,4,4,4,4
2023-09-24,ESCONDIDO,,2,2,2,2
2023-09-24,NATIONAL CITY,,3,3,3,3
2023-09-24,OCEANSIDE,,7,7,7,7
2023-09-24,SAN DIEGO,,13,13,13,13
2023-09-24,SHERIFF,,17,13,17,17
2023-09-25,CARLSBAD,,5,5,5,5
2023-09-25,CHULA VISTA,,2,2,2,2
2023-09-25,EL CAJON,,1,1,1,1
2023-09-25,ESCONDIDO,,3,3,3,3
2023-09-25,HARBOR POLICE,,2,2,2,2
2023-09-25,LA MESA,,1,1,1,1
2023-09-25,OCEANSIDE,,1,1,1,1
2023-09-25,SAN DIEGO,,11,10,11,11
2023-09-25,SHERIFF,,14,14,14,14
2023-09-26,CARLSBAD,,2,2,2,2
2023-09-26,CHULA VISTA,,2,2,2,2
2023-09-26,EL CAJON,,1,1,1,1
2023-09-26,ESCONDIDO,,9,7,9,9
2023-09-26,NATIONAL CITY,,1,1,1,1
2023-09-26,OCEANSIDE,,6,6,6,6
2023-09-26,SAN DIEGO,,15,15,15,15
2023-09-26,SHERIFF,,15,15,15,15
2023-09-27,CHULA VISTA,,3,3,3,3
2023-09-27,ESCONDIDO,,3,3,3,3
2023-09-27,LA MESA,,4,4,4,4
2023-09-27,OCEANSIDE,,6,6,6,6
2023-09-27,SAN DIEGO,,14,14,14,14
2023-09-27,SHERIFF,,19,19,19,19
2023-09-28,CHULA VISTA,,2,2,2,2
2023-09-28,EL CAJON,,1,1,1,1
2023-09-28,ESCONDIDO,,3,3,3,3
2023-09-28,HARBOR POLICE,,1,1,1,1
2023-09-28,LA MESA,,3,3,3,3
2023-09-28,NATIONAL CITY,,1,1,1,1
2023-09-28,SAN DIEGO,,16,15,16,16
2023-09-28,SHERIFF,,12,12,12,12
2023-09-29,CARLSBAD,,5,5,5,5
2023-09-29,CHULA VISTA,,1,1,1,1
2023-09-29,EL CAJON,,3,3,3,3
2023-09-29,ESCONDIDO,,3,3,3,3
2023-09-29,HARBOR POLICE,,1,1,1,1
2023-09-29,LA MESA,,2,2,2,2
2023-09-29,NATIONAL CITY,,2,2,2,2
2023-09-29,OCEANSIDE,,5,5,5,5
2023-09-29,SAN DIEGO,,26,26,26,26
2023-09-29,SHERIFF,,12,12,12,12
2023-09-30,CARLSBAD,,2,2,2,2
2023-09-30,CHULA VISTA,,7,7,7,7
2023-09-30,EL CAJON,,4,4,4,4
2023-09-30,ESCONDIDO,,4,4,4,4
2023-09-30,NATIONAL CITY,,1,1,1,1
2023-09-30,OCEANSIDE,,5,5,5,5
2023-09-30,SAN DIEGO,,26,26,26,26
2023-09-30,SHERIFF,,23,23,23,23
2023-10-01,CARLSBAD,,3,3,3,3
2023-10-01,CHULA VISTA,,2,2,2,2
2023-10-01,EL CAJON,,1,1,1,1
2023-10-01,ESCONDIDO,,6,6,6,6
2023-10-01,LA MESA,,2,2,2,2
2023-10-01,NATIONAL CITY,,1,1,1,1
2023-10-01,OCEANSIDE,,8,8,8,8
2023-10-01,SAN DIEGO,,25,25,25,25
2023-10-01,SHERIFF,,12,12,12,12
2023-10-02,CARLSBAD,,1,1,1,1
2023-10-02,EL CAJON,,4,4,4,4
2023-10-02,ESCONDIDO,,1,1,1,1
2023-10-02,LA MESA,,2,2,2,2
2023-10-02,OCEANSIDE,,2,2,2,2
2023-10-02,SAN DIEGO,,17,16,17,17
2023-10-02,SHERIFF,,21,21,21,21
2023-10-03,CARLSBAD,,1,1,1,1
2023-10-03,CHULA VISTA,,1,1,1,1
2023-10-03,EL CAJON,,1,1,1,1
2023-10-03,ESCONDIDO,,3,3,3,3
2023-10-03,HARBOR POLICE,,1,1,1,1
2023-10-03,LA MESA,,1,1,1,1
2023-10-03,OCEANSIDE,,1,1,1,1
2023-10-03,SAN DIEGO,,15,15,15,15
2023-10-03,SHERIFF,,31,31,31,31
2023-10-04,CARLSBAD,,2,2,2,2
2023-10-04,CHULA VISTA,,1,1,1,1
2023-10-04,EL CAJON,,2,2,2,2
2023-10-04,ESCONDIDO,,4,4,4,4
2023-10-04,HARBOR POLICE,,1,1,1,1
2023-10-04,LA MESA,,1,1,1,1
2023-10-04,NATIONAL CITY,,1,1,1,1
2023-10-04,OCEANSIDE,,2,2,2,2
2023-10-04,SAN DIEGO,,13,13,13,13
2023-10-04,SHERIFF,,14,14,14,14
2023-10-05,CARLSBAD,,1,1,1,1
2023-10-05,CHULA VISTA,,3,3,3,3
2023-10-05,EL CAJON,,2,2,2,2
2023-10-05,ESCONDIDO,,8,7,8,8
2023-10-05,HARBOR POLICE,,1,1,1,1
2023-10-05,LA MESA,,4,4,4,4
2023-10-05,SAN DIEGO,,17,16,17,16
2023-10-05,SHERIFF,,15,15,15,15
2023-10-06,CARLSBAD,,2,2,2,2
2023-10-06,CHULA VISTA,,5,5,5,5
2023-10-06,EL CAJON,,3,3,3,3
2023-10-06,ESCONDIDO,,3,3,3,3
2023-10-06,HARBOR POLICE,,1,1,1,1
2023-10-06,LA MESA,,1,1,1,1
2023-10-06,OCEANSIDE,,3,3,3,3
2023-10-06,SAN DIEGO,,21,21,21,21
2023-10-06,SHERIFF,,17,17,17,17
2023-10-07,CARLSBAD,,2,2,2,2
2023-10-07,CHULA VISTA,,5,5,5,5
2023-10-07,ESCONDIDO,,10,10,10,10
2023-10-07,LA MESA,,4,4,4,4
2023-10-07,NATIONAL CITY,,1,1,1,1
2023-10-07,OCEANSIDE,,2,2,2,2
2023-10-07,SAN DIEGO,,28,28,28,28
2023-10-07,SHERIFF,,21,21,21,21
2023-10-08,CARLSBAD,,2,2,2,2
2023-10-08,CHULA VISTA,,2,2,2,2
2023-10-08,ESCONDIDO,,5,5,5,5
2023-10-08,HARBOR POLICE,,3,3,3,3
2023-10-08,LA MESA,,2,2,2,2
2023-10-08,OCEANSIDE,,2,2,2,2
2023-10-08,SAN DIEGO,,11,11,11,11
2023-10-08,SHERIFF,,13,13,13,13
2023-10-09,CHULA VISTA,,2,2,2,2
2023-10-09,EL CAJON,,3,2,3,3
2023-10-09,ESCONDIDO,,6,6,6,6
2023-10-09,HARBOR POLICE,,3,3,3,3
2023-10-09,LA MESA,,1,1,1,1
2023-10-09,NATIONAL CITY,,1,1,1,1
2023-10-09,OCEANSIDE,,2,2,2,2
2023-10-09,SAN DIEGO,,20,19,20,20
2023-10-09,SHERIFF,,16,16,16,16
2023-10-10,CARLSBAD,,3,3,3,3
2023-10-10,CHULA VISTA,,2,2,2,2
2023-10-10,EL CAJON,,4,3,4,4
2023-10-10,ESCONDIDO,,3,3,3,3
2023-10-10,LA MESA,,1,1,1,1
2023-10-10,OCEANSIDE,,1,1,1,1
2023-10-10,SAN DIEGO,,15,15,15,15
2023-10-10,SHERIFF,,27,25,27,26
2023-10-11,CARLSBAD,,1,1,1,1
2023-10-11,EL CAJON,,5,5,5,5
2023-10-11,ESCONDIDO,,5,5,5,5
2023-10-11,HARBOR POLICE,,1,1,1,1
2023-10-11,LA MESA,,2,2,2,2
2023-10-11,NATIONAL CITY,,1,1,1,1
2023-10-11,OCEANSIDE,,3,3,3,3
2023-10-11,SAN DIEGO,,16,16,16,16
2023-10-11,SHERIFF,,32,32,32,32
2023-10-12,CHULA VISTA,,3,3,3,3
2023-10-12,EL CAJON,,2,2,2,2
2023-10-12,ESCONDIDO,,8,7,8,8
2023-10-12,LA MESA,,2,2,2,2
2023-10-12,OCEANSIDE,,2,2,2,2
2023-10-12,SAN DIEGO,,12,12,12,12
2023-10-12,SHERIFF,,21,20,21,21
2023-10-13,CARLSBAD,,2,2,2,2
2023-10-13,CHULA VISTA,,2,2,2,2
2023-10-13,EL CAJON,,3,3,3,3
2023-10-13,ESCONDIDO,,1,1,1,1
2023-10-13,LA MESA,,1,1,1,1
2023-10-13,OCEANSIDE,,4,4,4,4
2023-10-13,SAN DIEGO,,24,24,24,24
2023-10-13,SHERIFF,,17,17,17,17
2023-10-14,CARLSBAD,,4,4,4,4
2023-10-14,CHULA VISTA,,4,4,4,4
2023-10-14,EL CAJON,,2,2,2,2
2023-10-14,ESCONDIDO,,9,9,9,9
2023-10-14,HARBOR POLICE,,2,2,2,2
2023-10-14,LA MESA,,1,1,1,1
2023-10-14,OCEANSIDE,,4,4,4,4
2023-10-14,SAN DIEGO,,27,27,27,27
2023-10-14,SHERIFF,,16,15,16,16
2023-10-15,CARLSBAD,,3,3,3,3
2023-10-15,CHULA VISTA,,1,1,1,1
2023-10-15,EL CAJON,,2,2,2,2
2023-10-15,ESCONDIDO,,5,5,5,5
2023-10-15,HARBOR POLICE,,1,1,1,1
2023-10-15,NATIONAL CITY,,2,2,2,2
2023-10-15,OCEANSIDE,,1,1,1,1
2023-10-15,SAN DIEGO,,28,27,28,28
2023-10-15,SHERIFF,,11,11,11,11
2023-10-16,CHULA VISTA,,1,1,1,1
2023-10-16,EL CAJON,,3,3,3,3
2023-10-16,ESCONDIDO,,6,6,6,6
2023-10-16,LA MESA,,1,1,1,1
2023-10-16,NATIONAL CITY,,1,1,1,1
2023-10-16,OCEANSIDE,,2,2,2,2
2023-10-16,SAN DIEGO,,15,15,15,15
2023-10-16,SHERIFF,,18,18,18,18
2023-10-17,CARLSBAD,,2,2,2,2
2023-10-17,CHULA VISTA,,1,1,1,1
2023-10-17,EL CAJON,,7,4,7,7
2023-10-17,ESCONDIDO,,4,4,4,4
2023-10-17,HARBOR POLICE,,1,1,1,1
2023-10-17,LA MESA,,2,2,2,2
2023-10-17,OCEANSIDE,,2,2,2,2
2023-10-17,SAN DIEGO,,10,10,10,10
2023-10-17,SHERIFF,,25,24,25,25
2023-10-18,CARLSBAD,,1,1,1,1
2023-10-18,CHULA VISTA,,2,2,2,2
2023-10-18,EL CAJON,,1,1,1,1
2023-10-18,ESCONDIDO,,2,2,2,2
2023-10-18,LA MESA,,1,1,1,1
2023-10-18,OCEANSIDE,,5,5,5,5
2023-10-18,SAN DIEGO,,20,20,20,20
2023-10-18,SHERIFF,,20,20,20,20
2023-10-19,CARLSBAD,,2,2,2,2
2023-10-19,CHULA VISTA,,2,2,2,2
2023-10-19,EL CAJON,,5,4,5,5
2023-10-19,ESCONDIDO,,7,5,7,7
2023-10-19,HARBOR POLICE,,2,2,2,2
2023-10-19,LA MESA,,3,3,3,3
2023-10-19,OCEANSIDE,,3,3,3,3
2023-10-19,SAN DIEGO,,16,16,16,16
2023-10-19,SHERIFF,,22,22,22,22
2023-10-20,CARLSBAD,,2,2,2,2
2023-10-20,CHULA VISTA,,4,4,4,4
2023-10-20,EL CAJON,,4,4,4,4
2023-10-20,ESCONDIDO,,10,10,10,10
2023-10-20,HARBOR POLICE,,2,2,2,2
2023-10-20,LA MESA,,1,1,1,1
2023-10-20,NATIONAL CITY,,1,1,1,1
2023-10-20,OCEANSIDE,,1,1,1,1
2023-10-20,SAN DIEGO,,26,26,26,26
2023-10-20,SHERIFF,,21,21,21,21
2023-10-21,CARLSBAD,,2,2,2,2
2023-10-21,CHULA VISTA,,3,3,3,3
2023-10-21,EL CAJON,,5,4,5,5
2023-10-21,ESCONDIDO,,8,7,8,8
2023-10-21,LA MESA,,2,2,2,2
2023-10-21,NATIONAL CITY,,1,1,1,1
2023-10-21,OCEANSIDE,,3,3,3,3
2023-10-21,SAN DIEGO,,20,20,20,20
2023-10-21,SHERIFF,,17,17,17,17
2023-10-22,CARLSBAD,,1,1,1,1
2023-10-22,CHULA VISTA,,8,8,8,8
2023-10-22,EL CAJON,,2,2,2,2
2023-10-22,ESCONDIDO,,4,4,4,4
2023-10-22,HARBOR POLICE,,1,1,1,1
2023-10-22,LA MESA,,1,1,1,1
2023-10-22,NATIONAL CITY,,2,2,2,2
2023-10-22,OCEANSIDE,,5,5,5,5
2023-10-22,SAN DIEGO,,21,21,21,21
2023-10-22,SHERIFF,,10,10,10,10
2023-10-23,CHULA VISTA,,1,1,1,1
2023-10-23,EL CAJON,,3,3,3,3
2023-10-23,ESCONDIDO,,4,3,4,4
2023-10-23,HARBOR POLICE,,1,1,1,1
2023-10-23,NATIONAL CITY,,2,2,2,2
2023-10-23,OCEANSIDE,,1,1,1,1
2023-10-23,SAN DIEGO,,11,11,11,11
2023-10-23,SHERIFF,,11,11,11,11
2023-10-24,CHULA VISTA,,1,1,1,1
2023-10-24,EL CAJON,,7,4,7,7
2023-10-24,ESCONDIDO,,6,6,6,6
2023-10-24,LA MESA,,1,1,1,1
2023-10-24,SAN DIEGO,,19,16,19,19
2023-10-24,SHERIFF,,25,25,25,25
2023-10-25,CARLSBAD,,2,2,2,2
2023-10-25,CHULA VISTA,,2,2,2,2
2023-10-25,ESCONDIDO,,4,4,4,4
2023-10-25,LA MESA,,1,1,1,1
2023-10-25,NATIONAL CITY,,2,2,2,2
2023-10-25,SAN DIEGO,,13,13,13,13
2023-10-25,SHERIFF,,20,20,20,20
2023-10-26,CARLSBAD,,2,2,2,2
2023-10-26,CHULA VISTA,,1,1,1,1
2023-10-26,EL CAJON,,5,5,5,5
2023-10-26,ESCONDIDO,,8,8,8,8
2023-10-26,LA MESA,,1,1,1,1
2023-10-26,OCEANSIDE,,3,3,3,3
2023-10-26,SAN DIEGO,,21,21,21,21
2023-10-26,SHERIFF,,23,23,23,23
2023-10-27,CARLSBAD,,5,5,5,5
2023-10-27,CHULA VISTA,,2,2,2,2
2023-10-27,EL CAJON,,1,1,1,1
2023-10-27,ESCONDIDO,,11,11,11,11
2023-10-27,HARBOR POLICE,,1,1,1,1
2023-10-27,LA MESA,,2,2,2,2
2023-10-27,NATIONAL CITY,,4,3,4,4
2023-10-27,OCEANSIDE,,6,6,6,6
2023-10-27,SAN DIEGO,,19,19,19,19
2023-10-27,SHERIFF,,22,22,22,22
2023-10-28,CARLSBAD,,2,2,2,2
2023-10-28,CHULA VISTA,,3,3,3,3
2023-10-28,EL CAJON,,4,3,4,4
2023-10-28,ESCONDIDO,,3,3,3,3
2023-10-28,LA MESA,,1,1,1,1
2023-10-28,NATIONAL CITY,,2,2,2,2
2023-10-28,OCEANSIDE,,2,2,2,2
2023-10-28,SAN DIEGO,,36,36,36,36
2023-10-28,SHERIFF,,16,16,16,16
2023-10-29,CARLSBAD,,2,2,2,2
2023-10-29,CHULA VISTA,,3,3,3,3
2023-10-29,EL CAJON,,1,1,1,1
2023-10-29,ESCONDIDO,,4,4,4,4
2023-10-29,HARBOR POLICE,,1,1,1,1
2023-10-29,LA MESA,,3,3,3,3
2023-10-29,NATIONAL CITY,,3,3,3,3
2023-10-29,OCEANSIDE,,4,4,4,4
2023-10-29,SAN DIEGO,,26,26,26,26
2023-10-29,SHERIFF,,14,14,14,14
2023-10-30,CHULA VISTA,,2,2,2,2
2023-10-30,ESCONDIDO,,4,4,4,4
2023-10-30,HARBOR POLICE,,1,1,1,1
2023-10-30,LA MESA,,1,1,1,1
2023-10-30,OCEANSIDE,,1,1,1,1
2023-10-30,SAN DIEGO,,19,19,19,19
2023-10-30,SHERIFF,,15,15,15,15
2023-10-31,CARLSBAD,,2,2,2,2
2023-10-31,CHULA VISTA,,2,2,2,2
2023-10-31,EL CAJON,,10,8,10,10
2023-10-31,HARBOR POLICE,,1,1,1,1
2023-10-31,SAN DIEGO,,20,20,20,20
2023-10-31,SHERIFF,,10,10,10,10
2023-11-01,CARLSBAD,,1,1,1,1
2023-11-01,CHULA VISTA,,2,2,2,2
2023-11-01,EL CAJON,,3,3,3,3
2023-11-01,ESCONDIDO,,2,2,2,2
2023-11-01,HARBOR POLICE,,1,1,1,1
2023-11-01,LA MESA,,1,1,1,1
2023-11-01,OCEANSIDE,,2,2,2,2
2023-11-01,SAN DIEGO,,30,30,30,30
2023-11-01,SHERIFF,,17,16,17,17
2023-11-02,CARLSBAD,,2,2,2,2
2023-11-02,CHULA VISTA,,6,6,6,6
2023-11-02,EL CAJON,,4,3,4,4
2023-11-02,ESCONDIDO,,6,6,6,6
2023-11-02,HARBOR POLICE,,3,3,3,3
2023-11-02,LA MESA,,1,1,1,1
2023-11-02,NATIONAL CITY,,2,2,2,2
2023-11-02,OCEANSIDE,,4,4,4,4
2023-11-02,SAN DIEGO,,24,24,24,24
2023-11-02,SHERIFF,,18,18,18,18
2023-11-03,CARLSBAD,,2,2,2,2
2023-11-03,CHULA VISTA,,2,2,2,2
2023-11-03,EL CAJON,,1,1,1,1
2023-11-03,ESCONDIDO,,8,8,8,8
2023-11-03,HARBOR POLICE,,2,2,2,2
2023-11-03,LA MESA,,1,1,1,1
2023-11-03,NATIONAL CITY,,1,1,1,1
2023-11-03,OCEANSIDE,,4,4,4,4
2023-11-03,SAN DIEGO,,24,24,24,24
2023-11-03,SHERIFF,,17,13,17,17
2023-11-04,CARLSBAD,,4,4,4,4
2023-11-04,EL CAJON,,1,1,1,1
2023-11-04,ESCONDIDO,,13,11,13,13
2023-11-04,LA MESA,,3,3,3,3
2023-11-04,NATIONAL CITY,,1,1,1,1
2023-11-04,OCEANSIDE,,5,5,5,5
2023-11-04,SAN DIEGO,,33,33,33,33
2023-11-04,SHERIFF,,14,14,14,14
2023-11-05,CARLSBAD,,1,1,1,1
2023-11-05,CHULA VISTA,,1,1,1,1
2023-11-05,ESCONDIDO,,8,8,8,8
2023-11-05,HARBOR POLICE,,2,2,2,2
2023-11-05,LA MESA,,1,1,1,1
2023-11-05,NATIONAL CITY,,4,3,4,4
2023-11-05,OCEANSIDE,,3,3,3,3
2023-11-05,SAN DIEGO,,26,25,25,25
2023-11-05,SHERIFF,,16,15,16,16
2023-11-06,CARLSBAD,,1,1,1,1
2023-11-06,CHULA VISTA,,2,2,2,2
2023-11-06,EL CAJON,,1,1,1,1
2023-11-06,ESCONDIDO,,2,2,2,2
2023-11-06,LA MESA,,1,1,1,1
2023-11-06,OCEANSIDE,,2,2,2,2
2023-11-06,SAN DIEGO,,16,16,16,16
2023-11-06,SHERIFF,,15,15,15,15
2023-11-07,CARLSBAD,,5,5,5,5
2023-11-07,CHULA VISTA,,6,6,6,6
2023-11-07,EL CAJON,,3,3,3,3
2023-11-07,ESCONDIDO,,6,6,6,6
2023-11-07,HARBOR POLICE,,3,3,3,3
2023-11-07,NATIONAL CITY,,3,3,3,3
2023-11-07,OCEANSIDE,,3,3,3,3
2023-11-07,SAN DIEGO,,16,15,16,16
2023-11-07,SHERIFF,,17,17,17,17
2023-11-08,CARLSBAD,,2,2,2,2
2023-11-08,CHULA VISTA,,2,2,2,2
2023-11-08,EL CAJON,,2,2,2,2
2023-11-08,ESCONDIDO,,2,2,2,2
2023-11-08,HARBOR POLICE,,2,2,2,2
2023-11-08,LA MESA,,1,1,1,1
2023-11-08,NATIONAL CITY,,2,2,2,2
2023-11-08,OCEANSIDE,,4,4,4,4
2023-11-08,SAN DIEGO,,15,15,15,15
2023-11-08,SHERIFF,,17,17,17,17
2023-11-09,CHULA VISTA,,3,3,3,3
2023-11-09,EL CAJON,,4,2,4,4
2023-11-09,ESCONDIDO,,3,3,3,3
2023-11-09,HARBOR POLICE,,1,1,1,1
2023-11-09,LA MESA,,1,1,1,1
2023-11-09,NATIONAL CITY,,1,1,1,1
2023-11-09,OCEANSIDE,,3,3,3,3
2023-11-09,SAN DIEGO,,22,21,21,21
2023-11-09,SHERIFF,,13,13,13,13
2023-11-10,CARLSBAD,,3,3,3,3
2023-11-10,CHULA VISTA,,2,2,2,2
2023-11-10,EL CAJON,,4,2,4,4
2023-11-10,ESCONDIDO,,4,4,4,4
2023-11-10,LA MESA,,3,3,3,3
2023-11-10,NATIONAL CITY,,2,2,2,2
2023-11-10,OCEANSIDE,,4,4,4,4
2023-11-10,SAN DIEGO,,33,33,33,33
2023-11-10,SHERIFF,,14,14,14,14
2023-11-11,CARLSBAD,,4,4,4,4
2023-11-11,CHULA VISTA,,6,6,6,6
2023-11-11,EL CAJON,,5,5,5,5
2023-11-11,ESCONDIDO,,5,5,5,5
2023-11-11,HARBOR POLICE,,2,2,2,2
2023-11-11,LA MESA,,3,3,3,3
2023-11-11,NATIONAL CITY,,1,1,1,1
2023-11-11,OCEANSIDE,,3,3,3,3
2023-11-11,SAN DIEGO,,30,30,30,30
2023-11-11,SHERIFF,,15,15,15,15
2023-11-12,CARLSBAD,,2,2,2,2
2023-11-12,CHULA VISTA,,7,5,7,7
2023-11-12,EL CAJON,,2,2,2,2
2023-11-12,ESCONDIDO,,7,7,7,7
2023-11-12,LA MESA,,1,1,1,1
2023-11-12,NATIONAL CITY,,2,2,2,2
2023-11-12,OCEANSIDE,,4,4,4,4
2023-11-12,SAN DIEGO,,22,22,22,22
2023-11-12,SHERIFF,,10,10,10,10
2023-11-13,CARLSBAD,,1,1,1,1
2023-11-13,CHULA VISTA,,2,2,2,2
2023-11-13,EL CAJON,,3,2,3,3
2023-11-13,ESCONDIDO,,7,7,7,7
2023-11-13,LA MESA,,3,3,3,3
2023-11-13,NATIONAL CITY,,1,1,1,1
2023-11-13,OCEANSIDE,,3,3,3,3
2023-11-13,SAN DIEGO,,18,18,18,18
2023-11-13,SHERIFF,,18,18,18,18
2023-11-14,CARLSBAD,,4,4,4,4
2023-11-14,CHULA VISTA,,2,2,2,2
2023-11-14,EL CAJON,,1,1,1,1
2023-11-14,ESCONDIDO,,5,5,5,5
2023-11-14,HARBOR POLICE,,1,1,1,1
2023-11-14,NATIONAL CITY,,2,2,2,2
2023-11-14,OCEANSIDE,,3,2,3,3
2023-11-14,SAN DIEGO,,22,20,22,22
2023-11-14,SHERIFF,,21,21,21,21
2023-11-15,EL CAJON,,1,1,1,1
2023-11-15,ESCONDIDO,,5,5,5,5
2023-11-15,HARBOR POLICE,,1,1,1,1
2023-11-15,LA MESA,,2,2,2,2
2023-11-15,NATIONAL CITY,,1,1,1,1
2023-11-15,OCEANSIDE,,1,1,1,1
2023-11-15,SAN DIEGO,,14,14,14,14
2023-11-15,SHERIFF,,12,12,12,12
2023-11-16,CARLSBAD,,2,2,2,2
2023-11-16,CHULA VISTA,,5,5,5,5
2023-11-16,EL CAJON,,5,2,5,5
2023-11-16,ESCONDIDO,,6,6,6,6
2023-11-16,LA MESA,,3,3,3,3
2023-11-16,NATIONAL CITY,,3,3,3,3
2023-11-16,OCEANSIDE,,4,4,4,4
2023-11-16,SAN DIEGO,,17,17,17,17
2023-11-16,SHERIFF,,19,19,19,19
2023-11-17,CARLSBAD,,1,1,1,1
2023-11-17,CHULA VISTA,,1,1,1,1
2023-11-17,EL CAJON,,2,2,2,2
2023-11-17,ESCONDIDO,,9,9,9,9
2023-11-17,HARBOR POLICE,,1,1,1,1
2023-11-17,NATIONAL CITY,,2,2,2,2
2023-11-17,OCEANSIDE,,2,2,2,2
2023-11-17,SAN DIEGO,,24,24,24,24
2023-11-17,SHERIFF,,20,20,20,20
2023-11-18,CARLSBAD,,4,4,4,4
2023-11-18,CHULA VISTA,,4,4,4,4
2023-11-18,ESCONDIDO,,6,6,6,6
2023-11-18,OCEANSIDE,,6,6,6,6
2023-11-18,SAN DIEGO,,28,28,28,28
2023-11-18,SHERIFF,,16,16,16,16
2023-11-19,CARLSBAD,,4,4,4,4
2023-11-19,CHULA VISTA,,4,4,4,4
2023-11-19,EL CAJON,,3,3,3,3
2023-11-19,ESCONDIDO,,5,5,5,5
2023-11-19,LA MESA,,1,1,1,1
2023-11-19,NATIONAL CITY,,4,2,4,4
2023-11-19,OCEANSIDE,,1,1,1,1
2023-11-19,SAN DIEGO,,18,18,18,18
2023-11-19,SHERIFF,,10,9,10,10
2023-11-20,CHULA VISTA,,2,2,2,2
2023-11-20,ESCONDIDO,,1,1,1,1
2023-11-20,HARBOR POLICE,,1,1,1,1
2023-11-20,LA MESA,,2,2,2,2
2023-11-20,NATIONAL CITY,,3,3,3,3
2023-11-20,OCEANSIDE,,3,3,3,3
2023-11-20,SAN DIEGO,,13,13,13,13
2023-11-20,SHERIFF,,23,23,23,23
2023-11-21,CARLSBAD,,1,1,1,1
2023-11-21,CHULA VISTA,,1,1,1,1
2023-11-21,EL CAJON,,8,7,8,8
2023-11-21,ESCONDIDO,,4,4,4,4
2023-11-21,HARBOR POLICE,,1,1,1,1
2023-11-21,LA MESA,,4,4,4,4
2023-11-21,OCEANSIDE,,5,5,5,5
2023-11-21,SAN DIEGO,,17,16,17,17
2023-11-21,SHERIFF,,25,24,24,24
2023-11-22,CARLSBAD,,2,2,2,2
2023-11-22,CHULA VISTA,,5,5,5,5
2023-11-22,EL CAJON,,2,2,2,2
2023-11-22,ESCONDIDO,,3,2,3,3
2023-11-22,HARBOR POLICE,,3,3,3,3
2023-11-22,LA MESA,,2,2,2,2
2023-11-22,NATIONAL CITY,,2,2,2,2
2023-11-22,OCEANSIDE,,6,6,6,6
2023-11-22,SAN DIEGO,,24,24,24,24
2023-11-22,SHERIFF,,12,12,12,12
2023-11-23,CARLSBAD,,4,4,4,4
2023-11-23,CHULA VISTA,,3,3,3,3
2023-11-23,EL CAJON,,1,1,1,1
2023-11-23,ESCONDIDO,,5,5,5,5
2023-11-23,NATIONAL CITY,,2,2,2,2
2023-11-23,OCEANSIDE,,1,1,1,1
2023-11-23,SAN DIEGO,,12,12,12,12
2023-11-23,SHERIFF,,6,6,6,6
2023-11-24,CARLSBAD,,3,3,3,3
2023-11-24,CHULA VISTA,,4,4,4,4
2023-11-24,EL CAJON,,3,2,3,3
2023-11-24,ESCONDIDO,,3,3,3,3
2023-11-24,HARBOR POLICE,,2,2,2,2
2023-11-24,NATIONAL CITY,,3,3,3,3
2023-11-24,OCEANSIDE,,2,2,2,2
2023-11-24,SAN DIEGO,,18,18,18,18
2023-11-24,SHERIFF,,11,11,11,11
2023-11-25,CARLSBAD,,3,3,3,3
2023-11-25,CHULA VISTA,,6,6,6,6
2023-11-25,EL CAJON,,2,1,2,2
2023-11-25,ESCONDIDO,,5,5,5,5
2023-11-25,LA MESA,,1,1,1,1
2023-11-25,OCEANSIDE,,1,1,1,1
2023-11-25,SAN DIEGO,,22,22,22,22
2023-11-25,SHERIFF,,20,20,20,20
2023-11-26,CARLSBAD,,4,4,4,4
2023-11-26,CHULA VISTA,,4,4,4,4
2023-11-26,EL CAJON,,2,2,2,2
2023-11-26,ESCONDIDO,,9,9,9,9
2023-11-26,LA MESA,,2,2,2,2
2023-11-26,NATIONAL CITY,,1,1,1,1
2023-11-26,OCEANSIDE,,4,4,4,4
2023-11-26,SAN DIEGO,,25,25,25,25
2023-11-26,SHERIFF,,8,8,8,8
2023-11-27,CARLSBAD,,3,3,3,3
2023-11-27,CHULA VISTA,,6,6,6,6
2023-11-27,EL CAJON,,3,2,3,3
2023-11-27,ESCONDIDO,,1,1,1,1
2023-11-27,HARBOR POLICE,,2,2,2,2
2023-11-27,LA MESA,,3,3,3,3
2023-11-27,NATIONAL CITY,,1,1,1,1
2023-11-27,OCEANSIDE,,3,3,3,3
2023-11-27,SAN DIEGO,,20,20,20,20
2023-11-27,SHERIFF,,24,24,24,24
2023-11-28,EL CAJON,,2,2,2,2
2023-11-28,ESCONDIDO,,3,3,3,3
2023-11-28,HARBOR POLICE,,1,1,1,1
2023-11-28,NATIONAL CITY,,1,1,1,1
2023-11-28,OCEANSIDE,,3,3,3,3
2023-11-28,SAN DIEGO,,21,21,21,21
2023-11-28,SHERIFF,,14,13,14,14
2023-11-29,CARLSBAD,,2,2,2,2
2023-11-29,CHULA VISTA,,2,2,2,2
2023-11-29,EL CAJON,,1,1,1,1
2023-11-29,ESCONDIDO,,3,3,3,3
2023-11-29,HARBOR POLICE,,1,1,1,1
2023-11-29,LA MESA,,1,1,1,1
2023-11-29,NATIONAL CITY,,3,1,3,3
2023-11-29,SAN DIEGO,,24,22,24,24
2023-11-29,SHERIFF,,19,19,19,19
2023-11-30,CHULA VISTA,,2,2,2,2
2023-11-30,EL CAJON,,3,3,3,3
2023-11-30,ESCONDIDO,,4,4,4,4
2023-11-30,NATIONAL CITY,,1,1,1,1
2023-11-30,OCEANSIDE,,1,1,1,1
2023-11-30,SAN DIEGO,,19,19,19,19
2023-11-30,SHERIFF,,16,16,16,16
2023-12-01,CARLSBAD,,7,6,7,7
2023-12-01,CHULA VISTA,,5,5,5,5
2023-12-01,ESCONDIDO,,8,8,8,8
2023-12-01,HARBOR POLICE,,4,4,4,4
2023-12-01,LA MESA,,1,1,1,1
2023-12-01,OCEANSIDE,,2,2,2,2
2023-12-01,SAN DIEGO,,21,21,21,21
2023-12-01,SHERIFF,,14,14,14,14
2023-12-02,CARLSBAD,,2,2,2,2
2023-12-02,CHULA VISTA,,3,3,3,3
2023-12-02,EL CAJON,,5,5,5,5
2023-12-02,ESCONDIDO,,5,5,5,5
2023-12-02,HARBOR POLICE,,2,2,2,2
2023-12-02,LA MESA,,8,8,8,8
2023-12-02,NATIONAL CITY,,1,1,1,1
2023-12-02,OCEANSIDE,,2,2,2,2
2023-12-02,SAN DIEGO,,18,18,18,18
2023-12-02,SHERIFF,,12,12,12,12
2023-12-03,CARLSBAD,,1,1,1,1
2023-12-03,CHULA VISTA,,2,2,2,2
2023-12-03,EL CAJON,,2,2,2,2
2023-12-03,ESCONDIDO,,4,4,4,4
2023-12-03,HARBOR POLICE,,2,2,2,2
2023-12-03,LA MESA,,1,1,1,1
2023-12-03,NATIONAL CITY,,3,3,3,3
2023-12-03,SAN DIEGO,,20,20,20,20
2023-12-03,SHERIFF,,11,10,11,11
2023-12-04,CARLSBAD,,2,2,2,2
2023-12-04,EL CAJON,,4,4,4,4
2023-12-04,ESCONDIDO,,2,2,2,2
2023-12-04,NATIONAL CITY,,2,1,2,2
2023-12-04,OCEANSIDE,,3,3,3,3
2023-12-04,SAN DIEGO,,21,21,21,21
2023-12-04,SHERIFF,,17,17,17,17
2023-12-05,CARLSBAD,,1,1,1,1
2023-12-05,CHULA VISTA,,5,5,5,5
2023-12-05,EL CAJON,,2,2,2,2
2023-12-05,ESCONDIDO,,1,1,1,1
2023-12-05,HARBOR POLICE,,1,1,1,1
2023-12-05,OCEANSIDE,,3,3,3,3
2023-12-05,SAN DIEGO,,20,20,20,20
2023-12-05,SHERIFF,,17,17,17,17
2023-12-06,CARLSBAD,,2,2,2,2
2023-12-06,CHULA VISTA,,2,2,2,2
2023-12-06,EL CAJON,,6,2,6,6
2023-12-06,ESCONDIDO,,5,5,5,5
2023-12-06,NATIONAL CITY,,1,1,1,1
2023-12-06,OCEANSIDE,,1,1,1,1
2023-12-06,SAN DIEGO,,8,8,8,8
2023-12-06,SHERIFF,,18,18,18,18
2023-12-07,CARLSBAD,,1,1,1,1
2023-12-07,CHULA VISTA,,2,2,2,2
2023-12-07,EL CAJON,,4,3,4,4
2023-12-07,ESCONDIDO,,7,6,7,7
2023-12-07,LA MESA,,5,5,5,5
2023-12-07,NATIONAL CITY,,1,1,1,1
2023-12-07,OCEANSIDE,,1,1,1,1
2023-12-07,SAN DIEGO,,13,13,13,13
2023-12-07,SHERIFF,,14,14,14,14
2023-12-08,CARLSBAD,,2,2,2,2
2023-12-08,CHULA VISTA,,4,4,4,4
2023-12-08,EL CAJON,,1,1,1,1
2023-12-08,ESCONDIDO,,6,6,6,6
2023-12-08,HARBOR POLICE,,1,1,1,1
2023-12-08,LA MESA,,1,1,1,1
2023-12-08,OCEANSIDE,,8,7,8,8
2023-12-08,SAN DIEGO,,18,18,18,18
2023-12-08,SHERIFF,,8,8,8,8
2023-12-09,CARLSBAD,,5,5,5,5
2023-12-09,CHULA VISTA,,3,3,3,3
2023-12-09,ESCONDIDO,,6,6,6,6
2023-12-09,HARBOR POLICE,,1,1,1,1
2023-12-09,LA MESA,,2,2,2,2
2023-12-09,OCEANSIDE,,5,5,5,5
2023-12-09,SAN DIEGO,,24,24,24,24
2023-12-09,SHERIFF,,12,12,12,12
2023-12-10,CARLSBAD,,5,5,5,5
2023-12-10,CHULA VISTA,,2,2,2,2
2023-12-10,EL CAJON,,2,2,2,2
2023-12-10,ESCONDIDO,,7,7,7,7
2023-12-10,HARBOR POLICE,,1,1,1,1
2023-12-10,LA MESA,,1,1,1,1
2023-12-10,NATIONAL CITY,,2,2,2,2
2023-12-10,OCEANSIDE,,4,4,4,4
2023-12-10,SAN DIEGO,,15,15,15,15
2023-12-10,SHERIFF,,12,12,12,12
2023-12-11,CARLSBAD,,1,1,1,1
2023-12-11,CHULA VISTA,,3,3,3,3
2023-12-11,EL CAJON,,1,1,1,1
2023-12-11,ESCONDIDO,,9,9,9,9
2023-12-11,LA MESA,,1,1,1,1
2023-12-11,OCEANSIDE,,1,1,1,1
2023-12-11,SAN DIEGO,,21,21,21,21
2023-12-11,SHERIFF,,17,17,17,17
2023-12-12,CARLSBAD,,2,2,2,2
2023-12-12,CHULA VISTA,,2,2,2,2
2023-12-12,EL CAJON,,2,2,2,2
2023-12-12,ESCONDIDO,,4,4,4,4
2023-12-12,HARBOR POLICE,,3,3,3,3
2023-12-12,LA MESA,,1,1,1,1
2023-12-12,NATIONAL CITY,,1,1,1,1
2023-12-12,OCEANSIDE,,3,3,3,3
2023-12-12,SAN DIEGO,,21,21,21,21
2023-12-12,SHERIFF,,9,9,9,9
2023-12-13,CARLSBAD,,2,2,2,2
2023-12-13,EL CAJON,,3,2,3,3
2023-12-13,ESCONDIDO,,2,2,2,2
2023-12-13,HARBOR POLICE,,2,2,2,2
2023-12-13,LA MESA,,1,1,1,1
2023-12-13,NATIONAL CITY,,6,5,6,6
2023-12-13,SAN DIEGO,,13,13,13,13
2023-12-13,SHERIFF,,14,14,14,14
2023-12-14,CARLSBAD,,3,3,3,3
2023-12-14,CHULA VISTA,,5,5,5,5
2023-12-14,ESCONDIDO,,7,7,7,7
2023-12-14,HARBOR POLICE,,1,1,1,1
2023-12-14,OCEANSIDE,,2,2,2,2
2023-12-14,SAN DIEGO,,14,14,14,14
2023-12-14,SHERIFF,,16,16,16,16
2023-12-15,CARLSBAD,,4,4,4,4
2023-12-15,EL CAJON,,2,2,2,2
2023-12-15,ESCONDIDO,,4,4,4,4
2023-12-15,NATIONAL CITY,,4,3,4,4
2023-12-15,OCEANSIDE,,1,1,1,1
2023-12-15,SAN DIEGO,,26,25,26,26
2023-12-15,SHERIFF,,31,31,31,31
2023-12-16,CARLSBAD,,5,5,5,5
2023-12-16,CHULA VISTA,,5,4,5,5
2023-12-16,EL CAJON,,3,3,3,3
2023-12-16,ESCONDIDO,,8,8,8,8
2023-12-16,HARBOR POLICE,,1,1,1,1
2023-12-16,LA MESA,,2,2,2,2
2023-12-16,NATIONAL CITY,,2,2,2,2
2023-12-16,SAN DIEGO,,21,21,21,21
2023-12-16,SHERIFF,,15,15,15,15
2023-12-17,CARLSBAD,,5,5,5,5
2023-12-17,CHULA VISTA,,2,2,2,2
2023-12-17,EL CAJON,,3,3,3,3
2023-12-17,ESCONDIDO,,5,5,5,5
2023-12-17,LA MESA,,3,3,3,3
2023-12-17,NATIONAL CITY,,1,1,1,1
2023-12-17,OCEANSIDE,,4,4,4,4
2023-12-17,SAN DIEGO,,20,20,20,20
2023-12-17,SHERIFF,,11,11,11,11
2023-12-18,CARLSBAD,,2,2,2,2
2023-12-18,CHULA VISTA,,1,1,1,1
2023-12-18,EL CAJON,,3,3,3,3
2023-12-18,ESCONDIDO,,3,3,3,3
2023-12-18,HARBOR POLICE,,1,1,1,1
2023-12-18,NATIONAL CITY,,4,4,4,4
2023-12-18,OCEANSIDE,,1,1,1,1
2023-12-18,SAN DIEGO,,20,20,20,20
2023-12-18,SHERIFF,,15,15,15,15
2023-12-19,CARLSBAD,,1,1,1,1
2023-12-19,CHULA VISTA,,1,1,1,1
2023-12-19,EL CAJON,,3,2,2,2
2023-12-19,ESCONDIDO,,2,2,2,2
2023-12-19,HARBOR POLICE,,2,2,2,2
2023-12-19,LA MESA,,2,2,2,2
2023-12-19,NATIONAL CITY,,3,3,3,3
2023-12-19,OCEANSIDE,,5,5,5,5
2023-12-19,SAN DIEGO,,17,17,17,17
2023-12-19,SHERIFF,,22,22,22,22
2023-12-20,CARLSBAD,,2,2,2,2
2023-12-20,CHULA VISTA,,3,3,3,3
2023-12-20,EL CAJON,,2,2,2,2
2023-12-20,ESCONDIDO,,4,4,4,4
2023-12-20,LA MESA,,2,2,2,2
2023-12-20,NATIONAL CITY,,2,2,2,2
2023-12-20,OCEANSIDE,,7,7,7,7
2023-12-20,SAN DIEGO,,16,16,16,16
2023-12-20,SHERIFF,,14,14,14,14
2023-12-21,CARLSBAD,,4,4,4,4
2023-12-21,CHULA VISTA,,2,2,2,2
2023-12-21,EL CAJON,,4,4,4,4
2023-12-21,ESCONDIDO,,4,4,4,4
2023-12-21,HARBOR POLICE,,3,3,3,3
2023-12-21,LA MESA,,3,3,3,3
2023-12-21,NATIONAL CITY,,1,1,1,1
2023-12-21,OCEANSIDE,,2,2,2,2
2023-12-21,SAN DIEGO,,16,16,16,16
2023-12-21,SHERIFF,,18,18,18,18
2023-12-22,CARLSBAD,,1,1,1,1
2023-12-22,CHULA VISTA,,4,4,4,4
2023-12-22,EL CAJON,,2,2,2,2
2023-12-22,ESCONDIDO,,9,8,9,9
2023-12-22,HARBOR POLICE,,4,4,4,4
2023-12-22,LA MESA,,3,3,3,3
2023-12-22,OCEANSIDE,,4,4,4,4
2023-12-22,SAN DIEGO,,15,15,15,15
2023-12-22,SHERIFF,,18,18,18,18
2023-12-23,CARLSBAD,,3,3,3,3
2023-12-23,CHULA VISTA,,8,8,8,8
2023-12-23,EL CAJON,,2,2,2,2
2023-12-23,ESCONDIDO,,2,2,2,2
2023-12-23,HARBOR POLICE,,2,2,2,2
2023-12-23,LA MESA,,1,1,1,1
2023-12-23,NATIONAL CITY,,4,4,4,4
2023-12-23,OCEANSIDE,,4,4,4,4
2023-12-23,SAN DIEGO,,21,20,21,21
2023-12-23,SHERIFF,,12,12,12,12
2023-12-24,CARLSBAD,,2,2,2,2
2023-12-24,CHULA VISTA,,4,4,4,4
2023-12-24,EL CAJON,,1,1,1,1
2023-12-24,ESCONDIDO,,6,6,6,6
2023-12-24,HARBOR POLICE,,2,2,2,2
2023-12-24,LA MESA,,1,1,1,1
2023-12-24,NATIONAL CITY,,1,1,1,1
2023-12-24,OCEANSIDE,,1,1,1,1
2023-12-24,SAN DIEGO,,21,20,21,21
2023-12-24,SHERIFF,,10,10,10,10
2023-12-25,CARLSBAD,,2,2,2,2
2023-12-25,CHULA VISTA,,2,2,2,2
2023-12-25,ESCONDIDO,,3,3,3,3
2023-12-25,LA MESA,,2,2,2,2
2023-12-25,NATIONAL CITY,,1,1,1,1
2023-12-25,OCEANSIDE,,1,1,1,1
2023-12-25,SAN DIEGO,,8,8,8,8
2023-12-25,SHERIFF,,7,7,7,7
2023-12-26,CARLSBAD,,1,1,1,1
2023-12-26,CHULA VISTA,,1,1,1,1
2023-12-26,ESCONDIDO,,2,2,2,2
2023-12-26,LA MESA,,2,2,2,2
2023-12-26,OCEANSIDE,,5,5,5,5
2023-12-26,SAN DIEGO,,8,8,8,8
2023-12-26,SHERIFF,,12,11,12,12
2023-12-27,CARLSBAD,,1,1,1,1
2023-12-27,CHULA VISTA,,2,2,2,2
2023-12-27,EL CAJON,,2,2,2,2
2023-12-27,ESCONDIDO,,6,6,6,6
2023-12-27,HARBOR POLICE,,2,2,2,2
2023-12-27,LA MESA,,2,2,2,2
2023-12-27,NATIONAL CITY,,2,2,2,2
2023-12-27,OCEANSIDE,,2,2,2,2
2023-12-27,SAN DIEGO,,14,14,14,14
2023-12-27,SHERIFF,,22,22,22,22
2023-12-28,CARLSBAD,,2,2,2,2
2023-12-28,CHULA VISTA,,1,1,1,1
2023-12-28,EL CAJON,,2,2,2,2
2023-12-28,ESCONDIDO,,3,3,3,3
2023-12-28,HARBOR POLICE,,1,1,1,1
2023-12-28,NATIONAL CITY,,2,2,2,2
2023-12-28,OCEANSIDE,,5,5,5,5
2023-12-28,SAN DIEGO,,21,21,21,21
2023-12-28,SHERIFF,,17,17,17,17
2023-12-29,CARLSBAD,,1,1,1,1
2023-12-29,CHULA VISTA,,1,1,1,1
2023-12-29,EL CAJON,,4,4,4,4
2023-12-29,ESCONDIDO,,6,6,6,6
2023-12-29,LA MESA,,3,3,3,3
2023-12-29,NATIONAL CITY,,1,1,1,1
2023-12-29,OCEANSIDE,,1,1,1,1
2023-12-29,SAN DIEGO,,24,24,24,24
2023-12-29,SHERIFF,,17,17,17,17
2023-12-30,CARLSBAD,,1,1,1,1
2023-12-30,CHULA VISTA,,8,8,8,8
2023-12-30,EL CAJON,,1,1,1,1
2023-12-30,ESCONDIDO,,4,4,4,4
2023-12-30,HARBOR POLICE,,2,2,2,2
2023-12-30,LA MESA,,2,2,2,2
2023-12-30,NATIONAL CITY,,2,2,2,2
2023-12-30,OCEANSIDE,,1,1,1,1
2023-12-30,SAN DIEGO,,29,29,29,29
2023-12-30,SHERIFF,,11,11,11,11
2023-12-31,CARLSBAD,,1,1,1,1
2023-12-31,CHULA VISTA,,4,4,4,4
2023-12-31,EL CAJON,,4,4,4,4
2023-12-31,ESCONDIDO,,3,3,3,3
2023-12-31,HARBOR POLICE,,1,1,1,1
2023-12-31,LA MESA,,1,1,1,1
2023-12-31,NATIONAL CITY,,1,1,1,1
2023-12-31,OCEANSIDE,,5,5,5,5
2023-12-31,SAN DIEGO,,29,29,29,29
2023-12-31,SHERIFF,,10,10,10,10
2024-01-01,CARLSBAD,,3,3,3,3
2024-01-01,CHULA VISTA,,1,1,1,1
2024-01-01,EL CAJON,,1,1,1,1
2024-01-01,ESCONDIDO,,3,3,3,3
2024-01-01,HARBOR POLICE,,1,1,1,1
2024-01-01,LA MESA,,1,1,1,1
2024-01-01,NATIONAL CITY,,4,3,4,4
2024-01-01,OCEANSIDE,,5,5,5,5
2024-01-01,SAN DIEGO,,27,27,27,27
2024-01-01,SHERIFF,,15,13,15,15
2024-01-02,CARLSBAD,,2,2,2,2
2024-01-02,EL CAJON,,12,5,12,12
2024-01-02,ESCONDIDO,,3,3,3,3
2024-01-02,HARBOR POLICE,,1,1,1,1
2024-01-02,NATIONAL CITY,,1,1,1,1
2024-01-02,SAN DIEGO,,10,10,10,10
2024-01-02,SHERIFF,,20,19,20,20
2024-01-03,CHULA VISTA,,1,1,1,1
2024-01-03,EL CAJON,,3,1,3,3
2024-01-03,ESCONDIDO,,1,1,1,1
2024-01-03,LA MESA,,3,3,3,3
2024-01-03,OCEANSIDE,,1,1,1,1
2024-01-03,SAN DIEGO,,16,15,15,15
2024-01-03,SHERIFF,,13,13,13,13
2024-01-04,CARLSBAD,,1,1,1,1
2024-01-04,EL CAJON,,1,1,1,1
2024-01-04,ESCONDIDO,,6,6,6,6
2024-01-04,LA MESA,,1,1,1,1
2024-01-04,OCEANSIDE,,2,2,2,2
2024-01-04,SAN DIEGO,,20,20,20,20
2024-01-04,SHERIFF,,9,9,9,9
2024-01-05,CARLSBAD,,3,3,3,3
2024-01-05,CHULA VISTA,,1,1,1,1
2024-01-05,EL CAJON,,3,3,3,3
2024-01-05,ESCONDIDO,,4,4,4,4
2024-01-05,HARBOR POLICE,,3,3,3,3
2024-01-05,LA MESA,,2,2,2,2
2024-01-05,NATIONAL CITY,,1,1,1,1
2024-01-05,SAN DIEGO,,23,21,23,23
2024-01-05,SHERIFF,,21,21,21,21
2024-01-06,CARLSBAD,,1,1,1,1
2024-01-06,CHULA VISTA,,3,3,3,3
2024-01-06,ESCONDIDO,,5,5,5,5
2024-01-06,LA MESA,,2,2,2,2
2024-01-06,OCEANSIDE,,4,4,4,4
2024-01-06,SAN DIEGO,,21,21,21,21
2024-01-06,SHERIFF,,15,15,15,15
2024-01-07,CARLSBAD,,3,3,3,3
2024-01-07,CHULA VISTA,,2,2,2,2
2024-01-07,ESCONDIDO,,5,5,5,5
2024-01-07,HARBOR POLICE,,2,2,2,2
2024-01-07,NATIONAL CITY,,4,4,4,4
2024-01-07,OCEANSIDE,,3,3,3,3
2024-01-07,SAN DIEGO,,34,33,34,34
2024-01-07,SHERIFF,,11,10,10,10
2024-01-08,CARLSBAD,,1,1,1,1
2024-01-08,CHULA VISTA,,3,3,3,3
2024-01-08,EL CAJON,,5,2,5,5
2024-01-08,ESCONDIDO,,2,2,2,2
2024-01-08,LA MESA,,2,2,2,2
2024-01-08,OCEANSIDE,,3,3,3,3
2024-01-08,SAN DIEGO,,21,21,21,21
2024-01-08,SHERIFF,,18,18,18,18
2024-01-09,CARLSBAD,,2,2,2,2
2024-01-09,EL CAJON,,4,4,4,4
2024-01-09,ESCONDIDO,,5,3,5,5
2024-01-09,HARBOR POLICE,,1,1,1,1
2024-01-09,LA MESA,,2,2,2,2
2024-01-09,OCEANSIDE,,3,3,3,3
2024-01-09,SAN DIEGO,,20,20,20,20
2024-01-09,SHERIFF,,13,13,13,13
2024-01-10,CARLSBAD,,2,2,2,2
2024-01-10,CHULA VISTA,,3,3,3,3
2024-01-10,EL CAJON,,1,1,1,1
2024-01-10,ESCONDIDO,,2,2,2,2
2024-01-10,LA MESA,,3,3,3,3
2024-01-10,OCEANSIDE,,1,1,1,1
2024-01-10,SAN DIEGO,,24,24,24,24
2024-01-10,SHERIFF,,17,17,17,17
2024-01-11,CARLSBAD,,1,1,1,1
2024-01-11,CHULA VISTA,,4,4,4,4
2024-01-11,EL CAJON,,2,2,2,2
2024-01-11,ESCONDIDO,,4,4,4,4
2024-01-11,HARBOR POLICE,,1,1,1,1
2024-01-11,NATIONAL CITY,,1,1,1,1
2024-01-11,OCEANSIDE,,4,4,4,4
2024-01-11,SAN DIEGO,,16,16,16,16
2024-01-11,SHERIFF,,24,24,24,24
2024-01-12,CARLSBAD,,1,1,1,1
2024-01-12,CHULA VISTA,,1,1,1,1
2024-01-12,EL CAJON,,3,2,3,3
2024-01-12,ESCONDIDO,,5,5,5,5
2024-01-12,HARBOR POLICE,,2,2,2,2
2024-01-12,LA MESA,,3,3,3,3
2024-01-12,OCEANSIDE,,3,3,3,3
2024-01-12,SAN DIEGO,,24,24,24,24
2024-01-12,SHERIFF,,38,38,38,38
2024-01-13,CARLSBAD,,4,3,4,4
2024-01-13,CHULA VISTA,,4,4,4,4
2024-01-13,EL CAJON,,2,2,2,2
2024-01-13,ESCONDIDO,,6,6,6,6
2024-01-13,HARBOR POLICE,,3,3,3,3
2024-01-13,LA MESA,,4,4,4,4
2024-01-13,OCEANSIDE,,5,5,5,5
2024-01-13,SAN DIEGO,,20,19,20,20
2024-01-13,SHERIFF,,11,11,11,11
2024-01-14,CARLSBAD,,2,2,2,2
2024-01-14,EL CAJON,,1,1,1,1
2024-01-14,ESCONDIDO,,4,4,4,4
2024-01-14,LA MESA,,2,2,2,2
2024-01-14,NATIONAL CITY,,1,1,1,1
2024-01-14,OCEANSIDE,,2,2,2,2
2024-01-14,SAN DIEGO,,26,26,26,26
2024-01-14,SHERIFF,,16,15,16,16
2024-01-15,CARLSBAD,,1,1,1,1
2024-01-15,CHULA VISTA,,2,2,2,2
2024-01-15,EL CAJON,,3,3,3,3
2024-01-15,ESCONDIDO,,4,4,4,4
2024-01-15,HARBOR POLICE,,1,1,1,1
2024-01-15,LA MESA,,2,2,2,2
2024-01-15,OCEANSIDE,,2,2,2,2
2024-01-15,SAN DIEGO,,18,18,18,18
2024-01-15,SHERIFF,,10,9,10,10
2024-01-16,CHULA VISTA,,1,1,1,1
2024-01-16,EL CAJON,,5,4,5,5
2024-01-16,ESCONDIDO,,5,5,5,5
2024-01-16,HARBOR POLICE,,1,1,1,1
2024-01-16,LA MESA,,2,2,2,2
2024-01-16,NATIONAL CITY,,1,1,1,1
2024-01-16,OCEANSIDE,,4,4,4,4
2024-01-16,SAN DIEGO,,15,15,15,15
2024-01-16,SHERIFF,,12,12,12,12
2024-01-17,CARLSBAD,,1,1,1,1
2024-01-17,CHULA VISTA,,1,1,1,1
2024-01-17,EL CAJON,,3,3,3,3
2024-01-17,ESCONDIDO,,5,5,5,5
2024-01-17,HARBOR POLICE,,1,1,1,1
2024-01-17,LA MESA,,4,4,4,4
2024-01-17,NATIONAL CITY,,2,2,2,2
2024-01-17,OCEANSIDE,,1,1,1,1
2024-01-17,SAN DIEGO,,19,19,19,19
2024-01-17,SHERIFF,,23,23,23,23
2024-01-18,CARLSBAD,,2,2,2,2
2024-01-18,CHULA VISTA,,1,1,1,1
2024-01-18,EL CAJON,,3,3,3,3
2024-01-18,ESCONDIDO,,7,7,7,7
2024-01-18,HARBOR POLICE,,1,1,1,1
2024-01-18,LA MESA,,2,2,2,2
2024-01-18,NATIONAL CITY,,1,1,1,1
2024-01-18,OCEANSIDE,,3,3,3,3
2024-01-18,SAN DIEGO,,16,16,16,16
2024-01-18,SHERIFF,,16,16,16,16
2024-01-19,CARLSBAD,,4,4,4,4
2024-01-19,CHULA VISTA,,4,4,4,4
2024-01-19,ESCONDIDO,,3,3,3,3
2024-01-19,HARBOR POLICE,,1,1,1,1
2024-01-19,LA MESA,,1,1,1,1
2024-01-19,OCEANSIDE,,3,3,3,3
2024-01-19,SAN DIEGO,,23,23,23,23
2024-01-19,SHERIFF,,26,26,26,26
2024-01-20,CARLSBAD,,3,3,3,3
2024-01-20,CHULA VISTA,,2,2,2,2
2024-01-20,EL CAJON,,3,3,3,3
2024-01-20,ESCONDIDO,,7,7,7,7
2024-01-20,HARBOR POLICE,,1,1,1,1
2024-01-20,LA MESA,,1,1,1,1
2024-01-20,NATIONAL CITY,,2,2,2,2
2024-01-20,OCEANSIDE,,3,3,3,3
2024-01-20,SAN DIEGO,,18,15,18,18
2024-01-20,SHERIFF,,8,8,8,8
2024-01-21,CARLSBAD,,1,1,1,1
2024-01-21,EL CAJON,,4,4,4,4
2024-01-21,ESCONDIDO,,7,7,7,7
2024-01-21,LA MESA,,3,3,3,3
2024-01-21,NATIONAL CITY,,3,3,3,3
2024-01-21,OCEANSIDE,,7,7,7,7
2024-01-21,SAN DIEGO,,19,17,19,18
2024-01-21,SHERIFF,,10,10,10,10
2024-01-22,CARLSBAD,,2,2,2,2
2024-01-22,CHULA VISTA,,4,4,4,4
2024-01-22,EL CAJON,,2,2,2,2
2024-01-22,ESCONDIDO,,2,2,2,2
2024-01-22,HARBOR POLICE,,1,1,1,1
2024-01-22,LA MESA,,1,1,1,1
2024-01-22,OCEANSIDE,,1,1,1,1
2024-01-22,SAN DIEGO,,10,10,10,10
2024-01-22,SHERIFF,,18,18,18,18
2024-01-23,CARLSBAD,,2,2,2,2
2024-01-23,CHULA VISTA,,2,2,2,2
2024-01-23,EL CAJON,,7,6,7,7
2024-01-23,ESCONDIDO,,2,2,2,2
2024-01-23,HARBOR POLICE,,2,2,2,2
2024-01-23,NATIONAL CITY,,2,2,2,2
2024-01-23,OCEANSIDE,,4,4,4,4
2024-01-23,SAN DIEGO,,19,19,19,19
2024-01-23,SHERIFF,,19,19,19,19
2024-01-24,CARLSBAD,,2,2,2,2
2024-01-24,CHULA VISTA,,2,2,2,2
2024-01-24,EL CAJON,,4,4,4,4
2024-01-24,ESCONDIDO,,2,2,2,2
2024-01-24,HARBOR POLICE,,1,1,1,1
2024-01-24,LA MESA,,1,1,1,1
2024-01-24,OCEANSIDE,,1,1,1,1
2024-01-24,SAN DIEGO,,12,12,12,12
2024-01-24,SHERIFF,,25,25,25,25
2024-01-25,CHULA VISTA,,2,2,2,2
2024-01-25,EL CAJON,,4,4,4,4
2024-01-25,ESCONDIDO,,1,1,1,1
2024-01-25,LA MESA,,1,1,1,1
2024-01-25,NATIONAL CITY,,1,1,1,1
2024-01-25,OCEANSIDE,,2,2,2,2
2024-01-25,SAN DIEGO,,16,16,16,16
2024-01-25,SHERIFF,,19,19,19,19
2024-01-26,CARLSBAD,,3,3,3,3
2024-01-26,CHULA VISTA,,3,3,3,3
2024-01-26,EL CAJON,,5,4,5,5
2024-01-26,ESCONDIDO,,8,8,8,8
2024-01-26,HARBOR POLICE,,2,2,2,2
2024-01-26,LA MESA,,3,3,3,3
2024-01-26,NATIONAL CITY,,2,2,2,2
2024-01-26,OCEANSIDE,,3,3,3,3
2024-01-26,SAN DIEGO,,16,16,16,16
2024-01-26,SHERIFF,,10,10,10,10
2024-01-27,CARLSBAD,,2,2,2,2
2024-01-27,CHULA VISTA,,8,8,8,8
2024-01-27,ESCONDIDO,,6,6,6,6
2024-01-27,LA MESA,,1,1,1,1
2024-01-27,OCEANSIDE,,7,6,7,7
2024-01-27,SAN DIEGO,,27,26,27,27
2024-01-27,SHERIFF,,10,10,10,10
2024-01-28,CARLSBAD,,2,2,2,2
2024-01-28,CHULA VISTA,,2,2,2,2
2024-01-28,EL CAJON,,2,2,2,2
2024-01-28,ESCONDIDO,,8,8,8,8
2024-01-28,HARBOR POLICE,,2,2,2,2
2024-01-28,LA MESA,,1,1,1,1
2024-01-28,OCEANSIDE,,2,2,2,2
2024-01-28,SAN DIEGO,,20,20,20,20
2024-01-28,SHERIFF,,11,11,11,11
2024-01-29,CARLSBAD,,3,3,3,3
2024-01-29,EL CAJON,,1,1,1,1
2024-01-29,ESCONDIDO,,8,8,8,8
2024-01-29,HARBOR POLICE,,3,3,3,3
2024-01-29,LA MESA,,2,2,2,2
2024-01-29,OCEANSIDE,,6,6,6,6
2024-01-29,SAN DIEGO,,18,18,18,18
2024-01-29,SHERIFF,,16,16,16,16
2024-01-30,CARLSBAD,,1,1,1,1
2024-01-30,CHULA VISTA,,2,2,2,2
2024-01-30,EL CAJON,,3,3,3,3
2024-01-30,ESCONDIDO,,5,5,5,5
2024-01-30,HARBOR POLICE,,3,3,3,3
2024-01-30,OCEANSIDE,,2,2,2,2
2024-01-30,SAN DIEGO,,14,14,14,14
2024-01-30,SHERIFF,,25,25,25,25
2024-01-31,CARLSBAD,,3,3,3,3
2024-01-31,ESCONDIDO,,6,6,6,6
2024-01-31,HARBOR POLICE,,1,1,1,1
2024-01-31,NATIONAL CITY,,1,1,1,1
2024-01-31,OCEANSIDE,,2,2,2,2
2024-01-31,SAN DIEGO,,26,25,26,26
2024-01-31,SHERIFF,,11,11,11,11
2024-02-01,CARLSBAD,,1,1,1,1
2024-02-01,CHULA VISTA,,3,3,3,3
2024-02-01,EL CAJON,,3,2,3,3
2024-02-01,ESCONDIDO,,5,5,5,5
2024-02-01,HARBOR POLICE,,2,2,2,2
2024-02-01,LA MESA,,3,3,3,3
2024-02-01,OCEANSIDE,,2,2,2,2
2024-02-01,SAN DIEGO,,14,14,14,14
2024-02-01,SHERIFF,,8,8,8,8
2024-02-02,CARLSBAD,,2,2,2,2
2024-02-02,EL CAJON,,3,3,3,3
2024-02-02,ESCONDIDO,,3,3,3,3
2024-02-02,LA MESA,,2,2,2,2
2024-02-02,NATIONAL CITY,,1,1,1,1
2024-02-02,OCEANSIDE,,4,4,4,4
2024-02-02,SAN DIEGO,,21,21,21,21
2024-02-02,SHERIFF,,19,19,19,19
2024-02-03,CARLSBAD,,5,5,5,5
2024-02-03,CHULA VISTA,,2,2,2,2
2024-02-03,EL CAJON,,4,4,4,4
2024-02-03,ESCONDIDO,,6,6,6,6
2024-02-03,HARBOR POLICE,,2,2,2,2
2024-02-03,LA MESA,,2,2,2,2
2024-02-03,NATIONAL CITY,,1,1,1,1
2024-02-03,OCEANSIDE,,4,4,4,4
2024-02-03,SAN DIEGO,,30,30,30,30
2024-02-03,SHERIFF,,24,23,24,24
2024-02-04,CARLSBAD,,1,1,1,1
2024-02-04,CHULA VISTA,,4,4,4,4
2024-02-04,EL CAJON,,3,2,3,3
2024-02-04,ESCONDIDO,,3,3,3,3
2024-02-04,HARBOR POLICE,,3,3,3,3
2024-02-04,LA MESA,,1,1,1,1
2024-02-04,OCEANSIDE,,4,4,4,4
2024-02-04,SAN DIEGO,,21,19,20,20
2024-02-04,SHERIFF,,19,16,19,19
2024-02-05,EL CAJON,,3,2,3,3
2024-02-05,ESCONDIDO,,4,4,4,4
2024-02-05,HARBOR POLICE,,2,2,2,2
2024-02-05,LA MESA,,1,1,1,1
2024-02-05,NATIONAL CITY,,2,2,2,2
2024-02-05,OCEANSIDE,,1,1,1,1
2024-02-05,SAN DIEGO,,14,14,14,14
2024-02-05,SHERIFF,,4,4,4,4
2024-02-06,CHULA VISTA,,1,1,1,1
2024-02-06,EL CAJON,,2,2,2,2
2024-02-06,LA MESA,,1,1,1,1
2024-02-06,NATIONAL CITY,,1,1,1,1
2024-02-06,OCEANSIDE,,2,2,2,2
2024-02-06,SAN DIEGO,,12,12,12,12
2024-02-06,SHERIFF,,5,5,5,5
2024-02-07,CHULA VISTA,,4,4,4,4
2024-02-07,EL CAJON,,5,3,5,5
2024-02-07,ESCONDIDO,,7,7,7,7
2024-02-07,HARBOR POLICE,,1,1,1,1
2024-02-07,LA MESA,,1,1,1,1
2024-02-07,NATIONAL CITY,,3,3,3,3
2024-02-07,OCEANSIDE,,2,2,2,2
2024-02-07,SAN DIEGO,,16,16,16,16
2024-02-07,SHERIFF,,25,23,25,25
2024-02-08,CARLSBAD,,2,2,2,2
2024-02-08,CHULA VISTA,,3,3,3,3
2024-02-08,EL CAJON,,3,3,3,3
2024-02-08,ESCONDIDO,,5,5,5,5
2024-02-08,HARBOR POLICE,,1,1,1,1
2024-02-08,LA MESA,,2,2,2,2
2024-02-08,OCEANSIDE,,2,2,2,2
2024-02-08,SAN DIEGO,,21,21,21,21
2024-02-08,SHERIFF,,14,13,14,14
2024-02-09,CARLSBAD,,3,3,3,3
2024-02-09,CHULA VISTA,,1,1,1,1
2024-02-09,EL CAJON,,1,1,1,1
2024-02-09,ESCONDIDO,,6,6,6,6
2024-02-09,LA MESA,,1,1,1,1
2024-02-09,OCEANSIDE,,3,3,3,3
2024-02-09,SAN DIEGO,,29,28,29,29
2024-02-09,SHERIFF,,16,16,16,16
2024-02-10,CARLSBAD,,3,3,3,3
2024-02-10,CHULA VISTA,,5,4,5,5
2024-02-10,EL CAJON,,2,2,2,2
2024-02-10,ESCONDIDO,,7,7,7,7
2024-02-10,LA MESA,,2,2,2,2
2024-02-10,NATIONAL CITY,,3,3,3,3
2024-02-10,OCEANSIDE,,5,5,5,5
2024-02-10,SAN DIEGO,,21,21,21,21
2024-02-10,SHERIFF,,12,12,12,12
2024-02-11,CARLSBAD,,3,3,3,3
2024-02-11,CHULA VISTA,,4,4,4,4
2024-02-11,EL CAJON,,1,1,1,1
2024-02-11,ESCONDIDO,,4,4,4,4
2024-02-11,LA MESA,,4,4,4,4
2024-02-11,NATIONAL CITY,,1,1,1,1
2024-02-11,OCEANSIDE,,1,1,1,1
2024-02-11,SAN DIEGO,,25,25,25,25
2024-02-11,SHERIFF,,14,14,14,14
2024-02-12,CARLSBAD,,4,4,4,4
2024-02-12,CHULA VISTA,,1,1,1,1
2024-02-12,EL CAJON,,3,3,3,3
2024-02-12,ESCONDIDO,,1,1,1,1
2024-02-12,NATIONAL CITY,,3,3,3,3
2024-02-12,OCEANSIDE,,1,1,1,1
2024-02-12,SAN DIEGO,,14,13,14,14
2024-02-12,SHERIFF,,13,13,13,13
2024-02-13,CARLSBAD,,4,4,4,4
2024-02-13,CHULA VISTA,,1,1,1,1
2024-02-13,EL CAJON,,4,3,4,4
2024-02-13,ESCONDIDO,,6,6,6,6
2024-02-13,HARBOR POLICE,,1,1,1,1
2024-02-13,LA MESA,,2,2,2,2
2024-02-13,NATIONAL CITY,,1,1,1,1
2024-02-13,OCEANSIDE,,2,2,2,2
2024-02-13,SAN DIEGO,,21,20,21,21
2024-02-13,SHERIFF,,21,21,21,21
2024-02-14,CHULA VISTA,,2,2,2,2
2024-02-14,EL CAJON,,6,4,6,6
2024-02-14,ESCONDIDO,,5,5,5,5
2024-02-14,HARBOR POLICE,,3,3,3,3
2024-02-14,NATIONAL CITY,,1,1,1,1
2024-02-14,SAN DIEGO,,14,12,13,13
2024-02-14,SHERIFF,,14,14,14,14
2024-02-15,CARLSBAD,,2,2,2,2
2024-02-15,CHULA VISTA,,1,1,1,1
2024-02-15,EL CAJON,,6,6,6,6
2024-02-15,ESCONDIDO,,3,3,3,3
2024-02-15,LA MESA,,1,1,1,1
2024-02-15,OCEANSIDE,,1,1,1,1
2024-02-15,SAN DIEGO,,21,21,21,21
2024-02-15,SHERIFF,,15,15,15,15
2024-02-16,CARLSBAD,,3,3,3,3
2024-02-16,CHULA VISTA,,2,2,2,2
2024-02-16,EL CAJON,,1,1,1,1
2024-02-16,ESCONDIDO,,4,4,4,4
2024-02-16,OCEANSIDE,,3,3,3,3
2024-02-16,SAN DIEGO,,23,23,23,23
2024-02-16,SHERIFF,,16,15,16,16
2024-02-17,CARLSBAD,,4,4,4,4
2024-02-17,CHULA VISTA,,1,1,1,1
2024-02-17,ESCONDIDO,,6,6,6,6
2024-02-17,HARBOR POLICE,,1,1,1,1
2024-02-17,LA MESA,,2,2,2,2
2024-02-17,OCEANSIDE,,1,1,1,1
2024-02-17,SAN DIEGO,,18,18,18,18
2024-02-17,SHERIFF,,12,12,12,12
2024-02-18,CARLSBAD,,5,5,5,5
2024-02-18,CHULA VISTA,,4,4,4,4
2024-02-18,EL CAJON,,1,1,1,1
2024-02-18,ESCONDIDO,,4,4,4,4
2024-02-18,HARBOR POLICE,,2,2,2,2
2024-02-18,LA MESA,,1,1,1,1
2024-02-18,NATIONAL CITY,,2,2,2,2
2024-02-18,OCEANSIDE,,4,4,4,4
2024-02-18,SAN DIEGO,,23,23,23,23
2024-02-18,SHERIFF,,9,9,9,9
2024-02-19,CHULA VISTA,,5,5,5,5
2024-02-19,EL CAJON,,2,2,2,2
2024-02-19,ESCONDIDO,,4,4,4,4
2024-02-19,LA MESA,,1,1,1,1
2024-02-19,NATIONAL CITY,,3,3,3,3
2024-02-19,OCEANSIDE,,2,2,2,2
2024-02-19,SAN DIEGO,,14,14,14,14
2024-02-19,SHERIFF,,7,7,7,7
2024-02-20,CARLSBAD,,5,5,5,5
2024-02-20,EL CAJON,,4,1,4,3
2024-02-20,ESCONDIDO,,7,6,7,7
2024-02-20,LA MESA,,3,3,3,3
2024-02-20,OCEANSIDE,,2,2,2,2
2024-02-20,SAN DIEGO,,18,18,18,18
2024-02-20,SHERIFF,,18,17,17,17
2024-02-21,CARLSBAD,,2,2,2,2
2024-02-21,CHULA VISTA,,1,1,1,1
2024-02-21,EL CAJON,,2,2,2,2
2024-02-21,ESCONDIDO,,3,3,3,3
2024-02-21,HARBOR POLICE,,1,1,1,1
2024-02-21,SAN DIEGO,,27,24,27,27
2024-02-21,SHERIFF,,18,17,17,17
2024-02-22,CARLSBAD,,2,2,2,2
2024-02-22,CHULA VISTA,,2,2,2,2
2024-02-22,EL CAJON,,2,1,2,2
2024-02-22,ESCONDIDO,,3,3,3,3
2024-02-22,HARBOR POLICE,,2,2,2,2
2024-02-22,LA MESA,,3,3,3,3
2024-02-22,OCEANSIDE,,5,5,5,5
2024-02-22,SAN DIEGO,,13,13,13,13
2024-02-22,SHERIFF,,19,18,19,19
2024-02-23,CARLSBAD,,2,2,2,2
2024-02-23,CHULA VISTA,,1,1,1,1
2024-02-23,EL CAJON,,5,4,5,5
2024-02-23,ESCONDIDO,,1,1,1,1
2024-02-23,HARBOR POLICE,,1,1,1,1
2024-02-23,LA MESA,,2,2,2,2
2024-02-23,NATIONAL CITY,,2,2,2,2
2024-02-23,OCEANSIDE,,3,3,3,3
2024-02-23,SAN DIEGO,,22,22,22,22
2024-02-23,SHERIFF,,17,17,17,17
2024-02-24,CARLSBAD,,4,4,4,4
2024-02-24,CHULA VISTA,,4,4,4,4
2024-02-24,EL CAJON,,4,4,4,4
2024-02-24,ESCONDIDO,,6,5,6,6
2024-02-24,LA MESA,,3,3,3,3
2024-02-24,NATIONAL CITY,,5,5,5,5
2024-02-24,OCEANSIDE,,5,5,5,5
2024-02-24,SAN DIEGO,,30,29,29,29
2024-02-24,SHERIFF,,17,17,17,17
2024-02-25,CHULA VISTA,,3,3,3,3
2024-02-25,EL CAJON,,2,2,2,2
2024-02-25,ESCONDIDO,,7,7,7,7
2024-02-25,HARBOR POLICE,,1,1,1,1
2024-02-25,LA MESA,,3,3,3,3
2024-02-25,NATIONAL CITY,,2,2,2,2
2024-02-25,OCEANSIDE,,1,1,1,1
2024-02-25,SAN DIEGO,,19,19,19,19
2024-02-25,SHERIFF,,14,13,14,14
2024-02-26,CARLSBAD,,1,1,1,1
2024-02-26,CHULA VISTA,,5,4,5,5
2024-02-26,ESCONDIDO,,5,5,5,5
2024-02-26,HARBOR POLICE,,1,1,1,1
2024-02-26,LA MESA,,2,2,2,2
2024-02-26,NATIONAL CITY,,1,1,1,1
2024-02-26,OCEANSIDE,,2,2,2,2
2024-02-26,SAN DIEGO,,17,17,17,17
2024-02-26,SHERIFF,,19,19,19,19
2024-02-27,CARLSBAD,,2,2,2,2
2024-02-27,EL CAJON,,4,4,4,4
2024-02-27,ESCONDIDO,,6,6,6,6
2024-02-27,HARBOR POLICE,,2,2,2,2
2024-02-27,LA MESA,,2,2,2,2
2024-02-27,NATIONAL CITY,,3,3,3,3
2024-02-27,OCEANSIDE,,2,2,2,2
2024-02-27,SAN DIEGO,,14,14,14,14
2024-02-27,SHERIFF,,19,18,19,19
2024-02-28,CARLSBAD,,1,1,1,1
2024-02-28,EL CAJON,,1,1,1,1
2024-02-28,ESCONDIDO,,6,6,6,6
2024-02-28,HARBOR POLICE,,3,3,3,3
2024-02-28,NATIONAL CITY,,1,1,1,1
2024-02-28,OCEANSIDE,,1,1,1,1
2024-02-28,SAN DIEGO,,19,19,19,19
2024-02-28,SHERIFF,,12,12,12,12
2024-02-29,CARLSBAD,,1,1,1,1
2024-02-29,CHULA VISTA,,9,9,9,9
2024-02-29,EL CAJON,,1,1,1,1
2024-02-29,ESCONDIDO,,6,5,6,6
2024-02-29,HARBOR POLICE,,1,1,1,1
2024-02-29,LA MESA,,4,4,4,4
2024-02-29,OCEANSIDE,,1,1,1,1
2024-02-29,SAN DIEGO,,30,30,30,30
2024-02-29,SHERIFF,,13,12,13,13
2024-03-01,CARLSBAD,,3,3,3,3
2024-03-01,CHULA VISTA,,6,6,6,6
2024-03-01,EL CAJON,,1,1,1,1
2024-03-01,ESCONDIDO,,4,4,4,4
2024-03-01,HARBOR POLICE,,1,1,1,1
2024-03-01,LA MESA,,1,1,1,1
2024-03-01,NATIONAL CITY,,3,3,3,3
2024-03-01,OCEANSIDE,,4,4,4,4
2024-03-01,SAN DIEGO,,32,30,32,32
2024-03-01,SHERIFF,,25,25,25,25
2024-03-02,CARLSBAD,,3,3,3,3
2024-03-02,CHULA VISTA,,5,5,5,5
2024-03-02,EL CAJON,,2,2,2,2
2024-03-02,ESCONDIDO,,7,7,7,7
2024-03-02,HARBOR POLICE,,1,1,1,1
2024-03-02,LA MESA,,1,1,1,1
2024-03-02,NATIONAL CITY,,1,1,1,1
2024-03-02,OCEANSIDE,,6,6,6,6
2024-03-02,SAN DIEGO,,31,31,31,31
2024-03-02,SHERIFF,,14,14,14,14
2024-03-03,CARLSBAD,,4,4,4,4
2024-03-03,CHULA VISTA,,1,1,1,1
2024-03-03,EL CAJON,,1,1,1,1
2024-03-03,ESCONDIDO,,3,3,3,3
2024-03-03,LA MESA,,2,2,2,2
2024-03-03,NATIONAL CITY,,2,2,2,2
2024-03-03,OCEANSIDE,,2,2,2,2
2024-03-03,SAN DIEGO,,18,18,18,18
2024-03-03,SHERIFF,,16,16,16,16
2024-03-04,CARLSBAD,,2,2,2,2
2024-03-04,CHULA VISTA,,2,2,2,2
2024-03-04,EL CAJON,,1,1,1,1
2024-03-04,ESCONDIDO,,4,4,4,4
2024-03-04,HARBOR POLICE,,4,4,4,4
2024-03-04,NATIONAL CITY,,1,1,1,1
2024-03-04,SAN DIEGO,,18,18,18,18
2024-03-04,SHERIFF,,17,17,17,17
2024-03-05,CARLSBAD,,1,1,1,1
2024-03-05,CHULA VISTA,,1,1,1,1
2024-03-05,EL CAJON,,1,1,1,1
2024-03-05,ESCONDIDO,,7,7,7,7
2024-03-05,HARBOR POLICE,,2,2,2,2
2024-03-05,NATIONAL CITY,,2,2,2,2
2024-03-05,OCEANSIDE,,1,1,1,1
2024-03-05,SAN DIEGO,,18,18,18,18
2024-03-05,SHERIFF,,16,16,16,16
2024-03-06,CARLSBAD,,2,2,2,2
2024-03-06,CHULA VISTA,,3,3,3,3
2024-03-06,EL CAJON,,3,3,3,3
2024-03-06,ESCONDIDO,,5,5,5,5
2024-03-06,LA MESA,,2,2,2,2
2024-03-06,NATIONAL CITY,,3,3,3,3
2024-03-06,OCEANSIDE,,4,4,4,4
2024-03-06,SAN DIEGO,,10,10,10,10
2024-03-06,SHERIFF,,16,16,16,16
2024-03-07,CARLSBAD,,2,2,2,2
2024-03-07,ESCONDIDO,,6,5,6,6
2024-03-07,LA MESA,,1,1,1,1
2024-03-07,NATIONAL CITY,,5,5,5,5
2024-03-07,OCEANSIDE,,4,4,4,4
2024-03-07,SAN DIEGO,,20,19,20,20
2024-03-07,SHERIFF,,14,14,14,14
2024-03-08,CARLSBAD,,2,2,2,2
2024-03-08,CHULA VISTA,,3,3,3,3
2024-03-08,EL CAJON,,2,2,2,2
2024-03-08,ESCONDIDO,,6,6,6,6
2024-03-08,LA MESA,,3,3,3,3
2024-03-08,NATIONAL CITY,,1,1,1,1
2024-03-08,OCEANSIDE,,3,3,3,3
2024-03-08,SAN DIEGO,,25,25,25,25
2024-03-08,SHERIFF,,23,23,23,23
2024-03-09,CARLSBAD,,7,7,7,7
2024-03-09,CHULA VISTA,,6,6,6,6
2024-03-09,EL CAJON,,1,1,1,1
2024-03-09,ESCONDIDO,,6,6,6,6
2024-03-09,HARBOR POLICE,,2,2,2,2
2024-03-09,LA MESA,,1,1,1,1
2024-03-09,NATIONAL CITY,,4,3,4,4
2024-03-09,OCEANSIDE,,4,4,4,4
2024-03-09,SAN DIEGO,,17,16,17,17
2024-03-09,SHERIFF,,13,8,13,13
2024-03-10,CARLSBAD,,2,2,2,2
2024-03-10,CHULA VISTA,,1,1,1,1
2024-03-10,ESCONDIDO,,7,7,7,7
2024-03-10,NATIONAL CITY,,2,2,2,2
2024-03-10,OCEANSIDE,,3,3,3,3
2024-03-10,SAN DIEGO,,15,15,15,15
2024-03-10,SHERIFF,,6,6,6,6
2024-03-11,CARLSBAD,,1,1,1,1
2024-03-11,CHULA VISTA,,1,1,1,1
2024-03-11,EL CAJON,,2,2,2,2
2024-03-11,ESCONDIDO,,3,3,3,3
2024-03-11,HARBOR POLICE,,1,1,1,1
2024-03-11,LA MESA,,2,2,2,2
2024-03-11,SAN DIEGO,,15,15,15,15
2024-03-11,SHERIFF,,23,23,23,23
2024-03-12,CARLSBAD,,2,2,2,2
2024-03-12,CHULA VISTA,,5,5,5,5
2024-03-12,EL CAJON,,1,1,1,1
2024-03-12,ESCONDIDO,,5,5,5,5
2024-03-12,LA MESA,,1,1,1,1
2024-03-12,NATIONAL CITY,,1,1,1,1
2024-03-12,OCEANSIDE,,4,4,4,4
2024-03-12,SAN DIEGO,,13,13,13,13
2024-03-12,SHERIFF,,34,34,34,34
2024-03-13,CHULA VISTA,,8,6,8,8
2024-03-13,EL CAJON,,2,2,2,2
2024-03-13,ESCONDIDO,,2,2,2,2
2024-03-13,NATIONAL CITY,,1,1,1,1
2024-03-13,OCEANSIDE,,4,4,4,4
2024-03-13,SAN DIEGO,,23,23,23,23
2024-03-13,SHERIFF,,28,26,28,28
2024-03-14,CARLSBAD,,1,1,1,1
2024-03-14,CHULA VISTA,,3,3,3,3
2024-03-14,EL CAJON,,3,3,3,3
2024-03-14,ESCONDIDO,,5,5,5,5
2024-03-14,LA MESA,,1,1,1,1
2024-03-14,NATIONAL CITY,,2,2,2,2
2024-03-14,OCEANSIDE,,1,1,1,1
2024-03-14,SAN DIEGO,,25,24,25,25
2024-03-14,SHERIFF,,20,20,20,20
2024-03-15,CARLSBAD,,1,1,1,1
2024-03-15,CHULA VISTA,,1,1,1,1
2024-03-15,EL CAJON,,2,2,2,2
2024-03-15,ESCONDIDO,,5,5,5,5
2024-03-15,NATIONAL CITY,,1,1,1,1
2024-03-15,OCEANSIDE,,5,5,5,5
2024-03-15,SAN DIEGO,,16,16,16,16
2024-03-15,SHERIFF,,18,18,18,18
2024-03-16,CARLSBAD,,4,4,4,4
2024-03-16,CHULA VISTA,,5,5,5,5
2024-03-16,EL CAJON,,3,3,3,3
2024-03-16,ESCONDIDO,,3,3,3,3
2024-03-16,HARBOR POLICE,,1,1,1,1
2024-03-16,NATIONAL CITY,,1,1,1,1
2024-03-16,OCEANSIDE,,3,3,3,3
2024-03-16,SAN DIEGO,,37,37,37,37
2024-03-16,SHERIFF,,13,13,13,13
2024-03-17,CARLSBAD,,8,8,8,8
2024-03-17,CHULA VISTA,,2,2,2,2
2024-03-17,EL CAJON,,5,4,5,5
2024-03-17,ESCONDIDO,,10,10,10,10
2024-03-17,HARBOR POLICE,,2,2,2,2
2024-03-17,LA MESA,,3,3,3,3
2024-03-17,NATIONAL CITY,,2,2,2,2
2024-03-17,OCEANSIDE,,4,4,4,4
2024-03-17,SAN DIEGO,,40,40,40,40
2024-03-17,SHERIFF,,8,8,8,8
2024-03-18,CARLSBAD,,3,3,3,3
2024-03-18,EL CAJON,,2,2,2,2
2024-03-18,ESCONDIDO,,1,1,1,1
2024-03-18,LA MESA,,1,1,1,1
2024-03-18,OCEANSIDE,,2,2,2,2
2024-03-18,SAN DIEGO,,18,18,18,18
2024-03-18,SHERIFF,,17,17,17,17
2024-03-19,CARLSBAD,,1,1,1,1
2024-03-19,CHULA VISTA,,4,4,4,4
2024-03-19,EL CAJON,,6,5,6,6
2024-03-19,ESCONDIDO,,2,2,2,2
2024-03-19,HARBOR POLICE,,1,1,1,1
2024-03-19,OCEANSIDE,,1,1,1,1
2024-03-19,SAN DIEGO,,13,13,13,13
2024-03-19,SHERIFF,,14,14,14,14
2024-03-20,CHULA VISTA,,4,4,4,4
2024-03-20,ESCONDIDO,,6,6,6,6
2024-03-20,HARBOR POLICE,,1,1,1,1
2024-03-20,LA MESA,,1,1,1,1
2024-03-20,NATIONAL CITY,,1,1,1,1
2024-03-20,OCEANSIDE,,2,2,2,2
2024-03-20,SAN DIEGO,,20,20,20,20
2024-03-20,SHERIFF,,13,13,13,13
2024-03-21,CARLSBAD,,3,3,3,3
2024-03-21,CHULA VISTA,,1,1,1,1
2024-03-21,EL CAJON,,2,2,2,2
2024-03-21,ESCONDIDO,,3,3,3,3
2024-03-21,HARBOR POLICE,,1,1,1,1
2024-03-21,NATIONAL CITY,,2,2,2,2
2024-03-21,SAN DIEGO,,12,12,12,12
2024-03-21,SHERIFF,,15,15,15,15
2024-03-22,CARLSBAD,,4,3,4,4
2024-03-22,CHULA VISTA,,4,4,4,4
2024-03-22,EL CAJON,,1,1,1,1
2024-03-22,ESCONDIDO,,3,3,3,3
2024-03-22,HARBOR POLICE,,2,2,2,2
2024-03-22,LA MESA,,4,4,4,4
2024-03-22,NATIONAL CITY,,1,1,1,1
2024-03-22,OCEANSIDE,,2,2,2,2
2024-03-22,SAN DIEGO,,15,15,15,15
2024-03-22,SHERIFF,,23,23,23,23
2024-03-23,CARLSBAD,,4,4,4,4
2024-03-23,CHULA VISTA,,3,3,3,3
2024-03-23,EL CAJON,,3,3,3,3
2024-03-23,ESCONDIDO,,10,9,10,10
2024-03-23,HARBOR POLICE,,1,1,1,1
2024-03-23,LA MESA,,2,2,2,2
2024-03-23,NATIONAL CITY,,1,1,1,1
2024-03-23,OCEANSIDE,,2,2,2,2
2024-03-23,SAN DIEGO,,19,18,19,19
2024-03-23,SHERIFF,,15,15,15,15
2024-03-24,CARLSBAD,,2,2,2,2
2024-03-24,CHULA VISTA,,1,1,1,1
2024-03-24,EL CAJON,,1,1,1,1
2024-03-24,ESCONDIDO,,2,2,2,2
2024-03-24,NATIONAL CITY,,1,1,1,1
2024-03-24,OCEANSIDE,,4,4,4,4
2024-03-24,SAN DIEGO,,22,22,22,22
2024-03-24,SHERIFF,,12,12,12,12
2024-03-25,CARLSBAD,,1,1,1,1
2024-03-25,CHULA VISTA,,6,6,6,6
2024-03-25,EL CAJON,,2,2,2,2
2024-03-25,ESCONDIDO,,3,3,3,3
2024-03-25,HARBOR POLICE,,1,1,1,1
2024-03-25,LA MESA,,1,1,1,1
2024-03-25,OCEANSIDE,,2,2,2,2
2024-03-25,SAN DIEGO,,15,14,15,15
2024-03-25,SHERIFF,,21,21,21,21
2024-03-26,CARLSBAD,,2,2,2,2
2024-03-26,CHULA VISTA,,1,1,1,1
2024-03-26,EL CAJON,,2,2,2,2
2024-03-26,ESCONDIDO,,2,2,2,2
2024-03-26,HARBOR POLICE,,2,2,2,2
2024-03-26,LA MESA,,2,2,2,2
2024-03-26,NATIONAL CITY,,1,1,1,1
2024-03-26,OCEANSIDE,,1,1,1,1
2024-03-26,SAN DIEGO,,9,9,9,9
2024-03-26,SHERIFF,,14,14,14,14
2024-03-27,CARLSBAD,,3,3,3,3
2024-03-27,CHULA VISTA,,2,2,2,2
2024-03-27,EL CAJON,,2,2,2,2
2024-03-27,ESCONDIDO,,4,3,4,4
2024-03-27,HARBOR POLICE,,4,4,4,4
2024-03-27,NATIONAL CITY,,3,3,3,3
2024-03-27,OCEANSIDE,,3,3,3,3
2024-03-27,SAN DIEGO,,22,20,22,22
2024-03-27,SHERIFF,,13,12,13,13
2024-03-28,CARLSBAD,,5,5,5,5
2024-03-28,CHULA VISTA,,3,3,3,3
2024-03-28,EL CAJON,,1,1,1,1
2024-03-28,ESCONDIDO,,6,6,6,6
2024-03-28,HARBOR POLICE,,2,2,2,2
2024-03-28,LA MESA,,1,1,1,1
2024-03-28,OCEANSIDE,,3,3,3,3
2024-03-28,SAN DIEGO,,23,22,23,22
2024-03-28,SHERIFF,,17,17,17,17
2024-03-29,CARLSBAD,,4,4,4,4
2024-03-29,CHULA VISTA,,4,4,4,4
2024-03-29,EL CAJON,,1,1,1,1
2024-03-29,ESCONDIDO,,8,8,8,8
2024-03-29,HARBOR POLICE,,3,3,3,3
2024-03-29,LA MESA,,3,3,3,3
2024-03-29,NATIONAL CITY,,1,1,1,1
2024-03-29,OCEANSIDE,,4,4,4,4
2024-03-29,SAN DIEGO,,28,28,28,28
2024-03-29,SHERIFF,,10,10,10,10
2024-03-30,CARLSBAD,,1,1,1,1
2024-03-30,CHULA VISTA,,4,4,4,4
2024-03-30,EL CAJON,,1,1,1,1
2024-03-30,ESCONDIDO,,5,5,5,5
2024-03-30,HARBOR POLICE,,2,2,2,2
2024-03-30,LA MESA,,2,2,2,2
2024-03-30,NATIONAL CITY,,1,1,1,1
2024-03-30,OCEANSIDE,,5,5,5,5
2024-03-30,SAN DIEGO,,19,18,19,19
2024-03-30,SHERIFF,,13,13,13,13
2024-03-31,CARLSBAD,,4,4,4,4
2024-03-31,CHULA VISTA,,4,4,4,4
2024-03-31,EL CAJON,,1,1,1,1
2024-03-31,ESCONDIDO,,5,5,5,5
2024-03-31,HARBOR POLICE,,1,1,1,1
2024-03-31,LA MESA,,1,1,1,1
2024-03-31,NATIONAL CITY,,1,1,1,1
2024-03-31,SAN DIEGO,,19,19,19,19
2024-03-31,SHERIFF,,8,7,8,8
2024-04-01,CARLSBAD,,1,1,1,1
2024-04-01,CHULA VISTA,,6,6,6,6
2024-04-01,EL CAJON,,3,3,3,3
2024-04-01,ESCONDIDO,,3,3,3,3
2024-04-01,LA MESA,,2,2,2,2
2024-04-01,NATIONAL CITY,,3,1,3,3
2024-04-01,OCEANSIDE,,3,3,3,3
2024-04-01,SAN DIEGO,,15,15,15,15
2024-04-01,SHERIFF,,5,5,5,5
2024-04-02,CARLSBAD,,1,1,1,1
2024-04-02,CHULA VISTA,,3,3,3,3
2024-04-02,ESCONDIDO,,8,8,8,8
2024-04-02,HARBOR POLICE,,1,1,1,1
2024-04-02,LA MESA,,4,4,4,4
2024-04-02,OCEANSIDE,,3,3,3,3
2024-04-02,SAN DIEGO,,13,13,13,13
2024-04-02,SHERIFF,,24,24,24,24
2024-04-03,CARLSBAD,,1,1,1,1
2024-04-03,CHULA VISTA,,2,2,2,2
2024-04-03,EL CAJON,,1,1,1,1
2024-04-03,ESCONDIDO,,3,3,3,3
2024-04-03,HARBOR POLICE,,1,1,1,1
2024-04-03,NATIONAL CITY,,1,1,1,1
2024-04-03,OCEANSIDE,,2,2,2,2
2024-04-03,SAN DIEGO,,18,18,18,18
2024-04-03,SHERIFF,,28,28,28,28
2024-04-04,CARLSBAD,,2,2,2,2
2024-04-04,CHULA VISTA,,1,1,1,1
2024-04-04,EL CAJON,,2,2,2,2
2024-04-04,ESCONDIDO,,3,3,3,3
2024-04-04,HARBOR POLICE,,1,1,1,1
2024-04-04,LA MESA,,2,2,2,2
2024-04-04,OCEANSIDE,,3,3,3,3
2024-04-04,SAN DIEGO,,14,14,14,14
2024-04-04,SHERIFF,,28,28,28,28
2024-04-05,CARLSBAD,,2,2,2,2
2024-04-05,CHULA VISTA,,3,3,3,3
2024-04-05,ESCONDIDO,,7,6,7,7
2024-04-05,HARBOR POLICE,,2,2,2,2
2024-04-05,NATIONAL CITY,,1,1,1,1
2024-04-05,OCEANSIDE,,3,3,3,3
2024-04-05,SAN DIEGO,,21,20,20,20
2024-04-05,SHERIFF,,14,14,14,14
2024-04-06,CARLSBAD,,4,4,4,4
2024-04-06,CHULA VISTA,,4,4,4,4
2024-04-06,EL CAJON,,4,4,4,4
2024-04-06,ESCONDIDO,,1,1,1,1
2024-04-06,LA MESA,,2,2,2,2
2024-04-06,NATIONAL CITY,,1,1,1,1
2024-04-06,OCEANSIDE,,1,1,1,1
2024-04-06,SAN DIEGO,,24,23,24,24
2024-04-06,SHERIFF,,18,18,18,18
2024-04-07,CHULA VISTA,,3,3,3,3
2024-04-07,EL CAJON,,1,1,1,1
2024-04-07,ESCONDIDO,,4,4,4,4
2024-04-07,NATIONAL CITY,,1,1,1,1
2024-04-07,OCEANSIDE,,3,3,3,3
2024-04-07,SAN DIEGO,,29,29,29,29
2024-04-07,SHERIFF,,12,12,12,12
2024-04-08,CARLSBAD,,2,2,2,2
2024-04-08,CHULA VISTA,,1,1,1,1
2024-04-08,EL CAJON,,1,1,1,1
2024-04-08,ESCONDIDO,,4,4,4,4
2024-04-08,HARBOR POLICE,,3,3,3,3
2024-04-08,LA MESA,,3,3,3,3
2024-04-08,NATIONAL CITY,,1,1,1,1
2024-04-08,OCEANSIDE,,3,3,3,3
2024-04-08,SAN DIEGO,,14,14,14,14
2024-04-08,SHERIFF,,25,24,25,25
2024-04-09,CARLSBAD,,2,2,2,2
2024-04-09,CHULA VISTA,,1,1,1,1
2024-04-09,ESCONDIDO,,10,7,10,10
2024-04-09,HARBOR POLICE,,1,1,1,1
2024-04-09,LA MESA,,1,1,1,1
2024-04-09,NATIONAL CITY,,2,2,2,2
2024-04-09,OCEANSIDE,,1,1,1,1
2024-04-09,SAN DIEGO,,17,16,17,17
2024-04-09,SHERIFF,,16,16,16,16
2024-04-10,CARLSBAD,,1,1,1,1
2024-04-10,CHULA VISTA,,2,2,2,2
2024-04-10,EL CAJON,,2,1,2,2
2024-04-10,ESCONDIDO,,7,7,7,7
2024-04-10,HARBOR POLICE,,1,1,1,1
2024-04-10,LA MESA,,3,3,3,3
2024-04-10,OCEANSIDE,,3,3,3,3
2024-04-10,SAN DIEGO,,25,23,25,25
2024-04-10,SHERIFF,,13,13,13,13
2024-04-11,CARLSBAD,,2,2,2,2
2024-04-11,CHULA VISTA,,2,2,2,2
2024-04-11,EL CAJON,,2,2,2,2
2024-04-11,ESCONDIDO,,4,4,4,4
2024-04-11,HARBOR POLICE,,1,1,1,1
2024-04-11,LA MESA,,1,1,1,1
2024-04-11,NATIONAL CITY,,1,1,1,1
2024-04-11,SAN DIEGO,,17,17,17,17
2024-04-11,SHERIFF,,18,18,18,18
2024-04-12,CARLSBAD,,4,4,4,4
2024-04-12,CHULA VISTA,,4,4,4,4
2024-04-12,EL CAJON,,3,3,3,3
2024-04-12,ESCONDIDO,,2,2,2,2
2024-04-12,HARBOR POLICE,,2,2,2,2
2024-04-12,OCEANSIDE,,7,6,7,7
2024-04-12,SAN DIEGO,,13,13,13,13
2024-04-12,SHERIFF,,24,24,24,24
2024-04-13,CARLSBAD,,5,5,5,5
2024-04-13,CHULA VISTA,,5,5,5,5
2024-04-13,ESCONDIDO,,3,3,3,3
2024-04-13,LA MESA,,2,2,2,2
2024-04-13,NATIONAL CITY,,2,2,2,2
2024-04-13,OCEANSIDE,,4,4,4,4
2024-04-13,SAN DIEGO,,23,23,23,23
2024-04-13,SHERIFF,,13,12,13,13
2024-04-14,CARLSBAD,,2,2,2,2
2024-04-14,CHULA VISTA,,2,2,2,2
2024-04-14,EL CAJON,,4,4,4,4
2024-04-14,ESCONDIDO,,3,3,3,3
2024-04-14,HARBOR POLICE,,2,2,2,2
2024-04-14,LA MESA,,3,3,3,3
2024-04-14,NATIONAL CITY,,1,1,1,1
2024-04-14,OCEANSIDE,,2,2,2,2
2024-04-14,SAN DIEGO,,26,26,26,26
2024-04-14,SHERIFF,,10,10,10,10
2024-04-15,CARLSBAD,,3,3,3,3
2024-04-15,CHULA VISTA,,3,3,3,3
2024-04-15,EL CAJON,,1,1,1,1
2024-04-15,ESCONDIDO,,6,6,6,6
2024-04-15,HARBOR POLICE,,2,2,2,2
2024-04-15,OCEANSIDE,,1,1,1,1
2024-04-15,SAN DIEGO,,17,17,17,17
2024-04-15,SHERIFF,,16,16,16,16
2024-04-16,CARLSBAD,,1,1,1,1
2024-04-16,CHULA VISTA,,4,4,4,4
2024-04-16,EL CAJON,,2,2,2,2
2024-04-16,ESCONDIDO,,5,5,5,5
2024-04-16,HARBOR POLICE,,1,1,1,1
2024-04-16,OCEANSIDE,,2,2,2,2
2024-04-16,SAN DIEGO,,15,15,15,15
2024-04-16,SHERIFF,,18,18,18,18
2024-04-17,CARLSBAD,,1,1,1,1
2024-04-17,CHULA VISTA,,3,3,3,3
2024-04-17,EL CAJON,,3,3,3,3
2024-04-17,ESCONDIDO,,3,3,3,3
2024-04-17,HARBOR POLICE,,2,2,2,2
2024-04-17,LA MESA,,3,3,3,3
2024-04-17,NATIONAL CITY,,2,2,2,2
2024-04-17,OCEANSIDE,,5,5,5,5
2024-04-17,SAN DIEGO,,11,11,11,11
2024-04-17,SHERIFF,,18,18,18,18
2024-04-18,CARLSBAD,,2,2,2,2
2024-04-18,CHULA VISTA,,1,1,1,1
2024-04-18,EL CAJON,,1,1,1,1
2024-04-18,ESCONDIDO,,6,6,6,6
2024-04-18,HARBOR POLICE,,1,1,1,1
2024-04-18,NATIONAL CITY,,1,1,1,1
2024-04-18,OCEANSIDE,,2,2,2,2
2024-04-18,SAN DIEGO,,19,19,19,19
2024-04-18,SHERIFF,,15,15,15,15
2024-04-19,CARLSBAD,,2,2,2,2
2024-04-19,CHULA VISTA,,5,5,5,5
2024-04-19,ESCONDIDO,,5,5,5,5
2024-04-19,HARBOR POLICE,,3,3,3,3
2024-04-19,LA MESA,,1,1,1,1
2024-04-19,NATIONAL CITY,,4,1,4,4
2024-04-19,OCEANSIDE,,4,4,4,4
2024-04-19,SAN DIEGO,,21,21,21,21
2024-04-19,SHERIFF,,17,17,17,17
2024-04-20,CARLSBAD,,3,3,3,3
2024-04-20,CHULA VISTA,,8,8,8,8
2024-04-20,EL CAJON,,2,2,2,2
2024-04-20,ESCONDIDO,,7,7,7,7
2024-04-20,HARBOR POLICE,,1,1,1,1
2024-04-20,LA MESA,,3,3,3,3
2024-04-20,NATIONAL CITY,,1,1,1,1
2024-04-20,OCEANSIDE,,2,2,2,2
2024-04-20,SAN DIEGO,,25,25,25,25
2024-04-20,SHERIFF,,9,9,9,9
2024-04-21,CARLSBAD,,4,4,4,4
2024-04-21,CHULA VISTA,,1,1,1,1
2024-04-21,EL CAJON,,4,4,4,4
2024-04-21,ESCONDIDO,,4,4,4,4
2024-04-21,HARBOR POLICE,,1,1,1,1
2024-04-21,LA MESA,,1,1,1,1
2024-04-21,OCEANSIDE,,1,1,1,1
2024-04-21,SAN DIEGO,,19,18,19,19
2024-04-21,SHERIFF,,12,12,12,12
2024-04-22,CARLSBAD,,1,1,1,1
2024-04-22,EL CAJON,,6,6,6,6
2024-04-22,ESCONDIDO,,4,4,4,4
2024-04-22,HARBOR POLICE,,1,1,1,1
2024-04-22,LA MESA,,3,3,3,3
2024-04-22,OCEANSIDE,,5,5,5,5
2024-04-22,SAN DIEGO,,15,15,15,15
2024-04-22,SHERIFF,,20,20,20,20
2024-04-23,CARLSBAD,,3,3,3,3
2024-04-23,CHULA VISTA,,2,2,2,2
2024-04-23,ESCONDIDO,,5,5,5,5
2024-04-23,NATIONAL CITY,,1,1,1,1
2024-04-23,OCEANSIDE,,2,2,2,2
2024-04-23,SAN DIEGO,,34,32,34,34
2024-04-23,SHERIFF,,18,16,18,18
2024-04-24,CHULA VISTA,,1,1,1,1
2024-04-24,EL CAJON,,1,1,1,1
2024-04-24,ESCONDIDO,,6,6,6,6
2024-04-24,HARBOR POLICE,,1,1,1,1
2024-04-24,LA MESA,,4,4,4,4
2024-04-24,OCEANSIDE,,4,4,4,4
2024-04-24,SAN DIEGO,,20,20,20,20
2024-04-24,SHERIFF,,13,13,13,13
2024-04-25,CARLSBAD,,3,3,3,3
2024-04-25,CHULA VISTA,,4,3,3,3
2024-04-25,EL CAJON,,3,3,3,3
2024-04-25,ESCONDIDO,,5,5,5,5
2024-04-25,HARBOR POLICE,,1,1,1,1
2024-04-25,NATIONAL CITY,,3,3,3,3
2024-04-25,OCEANSIDE,,4,4,4,4
2024-04-25,SAN DIEGO,,23,23,23,23
2024-04-25,SHERIFF,,14,14,14,14
2024-04-26,CARLSBAD,,3,3,3,3
2024-04-26,CHULA VISTA,,1,1,1,1
2024-04-26,EL CAJON,,2,2,2,2
2024-04-26,ESCONDIDO,,3,3,3,3
2024-04-26,HARBOR POLICE,,2,2,2,2
2024-04-26,LA MESA,,1,1,1,1
2024-04-26,OCEANSIDE,,2,2,2,2
2024-04-26,SAN DIEGO,,21,21,21,21
2024-04-26,SHERIFF,,14,13,14,14
2024-04-27,CARLSBAD,,2,2,2,2
2024-04-27,CHULA VISTA,,5,5,5,5
2024-04-27,EL CAJON,,5,5,5,5
2024-04-27,ESCONDIDO,,4,4,4,4
2024-04-27,HARBOR POLICE,,1,1,1,1
2024-04-27,LA MESA,,2,2,2,2
2024-04-27,NATIONAL CITY,,2,2,2,2
2024-04-27,OCEANSIDE,,4,4,4,4
2024-04-27,SAN DIEGO,,22,22,22,22
2024-04-27,SHERIFF,,16,16,16,16
2024-04-28,CARLSBAD,,3,3,3,3
2024-04-28,CHULA VISTA,,5,5,5,5
2024-04-28,EL CAJON,,6,3,6,6
2024-04-28,ESCONDIDO,,4,4,4,4
2024-04-28,HARBOR POLICE,,1,1,1,1
2024-04-28,LA MESA,,1,1,1,1
2024-04-28,NATIONAL CITY,,3,3,3,3
2024-04-28,OCEANSIDE,,3,3,3,3
2024-04-28,SAN DIEGO,,18,18,18,18
2024-04-28,SHERIFF,,10,10,10,10
2024-04-29,CARLSBAD,,1,1,1,1
2024-04-29,CHULA VISTA,,2,2,2,2
2024-04-29,EL CAJON,,2,2,2,2
2024-04-29,ESCONDIDO,,3,3,3,3
2024-04-29,HARBOR POLICE,,1,1,1,1
2024-04-29,NATIONAL CITY,,2,2,2,2
2024-04-29,OCEANSIDE,,2,2,2,2
2024-04-29,SAN DIEGO,,12,12,12,12
2024-04-29,SHERIFF,,10,10,10,10
2024-04-30,CARLSBAD,,1,1,1,1
2024-04-30,CHULA VISTA,,3,3,3,3
2024-04-30,EL CAJON,,5,2,5,5
2024-04-30,ESCONDIDO,,2,2,2,2
2024-04-30,NATIONAL CITY,,1,1,1,1
2024-04-30,OCEANSIDE,,1,1,1,1
2024-04-30,SAN DIEGO,,16,16,16,16
2024-04-30,SHERIFF,,12,12,12,12
2024-05-01,CHULA VISTA,,3,3,3,3
2024-05-01,ESCONDIDO,,7,7,7,7
2024-05-01,HARBOR POLICE,,2,2,2,2
2024-05-01,LA MESA,,1,1,1,1
2024-05-01,NATIONAL CITY,,2,2,2,2
2024-05-01,OCEANSIDE,,2,2,2,2
2024-05-01,SAN DIEGO,,21,21,21,21
2024-05-01,SHERIFF,,26,24,24,24
2024-05-02,CARLSBAD,,2,2,2,2
2024-05-02,CHULA VISTA,,1,1,1,1
2024-05-02,EL CAJON,,4,3,4,4
2024-05-02,ESCONDIDO,,6,5,6,6
2024-05-02,OCEANSIDE,,4,4,4,4
2024-05-02,SAN DIEGO,,23,23,23,23
2024-05-02,SHERIFF,,19,18,19,19
2024-05-03,CARLSBAD,,5,5,5,5
2024-05-03,CHULA VISTA,,2,2,2,2
2024-05-03,EL CAJON,,1,1,1,1
2024-05-03,ESCONDIDO,,3,3,3,3
2024-05-03,HARBOR POLICE,,4,4,4,4
2024-05-03,LA MESA,,2,2,2,2
2024-05-03,NATIONAL CITY,,1,1,1,1
2024-05-03,OCEANSIDE,,4,4,4,4
2024-05-03,SAN DIEGO,,18,18,18,18
2024-05-03,SHERIFF,,18,17,18,18
2024-05-04,CARLSBAD,,4,4,4,4
2024-05-04,CHULA VISTA,,1,1,1,1
2024-05-04,EL CAJON,,1,1,1,1
2024-05-04,ESCONDIDO,,9,9,9,9
2024-05-04,LA MESA,,2,2,2,2
2024-05-04,OCEANSIDE,,2,2,2,2
2024-05-04,SAN DIEGO,,21,21,21,21
2024-05-04,SHERIFF,,13,12,13,13
2024-05-05,CARLSBAD,,6,6,6,6
2024-05-05,CHULA VISTA,,5,5,5,5
2024-05-05,EL CAJON,,4,3,4,4
2024-05-05,ESCONDIDO,,9,7,9,9
2024-05-05,HARBOR POLICE,,2,2,2,2
2024-05-05,LA MESA,,1,1,1,1
2024-05-05,NATIONAL CITY,,1,1,1,1
2024-05-05,OCEANSIDE,,4,4,4,4
2024-05-05,SAN DIEGO,,32,31,32,32
2024-05-05,SHERIFF,,4,4,4,4
2024-05-06,CARLSBAD,,1,1,1,1
2024-05-06,CHULA VISTA,,2,2,2,2
2024-05-06,EL CAJON,,2,2,2,2
2024-05-06,ESCONDIDO,,5,5,5,5
2024-05-06,HARBOR POLICE,,2,2,2,2
2024-05-06,OCEANSIDE,,1,1,1,1
2024-05-06,SAN DIEGO,,17,17,17,17
2024-05-06,SHERIFF,,16,16,16,16
2024-05-07,CARLSBAD,,7,7,7,7
2024-05-07,CHULA VISTA,,1,1,1,1
2024-05-07,EL CAJON,,2,2,2,2
2024-05-07,ESCONDIDO,,1,1,1,1
2024-05-07,HARBOR POLICE,,2,2,2,2
2024-05-07,LA MESA,,1,1,1,1
2024-05-07,OCEANSIDE,,1,1,1,1
2024-05-07,SAN DIEGO,,16,16,16,16
2024-05-07,SHERIFF,,7,6,7,7
2024-05-08,CARLSBAD,,2,2,2,2
2024-05-08,CHULA VISTA,,2,2,2,2
2024-05-08,ESCONDIDO,,8,8,8,8
2024-05-08,HARBOR POLICE,,6,6,6,6
2024-05-08,LA MESA,,1,1,1,1
2024-05-08,NATIONAL CITY,,2,2,2,2
2024-05-08,OCEANSIDE,,1,1,1,1
2024-05-08,SAN DIEGO,,17,17,17,17
2024-05-08,SHERIFF,,17,17,17,17
2024-05-09,CARLSBAD,,1,1,1,1
2024-05-09,CHULA VISTA,,4,3,4,4
2024-05-09,EL CAJON,,3,2,3,3
2024-05-09,ESCONDIDO,,5,5,5,5
2024-05-09,LA MESA,,1,1,1,1
2024-05-09,NATIONAL CITY,,1,1,1,1
2024-05-09,OCEANSIDE,,3,3,3,3
2024-05-09,SAN DIEGO,,26,26,26,26
2024-05-09,SHERIFF,,16,16,16,16
2024-05-10,CARLSBAD,,1,1,1,1
2024-05-10,CHULA VISTA,,2,2,2,2
2024-05-10,ESCONDIDO,,3,3,3,3
2024-05-10,HARBOR POLICE,,1,1,1,1
2024-05-10,LA MESA,,1,1,1,1
2024-05-10,NATIONAL CITY,,1,1,1,1
2024-05-10,OCEANSIDE,,6,4,5,5
2024-05-10,SAN DIEGO,,17,14,16,16
2024-05-10,SHERIFF,,25,24,25,25
2024-05-11,CARLSBAD,,6,6,6,6
2024-05-11,CHULA VISTA,,1,1,1,1
2024-05-11,EL CAJON,,1,1,1,1
2024-05-11,ESCONDIDO,,3,3,3,3
2024-05-11,HARBOR POLICE,,2,2,2,2
2024-05-11,LA MESA,,1,1,1,1
2024-05-11,NATIONAL CITY,,1,1,1,1
2024-05-11,OCEANSIDE,,2,2,2,2
2024-05-11,SAN DIEGO,,25,25,25,25
2024-05-11,SHERIFF,,10,10,10,10
2024-05-12,CARLSBAD,,1,1,1,1
2024-05-12,CHULA VISTA,,3,3,3,3
2024-05-12,EL CAJON,,2,2,2,2
2024-05-12,ESCONDIDO,,2,2,2,2
2024-05-12,HARBOR POLICE,,3,3,3,3
2024-05-12,LA MESA,,4,4,4,4
2024-05-12,NATIONAL CITY,,2,2,2,2
2024-05-12,OCEANSIDE,,3,3,3,3
2024-05-12,SAN DIEGO,,23,23,23,23
2024-05-12,SHERIFF,,24,23,24,24
2024-05-13,CARLSBAD,,2,2,2,2
2024-05-13,EL CAJON,,4,4,4,4
2024-05-13,ESCONDIDO,,3,3,3,3
2024-05-13,HARBOR POLICE,,4,4,4,4
2024-05-13,OCEANSIDE,,1,1,1,1
2024-05-13,SAN DIEGO,,12,12,12,12
2024-05-13,SHERIFF,,15,15,15,15
2024-05-14,CARLSBAD,,2,2,2,2
2024-05-14,EL CAJON,,1,1,1,1
2024-05-14,ESCONDIDO,,5,5,5,5
2024-05-14,HARBOR POLICE,,1,1,1,1
2024-05-14,LA MESA,,1,1,1,1
2024-05-14,NATIONAL CITY,,2,2,2,2
2024-05-14,OCEANSIDE,,4,4,4,4
2024-05-14,SAN DIEGO,,23,20,23,23
2024-05-14,SHERIFF,,18,18,18,18
2024-05-15,CARLSBAD,,2,2,2,2
2024-05-15,CHULA VISTA,,5,5,5,5
2024-05-15,EL CAJON,,1,1,1,1
2024-05-15,ESCONDIDO,,1,1,1,1
2024-05-15,HARBOR POLICE,,1,1,1,1
2024-05-15,LA MESA,,2,2,2,2
2024-05-15,OCEANSIDE,,2,2,2,2
2024-05-15,SAN DIEGO,,13,13,13,13
2024-05-15,SHERIFF,,23,23,23,23
2024-05-16,CARLSBAD,,2,2,2,2
2024-05-16,CHULA VISTA,,3,3,3,3
2024-05-16,EL CAJON,,1,1,1,1
2024-05-16,ESCONDIDO,,5,5,5,5
2024-05-16,HARBOR POLICE,,1,1,1,1
2024-05-16,LA MESA,,1,1,1,1
2024-05-16,NATIONAL CITY,,2,2,2,2
2024-05-16,OCEANSIDE,,2,2,2,2
2024-05-16,SAN DIEGO,,20,20,20,20
2024-05-16,SHERIFF,,13,13,13,13
2024-05-17,CHULA VISTA,,2,2,2,2
2024-05-17,EL CAJON,,2,2,2,2
2024-05-17,ESCONDIDO,,8,8,8,8
2024-05-17,HARBOR POLICE,,1,1,1,1
2024-05-17,LA MESA,,1,1,1,1
2024-05-17,NATIONAL CITY,,1,1,1,1
2024-05-17,OCEANSIDE,,4,4,4,4
2024-05-17,SAN DIEGO,,17,17,17,17
2024-05-17,SHERIFF,,16,16,16,16
2024-05-18,CHULA VISTA,,7,7,7,7
2024-05-18,EL CAJON,,4,3,4,4
2024-05-18,ESCONDIDO,,4,4,4,4
2024-05-18,HARBOR POLICE,,1,1,1,1
2024-05-18,NATIONAL CITY,,3,3,3,3
2024-05-18,OCEANSIDE,,2,2,2,2
2024-05-18,SAN DIEGO,,37,34,37,37
2024-05-18,SHERIFF,,17,17,17,17
2024-05-19,CARLSBAD,,2,2,2,2
2024-05-19,CHULA VISTA,,5,5,5,5
2024-05-19,EL CAJON,,1,1,1,1
2024-05-19,ESCONDIDO,,11,11,11,11
2024-05-19,HARBOR POLICE,,1,1,1,1
2024-05-19,LA MESA,,1,1,1,1
2024-05-19,NATIONAL CITY,,2,2,2,2
2024-05-19,OCEANSIDE,,6,6,6,6
2024-05-19,SAN DIEGO,,15,15,15,15
2024-05-19,SHERIFF,,10,10,10,10
2024-05-20,CARLSBAD,,1,1,1,1
2024-05-20,CHULA VISTA,,1,1,1,1
2024-05-20,EL CAJON,,2,2,2,2
2024-05-20,ESCONDIDO,,4,4,4,4
2024-05-20,LA MESA,,1,1,1,1
2024-05-20,NATIONAL CITY,,1,1,1,1
2024-05-20,OCEANSIDE,,4,4,4,4
2024-05-20,SAN DIEGO,,15,15,15,15
2024-05-20,SHERIFF,,15,15,15,15
2024-05-21,CHULA VISTA,,2,2,2,2
2024-05-21,EL CAJON,,5,5,5,5
2024-05-21,ESCONDIDO,,6,6,6,6
2024-05-21,HARBOR POLICE,,2,2,2,2
2024-05-21,LA MESA,,3,3,3,3
2024-05-21,NATIONAL CITY,,1,1,1,1
2024-05-21,OCEANSIDE,,2,2,2,2
2024-05-21,SAN DIEGO,,7,7,7,7
2024-05-21,SHERIFF,,23,23,23,23
2024-05-22,CARLSBAD,,1,1,1,1
2024-05-22,CHULA VISTA,,3,3,3,3
2024-05-22,EL CAJON,,1,1,1,1
2024-05-22,ESCONDIDO,,2,2,2,2
2024-05-22,HARBOR POLICE,,3,3,3,3
2024-05-22,LA MESA,,3,3,3,3
2024-05-22,NATIONAL CITY,,3,3,3,3
2024-05-22,OCEANSIDE,,1,1,1,1
2024-05-22,SAN DIEGO,,21,21,21,21
2024-05-22,SHERIFF,,16,16,16,16
2024-05-23,CARLSBAD,,1,1,1,1
2024-05-23,CHULA VISTA,,4,4,4,4
2024-05-23,EL CAJON,,1,1,1,1
2024-05-23,ESCONDIDO,,6,6,6,6
2024-05-23,HARBOR POLICE,,1,1,1,1
2024-05-23,LA MESA,,1,1,1,1
2024-05-23,OCEANSIDE,,1,1,1,1
2024-05-23,SAN DIEGO,,13,13,13,13
2024-05-23,SHERIFF,,15,15,15,15
2024-05-24,CARLSBAD,,2,2,2,2
2024-05-24,CHULA VISTA,,7,7,7,7
2024-05-24,EL CAJON,,1,1,1,1
2024-05-24,ESCONDIDO,,8,8,8,8
2024-05-24,HARBOR POLICE,,2,2,2,2
2024-05-24,LA MESA,,3,3,3,3
2024-05-24,NATIONAL CITY,,1,1,1,1
2024-05-24,OCEANSIDE,,2,2,2,2
2024-05-24,SAN DIEGO,,38,38,38,38
2024-05-24,SHERIFF,,23,23,23,23
2024-05-25,CARLSBAD,,2,2,2,2
2024-05-25,CHULA VISTA,,1,1,1,1
2024-05-25,EL CAJON,,3,3,3,3
2024-05-25,ESCONDIDO,,1,1,1,1
2024-05-25,HARBOR POLICE,,3,3,3,3
2024-05-25,LA MESA,,1,1,1,1
2024-05-25,NATIONAL CITY,,2,2,2,2
2024-05-25,OCEANSIDE,,2,2,2,2
2024-05-25,SAN DIEGO,,29,29,29,29
2024-05-25,SHERIFF,,12,12,12,12
2024-05-26,CARLSBAD,,3,3,3,3
2024-05-26,CHULA VISTA,,1,1,1,1
2024-05-26,EL CAJON,,1,1,1,1
2024-05-26,ESCONDIDO,,5,5,5,5
2024-05-26,HARBOR POLICE,,1,1,1,1
2024-05-26,LA MESA,,1,1,1,1
2024-05-26,OCEANSIDE,,3,3,3,3
2024-05-26,SAN DIEGO,,29,28,29,29
2024-05-26,SHERIFF,,12,12,12,12
2024-05-27,CARLSBAD,,5,5,5,5
2024-05-27,CHULA VISTA,,3,3,3,3
2024-05-27,EL CAJON,,3,3,3,3
2024-05-27,ESCONDIDO,,6,6,6,6
2024-05-27,HARBOR POLICE,,1,1,1,1
2024-05-27,LA MESA,,1,1,1,1
2024-05-27,OCEANSIDE,,3,3,3,3
2024-05-27,SAN DIEGO,,23,22,23,23
2024-05-27,SHERIFF,,9,9,9,9
2024-05-28,CARLSBAD,,3,3,3,3
2024-05-28,CHULA VISTA,,2,2,2,2
2024-05-28,EL CAJON,,4,4,4,4
2024-05-28,ESCONDIDO,,5,5,5,5
2024-05-28,LA MESA,,2,2,2,2
2024-05-28,OCEANSIDE,,4,4,4,4
2024-05-28,SAN DIEGO,,15,15,15,15
2024-05-28,SHERIFF,,16,16,16,16
2024-05-29,CARLSBAD,,1,1,1,1
2024-05-29,CHULA VISTA,,3,3,3,3
2024-05-29,EL CAJON,,1,1,1,1
2024-05-29,ESCONDIDO,,3,3,3,3
2024-05-29,LA MESA,,4,3,4,4
2024-05-29,NATIONAL CITY,,3,2,2,2
2024-05-29,OCEANSIDE,,1,1,1,1
2024-05-29,SAN DIEGO,,12,12,12,12
2024-05-29,SHERIFF,,5,5,5,5
2024-05-30,CARLSBAD,,4,4,4,4
2024-05-30,CHULA VISTA,,4,4,4,4
2024-05-30,EL CAJON,,1,1,1,1
2024-05-30,ESCONDIDO,,6,5,6,6
2024-05-30,OCEANSIDE,,3,3,3,3
2024-05-30,SAN DIEGO,,14,14,14,14
2024-05-30,SHERIFF,,14,14,14,14
2024-05-31,CARLSBAD,,6,6,6,6
2024-05-31,CHULA VISTA,,6,6,6,6
2024-05-31,EL CAJON,,3,3,3,3
2024-05-31,ESCONDIDO,,5,5,5,5
2024-05-31,HARBOR POLICE,,1,1,1,1
2024-05-31,LA MESA,,3,3,3,3
2024-05-31,NATIONAL CITY,,2,2,2,2
2024-05-31,SAN DIEGO,,23,22,23,23
2024-05-31,SHERIFF,,14,14,14,14
2024-06-01,CARLSBAD,,2,2,2,2
2024-06-01,CHULA VISTA,,1,1,1,1
2024-06-01,EL CAJON,,1,1,1,1
2024-06-01,ESCONDIDO,,7,7,7,7
2024-06-01,LA MESA,,1,1,1,1
2024-06-01,NATIONAL CITY,,1,1,1,1
2024-06-01,OCEANSIDE,,3,3,3,3
2024-06-01,SAN DIEGO,,15,15,15,15
2024-06-01,SHERIFF,,15,12,15,13
2024-06-02,CHULA VISTA,,3,3,3,3
2024-06-02,EL CAJON,,3,3,3,3
2024-06-02,ESCONDIDO,,8,6,8,8
2024-06-02,HARBOR POLICE,,2,2,2,2
2024-06-02,NATIONAL CITY,,1,1,1,1
2024-06-02,OCEANSIDE,,2,2,2,2
2024-06-02,SAN DIEGO,,24,24,24,24
2024-06-02,SHERIFF,,8,8,8,8
2024-06-03,CHULA VISTA,,1,1,1,1
2024-06-03,ESCONDIDO,,1,1,1,1
2024-06-03,HARBOR POLICE,,4,4,4,4
2024-06-03,LA MESA,,3,3,3,3
2024-06-03,OCEANSIDE,,3,3,3,3
2024-06-03,SAN DIEGO,,21,20,21,21
2024-06-03,SHERIFF,,19,19,19,19
2024-06-04,CHULA VISTA,,2,2,2,2
2024-06-04,EL CAJON,,2,2,2,2
2024-06-04,ESCONDIDO,,9,9,9,9
2024-06-04,NATIONAL CITY,,1,1,1,1
2024-06-04,OCEANSIDE,,2,2,2,2
2024-06-04,SAN DIEGO,,17,17,17,17
2024-06-04,SHERIFF,,17,17,17,17
2024-06-05,CARLSBAD,,1,1,1,1
2024-06-05,EL CAJON,,2,2,2,2
2024-06-05,ESCONDIDO,,5,5,5,5
2024-06-05,LA MESA,,2,2,2,2
2024-06-05,OCEANSIDE,,3,3,3,3
2024-06-05,SAN DIEGO,,8,8,8,8
2024-06-05,SHERIFF,,19,19,19,19
2024-06-06,CARLSBAD,,1,1,1,1
2024-06-06,EL CAJON,,2,2,2,2
2024-06-06,ESCONDIDO,,3,3,3,3
2024-06-06,LA MESA,,4,4,4,4
2024-06-06,OCEANSIDE,,2,2,2,2
2024-06-06,SAN DIEGO,,14,14,14,14
2024-06-06,SHERIFF,,12,12,12,12
2024-06-07,CARLSBAD,,3,3,3,3
2024-06-07,CHULA VISTA,,2,2,2,2
2024-06-07,EL CAJON,,3,3,3,3
2024-06-07,ESCONDIDO,,6,6,6,6
2024-06-07,LA MESA,,1,1,1,1
2024-06-07,NATIONAL CITY,,1,1,1,1
2024-06-07,OCEANSIDE,,4,4,4,4
2024-06-07,SAN DIEGO,,33,33,33,33
2024-06-07,SHERIFF,,23,23,23,23
2024-06-08,CARLSBAD,,1,1,1,1
2024-06-08,CHULA VISTA,,5,5,5,5
2024-06-08,EL CAJON,,2,2,2,2
2024-06-08,ESCONDIDO,,5,5,5,5
2024-06-08,HARBOR POLICE,,1,1,1,1
2024-06-08,LA MESA,,3,3,3,3
2024-06-08,NATIONAL CITY,,4,4,4,4
2024-06-08,OCEANSIDE,,4,4,4,4
2024-06-08,SAN DIEGO,,30,28,30,30
2024-06-08,SHERIFF,,16,16,16,16
2024-06-09,CARLSBAD,,4,4,4,4
2024-06-09,CHULA VISTA,,2,2,2,2
2024-06-09,EL CAJON,,3,2,3,3
2024-06-09,ESCONDIDO,,3,3,3,3
2024-06-09,HARBOR POLICE,,3,3,3,3
2024-06-09,LA MESA,,3,3,3,3
2024-06-09,NATIONAL CITY,,2,2,2,2
2024-06-09,SAN DIEGO,,24,24,24,24
2024-06-09,SHERIFF,,9,9,9,9
2024-06-10,CARLSBAD,,2,2,2,2
2024-06-10,CHULA VISTA,,5,5,5,5
2024-06-10,EL CAJON,,5,3,5,5
2024-06-10,ESCONDIDO,,4,4,4,4
2024-06-10,NATIONAL CITY,,1,1,1,1
2024-06-10,OCEANSIDE,,5,5,5,5
2024-06-10,SAN DIEGO,,9,9,9,9
2024-06-10,SHERIFF,,16,16,16,16
2024-06-11,CHULA VISTA,,1,1,1,1
2024-06-11,ESCONDIDO,,7,5,7,7
2024-06-11,HARBOR POLICE,,1,1,1,1
2024-06-11,LA MESA,,2,2,2,2
2024-06-11,OCEANSIDE,,2,2,2,2
2024-06-11,SAN DIEGO,,11,11,11,11
2024-06-11,SHERIFF,,11,11,11,11
2024-06-12,CARLSBAD,,1,1,1,1
2024-06-12,CHULA VISTA,,1,1,1,1
2024-06-12,EL CAJON,,1,1,1,1
2024-06-12,ESCONDIDO,,2,2,2,2
2024-06-12,NATIONAL CITY,,2,2,2,2
2024-06-12,OCEANSIDE,,1,1,1,1
2024-06-12,SAN DIEGO,,17,17,17,17
2024-06-12,SHERIFF,,18,18,18,18
2024-06-13,CARLSBAD,,2,2,2,2
2024-06-13,CHULA VISTA,,1,1,1,1
2024-06-13,EL CAJON,,2,2,2,2
2024-06-13,ESCONDIDO,,5,5,5,5
2024-06-13,HARBOR POLICE,,1,1,1,1
2024-06-13,OCEANSIDE,,4,4,4,4
2024-06-13,SAN DIEGO,,21,21,21,21
2024-06-13,SHERIFF,,15,15,15,15
2024-06-14,CHULA VISTA,,9,9,9,9
2024-06-14,EL CAJON,,2,2,2,2
2024-06-14,ESCONDIDO,,9,9,9,9
2024-06-14,HARBOR POLICE,,1,1,1,1
2024-06-14,LA MESA,,2,2,2,2
2024-06-14,NATIONAL CITY,,1,1,1,1
2024-06-14,OCEANSIDE,,6,6,6,6
2024-06-14,SAN DIEGO,,17,16,17,17
2024-06-14,SHERIFF,,18,17,18,18
2024-06-15,CARLSBAD,,3,3,3,3
2024-06-15,CHULA VISTA,,10,10,10,10
2024-06-15,EL CAJON,,1,1,1,1
2024-06-15,ESCONDIDO,,6,6,6,6
2024-06-15,HARBOR POLICE,,1,1,1,1
2024-06-15,LA MESA,,3,3,3,3
2024-06-15,NATIONAL CITY,,3,3,3,3
2024-06-15,OCEANSIDE,,3,3,3,3
2024-06-15,SAN DIEGO,,29,28,29,29
2024-06-15,SHERIFF,,13,13,13,13
2024-06-16,CARLSBAD,,3,3,3,3
2024-06-16,CHULA VISTA,,2,2,2,2
2024-06-16,ESCONDIDO,,4,4,4,4
2024-06-16,LA MESA,,3,3,3,3
2024-06-16,NATIONAL CITY,,3,3,3,3
2024-06-16,OCEANSIDE,,5,5,5,5
2024-06-16,SAN DIEGO,,31,31,31,31
2024-06-16,SHERIFF,,16,16,16,16
2024-06-17,CARLSBAD,,2,2,2,2
2024-06-17,CHULA VISTA,,2,2,2,2
2024-06-17,EL CAJON,,1,1,1,1
2024-06-17,ESCONDIDO,,2,2,2,2
2024-06-17,HARBOR POLICE,,3,3,3,3
2024-06-17,LA MESA,,3,3,3,3
2024-06-17,NATIONAL CITY,,3,3,3,3
2024-06-17,OCEANSIDE,,2,2,2,2
2024-06-17,SAN DIEGO,,24,23,24,24
2024-06-17,SHERIFF,,17,17,17,17
2024-06-18,CARLSBAD,,3,3,3,3
2024-06-18,CHULA VISTA,,3,3,3,3
2024-06-18,EL CAJON,,2,2,2,2
2024-06-18,ESCONDIDO,,3,3,3,3
2024-06-18,HARBOR POLICE,,1,1,1,1
2024-06-18,LA MESA,,1,1,1,1
2024-06-18,NATIONAL CITY,,2,2,2,2
2024-06-18,OCEANSIDE,,3,3,3,3
2024-06-18,SAN DIEGO,,15,14,15,15
2024-06-18,SHERIFF,,26,21,26,26
2024-06-19,CARLSBAD,,3,3,3,3
2024-06-19,CHULA VISTA,,1,1,1,1
2024-06-19,EL CAJON,,2,2,2,2
2024-06-19,ESCONDIDO,,7,7,7,7
2024-06-19,LA MESA,,1,1,1,1
2024-06-19,NATIONAL CITY,,1,1,1,1
2024-06-19,OCEANSIDE,,2,2,2,2
2024-06-19,SAN DIEGO,,14,14,14,14
2024-06-19,SHERIFF,,7,6,7,7
2024-06-20,CHULA VISTA,,4,4,4,4
2024-06-20,EL CAJON,,3,3,3,3
2024-06-20,ESCONDIDO,,2,2,2,2
2024-06-20,LA MESA,,2,2,2,2
2024-06-20,NATIONAL CITY,,2,2,2,2
2024-06-20,OCEANSIDE,,2,2,2,2
2024-06-20,SAN DIEGO,,19,18,19,19
2024-06-20,SHERIFF,,15,15,15,15
2024-06-21,CARLSBAD,,7,6,7,7
2024-06-21,CHULA VISTA,,2,2,2,2
2024-06-21,EL CAJON,,7,5,7,7
2024-06-21,ESCONDIDO,,5,5,5,5
2024-06-21,HARBOR POLICE,,1,1,1,1
2024-06-21,OCEANSIDE,,2,2,2,2
2024-06-21,SAN DIEGO,,18,18,18,18
2024-06-21,SHERIFF,,17,17,17,17
2024-06-22,CARLSBAD,,3,3,3,3
2024-06-22,CHULA VISTA,,4,4,4,4
2024-06-22,EL CAJON,,12,8,12,12
2024-06-22,ESCONDIDO,,6,6,6,6
2024-06-22,OCEANSIDE,,2,2,2,2
2024-06-22,SAN DIEGO,,28,27,28,28
2024-06-22,SHERIFF,,9,8,9,9
2024-06-23,CARLSBAD,,4,4,4,4
2024-06-23,CHULA VISTA,,10,8,10,10
2024-06-23,EL CAJON,,19,9,19,19
2024-06-23,ESCONDIDO,,4,4,4,4
2024-06-23,HARBOR POLICE,,2,2,2,2
2024-06-23,LA MESA,,1,1,1,1
2024-06-23,NATIONAL CITY,,1,1,1,1
2024-06-23,OCEANSIDE,,2,2,2,2
2024-06-23,SAN DIEGO,,20,20,20,20
2024-06-23,SHERIFF,,18,16,18,18
2024-06-24,CARLSBAD,,1,1,1,1
2024-06-24,EL CAJON,,4,4,4,4
2024-06-24,ESCONDIDO,,2,2,2,2
2024-06-24,HARBOR POLICE,,2,2,2,2
2024-06-24,NATIONAL CITY,,4,4,4,4
2024-06-24,OCEANSIDE,,2,2,2,2
2024-06-24,SAN DIEGO,,13,12,13,13
2024-06-24,SHERIFF,,12,12,12,12
2024-06-25,CARLSBAD,,1,1,1,1
2024-06-25,CHULA VISTA,,4,3,4,4
2024-06-25,EL CAJON,,1,1,1,1
2024-06-25,ESCONDIDO,,4,4,4,4
2024-06-25,HARBOR POLICE,,1,1,1,1
2024-06-25,LA MESA,,2,2,2,2
2024-06-25,OCEANSIDE,,1,1,1,1
2024-06-25,SAN DIEGO,,21,20,20,20
2024-06-25,SHERIFF,,20,20,20,20
2024-06-26,CARLSBAD,,1,1,1,1
2024-06-26,CHULA VISTA,,6,6,6,6
2024-06-26,EL CAJON,,1,1,1,1
2024-06-26,ESCONDIDO,,5,5,5,5
2024-06-26,HARBOR POLICE,,1,1,1,1
2024-06-26,LA MESA,,1,1,1,1
2024-06-26,NATIONAL CITY,,2,2,2,2
2024-06-26,OCEANSIDE,,2,2,2,2
2024-06-26,SAN DIEGO,,13,13,13,13
2024-06-26,SHERIFF,,15,13,14,14
2024-06-27,CARLSBAD,,1,1,1,1
2024-06-27,CHULA VISTA,,5,5,5,5
2024-06-27,EL CAJON,,3,2,3,3
2024-06-27,ESCONDIDO,,3,3,3,3
2024-06-27,OCEANSIDE,,5,5,5,5
2024-06-27,SAN DIEGO,,22,21,22,22
2024-06-27,SHERIFF,,15,15,15,15
2024-06-28,CARLSBAD,,2,2,2,2
2024-06-28,CHULA VISTA,,9,9,9,9
2024-06-28,ESCONDIDO,,6,5,6,6
2024-06-28,LA MESA,,1,1,1,1
2024-06-28,OCEANSIDE,,1,1,1,1
2024-06-28,SAN DIEGO,,32,32,32,32
2024-06-28,SHERIFF,,21,21,21,21
2024-06-29,CARLSBAD,,4,4,4,4
2024-06-29,CHULA VISTA,,3,3,3,3
2024-06-29,EL CAJON,,6,5,6,6
2024-06-29,ESCONDIDO,,9,9,9,9
2024-06-29,HARBOR POLICE,,2,2,2,2
2024-06-29,LA MESA,,2,2,2,2
2024-06-29,NATIONAL CITY,,1,1,1,1
2024-06-29,OCEANSIDE,,3,3,3,3
2024-06-29,SAN DIEGO,,34,33,34,34
2024-06-29,SHERIFF,,22,22,22,22
2024-06-30,CARLSBAD,,4,4,4,4
2024-06-30,CHULA VISTA,,5,5,5,5
2024-06-30,EL CAJON,,2,2,2,2
2024-06-30,ESCONDIDO,,5,4,5,5
2024-06-30,HARBOR POLICE,,1,1,1,1
2024-06-30,LA MESA,,1,1,1,1
2024-06-30,OCEANSIDE,,4,4,4,4
2024-06-30,SAN DIEGO,,25,25,25,25
2024-06-30,SHERIFF,,7,7,7,7
2024-07-01,CARLSBAD,,3,3,3,3
2024-07-01,CHULA VISTA,,1,1,1,1
2024-07-01,ESCONDIDO,,4,4,4,4
2024-07-01,LA MESA,,1,1,1,1
2024-07-01,NATIONAL CITY,,1,1,1,1
2024-07-01,OCEANSIDE,,1,1,1,1
2024-07-01,SAN DIEGO,,16,16,16,16
2024-07-01,SHERIFF,,20,20,20,20
2024-07-02,CARLSBAD,,2,2,2,2
2024-07-02,CHULA VISTA,,5,4,5,5
2024-07-02,EL CAJON,,3,3,3,3
2024-07-02,ESCONDIDO,,5,5,5,5
2024-07-02,HARBOR POLICE,,1,1,1,1
2024-07-02,NATIONAL CITY,,2,2,2,2
2024-07-02,OCEANSIDE,,5,4,5,5
2024-07-02,SAN DIEGO,,13,13,13,13
2024-07-02,SHERIFF,,24,24,24,24
2024-07-03,CARLSBAD,,1,1,1,1
2024-07-03,CHULA VISTA,,3,2,3,3
2024-07-03,EL CAJON,,2,2,2,2
2024-07-03,ESCONDIDO,,1,1,1,1
2024-07-03,HARBOR POLICE,,2,2,2,2
2024-07-03,LA MESA,,3,3,3,3
2024-07-03,NATIONAL CITY,,2,2,2,2
2024-07-03,OCEANSIDE,,1,1,1,1
2024-07-03,SAN DIEGO,,19,19,19,19
2024-07-03,SHERIFF,,12,12,12,12
2024-07-04,CARLSBAD,,3,3,3,3
2024-07-04,CHULA VISTA,,2,2,2,2
2024-07-04,EL CAJON,,2,2,2,2
2024-07-04,ESCONDIDO,,6,6,6,6
2024-07-04,HARBOR POLICE,,2,2,2,2
2024-07-04,LA MESA,,1,1,1,1
2024-07-04,NATIONAL CITY,,1,1,1,1
2024-07-04,OCEANSIDE,,2,2,2,2
2024-07-04,SAN DIEGO,,28,25,28,28
2024-07-04,SHERIFF,,11,11,11,11
2024-07-05,CHULA VISTA,,4,2,4,4
2024-07-05,EL CAJON,,2,2,2,2
2024-07-05,ESCONDIDO,,9,8,9,9
2024-07-05,HARBOR POLICE,,1,1,1,1
2024-07-05,LA MESA,,3,3,3,3
2024-07-05,NATIONAL CITY,,1,1,1,1
2024-07-05,OCEANSIDE,,4,4,4,4
2024-07-05,SAN DIEGO,,19,19,19,19
2024-07-05,SHERIFF,,15,15,15,15
2024-07-06,CHULA VISTA,,5,5,5,5
2024-07-06,ESCONDIDO,,7,7,7,7
2024-07-06,HARBOR POLICE,,1,1,1,1
2024-07-06,NATIONAL CITY,,2,1,2,2
2024-07-06,SAN DIEGO,,35,34,34,34
2024-07-06,SHERIFF,,20,19,20,20
2024-07-07,CARLSBAD,,7,7,7,7
2024-07-07,CHULA VISTA,,4,4,4,4
2024-07-07,EL CAJON,,3,3,3,3
2024-07-07,ESCONDIDO,,2,2,2,2
2024-07-07,HARBOR POLICE,,1,1,1,1
2024-07-07,LA MESA,,3,3,3,3
2024-07-07,OCEANSIDE,,1,1,1,1
2024-07-07,SAN DIEGO,,22,22,22,22
2024-07-07,SHERIFF,,10,10,10,10
2024-07-08,CARLSBAD,,2,2,2,2
2024-07-08,CHULA VISTA,,2,2,2,2
2024-07-08,ESCONDIDO,,3,3,3,3
2024-07-08,HARBOR POLICE,,2,2,2,2
2024-07-08,LA MESA,,1,1,1,1
2024-07-08,NATIONAL CITY,,1,1,1,1
2024-07-08,OCEANSIDE,,1,1,1,1
2024-07-08,SAN DIEGO,,19,16,19,19
2024-07-08,SHERIFF,,24,24,24,24
2024-07-09,CARLSBAD,,1,1,1,1
2024-07-09,CHULA VISTA,,2,2,2,2
2024-07-09,EL CAJON,,3,3,3,3
2024-07-09,ESCONDIDO,,4,4,4,4
2024-07-09,HARBOR POLICE,,3,3,3,3
2024-07-09,LA MESA,,1,1,1,1
2024-07-09,NATIONAL CITY,,1,1,1,1
2024-07-09,OCEANSIDE,,2,2,2,2
2024-07-09,SAN DIEGO,,17,16,17,16
2024-07-09,SHERIFF,,12,12,12,12
2024-07-10,CHULA VISTA,,1,1,1,1
2024-07-10,EL CAJON,,3,3,3,3
2024-07-10,HARBOR POLICE,,1,1,1,1
2024-07-10,LA MESA,,4,4,4,4
2024-07-10,OCEANSIDE,,1,1,1,1
2024-07-10,SAN DIEGO,,18,17,18,18
2024-07-10,SHERIFF,,13,13,13,13
2024-07-11,CARLSBAD,,1,1,1,1
2024-07-11,ESCONDIDO,,3,3,3,3
2024-07-11,HARBOR POLICE,,1,1,1,1
2024-07-11,LA MESA,,1,1,1,1
2024-07-11,NATIONAL CITY,,2,2,2,2
2024-07-11,OCEANSIDE,,2,2,2,2
2024-07-11,SAN DIEGO,,19,12,19,19
2024-07-11,SHERIFF,,9,9,9,9
2024-07-12,CARLSBAD,,2,2,2,2
2024-07-12,CHULA VISTA,,7,7,7,7
2024-07-12,EL CAJON,,2,2,2,2
2024-07-12,ESCONDIDO,,2,2,2,2
2024-07-12,HARBOR POLICE,,2,2,2,2
2024-07-12,LA MESA,,1,1,1,1
2024-07-12,NATIONAL CITY,,2,2,2,2
2024-07-12,OCEANSIDE,,3,3,3,3
2024-07-12,SAN DIEGO,,25,25,25,25
2024-07-12,SHERIFF,,20,20,20,20
2024-07-13,CARLSBAD,,3,3,3,3
2024-07-13,CHULA VISTA,,5,5,5,5
2024-07-13,EL CAJON,,3,1,3,2
2024-07-13,ESCONDIDO,,6,6,6,6
2024-07-13,HARBOR POLICE,,3,3,3,3
2024-07-13,NATIONAL CITY,,1,1,1,1
2024-07-13,OCEANSIDE,,4,4,4,4
2024-07-13,SAN DIEGO,,27,27,27,27
2024-07-13,SHERIFF,,11,11,11,11
2024-07-14,CHULA VISTA,,3,3,3,3
2024-07-14,EL CAJON,,2,2,2,2
2024-07-14,ESCONDIDO,,4,4,4,4
2024-07-14,HARBOR POLICE,,3,3,3,3
2024-07-14,OCEANSIDE,,2,2,2,2
2024-07-14,SAN DIEGO,,31,31,31,31
2024-07-14,SHERIFF,,8,8,8,8
2024-07-15,CARLSBAD,,3,3,3,3
2024-07-15,CHULA VISTA,,3,3,3,3
2024-07-15,EL CAJON,,4,4,4,4
2024-07-15,ESCONDIDO,,5,5,5,5
2024-07-15,HARBOR POLICE,,2,2,2,2
2024-07-15,OCEANSIDE,,1,1,1,1
2024-07-15,SAN DIEGO,,14,14,14,14
2024-07-15,SHERIFF,,12,12,12,12
2024-07-16,CARLSBAD,,1,1,1,1
2024-07-16,CHULA VISTA,,3,3,3,3
2024-07-16,EL CAJON,,2,2,2,2
2024-07-16,ESCONDIDO,,4,4,4,4
2024-07-16,HARBOR POLICE,,5,3,5,4
2024-07-16,LA MESA,,2,2,2,2
2024-07-16,NATIONAL CITY,,1,1,1,1
2024-07-16,OCEANSIDE,,4,4,4,4
2024-07-16,SAN DIEGO,,14,13,13,13
2024-07-16,SHERIFF,,9,9,9,9
2024-07-17,CARLSBAD,,2,2,2,2
2024-07-17,CHULA VISTA,,1,1,1,1
2024-07-17,EL CAJON,,1,1,1,1
2024-07-17,ESCONDIDO,,3,3,3,3
2024-07-17,HARBOR POLICE,,2,2,2,2
2024-07-17,LA MESA,,1,1,1,1
2024-07-17,NATIONAL CITY,,2,2,2,2
2024-07-17,OCEANSIDE,,2,2,2,2
2024-07-17,SAN DIEGO,,18,18,18,18
2024-07-17,SHERIFF,,14,14,14,14
2024-07-18,CARLSBAD,,4,4,4,4
2024-07-18,CHULA VISTA,,3,3,3,3
2024-07-18,EL CAJON,,1,1,1,1
2024-07-18,ESCONDIDO,,2,2,2,2
2024-07-18,LA MESA,,3,3,3,3
2024-07-18,NATIONAL CITY,,1,1,1,1
2024-07-18,SAN DIEGO,,19,19,19,19
2024-07-18,SHERIFF,,13,13,13,13
2024-07-19,CHULA VISTA,,1,1,1,1
2024-07-19,ESCONDIDO,,2,2,2,2
2024-07-19,HARBOR POLICE,,2,2,2,2
2024-07-19,LA MESA,,1,1,1,1
2024-07-19,OCEANSIDE,,1,1,1,1
2024-07-19,SAN DIEGO,,14,13,14,14
2024-07-19,SHERIFF,,8,7,8,8
2024-07-20,CARLSBAD,,1,1,1,1
2024-07-20,CHULA VISTA,,4,4,4,4
2024-07-20,EL CAJON,,1,1,1,1
2024-07-20,ESCONDIDO,,7,7,7,7
2024-07-20,HARBOR POLICE,,1,1,1,1
2024-07-20,LA MESA,,2,2,2,2
2024-07-20,NATIONAL CITY,,2,2,2,2
2024-07-20,OCEANSIDE,,1,1,1,1
2024-07-20,SAN DIEGO,,25,25,25,25
2024-07-20,SHERIFF,,13,13,13,13
2024-07-21,CARLSBAD,,1,1,1,1
2024-07-21,CHULA VISTA,,2,2,2,2
2024-07-21,EL CAJON,,4,3,4,4
2024-07-21,ESCONDIDO,,2,2,2,2
2024-07-21,LA MESA,,1,1,1,1
2024-07-21,SAN DIEGO,,30,30,30,30
2024-07-21,SHERIFF,,7,7,7,7
2024-07-22,CARLSBAD,,1,1,1,1
2024-07-22,EL CAJON,,1,1,1,1
2024-07-22,ESCONDIDO,,3,3,3,3
2024-07-22,NATIONAL CITY,,1,1,1,1
2024-07-22,OCEANSIDE,,1,1,1,1
2024-07-22,SAN DIEGO,,14,14,14,14
2024-07-22,SHERIFF,,9,9,9,9
2024-07-23,CARLSBAD,,2,2,2,2
2024-07-23,CHULA VISTA,,2,2,2,2
2024-07-23,EL CAJON,,1,1,1,1
2024-07-23,ESCONDIDO,,4,4,4,4
2024-07-23,HARBOR POLICE,,2,2,2,2
2024-07-23,LA MESA,,1,1,1,1
2024-07-23,NATIONAL CITY,,2,2,2,2
2024-07-23,OCEANSIDE,,3,3,3,3
2024-07-23,SAN DIEGO,,9,9,9,9
2024-07-23,SHERIFF,,15,15,15,15
2024-07-24,CARLSBAD,,3,3,3,3
2024-07-24,CHULA VISTA,,3,3,3,3
2024-07-24,EL CAJON,,13,6,13,13
2024-07-24,ESCONDIDO,,4,4,4,4
2024-07-24,HARBOR POLICE,,1,1,1,1
2024-07-24,NATIONAL CITY,,1,1,1,1
2024-07-24,OCEANSIDE,,2,2,2,2
2024-07-24,SAN DIEGO,,19,19,19,19
2024-07-24,SHERIFF,,9,9,9,9
2024-07-25,CARLSBAD,,1,1,1,1
2024-07-25,CHULA VISTA,,1,1,1,1
2024-07-25,EL CAJON,,1,1,1,1
2024-07-25,ESCONDIDO,,5,5,5,5
2024-07-25,HARBOR POLICE,,2,2,2,2
2024-07-25,LA MESA,,2,2,2,2
2024-07-25,NATIONAL CITY,,1,1,1,1
2024-07-25,OCEANSIDE,,2,2,2,2
2024-07-25,SAN DIEGO,,23,23,23,23
2024-07-25,SHERIFF,,14,13,14,14
2024-07-26,CARLSBAD,,1,1,1,1
2024-07-26,CHULA VISTA,,5,5,5,5
2024-07-26,EL CAJON,,13,8,13,12
2024-07-26,ESCONDIDO,,4,4,4,4
2024-07-26,NATIONAL CITY,,1,1,1,1
2024-07-26,OCEANSIDE,,3,3,3,3
2024-07-26,SAN DIEGO,,20,20,20,20
2024-07-26,SHERIFF,,20,20,20,20
2024-07-27,CARLSBAD,,2,2,2,2
2024-07-27,CHULA VISTA,,5,5,5,5
2024-07-27,EL CAJON,,1,1,1,1
2024-07-27,ESCONDIDO,,3,3,3,3
2024-07-27,HARBOR POLICE,,1,1,1,1
2024-07-27,LA MESA,,1,1,1,1
2024-07-27,OCEANSIDE,,4,4,4,4
2024-07-27,SAN DIEGO,,20,20,20,20
2024-07-27,SHERIFF,,25,24,25,25
2024-07-28,CARLSBAD,,6,6,6,6
2024-07-28,CHULA VISTA,,4,4,4,4
2024-07-28,ESCONDIDO,,5,5,5,5
2024-07-28,HARBOR POLICE,,1,1,1,1
2024-07-28,LA MESA,,1,1,1,1
2024-07-28,NATIONAL CITY,,1,1,1,1
2024-07-28,OCEANSIDE,,1,1,1,1
2024-07-28,SAN DIEGO,,22,22,22,22
2024-07-28,SHERIFF,,11,11,11,11
2024-07-29,CARLSBAD,,1,1,1,1
2024-07-29,EL CAJON,,1,1,1,1
2024-07-29,ESCONDIDO,,11,11,11,11
2024-07-29,HARBOR POLICE,,1,1,1,1
2024-07-29,OCEANSIDE,,1,1,1,1
2024-07-29,SAN DIEGO,,24,24,24,24
2024-07-29,SHERIFF,,14,14,14,14
2024-07-30,CARLSBAD,,1,1,1,1
2024-07-30,CHULA VISTA,,3,3,3,3
2024-07-30,EL CAJON,,1,1,1,1
2024-07-30,ESCONDIDO,,9,9,9,9
2024-07-30,NATIONAL CITY,,1,1,1,1
2024-07-30,OCEANSIDE,,2,2,2,2
2024-07-30,SAN DIEGO,,19,19,19,19
2024-07-30,SHERIFF,,16,16,16,16
2024-07-31,CARLSBAD,,1,1,1,1
2024-07-31,CHULA VISTA,,5,3,5,5
2024-07-31,EL CAJON,,2,2,2,2
2024-07-31,ESCONDIDO,,5,5,5,5
2024-07-31,LA MESA,,2,2,2,2
2024-07-31,NATIONAL CITY,,2,2,2,2
2024-07-31,OCEANSIDE,,1,1,1,1
2024-07-31,SAN DIEGO,,20,19,20,20
2024-07-31,SHERIFF,,13,13,13,13
2024-08-01,EL CAJON,,1,1,1,1
2024-08-01,ESCONDIDO,,6,6,6,6
2024-08-01,HARBOR POLICE,,1,1,1,1
2024-08-01,NATIONAL CITY,,1,1,1,1
2024-08-01,OCEANSIDE,,2,2,2,2
2024-08-01,SAN DIEGO,,21,21,21,21
2024-08-01,SHERIFF,,15,15,15,15
2024-08-02,CARLSBAD,,1,1,1,1
2024-08-02,CHULA VISTA,,4,4,4,4
2024-08-02,EL CAJON,,4,3,4,4
2024-08-02,ESCONDIDO,,4,4,4,4
2024-08-02,HARBOR POLICE,,2,2,2,2
2024-08-02,LA MESA,,3,3,3,3
2024-08-02,NATIONAL CITY,,2,2,2,2
2024-08-02,OCEANSIDE,,4,4,4,4
2024-08-02,SAN DIEGO,,37,32,37,37
2024-08-02,SHERIFF,,21,21,21,21
2024-08-03,CARLSBAD,,3,3,3,3
2024-08-03,CHULA VISTA,,5,5,5,5
2024-08-03,EL CAJON,,2,2,2,2
2024-08-03,ESCONDIDO,,7,6,7,7
2024-08-03,LA MESA,,2,2,2,2
2024-08-03,NATIONAL CITY,,1,1,1,1
2024-08-03,OCEANSIDE,,4,4,4,4
2024-08-03,SAN DIEGO,,34,32,33,33
2024-08-03,SHERIFF,,13,13,13,13
2024-08-04,CHULA VISTA,,6,6,6,6
2024-08-04,EL CAJON,,2,2,2,2
2024-08-04,ESCONDIDO,,6,6,6,6
2024-08-04,HARBOR POLICE,,1,1,1,1
2024-08-04,LA MESA,,3,3,3,3
2024-08-04,OCEANSIDE,,3,3,3,3
2024-08-04,SAN DIEGO,,26,26,26,26
2024-08-04,SHERIFF,,15,15,15,15
2024-08-05,CARLSBAD,,1,1,1,1
2024-08-05,CHULA VISTA,,2,2,2,2
2024-08-05,EL CAJON,,2,2,2,2
2024-08-05,ESCONDIDO,,5,5,5,5
2024-08-05,HARBOR POLICE,,1,1,1,1
2024-08-05,LA MESA,,4,4,4,4
2024-08-05,OCEANSIDE,,1,1,1,1
2024-08-05,SAN DIEGO,,15,15,15,15
2024-08-05,SHERIFF,,14,14,14,14
2024-08-06,CARLSBAD,,3,3,3,3
2024-08-06,EL CAJON,,4,4,4,4
2024-08-06,ESCONDIDO,,3,2,3,3
2024-08-06,HARBOR POLICE,,3,3,3,3
2024-08-06,NATIONAL CITY,,1,1,1,1
2024-08-06,OCEANSIDE,,1,1,1,1
2024-08-06,SAN DIEGO,,11,11,11,11
2024-08-06,SHERIFF,,14,14,14,14
2024-08-07,CARLSBAD,,1,1,1,1
2024-08-07,CHULA VISTA,,1,1,1,1
2024-08-07,EL CAJON,,3,3,3,3
2024-08-07,ESCONDIDO,,7,7,7,7
2024-08-07,HARBOR POLICE,,1,1,1,1
2024-08-07,NATIONAL CITY,,3,2,3,3
2024-08-07,OCEANSIDE,,1,1,1,1
2024-08-07,SAN DIEGO,,13,13,13,13
2024-08-07,SHERIFF,,12,12,12,12
2024-08-08,CARLSBAD,,2,2,2,2
2024-08-08,CHULA VISTA,,9,7,8,8
2024-08-08,EL CAJON,,5,3,5,5
2024-08-08,ESCONDIDO,,6,6,6,6
2024-08-08,HARBOR POLICE,,1,1,1,1
2024-08-08,LA MESA,,1,1,1,1
2024-08-08,OCEANSIDE,,3,3,3,3
2024-08-08,SAN DIEGO,,14,13,13,13
2024-08-08,SHERIFF,,12,12,12,12
2024-08-09,CARLSBAD,,6,6,6,6
2024-08-09,CHULA VISTA,,8,7,8,7
2024-08-09,EL CAJON,,3,3,3,3
2024-08-09,ESCONDIDO,,9,6,9,9
2024-08-09,HARBOR POLICE,,2,2,2,2
2024-08-09,LA MESA,,3,2,3,3
2024-08-09,NATIONAL CITY,,1,1,1,1
2024-08-09,OCEANSIDE,,2,2,2,2
2024-08-09,SAN DIEGO,,14,14,14,14
2024-08-09,SHERIFF,,8,8,8,8
2024-08-10,CARLSBAD,,2,2,2,2
2024-08-10,CHULA VISTA,,3,3,3,3
2024-08-10,EL CAJON,,5,4,4,4
2024-08-10,ESCONDIDO,,6,6,6,6
2024-08-10,HARBOR POLICE,,3,3,3,3
2024-08-10,LA MESA,,5,5,5,5
2024-08-10,OCEANSIDE,,2,2,2,2
2024-08-10,SAN DIEGO,,36,35,36,36
2024-08-10,SHERIFF,,11,11,11,11
2024-08-11,CARLSBAD,,2,2,2,2
2024-08-11,CHULA VISTA,,6,6,6,6
2024-08-11,EL CAJON,,6,4,6,6
2024-08-11,ESCONDIDO,,5,5,5,5
2024-08-11,HARBOR POLICE,,1,1,1,1
2024-08-11,LA MESA,,3,2,3,3
2024-08-11,OCEANSIDE,,1,1,1,1
2024-08-11,SAN DIEGO,,17,17,17,17
2024-08-11,SHERIFF,,9,9,9,9
2024-08-12,CARLSBAD,,5,5,5,5
2024-08-12,CHULA VISTA,,3,3,3,3
2024-08-12,EL CAJON,,3,3,3,3
2024-08-12,ESCONDIDO,,2,2,2,2
2024-08-12,HARBOR POLICE,,4,4,4,4
2024-08-12,LA MESA,,1,1,1,1
2024-08-12,OCEANSIDE,,7,7,7,7
2024-08-12,SAN DIEGO,,19,19,19,19
2024-08-12,SHERIFF,,14,13,14,14
2024-08-13,CARLSBAD,,3,3,3,3
2024-08-13,CHULA VISTA,,2,2,2,2
2024-08-13,EL CAJON,,2,2,2,2
2024-08-13,ESCONDIDO,,2,2,2,2
2024-08-13,HARBOR POLICE,,1,1,1,1
2024-08-13,LA MESA,,2,2,2,2
2024-08-13,NATIONAL CITY,,1,1,1,1
2024-08-13,OCEANSIDE,,2,2,2,2
2024-08-13,SAN DIEGO,,12,12,12,12
2024-08-13,SHERIFF,,11,11,11,11
2024-08-14,CARLSBAD,,3,3,3,3
2024-08-14,CHULA VISTA,,2,2,2,2
2024-08-14,ESCONDIDO,,5,5,5,5
2024-08-14,HARBOR POLICE,,1,1,1,1
2024-08-14,LA MESA,,1,1,1,1
2024-08-14,NATIONAL CITY,,1,1,1,1
2024-08-14,OCEANSIDE,,2,1,2,2
2024-08-14,SAN DIEGO,,20,20,20,20
2024-08-14,SHERIFF,,16,16,16,16
2024-08-15,CARLSBAD,,3,3,3,3
2024-08-15,CHULA VISTA,,8,6,8,8
2024-08-15,EL CAJON,,3,3,3,3
2024-08-15,ESCONDIDO,,4,4,4,4
2024-08-15,HARBOR POLICE,,1,1,1,1
2024-08-15,NATIONAL CITY,,4,4,4,4
2024-08-15,OCEANSIDE,,1,1,1,1
2024-08-15,SAN DIEGO,,25,25,25,25
2024-08-15,SHERIFF,,5,5,5,5
2024-08-16,CARLSBAD,,4,4,4,4
2024-08-16,CHULA VISTA,,2,2,2,2
2024-08-16,EL CAJON,,3,3,3,3
2024-08-16,ESCONDIDO,,3,3,3,3
2024-08-16,HARBOR POLICE,,4,4,4,4
2024-08-16,LA MESA,,1,1,1,1
2024-08-16,NATIONAL CITY,,2,2,2,2
2024-08-16,OCEANSIDE,,4,4,4,4
2024-08-16,SAN DIEGO,,23,23,23,23
2024-08-16,SHERIFF,,17,17,17,17
2024-08-17,CHULA VISTA,,7,7,7,7
2024-08-17,EL CAJON,,2,2,2,2
2024-08-17,ESCONDIDO,,4,4,4,4
2024-08-17,HARBOR POLICE,,1,1,1,1
2024-08-17,LA MESA,,1,1,1,1
2024-08-17,NATIONAL CITY,,3,3,3,3
2024-08-17,OCEANSIDE,,2,2,2,2
2024-08-17,SAN DIEGO,,33,32,33,33
2024-08-17,SHERIFF,,20,20,20,20
2024-08-18,CARLSBAD,,1,1,1,1
2024-08-18,CHULA VISTA,,2,2,2,2
2024-08-18,EL CAJON,,4,4,4,4
2024-08-18,ESCONDIDO,,3,3,3,3
2024-08-18,HARBOR POLICE,,1,1,1,1
2024-08-18,LA MESA,,4,4,4,4
2024-08-18,OCEANSIDE,,4,4,4,4
2024-08-18,SAN DIEGO,,32,31,32,32
2024-08-18,SHERIFF,,10,10,10,10
2024-08-19,CARLSBAD,,4,4,4,4
2024-08-19,CHULA VISTA,,5,5,5,5
2024-08-19,EL CAJON,,2,2,2,2
2024-08-19,ESCONDIDO,,11,11,11,11
2024-08-19,LA MESA,,1,1,1,1
2024-08-19,NATIONAL CITY,,3,3,3,3
2024-08-19,OCEANSIDE,,1,1,1,1
2024-08-19,SAN DIEGO,,17,17,17,17
2024-08-19,SHERIFF,,14,14,14,14
2024-08-20,CARLSBAD,,1,1,1,1
2024-08-20,CHULA VISTA,,2,2,2,2
2024-08-20,EL CAJON,,1,1,1,1
2024-08-20,ESCONDIDO,,3,3,3,3
2024-08-20,HARBOR POLICE,,2,2,2,2
2024-08-20,NATIONAL CITY,,1,1,1,1
2024-08-20,OCEANSIDE,,2,2,2,2
2024-08-20,SAN DIEGO,,12,12,12,12
2024-08-20,SHERIFF,,13,13,13,13
2024-08-21,CARLSBAD,,3,3,3,3
2024-08-21,CHULA VISTA,,1,1,1,1
2024-08-21,EL CAJON,,2,2,2,2
2024-08-21,ESCONDIDO,,3,3,3,3
2024-08-21,HARBOR POLICE,,1,1,1,1
2024-08-21,LA MESA,,1,1,1,1
2024-08-21,NATIONAL CITY,,3,2,3,3
2024-08-21,OCEANSIDE,,5,5,5,5
2024-08-21,SAN DIEGO,,15,15,15,15
2024-08-21,SHERIFF,,13,13,13,13
2024-08-22,CHULA VISTA,,2,2,2,2
2024-08-22,EL CAJON,,6,5,6,6
2024-08-22,ESCONDIDO,,6,6,6,6
2024-08-22,HARBOR POLICE,,1,1,1,1
2024-08-22,NATIONAL CITY,,2,2,2,2
2024-08-22,OCEANSIDE,,7,7,7,7
2024-08-22,SAN DIEGO,,18,18,18,18
2024-08-22,SHERIFF,,15,15,15,15
2024-08-23,CARLSBAD,,3,3,3,3
2024-08-23,CHULA VISTA,,5,5,5,5
2024-08-23,EL CAJON,,4,3,4,4
2024-08-23,ESCONDIDO,,4,4,4,4
2024-08-23,OCEANSIDE,,3,3,3,3
2024-08-23,SAN DIEGO,,28,26,27,27
2024-08-23,SHERIFF,,15,15,15,15
2024-08-24,CARLSBAD,,5,5,5,5
2024-08-24,CHULA VISTA,,9,8,9,9
2024-08-24,ESCONDIDO,,11,10,11,11
2024-08-24,LA MESA,,1,1,1,1
2024-08-24,NATIONAL CITY,,3,3,3,3
2024-08-24,SAN DIEGO,,30,30,30,30
2024-08-24,SHERIFF,,9,8,9,9
2024-08-25,CARLSBAD,,3,3,3,3
2024-08-25,CHULA VISTA,,6,6,6,6
2024-08-25,EL CAJON,,3,3,3,3
2024-08-25,ESCONDIDO,,7,7,7,7
2024-08-25,HARBOR POLICE,,4,4,4,4
2024-08-25,LA MESA,,2,2,2,2
2024-08-25,OCEANSIDE,,2,2,2,2
2024-08-25,SAN DIEGO,,37,36,37,37
2024-08-25,SHERIFF,,10,10,10,10
2024-08-26,CARLSBAD,,2,2,2,2
2024-08-26,CHULA VISTA,,3,3,3,3
2024-08-26,ESCONDIDO,,4,4,4,4
2024-08-26,HARBOR POLICE,,2,2,2,2
2024-08-26,LA MESA,,2,2,2,2
2024-08-26,OCEANSIDE,,8,8,8,8
2024-08-26,SAN DIEGO,,14,14,14,14
2024-08-26,SHERIFF,,10,10,10,10
2024-08-27,CARLSBAD,,2,2,2,2
2024-08-27,CHULA VISTA,,3,2,3,3
2024-08-27,EL CAJON,,5,4,5,4
2024-08-27,ESCONDIDO,,5,4,5,5
2024-08-27,LA MESA,,3,3,3,3
2024-08-27,NATIONAL CITY,,1,1,1,1
2024-08-27,OCEANSIDE,,3,3,3,3
2024-08-27,SAN DIEGO,,13,13,13,13
2024-08-27,SHERIFF,,9,9,9,9
2024-08-28,CARLSBAD,,2,2,2,2
2024-08-28,CHULA VISTA,,3,3,3,3
2024-08-28,EL CAJON,,2,2,2,2
2024-08-28,ESCONDIDO,,4,3,4,4
2024-08-28,HARBOR POLICE,,2,2,2,2
2024-08-28,NATIONAL CITY,,3,3,3,3
2024-08-28,OCEANSIDE,,2,2,2,2
2024-08-28,SAN DIEGO,,17,17,17,17
2024-08-28,SHERIFF,,21,21,21,21
2024-08-29,CARLSBAD,,1,1,1,1
2024-08-29,CHULA VISTA,,6,6,6,6
2024-08-29,EL CAJON,,5,3,5,5
2024-08-29,ESCONDIDO,,9,9,9,9
2024-08-29,LA MESA,,2,2,2,2
2024-08-29,NATIONAL CITY,,1,1,1,1
2024-08-29,OCEANSIDE,,2,2,2,2
2024-08-29,SAN DIEGO,,15,12,15,15
2024-08-29,SHERIFF,,18,18,18,18
2024-08-30,CARLSBAD,,2,2,2,2
2024-08-30,CHULA VISTA,,2,2,2,2
2024-08-30,EL CAJON,,2,2,2,2
2024-08-30,ESCONDIDO,,8,8,8,8
2024-08-30,HARBOR POLICE,,1,1,1,1
2024-08-30,LA MESA,,3,3,3,3
2024-08-30,NATIONAL CITY,,1,1,1,1
2024-08-30,OCEANSIDE,,4,3,4,4
2024-08-30,SAN DIEGO,,20,20,20,20
2024-08-30,SHERIFF,,21,21,21,21
2024-08-31,CARLSBAD,,3,3,3,3
2024-08-31,CHULA VISTA,,6,6,6,6
2024-08-31,EL CAJON,,1,1,1,1
2024-08-31,ESCONDIDO,,2,2,2,2
2024-08-31,LA MESA,,3,3,3,3
2024-08-31,NATIONAL CITY,,4,4,4,4
2024-08-31,OCEANSIDE,,2,2,2,2
2024-08-31,SAN DIEGO,,43,42,43,43
2024-08-31,SHERIFF,,13,13,13,13
2024-09-01,CARLSBAD,,3,3,3,3
2024-09-01,CHULA VISTA,,2,2,2,2
2024-09-01,EL CAJON,,4,4,4,4
2024-09-01,ESCONDIDO,,6,6,6,6
2024-09-01,LA MESA,,6,5,6,6
2024-09-01,OCEANSIDE,,7,7,7,7
2024-09-01,SAN DIEGO,,26,26,26,26
2024-09-01,SHERIFF,,13,13,13,13
2024-09-02,CARLSBAD,,4,4,4,4
2024-09-02,CHULA VISTA,,1,1,1,1
2024-09-02,EL CAJON,,2,2,2,2
2024-09-02,ESCONDIDO,,3,3,3,3
2024-09-02,LA MESA,,1,1,1,1
2024-09-02,NATIONAL CITY,,2,2,2,2
2024-09-02,SAN DIEGO,,33,32,33,33
2024-09-02,SHERIFF,,17,17,17,17
2024-09-03,EL CAJON,,5,4,5,5
2024-09-03,ESCONDIDO,,3,3,3,3
2024-09-03,LA MESA,,1,1,1,1
2024-09-03,OCEANSIDE,,2,2,2,2
2024-09-03,SAN DIEGO,,26,26,26,26
2024-09-03,SHERIFF,,16,16,16,16
2024-09-04,CARLSBAD,,1,1,1,1
2024-09-04,CHULA VISTA,,3,3,3,3
2024-09-04,EL CAJON,,4,3,4,4
2024-09-04,ESCONDIDO,,7,7,7,7
2024-09-04,HARBOR POLICE,,1,1,1,1
2024-09-04,LA MESA,,1,1,1,1
2024-09-04,NATIONAL CITY,,1,1,1,1
2024-09-04,OCEANSIDE,,1,1,1,1
2024-09-04,SAN DIEGO,,14,14,14,14
2024-09-04,SHERIFF,,13,13,13,13
2024-09-05,CARLSBAD,,6,6,6,6
2024-09-05,CHULA VISTA,,4,4,4,4
2024-09-05,EL CAJON,,5,5,5,5
2024-09-05,ESCONDIDO,,3,3,3,3
2024-09-05,HARBOR POLICE,,1,1,1,1
2024-09-05,LA MESA,,2,2,2,2
2024-09-05,OCEANSIDE,,2,2,2,2
2024-09-05,SAN DIEGO,,16,15,15,15
2024-09-05,SHERIFF,,18,18,18,18
2024-09-06,CARLSBAD,,5,5,5,5
2024-09-06,CHULA VISTA,,4,4,4,4
2024-09-06,EL CAJON,,1,1,1,1
2024-09-06,ESCONDIDO,,11,11,11,11
2024-09-06,HARBOR POLICE,,3,3,3,3
2024-09-06,LA MESA,,2,2,2,2
2024-09-06,NATIONAL CITY,,1,1,1,1
2024-09-06,OCEANSIDE,,4,3,3,3
2024-09-06,SAN DIEGO,,22,22,22,22
2024-09-06,SHERIFF,,12,11,11,11
2024-09-07,CARLSBAD,,3,3,3,3
2024-09-07,CHULA VISTA,,6,6,6,6
2024-09-07,EL CAJON,,3,3,3,3
2024-09-07,ESCONDIDO,,6,6,6,6
2024-09-07,HARBOR POLICE,,2,2,2,2
2024-09-07,LA MESA,,4,4,4,4
2024-09-07,NATIONAL CITY,,2,2,2,2
2024-09-07,OCEANSIDE,,3,3,3,3
2024-09-07,SAN DIEGO,,32,32,32,32
2024-09-07,SHERIFF,,17,16,17,17
2024-09-08,CARLSBAD,,3,3,3,3
2024-09-08,EL CAJON,,7,6,7,7
2024-09-08,ESCONDIDO,,6,5,6,6
2024-09-08,HARBOR POLICE,,2,2,2,2
2024-09-08,LA MESA,,2,2,2,2
2024-09-08,NATIONAL CITY,,1,1,1,1
2024-09-08,OCEANSIDE,,2,2,2,2
2024-09-08,SAN DIEGO,,26,26,26,26
2024-09-08,SHERIFF,,9,9,9,9
2024-09-09,CARLSBAD,,4,4,4,4
2024-09-09,CHULA VISTA,,1,1,1,1
2024-09-09,EL CAJON,,6,6,6,6
2024-09-09,ESCONDIDO,,2,2,2,2
2024-09-09,HARBOR POLICE,,1,1,1,1
2024-09-09,NATIONAL CITY,,1,1,1,1
2024-09-09,OCEANSIDE,,3,3,3,3
2024-09-09,SAN DIEGO,,14,14,14,14
2024-09-09,SHERIFF,,17,14,17,17
2024-09-10,CARLSBAD,,1,1,1,1
2024-09-10,CHULA VISTA,,3,3,3,3
2024-09-10,EL CAJON,,9,7,9,9
2024-09-10,ESCONDIDO,,1,1,1,1
2024-09-10,HARBOR POLICE,,2,2,2,2
2024-09-10,LA MESA,,3,1,3,3
2024-09-10,OCEANSIDE,,2,2,2,2
2024-09-10,SAN DIEGO,,19,19,19,19
2024-09-10,SHERIFF,,11,11,11,11
2024-09-11,CARLSBAD,,1,1,1,1
2024-09-11,CHULA VISTA,,1,1,1,1
2024-09-11,EL CAJON,,1,1,1,1
2024-09-11,ESCONDIDO,,7,7,7,7
2024-09-11,HARBOR POLICE,,2,2,2,2
2024-09-11,LA MESA,,7,7,7,7
2024-09-11,NATIONAL CITY,,2,2,2,2
2024-09-11,OCEANSIDE,,2,2,2,2
2024-09-11,SAN DIEGO,,20,20,20,20
2024-09-11,SHERIFF,,21,21,21,21
2024-09-12,CARLSBAD,,3,3,3,3
2024-09-12,CHULA VISTA,,6,6,6,6
2024-09-12,EL CAJON,,2,2,2,2
2024-09-12,ESCONDIDO,,6,6,6,6
2024-09-12,HARBOR POLICE,,1,1,1,1
2024-09-12,LA MESA,,2,2,2,2
2024-09-12,NATIONAL CITY,,1,1,1,1
2024-09-12,OCEANSIDE,,3,3,3,3
2024-09-12,SAN DIEGO,,23,23,23,23
2024-09-12,SHERIFF,,11,11,11,11
2024-09-13,CARLSBAD,,3,3,3,3
2024-09-13,CHULA VISTA,,2,2,2,2
2024-09-13,EL CAJON,,11,9,11,11
2024-09-13,ESCONDIDO,,10,8,10,10
2024-09-13,HARBOR POLICE,,1,1,1,1
2024-09-13,LA MESA,,2,2,2,2
2024-09-13,OCEANSIDE,,2,2,2,2
2024-09-13,SAN DIEGO,,22,22,22,22
2024-09-13,SHERIFF,,23,23,23,23
2024-09-14,CARLSBAD,,3,3,3,3
2024-09-14,CHULA VISTA,,1,1,1,1
2024-09-14,EL CAJON,,4,4,4,4
2024-09-14,ESCONDIDO,,11,11,11,11
2024-09-14,LA MESA,,1,1,1,1
2024-09-14,NATIONAL CITY,,1,1,1,1
2024-09-14,OCEANSIDE,,4,3,3,3
2024-09-14,SAN DIEGO,,23,21,23,23
2024-09-14,SHERIFF,,11,11,11,11
2024-09-15,CARLSBAD,,1,1,1,1
2024-09-15,CHULA VISTA,,4,4,4,4
2024-09-15,ESCONDIDO,,5,4,5,5
2024-09-15,HARBOR POLICE,,1,1,1,1
2024-09-15,LA MESA,,1,1,1,1
2024-09-15,NATIONAL CITY,,1,1,1,1
2024-09-15,OCEANSIDE,,2,2,2,2
2024-09-15,SAN DIEGO,,26,26,26,26
2024-09-15,SHERIFF,,12,12,12,12
2024-09-16,CHULA VISTA,,5,4,5,5
2024-09-16,EL CAJON,,3,2,3,3
2024-09-16,ESCONDIDO,,2,2,2,2
2024-09-16,HARBOR POLICE,,2,2,2,2
2024-09-16,LA MESA,,4,4,4,4
2024-09-16,NATIONAL CITY,,2,2,2,2
2024-09-16,OCEANSIDE,,1,1,1,1
2024-09-16,SAN DIEGO,,14,13,14,13
2024-09-16,SHERIFF,,16,16,16,16
2024-09-17,CARLSBAD,,3,3,3,3
2024-09-17,EL CAJON,,2,2,2,2
2024-09-17,ESCONDIDO,,2,2,2,2
2024-09-17,LA MESA,,2,2,2,2
2024-09-17,OCEANSIDE,,1,1,1,1
2024-09-17,SAN DIEGO,,19,19,19,19
2024-09-17,SHERIFF,,11,11,11,11
2024-09-18,CHULA VISTA,,2,2,2,2
2024-09-18,EL CAJON,,3,3,3,3
2024-09-18,ESCONDIDO,,6,6,6,6
2024-09-18,NATIONAL CITY,,4,3,4,4
2024-09-18,OCEANSIDE,,2,2,2,2
2024-09-18,SAN DIEGO,,19,19,19,19
2024-09-18,SHERIFF,,15,14,15,15
2024-09-19,CARLSBAD,,4,4,4,4
2024-09-19,CHULA VISTA,,3,3,3,3
2024-09-19,EL CAJON,,1,1,1,1
2024-09-19,ESCONDIDO,,9,6,9,9
2024-09-19,HARBOR POLICE,,2,2,2,2
2024-09-19,NATIONAL CITY,,2,2,2,2
2024-09-19,OCEANSIDE,,1,1,1,1
2024-09-19,SAN DIEGO,,18,17,18,18
2024-09-19,SHERIFF,,19,19,19,19
2024-09-20,CARLSBAD,,4,3,4,4
2024-09-20,CHULA VISTA,,5,5,5,5
2024-09-20,EL CAJON,,9,2,9,9
2024-09-20,ESCONDIDO,,4,4,4,4
2024-09-20,HARBOR POLICE,,1,1,1,1
2024-09-20,LA MESA,,3,3,3,3
2024-09-20,NATIONAL CITY,,1,1,1,1
2024-09-20,OCEANSIDE,,3,3,3,3
2024-09-20,SAN DIEGO,,22,21,22,22
2024-09-20,SHERIFF,,17,17,17,17
2024-09-21,CARLSBAD,,3,3,3,3
2024-09-21,CHULA VISTA,,6,6,6,6
2024-09-21,EL CAJON,,2,2,2,2
2024-09-21,ESCONDIDO,,6,6,6,6
2024-09-21,LA MESA,,2,1,2,2
2024-09-21,NATIONAL CITY,,1,1,1,1
2024-09-21,OCEANSIDE,,2,2,2,2
2024-09-21,SAN DIEGO,,18,18,18,18
2024-09-21,SHERIFF,,17,17,17,17
2024-09-22,CARLSBAD,,2,2,2,2
2024-09-22,EL CAJON,,4,4,4,4
2024-09-22,ESCONDIDO,,7,6,7,7
2024-09-22,HARBOR POLICE,,2,2,2,2
2024-09-22,LA MESA,,1,1,1,1
2024-09-22,OCEANSIDE,,4,4,4,4
2024-09-22,SAN DIEGO,,24,23,24,24
2024-09-22,SHERIFF,,10,10,10,10
2024-09-23,CARLSBAD,,5,5,5,5
2024-09-23,CHULA VISTA,,3,3,3,3
2024-09-23,EL CAJON,,1,1,1,1
2024-09-23,ESCONDIDO,,2,2,2,2
2024-09-23,LA MESA,,1,1,1,1
2024-09-23,NATIONAL CITY,,1,1,1,1
2024-09-23,OCEANSIDE,,1,1,1,1
2024-09-23,SAN DIEGO,,18,16,18,18
2024-09-23,SHERIFF,,16,15,16,16
2024-09-24,CARLSBAD,,4,4,4,4
2024-09-24,EL CAJON,,2,2,2,2
2024-09-24,ESCONDIDO,,2,2,2,2
2024-09-24,HARBOR POLICE,,1,1,1,1
2024-09-24,NATIONAL CITY,,1,1,1,1
2024-09-24,OCEANSIDE,,4,4,4,4
2024-09-24,SAN DIEGO,,22,20,22,22
2024-09-24,SHERIFF,,22,22,22,22
2024-09-25,CHULA VISTA,,3,3,3,3
2024-09-25,EL CAJON,,2,2,2,2
2024-09-25,ESCONDIDO,,6,6,6,6
2024-09-25,LA MESA,,1,1,1,1
2024-09-25,NATIONAL CITY,,2,2,2,2
2024-09-25,OCEANSIDE,,4,4,4,4
2024-09-25,SAN DIEGO,,21,21,21,21
2024-09-25,SHERIFF,,23,23,23,23
2024-09-26,CARLSBAD,,1,1,1,1
2024-09-26,CHULA VISTA,,3,3,3,3
2024-09-26,ESCONDIDO,,3,3,3,3
2024-09-26,LA MESA,,1,1,1,1
2024-09-26,NATIONAL CITY,,1,1,1,1
2024-09-26,OCEANSIDE,,3,3,3,3
2024-09-26,SAN DIEGO,,16,15,16,16
2024-09-26,SHERIFF,,15,14,15,15
2024-09-27,CARLSBAD,,3,2,3,3
2024-09-27,CHULA VISTA,,3,3,3,3
2024-09-27,EL CAJON,,1,1,1,1
2024-09-27,ESCONDIDO,,4,4,4,4
2024-09-27,HARBOR POLICE,,1,1,1,1
2024-09-27,LA MESA,,3,3,3,3
2024-09-27,NATIONAL CITY,,2,2,2,2
2024-09-27,OCEANSIDE,,3,3,3,3
2024-09-27,SAN DIEGO,,25,25,25,25
2024-09-27,SHERIFF,,18,18,18,18
2024-09-28,CARLSBAD,,2,2,2,2
2024-09-28,CHULA VISTA,,3,3,3,3
2024-09-28,EL CAJON,,2,2,2,2
2024-09-28,ESCONDIDO,,5,4,5,5
2024-09-28,HARBOR POLICE,,1,1,1,1
2024-09-28,LA MESA,,1,1,1,1
2024-09-28,NATIONAL CITY,,2,2,2,2
2024-09-28,OCEANSIDE,,6,6,6,6
2024-09-28,SAN DIEGO,,25,25,25,25
2024-09-28,SHERIFF,,14,14,14,14
2024-09-29,CARLSBAD,,1,1,1,1
2024-09-29,CHULA VISTA,,3,3,3,3
2024-09-29,ESCONDIDO,,7,7,7,7
2024-09-29,HARBOR POLICE,,2,2,2,2
2024-09-29,LA MESA,,1,1,1,1
2024-09-29,NATIONAL CITY,,3,3,3,3
2024-09-29,OCEANSIDE,,2,2,2,2
2024-09-29,SAN DIEGO,,33,33,33,33
2024-09-29,SHERIFF,,7,7,7,7
2024-09-30,CHULA VISTA,,4,4,4,4
2024-09-30,EL CAJON,,2,2,2,2
2024-09-30,ESCONDIDO,,5,5,5,5
2024-09-30,HARBOR POLICE,,2,2,2,2
2024-09-30,LA MESA,,1,1,1,1
2024-09-30,NATIONAL CITY,,2,2,2,2
2024-09-30,OCEANSIDE,,1,1,1,1
2024-09-30,SAN DIEGO,,20,20,20,20
2024-09-30,SHERIFF,,15,15,15,15
2024-10-01,CARLSBAD,,2,2,2,2
2024-10-01,CHULA VISTA,,4,4,4,4
2024-10-01,EL CAJON,,3,3,3,3
2024-10-01,ESCONDIDO,,6,6,6,6
2024-10-01,LA MESA,,2,2,2,2
2024-10-01,OCEANSIDE,,5,5,5,5
2024-10-01,SAN DIEGO,,16,16,16,16
2024-10-01,SHERIFF,,11,10,11,11
2024-10-02,CARLSBAD,,3,3,3,3
2024-10-02,CHULA VISTA,,4,4,4,4
2024-10-02,EL CAJON,,2,2,2,2
2024-10-02,ESCONDIDO,,5,5,5,5
2024-10-02,HARBOR POLICE,,3,3,3,3
2024-10-02,LA MESA,,1,1,1,1
2024-10-02,OCEANSIDE,,2,2,2,2
2024-10-02,SAN DIEGO,,21,21,21,21
2024-10-02,SHERIFF,,19,17,19,19
2024-10-03,CHULA VISTA,,8,5,8,8
2024-10-03,EL CAJON,,2,2,2,2
2024-10-03,ESCONDIDO,,2,2,2,2
2024-10-03,HARBOR POLICE,,1,1,1,1
2024-10-03,LA MESA,,3,3,3,3
2024-10-03,NATIONAL CITY,,1,1,1,1
2024-10-03,OCEANSIDE,,3,3,3,3
2024-10-03,SAN DIEGO,,20,20,20,20
2024-10-03,SHERIFF,,11,11,11,11
2024-10-04,CARLSBAD,,3,3,3,3
2024-10-04,CHULA VISTA,,7,7,7,7
2024-10-04,EL CAJON,,2,2,2,2
2024-10-04,ESCONDIDO,,4,4,4,4
2024-10-04,HARBOR POLICE,,1,1,1,1
2024-10-04,LA MESA,,2,2,2,2
2024-10-04,NATIONAL CITY,,4,2,4,4
2024-10-04,OCEANSIDE,,3,3,3,3
2024-10-04,SAN DIEGO,,16,16,16,16
2024-10-04,SHERIFF,,12,12,12,12
2024-10-05,CARLSBAD,,2,2,2,2
2024-10-05,CHULA VISTA,,4,4,4,4
2024-10-05,EL CAJON,,5,5,5,5
2024-10-05,ESCONDIDO,,5,5,5,5
2024-10-05,HARBOR POLICE,,1,1,1,1
2024-10-05,LA MESA,,2,2,2,2
2024-10-05,NATIONAL CITY,,1,1,1,1
2024-10-05,OCEANSIDE,,2,2,2,2
2024-10-05,SAN DIEGO,,25,24,25,25
2024-10-05,SHERIFF,,10,10,10,10
2024-10-06,CARLSBAD,,1,1,1,1
2024-10-06,CHULA VISTA,,6,6,6,6
2024-10-06,ESCONDIDO,,3,3,3,3
2024-10-06,HARBOR POLICE,,2,2,2,2
2024-10-06,NATIONAL CITY,,1,1,1,1
2024-10-06,OCEANSIDE,,4,4,4,4
2024-10-06,SAN DIEGO,,28,28,28,28
2024-10-06,SHERIFF,,14,13,13,13
2024-10-07,CARLSBAD,,3,3,3,3
2024-10-07,CHULA VISTA,,1,1,1,1
2024-10-07,EL CAJON,,2,2,2,2
2024-10-07,ESCONDIDO,,4,4,4,4
2024-10-07,LA MESA,,4,4,4,4
2024-10-07,NATIONAL CITY,,1,1,1,1
2024-10-07,OCEANSIDE,,2,2,2,2
2024-10-07,SAN DIEGO,,17,17,17,17
2024-10-07,SHERIFF,,13,13,13,13
2024-10-08,CARLSBAD,,3,3,3,3
2024-10-08,CHULA VISTA,,2,2,2,2
2024-10-08,EL CAJON,,9,3,9,9
2024-10-08,ESCONDIDO,,4,4,4,4
2024-10-08,HARBOR POLICE,,2,2,2,2
2024-10-08,LA MESA,,1,1,1,1
2024-10-08,OCEANSIDE,,2,2,2,2
2024-10-08,SAN DIEGO,,24,24,24,24
2024-10-08,SHERIFF,,11,11,11,11
2024-10-09,CARLSBAD,,5,5,5,5
2024-10-09,CHULA VISTA,,1,1,1,1
2024-10-09,EL CAJON,,4,4,4,4
2024-10-09,ESCONDIDO,,5,5,5,5
2024-10-09,LA MESA,,1,1,1,1
2024-10-09,OCEANSIDE,,2,2,2,2
2024-10-09,SAN DIEGO,,29,29,29,29
2024-10-09,SHERIFF,,12,12,12,12
2024-10-10,CHULA VISTA,,6,6,6,6
2024-10-10,EL CAJON,,1,1,1,1
2024-10-10,ESCONDIDO,,3,3,3,3
2024-10-10,HARBOR POLICE,,1,1,1,1
2024-10-10,LA MESA,,2,2,2,2
2024-10-10,NATIONAL CITY,,1,1,1,1
2024-10-10,OCEANSIDE,,2,2,2,2
2024-10-10,SAN DIEGO,,25,25,25,25
2024-10-10,SHERIFF,,30,29,30,30
2024-10-11,CARLSBAD,,3,3,3,3
2024-10-11,CHULA VISTA,,2,2,2,2
2024-10-11,EL CAJON,,3,3,3,3
2024-10-11,ESCONDIDO,,8,8,8,8
2024-10-11,HARBOR POLICE,,3,3,3,3
2024-10-11,NATIONAL CITY,,3,3,3,3
2024-10-11,OCEANSIDE,,3,3,3,3
2024-10-11,SAN DIEGO,,31,30,31,31
2024-10-11,SHERIFF,,18,16,18,18
2024-10-12,CARLSBAD,,3,3,3,3
2024-10-12,CHULA VISTA,,7,5,7,7
2024-10-12,EL CAJON,,2,2,2,2
2024-10-12,ESCONDIDO,,5,5,5,5
2024-10-12,HARBOR POLICE,,2,2,2,2
2024-10-12,LA MESA,,2,2,2,2
2024-10-12,NATIONAL CITY,,1,1,1,1
2024-10-12,OCEANSIDE,,6,5,6,6
2024-10-12,SAN DIEGO,,28,28,28,28
2024-10-12,SHERIFF,,17,17,17,17
2024-10-13,CARLSBAD,,1,1,1,1
2024-10-13,CHULA VISTA,,2,2,2,2
2024-10-13,EL CAJON,,6,6,6,6
2024-10-13,ESCONDIDO,,5,5,5,5
2024-10-13,HARBOR POLICE,,4,4,4,4
2024-10-13,LA MESA,,2,2,2,2
2024-10-13,OCEANSIDE,,1,1,1,1
2024-10-13,SAN DIEGO,,26,25,26,26
2024-10-13,SHERIFF,,10,10,10,10
2024-10-14,CARLSBAD,,2,2,2,2
2024-10-14,CHULA VISTA,,3,3,3,3
2024-10-14,EL CAJON,,5,4,5,5
2024-10-14,ESCONDIDO,,2,2,2,2
2024-10-14,HARBOR POLICE,,1,1,1,1
2024-10-14,LA MESA,,2,2,2,2
2024-10-14,OCEANSIDE,,5,3,5,5
2024-10-14,SAN DIEGO,,24,24,24,24
2024-10-14,SHERIFF,,19,19,19,19
2024-10-15,CARLSBAD,,1,1,1,1
2024-10-15,CHULA VISTA,,1,1,1,1
2024-10-15,EL CAJON,,8,7,8,8
2024-10-15,ESCONDIDO,,1,1,1,1
2024-10-15,HARBOR POLICE,,1,1,1,1
2024-10-15,LA MESA,,2,2,2,2
2024-10-15,NATIONAL CITY,,1,1,1,1
2024-10-15,OCEANSIDE,,4,4,4,4
2024-10-15,SAN DIEGO,,18,18,18,18
2024-10-15,SHERIFF,,15,15,15,15
2024-10-16,CARLSBAD,,1,1,1,1
2024-10-16,CHULA VISTA,,1,1,1,1
2024-10-16,EL CAJON,,6,4,6,6
2024-10-16,ESCONDIDO,,2,2,2,2
2024-10-16,HARBOR POLICE,,2,2,2,2
2024-10-16,NATIONAL CITY,,3,3,3,3
2024-10-16,SAN DIEGO,,30,30,30,30
2024-10-16,SHERIFF,,14,14,14,14
2024-10-17,CARLSBAD,,1,1,1,1
2024-10-17,CHULA VISTA,,1,1,1,1
2024-10-17,EL CAJON,,2,2,2,2
2024-10-17,ESCONDIDO,,5,5,5,5
2024-10-17,HARBOR POLICE,,1,1,1,1
2024-10-17,NATIONAL CITY,,1,1,1,1
2024-10-17,OCEANSIDE,,5,5,5,5
2024-10-17,SAN DIEGO,,15,15,15,15
2024-10-17,SHERIFF,,16,16,16,16
2024-10-18,CARLSBAD,,3,3,3,3
2024-10-18,CHULA VISTA,,2,2,2,2
2024-10-18,EL CAJON,,2,2,2,2
2024-10-18,ESCONDIDO,,3,3,3,3
2024-10-18,LA MESA,,1,1,1,1
2024-10-18,OCEANSIDE,,3,3,3,3
2024-10-18,SAN DIEGO,,19,18,19,19
2024-10-18,SHERIFF,,13,13,13,13
2024-10-19,CARLSBAD,,5,5,5,5
2024-10-19,CHULA VISTA,,8,8,8,8
2024-10-19,EL CAJON,,7,6,7,7
2024-10-19,ESCONDIDO,,4,4,4,4
2024-10-19,LA MESA,,1,1,1,1
2024-10-19,NATIONAL CITY,,2,2,2,2
2024-10-19,OCEANSIDE,,4,4,4,4
2024-10-19,SAN DIEGO,,24,24,24,24
2024-10-19,SHERIFF,,11,11,11,11
2024-10-20,CHULA VISTA,,5,5,5,5
2024-10-20,EL CAJON,,6,4,5,5
2024-10-20,ESCONDIDO,,3,3,3,3
2024-10-20,HARBOR POLICE,,2,2,2,2
2024-10-20,NATIONAL CITY,,2,2,2,2
2024-10-20,OCEANSIDE,,2,2,2,2
2024-10-20,SAN DIEGO,,15,15,15,15
2024-10-20,SHERIFF,,11,10,11,11
2024-10-21,CARLSBAD,,5,5,5,5
2024-10-21,EL CAJON,,2,2,2,2
2024-10-21,ESCONDIDO,,6,5,6,6
2024-10-21,HARBOR POLICE,,2,2,2,2
2024-10-21,LA MESA,,4,4,4,4
2024-10-21,NATIONAL CITY,,1,1,1,1
2024-10-21,OCEANSIDE,,1,1,1,1
2024-10-21,SAN DIEGO,,11,11,11,11
2024-10-21,SHERIFF,,13,13,13,13
2024-10-22,CARLSBAD,,2,2,2,2
2024-10-22,CHULA VISTA,,1,1,1,1
2024-10-22,EL CAJON,,2,2,2,2
2024-10-22,ESCONDIDO,,4,4,4,4
2024-10-22,HARBOR POLICE,,1,1,1,1
2024-10-22,LA MESA,,2,2,2,2
2024-10-22,NATIONAL CITY,,2,1,2,2
2024-10-22,SAN DIEGO,,18,18,18,18
2024-10-22,SHERIFF,,8,8,8,8
2024-10-23,CARLSBAD,,1,1,1,1
2024-10-23,CHULA VISTA,,2,2,2,2
2024-10-23,EL CAJON,,2,2,2,2
2024-10-23,ESCONDIDO,,1,1,1,1
2024-10-23,LA MESA,,1,1,1,1
2024-10-23,NATIONAL CITY,,3,3,3,3
2024-10-23,OCEANSIDE,,3,3,3,3
2024-10-23,SAN DIEGO,,12,12,12,12
2024-10-23,SHERIFF,,24,21,24,24
2024-10-24,CARLSBAD,,1,1,1,1
2024-10-24,EL CAJON,,2,2,2,2
2024-10-24,ESCONDIDO,,6,6,6,6
2024-10-24,HARBOR POLICE,,3,3,3,3
2024-10-24,NATIONAL CITY,,1,1,1,1
2024-10-24,OCEANSIDE,,2,2,2,2
2024-10-24,SAN DIEGO,,22,22,22,22
2024-10-24,SHERIFF,,17,17,17,17
2024-10-25,CHULA VISTA,,4,4,4,4
2024-10-25,EL CAJON,,1,1,1,1
2024-10-25,ESCONDIDO,,2,2,2,2
2024-10-25,HARBOR POLICE,,1,1,1,1
2024-10-25,LA MESA,,1,1,1,1
2024-10-25,OCEANSIDE,,4,4,4,4
2024-10-25,SAN DIEGO,,33,31,33,33
2024-10-25,SHERIFF,,18,18,18,18
2024-10-26,CARLSBAD,,3,3,3,3
2024-10-26,CHULA VISTA,,5,5,5,5
2024-10-26,EL CAJON,,1,1,1,1
2024-10-26,ESCONDIDO,,11,10,11,11
2024-10-26,HARBOR POLICE,,4,4,4,4
2024-10-26,LA MESA,,3,3,3,3
2024-10-26,OCEANSIDE,,1,1,1,1
2024-10-26,SAN DIEGO,,33,32,33,33
2024-10-26,SHERIFF,,12,12,12,12
2024-10-27,CARLSBAD,,1,1,1,1
2024-10-27,CHULA VISTA,,8,8,8,8
2024-10-27,EL CAJON,,2,2,2,2
2024-10-27,ESCONDIDO,,1,1,1,1
2024-10-27,NATIONAL CITY,,1,1,1,1
2024-10-27,OCEANSIDE,,5,5,5,5
2024-10-27,SAN DIEGO,,19,19,19,19
2024-10-27,SHERIFF,,14,14,14,14
2024-10-28,CHULA VISTA,,2,2,2,2
2024-10-28,EL CAJON,,2,2,2,2
2024-10-28,HARBOR POLICE,,3,3,3,3
2024-10-28,NATIONAL CITY,,3,2,3,3
2024-10-28,OCEANSIDE,,2,2,2,2
2024-10-28,SAN DIEGO,,24,23,24,24
2024-10-28,SHERIFF,,17,17,17,17
2024-10-29,CHULA VISTA,,1,1,1,1
2024-10-29,EL CAJON,,1,1,1,1
2024-10-29,ESCONDIDO,,8,8,8,8
2024-10-29,NATIONAL CITY,,1,1,1,1
2024-10-29,OCEANSIDE,,5,5,5,5
2024-10-29,SAN DIEGO,,15,13,15,15
2024-10-29,SHERIFF,,15,15,15,15
2024-10-30,CARLSBAD,,1,1,1,1
2024-10-30,CHULA VISTA,,4,4,4,4
2024-10-30,EL CAJON,,4,4,4,4
2024-10-30,ESCONDIDO,,3,3,3,3
2024-10-30,NATIONAL CITY,,4,4,4,4
2024-10-30,OCEANSIDE,,1,1,1,1
2024-10-30,SAN DIEGO,,34,34,34,34
2024-10-30,SHERIFF,,13,13,13,13
2024-10-31,CARLSBAD,,3,3,3,3
2024-10-31,CHULA VISTA,,4,4,4,4
2024-10-31,EL CAJON,,1,1,1,1
2024-10-31,ESCONDIDO,,4,4,4,4
2024-10-31,HARBOR POLICE,,1,1,1,1
2024-10-31,OCEANSIDE,,3,3,3,3
2024-10-31,SAN DIEGO,,23,23,23,23
2024-10-31,SHERIFF,,17,17,17,17
2024-11-01,CARLSBAD,,1,1,1,1
2024-11-01,CHULA VISTA,,4,4,4,4
2024-11-01,EL CAJON,,3,3,3,3
2024-11-01,ESCONDIDO,,4,4,4,4
2024-11-01,HARBOR POLICE,,3,3,3,3
2024-11-01,LA MESA,,2,2,2,2
2024-11-01,NATIONAL CITY,,1,1,1,1
2024-11-01,OCEANSIDE,,2,2,2,2
2024-11-01,SAN DIEGO,,28,28,28,28
2024-11-01,SHERIFF,,20,20,20,20
2024-11-02,CHULA VISTA,,5,5,5,5
2024-11-02,EL CAJON,,1,1,1,1
2024-11-02,ESCONDIDO,,6,6,6,6
2024-11-02,HARBOR POLICE,,2,2,2,2
2024-11-02,LA MESA,,3,3,3,3
2024-11-02,NATIONAL CITY,,2,2,2,2
2024-11-02,OCEANSIDE,,5,5,5,5
2024-11-02,SAN DIEGO,,46,46,46,46
2024-11-02,SHERIFF,,11,11,11,11
2024-11-03,CARLSBAD,,1,1,1,1
2024-11-03,CHULA VISTA,,5,5,5,5
2024-11-03,EL CAJON,,2,2,2,2
2024-11-03,ESCONDIDO,,6,6,6,6
2024-11-03,HARBOR POLICE,,2,2,2,2
2024-11-03,LA MESA,,1,1,1,1
2024-11-03,OCEANSIDE,,2,2,2,2
2024-11-03,SAN DIEGO,,26,26,26,26
2024-11-03,SHERIFF,,15,15,15,15
2024-11-04,CARLSBAD,,2,2,2,2
2024-11-04,CHULA VISTA,,4,4,4,4
2024-11-04,EL CAJON,,2,2,2,2
2024-11-04,ESCONDIDO,,1,1,1,1
2024-11-04,HARBOR POLICE,,2,2,2,2
2024-11-04,LA MESA,,2,2,2,2
2024-11-04,OCEANSIDE,,7,7,7,7
2024-11-04,SAN DIEGO,,26,26,26,26
2024-11-04,SHERIFF,,14,14,14,14
2024-11-05,CARLSBAD,,3,3,3,3
2024-11-05,CHULA VISTA,,2,2,2,2
2024-11-05,EL CAJON,,6,5,6,6
2024-11-05,ESCONDIDO,,3,3,3,3
2024-11-05,HARBOR POLICE,,1,1,1,1
2024-11-05,LA MESA,,2,2,2,2
2024-11-05,OCEANSIDE,,2,2,2,2
2024-11-05,SAN DIEGO,,11,11,11,11
2024-11-05,SHERIFF,,15,15,15,15
2024-11-06,CARLSBAD,,1,1,1,1
2024-11-06,CHULA VISTA,,3,3,3,3
2024-11-06,EL CAJON,,5,2,5,5
2024-11-06,ESCONDIDO,,4,4,4,4
2024-11-06,HARBOR POLICE,,1,1,1,1
2024-11-06,LA MESA,,2,2,2,2
2024-11-06,NATIONAL CITY,,1,1,1,1
2024-11-06,OCEANSIDE,,3,3,3,3
2024-11-06,SAN DIEGO,,23,22,23,23
2024-11-06,SHERIFF,,12,12,12,12
2024-11-07,CHULA VISTA,,3,3,3,3
2024-11-07,ESCONDIDO,,5,5,5,5
2024-11-07,LA MESA,,2,2,2,2
2024-11-07,SAN DIEGO,,31,31,31,31
2024-11-07,SHERIFF,,14,14,14,14
2024-11-08,CHULA VISTA,,5,5,5,5
2024-11-08,EL CAJON,,1,1,1,1
2024-11-08,ESCONDIDO,,5,5,5,5
2024-11-08,LA MESA,,3,3,3,3
2024-11-08,NATIONAL CITY,,3,3,3,3
2024-11-08,OCEANSIDE,,3,3,3,3
2024-11-08,SAN DIEGO,,31,31,31,31
2024-11-08,SHERIFF,,13,13,13,13
2024-11-09,CARLSBAD,,3,3,3,3
2024-11-09,CHULA VISTA,,3,3,3,3
2024-11-09,ESCONDIDO,,2,2,2,2
2024-11-09,HARBOR POLICE,,2,2,2,2
2024-11-09,LA MESA,,1,1,1,1
2024-11-09,OCEANSIDE,,3,3,3,3
2024-11-09,SAN DIEGO,,31,30,31,31
2024-11-09,SHERIFF,,20,20,20,20
2024-11-10,CHULA VISTA,,6,5,6,6
2024-11-10,ESCONDIDO,,2,2,2,2
2024-11-10,HARBOR POLICE,,2,2,2,2
2024-11-10,LA MESA,,1,1,1,1
2024-11-10,OCEANSIDE,,6,6,6,6
2024-11-10,SAN DIEGO,,17,17,17,17
2024-11-10,SHERIFF,,17,17,17,17
2024-11-11,CARLSBAD,,2,2,2,2
2024-11-11,CHULA VISTA,,5,5,5,5
2024-11-11,EL CAJON,,4,4,4,4
2024-11-11,ESCONDIDO,,1,1,1,1
2024-11-11,HARBOR POLICE,,2,2,2,2
2024-11-11,LA MESA,,3,3,3,3
2024-11-11,OCEANSIDE,,3,3,3,3
2024-11-11,SAN DIEGO,,22,22,22,22
2024-11-11,SHERIFF,,9,9,9,9
2024-11-12,CARLSBAD,,1,1,1,1
2024-11-12,CHULA VISTA,,2,2,2,2
2024-11-12,EL CAJON,,1,1,1,1
2024-11-12,ESCONDIDO,,3,3,3,3
2024-11-12,HARBOR POLICE,,3,3,3,3
2024-11-12,NATIONAL CITY,,1,1,1,1
2024-11-12,OCEANSIDE,,3,3,3,3
2024-11-12,SAN DIEGO,,19,19,19,19
2024-11-12,SHERIFF,,11,11,11,11
2024-11-13,CARLSBAD,,1,1,1,1
2024-11-13,CHULA VISTA,,2,2,2,2
2024-11-13,EL CAJON,,3,3,3,3
2024-11-13,ESCONDIDO,,5,5,5,5
2024-11-13,LA MESA,,2,2,2,2
2024-11-13,NATIONAL CITY,,1,1,1,1
2024-11-13,OCEANSIDE,,3,3,3,3
2024-11-13,SAN DIEGO,,28,28,28,28
2024-11-13,SHERIFF,,12,11,12,12
2024-11-14,CARLSBAD,,2,2,2,2
2024-11-14,CHULA VISTA,,2,2,2,2
2024-11-14,EL CAJON,,3,2,3,3
2024-11-14,ESCONDIDO,,5,5,5,5
2024-11-14,LA MESA,,1,1,1,1
2024-11-14,NATIONAL CITY,,2,2,2,2
2024-11-14,OCEANSIDE,,3,3,3,3
2024-11-14,SAN DIEGO,,17,17,17,17
2024-11-14,SHERIFF,,15,14,15,15
2024-11-15,CARLSBAD,,2,2,2,2
2024-11-15,CHULA VISTA,,2,2,2,2
2024-11-15,EL CAJON,,1,1,1,1
2024-11-15,ESCONDIDO,,15,15,15,15
2024-11-15,HARBOR POLICE,,1,1,1,1
2024-11-15,LA MESA,,3,3,3,3
2024-11-15,OCEANSIDE,,2,2,2,2
2024-11-15,SAN DIEGO,,30,30,30,30
2024-11-15,SHERIFF,,10,10,10,10
2024-11-16,CARLSBAD,,3,3,3,3
2024-11-16,CHULA VISTA,,4,4,4,4
2024-11-16,ESCONDIDO,,6,6,6,6
2024-11-16,HARBOR POLICE,,2,2,2,2
2024-11-16,LA MESA,,4,4,4,4
2024-11-16,NATIONAL CITY,,2,2,2,2
2024-11-16,OCEANSIDE,,3,3,3,3
2024-11-16,SAN DIEGO,,28,27,28,28
2024-11-16,SHERIFF,,7,7,7,7
2024-11-17,CARLSBAD,,4,4,4,4
2024-11-17,CHULA VISTA,,2,2,2,2
2024-11-17,ESCONDIDO,,4,4,4,4
2024-11-17,HARBOR POLICE,,3,3,3,3
2024-11-17,LA MESA,,3,3,3,3
2024-11-17,NATIONAL CITY,,1,1,1,1
2024-11-17,OCEANSIDE,,4,4,4,4
2024-11-17,SAN DIEGO,,30,30,30,30
2024-11-17,SHERIFF,,17,15,17,17
2024-11-18,CARLSBAD,,2,2,2,2
2024-11-18,CHULA VISTA,,5,5,5,5
2024-11-18,EL CAJON,,4,3,4,4
2024-11-18,ESCONDIDO,,5,5,5,5
2024-11-18,LA MESA,,1,1,1,1
2024-11-18,NATIONAL CITY,,1,1,1,1
2024-11-18,OCEANSIDE,,2,2,2,2
2024-11-18,SAN DIEGO,,20,20,20,20
2024-11-18,SHERIFF,,12,12,12,12
2024-11-19,CARLSBAD,,3,3,3,3
2024-11-19,CHULA VISTA,,2,2,2,2
2024-11-19,EL CAJON,,1,1,1,1
2024-11-19,ESCONDIDO,,6,6,6,6
2024-11-19,HARBOR POLICE,,2,2,2,2
2024-11-19,LA MESA,,1,1,1,1
2024-11-19,NATIONAL CITY,,2,2,2,2
2024-11-19,OCEANSIDE,,3,3,3,3
2024-11-19,SAN DIEGO,,18,18,18,18
2024-11-19,SHERIFF,,10,10,10,10
2024-11-20,CARLSBAD,,2,2,2,2
2024-11-20,ESCONDIDO,,3,3,3,3
2024-11-20,LA MESA,,1,1,1,1
2024-11-20,NATIONAL CITY,,1,1,1,1
2024-11-20,OCEANSIDE,,4,3,4,4
2024-11-20,SAN DIEGO,,21,21,21,21
2024-11-20,SHERIFF,,3,3,3,3
2024-11-21,CHULA VISTA,,3,3,3,3
2024-11-21,EL CAJON,,3,3,3,3
2024-11-21,ESCONDIDO,,2,2,2,2
2024-11-21,HARBOR POLICE,,2,2,2,2
2024-11-21,OCEANSIDE,,3,3,3,3
2024-11-21,SAN DIEGO,,48,27,48,48
2024-11-21,SHERIFF,,11,11,11,11
2024-11-22,CARLSBAD,,1,1,1,1
2024-11-22,CHULA VISTA,,4,4,4,4
2024-11-22,ESCONDIDO,,6,6,6,6
2024-11-22,HARBOR POLICE,,1,1,1,1
2024-11-22,LA MESA,,3,3,3,3
2024-11-22,NATIONAL CITY,,1,1,1,1
2024-11-22,OCEANSIDE,,6,6,6,6
2024-11-22,SAN DIEGO,,24,24,24,24
2024-11-22,SHERIFF,,7,7,7,7
2024-11-23,CARLSBAD,,1,1,1,1
2024-11-23,CHULA VISTA,,9,9,9,9
2024-11-23,EL CAJON,,1,1,1,1
2024-11-23,ESCONDIDO,,6,6,6,6
2024-11-23,HARBOR POLICE,,2,2,2,2
2024-11-23,LA MESA,,1,1,1,1
2024-11-23,NATIONAL CITY,,1,1,1,1
2024-11-23,OCEANSIDE,,4,4,4,4
2024-11-23,SAN DIEGO,,39,39,39,39
2024-11-23,SHERIFF,,12,12,12,12
2024-11-24,CARLSBAD,,1,1,1,1
2024-11-24,CHULA VISTA,,3,3,3,3
2024-11-24,EL CAJON,,6,4,6,6
2024-11-24,ESCONDIDO,,5,5,5,5
2024-11-24,HARBOR POLICE,,1,1,1,1
2024-11-24,LA MESA,,2,2,2,2
2024-11-24,NATIONAL CITY,,2,2,2,2
2024-11-24,OCEANSIDE,,1,1,1,1
2024-11-24,SAN DIEGO,,27,27,27,27
2024-11-24,SHERIFF,,8,8,8,8
2024-11-25,CARLSBAD,,3,3,3,3
2024-11-25,CHULA VISTA,,2,2,2,2
2024-11-25,EL CAJON,,6,6,6,6
2024-11-25,ESCONDIDO,,4,3,4,4
2024-11-25,LA MESA,,4,4,4,4
2024-11-25,NATIONAL CITY,,3,3,3,3
2024-11-25,OCEANSIDE,,4,4,4,4
2024-11-25,SAN DIEGO,,24,23,23,23
2024-11-25,SHERIFF,,7,7,7,7
2024-11-26,CHULA VISTA,,6,6,6,6
2024-11-26,ESCONDIDO,,2,2,2,2
2024-11-26,LA MESA,,1,1,1,1
2024-11-26,NATIONAL CITY,,1,1,1,1
2024-11-26,OCEANSIDE,,3,3,3,3
2024-11-26,SAN DIEGO,,26,26,26,26
2024-11-26,SHERIFF,,13,13,13,13
2024-11-27,CARLSBAD,,2,2,2,2
2024-11-27,CHULA VISTA,,4,4,4,4
2024-11-27,EL CAJON,,3,3,3,3
2024-11-27,ESCONDIDO,,5,5,5,5
2024-11-27,HARBOR POLICE,,3,3,3,3
2024-11-27,LA MESA,,2,2,2,2
2024-11-27,NATIONAL CITY,,3,3,3,3
2024-11-27,OCEANSIDE,,2,2,2,2
2024-11-27,SAN DIEGO,,29,29,29,29
2024-11-27,SHERIFF,,3,3,3,3
2024-11-28,CARLSBAD,,2,2,2,2
2024-11-28,EL CAJON,,3,3,3,3
2024-11-28,ESCONDIDO,,8,7,8,8
2024-11-28,HARBOR POLICE,,1,1,1,1
2024-11-28,LA MESA,,1,1,1,1
2024-11-28,NATIONAL CITY,,2,2,2,2
2024-11-28,OCEANSIDE,,2,2,2,2
2024-11-28,SAN DIEGO,,17,16,17,17
2024-11-28,SHERIFF,,6,6,6,6
2024-11-29,CARLSBAD,,1,1,1,1
2024-11-29,CHULA VISTA,,5,5,5,5
2024-11-29,EL CAJON,,1,1,1,1
2024-11-29,ESCONDIDO,,9,9,9,9
2024-11-29,HARBOR POLICE,,1,1,1,1
2024-11-29,LA MESA,,2,2,2,2
2024-11-29,NATIONAL CITY,,1,1,1,1
2024-11-29,OCEANSIDE,,3,3,3,3
2024-11-29,SAN DIEGO,,18,18,18,18
2024-11-29,SHERIFF,,7,7,7,7
2024-11-30,CARLSBAD,,3,3,3,3
2024-11-30,CHULA VISTA,,7,7,7,7
2024-11-30,EL CAJON,,1,1,1,1
2024-11-30,ESCONDIDO,,5,5,5,5
2024-11-30,HARBOR POLICE,,5,5,5,5
2024-11-30,LA MESA,,1,1,1,1
2024-11-30,OCEANSIDE,,4,4,4,4
2024-11-30,SAN DIEGO,,28,27,28,28
2024-11-30,SHERIFF,,11,11,11,11
2024-12-01,CARLSBAD,,3,3,3,3
2024-12-01,CHULA VISTA,,6,6,6,6
2024-12-01,EL CAJON,,5,4,5,5
2024-12-01,ESCONDIDO,,5,5,5,5
2024-12-01,HARBOR POLICE,,1,1,1,1
2024-12-01,LA MESA,,2,2,2,2
2024-12-01,NATIONAL CITY,,1,1,1,1
2024-12-01,OCEANSIDE,,3,3,3,3
2024-12-01,SAN DIEGO,,23,23,23,23
2024-12-01,SHERIFF,,6,6,6,6
2024-12-02,CARLSBAD,,1,1,1,1
2024-12-02,CHULA VISTA,,2,2,2,2
2024-12-02,HARBOR POLICE,,2,2,2,2
2024-12-02,LA MESA,,4,4,4,4
2024-12-02,NATIONAL CITY,,1,1,1,1
2024-12-02,OCEANSIDE,,1,1,1,1
2024-12-02,SAN DIEGO,,26,26,26,26
2024-12-02,SHERIFF,,2,2,2,2
2024-12-03,EL CAJON,,4,4,4,4
2024-12-03,ESCONDIDO,,2,2,2,2
2024-12-03,HARBOR POLICE,,2,2,2,2
2024-12-03,LA MESA,,5,5,5,5
2024-12-03,OCEANSIDE,,1,1,1,1
2024-12-03,SAN DIEGO,,29,29,29,29
2024-12-03,SHERIFF,,5,5,5,5
2024-12-04,CHULA VISTA,,1,1,1,1
2024-12-04,EL CAJON,,3,3,3,3
2024-12-04,ESCONDIDO,,3,3,3,3
2024-12-04,HARBOR POLICE,,2,2,2,2
2024-12-04,LA MESA,,1,1,1,1
2024-12-04,NATIONAL CITY,,1,1,1,1
2024-12-04,OCEANSIDE,,1,1,1,1
2024-12-04,SAN DIEGO,,18,18,18,18
2024-12-04,SHERIFF,,11,11,11,11
2024-12-05,CARLSBAD,,1,1,1,1
2024-12-05,CHULA VISTA,,4,4,4,4
2024-12-05,EL CAJON,,1,1,1,1
2024-12-05,ESCONDIDO,,2,2,2,2
2024-12-05,LA MESA,,4,4,4,4
2024-12-05,NATIONAL CITY,,1,1,1,1
2024-12-05,OCEANSIDE,,1,1,1,1
2024-12-05,SAN DIEGO,,20,20,20,20
2024-12-05,SHERIFF,,10,10,10,10
2024-12-06,CARLSBAD,,2,2,2,2
2024-12-06,EL CAJON,,3,3,3,3
2024-12-06,ESCONDIDO,,6,6,6,6
2024-12-06,HARBOR POLICE,,2,2,2,2
2024-12-06,LA MESA,,3,3,3,3
2024-12-06,NATIONAL CITY,,1,1,1,1
2024-12-06,OCEANSIDE,,2,2,2,2
2024-12-06,SAN DIEGO,,19,19,19,19
2024-12-06,SHERIFF,,14,14,14,14
2024-12-07,CHULA VISTA,,4,4,4,4
2024-12-07,EL CAJON,,1,1,1,1
2024-12-07,ESCONDIDO,,9,9,9,9
2024-12-07,HARBOR POLICE,,2,2,2,2
2024-12-07,LA MESA,,2,2,2,2
2024-12-07,NATIONAL CITY,,2,2,2,2
2024-12-07,OCEANSIDE,,6,6,6,6
2024-12-07,SAN DIEGO,,32,32,32,32
2024-12-07,SHERIFF,,8,8,8,8
2024-12-08,CARLSBAD,,2,2,2,2
2024-12-08,CHULA VISTA,,5,4,5,5
2024-12-08,EL CAJON,,2,2,2,2
2024-12-08,ESCONDIDO,,4,3,4,4
2024-12-08,HARBOR POLICE,,1,1,1,1
2024-12-08,OCEANSIDE,,3,3,3,3
2024-12-08,SAN DIEGO,,27,26,26,26
2024-12-08,SHERIFF,,9,9,9,9
2024-12-09,CARLSBAD,,2,2,2,2
2024-12-09,CHULA VISTA,,1,1,1,1
2024-12-09,EL CAJON,,1,1,1,1
2024-12-09,ESCONDIDO,,5,5,5,5
2024-12-09,LA MESA,,3,3,3,3
2024-12-09,OCEANSIDE,,2,2,2,2
2024-12-09,SAN DIEGO,,16,16,16,16
2024-12-09,SHERIFF,,6,6,6,6
2024-12-10,CARLSBAD,,1,1,1,1
2024-12-10,CHULA VISTA,,4,4,4,4
2024-12-10,EL CAJON,,1,1,1,1
2024-12-10,ESCONDIDO,,2,2,2,2
2024-12-10,HARBOR POLICE,,3,3,3,3
2024-12-10,LA MESA,,1,1,1,1
2024-12-10,NATIONAL CITY,,1,1,1,1
2024-12-10,SAN DIEGO,,25,24,25,25
2024-12-10,SHERIFF,,5,5,5,5
2024-12-11,CARLSBAD,,2,2,2,2
2024-12-11,CHULA VISTA,,3,3,3,3
2024-12-11,EL CAJON,,2,2,2,2
2024-12-11,ESCONDIDO,,2,2,2,2
2024-12-11,HARBOR POLICE,,1,1,1,1
2024-12-11,LA MESA,,4,4,4,4
2024-12-11,NATIONAL CITY,,1,1,1,1
2024-12-11,OCEANSIDE,,3,3,3,3
2024-12-11,SAN DIEGO,,25,24,25,25
2024-12-11,SHERIFF,,19,19,19,19
2024-12-12,CARLSBAD,,2,2,2,2
2024-12-12,EL CAJON,,3,3,3,3
2024-12-12,ESCONDIDO,,4,4,4,4
2024-12-12,LA MESA,,2,2,2,2
2024-12-12,NATIONAL CITY,,2,2,2,2
2024-12-12,OCEANSIDE,,4,4,4,4
2024-12-12,SAN DIEGO,,26,26,26,26
2024-12-12,SHERIFF,,12,12,12,12
2024-12-13,CARLSBAD,,3,3,3,3
2024-12-13,CHULA VISTA,,2,2,2,2
2024-12-13,EL CAJON,,8,4,8,8
2024-12-13,ESCONDIDO,,4,4,4,4
2024-12-13,HARBOR POLICE,,2,2,2,2
2024-12-13,LA MESA,,4,4,4,4
2024-12-13,OCEANSIDE,,1,1,1,1
2024-12-13,SAN DIEGO,,30,30,30,30
2024-12-13,SHERIFF,,8,8,8,8
2024-12-14,CARLSBAD,,2,2,2,2
2024-12-14,CHULA VISTA,,5,5,5,5
2024-12-14,EL CAJON,,1,1,1,1
2024-12-14,ESCONDIDO,,6,5,6,6
2024-12-14,HARBOR POLICE,,1,1,1,1
2024-12-14,LA MESA,,2,2,2,2
2024-12-14,NATIONAL CITY,,2,2,2,2
2024-12-14,OCEANSIDE,,3,3,3,3
2024-12-14,SAN DIEGO,,36,35,36,36
2024-12-14,SHERIFF,,14,14,14,14
2024-12-15,CARLSBAD,,1,1,1,1
2024-12-15,CHULA VISTA,,2,2,2,2
2024-12-15,EL CAJON,,2,2,2,2
2024-12-15,ESCONDIDO,,3,3,3,3
2024-12-15,LA MESA,,1,1,1,1
2024-12-15,NATIONAL CITY,,2,2,2,2
2024-12-15,OCEANSIDE,,3,3,3,3
2024-12-15,SAN DIEGO,,23,23,23,23
2024-12-15,SHERIFF,,8,8,8,8
2024-12-16,EL CAJON,,1,1,1,1
2024-12-16,ESCONDIDO,,3,3,3,3
2024-12-16,HARBOR POLICE,,4,4,4,4
2024-12-16,LA MESA,,2,2,2,2
2024-12-16,OCEANSIDE,,2,2,2,2
2024-12-16,SAN DIEGO,,22,22,22,22
2024-12-16,SHERIFF,,13,13,13,13
2024-12-17,CARLSBAD,,2,2,2,2
2024-12-17,CHULA VISTA,,2,2,2,2
2024-12-17,EL CAJON,,1,1,1,1
2024-12-17,ESCONDIDO,,5,5,5,5
2024-12-17,HARBOR POLICE,,1,1,1,1
2024-12-17,LA MESA,,2,2,2,2
2024-12-17,NATIONAL CITY,,2,2,2,2
2024-12-17,OCEANSIDE,,1,1,1,1
2024-12-17,SAN DIEGO,,30,29,30,30
2024-12-17,SHERIFF,,11,11,11,11
2024-12-18,CARLSBAD,,1,1,1,1
2024-12-18,CHULA VISTA,,2,2,2,2
2024-12-18,EL CAJON,,3,3,3,3
2024-12-18,ESCONDIDO,,5,5,5,5
2024-12-18,HARBOR POLICE,,1,1,1,1
2024-12-18,LA MESA,,2,2,2,2
2024-12-18,NATIONAL CITY,,1,1,1,1
2024-12-18,OCEANSIDE,,3,3,3,3
2024-12-18,SAN DIEGO,,45,45,45,45
2024-12-18,SHERIFF,,11,11,11,11
2024-12-19,CARLSBAD,,1,1,1,1
2024-12-19,CHULA VISTA,,4,4,4,4
2024-12-19,EL CAJON,,3,2,3,3
2024-12-19,ESCONDIDO,,4,4,4,4
2024-12-19,HARBOR POLICE,,2,2,2,2
2024-12-19,LA MESA,,4,4,4,4
2024-12-19,OCEANSIDE,,2,2,2,2
2024-12-19,SAN DIEGO,,28,27,28,28
2024-12-19,SHERIFF,,7,7,7,7
2024-12-20,CARLSBAD,,4,4,4,4
2024-12-20,CHULA VISTA,,4,4,4,4
2024-12-20,EL CAJON,,3,3,3,3
2024-12-20,ESCONDIDO,,8,8,8,8
2024-12-20,HARBOR POLICE,,1,1,1,1
2024-12-20,LA MESA,,2,2,2,2
2024-12-20,NATIONAL CITY,,1,1,1,1
2024-12-20,OCEANSIDE,,3,3,3,3
2024-12-20,SAN DIEGO,,25,25,25,25
2024-12-20,SHERIFF,,15,15,15,15
2024-12-21,CARLSBAD,,3,3,3,3
2024-12-21,CHULA VISTA,,5,5,5,5
2024-12-21,EL CAJON,,4,4,4,4
2024-12-21,ESCONDIDO,,6,6,6,6
2024-12-21,HARBOR POLICE,,1,1,1,1
2024-12-21,LA MESA,,1,1,1,1
2024-12-21,NATIONAL CITY,,1,1,1,1
2024-12-21,OCEANSIDE,,2,2,2,2
2024-12-21,SAN DIEGO,,29,29,29,29
2024-12-21,SHERIFF,,7,7,7,7
2024-12-22,CARLSBAD,,2,2,2,2
2024-12-22,CHULA VISTA,,8,8,8,8
2024-12-22,EL CAJON,,4,3,3,3
2024-12-22,ESCONDIDO,,4,4,4,4
2024-12-22,HARBOR POLICE,,3,3,3,3
2024-12-22,LA MESA,,1,1,1,1
2024-12-22,NATIONAL CITY,,4,4,4,4
2024-12-22,OCEANSIDE,,2,2,2,2
2024-12-22,SAN DIEGO,,23,23,23,23
2024-12-22,SHERIFF,,7,7,7,7
2024-12-23,CHULA VISTA,,2,2,2,2
2024-12-23,EL CAJON,,3,3,3,3
2024-12-23,ESCONDIDO,,4,4,4,4
2024-12-23,HARBOR POLICE,,2,2,2,2
2024-12-23,LA MESA,,3,3,3,3
2024-12-23,NATIONAL CITY,,1,1,1,1
2024-12-23,SAN DIEGO,,15,15,15,15
2024-12-23,SHERIFF,,5,5,5,5
2024-12-24,CHULA VISTA,,1,1,1,1
2024-12-24,EL CAJON,,4,4,4,4
2024-12-24,HARBOR POLICE,,2,2,2,2
2024-12-24,LA MESA,,2,2,2,2
2024-12-24,OCEANSIDE,,3,3,3,3
2024-12-24,SAN DIEGO,,13,13,13,13
2024-12-24,SHERIFF,,8,8,8,8
2024-12-25,CARLSBAD,,2,2,2,2
2024-12-25,CHULA VISTA,,1,1,1,1
2024-12-25,ESCONDIDO,,4,4,4,4
2024-12-25,HARBOR POLICE,,1,1,1,1
2024-12-25,LA MESA,,1,1,1,1
2024-12-25,NATIONAL CITY,,2,2,2,2
2024-12-25,OCEANSIDE,,5,5,5,5
2024-12-25,SAN DIEGO,,11,11,11,11
2024-12-25,SHERIFF,,4,4,4,4
2024-12-26,CARLSBAD,,2,2,2,2
2024-12-26,EL CAJON,,4,3,4,4
2024-12-26,ESCONDIDO,,4,4,4,4
2024-12-26,OCEANSIDE,,1,1,1,1
2024-12-26,SAN DIEGO,,23,22,23,23
2024-12-26,SHERIFF,,5,5,5,5
2024-12-27,CARLSBAD,,2,2,2,2
2024-12-27,CHULA VISTA,,7,7,7,7
2024-12-27,EL CAJON,,2,2,2,2
2024-12-27,ESCONDIDO,,7,7,7,7
2024-12-27,HARBOR POLICE,,1,1,1,1
2024-12-27,LA MESA,,1,1,1,1
2024-12-27,NATIONAL CITY,,1,1,1,1
2024-12-27,SAN DIEGO,,26,26,26,26
2024-12-27,SHERIFF,,9,9,9,9
2024-12-28,CARLSBAD,,1,1,1,1
2024-12-28,CHULA VISTA,,4,4,4,4
2024-12-28,EL CAJON,,3,3,3,3
2024-12-28,ESCONDIDO,,8,6,8,8
2024-12-28,LA MESA,,4,4,4,4
2024-12-28,NATIONAL CITY,,1,1,1,1
2024-12-28,OCEANSIDE,,2,2,2,2
2024-12-28,SAN DIEGO,,43,42,43,43
2024-12-28,SHERIFF,,4,4,4,4
2024-12-29,CARLSBAD,,1,1,1,1
2024-12-29,CHULA VISTA,,4,4,4,4
2024-12-29,EL CAJON,,3,3,3,3
2024-12-29,ESCONDIDO,,1,1,1,1
2024-12-29,LA MESA,,3,3,3,3
2024-12-29,SAN DIEGO,,20,19,20,20
2024-12-29,SHERIFF,,5,5,5,5
2024-12-30,CARLSBAD,,2,2,2,2
2024-12-30,CHULA VISTA,,2,2,2,2
2024-12-30,EL CAJON,,4,4,4,4
2024-12-30,ESCONDIDO,,4,4,4,4
2024-12-30,HARBOR POLICE,,1,1,1,1
2024-12-30,NATIONAL CITY,,1,1,1,1
2024-12-30,OCEANSIDE,,3,3,3,3
2024-12-30,SAN DIEGO,,19,19,19,19
2024-12-30,SHERIFF,,12,12,12,12
2024-12-31,CARLSBAD,,1,1,1,1
2024-12-31,CHULA VISTA,,2,2,2,2
2024-12-31,EL CAJON,,3,2,3,3
2024-12-31,ESCONDIDO,,2,2,2,2
2024-12-31,HARBOR POLICE,,1,1,1,1
2024-12-31,LA MESA,,2,2,2,2
2024-12-31,NATIONAL CITY,,3,3,3,3
2024-12-31,OCEANSIDE,,3,3,3,3
2024-12-31,SAN DIEGO,,26,26,26,26
2024-12-31,SHERIFF,,4,4,4,4
2025-01-01,CARLSBAD,,4,4,4,4
2025-01-01,CHULA VISTA,,6,6,6,6
2025-01-01,EL CAJON,,4,4,4,4
2025-01-01,ESCONDIDO,,8,8,8,8
2025-01-01,HARBOR POLICE,,2,2,2,2
2025-01-01,LA MESA,,5,5,5,5
2025-01-01,NATIONAL CITY,,1,1,1,1
2025-01-01,OCEANSIDE,,3,3,3,3
2025-01-01,SAN DIEGO,,41,40,41,41
2025-01-01,SHERIFF,,9,9,9,9
2025-01-02,CARLSBAD,,1,1,1,1
2025-01-02,CHULA VISTA,,4,4,4,4
2025-01-02,ESCONDIDO,,4,4,4,4
2025-01-02,HARBOR POLICE,,1,1,1,1
2025-01-02,LA MESA,,3,3,3,3
2025-01-02,NATIONAL CITY,,2,2,2,2
2025-01-02,OCEANSIDE,,3,3,3,3
2025-01-02,SAN DIEGO,,18,18,18,18
2025-01-02,SHERIFF,,8,8,8,8
2025-01-03,CARLSBAD,,4,4,4,4
2025-01-03,CHULA VISTA,,7,7,7,7
2025-01-03,EL CAJON,,1,1,1,1
2025-01-03,ESCONDIDO,,7,7,7,7
2025-01-03,HARBOR POLICE,,1,1,1,1
2025-01-03,LA MESA,,2,2,2,2
2025-01-03,NATIONAL CITY,,2,2,2,2
2025-01-03,OCEANSIDE,,4,4,4,4
2025-01-03,SAN DIEGO,,18,18,18,18
2025-01-03,SHERIFF,,10,10,10,10
2025-01-04,CARLSBAD,,2,2,2,2
2025-01-04,CHULA VISTA,,4,4,4,4
2025-01-04,EL CAJON,,2,2,2,2
2025-01-04,ESCONDIDO,,4,4,4,4
2025-01-04,LA MESA,,1,1,1,1
2025-01-04,NATIONAL CITY,,2,2,2,2
2025-01-04,OCEANSIDE,,2,2,2,2
2025-01-04,SAN DIEGO,,24,21,24,24
2025-01-04,SHERIFF,,7,7,7,7
2025-01-05,CARLSBAD,,1,1,1,1
2025-01-05,CHULA VISTA,,4,4,4,4
2025-01-05,EL CAJON,,1,1,1,1
2025-01-05,ESCONDIDO,,4,4,4,4
2025-01-05,LA MESA,,1,1,1,1
2025-01-05,NATIONAL CITY,,1,1,1,1
2025-01-05,OCEANSIDE,,1,1,1,1
2025-01-05,SAN DIEGO,,21,21,21,21
2025-01-05,SHERIFF,,12,12,12,12
2025-01-06,CARLSBAD,,2,2,2,2
2025-01-06,CHULA VISTA,,3,3,3,3
2025-01-06,EL CAJON,,2,2,2,2
2025-01-06,ESCONDIDO,,2,2,2,2
2025-01-06,HARBOR POLICE,,1,1,1,1
2025-01-06,LA MESA,,1,1,1,1
2025-01-06,OCEANSIDE,,3,3,3,3
2025-01-06,SAN DIEGO,,10,10,10,10
2025-01-06,SHERIFF,,4,4,4,4
2025-01-07,CHULA VISTA,,5,5,5,5
2025-01-07,EL CAJON,,3,3,3,3
2025-01-07,ESCONDIDO,,7,7,7,7
2025-01-07,HARBOR POLICE,,2,2,2,2
2025-01-07,LA MESA,,3,3,3,3
2025-01-07,OCEANSIDE,,2,2,2,2
2025-01-07,SAN DIEGO,,19,19,19,19
2025-01-07,SHERIFF,,11,11,11,11
2025-01-08,CHULA VISTA,,4,4,4,4
2025-01-08,EL CAJON,,3,3,3,3
2025-01-08,ESCONDIDO,,5,5,5,5
2025-01-08,LA MESA,,1,1,1,1
2025-01-08,NATIONAL CITY,,2,2,2,2
2025-01-08,OCEANSIDE,,3,3,3,3
2025-01-08,SAN DIEGO,,16,16,16,16
2025-01-08,SHERIFF,,14,14,14,14
2025-01-09,CARLSBAD,,3,3,3,3
2025-01-09,CHULA VISTA,,3,3,3,3
2025-01-09,EL CAJON,,5,5,5,5
2025-01-09,LA MESA,,5,5,5,5
2025-01-09,NATIONAL CITY,,2,2,2,2
2025-01-09,OCEANSIDE,,4,4,4,4
2025-01-09,SAN DIEGO,,28,28,28,28
2025-01-09,SHERIFF,,7,7,7,7
2025-01-10,CARLSBAD,,1,1,1,1
2025-01-10,CHULA VISTA,,5,5,5,5
2025-01-10,EL CAJON,,4,4,4,4
2025-01-10,ESCONDIDO,,3,3,3,3
2025-01-10,HARBOR POLICE,,1,1,1,1
2025-01-10,LA MESA,,1,1,1,1
2025-01-10,NATIONAL CITY,,3,3,3,3
2025-01-10,OCEANSIDE,,5,5,5,5
2025-01-10,SAN DIEGO,,16,16,16,16
2025-01-10,SHERIFF,,10,10,10,10
2025-01-11,CARLSBAD,,1,1,1,1
2025-01-11,CHULA VISTA,,3,3,3,3
2025-01-11,EL CAJON,,2,2,2,2
2025-01-11,ESCONDIDO,,4,4,4,4
2025-01-11,HARBOR POLICE,,1,1,1,1
2025-01-11,NATIONAL CITY,,3,3,3,3
2025-01-11,OCEANSIDE,,1,1,1,1
2025-01-11,SAN DIEGO,,32,30,32,31
2025-01-11,SHERIFF,,4,4,4,4
2025-01-12,CARLSBAD,,2,2,2,2
2025-01-12,CHULA VISTA,,3,3,3,3
2025-01-12,EL CAJON,,4,3,4,4
2025-01-12,ESCONDIDO,,7,7,7,7
2025-01-12,HARBOR POLICE,,1,1,1,1
2025-01-12,LA MESA,,1,1,1,1
2025-01-12,NATIONAL CITY,,2,2,2,2
2025-01-12,SAN DIEGO,,25,25,25,25
2025-01-12,SHERIFF,,8,8,8,8
2025-01-13,CARLSBAD,,1,1,1,1
2025-01-13,CHULA VISTA,,2,2,2,2
2025-01-13,EL CAJON,,7,7,7,7
2025-01-13,ESCONDIDO,,2,2,2,2
2025-01-13,HARBOR POLICE,,1,1,1,1
2025-01-13,LA MESA,,2,2,2,2
2025-01-13,NATIONAL CITY,,2,2,2,2
2025-01-13,OCEANSIDE,,1,1,1,1
2025-01-13,SAN DIEGO,,19,19,19,19
2025-01-13,SHERIFF,,6,6,6,6
2025-01-14,CARLSBAD,,1,1,1,1
2025-01-14,CHULA VISTA,,6,6,6,6
2025-01-14,EL CAJON,,5,5,5,5
2025-01-14,ESCONDIDO,,4,4,4,4
2025-01-14,LA MESA,,2,2,2,2
2025-01-14,NATIONAL CITY,,2,2,2,2
2025-01-14,OCEANSIDE,,2,2,2,2
2025-01-14,SAN DIEGO,,20,20,20,20
2025-01-14,SHERIFF,,8,8,8,8
2025-01-15,CARLSBAD,,2,2,2,2
2025-01-15,CHULA VISTA,,3,3,3,3
2025-01-15,EL CAJON,,4,4,4,4
2025-01-15,ESCONDIDO,,4,4,4,4
2025-01-15,LA MESA,,2,2,2,2
2025-01-15,NATIONAL CITY,,2,2,2,2
2025-01-15,OCEANSIDE,,2,2,2,2
2025-01-15,SAN DIEGO,,19,19,19,19
2025-01-15,SHERIFF,,8,8,8,8
2025-01-16,CHULA VISTA,,12,12,12,12
2025-01-16,EL CAJON,,1,1,1,1
2025-01-16,ESCONDIDO,,4,4,4,4
2025-01-16,HARBOR POLICE,,1,1,1,1
2025-01-16,LA MESA,,1,1,1,1
2025-01-16,NATIONAL CITY,,2,2,2,2
2025-01-16,OCEANSIDE,,1,1,1,1
2025-01-16,SAN DIEGO,,23,23,23,23
2025-01-16,SHERIFF,,13,13,13,13
2025-01-17,CHULA VISTA,,3,3,3,3
2025-01-17,EL CAJON,,2,2,2,2
2025-01-17,ESCONDIDO,,2,2,2,2
2025-01-17,HARBOR POLICE,,1,1,1,1
2025-01-17,LA MESA,,1,1,1,1
2025-01-17,NATIONAL CITY,,1,1,1,1
2025-01-17,OCEANSIDE,,2,2,2,2
2025-01-17,SAN DIEGO,,21,20,21,21
2025-01-17,SHERIFF,,9,9,9,9
2025-01-18,CARLSBAD,,2,2,2,2
2025-01-18,CHULA VISTA,,3,3,3,3
2025-01-18,EL CAJON,,2,2,2,2
2025-01-18,ESCONDIDO,,10,10,10,10
2025-01-18,LA MESA,,1,1,1,1
2025-01-18,NATIONAL CITY,,2,2,2,2
2025-01-18,SAN DIEGO,,26,26,26,26
2025-01-18,SHERIFF,,11,11,11,11
2025-01-19,CHULA VISTA,,4,4,4,4
2025-01-19,ESCONDIDO,,2,2,2,2
2025-01-19,LA MESA,,2,2,2,2
2025-01-19,OCEANSIDE,,3,3,3,3
2025-01-19,SAN DIEGO,,22,22,22,22
2025-01-19,SHERIFF,,9,9,9,9
2025-01-20,CARLSBAD,,2,2,2,2
2025-01-20,CHULA VISTA,,3,3,3,3
2025-01-20,EL CAJON,,2,2,2,2
2025-01-20,ESCONDIDO,,5,5,5,5
2025-01-20,HARBOR POLICE,,1,1,1,1
2025-01-20,OCEANSIDE,,2,2,2,2
2025-01-20,SAN DIEGO,,13,13,13,13
2025-01-20,SHERIFF,,6,6,6,6
2025-01-21,CARLSBAD,,1,1,1,1
2025-01-21,CHULA VISTA,,2,2,2,2
2025-01-21,EL CAJON,,3,3,3,3
2025-01-21,ESCONDIDO,,3,2,3,3
2025-01-21,HARBOR POLICE,,1,1,1,1
2025-01-21,LA MESA,,5,4,5,5
2025-01-21,NATIONAL CITY,,4,4,4,4
2025-01-21,OCEANSIDE,,2,2,2,2
2025-01-21,SAN DIEGO,,12,12,12,12
2025-01-21,SHERIFF,,12,12,12,12
2025-01-22,CARLSBAD,,3,3,3,3
2025-01-22,CHULA VISTA,,2,2,2,2
2025-01-22,EL CAJON,,1,1,1,1
2025-01-22,ESCONDIDO,,7,6,7,7
2025-01-22,LA MESA,,3,3,3,3
2025-01-22,NATIONAL CITY,,2,2,2,2
2025-01-22,OCEANSIDE,,4,4,4,4
2025-01-22,SAN DIEGO,,18,16,18,18
2025-01-22,SHERIFF,,6,6,6,6
2025-01-23,CARLSBAD,,3,3,3,3
2025-01-23,CHULA VISTA,,5,5,5,5
2025-01-23,EL CAJON,,4,2,4,4
2025-01-23,ESCONDIDO,,4,4,4,4
2025-01-23,LA MESA,,2,2,2,2
2025-01-23,OCEANSIDE,,4,4,4,4
2025-01-23,SAN DIEGO,,17,17,17,17
2025-01-23,SHERIFF,,15,15,15,15
2025-01-24,CARLSBAD,,4,4,4,4
2025-01-24,CHULA VISTA,,3,3,3,3
2025-01-24,EL CAJON,,1,1,1,1
2025-01-24,ESCONDIDO,,8,8,8,8
2025-01-24,HARBOR POLICE,,1,1,1,1
2025-01-24,LA MESA,,3,2,3,3
2025-01-24,NATIONAL CITY,,1,1,1,1
2025-01-24,OCEANSIDE,,6,6,6,6
2025-01-24,SAN DIEGO,,22,22,22,22
2025-01-24,SHERIFF,,9,9,9,9
2025-01-25,CARLSBAD,,1,1,1,1
2025-01-25,CHULA VISTA,,6,6,6,6
2025-01-25,EL CAJON,,1,1,1,1
2025-01-25,ESCONDIDO,,8,8,8,8
2025-01-25,HARBOR POLICE,,1,1,1,1
2025-01-25,LA MESA,,3,3,3,3
2025-01-25,NATIONAL CITY,,3,3,3,3
2025-01-25,OCEANSIDE,,2,2,2,2
2025-01-25,SAN DIEGO,,30,28,30,30
2025-01-25,SHERIFF,,10,10,10,10
2025-01-26,CARLSBAD,,2,2,2,2
2025-01-26,CHULA VISTA,,6,6,6,6
2025-01-26,EL CAJON,,4,4,4,4
2025-01-26,ESCONDIDO,,7,7,7,7
2025-01-26,NATIONAL CITY,,1,1,1,1
2025-01-26,OCEANSIDE,,2,2,2,2
2025-01-26,SAN DIEGO,,16,16,16,16
2025-01-26,SHERIFF,,6,6,6,6
2025-01-27,CARLSBAD,,1,1,1,1
2025-01-27,CHULA VISTA,,1,1,1,1
2025-01-27,EL CAJON,,4,4,4,4
2025-01-27,ESCONDIDO,,3,3,3,3
2025-01-27,LA MESA,,3,3,3,3
2025-01-27,OCEANSIDE,,3,2,3,3
2025-01-27,SAN DIEGO,,19,19,19,19
2025-01-27,SHERIFF,,9,9,9,9
2025-01-28,CHULA VISTA,,1,1,1,1
2025-01-28,EL CAJON,,3,3,3,3
2025-01-28,ESCONDIDO,,4,4,4,4
2025-01-28,HARBOR POLICE,,2,2,2,2
2025-01-28,LA MESA,,2,2,2,2
2025-01-28,NATIONAL CITY,,1,1,1,1
2025-01-28,OCEANSIDE,,3,3,3,3
2025-01-28,SAN DIEGO,,24,24,24,24
2025-01-28,SHERIFF,,5,5,5,5
2025-01-29,CARLSBAD,,1,1,1,1
2025-01-29,CHULA VISTA,,3,3,3,3
2025-01-29,EL CAJON,,5,4,5,5
2025-01-29,ESCONDIDO,,4,4,4,4
2025-01-29,HARBOR POLICE,,1,1,1,1
2025-01-29,LA MESA,,1,1,1,1
2025-01-29,OCEANSIDE,,1,1,1,1
2025-01-29,SAN DIEGO,,34,34,34,34
2025-01-29,SHERIFF,,8,8,8,8
2025-01-30,CARLSBAD,,1,1,1,1
2025-01-30,CHULA VISTA,,4,4,4,4
2025-01-30,EL CAJON,,4,4,4,4
2025-01-30,ESCONDIDO,,4,3,4,4
2025-01-30,HARBOR POLICE,,2,2,2,2
2025-01-30,LA MESA,,1,1,1,1
2025-01-30,NATIONAL CITY,,2,2,2,2
2025-01-30,OCEANSIDE,,4,4,4,4
2025-01-30,SAN DIEGO,,28,27,28,28
2025-01-30,SHERIFF,,10,10,10,10
2025-01-31,EL CAJON,,2,2,2,2
2025-01-31,ESCONDIDO,,5,4,5,5
2025-01-31,LA MESA,,2,2,2,2
2025-01-31,NATIONAL CITY,,1,1,1,1
2025-01-31,OCEANSIDE,,5,5,5,5
2025-01-31,SAN DIEGO,,27,27,27,27
2025-01-31,SHERIFF,,6,6,6,6
2025-02-01,CARLSBAD,,3,3,3,3
2025-02-01,CHULA VISTA,,5,5,5,5
2025-02-01,EL CAJON,,3,2,2,2
2025-02-01,ESCONDIDO,,3,3,3,3
2025-02-01,HARBOR POLICE,,4,4,4,4
2025-02-01,LA MESA,,4,4,4,4
2025-02-01,NATIONAL CITY,,1,1,1,1
2025-02-01,OCEANSIDE,,1,1,1,1
2025-02-01,SAN DIEGO,,34,34,34,34
2025-02-01,SHERIFF,,6,6,6,6
2025-02-02,CHULA VISTA,,2,2,2,2
2025-02-02,EL CAJON,,4,4,4,4
2025-02-02,ESCONDIDO,,3,3,3,3
2025-02-02,HARBOR POLICE,,2,2,2,2
2025-02-02,OCEANSIDE,,5,5,5,5
2025-02-02,SAN DIEGO,,19,19,19,19
2025-02-02,SHERIFF,,6,6,6,6
2025-02-03,CHULA VISTA,,5,5,5,5
2025-02-03,EL CAJON,,1,1,1,1
2025-02-03,ESCONDIDO,,2,2,2,2
2025-02-03,HARBOR POLICE,,1,1,1,1
2025-02-03,NATIONAL CITY,,2,2,2,2
2025-02-03,OCEANSIDE,,2,2,2,2
2025-02-03,SAN DIEGO,,27,27,27,27
2025-02-03,SHERIFF,,10,10,10,10
2025-02-04,CARLSBAD,,3,3,3,3
2025-02-04,CHULA VISTA,,2,2,2,2
2025-02-04,EL CAJON,,3,3,3,3
2025-02-04,ESCONDIDO,,3,3,3,3
2025-02-04,HARBOR POLICE,,1,1,1,1
2025-02-04,LA MESA,,2,2,2,2
2025-02-04,NATIONAL CITY,,1,1,1,1
2025-02-04,OCEANSIDE,,1,1,1,1
2025-02-04,SAN DIEGO,,19,19,19,19
2025-02-04,SHERIFF,,10,10,10,10
2025-02-05,CARLSBAD,,3,3,3,3
2025-02-05,CHULA VISTA,,1,1,1,1
2025-02-05,EL CAJON,,4,4,4,4
2025-02-05,ESCONDIDO,,6,6,6,6
2025-02-05,HARBOR POLICE,,2,2,2,2
2025-02-05,LA MESA,,1,1,1,1
2025-02-05,NATIONAL CITY,,2,2,2,2
2025-02-05,OCEANSIDE,,4,4,4,4
2025-02-05,SAN DIEGO,,27,27,27,27
2025-02-05,SHERIFF,,11,11,11,11
2025-02-06,CARLSBAD,,2,2,2,2
2025-02-06,CHULA VISTA,,4,3,4,4
2025-02-06,EL CAJON,,3,3,3,3
2025-02-06,ESCONDIDO,,2,2,2,2
2025-02-06,HARBOR POLICE,,1,1,1,1
2025-02-06,LA MESA,,2,2,2,2
2025-02-06,NATIONAL CITY,,3,3,3,3
2025-02-06,OCEANSIDE,,2,2,2,2
2025-02-06,SAN DIEGO,,25,25,25,25
2025-02-06,SHERIFF,,12,12,12,12
2025-02-07,CARLSBAD,,4,4,4,4
2025-02-07,CHULA VISTA,,5,5,5,5
2025-02-07,EL CAJON,,1,1,1,1
2025-02-07,ESCONDIDO,,4,4,4,4
2025-02-07,LA MESA,,5,5,5,5
2025-02-07,NATIONAL CITY,,3,3,3,3
2025-02-07,OCEANSIDE,,3,3,3,3
2025-02-07,SAN DIEGO,,27,23,27,27
2025-02-07,SHERIFF,,7,7,7,7
2025-02-08,CARLSBAD,,1,1,1,1
2025-02-08,CHULA VISTA,,9,9,9,9
2025-02-08,EL CAJON,,2,2,2,2
2025-02-08,ESCONDIDO,,10,10,10,10
2025-02-08,LA MESA,,2,2,2,2
2025-02-08,NATIONAL CITY,,1,1,1,1
2025-02-08,OCEANSIDE,,3,2,3,3
2025-02-08,SAN DIEGO,,30,30,30,30
2025-02-08,SHERIFF,,4,4,4,4
2025-02-09,CHULA VISTA,,4,4,4,4
2025-02-09,EL CAJON,,1,1,1,1
2025-02-09,ESCONDIDO,,8,8,8,8
2025-02-09,LA MESA,,3,3,3,3
2025-02-09,OCEANSIDE,,3,3,3,3
2025-02-09,SAN DIEGO,,21,20,20,20
2025-02-09,SHERIFF,,6,6,6,6
2025-02-10,CHULA VISTA,,2,2,2,2
2025-02-10,EL CAJON,,4,3,4,4
2025-02-10,ESCONDIDO,,8,8,8,8
2025-02-10,HARBOR POLICE,,1,1,1,1
2025-02-10,LA MESA,,4,4,4,4
2025-02-10,SAN DIEGO,,23,23,23,23
2025-02-10,SHERIFF,,8,8,8,8
2025-02-11,CARLSBAD,,3,3,3,3
2025-02-11,CHULA VISTA,,2,2,2,2
2025-02-11,EL CAJON,,2,2,2,2
2025-02-11,ESCONDIDO,,5,5,5,5
2025-02-11,HARBOR POLICE,,2,2,2,2
2025-02-11,LA MESA,,1,1,1,1
2025-02-11,NATIONAL CITY,,8,3,6,6
2025-02-11,OCEANSIDE,,1,1,1,1
2025-02-11,SAN DIEGO,,7,7,7,7
2025-02-11,SHERIFF,,6,6,6,6
2025-02-12,CARLSBAD,,3,3,3,3
2025-02-12,CHULA VISTA,,2,2,2,2
2025-02-12,EL CAJON,,1,1,1,1
2025-02-12,ESCONDIDO,,5,5,5,5
2025-02-12,HARBOR POLICE,,2,2,2,2
2025-02-12,LA MESA,,2,2,2,2
2025-02-12,NATIONAL CITY,,1,1,1,1
2025-02-12,OCEANSIDE,,1,1,1,1
2025-02-12,SAN DIEGO,,38,38,38,38
2025-02-12,SHERIFF,,9,9,9,9
2025-02-13,CARLSBAD,,5,5,5,5
2025-02-13,CHULA VISTA,,3,3,3,3
2025-02-13,EL CAJON,,2,2,2,2
2025-02-13,ESCONDIDO,,3,3,3,3
2025-02-13,HARBOR POLICE,,1,1,1,1
2025-02-13,LA MESA,,1,1,1,1
2025-02-13,NATIONAL CITY,,1,1,1,1
2025-02-13,OCEANSIDE,,3,3,3,3
2025-02-13,SAN DIEGO,,9,9,9,9
2025-02-13,SHERIFF,,6,6,6,6
2025-02-14,CARLSBAD,,2,2,2,2
2025-02-14,CHULA VISTA,,1,1,1,1
2025-02-14,EL CAJON,,3,3,3,3
2025-02-14,ESCONDIDO,,5,5,5,5
2025-02-14,HARBOR POLICE,,2,2,2,2
2025-02-14,LA MESA,,3,3,3,3
2025-02-14,NATIONAL CITY,,1,1,1,1
2025-02-14,OCEANSIDE,,4,4,4,4
2025-02-14,SAN DIEGO,,33,33,33,33
2025-02-14,SHERIFF,,14,14,14,14
2025-02-15,CARLSBAD,,4,4,4,4
2025-02-15,CHULA VISTA,,9,9,9,9
2025-02-15,EL CAJON,,4,4,4,4
2025-02-15,ESCONDIDO,,5,5,5,5
2025-02-15,LA MESA,,2,2,2,2
2025-02-15,OCEANSIDE,,3,3,3,3
2025-02-15,SAN DIEGO,,32,32,32,32
2025-02-15,SHERIFF,,9,9,9,9
2025-02-16,CHULA VISTA,,9,9,9,9
2025-02-16,EL CAJON,,2,2,2,2
2025-02-16,ESCONDIDO,,3,3,3,3
2025-02-16,LA MESA,,2,2,2,2
2025-02-16,NATIONAL CITY,,5,5,5,5
2025-02-16,OCEANSIDE,,3,3,3,3
2025-02-16,SAN DIEGO,,18,18,18,18
2025-02-16,SHERIFF,,5,5,5,5
2025-02-17,CARLSBAD,,4,3,4,4
2025-02-17,CHULA VISTA,,2,2,2,2
2025-02-17,EL CAJON,,4,4,4,4
2025-02-17,LA MESA,,1,1,1,1
2025-02-17,NATIONAL CITY,,2,2,2,2
2025-02-17,SAN DIEGO,,17,16,17,17
2025-02-17,SHERIFF,,6,6,6,6
2025-02-18,CARLSBAD,,1,1,1,1
2025-02-18,CHULA VISTA,,3,3,3,3
2025-02-18,EL CAJON,,5,4,5,5
2025-02-18,ESCONDIDO,,5,5,5,5
2025-02-18,LA MESA,,2,2,2,2
2025-02-18,NATIONAL CITY,,3,3,3,3
2025-02-18,OCEANSIDE,,2,2,2,2
2025-02-18,SAN DIEGO,,24,22,24,24
2025-02-18,SHERIFF,,8,8,8,8
2025-02-19,CARLSBAD,,1,1,1,1
2025-02-19,CHULA VISTA,,2,2,2,2
2025-02-19,EL CAJON,,2,2,2,2
2025-02-19,ESCONDIDO,,8,8,8,8
2025-02-19,NATIONAL CITY,,2,2,2,2
2025-02-19,OCEANSIDE,,2,2,2,2
2025-02-19,SAN DIEGO,,23,23,23,23
2025-02-19,SHERIFF,,11,11,11,11
2025-02-20,CARLSBAD,,2,2,2,2
2025-02-20,CHULA VISTA,,3,3,3,3
2025-02-20,EL CAJON,,5,4,5,5
2025-02-20,ESCONDIDO,,3,3,3,3
2025-02-20,HARBOR POLICE,,2,2,2,2
2025-02-20,LA MESA,,2,2,2,2
2025-02-20,NATIONAL CITY,,5,5,5,5
2025-02-20,OCEANSIDE,,3,3,3,3
2025-02-20,SAN DIEGO,,34,33,33,33
2025-02-20,SHERIFF,,11,11,11,11
2025-02-21,CARLSBAD,,2,2,2,2
2025-02-21,CHULA VISTA,,1,1,1,1
2025-02-21,EL CAJON,,8,8,8,8
2025-02-21,ESCONDIDO,,8,7,8,8
2025-02-21,HARBOR POLICE,,1,1,1,1
2025-02-21,LA MESA,,2,2,2,2
2025-02-21,NATIONAL CITY,,1,1,1,1
2025-02-21,OCEANSIDE,,2,2,2,2
2025-02-21,SAN DIEGO,,28,27,27,27
2025-02-21,SHERIFF,,8,8,8,8
2025-02-22,CARLSBAD,,2,2,2,2
2025-02-22,CHULA VISTA,,8,8,8,8
2025-02-22,ESCONDIDO,,3,3,3,3
2025-02-22,LA MESA,,1,1,1,1
2025-02-22,OCEANSIDE,,3,3,3,3
2025-02-22,SAN DIEGO,,36,36,36,36
2025-02-22,SHERIFF,,7,7,7,7
2025-02-23,CARLSBAD,,3,3,3,3
2025-02-23,CHULA VISTA,,7,7,7,7
2025-02-23,EL CAJON,,2,2,2,2
2025-02-23,ESCONDIDO,,5,5,5,5
2025-02-23,HARBOR POLICE,,2,2,2,2
2025-02-23,LA MESA,,1,1,1,1
2025-02-23,NATIONAL CITY,,1,1,1,1
2025-02-23,OCEANSIDE,,1,1,1,1
2025-02-23,SAN DIEGO,,24,24,24,24
2025-02-23,SHERIFF,,10,10,10,10
2025-02-24,CARLSBAD,,1,1,1,1
2025-02-24,CHULA VISTA,,6,6,6,6
2025-02-24,EL CAJON,,5,5,5,5
2025-02-24,ESCONDIDO,,5,5,5,5
2025-02-24,HARBOR POLICE,,1,1,1,1
2025-02-24,OCEANSIDE,,2,2,2,2
2025-02-24,SAN DIEGO,,26,26,26,26
2025-02-24,SHERIFF,,7,7,7,7
2025-02-25,CARLSBAD,,1,1,1,1
2025-02-25,CHULA VISTA,,2,2,2,2
2025-02-25,EL CAJON,,4,3,4,4
2025-02-25,ESCONDIDO,,4,4,4,4
2025-02-25,HARBOR POLICE,,1,1,1,1
2025-02-25,LA MESA,,1,1,1,1
2025-02-25,NATIONAL CITY,,1,1,1,1
2025-02-25,OCEANSIDE,,2,2,2,2
2025-02-25,SAN DIEGO,,12,12,12,12
2025-02-25,SHERIFF,,6,6,6,6
2025-02-26,CARLSBAD,,2,2,2,2
2025-02-26,CHULA VISTA,,1,1,1,1
2025-02-26,EL CAJON,,3,3,3,3
2025-02-26,ESCONDIDO,,7,7,7,7
2025-02-26,HARBOR POLICE,,1,1,1,1
2025-02-26,LA MESA,,4,3,4,4
2025-02-26,OCEANSIDE,,2,2,2,2
2025-02-26,SAN DIEGO,,26,25,25,25
2025-02-26,SHERIFF,,8,8,8,8
2025-02-27,CHULA VISTA,,3,3,3,3
2025-02-27,ESCONDIDO,,7,7,7,7
2025-02-27,HARBOR POLICE,,1,1,1,1
2025-02-27,LA MESA,,4,4,4,4
2025-02-27,NATIONAL CITY,,1,1,1,1
2025-02-27,OCEANSIDE,,3,3,3,3
2025-02-27,SAN DIEGO,,22,22,22,22
2025-02-27,SHERIFF,,15,15,15,15
2025-02-28,CARLSBAD,,3,2,3,3
2025-02-28,CHULA VISTA,,1,1,1,1
2025-02-28,EL CAJON,,5,5,5,5
2025-02-28,ESCONDIDO,,2,2,2,2
2025-02-28,HARBOR POLICE,,2,2,2,2
2025-02-28,LA MESA,,4,4,4,4
2025-02-28,NATIONAL CITY,,1,1,1,1
2025-02-28,OCEANSIDE,,2,2,2,2
2025-02-28,SAN DIEGO,,21,21,21,21
2025-02-28,SHERIFF,,10,10,10,10
2025-03-01,CARLSBAD,,2,2,2,2
2025-03-01,CHULA VISTA,,7,7,7,7
2025-03-01,EL CAJON,,2,2,2,2
2025-03-01,ESCONDIDO,,3,3,3,3
2025-03-01,LA MESA,,2,2,2,2
2025-03-01,NATIONAL CITY,,1,1,1,1
2025-03-01,OCEANSIDE,,4,4,4,4
2025-03-01,SAN DIEGO,,30,30,30,30
2025-03-01,SHERIFF,,11,11,11,11
2025-03-02,CARLSBAD,,4,4,4,4
2025-03-02,CHULA VISTA,,7,7,7,7
2025-03-02,EL CAJON,,4,4,4,4
2025-03-02,ESCONDIDO,,6,6,6,6
2025-03-02,NATIONAL CITY,,2,2,2,2
2025-03-02,OCEANSIDE,,2,2,2,2
2025-03-02,SAN DIEGO,,25,24,25,25
2025-03-02,SHERIFF,,10,10,10,10
2025-03-03,CHULA VISTA,,2,2,2,2
2025-03-03,EL CAJON,,4,4,4,4
2025-03-03,ESCONDIDO,,2,2,2,2
2025-03-03,LA MESA,,2,2,2,2
2025-03-03,OCEANSIDE,,2,2,2,2
2025-03-03,SAN DIEGO,,22,21,22,22
2025-03-03,SHERIFF,,9,8,8,9
2025-03-04,CHULA VISTA,,1,1,1,1
2025-03-04,EL CAJON,,1,1,1,1
2025-03-04,ESCONDIDO,,4,4,4,4
2025-03-04,HARBOR POLICE,,2,2,2,2
2025-03-04,LA MESA,,1,1,1,1
2025-03-04,NATIONAL CITY,,1,1,1,1
2025-03-04,OCEANSIDE,,3,3,3,3
2025-03-04,SAN DIEGO,,17,17,17,17
2025-03-04,SHERIFF,,8,8,8,8
2025-03-05,CARLSBAD,,2,2,2,2
2025-03-05,CHULA VISTA,,4,4,4,4
2025-03-05,EL CAJON,,6,6,6,6
2025-03-05,ESCONDIDO,,5,5,5,5
2025-03-05,HARBOR POLICE,,1,1,1,1
2025-03-05,LA MESA,,2,2,2,2
2025-03-05,OCEANSIDE,,3,3,3,3
2025-03-05,SAN DIEGO,,30,30,30,30
2025-03-05,SHERIFF,,6,6,6,6
2025-03-06,CARLSBAD,,2,2,2,2
2025-03-06,CHULA VISTA,,1,1,1,1
2025-03-06,EL CAJON,,3,2,3,3
2025-03-06,ESCONDIDO,,2,2,2,2
2025-03-06,HARBOR POLICE,,2,2,2,2
2025-03-06,LA MESA,,1,1,1,1
2025-03-06,OCEANSIDE,,4,4,4,4
2025-03-06,SAN DIEGO,,19,18,19,19
2025-03-06,SHERIFF,,6,6,6,6
2025-03-07,CARLSBAD,,3,3,3,3
2025-03-07,CHULA VISTA,,4,4,4,4
2025-03-07,EL CAJON,,2,2,2,2
2025-03-07,ESCONDIDO,,10,10,10,10
2025-03-07,HARBOR POLICE,,1,1,1,1
2025-03-07,LA MESA,,1,1,1,1
2025-03-07,NATIONAL CITY,,2,2,2,2
2025-03-07,OCEANSIDE,,5,5,5,5
2025-03-07,SAN DIEGO,,31,31,31,31
2025-03-07,SHERIFF,,7,7,7,7
2025-03-08,CARLSBAD,,4,4,4,4
2025-03-08,CHULA VISTA,,6,6,6,6
2025-03-08,EL CAJON,,3,3,3,3
2025-03-08,ESCONDIDO,,4,4,4,4
2025-03-08,LA MESA,,2,2,2,2
2025-03-08,NATIONAL CITY,,2,2,2,2
2025-03-08,OCEANSIDE,,3,3,3,3
2025-03-08,SAN DIEGO,,24,22,24,24
2025-03-08,SHERIFF,,8,8,8,8
2025-03-09,CARLSBAD,,2,2,2,2
2025-03-09,CHULA VISTA,,3,3,3,3
2025-03-09,EL CAJON,,2,2,2,2
2025-03-09,ESCONDIDO,,3,3,3,3
2025-03-09,LA MESA,,1,1,1,1
2025-03-09,NATIONAL CITY,,3,3,3,3
2025-03-09,OCEANSIDE,,2,2,2,2
2025-03-09,SAN DIEGO,,32,31,32,32
2025-03-09,SHERIFF,,3,3,3,3
2025-03-10,CARLSBAD,,3,3,3,3
2025-03-10,CHULA VISTA,,4,4,4,4
2025-03-10,EL CAJON,,2,2,2,2
2025-03-10,ESCONDIDO,,5,5,5,5
2025-03-10,HARBOR POLICE,,1,1,1,1
2025-03-10,LA MESA,,1,1,1,1
2025-03-10,NATIONAL CITY,,2,2,2,2
2025-03-10,OCEANSIDE,,6,6,6,6
2025-03-10,SAN DIEGO,,13,13,13,13
2025-03-10,SHERIFF,,10,9,9,10
2025-03-11,CARLSBAD,,3,3,3,3
2025-03-11,CHULA VISTA,,5,5,5,5
2025-03-11,EL CAJON,,3,2,3,3
2025-03-11,ESCONDIDO,,3,3,3,3
2025-03-11,HARBOR POLICE,,1,1,1,1
2025-03-11,NATIONAL CITY,,1,1,1,1
2025-03-11,OCEANSIDE,,1,1,1,1
2025-03-11,SAN DIEGO,,16,16,16,16
2025-03-11,SHERIFF,,9,9,9,9
2025-03-12,EL CAJON,,1,1,1,1
2025-03-12,ESCONDIDO,,6,6,6,6
2025-03-12,HARBOR POLICE,,1,1,1,1
2025-03-12,LA MESA,,4,4,4,4
2025-03-12,NATIONAL CITY,,3,3,3,3
2025-03-12,OCEANSIDE,,1,1,1,1
2025-03-12,SAN DIEGO,,28,27,28,28
2025-03-12,SHERIFF,,7,7,7,7
2025-03-13,CARLSBAD,,2,2,2,2
2025-03-13,CHULA VISTA,,7,7,7,7
2025-03-13,EL CAJON,,1,1,1,1
2025-03-13,ESCONDIDO,,6,6,6,6
2025-03-13,HARBOR POLICE,,1,1,1,1
2025-03-13,LA MESA,,1,1,1,1
2025-03-13,OCEANSIDE,,1,1,1,1
2025-03-13,SAN DIEGO,,18,18,18,18
2025-03-13,SHERIFF,,10,10,10,10
2025-03-14,CHULA VISTA,,3,3,3,3
2025-03-14,EL CAJON,,2,2,2,2
2025-03-14,ESCONDIDO,,5,4,5,5
2025-03-14,HARBOR POLICE,,1,1,1,1
2025-03-14,LA MESA,,1,1,1,1
2025-03-14,OCEANSIDE,,7,7,7,7
2025-03-14,SAN DIEGO,,22,21,22,22
2025-03-14,SHERIFF,,15,15,15,15
2025-03-15,CARLSBAD,,2,2,2,2
2025-03-15,CHULA VISTA,,2,2,2,2
2025-03-15,EL CAJON,,4,4,4,4
2025-03-15,ESCONDIDO,,9,8,9,9
2025-03-15,HARBOR POLICE,,1,1,1,1
2025-03-15,LA MESA,,2,2,2,2
2025-03-15,NATIONAL CITY,,2,2,2,2
2025-03-15,OCEANSIDE,,3,3,3,3
2025-03-15,SAN DIEGO,,40,40,40,40
2025-03-15,SHERIFF,,4,4,4,4
2025-03-16,CARLSBAD,,2,2,2,2
2025-03-16,CHULA VISTA,,7,7,7,7
2025-03-16,EL CAJON,,4,4,4,4
2025-03-16,ESCONDIDO,,11,11,11,11
2025-03-16,LA MESA,,2,1,2,2
2025-03-16,NATIONAL CITY,,3,3,3,3
2025-03-16,OCEANSIDE,,4,4,4,4
2025-03-16,SAN DIEGO,,36,36,36,36
2025-03-16,SHERIFF,,10,9,9,10
2025-03-17,CARLSBAD,,4,4,4,4
2025-03-17,CHULA VISTA,,3,3,3,3
2025-03-17,EL CAJON,,9,4,9,9
2025-03-17,ESCONDIDO,,3,2,3,3
2025-03-17,NATIONAL CITY,,1,1,1,1
2025-03-17,OCEANSIDE,,3,3,3,3
2025-03-17,SAN DIEGO,,31,30,31,31
2025-03-17,SHERIFF,,11,11,11,11
2025-03-18,CARLSBAD,,1,1,1,1
2025-03-18,CHULA VISTA,,3,3,3,3
2025-03-18,EL CAJON,,7,7,7,7
2025-03-18,ESCONDIDO,,4,4,4,4
2025-03-18,HARBOR POLICE,,1,1,1,1
2025-03-18,LA MESA,,2,2,2,2
2025-03-18,NATIONAL CITY,,3,3,3,3
2025-03-18,OCEANSIDE,,2,2,2,2
2025-03-18,SAN DIEGO,,24,23,24,24
2025-03-18,SHERIFF,,7,7,7,7
2025-03-19,CARLSBAD,,3,3,3,3
2025-03-19,CHULA VISTA,,3,3,3,3
2025-03-19,EL CAJON,,12,9,12,11
2025-03-19,ESCONDIDO,,4,4,4,4
2025-03-19,HARBOR POLICE,,1,1,1,1
2025-03-19,LA MESA,,5,4,5,4
2025-03-19,NATIONAL CITY,,1,1,1,1
2025-03-19,OCEANSIDE,,2,2,2,2
2025-03-19,SAN DIEGO,,14,14,14,14
2025-03-19,SHERIFF,,8,6,6,8
2025-03-20,CARLSBAD,,1,1,1,1
2025-03-20,CHULA VISTA,,2,2,2,2
2025-03-20,EL CAJON,,4,4,4,4
2025-03-20,ESCONDIDO,,4,4,4,4
2025-03-20,LA MESA,,1,1,1,1
2025-03-20,NATIONAL CITY,,2,2,2,2
2025-03-20,OCEANSIDE,,5,5,5,5
2025-03-20,SAN DIEGO,,24,23,24,24
2025-03-20,SHERIFF,,12,12,12,12
2025-03-21,CARLSBAD,,2,2,2,2
2025-03-21,CHULA VISTA,,4,4,4,4
2025-03-21,EL CAJON,,2,2,2,2
2025-03-21,ESCONDIDO,,3,3,3,3
2025-03-21,LA MESA,,3,3,3,3
2025-03-21,NATIONAL CITY,,2,2,2,2
2025-03-21,OCEANSIDE,,7,7,7,7
2025-03-21,SAN DIEGO,,27,27,27,27
2025-03-21,SHERIFF,,12,12,12,12
2025-03-22,CARLSBAD,,2,2,2,2
2025-03-22,CHULA VISTA,,4,4,4,4
2025-03-22,EL CAJON,,2,2,2,2
2025-03-22,ESCONDIDO,,6,6,6,6
2025-03-22,LA MESA,,5,5,5,5
2025-03-22,NATIONAL CITY,,5,5,5,5
2025-03-22,OCEANSIDE,,2,2,2,2
2025-03-22,SAN DIEGO,,40,38,39,39
2025-03-22,SHERIFF,,9,9,9,9
2025-03-23,CARLSBAD,,3,3,3,3
2025-03-23,CHULA VISTA,,2,2,2,2
2025-03-23,EL CAJON,,4,4,4,4
2025-03-23,ESCONDIDO,,8,8,8,8
2025-03-23,HARBOR POLICE,,1,1,1,1
2025-03-23,LA MESA,,3,3,3,3
2025-03-23,NATIONAL CITY,,3,3,3,3
2025-03-23,OCEANSIDE,,5,5,5,5
2025-03-23,SAN DIEGO,,22,22,22,22
2025-03-23,SHERIFF,,4,4,4,4
2025-03-24,CHULA VISTA,,7,7,7,7
2025-03-24,EL CAJON,,7,6,7,7
2025-03-24,ESCONDIDO,,8,8,8,8
2025-03-24,HARBOR POLICE,,3,3,3,3
2025-03-24,LA MESA,,5,5,5,5
2025-03-24,NATIONAL CITY,,4,3,4,4
2025-03-24,OCEANSIDE,,8,8,8,8
2025-03-24,SAN DIEGO,,25,24,24,24
2025-03-24,SHERIFF,,9,9,9,9
2025-03-25,CARLSBAD,,2,2,2,2
2025-03-25,CHULA VISTA,,9,9,9,9
2025-03-25,EL CAJON,,4,3,4,4
2025-03-25,ESCONDIDO,,7,4,7,7
2025-03-25,HARBOR POLICE,,1,1,1,1
2025-03-25,LA MESA,,2,2,2,2
2025-03-25,NATIONAL CITY,,1,1,1,1
2025-03-25,OCEANSIDE,,3,3,3,3
2025-03-25,SAN DIEGO,,22,22,22,22
2025-03-25,SHERIFF,,10,9,9,9
2025-03-26,CARLSBAD,,2,2,2,2
2025-03-26,CHULA VISTA,,4,4,4,4
2025-03-26,ESCONDIDO,,4,4,4,4
2025-03-26,HARBOR POLICE,,1,1,1,1
2025-03-26,LA MESA,,1,1,1,1
2025-03-26,OCEANSIDE,,1,1,1,1
2025-03-26,SAN DIEGO,,20,19,20,20
2025-03-26,SHERIFF,,6,6,6,6
2025-03-27,CARLSBAD,,4,4,4,4
2025-03-27,CHULA VISTA,,1,1,1,1
2025-03-27,EL CAJON,,5,4,5,5
2025-03-27,ESCONDIDO,,9,9,9,9
2025-03-27,HARBOR POLICE,,3,3,3,3
2025-03-27,LA MESA,,3,3,3,3
2025-03-27,NATIONAL CITY,,1,1,1,1
2025-03-27,OCEANSIDE,,3,3,3,3
2025-03-27,SAN DIEGO,,18,18,18,18
2025-03-27,SHERIFF,,10,10,10,10
2025-03-28,CHULA VISTA,,1,1,1,1
2025-03-28,EL CAJON,,3,3,3,3
2025-03-28,ESCONDIDO,,3,3,3,3
2025-03-28,HARBOR POLICE,,1,1,1,1
2025-03-28,LA MESA,,3,3,3,3
2025-03-28,OCEANSIDE,,3,3,3,3
2025-03-28,SAN DIEGO,,21,19,21,21
2025-03-28,SHERIFF,,12,12,12,12
2025-03-29,CARLSBAD,,5,5,5,5
2025-03-29,CHULA VISTA,,5,5,5,5
2025-03-29,ESCONDIDO,,9,8,9,9
2025-03-29,HARBOR POLICE,,4,4,4,4
2025-03-29,LA MESA,,1,1,1,1
2025-03-29,NATIONAL CITY,,2,2,2,2
2025-03-29,OCEANSIDE,,3,3,3,3
2025-03-29,SAN DIEGO,,31,31,31,31
2025-03-29,SHERIFF,,15,15,15,15
2025-03-30,CARLSBAD,,2,2,2,2
2025-03-30,CHULA VISTA,,3,3,3,3
2025-03-30,EL CAJON,,4,4,4,4
2025-03-30,ESCONDIDO,,7,7,7,7
2025-03-30,LA MESA,,1,1,1,1
2025-03-30,NATIONAL CITY,,2,2,2,2
2025-03-30,OCEANSIDE,,6,6,6,6
2025-03-30,SAN DIEGO,,24,22,24,24
2025-03-30,SHERIFF,,8,8,8,8
2025-03-31,CARLSBAD,,2,2,2,2
2025-03-31,CHULA VISTA,,1,1,1,1
2025-03-31,EL CAJON,,2,2,2,2
2025-03-31,ESCONDIDO,,3,3,3,3
2025-03-31,HARBOR POLICE,,1,1,1,1
2025-03-31,LA MESA,,1,1,1,1
2025-03-31,NATIONAL CITY,,2,2,2,2
2025-03-31,SAN DIEGO,,15,15,15,15
2025-03-31,SHERIFF,,7,7,7,7
2025-04-01,CARLSBAD,,3,3,3,3
2025-04-01,CHULA VISTA,,5,5,5,5
2025-04-01,EL CAJON,,1,1,1,1
2025-04-01,ESCONDIDO,,7,7,7,7
2025-04-01,HARBOR POLICE,,1,1,1,1
2025-04-01,LA MESA,,1,1,1,1
2025-04-01,NATIONAL CITY,,2,2,2,2
2025-04-01,SAN DIEGO,,28,28,28,28
2025-04-01,SHERIFF,,8,8,8,8
2025-04-02,CARLSBAD,,2,2,2,2
2025-04-02,CHULA VISTA,,4,4,4,4
2025-04-02,EL CAJON,,5,2,5,5
2025-04-02,ESCONDIDO,,6,6,6,6
2025-04-02,HARBOR POLICE,,2,2,2,2
2025-04-02,LA MESA,,1,1,1,1
2025-04-02,NATIONAL CITY,,1,1,1,1
2025-04-02,OCEANSIDE,,2,2,2,2
2025-04-02,SAN DIEGO,,21,21,21,21
2025-04-02,SHERIFF,,11,11,11,11
2025-04-03,CARLSBAD,,3,3,3,3
2025-04-03,CHULA VISTA,,3,3,3,3
2025-04-03,EL CAJON,,1,1,1,1
2025-04-03,ESCONDIDO,,8,8,8,8
2025-04-03,LA MESA,,1,1,1,1
2025-04-03,OCEANSIDE,,5,5,5,5
2025-04-03,SAN DIEGO,,30,30,30,30
2025-04-03,SHERIFF,,10,10,10,10
2025-04-04,CARLSBAD,,2,2,2,2
2025-04-04,CHULA VISTA,,4,4,4,4
2025-04-04,EL CAJON,,2,2,2,2
2025-04-04,ESCONDIDO,,4,4,4,4
2025-04-04,HARBOR POLICE,,3,3,3,3
2025-04-04,LA MESA,,3,3,3,3
2025-04-04,NATIONAL CITY,,1,1,1,1
2025-04-04,OCEANSIDE,,2,2,2,2
2025-04-04,SAN DIEGO,,28,27,28,28
2025-04-04,SHERIFF,,12,12,12,12
2025-04-05,CARLSBAD,,5,5,5,5
2025-04-05,CHULA VISTA,,6,6,6,6
2025-04-05,ESCONDIDO,,6,6,6,6
2025-04-05,HARBOR POLICE,,2,2,2,2
2025-04-05,LA MESA,,2,2,2,2
2025-04-05,NATIONAL CITY,,4,4,4,4
2025-04-05,OCEANSIDE,,5,5,5,5
2025-04-05,SAN DIEGO,,25,25,25,25
2025-04-05,SHERIFF,,11,10,10,11
2025-04-06,CARLSBAD,,1,1,1,1
2025-04-06,CHULA VISTA,,4,4,4,4
2025-04-06,EL CAJON,,1,1,1,1
2025-04-06,ESCONDIDO,,4,4,4,4
2025-04-06,LA MESA,,2,2,2,2
2025-04-06,NATIONAL CITY,,1,1,1,1
2025-04-06,OCEANSIDE,,5,5,5,5
2025-04-06,SAN DIEGO,,22,22,22,22
2025-04-06,SHERIFF,,5,5,5,5
2025-04-07,EL CAJON,,3,3,3,3
2025-04-07,ESCONDIDO,,2,2,2,2
2025-04-07,HARBOR POLICE,,3,3,3,3
2025-04-07,LA MESA,,1,1,1,1
2025-04-07,NATIONAL CITY,,2,2,2,2
2025-04-07,OCEANSIDE,,5,5,5,5
2025-04-07,SAN DIEGO,,17,17,17,17
2025-04-07,SHERIFF,,12,12,12,12
2025-04-08,CARLSBAD,,1,1,1,1
2025-04-08,CHULA VISTA,,1,1,1,1
2025-04-08,EL CAJON,,3,3,3,3
2025-04-08,ESCONDIDO,,2,2,2,2
2025-04-08,HARBOR POLICE,,3,3,3,3
2025-04-08,LA MESA,,3,3,3,3
2025-04-08,NATIONAL CITY,,1,1,1,1
2025-04-08,OCEANSIDE,,1,1,1,1
2025-04-08,SAN DIEGO,,22,22,22,22
2025-04-08,SHERIFF,,9,9,9,9
2025-04-09,CARLSBAD,,1,1,1,1
2025-04-09,CHULA VISTA,,3,3,3,3
2025-04-09,EL CAJON,,1,1,1,1
2025-04-09,ESCONDIDO,,2,2,2,2
2025-04-09,HARBOR POLICE,,2,2,2,2
2025-04-09,LA MESA,,2,2,2,2
2025-04-09,NATIONAL CITY,,3,3,3,3
2025-04-09,OCEANSIDE,,2,2,2,2
2025-04-09,SAN DIEGO,,18,18,18,18
2025-04-09,SHERIFF,,10,10,10,10
2025-04-10,CHULA VISTA,,3,3,3,3
2025-04-10,EL CAJON,,2,2,2,2
2025-04-10,ESCONDIDO,,3,3,3,3
2025-04-10,HARBOR POLICE,,1,1,1,1
2025-04-10,LA MESA,,2,2,2,2
2025-04-10,OCEANSIDE,,2,2,2,2
2025-04-10,SAN DIEGO,,25,25,25,25
2025-04-10,SHERIFF,,9,9,9,9
2025-04-11,CARLSBAD,,2,2,2,2
2025-04-11,CHULA VISTA,,1,1,1,1
2025-04-11,EL CAJON,,4,4,4,4
2025-04-11,ESCONDIDO,,8,7,8,8
2025-04-11,OCEANSIDE,,5,5,5,5
2025-04-11,SAN DIEGO,,24,24,24,24
2025-04-11,SHERIFF,,12,12,12,12
2025-04-12,CARLSBAD,,2,2,2,2
2025-04-12,CHULA VISTA,,3,3,3,3
2025-04-12,EL CAJON,,3,3,3,3
2025-04-12,ESCONDIDO,,4,4,4,4
2025-04-12,HARBOR POLICE,,2,2,2,2
2025-04-12,LA MESA,,2,2,2,2
2025-04-12,OCEANSIDE,,3,3,3,3
2025-04-12,SAN DIEGO,,40,39,40,40
2025-04-12,SHERIFF,,4,4,4,4
2025-04-13,CARLSBAD,,1,1,1,1
2025-04-13,CHULA VISTA,,7,7,7,7
2025-04-13,EL CAJON,,2,2,2,2
2025-04-13,ESCONDIDO,,7,7,7,7
2025-04-13,HARBOR POLICE,,1,1,1,1
2025-04-13,LA MESA,,5,5,5,5
2025-04-13,OCEANSIDE,,3,3,3,3
2025-04-13,SAN DIEGO,,23,23,23,23
2025-04-13,SHERIFF,,11,11,11,11
2025-04-14,CARLSBAD,,2,2,2,2
2025-04-14,CHULA VISTA,,2,2,2,2
2025-04-14,EL CAJON,,3,3,3,3
2025-04-14,ESCONDIDO,,6,6,6,6
2025-04-14,HARBOR POLICE,,1,1,1,1
2025-04-14,LA MESA,,3,3,3,3
2025-04-14,NATIONAL CITY,,2,1,2,2
2025-04-14,OCEANSIDE,,6,6,6,6
2025-04-14,SAN DIEGO,,15,15,15,15
2025-04-14,SHERIFF,,6,6,6,6
2025-04-15,CARLSBAD,,2,1,2,2
2025-04-15,EL CAJON,,6,3,6,6
2025-04-15,ESCONDIDO,,3,3,3,3
2025-04-15,HARBOR POLICE,,3,3,3,3
2025-04-15,LA MESA,,1,1,1,1
2025-04-15,NATIONAL CITY,,3,3,3,3
2025-04-15,OCEANSIDE,,1,1,1,1
2025-04-15,SAN DIEGO,,14,14,14,14
2025-04-15,SHERIFF,,5,5,5,5
2025-04-16,EL CAJON,,5,4,5,5
2025-04-16,ESCONDIDO,,5,5,5,5
2025-04-16,LA MESA,,3,3,3,3
2025-04-16,NATIONAL CITY,,2,2,2,2
2025-04-16,OCEANSIDE,,1,1,1,1
2025-04-16,SAN DIEGO,,28,26,28,28
2025-04-16,SHERIFF,,10,10,10,10
2025-04-17,CARLSBAD,,1,1,1,1
2025-04-17,CHULA VISTA,,5,5,5,5
2025-04-17,EL CAJON,,3,3,3,3
2025-04-17,ESCONDIDO,,3,3,3,3
2025-04-17,HARBOR POLICE,,2,2,2,2
2025-04-17,LA MESA,,4,4,4,4
2025-04-17,OCEANSIDE,,4,4,4,4
2025-04-17,SAN DIEGO,,27,27,27,27
2025-04-17,SHERIFF,,17,17,17,17
2025-04-18,CARLSBAD,,1,1,1,1
2025-04-18,CHULA VISTA,,9,8,8,8
2025-04-18,EL CAJON,,2,2,2,2
2025-04-18,ESCONDIDO,,7,7,7,7
2025-04-18,LA MESA,,1,1,1,1
2025-04-18,NATIONAL CITY,,3,3,3,3
2025-04-18,OCEANSIDE,,5,5,5,5
2025-04-18,SAN DIEGO,,20,20,20,20
2025-04-18,SHERIFF,,9,8,8,9
2025-04-19,CHULA VISTA,,1,1,1,1
2025-04-19,EL CAJON,,1,1,1,1
2025-04-19,ESCONDIDO,,6,6,6,6
2025-04-19,LA MESA,,2,2,2,2
2025-04-19,NATIONAL CITY,,1,1,1,1
2025-04-19,OCEANSIDE,,9,9,9,9
2025-04-19,SAN DIEGO,,27,27,27,27
2025-04-19,SHERIFF,,9,9,9,9
2025-04-20,CHULA VISTA,,2,2,2,2
2025-04-20,EL CAJON,,2,2,2,2
2025-04-20,ESCONDIDO,,2,2,2,2
2025-04-20,HARBOR POLICE,,1,1,1,1
2025-04-20,LA MESA,,4,4,4,4
2025-04-20,NATIONAL CITY,,1,1,1,1
2025-04-20,OCEANSIDE,,1,1,1,1
2025-04-20,SAN DIEGO,,26,26,26,26
2025-04-20,SHERIFF,,5,5,5,5
2025-04-21,CARLSBAD,,3,3,3,3
2025-04-21,CHULA VISTA,,2,2,2,2
2025-04-21,EL CAJON,,8,6,8,8
2025-04-21,ESCONDIDO,,7,7,7,7
2025-04-21,HARBOR POLICE,,2,2,2,2
2025-04-21,LA MESA,,1,1,1,1
2025-04-21,NATIONAL CITY,,1,1,1,1
2025-04-21,OCEANSIDE,,4,4,4,4
2025-04-21,SAN DIEGO,,25,25,25,25
2025-04-21,SHERIFF,,9,9,9,9
2025-04-22,CARLSBAD,,1,1,1,1
2025-04-22,CHULA VISTA,,6,6,6,6
2025-04-22,EL CAJON,,2,1,2,2
2025-04-22,ESCONDIDO,,6,6,6,6
2025-04-22,HARBOR POLICE,,1,1,1,1
2025-04-22,LA MESA,,4,4,4,4
2025-04-22,OCEANSIDE,,2,2,2,2
2025-04-22,SAN DIEGO,,27,25,27,27
2025-04-22,SHERIFF,,6,6,6,6
2025-04-23,CHULA VISTA,,1,1,1,1
2025-04-23,EL CAJON,,1,1,1,1
2025-04-23,ESCONDIDO,,4,4,4,4
2025-04-23,LA MESA,,1,1,1,1
2025-04-23,OCEANSIDE,,2,2,2,2
2025-04-23,SAN DIEGO,,24,24,24,24
2025-04-23,SHERIFF,,5,5,5,5
2025-04-24,CARLSBAD,,5,5,5,5
2025-04-24,CHULA VISTA,,2,2,2,2
2025-04-24,EL CAJON,,1,1,1,1
2025-04-24,ESCONDIDO,,4,4,4,4
2025-04-24,LA MESA,,3,3,3,3
2025-04-24,OCEANSIDE,,3,3,3,3
2025-04-24,SAN DIEGO,,27,27,27,27
2025-04-24,SHERIFF,,11,10,10,10
2025-04-25,CARLSBAD,,3,3,3,3
2025-04-25,CHULA VISTA,,6,6,6,6
2025-04-25,EL CAJON,,6,5,6,6
2025-04-25,ESCONDIDO,,3,3,3,3
2025-04-25,HARBOR POLICE,,1,1,1,1
2025-04-25,LA MESA,,2,2,2,2
2025-04-25,NATIONAL CITY,,1,1,1,1
2025-04-25,OCEANSIDE,,1,1,1,1
2025-04-25,SAN DIEGO,,36,35,36,36
2025-04-25,SHERIFF,,11,11,11,11
2025-04-26,CARLSBAD,,5,5,5,5
2025-04-26,CHULA VISTA,,5,5,5,5
2025-04-26,EL CAJON,,1,1,1,1
2025-04-26,ESCONDIDO,,4,4,4,4
2025-04-26,HARBOR POLICE,,1,1,1,1
2025-04-26,LA MESA,,3,3,3,3
2025-04-26,NATIONAL CITY,,2,2,2,2
2025-04-26,OCEANSIDE,,9,9,9,9
2025-04-26,SAN DIEGO,,26,26,26,26
2025-04-26,SHERIFF,,8,8,8,8
2025-04-27,CARLSBAD,,1,1,1,1
2025-04-27,CHULA VISTA,,6,6,6,6
2025-04-27,EL CAJON,,1,1,1,1
2025-04-27,ESCONDIDO,,3,3,3,3
2025-04-27,HARBOR POLICE,,1,1,1,1
2025-04-27,LA MESA,,1,1,1,1
2025-04-27,NATIONAL CITY,,1,1,1,1
2025-04-27,OCEANSIDE,,5,4,5,5
2025-04-27,SAN DIEGO,,29,29,29,29
2025-04-27,SHERIFF,,6,6,6,6
2025-04-28,CARLSBAD,,1,1,1,1
2025-04-28,CHULA VISTA,,5,5,5,5
2025-04-28,EL CAJON,,2,2,2,2
2025-04-28,ESCONDIDO,,3,3,3,3
2025-04-28,LA MESA,,1,1,1,1
2025-04-28,OCEANSIDE,,2,2,2,2
2025-04-28,SAN DIEGO,,18,17,18,18
2025-04-28,SHERIFF,,4,4,4,4
2025-04-29,CARLSBAD,,1,1,1,1
2025-04-29,CHULA VISTA,,3,3,3,3
2025-04-29,EL CAJON,,10,5,10,10
2025-04-29,ESCONDIDO,,2,2,2,2
2025-04-29,LA MESA,,1,1,1,1
2025-04-29,NATIONAL CITY,,1,1,1,1
2025-04-29,OCEANSIDE,,3,3,3,3
2025-04-29,SAN DIEGO,,37,37,37,37
2025-04-29,SHERIFF,,11,11,11,11
2025-04-30,CARLSBAD,,4,4,4,4
2025-04-30,CHULA VISTA,,2,2,2,2
2025-04-30,EL CAJON,,1,1,1,1
2025-04-30,ESCONDIDO,,3,3,3,3
2025-04-30,HARBOR POLICE,,2,2,2,2
2025-04-30,OCEANSIDE,,3,3,3,3
2025-04-30,SAN DIEGO,,36,33,36,36
2025-04-30,SHERIFF,,12,12,12,12
2025-05-01,CARLSBAD,,3,3,3,3
2025-05-01,CHULA VISTA,,3,3,3,3
2025-05-01,EL CAJON,,3,3,3,3
2025-05-01,ESCONDIDO,,5,5,5,5
2025-05-01,NATIONAL CITY,,2,2,2,2
2025-05-01,OCEANSIDE,,1,1,1,1
2025-05-01,SAN DIEGO,,18,18,18,18
2025-05-01,SHERIFF,,9,9,9,9
2025-05-02,CHULA VISTA,,4,4,4,4
2025-05-02,EL CAJON,,5,5,5,5
2025-05-02,ESCONDIDO,,2,2,2,2
2025-05-02,HARBOR POLICE,,1,1,1,1
2025-05-02,LA MESA,,1,1,1,1
2025-05-02,NATIONAL CITY,,1,1,1,1
2025-05-02,OCEANSIDE,,4,4,4,4
2025-05-02,SAN DIEGO,,25,25,25,25
2025-05-02,SHERIFF,,3,3,3,3
2025-05-03,CARLSBAD,,4,4,4,4
2025-05-03,CHULA VISTA,,3,3,3,3
2025-05-03,EL CAJON,,2,2,2,2
2025-05-03,ESCONDIDO,,3,3,3,3
2025-05-03,HARBOR POLICE,,3,3,3,3
2025-05-03,LA MESA,,3,3,3,3
2025-05-03,NATIONAL CITY,,2,2,2,2
2025-05-03,OCEANSIDE,,4,4,4,4
2025-05-03,SAN DIEGO,,36,35,36,36
2025-05-03,SHERIFF,,15,15,15,15
2025-05-04,CARLSBAD,,1,1,1,1
2025-05-04,CHULA VISTA,,6,6,6,6
2025-05-04,EL CAJON,,3,3,3,3
2025-05-04,ESCONDIDO,,8,8,8,8
2025-05-04,HARBOR POLICE,,1,1,1,1
2025-05-04,LA MESA,,2,2,2,2
2025-05-04,OCEANSIDE,,2,2,2,2
2025-05-04,SAN DIEGO,,26,26,26,26
2025-05-04,SHERIFF,,11,11,11,11
2025-05-05,CHULA VISTA,,8,7,8,8
2025-05-05,EL CAJON,,2,2,2,2
2025-05-05,ESCONDIDO,,5,5,5,5
2025-05-05,HARBOR POLICE,,1,1,1,1
2025-05-05,LA MESA,,2,2,2,2
2025-05-05,OCEANSIDE,,1,1,1,1
2025-05-05,SAN DIEGO,,23,23,23,23
2025-05-05,SHERIFF,,7,7,7,7
2025-05-06,CHULA VISTA,,8,8,8,8
2025-05-06,EL CAJON,,4,3,4,4
2025-05-06,ESCONDIDO,,4,4,4,4
2025-05-06,HARBOR POLICE,,1,1,1,1
2025-05-06,LA MESA,,1,1,1,1
2025-05-06,NATIONAL CITY,,2,2,2,2
2025-05-06,OCEANSIDE,,3,3,3,3
2025-05-06,SAN DIEGO,,28,28,28,28
2025-05-06,SHERIFF,,9,9,9,9
2025-05-07,CARLSBAD,,4,4,4,4
2025-05-07,CHULA VISTA,,2,2,2,2
2025-05-07,EL CAJON,,4,4,4,4
2025-05-07,ESCONDIDO,,3,3,3,3
2025-05-07,NATIONAL CITY,,2,2,2,2
2025-05-07,OCEANSIDE,,3,3,3,3
2025-05-07,SAN DIEGO,,20,20,20,20
2025-05-07,SHERIFF,,7,7,7,7
2025-05-08,CARLSBAD,,1,1,1,1
2025-05-08,CHULA VISTA,,1,1,1,1
2025-05-08,EL CAJON,,2,2,2,2
2025-05-08,ESCONDIDO,,3,3,3,3
2025-05-08,HARBOR POLICE,,1,1,1,1
2025-05-08,LA MESA,,3,3,3,3
2025-05-08,NATIONAL CITY,,1,1,1,1
2025-05-08,OCEANSIDE,,2,2,2,2
2025-05-08,SAN DIEGO,,20,20,20,20
2025-05-08,SHERIFF,,13,13,13,13
2025-05-09,CARLSBAD,,3,3,3,3
2025-05-09,CHULA VISTA,,3,3,3,3
2025-05-09,EL CAJON,,4,4,4,4
2025-05-09,ESCONDIDO,,10,10,10,10
2025-05-09,HARBOR POLICE,,3,3,3,3
2025-05-09,LA MESA,,2,2,2,2
2025-05-09,NATIONAL CITY,,2,2,2,2
2025-05-09,OCEANSIDE,,4,4,4,4
2025-05-09,SAN DIEGO,,20,20,20,20
2025-05-09,SHERIFF,,15,15,15,15
2025-05-10,CARLSBAD,,2,2,2,2
2025-05-10,CHULA VISTA,,5,5,5,5
2025-05-10,EL CAJON,,1,1,1,1
2025-05-10,ESCONDIDO,,5,5,5,5
2025-05-10,HARBOR POLICE,,3,3,3,3
2025-05-10,LA MESA,,6,6,6,6
2025-05-10,NATIONAL CITY,,1,1,1,1
2025-05-10,SAN DIEGO,,24,24,24,24
2025-05-10,SHERIFF,,14,14,14,14
2025-05-11,CARLSBAD,,1,1,1,1
2025-05-11,CHULA VISTA,,4,4,4,4
2025-05-11,EL CAJON,,4,4,4,4
2025-05-11,ESCONDIDO,,8,8,8,8
2025-05-11,LA MESA,,2,2,2,2
2025-05-11,NATIONAL CITY,,1,1,1,1
2025-05-11,OCEANSIDE,,3,3,3,3
2025-05-11,SAN DIEGO,,22,22,22,22
2025-05-11,SHERIFF,,7,7,7,7
2025-05-12,CARLSBAD,,1,1,1,1
2025-05-12,CHULA VISTA,,6,5,5,5
2025-05-12,EL CAJON,,3,3,3,3
2025-05-12,ESCONDIDO,,6,6,6,6
2025-05-12,HARBOR POLICE,,2,2,2,2
2025-05-12,LA MESA,,4,4,4,4
2025-05-12,NATIONAL CITY,,2,2,2,2
2025-05-12,OCEANSIDE,,5,5,5,5
2025-05-12,SAN DIEGO,,19,18,19,19
2025-05-12,SHERIFF,,11,11,11,11
2025-05-13,CARLSBAD,,1,1,1,1
2025-05-13,EL CAJON,,2,2,2,2
2025-05-13,ESCONDIDO,,3,3,3,3
2025-05-13,LA MESA,,4,4,4,4
2025-05-13,NATIONAL CITY,,1,1,1,1
2025-05-13,OCEANSIDE,,4,4,4,4
2025-05-13,SAN DIEGO,,16,16,16,16
2025-05-13,SHERIFF,,9,8,8,9
2025-05-14,CARLSBAD,,4,4,4,4
2025-05-14,CHULA VISTA,,5,5,5,5
2025-05-14,ESCONDIDO,,3,3,3,3
2025-05-14,HARBOR POLICE,,1,1,1,1
2025-05-14,LA MESA,,4,4,4,4
2025-05-14,OCEANSIDE,,3,3,3,3
2025-05-14,SAN DIEGO,,14,14,14,14
2025-05-14,SHERIFF,,13,13,13,13
2025-05-15,CARLSBAD,,1,1,1,1
2025-05-15,CHULA VISTA,,6,6,6,6
2025-05-15,EL CAJON,,14,10,14,14
2025-05-15,ESCONDIDO,,3,3,3,3
2025-05-15,NATIONAL CITY,,2,2,2,2
2025-05-15,OCEANSIDE,,3,3,3,3
2025-05-15,SAN DIEGO,,18,18,18,18
2025-05-15,SHERIFF,,11,11,11,11
2025-05-16,CARLSBAD,,2,2,2,2
2025-05-16,CHULA VISTA,,1,1,1,1
2025-05-16,EL CAJON,,2,2,2,2
2025-05-16,ESCONDIDO,,4,4,4,4
2025-05-16,LA MESA,,6,5,5,5
2025-05-16,OCEANSIDE,,3,3,3,3
2025-05-16,SAN DIEGO,,26,26,26,26
2025-05-16,SHERIFF,,9,8,8,9
2025-05-17,CARLSBAD,,1,1,1,1
2025-05-17,CHULA VISTA,,4,4,4,4
2025-05-17,EL CAJON,,3,3,3,3
2025-05-17,ESCONDIDO,,4,4,4,4
2025-05-17,HARBOR POLICE,,1,1,1,1
2025-05-17,LA MESA,,2,2,2,2
2025-05-17,NATIONAL CITY,,1,1,1,1
2025-05-17,OCEANSIDE,,3,3,3,3
2025-05-17,SAN DIEGO,,37,37,37,37
2025-05-17,SHERIFF,,9,9,9,9
2025-05-18,CARLSBAD,,3,3,3,3
2025-05-18,CHULA VISTA,,5,5,5,5
2025-05-18,EL CAJON,,4,4,4,4
2025-05-18,ESCONDIDO,,5,5,5,5
2025-05-18,HARBOR POLICE,,3,3,3,3
2025-05-18,LA MESA,,2,2,2,2
2025-05-18,NATIONAL CITY,,3,3,3,3
2025-05-18,OCEANSIDE,,6,6,6,6
2025-05-18,SAN DIEGO,,18,17,18,18
2025-05-18,SHERIFF,,7,7,7,7
2025-05-19,CARLSBAD,,2,2,2,2
2025-05-19,CHULA VISTA,,4,4,4,4
2025-05-19,ESCONDIDO,,4,4,4,4
2025-05-19,LA MESA,,1,1,1,1
2025-05-19,OCEANSIDE,,3,3,3,3
2025-05-19,SAN DIEGO,,24,23,24,24
2025-05-19,SHERIFF,,7,7,7,7
2025-05-20,CARLSBAD,,1,1,1,1
2025-05-20,CHULA VISTA,,2,2,2,2
2025-05-20,EL CAJON,,2,2,2,2
2025-05-20,ESCONDIDO,,4,4,4,4
2025-05-20,HARBOR POLICE,,1,1,1,1
2025-05-20,NATIONAL CITY,,2,2,2,2
2025-05-20,OCEANSIDE,,2,2,2,2
2025-05-20,SAN DIEGO,,21,21,21,21
2025-05-20,SHERIFF,,8,8,8,8
2025-05-21,CARLSBAD,,1,1,1,1
2025-05-21,CHULA VISTA,,1,1,1,1
2025-05-21,EL CAJON,,5,5,5,5
2025-05-21,ESCONDIDO,,4,4,4,4
2025-05-21,HARBOR POLICE,,1,1,1,1
2025-05-21,LA MESA,,2,2,2,2
2025-05-21,NATIONAL CITY,,1,1,1,1
2025-05-21,OCEANSIDE,,1,1,1,1
2025-05-21,SAN DIEGO,,13,13,13,13
2025-05-21,SHERIFF,,7,7,7,7
2025-05-22,CARLSBAD,,3,3,3,3
2025-05-22,CHULA VISTA,,3,3,3,3
2025-05-22,EL CAJON,,2,2,2,2
2025-05-22,ESCONDIDO,,6,6,6,6
2025-05-22,HARBOR POLICE,,3,3,3,3
2025-05-22,LA MESA,,1,1,1,1
2025-05-22,SAN DIEGO,,31,31,31,31
2025-05-22,SHERIFF,,9,9,9,9
2025-05-23,CARLSBAD,,2,2,2,2
2025-05-23,CHULA VISTA,,4,4,4,4
2025-05-23,EL CAJON,,4,4,4,4
2025-05-23,ESCONDIDO,,15,14,15,15
2025-05-23,HARBOR POLICE,,2,2,2,2
2025-05-23,OCEANSIDE,,3,3,3,3
2025-05-23,SAN DIEGO,,34,34,34,34
2025-05-23,SHERIFF,,9,8,8,9
2025-05-24,CARLSBAD,,6,6,6,6
2025-05-24,CHULA VISTA,,6,6,6,6
2025-05-24,EL CAJON,,2,2,2,2
2025-05-24,ESCONDIDO,,4,4,4,4
2025-05-24,HARBOR POLICE,,1,1,1,1
2025-05-24,LA MESA,,4,4,4,4
2025-05-24,NATIONAL CITY,,4,4,4,4
2025-05-24,OCEANSIDE,,4,4,4,4
2025-05-24,SAN DIEGO,,29,29,29,29
2025-05-24,SHERIFF,,9,9,9,9
2025-05-25,CARLSBAD,,6,6,6,6
2025-05-25,CHULA VISTA,,2,2,2,2
2025-05-25,EL CAJON,,2,2,2,2
2025-05-25,ESCONDIDO,,6,6,6,6
2025-05-25,HARBOR POLICE,,6,6,6,6
2025-05-25,LA MESA,,2,2,2,2
2025-05-25,NATIONAL CITY,,1,1,1,1
2025-05-25,OCEANSIDE,,9,6,9,9
2025-05-25,SAN DIEGO,,27,27,27,27
2025-05-25,SHERIFF,,5,5,5,5
2025-05-26,CHULA VISTA,,3,3,3,3
2025-05-26,EL CAJON,,2,1,2,2
2025-05-26,ESCONDIDO,,6,6,6,6
2025-05-26,HARBOR POLICE,,2,2,2,2
2025-05-26,LA MESA,,2,2,2,2
2025-05-26,NATIONAL CITY,,1,1,1,1
2025-05-26,OCEANSIDE,,2,2,2,2
2025-05-26,SAN DIEGO,,35,35,35,35
2025-05-26,SHERIFF,,8,7,7,8
2025-05-27,CARLSBAD,,1,1,1,1
2025-05-27,CHULA VISTA,,5,5,5,5
2025-05-27,EL CAJON,,2,1,2,2
2025-05-27,ESCONDIDO,,2,2,2,2
2025-05-27,HARBOR POLICE,,1,1,1,1
2025-05-27,LA MESA,,1,1,1,1
2025-05-27,OCEANSIDE,,3,3,3,3
2025-05-27,SAN DIEGO,,10,10,10,10
2025-05-27,SHERIFF,,14,14,14,14
2025-05-28,CARLSBAD,,3,3,3,3
2025-05-28,CHULA VISTA,,1,1,1,1
2025-05-28,EL CAJON,,1,1,1,1
2025-05-28,ESCONDIDO,,1,1,1,1
2025-05-28,LA MESA,,3,3,3,3
2025-05-28,NATIONAL CITY,,1,1,1,1
2025-05-28,OCEANSIDE,,1,1,1,1
2025-05-28,SAN DIEGO,,18,18,18,18
2025-05-28,SHERIFF,,12,12,12,12
2025-05-29,CARLSBAD,,5,5,5,5
2025-05-29,CHULA VISTA,,5,5,5,5
2025-05-29,EL CAJON,,2,2,2,2
2025-05-29,ESCONDIDO,,5,5,5,5
2025-05-29,HARBOR POLICE,,3,3,3,3
2025-05-29,LA MESA,,1,1,1,1
2025-05-29,OCEANSIDE,,6,6,6,6
2025-05-29,SAN DIEGO,,22,22,22,22
2025-05-29,SHERIFF,,10,10,10,10
2025-05-30,CARLSBAD,,2,2,2,2
2025-05-30,CHULA VISTA,,1,1,1,1
2025-05-30,EL CAJON,,6,5,6,6
2025-05-30,ESCONDIDO,,2,2,2,2
2025-05-30,HARBOR POLICE,,2,2,2,2
2025-05-30,LA MESA,,3,2,3,3
2025-05-30,NATIONAL CITY,,2,2,2,2
2025-05-30,OCEANSIDE,,2,2,2,2
2025-05-30,SAN DIEGO,,28,28,28,28
2025-05-30,SHERIFF,,7,7,7,7
2025-05-31,CARLSBAD,,3,3,3,3
2025-05-31,CHULA VISTA,,4,4,4,4
2025-05-31,ESCONDIDO,,10,10,10,10
2025-05-31,LA MESA,,4,4,4,4
2025-05-31,NATIONAL CITY,,3,3,3,3
2025-05-31,OCEANSIDE,,6,6,6,6
2025-05-31,SAN DIEGO,,27,27,27,27
2025-05-31,SHERIFF,,11,11,11,11
2025-06-01,CHULA VISTA,,4,4,4,4
2025-06-01,EL CAJON,,2,2,2,2
2025-06-01,ESCONDIDO,,7,7,7,7
2025-06-01,HARBOR POLICE,,1,1,1,1
2025-06-01,NATIONAL CITY,,1,1,1,1
2025-06-01,OCEANSIDE,,2,2,2,2
2025-06-01,SAN DIEGO,,32,32,32,32
2025-06-01,SHERIFF,,4,4,4,4
2025-06-02,CARLSBAD,,5,5,5,5
2025-06-02,EL CAJON,,1,1,1,1
2025-06-02,ESCONDIDO,,2,2,2,2
2025-06-02,LA MESA,,1,1,1,1
2025-06-02,OCEANSIDE,,1,1,1,1
2025-06-02,SAN DIEGO,,30,30,30,30
2025-06-02,SHERIFF,,12,12,12,12
2025-06-03,CARLSBAD,,1,1,1,1
2025-06-03,CHULA VISTA,,4,4,4,4
2025-06-03,EL CAJON,,2,2,2,2
2025-06-03,ESCONDIDO,,3,3,3,3
2025-06-03,HARBOR POLICE,,1,1,1,1
2025-06-03,LA MESA,,4,4,4,4
2025-06-03,NATIONAL CITY,,1,1,1,1
2025-06-03,OCEANSIDE,,3,3,3,3
2025-06-03,SAN DIEGO,,17,17,17,17
2025-06-03,SHERIFF,,10,10,10,10
2025-06-04,CHULA VISTA,,6,5,6,6
2025-06-04,EL CAJON,,3,3,3,3
2025-06-04,ESCONDIDO,,8,8,8,8
2025-06-04,HARBOR POLICE,,1,1,1,1
2025-06-04,LA MESA,,4,3,4,3
2025-06-04,NATIONAL CITY,,1,1,1,1
2025-06-04,OCEANSIDE,,1,1,1,1
2025-06-04,SAN DIEGO,,17,17,17,17
2025-06-04,SHERIFF,,15,15,15,15
2025-06-05,CHULA VISTA,,1,1,1,1
2025-06-05,EL CAJON,,3,3,3,3
2025-06-05,ESCONDIDO,,5,5,5,5
2025-06-05,LA MESA,,1,1,1,1
2025-06-05,NATIONAL CITY,,1,1,1,1
2025-06-05,OCEANSIDE,,3,3,3,3
2025-06-05,SAN DIEGO,,23,23,23,23
2025-06-05,SHERIFF,,14,14,14,14
2025-06-06,CARLSBAD,,2,2,2,2
2025-06-06,CHULA VISTA,,4,4,4,4
2025-06-06,EL CAJON,,7,5,7,7
2025-06-06,ESCONDIDO,,5,5,5,5
2025-06-06,HARBOR POLICE,,1,1,1,1
2025-06-06,NATIONAL CITY,,1,1,1,1
2025-06-06,OCEANSIDE,,4,4,4,4
2025-06-06,SAN DIEGO,,24,24,24,24
2025-06-06,SHERIFF,,16,16,16,16
2025-06-07,CARLSBAD,,3,3,3,3
2025-06-07,CHULA VISTA,,1,1,1,1
2025-06-07,EL CAJON,,2,2,2,2
2025-06-07,ESCONDIDO,,3,3,3,3
2025-06-07,HARBOR POLICE,,2,2,2,2
2025-06-07,LA MESA,,2,2,2,2
2025-06-07,NATIONAL CITY,,2,2,2,2
2025-06-07,OCEANSIDE,,5,5,5,5
2025-06-07,SAN DIEGO,,28,28,28,28
2025-06-07,SHERIFF,,19,19,19,19
2025-06-08,CARLSBAD,,3,3,3,3
2025-06-08,CHULA VISTA,,6,6,6,6
2025-06-08,EL CAJON,,2,2,2,2
2025-06-08,ESCONDIDO,,2,2,2,2
2025-06-08,HARBOR POLICE,,1,1,1,1
2025-06-08,LA MESA,,1,1,1,1
2025-06-08,NATIONAL CITY,,1,1,1,1
2025-06-08,OCEANSIDE,,2,2,2,2
2025-06-08,SAN DIEGO,,38,38,38,38
2025-06-08,SHERIFF,,7,7,7,7
2025-06-09,CARLSBAD,,2,2,2,2
2025-06-09,CHULA VISTA,,3,2,3,3
2025-06-09,EL CAJON,,4,4,4,4
2025-06-09,ESCONDIDO,,1,1,1,1
2025-06-09,LA MESA,,2,2,2,2
2025-06-09,NATIONAL CITY,,1,1,1,1
2025-06-09,OCEANSIDE,,1,1,1,1
2025-06-09,SAN DIEGO,,21,21,21,21
2025-06-09,SHERIFF,,10,9,9,10
2025-06-10,CARLSBAD,,1,1,1,1
2025-06-10,CHULA VISTA,,2,2,2,2
2025-06-10,EL CAJON,,4,4,4,4
2025-06-10,ESCONDIDO,,9,8,9,9
2025-06-10,HARBOR POLICE,,1,1,1,1
2025-06-10,LA MESA,,4,4,4,4
2025-06-10,NATIONAL CITY,,3,3,3,3
2025-06-10,OCEANSIDE,,3,3,3,3
2025-06-10,SAN DIEGO,,27,27,27,27
2025-06-10,SHERIFF,,9,9,9,9
2025-06-11,CARLSBAD,,3,3,3,3
2025-06-11,CHULA VISTA,,4,4,4,4
2025-06-11,EL CAJON,,8,5,8,8
2025-06-11,ESCONDIDO,,1,1,1,1
2025-06-11,HARBOR POLICE,,2,2,2,2
2025-06-11,LA MESA,,1,1,1,1
2025-06-11,NATIONAL CITY,,1,1,1,1
2025-06-11,OCEANSIDE,,2,2,2,2
2025-06-11,SAN DIEGO,,19,18,19,19
2025-06-11,SHERIFF,,12,12,12,12
2025-06-12,CARLSBAD,,2,2,2,2
2025-06-12,CHULA VISTA,,3,3,3,3
2025-06-12,EL CAJON,,3,3,3,3
2025-06-12,ESCONDIDO,,3,3,3,3
2025-06-12,HARBOR POLICE,,4,4,4,4
2025-06-12,LA MESA,,3,3,3,3
2025-06-12,NATIONAL CITY,,1,1,1,1
2025-06-12,OCEANSIDE,,4,4,4,4
2025-06-12,SAN DIEGO,,20,19,20,20
2025-06-12,SHERIFF,,10,10,10,10
2025-06-13,CARLSBAD,,4,4,4,4
2025-06-13,CHULA VISTA,,2,2,2,2
2025-06-13,EL CAJON,,3,3,3,3
2025-06-13,ESCONDIDO,,5,4,5,5
2025-06-13,HARBOR POLICE,,4,4,4,4
2025-06-13,LA MESA,,1,1,1,1
2025-06-13,NATIONAL CITY,,2,2,2,2
2025-06-13,OCEANSIDE,,4,4,4,4
2025-06-13,SAN DIEGO,,28,28,28,28
2025-06-13,SHERIFF,,11,11,11,11
2025-06-14,CARLSBAD,,4,4,4,4
2025-06-14,CHULA VISTA,,4,4,4,4
2025-06-14,EL CAJON,,3,3,3,3
2025-06-14,ESCONDIDO,,4,4,4,4
2025-06-14,HARBOR POLICE,,1,1,1,1
2025-06-14,LA MESA,,1,1,1,1
2025-06-14,OCEANSIDE,,4,4,4,4
2025-06-14,SAN DIEGO,,19,19,19,19
2025-06-14,SHERIFF,,12,12,12,12
2025-06-15,CARLSBAD,,1,1,1,1
2025-06-15,CHULA VISTA,,3,3,3,3
2025-06-15,EL CAJON,,3,3,3,3
2025-06-15,ESCONDIDO,,3,3,3,3
2025-06-15,HARBOR POLICE,,1,1,1,1
2025-06-15,LA MESA,,3,3,3,3
2025-06-15,NATIONAL CITY,,1,1,1,1
2025-06-15,OCEANSIDE,,5,5,5,5
2025-06-15,SAN DIEGO,,29,29,29,29
2025-06-15,SHERIFF,,9,9,9,9
2025-06-16,CHULA VISTA,,5,5,5,5
2025-06-16,EL CAJON,,4,4,4,4
2025-06-16,ESCONDIDO,,4,4,4,4
2025-06-16,HARBOR POLICE,,1,1,1,1
2025-06-16,OCEANSIDE,,3,3,3,3
2025-06-16,SAN DIEGO,,28,27,28,27
2025-06-16,SHERIFF,,10,10,10,10
2025-06-17,CARLSBAD,,2,2,2,2
2025-06-17,CHULA VISTA,,4,4,4,4
2025-06-17,EL CAJON,,1,1,1,1
2025-06-17,ESCONDIDO,,3,3,3,3
2025-06-17,LA MESA,,2,1,2,2
2025-06-17,NATIONAL CITY,,1,1,1,1
2025-06-17,OCEANSIDE,,1,1,1,1
2025-06-17,SAN DIEGO,,18,18,18,18
2025-06-17,SHERIFF,,14,13,14,14
2025-06-18,CARLSBAD,,3,3,3,3
2025-06-18,CHULA VISTA,,1,1,1,1
2025-06-18,EL CAJON,,5,4,5,5
2025-06-18,ESCONDIDO,,3,3,3,3
2025-06-18,LA MESA,,4,4,4,4
2025-06-18,OCEANSIDE,,3,3,3,3
2025-06-18,SAN DIEGO,,25,24,25,25
2025-06-18,SHERIFF,,12,12,12,12
2025-06-19,CHULA VISTA,,2,1,2,2
2025-06-19,EL CAJON,,1,1,1,1
2025-06-19,ESCONDIDO,,11,9,11,11
2025-06-19,LA MESA,,2,2,2,2
2025-06-19,NATIONAL CITY,,1,1,1,1
2025-06-19,OCEANSIDE,,4,4,4,4
2025-06-19,SAN DIEGO,,27,25,27,27
2025-06-19,SHERIFF,,12,11,12,12
2025-06-20,CARLSBAD,,3,3,3,3
2025-06-20,CHULA VISTA,,5,5,5,5
2025-06-20,EL CAJON,,2,2,2,2
2025-06-20,ESCONDIDO,,4,4,4,4
2025-06-20,NATIONAL CITY,,1,1,1,1
2025-06-20,SAN DIEGO,,23,22,22,22
2025-06-20,SHERIFF,,14,14,14,14
2025-06-21,CARLSBAD,,2,2,2,2
2025-06-21,CHULA VISTA,,4,4,4,4
2025-06-21,EL CAJON,,7,7,7,7
2025-06-21,ESCONDIDO,,5,5,5,5
2025-06-21,HARBOR POLICE,,2,2,2,2
2025-06-21,LA MESA,,3,3,3,3
2025-06-21,NATIONAL CITY,,4,3,4,4
2025-06-21,OCEANSIDE,,6,6,6,6
2025-06-21,SAN DIEGO,,33,32,33,33
2025-06-21,SHERIFF,,15,15,15,15
2025-06-22,CARLSBAD,,3,3,3,3
2025-06-22,CHULA VISTA,,1,1,1,1
2025-06-22,EL CAJON,,3,3,3,3
2025-06-22,ESCONDIDO,,8,8,8,8
2025-06-22,HARBOR POLICE,,3,3,3,3
2025-06-22,LA MESA,,1,1,1,1
2025-06-22,NATIONAL CITY,,1,1,1,1
2025-06-22,OCEANSIDE,,4,4,4,4
2025-06-22,SAN DIEGO,,23,23,23,23
2025-06-22,SHERIFF,,12,11,12,12
2025-06-23,CARLSBAD,,3,3,3,3
2025-06-23,CHULA VISTA,,1,1,1,1
2025-06-23,EL CAJON,,5,5,5,5
2025-06-23,ESCONDIDO,,2,2,2,2
2025-06-23,HARBOR POLICE,,1,1,1,1
2025-06-23,LA MESA,,3,3,3,3
2025-06-23,NATIONAL CITY,,1,1,1,1
2025-06-23,OCEANSIDE,,1,1,1,1
2025-06-23,SAN DIEGO,,20,20,20,20
2025-06-23,SHERIFF,,13,13,13,13
2025-06-24,CARLSBAD,,1,1,1,1
2025-06-24,CHULA VISTA,,1,1,1,1
2025-06-24,ESCONDIDO,,4,4,4,4
2025-06-24,HARBOR POLICE,,3,3,3,3
2025-06-24,LA MESA,,2,2,2,2
2025-06-24,NATIONAL CITY,,1,1,1,1
2025-06-24,OCEANSIDE,,3,3,3,3
2025-06-24,SAN DIEGO,,19,19,19,19
2025-06-24,SHERIFF,,13,13,13,13
2025-06-25,CARLSBAD,,2,2,2,2
2025-06-25,CHULA VISTA,,2,2,2,2
2025-06-25,EL CAJON,,3,3,3,3
2025-06-25,ESCONDIDO,,7,7,7,7
2025-06-25,HARBOR POLICE,,1,1,1,1
2025-06-25,LA MESA,,4,4,4,4
2025-06-25,NATIONAL CITY,,2,2,2,2
2025-06-25,OCEANSIDE,,2,2,2,2
2025-06-25,SAN DIEGO,,23,23,23,23
2025-06-25,SHERIFF,,25,23,24,24
2025-06-26,CARLSBAD,,2,2,2,2
2025-06-26,CHULA VISTA,,3,3,3,3
2025-06-26,EL CAJON,,4,4,4,4
2025-06-26,ESCONDIDO,,3,3,3,3
2025-06-26,HARBOR POLICE,,3,3,3,3
2025-06-26,LA MESA,,2,2,2,2
2025-06-26,NATIONAL CITY,,1,1,1,1
2025-06-26,OCEANSIDE,,3,3,3,3
2025-06-26,SAN DIEGO,,28,27,28,28
2025-06-26,SHERIFF,,18,17,17,17
2025-06-27,CARLSBAD,,5,5,5,5
2025-06-27,CHULA VISTA,,1,1,1,1
2025-06-27,EL CAJON,,2,2,2,2
2025-06-27,ESCONDIDO,,17,7,17,17
2025-06-27,HARBOR POLICE,,1,1,1,1
2025-06-27,OCEANSIDE,,3,3,3,3
2025-06-27,SAN DIEGO,,18,17,18,18
2025-06-27,SHERIFF,,20,20,20,20
2025-06-28,CARLSBAD,,8,8,8,8
2025-06-28,CHULA VISTA,,4,4,4,4
2025-06-28,EL CAJON,,4,4,4,4
2025-06-28,ESCONDIDO,,5,5,5,5
2025-06-28,HARBOR POLICE,,1,1,1,1
2025-06-28,LA MESA,,3,3,3,3
2025-06-28,NATIONAL CITY,,2,2,2,2
2025-06-28,OCEANSIDE,,5,5,5,5
2025-06-28,SAN DIEGO,,31,31,31,31
2025-06-28,SHERIFF,,20,17,20,20
2025-06-29,CARLSBAD,,5,5,5,5
2025-06-29,CHULA VISTA,,8,8,8,8
2025-06-29,EL CAJON,,2,2,2,2
2025-06-29,ESCONDIDO,,5,5,5,5
2025-06-29,LA MESA,,3,3,3,3
2025-06-29,OCEANSIDE,,3,3,3,3
2025-06-29,SAN DIEGO,,33,33,33,33
2025-06-29,SHERIFF,,8,8,8,8
2025-06-30,CARLSBAD,,1,1,1,1
2025-06-30,EL CAJON,,1,1,1,1
2025-06-30,ESCONDIDO,,4,4,4,4
2025-06-30,HARBOR POLICE,,2,2,2,2
2025-06-30,LA MESA,,3,3,3,3
2025-06-30,NATIONAL CITY,,1,1,1,1
2025-06-30,OCEANSIDE,,3,3,3,3
2025-06-30,SAN DIEGO,,19,19,19,19
2025-06-30,SHERIFF,,16,16,16,16
2025-07-01,CHULA VISTA,,5,2,5,5
2025-07-01,EL CAJON,,4,4,4,4
2025-07-01,ESCONDIDO,,6,6,6,6
2025-07-01,HARBOR POLICE,,2,2,2,2
2025-07-01,LA MESA,,4,4,4,4
2025-07-01,NATIONAL CITY,,1,1,1,1
2025-07-01,OCEANSIDE,,6,6,6,6
2025-07-01,SAN DIEGO,,22,20,21,21
2025-07-01,SHERIFF,,11,11,11,11
2025-07-02,CARLSBAD,,1,1,1,1
2025-07-02,CHULA VISTA,,4,4,4,4
2025-07-02,EL CAJON,,1,1,1,1
2025-07-02,ESCONDIDO,,3,3,3,3
2025-07-02,HARBOR POLICE,,1,1,1,1
2025-07-02,LA MESA,,2,2,2,2
2025-07-02,NATIONAL CITY,,1,1,1,1
2025-07-02,OCEANSIDE,,4,4,4,4
2025-07-02,SAN DIEGO,,33,30,33,33
2025-07-02,SHERIFF,,25,24,25,25
2025-07-03,CARLSBAD,,1,1,1,1
2025-07-03,CHULA VISTA,,4,4,4,4
2025-07-03,EL CAJON,,4,4,4,4
2025-07-03,ESCONDIDO,,9,8,9,9
2025-07-03,LA MESA,,1,1,1,1
2025-07-03,NATIONAL CITY,,2,2,2,2
2025-07-03,OCEANSIDE,,3,2,3,3
2025-07-03,SAN DIEGO,,26,26,26,26
2025-07-03,SHERIFF,,14,14,14,14
2025-07-04,CARLSBAD,,5,5,5,5
2025-07-04,CHULA VISTA,,6,6,6,6
2025-07-04,EL CAJON,,2,2,2,2
2025-07-04,ESCONDIDO,,3,3,3,3
2025-07-04,LA MESA,,3,3,3,3
2025-07-04,NATIONAL CITY,,1,1,1,1
2025-07-04,OCEANSIDE,,4,4,4,4
2025-07-04,SAN DIEGO,,46,46,46,46
2025-07-04,SHERIFF,,9,8,9,9
2025-07-05,CARLSBAD,,4,4,4,4
2025-07-05,CHULA VISTA,,2,2,2,2
2025-07-05,EL CAJON,,2,2,2,2
2025-07-05,ESCONDIDO,,8,8,8,8
2025-07-05,LA MESA,,4,4,4,4
2025-07-05,NATIONAL CITY,,2,2,2,2
2025-07-05,OCEANSIDE,,2,2,2,2
2025-07-05,SAN DIEGO,,37,37,37,37
2025-07-05,SHERIFF,,18,18,18,18
2025-07-06,CARLSBAD,,3,3,3,3
2025-07-06,CHULA VISTA,,3,3,3,3
2025-07-06,EL CAJON,,2,2,2,2
2025-07-06,ESCONDIDO,,6,5,6,6
2025-07-06,LA MESA,,1,1,1,1
2025-07-06,NATIONAL CITY,,3,3,3,3
2025-07-06,OCEANSIDE,,1,1,1,1
2025-07-06,SAN DIEGO,,24,24,24,24
2025-07-06,SHERIFF,,10,10,10,10
2025-07-07,CARLSBAD,,3,3,3,3
2025-07-07,CHULA VISTA,,5,5,5,5
2025-07-07,EL CAJON,,2,2,2,2
2025-07-07,ESCONDIDO,,5,5,5,5
2025-07-07,LA MESA,,3,3,3,3
2025-07-07,NATIONAL CITY,,2,2,2,2
2025-07-07,OCEANSIDE,,6,6,6,6
2025-07-07,SAN DIEGO,,23,23,23,23
2025-07-07,SHERIFF,,17,16,17,17
2025-07-08,CHULA VISTA,,3,3,3,3
2025-07-08,ESCONDIDO,,3,3,3,3
2025-07-08,HARBOR POLICE,,3,3,3,3
2025-07-08,LA MESA,,1,1,1,1
2025-07-08,OCEANSIDE,,3,3,3,3
2025-07-08,SAN DIEGO,,30,29,30,30
2025-07-08,SHERIFF,,15,15,15,15
2025-07-09,CARLSBAD,,2,2,2,2
2025-07-09,CHULA VISTA,,5,4,5,5
2025-07-09,EL CAJON,,2,2,2,2
2025-07-09,ESCONDIDO,,4,4,4,4
2025-07-09,HARBOR POLICE,,2,2,2,2
2025-07-09,LA MESA,,1,1,1,1
2025-07-09,NATIONAL CITY,,2,2,2,2
2025-07-09,OCEANSIDE,,4,4,4,4
2025-07-09,SAN DIEGO,,35,34,35,34
2025-07-09,SHERIFF,,19,16,18,18
2025-07-10,CARLSBAD,,1,1,1,1
2025-07-10,CHULA VISTA,,4,4,4,4
2025-07-10,EL CAJON,,2,2,2,2
2025-07-10,ESCONDIDO,,2,2,2,2
2025-07-10,HARBOR POLICE,,1,1,1,1
2025-07-10,LA MESA,,2,2,2,2
2025-07-10,NATIONAL CITY,,4,4,4,4
2025-07-10,OCEANSIDE,,3,3,3,3
2025-07-10,SAN DIEGO,,29,29,29,29
2025-07-10,SHERIFF,,16,16,16,16
2025-07-11,CHULA VISTA,,3,3,3,3
2025-07-11,EL CAJON,,1,1,1,1
2025-07-11,ESCONDIDO,,9,9,9,9
2025-07-11,LA MESA,,1,1,1,1
2025-07-11,NATIONAL CITY,,1,1,1,1
2025-07-11,OCEANSIDE,,10,10,10,10
2025-07-11,SAN DIEGO,,27,27,27,27
2025-07-11,SHERIFF,,23,20,23,23
2025-07-12,CARLSBAD,,4,4,4,4
2025-07-12,CHULA VISTA,,4,4,4,4
2025-07-12,EL CAJON,,4,4,4,4
2025-07-12,ESCONDIDO,,7,7,7,7
2025-07-12,HARBOR POLICE,,3,3,3,3
2025-07-12,OCEANSIDE,,3,3,3,3
2025-07-12,SAN DIEGO,,40,38,40,40
2025-07-12,SHERIFF,,20,20,20,20
2025-07-13,CARLSBAD,,2,2,2,2
2025-07-13,CHULA VISTA,,2,2,2,2
2025-07-13,EL CAJON,,4,4,4,4
2025-07-13,ESCONDIDO,,5,5,5,5
2025-07-13,HARBOR POLICE,,2,2,2,2
2025-07-13,LA MESA,,1,1,1,1
2025-07-13,NATIONAL CITY,,2,2,2,2
2025-07-13,OCEANSIDE,,2,2,2,2
2025-07-13,SAN DIEGO,,33,31,33,33
2025-07-13,SHERIFF,,14,14,14,14
2025-07-14,CARLSBAD,,1,1,1,1
2025-07-14,CHULA VISTA,,1,1,1,1
2025-07-14,EL CAJON,,2,2,2,2
2025-07-14,ESCONDIDO,,3,3,3,3
2025-07-14,HARBOR POLICE,,2,2,2,2
2025-07-14,LA MESA,,2,2,2,2
2025-07-14,NATIONAL CITY,,1,1,1,1
2025-07-14,OCEANSIDE,,2,2,2,2
2025-07-14,SAN DIEGO,,18,18,18,18
2025-07-14,SHERIFF,,12,12,12,12
2025-07-15,CARLSBAD,,3,3,3,3
2025-07-15,CHULA VISTA,,1,1,1,1
2025-07-15,EL CAJON,,3,3,3,3
2025-07-15,ESCONDIDO,,4,4,4,4
2025-07-15,LA MESA,,1,1,1,1
2025-07-15,NATIONAL CITY,,2,2,2,2
2025-07-15,OCEANSIDE,,3,3,3,3
2025-07-15,SAN DIEGO,,20,19,20,20
2025-07-15,SHERIFF,,20,16,20,20
2025-07-16,CARLSBAD,,1,1,1,1
2025-07-16,CHULA VISTA,,4,4,4,4
2025-07-16,EL CAJON,,5,4,5,5
2025-07-16,ESCONDIDO,,2,2,2,2
2025-07-16,LA MESA,,2,2,2,2
2025-07-16,NATIONAL CITY,,4,4,4,4
2025-07-16,OCEANSIDE,,1,1,1,1
2025-07-16,SAN DIEGO,,27,27,27,27
2025-07-16,SHERIFF,,12,12,12,12
2025-07-17,CARLSBAD,,1,1,1,1
2025-07-17,CHULA VISTA,,4,4,4,4
2025-07-17,EL CAJON,,5,5,5,5
2025-07-17,ESCONDIDO,,8,8,8,8
2025-07-17,NATIONAL CITY,,6,5,6,6
2025-07-17,OCEANSIDE,,4,4,4,4
2025-07-17,SAN DIEGO,,25,24,24,24
2025-07-17,SHERIFF,,17,16,16,16
2025-07-18,CARLSBAD,,2,2,2,2
2025-07-18,CHULA VISTA,,3,3,3,3
2025-07-18,EL CAJON,,1,1,1,1
2025-07-18,ESCONDIDO,,4,4,4,4
2025-07-18,HARBOR POLICE,,4,4,4,4
2025-07-18,LA MESA,,3,3,3,3
2025-07-18,NATIONAL CITY,,1,1,1,1
2025-07-18,OCEANSIDE,,7,6,7,7
2025-07-18,SAN DIEGO,,16,16,16,16
2025-07-18,SHERIFF,,20,19,19,19
2025-07-19,CARLSBAD,,3,3,3,3
2025-07-19,CHULA VISTA,,3,3,3,3
2025-07-19,ESCONDIDO,,6,6,6,6
2025-07-19,HARBOR POLICE,,2,2,2,2
2025-07-19,LA MESA,,1,1,1,1
2025-07-19,NATIONAL CITY,,2,2,2,2
2025-07-19,OCEANSIDE,,3,3,3,3
2025-07-19,SAN DIEGO,,44,35,44,44
2025-07-19,SHERIFF,,6,5,6,6
2025-07-20,CARLSBAD,,2,2,2,2
2025-07-20,CHULA VISTA,,3,3,3,3
2025-07-20,EL CAJON,,2,2,2,2
2025-07-20,ESCONDIDO,,4,4,4,4
2025-07-20,HARBOR POLICE,,1,1,1,1
2025-07-20,LA MESA,,1,1,1,1
2025-07-20,OCEANSIDE,,5,5,5,5
2025-07-20,SAN DIEGO,,17,17,17,17
2025-07-20,SHERIFF,,21,21,21,21
2025-07-21,CARLSBAD,,2,2,2,2
2025-07-21,CHULA VISTA,,1,1,1,1
2025-07-21,EL CAJON,,3,3,3,3
2025-07-21,LA MESA,,1,1,1,1
2025-07-21,OCEANSIDE,,5,5,5,5
2025-07-21,SAN DIEGO,,23,23,23,23
2025-07-21,SHERIFF,,10,10,10,10
2025-07-22,CARLSBAD,,1,1,1,1
2025-07-22,EL CAJON,,2,2,2,2
2025-07-22,ESCONDIDO,,8,8,8,8
2025-07-22,HARBOR POLICE,,3,3,3,3
2025-07-22,LA MESA,,1,1,1,1
2025-07-22,OCEANSIDE,,4,4,4,4
2025-07-22,SAN DIEGO,,18,18,18,18
2025-07-22,SHERIFF,,7,7,7,7
2025-07-23,CARLSBAD,,3,3,3,3
2025-07-23,CHULA VISTA,,5,5,5,5
2025-07-23,EL CAJON,,3,2,3,3
2025-07-23,ESCONDIDO,,3,3,3,3
2025-07-23,LA MESA,,5,5,5,5
2025-07-23,NATIONAL CITY,,3,3,3,3
2025-07-23,OCEANSIDE,,5,5,5,5
2025-07-23,SAN DIEGO,,24,24,24,24
2025-07-23,SHERIFF,,19,19,19,19
2025-07-24,CARLSBAD,,2,2,2,2
2025-07-24,CHULA VISTA,,3,3,3,3
2025-07-24,EL CAJON,,5,5,5,5
2025-07-24,ESCONDIDO,,4,4,4,4
2025-07-24,HARBOR POLICE,,2,2,2,2
2025-07-24,NATIONAL CITY,,2,2,2,2
2025-07-24,OCEANSIDE,,3,3,3,3
2025-07-24,SAN DIEGO,,17,17,17,17
2025-07-24,SHERIFF,,14,14,14,14
2025-07-25,CARLSBAD,,1,1,1,1
2025-07-25,CHULA VISTA,,3,3,3,3
2025-07-25,EL CAJON,,3,3,3,3
2025-07-25,ESCONDIDO,,5,5,5,5
2025-07-25,LA MESA,,4,4,4,4
2025-07-25,NATIONAL CITY,,2,2,2,2
2025-07-25,OCEANSIDE,,8,7,7,7
2025-07-25,SAN DIEGO,,22,22,22,22
2025-07-25,SHERIFF,,13,12,13,13
2025-07-26,CARLSBAD,,3,3,3,3
2025-07-26,CHULA VISTA,,5,5,5,5
2025-07-26,EL CAJON,,1,1,1,1
2025-07-26,ESCONDIDO,,5,5,5,5
2025-07-26,HARBOR POLICE,,2,2,2,2
2025-07-26,LA MESA,,1,1,1,1
2025-07-26,NATIONAL CITY,,2,2,2,2
2025-07-26,OCEANSIDE,,4,4,4,4
2025-07-26,SAN DIEGO,,32,31,32,32
2025-07-26,SHERIFF,,17,17,17,17
2025-07-27,CARLSBAD,,2,2,2,2
2025-07-27,CHULA VISTA,,3,3,3,3
2025-07-27,EL CAJON,,6,6,6,6
2025-07-27,ESCONDIDO,,1,1,1,1
2025-07-27,HARBOR POLICE,,3,3,3,3
2025-07-27,LA MESA,,2,2,2,2
2025-07-27,NATIONAL CITY,,2,2,2,2
2025-07-27,OCEANSIDE,,5,5,5,5
2025-07-27,SAN DIEGO,,26,24,25,25
2025-07-27,SHERIFF,,17,17,17,17
2025-07-28,CHULA VISTA,,4,4,4,4
2025-07-28,EL CAJON,,3,2,3,3
2025-07-28,ESCONDIDO,,4,4,4,4
2025-07-28,LA MESA,,3,3,3,3
2025-07-28,OCEANSIDE,,5,5,5,5
2025-07-28,SAN DIEGO,,25,25,25,25
2025-07-28,SHERIFF,,16,16,16,16
2025-07-29,CARLSBAD,,3,3,3,3
2025-07-29,CHULA VISTA,,4,4,4,4
2025-07-29,EL CAJON,,6,6,6,6
2025-07-29,ESCONDIDO,,1,1,1,1
2025-07-29,LA MESA,,3,3,3,3
2025-07-29,OCEANSIDE,,3,3,3,3
2025-07-29,SAN DIEGO,,20,20,20,20
2025-07-29,SHERIFF,,18,18,18,18
2025-07-30,CARLSBAD,,2,2,2,2
2025-07-30,CHULA VISTA,,2,2,2,2
2025-07-30,ESCONDIDO,,3,3,3,3
2025-07-30,LA MESA,,5,5,5,5
2025-07-30,NATIONAL CITY,,5,5,5,5
2025-07-30,OCEANSIDE,,3,3,3,3
2025-07-30,SAN DIEGO,,22,22,22,22
2025-07-30,SHERIFF,,20,20,20,20
2025-07-31,CARLSBAD,,2,2,2,2
2025-07-31,CHULA VISTA,,5,5,5,5
2025-07-31,EL CAJON,,4,4,4,4
2025-07-31,HARBOR POLICE,,1,1,1,1
2025-07-31,LA MESA,,2,2,2,2
2025-07-31,NATIONAL CITY,,2,2,2,2
2025-07-31,OCEANSIDE,,3,3,3,3
2025-07-31,SAN DIEGO,,29,29,29,29
2025-07-31,SHERIFF,,24,24,24,24
2025-08-01,CARLSBAD,,4,4,4,4
2025-08-01,CHULA VISTA,,4,4,4,4
2025-08-01,EL CAJON,,2,2,2,2
2025-08-01,ESCONDIDO,,5,4,5,5
2025-08-01,LA MESA,,1,1,1,1
2025-08-01,NATIONAL CITY,,3,3,3,3
2025-08-01,OCEANSIDE,,7,7,7,7
2025-08-01,SAN DIEGO,,26,26,26,26
2025-08-01,SHERIFF,,14,12,14,14
2025-08-02,CARLSBAD,,4,4,4,4
2025-08-02,CHULA VISTA,,3,3,3,3
2025-08-02,EL CAJON,,3,3,3,3
2025-08-02,ESCONDIDO,,6,6,6,6
2025-08-02,HARBOR POLICE,,3,3,3,3
2025-08-02,LA MESA,,1,1,1,1
2025-08-02,OCEANSIDE,,4,4,4,4
2025-08-02,SAN DIEGO,,31,31,31,31
2025-08-02,SHERIFF,,9,9,9,9
2025-08-03,CHULA VISTA,,2,2,2,2
2025-08-03,EL CAJON,,6,6,6,6
2025-08-03,ESCONDIDO,,2,2,2,2
2025-08-03,LA MESA,,3,3,3,3
2025-08-03,OCEANSIDE,,3,3,3,3
2025-08-03,SAN DIEGO,,30,29,30,30
2025-08-03,SHERIFF,,11,11,11,11
2025-08-04,CHULA VISTA,,1,1,1,1
2025-08-04,EL CAJON,,2,2,2,2
2025-08-04,ESCONDIDO,,4,4,4,4
2025-08-04,HARBOR POLICE,,1,1,1,1
2025-08-04,LA MESA,,1,1,1,1
2025-08-04,NATIONAL CITY,,2,2,2,2
2025-08-04,OCEANSIDE,,4,3,4,4
2025-08-04,SAN DIEGO,,17,17,17,17
2025-08-04,SHERIFF,,12,11,12,12
2025-08-05,CARLSBAD,,2,2,2,2
2025-08-05,CHULA VISTA,,1,1,1,1
2025-08-05,EL CAJON,,3,3,3,3
2025-08-05,ESCONDIDO,,7,7,7,7
2025-08-05,HARBOR POLICE,,1,1,1,1
2025-08-05,LA MESA,,1,1,1,1
2025-08-05,NATIONAL CITY,,2,2,2,2
2025-08-05,OCEANSIDE,,6,6,6,6
2025-08-05,SAN DIEGO,,19,18,19,19
2025-08-05,SHERIFF,,12,11,12,12
2025-08-06,CARLSBAD,,3,3,3,3
2025-08-06,CHULA VISTA,,6,6,6,6
2025-08-06,EL CAJON,,5,4,5,5
2025-08-06,ESCONDIDO,,4,4,4,4
2025-08-06,HARBOR POLICE,,1,1,1,1
2025-08-06,LA MESA,,3,3,3,3
2025-08-06,NATIONAL CITY,,1,1,1,1
2025-08-06,OCEANSIDE,,6,6,6,6
2025-08-06,SAN DIEGO,,24,23,24,24
2025-08-06,SHERIFF,,17,17,17,17
2025-08-07,CARLSBAD,,3,3,3,3
2025-08-07,CHULA VISTA,,3,3,3,3
2025-08-07,EL CAJON,,7,4,7,7
2025-08-07,ESCONDIDO,,3,3,3,3
2025-08-07,HARBOR POLICE,,1,1,1,1
2025-08-07,LA MESA,,1,1,1,1
2025-08-07,NATIONAL CITY,,1,1,1,1
2025-08-07,OCEANSIDE,,3,3,3,3
2025-08-07,SAN DIEGO,,27,25,27,27
2025-08-07,SHERIFF,,20,19,20,20
2025-08-08,CARLSBAD,,1,1,1,1
2025-08-08,CHULA VISTA,,1,1,1,1
2025-08-08,EL CAJON,,4,4,4,4
2025-08-08,ESCONDIDO,,7,7,7,7
2025-08-08,HARBOR POLICE,,1,1,1,1
2025-08-08,LA MESA,,5,5,5,5
2025-08-08,NATIONAL CITY,,1,1,1,1
2025-08-08,OCEANSIDE,,8,8,8,8
2025-08-08,SAN DIEGO,,32,32,32,32
2025-08-08,SHERIFF,,15,15,15,15
2025-08-09,CARLSBAD,,3,3,3,3
2025-08-09,CHULA VISTA,,2,2,2,2
2025-08-09,EL CAJON,,2,2,2,2
2025-08-09,ESCONDIDO,,9,9,9,9
2025-08-09,HARBOR POLICE,,3,3,3,3
2025-08-09,LA MESA,,3,3,3,3
2025-08-09,NATIONAL CITY,,1,1,1,1
2025-08-09,OCEANSIDE,,4,4,4,4
2025-08-09,SAN DIEGO,,35,35,35,35
2025-08-09,SHERIFF,,20,19,20,20
2025-08-10,CARLSBAD,,3,3,3,3
2025-08-10,CHULA VISTA,,7,7,7,7
2025-08-10,EL CAJON,,3,3,3,3
2025-08-10,ESCONDIDO,,8,6,8,8
2025-08-10,LA MESA,,2,2,2,2
2025-08-10,NATIONAL CITY,,2,2,2,2
2025-08-10,OCEANSIDE,,5,4,5,5
2025-08-10,SAN DIEGO,,18,18,18,18
2025-08-10,SHERIFF,,15,15,15,15
2025-08-11,CARLSBAD,,2,2,2,2
2025-08-11,CHULA VISTA,,1,1,1,1
2025-08-11,EL CAJON,,1,1,1,1
2025-08-11,ESCONDIDO,,5,5,5,5
2025-08-11,HARBOR POLICE,,1,1,1,1
2025-08-11,LA MESA,,6,6,6,6
2025-08-11,NATIONAL CITY,,1,1,1,1
2025-08-11,OCEANSIDE,,3,3,3,3
2025-08-11,SAN DIEGO,,12,12,12,12
2025-08-11,SHERIFF,,11,11,11,11
2025-08-12,CHULA VISTA,,24,5,24,24
2025-08-12,EL CAJON,,5,4,5,5
2025-08-12,ESCONDIDO,,5,5,5,5
2025-08-12,HARBOR POLICE,,1,1,1,1
2025-08-12,LA MESA,,1,1,1,1
2025-08-12,NATIONAL CITY,,2,2,2,2
2025-08-12,OCEANSIDE,,6,6,6,6
2025-08-12,SAN DIEGO,,25,25,25,25
2025-08-12,SHERIFF,,12,12,12,12
2025-08-13,CHULA VISTA,,3,3,3,3
2025-08-13,EL CAJON,,6,5,6,6
2025-08-13,ESCONDIDO,,3,3,3,3
2025-08-13,HARBOR POLICE,,2,2,2,2
2025-08-13,LA MESA,,2,2,2,2
2025-08-13,NATIONAL CITY,,1,1,1,1
2025-08-13,OCEANSIDE,,2,2,2,2
2025-08-13,SAN DIEGO,,24,24,24,24
2025-08-13,SHERIFF,,20,20,20,20
2025-08-14,CARLSBAD,,1,1,1,1
2025-08-14,CHULA VISTA,,2,2,2,2
2025-08-14,EL CAJON,,5,5,5,5
2025-08-14,ESCONDIDO,,1,1,1,1
2025-08-14,LA MESA,,4,4,4,4
2025-08-14,NATIONAL CITY,,1,1,1,1
2025-08-14,OCEANSIDE,,4,4,4,4
2025-08-14,SAN DIEGO,,27,27,27,27
2025-08-14,SHERIFF,,13,13,13,13
2025-08-15,CARLSBAD,,4,4,4,4
2025-08-15,CHULA VISTA,,3,3,3,3
2025-08-15,ESCONDIDO,,5,5,5,5
2025-08-15,HARBOR POLICE,,1,1,1,1
2025-08-15,LA MESA,,1,1,1,1
2025-08-15,NATIONAL CITY,,5,5,5,5
2025-08-15,OCEANSIDE,,5,5,5,5
2025-08-15,SAN DIEGO,,23,23,23,23
2025-08-15,SHERIFF,,17,17,17,17
2025-08-16,CARLSBAD,,1,1,1,1
2025-08-16,CHULA VISTA,,4,4,4,4
2025-08-16,ESCONDIDO,,8,8,8,8
2025-08-16,LA MESA,,1,1,1,1
2025-08-16,NATIONAL CITY,,1,1,1,1
2025-08-16,OCEANSIDE,,2,2,2,2
2025-08-16,SAN DIEGO,,21,21,21,21
2025-08-16,SHERIFF,,20,20,20,20
2025-08-17,CARLSBAD,,1,1,1,1
2025-08-17,CHULA VISTA,,6,6,6,6
2025-08-17,EL CAJON,,1,1,1,1
2025-08-17,ESCONDIDO,,9,9,9,9
2025-08-17,LA MESA,,2,2,2,2
2025-08-17,NATIONAL CITY,,1,1,1,1
2025-08-17,OCEANSIDE,,6,6,6,6
2025-08-17,SAN DIEGO,,16,16,16,16
2025-08-17,SHERIFF,,23,22,22,22
2025-08-18,CARLSBAD,,1,1,1,1
2025-08-18,EL CAJON,,3,3,3,3
2025-08-18,ESCONDIDO,,5,5,5,5
2025-08-18,HARBOR POLICE,,3,3,3,3
2025-08-18,LA MESA,,1,1,1,1
2025-08-18,NATIONAL CITY,,1,1,1,1
2025-08-18,OCEANSIDE,,2,2,2,2
2025-08-18,SAN DIEGO,,19,18,19,19
2025-08-18,SHERIFF,,23,21,23,22
2025-08-19,CARLSBAD,,1,1,1,1
2025-08-19,CHULA VISTA,,3,3,3,3
2025-08-19,EL CAJON,,2,2,2,2
2025-08-19,ESCONDIDO,,3,3,3,3
2025-08-19,LA MESA,,1,1,1,1
2025-08-19,NATIONAL CITY,,2,2,2,2
2025-08-19,OCEANSIDE,,2,2,2,2
2025-08-19,SAN DIEGO,,25,24,24,24
2025-08-19,SHERIFF,,11,11,11,11
2025-08-20,CARLSBAD,,2,2,2,2
2025-08-20,CHULA VISTA,,4,4,4,4
2025-08-20,ESCONDIDO,,6,6,6,6
2025-08-20,HARBOR POLICE,,7,7,7,7
2025-08-20,LA MESA,,2,2,2,2
2025-08-20,NATIONAL CITY,,2,2,2,2
2025-08-20,OCEANSIDE,,4,4,4,4
2025-08-20,SAN DIEGO,,26,26,26,26
2025-08-20,SHERIFF,,12,12,12,12
2025-08-21,CARLSBAD,,4,4,4,4
2025-08-21,CHULA VISTA,,3,3,3,3
2025-08-21,EL CAJON,,4,4,4,4
2025-08-21,ESCONDIDO,,6,6,6,6
2025-08-21,HARBOR POLICE,,2,2,2,2
2025-08-21,NATIONAL CITY,,3,3,3,3
2025-08-21,OCEANSIDE,,4,4,4,4
2025-08-21,SAN DIEGO,,27,27,27,27
2025-08-21,SHERIFF,,17,17,17,17
2025-08-22,CARLSBAD,,1,1,1,1
2025-08-22,CHULA VISTA,,2,2,2,2
2025-08-22,EL CAJON,,4,4,4,4
2025-08-22,ESCONDIDO,,6,6,6,6
2025-08-22,HARBOR POLICE,,2,2,2,2
2025-08-22,LA MESA,,4,4,4,4
2025-08-22,NATIONAL CITY,,1,1,1,1
2025-08-22,OCEANSIDE,,7,7,7,7
2025-08-22,SAN DIEGO,,22,21,22,22
2025-08-22,SHERIFF,,13,13,13,13
2025-08-23,CARLSBAD,,2,2,2,2
2025-08-23,CHULA VISTA,,1,1,1,1
2025-08-23,EL CAJON,,4,4,4,4
2025-08-23,ESCONDIDO,,8,7,8,8
2025-08-23,HARBOR POLICE,,1,1,1,1
2025-08-23,LA MESA,,3,2,3,3
2025-08-23,OCEANSIDE,,5,5,5,5
2025-08-23,SAN DIEGO,,35,34,35,35
2025-08-23,SHERIFF,,15,15,15,15
2025-08-24,CARLSBAD,,3,3,3,3
2025-08-24,CHULA VISTA,,2,2,2,2
2025-08-24,EL CAJON,,3,3,3,3
2025-08-24,ESCONDIDO,,6,5,6,6
2025-08-24,HARBOR POLICE,,2,2,2,2
2025-08-24,LA MESA,,1,1,1,1
2025-08-24,NATIONAL CITY,,3,3,3,3
2025-08-24,OCEANSIDE,,4,4,4,4
2025-08-24,SAN DIEGO,,31,31,31,31
2025-08-24,SHERIFF,,4,4,4,4
2025-08-25,CARLSBAD,,3,3,3,3
2025-08-25,CHULA VISTA,,2,2,2,2
2025-08-25,EL CAJON,,4,2,4,4
2025-08-25,ESCONDIDO,,3,3,3,3
2025-08-25,LA MESA,,3,3,3,3
2025-08-25,NATIONAL CITY,,2,2,2,2
2025-08-25,OCEANSIDE,,1,1,1,1
2025-08-25,SAN DIEGO,,15,15,15,15
2025-08-25,SHERIFF,,14,14,14,14
2025-08-26,CARLSBAD,,3,3,3,3
2025-08-26,EL CAJON,,4,4,4,4
2025-08-26,ESCONDIDO,,3,3,3,3
2025-08-26,HARBOR POLICE,,3,3,3,3
2025-08-26,LA MESA,,1,1,1,1
2025-08-26,NATIONAL CITY,,4,4,4,4
2025-08-26,OCEANSIDE,,4,4,4,4
2025-08-26,SAN DIEGO,,31,30,31,31
2025-08-26,SHERIFF,,13,13,13,13
2025-08-27,CARLSBAD,,3,3,3,3
2025-08-27,EL CAJON,,4,4,4,4
2025-08-27,ESCONDIDO,,1,1,1,1
2025-08-27,HARBOR POLICE,,1,1,1,1
2025-08-27,LA MESA,,2,2,2,2
2025-08-27,OCEANSIDE,,2,2,2,2
2025-08-27,SAN DIEGO,,19,19,19,19
2025-08-27,SHERIFF,,12,12,12,12
2025-08-28,CHULA VISTA,,4,4,4,4
2025-08-28,EL CAJON,,7,3,7,7
2025-08-28,ESCONDIDO,,7,7,7,7
2025-08-28,HARBOR POLICE,,2,2,2,2
2025-08-28,LA MESA,,1,1,1,1
2025-08-28,OCEANSIDE,,3,3,3,3
2025-08-28,SAN DIEGO,,32,31,32,32
2025-08-28,SHERIFF,,11,9,11,11
2025-08-29,CARLSBAD,,4,4,4,4
2025-08-29,CHULA VISTA,,4,4,4,4
2025-08-29,EL CAJON,,2,2,2,2
2025-08-29,ESCONDIDO,,10,10,10,10
2025-08-29,HARBOR POLICE,,2,2,2,2
2025-08-29,LA MESA,,5,5,5,5
2025-08-29,OCEANSIDE,,1,1,1,1
2025-08-29,SAN DIEGO,,28,28,28,28
2025-08-29,SHERIFF,,16,16,16,16
2025-08-30,CARLSBAD,,4,4,4,4
2025-08-30,CHULA VISTA,,4,4,4,4
2025-08-30,ESCONDIDO,,12,12,12,12
2025-08-30,HARBOR POLICE,,1,1,1,1
2025-08-30,LA MESA,,4,4,4,4
2025-08-30,NATIONAL CITY,,5,5,5,5
2025-08-30,OCEANSIDE,,7,7,7,7
2025-08-30,SAN DIEGO,,37,35,37,37
2025-08-30,SHERIFF,,26,26,26,26
2025-08-31,CARLSBAD,,1,1,1,1
2025-08-31,CHULA VISTA,,9,9,9,9
2025-08-31,ESCONDIDO,,3,3,3,3
2025-08-31,LA MESA,,3,3,3,3
2025-08-31,NATIONAL CITY,,1,1,1,1
2025-08-31,OCEANSIDE,,1,1,1,1
2025-08-31,SAN DIEGO,,43,40,43,43
2025-08-31,SHERIFF,,18,16,18,18
2025-09-01,CARLSBAD,,4,4,4,4
2025-09-01,CHULA VISTA,,3,3,3,3
2025-09-01,EL CAJON,,2,2,2,2
2025-09-01,ESCONDIDO,,1,1,1,1
2025-09-01,HARBOR POLICE,,3,3,3,3
2025-09-01,LA MESA,,2,2,2,2
2025-09-01,OCEANSIDE,,3,3,3,3
2025-09-01,SAN DIEGO,,25,24,25,25
2025-09-01,SHERIFF,,17,17,17,17
2025-09-02,CARLSBAD,,2,2,2,2
2025-09-02,CHULA VISTA,,4,3,4,4
2025-09-02,EL CAJON,,13,7,13,13
2025-09-02,HARBOR POLICE,,1,1,1,1
2025-09-02,LA MESA,,2,2,2,2
2025-09-02,OCEANSIDE,,3,3,3,3
2025-09-02,SAN DIEGO,,19,19,19,19
2025-09-02,SHERIFF,,16,15,15,15
2025-09-03,CHULA VISTA,,3,3,3,3
2025-09-03,EL CAJON,,2,2,2,2
2025-09-03,ESCONDIDO,,3,3,3,3
2025-09-03,HARBOR POLICE,,1,1,1,1
2025-09-03,LA MESA,,2,2,2,2
2025-09-03,NATIONAL CITY,,3,3,3,3
2025-09-03,OCEANSIDE,,7,7,7,7
2025-09-03,SAN DIEGO,,18,18,18,18
2025-09-03,SHERIFF,,13,13,13,13
2025-09-04,CARLSBAD,,1,1,1,1
2025-09-04,CHULA VISTA,,1,1,1,1
2025-09-04,EL CAJON,,5,5,5,5
2025-09-04,ESCONDIDO,,4,4,4,4
2025-09-04,HARBOR POLICE,,1,1,1,1
2025-09-04,LA MESA,,3,3,3,3
2025-09-04,NATIONAL CITY,,1,1,1,1
2025-09-04,OCEANSIDE,,1,1,1,1
2025-09-04,SAN DIEGO,,26,26,26,26
2025-09-04,SHERIFF,,13,13,13,13
2025-09-05,CARLSBAD,,3,3,3,3
2025-09-05,CHULA VISTA,,2,2,2,2
2025-09-05,EL CAJON,,1,1,1,1
2025-09-05,ESCONDIDO,,5,5,5,5
2025-09-05,HARBOR POLICE,,1,1,1,1
2025-09-05,LA MESA,,1,1,1,1
2025-09-05,NATIONAL CITY,,2,2,2,2
2025-09-05,OCEANSIDE,,5,5,5,5
2025-09-05,SAN DIEGO,,31,31,31,31
2025-09-05,SHERIFF,,13,13,13,13
2025-09-06,CARLSBAD,,4,4,4,4
2025-09-06,CHULA VISTA,,5,5,5,5
2025-09-06,EL CAJON,,2,2,2,2
2025-09-06,ESCONDIDO,,3,3,3,3
2025-09-06,LA MESA,,2,2,2,2
2025-09-06,NATIONAL CITY,,4,4,4,4
2025-09-06,OCEANSIDE,,3,3,3,3
2025-09-06,SAN DIEGO,,21,20,21,21
2025-09-06,SHERIFF,,11,10,11,11
2025-09-07,CHULA VISTA,,7,6,6,6
2025-09-07,EL CAJON,,6,6,6,6
2025-09-07,ESCONDIDO,,2,2,2,2
2025-09-07,HARBOR POLICE,,1,1,1,1
2025-09-07,LA MESA,,2,2,2,2
2025-09-07,NATIONAL CITY,,1,1,1,1
2025-09-07,OCEANSIDE,,6,6,6,6
2025-09-07,SAN DIEGO,,22,21,22,22
2025-09-07,SHERIFF,,14,14,14,14
2025-09-08,EL CAJON,,3,3,3,3
2025-09-08,ESCONDIDO,,6,6,6,6
2025-09-08,HARBOR POLICE,,2,2,2,2
2025-09-08,LA MESA,,2,2,2,2
2025-09-08,NATIONAL CITY,,4,4,4,4
2025-09-08,OCEANSIDE,,3,3,3,3
2025-09-08,SAN DIEGO,,20,17,18,18
2025-09-08,SHERIFF,,12,12,12,12
2025-09-09,CHULA VISTA,,5,5,5,5
2025-09-09,EL CAJON,,1,1,1,1
2025-09-09,ESCONDIDO,,8,8,8,8
2025-09-09,LA MESA,,3,3,3,3
2025-09-09,OCEANSIDE,,2,2,2,2
2025-09-09,SAN DIEGO,,20,20,20,20
2025-09-09,SHERIFF,,17,15,17,17
2025-09-10,CHULA VISTA,,3,3,3,3
2025-09-10,EL CAJON,,5,5,5,5
2025-09-10,ESCONDIDO,,2,2,2,2
2025-09-10,HARBOR POLICE,,1,1,1,1
2025-09-10,LA MESA,,3,3,3,3
2025-09-10,NATIONAL CITY,,2,2,2,2
2025-09-10,SAN DIEGO,,12,12,12,12
2025-09-10,SHERIFF,,16,16,16,16
2025-09-11,CARLSBAD,,1,1,1,1
2025-09-11,CHULA VISTA,,1,1,1,1
2025-09-11,EL CAJON,,5,3,5,5
2025-09-11,ESCONDIDO,,2,2,2,2
2025-09-11,HARBOR POLICE,,2,2,2,2
2025-09-11,NATIONAL CITY,,1,1,1,1
2025-09-11,OCEANSIDE,,2,2,2,2
2025-09-11,SAN DIEGO,,29,28,29,29
2025-09-11,SHERIFF,,19,17,19,19
2025-09-12,CARLSBAD,,2,2,2,2
2025-09-12,CHULA VISTA,,3,3,3,3
2025-09-12,ESCONDIDO,,7,4,7,7
2025-09-12,LA MESA,,2,2,2,2
2025-09-12,NATIONAL CITY,,1,1,1,1
2025-09-12,OCEANSIDE,,2,2,2,2
2025-09-12,SAN DIEGO,,28,26,28,27
2025-09-12,SHERIFF,,13,13,13,13
2025-09-13,CARLSBAD,,2,2,2,2
2025-09-13,CHULA VISTA,,3,3,3,3
2025-09-13,EL CAJON,,2,2,2,2
2025-09-13,ESCONDIDO,,6,6,6,6
2025-09-13,LA MESA,,4,4,4,4
2025-09-13,OCEANSIDE,,4,4,4,4
2025-09-13,SAN DIEGO,,31,30,31,31
2025-09-13,SHERIFF,,9,9,9,9
2025-09-14,CARLSBAD,,1,1,1,1
2025-09-14,CHULA VISTA,,4,3,4,4
2025-09-14,ESCONDIDO,,5,5,5,5
2025-09-14,HARBOR POLICE,,3,3,3,3
2025-09-14,LA MESA,,4,4,4,4
2025-09-14,OCEANSIDE,,5,5,5,5
2025-09-14,SAN DIEGO,,40,40,40,40
2025-09-14,SHERIFF,,10,10,10,10
2025-09-15,CHULA VISTA,,3,3,3,3
2025-09-15,EL CAJON,,3,3,3,3
2025-09-15,ESCONDIDO,,5,5,5,5
2025-09-15,HARBOR POLICE,,3,3,3,3
2025-09-15,LA MESA,,2,2,2,2
2025-09-15,NATIONAL CITY,,3,3,3,3
2025-09-15,SAN DIEGO,,19,19,19,19
2025-09-15,SHERIFF,,18,18,18,18
2025-09-16,CHULA VISTA,,3,3,3,3
2025-09-16,EL CAJON,,3,3,3,3
2025-09-16,ESCONDIDO,,1,1,1,1
2025-09-16,HARBOR POLICE,,3,3,3,3
2025-09-16,LA MESA,,4,3,4,4
2025-09-16,OCEANSIDE,,2,2,2,2
2025-09-16,SAN DIEGO,,16,16,16,16
2025-09-16,SHERIFF,,17,17,17,17
2025-09-17,CARLSBAD,,3,3,3,3
2025-09-17,CHULA VISTA,,6,6,6,6
2025-09-17,EL CAJON,,2,2,2,2
2025-09-17,ESCONDIDO,,5,5,5,5
2025-09-17,LA MESA,,4,4,4,4
2025-09-17,NATIONAL CITY,,1,1,1,1
2025-09-17,OCEANSIDE,,2,2,2,2
2025-09-17,SAN DIEGO,,24,23,24,24
2025-09-17,SHERIFF,,10,10,10,10
2025-09-18,CHULA VISTA,,1,1,1,1
2025-09-18,EL CAJON,,4,4,4,4
2025-09-18,ESCONDIDO,,4,3,4,4
2025-09-18,LA MESA,,4,4,4,4
2025-09-18,NATIONAL CITY,,1,1,1,1
2025-09-18,SAN DIEGO,,34,32,34,34
2025-09-18,SHERIFF,,18,17,18,18
2025-09-19,CHULA VISTA,,2,2,2,2
2025-09-19,EL CAJON,,1,1,1,1
2025-09-19,ESCONDIDO,,4,4,4,4
2025-09-19,HARBOR POLICE,,2,2,2,2
2025-09-19,NATIONAL CITY,,1,1,1,1
2025-09-19,OCEANSIDE,,2,2,2,2
2025-09-19,SAN DIEGO,,22,22,22,22
2025-09-19,SHERIFF,,15,15,15,15
2025-09-20,CARLSBAD,,2,2,2,2
2025-09-20,CHULA VISTA,,8,8,8,8
2025-09-20,ESCONDIDO,,3,3,3,3
2025-09-20,HARBOR POLICE,,1,1,1,1
2025-09-20,LA MESA,,3,3,3,3
2025-09-20,NATIONAL CITY,,1,1,1,1
2025-09-20,OCEANSIDE,,6,6,6,6
2025-09-20,SAN DIEGO,,40,40,40,40
2025-09-20,SHERIFF,,17,17,17,17
2025-09-21,CARLSBAD,,1,1,1,1
2025-09-21,CHULA VISTA,,2,2,2,2
2025-09-21,EL CAJON,,3,3,3,3
2025-09-21,ESCONDIDO,,3,3,3,3
2025-09-21,LA MESA,,3,3,3,3
2025-09-21,NATIONAL CITY,,1,1,1,1
2025-09-21,OCEANSIDE,,2,2,2,2
2025-09-21,SAN DIEGO,,33,33,33,33
2025-09-21,SHERIFF,,12,12,12,12
2025-09-22,CARLSBAD,,2,2,2,2
2025-09-22,CHULA VISTA,,3,3,3,3
2025-09-22,EL CAJON,,2,2,2,2
2025-09-22,ESCONDIDO,,4,4,4,4
2025-09-22,HARBOR POLICE,,1,1,1,1
2025-09-22,LA MESA,,1,1,1,1
2025-09-22,OCEANSIDE,,4,4,4,4
2025-09-22,SAN DIEGO,,22,20,20,20
2025-09-22,SHERIFF,,17,17,17,17
2025-09-23,CARLSBAD,,2,2,2,2
2025-09-23,CHULA VISTA,,5,5,5,5
2025-09-23,EL CAJON,,8,5,8,8
2025-09-23,ESCONDIDO,,3,3,3,3
2025-09-23,HARBOR POLICE,,1,1,1,1
2025-09-23,NATIONAL CITY,,3,3,3,3
2025-09-23,OCEANSIDE,,7,6,7,7
2025-09-23,SAN DIEGO,,26,26,26,26
2025-09-23,SHERIFF,,10,10,10,10
2025-09-24,CARLSBAD,,1,1,1,1
2025-09-24,CHULA VISTA,,4,4,4,4
2025-09-24,EL CAJON,,21,12,21,20
2025-09-24,ESCONDIDO,,2,2,2,2
2025-09-24,HARBOR POLICE,,2,2,2,2
2025-09-24,LA MESA,,1,1,1,1
2025-09-24,NATIONAL CITY,,1,1,1,1
2025-09-24,OCEANSIDE,,2,2,2,2
2025-09-24,SAN DIEGO,,29,25,29,29
2025-09-24,SHERIFF,,21,21,21,21
2025-09-25,CARLSBAD,,1,1,1,1
2025-09-25,CHULA VISTA,,5,5,5,5
2025-09-25,EL CAJON,,3,3,3,3
2025-09-25,ESCONDIDO,,6,6,6,6
2025-09-25,HARBOR POLICE,,1,1,1,1
2025-09-25,LA MESA,,1,1,1,1
2025-09-25,NATIONAL CITY,,1,1,1,1
2025-09-25,OCEANSIDE,,2,2,2,2
2025-09-25,SAN DIEGO,,26,26,26,26
2025-09-25,SHERIFF,,18,18,18,18
2025-09-26,CARLSBAD,,2,2,2,2
2025-09-26,CHULA VISTA,,3,3,3,3
2025-09-26,EL CAJON,,5,4,5,5
2025-09-26,ESCONDIDO,,5,5,5,5
2025-09-26,HARBOR POLICE,,1,1,1,1
2025-09-26,LA MESA,,5,5,5,5
2025-09-26,NATIONAL CITY,,5,4,5,5
2025-09-26,SAN DIEGO,,23,23,23,23
2025-09-26,SHERIFF,,17,17,17,17
2025-09-27,CARLSBAD,,1,1,1,1
2025-09-27,CHULA VISTA,,5,5,5,5
2025-09-27,EL CAJON,,20,14,19,18
2025-09-27,ESCONDIDO,,3,3,3,3
2025-09-27,LA MESA,,1,1,1,1
2025-09-27,NATIONAL CITY,,1,1,1,1
2025-09-27,OCEANSIDE,,6,6,6,6
2025-09-27,SAN DIEGO,,28,28,28,28
2025-09-27,SHERIFF,,14,14,14,14
2025-09-28,CARLSBAD,,3,3,3,3
2025-09-28,CHULA VISTA,,4,4,4,4
2025-09-28,EL CAJON,,3,3,3,3
2025-09-28,ESCONDIDO,,9,9,9,9
2025-09-28,HARBOR POLICE,,1,1,1,1
2025-09-28,NATIONAL CITY,,1,1,1,1
2025-09-28,OCEANSIDE,,5,5,5,5
2025-09-28,SAN DIEGO,,21,21,21,21
2025-09-28,SHERIFF,,12,12,12,12
2025-09-29,CHULA VISTA,,2,2,2,2
2025-09-29,EL CAJON,,6,3,6,6
2025-09-29,ESCONDIDO,,3,3,3,3
2025-09-29,HARBOR POLICE,,1,1,1,1
2025-09-29,LA MESA,,2,2,2,2
2025-09-29,NATIONAL CITY,,3,3,3,3
2025-09-29,OCEANSIDE,,2,2,2,2
2025-09-29,SAN DIEGO,,22,21,22,22
2025-09-29,SHERIFF,,15,15,15,15
2025-09-30,CARLSBAD,,2,1,2,2
2025-09-30,CHULA VISTA,,1,1,1,1
2025-09-30,EL CAJON,,4,2,4,4
2025-09-30,ESCONDIDO,,10,10,10,10
2025-09-30,LA MESA,,3,3,3,3
2025-09-30,OCEANSIDE,,3,3,3,3
2025-09-30,SAN DIEGO,,19,19,19,19
2025-09-30,SHERIFF,,21,21,21,21
2025-10-01,CHULA VISTA,,2,2,2,2
2025-10-01,EL CAJON,,1,1,1,1
2025-10-01,ESCONDIDO,,1,1,1,1
2025-10-01,HARBOR POLICE,,1,1,1,1
2025-10-01,LA MESA,,3,3,3,3
2025-10-01,NATIONAL CITY,,3,3,3,3
2025-10-01,OCEANSIDE,,2,2,2,2
2025-10-01,SAN DIEGO,,22,22,22,22
2025-10-01,SHERIFF,,18,17,18,18
2025-10-02,CARLSBAD,,2,2,2,2
2025-10-02,CHULA VISTA,,2,2,2,2
2025-10-02,EL CAJON,,6,6,6,6
2025-10-02,ESCONDIDO,,3,3,3,3
2025-10-02,LA MESA,,1,1,1,1
2025-10-02,OCEANSIDE,,4,4,4,4
2025-10-02,SAN DIEGO,,14,14,14,14
2025-10-02,SHERIFF,,14,14,14,14
2025-10-03,CARLSBAD,,2,2,2,2
2025-10-03,CHULA VISTA,,3,3,3,3
2025-10-03,EL CAJON,,4,4,4,4
2025-10-03,ESCONDIDO,,7,7,7,7
2025-10-03,HARBOR POLICE,,1,1,1,1
2025-10-03,LA MESA,,4,4,4,4
2025-10-03,NATIONAL CITY,,3,3,3,3
2025-10-03,OCEANSIDE,,5,4,5,4
2025-10-03,SAN DIEGO,,17,17,17,17
2025-10-03,SHERIFF,,15,15,15,15
2025-10-04,CARLSBAD,,2,2,2,2
2025-10-04,ESCONDIDO,,8,8,8,8
2025-10-04,HARBOR POLICE,,1,1,1,1
2025-10-04,LA MESA,,1,1,1,1
2025-10-04,NATIONAL CITY,,1,1,1,1
2025-10-04,OCEANSIDE,,4,4,4,4
2025-10-04,SAN DIEGO,,21,21,21,21
2025-10-04,SHERIFF,,14,14,14,14
2025-10-05,CARLSBAD,,1,1,1,1
2025-10-05,CHULA VISTA,,1,1,1,1
2025-10-05,ESCONDIDO,,6,6,6,6
2025-10-05,HARBOR POLICE,,2,2,2,2
2025-10-05,LA MESA,,1,1,1,1
2025-10-05,NATIONAL CITY,,2,2,2,2
2025-10-05,OCEANSIDE,,5,5,5,5
2025-10-05,SAN DIEGO,,22,22,22,22
2025-10-05,SHERIFF,,10,10,10,10
2025-10-06,CARLSBAD,,3,3,3,3
2025-10-06,CHULA VISTA,,4,4,4,4
2025-10-06,EL CAJON,,2,2,2,2
2025-10-06,ESCONDIDO,,2,2,2,2
2025-10-06,HARBOR POLICE,,5,5,5,5
2025-10-06,LA MESA,,2,2,2,2
2025-10-06,NATIONAL CITY,,2,2,2,2
2025-10-06,OCEANSIDE,,4,4,4,4
2025-10-06,SAN DIEGO,,25,25,25,25
2025-10-06,SHERIFF,,13,13,13,13
2025-10-07,CHULA VISTA,,7,7,7,7
2025-10-07,EL CAJON,,3,2,3,3
2025-10-07,ESCONDIDO,,4,4,4,4
2025-10-07,LA MESA,,3,3,3,3
2025-10-07,NATIONAL CITY,,2,2,2,2
2025-10-07,OCEANSIDE,,5,5,5,5
2025-10-07,SAN DIEGO,,20,20,20,20
2025-10-07,SHERIFF,,11,11,11,11
2025-10-08,CHULA VISTA,,1,1,1,1
2025-10-08,EL CAJON,,4,4,4,4
2025-10-08,ESCONDIDO,,9,8,9,9
2025-10-08,LA MESA,,2,1,1,1
2025-10-08,NATIONAL CITY,,1,1,1,1
2025-10-08,OCEANSIDE,,2,2,2,2
2025-10-08,SAN DIEGO,,21,19,21,21
2025-10-08,SHERIFF,,17,16,17,17
2025-10-09,CARLSBAD,,1,1,1,1
2025-10-09,CHULA VISTA,,3,3,3,3
2025-10-09,EL CAJON,,5,5,5,5
2025-10-09,ESCONDIDO,,3,3,3,3
2025-10-09,NATIONAL CITY,,1,1,1,1
2025-10-09,OCEANSIDE,,4,4,4,4
2025-10-09,SAN DIEGO,,26,26,26,26
2025-10-09,SHERIFF,,14,14,14,14
2025-10-10,CARLSBAD,,1,1,1,1
2025-10-10,CHULA VISTA,,3,3,3,3
2025-10-10,EL CAJON,,4,4,4,4
2025-10-10,ESCONDIDO,,2,2,2,2
2025-10-10,LA MESA,,1,1,1,1
2025-10-10,NATIONAL CITY,,4,3,4,4
2025-10-10,OCEANSIDE,,3,3,3,3
2025-10-10,SAN DIEGO,,25,25,25,25
2025-10-10,SHERIFF,,26,25,26,26
2025-10-11,CARLSBAD,,6,6,6,6
2025-10-11,CHULA VISTA,,4,4,4,4
2025-10-11,EL CAJON,,1,1,1,1
2025-10-11,ESCONDIDO,,7,7,7,7
2025-10-11,HARBOR POLICE,,3,3,3,3
2025-10-11,LA MESA,,2,2,2,2
2025-10-11,NATIONAL CITY,,2,2,2,2
2025-10-11,OCEANSIDE,,4,4,4,4
2025-10-11,SAN DIEGO,,35,32,34,34
2025-10-11,SHERIFF,,14,14,14,14
2025-10-12,CARLSBAD,,1,1,1,1
2025-10-12,CHULA VISTA,,1,1,1,1
2025-10-12,ESCONDIDO,,4,4,4,4
2025-10-12,LA MESA,,1,1,1,1
2025-10-12,OCEANSIDE,,7,7,7,7
2025-10-12,SAN DIEGO,,25,25,25,25
2025-10-12,SHERIFF,,16,15,16,16
2025-10-13,EL CAJON,,3,3,3,3
2025-10-13,ESCONDIDO,,1,1,1,1
2025-10-13,HARBOR POLICE,,1,1,1,1
2025-10-13,LA MESA,,2,2,2,2
2025-10-13,NATIONAL CITY,,2,2,2,2
2025-10-13,OCEANSIDE,,2,2,2,2
2025-10-13,SAN DIEGO,,29,28,29,29
2025-10-13,SHERIFF,,17,15,17,17
2025-10-14,CARLSBAD,,2,2,2,2
2025-10-14,CHULA VISTA,,5,5,5,5
2025-10-14,EL CAJON,,5,5,5,5
2025-10-14,ESCONDIDO,,5,5,5,5
2025-10-14,LA MESA,,4,4,4,4
2025-10-14,NATIONAL CITY,,1,1,1,1
2025-10-14,OCEANSIDE,,4,4,4,4
2025-10-14,SAN DIEGO,,14,14,14,14
2025-10-14,SHERIFF,,14,14,14,14
2025-10-15,CARLSBAD,,1,1,1,1
2025-10-15,CHULA VISTA,,3,3,3,3
2025-10-15,EL CAJON,,4,4,4,4
2025-10-15,ESCONDIDO,,5,5,5,5
2025-10-15,LA MESA,,3,3,3,3
2025-10-15,OCEANSIDE,,3,3,3,3
2025-10-15,SAN DIEGO,,28,28,28,28
2025-10-15,SHERIFF,,18,18,18,18
2025-10-16,CARLSBAD,,1,1,1,1
2025-10-16,CHULA VISTA,,3,3,3,3
2025-10-16,EL CAJON,,1,1,1,1
2025-10-16,ESCONDIDO,,5,5,5,5
2025-10-16,LA MESA,,2,2,2,2
2025-10-16,NATIONAL CITY,,2,2,2,2
2025-10-16,SAN DIEGO,,21,21,21,21
2025-10-16,SHERIFF,,9,9,9,9
2025-10-17,CHULA VISTA,,4,4,4,4
2025-10-17,EL CAJON,,2,2,2,2
2025-10-17,ESCONDIDO,,4,4,4,4
2025-10-17,HARBOR POLICE,,3,3,3,3
2025-10-17,LA MESA,,3,3,3,3
2025-10-17,NATIONAL CITY,,7,3,5,5
2025-10-17,OCEANSIDE,,1,1,1,1
2025-10-17,SAN DIEGO,,27,27,27,27
2025-10-17,SHERIFF,,16,16,16,16
2025-10-18,CARLSBAD,,3,3,3,3
2025-10-18,CHULA VISTA,,4,4,4,4
2025-10-18,EL CAJON,,2,2,2,2
2025-10-18,ESCONDIDO,,7,7,7,7
2025-10-18,HARBOR POLICE,,1,1,1,1
2025-10-18,LA MESA,,1,1,1,1
2025-10-18,NATIONAL CITY,,1,1,1,1
2025-10-18,OCEANSIDE,,2,2,2,2
2025-10-18,SAN DIEGO,,30,29,30,30
2025-10-18,SHERIFF,,22,21,22,22
2025-10-19,CHULA VISTA,,4,4,4,4
2025-10-19,EL CAJON,,7,7,7,7
2025-10-19,ESCONDIDO,,6,6,6,6
2025-10-19,HARBOR POLICE,,2,2,2,2
2025-10-19,LA MESA,,1,1,1,1
2025-10-19,OCEANSIDE,,4,4,4,4
2025-10-19,SAN DIEGO,,23,23,23,23
2025-10-19,SHERIFF,,14,14,14,14
2025-10-20,CARLSBAD,,1,1,1,1
2025-10-20,CHULA VISTA,,6,6,6,6
2025-10-20,ESCONDIDO,,2,2,2,2
2025-10-20,NATIONAL CITY,,4,3,4,4
2025-10-20,SAN DIEGO,,12,12,12,12
2025-10-20,SHERIFF,,15,15,15,15
2025-10-21,CHULA VISTA,,4,4,4,4
2025-10-21,EL CAJON,,2,1,2,2
2025-10-21,ESCONDIDO,,4,4,4,4
2025-10-21,LA MESA,,1,1,1,1
2025-10-21,OCEANSIDE,,2,2,2,2
2025-10-21,SAN DIEGO,,26,26,26,26
2025-10-21,SHERIFF,,17,16,17,17
2025-10-22,CHULA VISTA,,4,4,4,4
2025-10-22,EL CAJON,,2,2,2,2
2025-10-22,ESCONDIDO,,4,4,4,4
2025-10-22,HARBOR POLICE,,1,1,1,1
2025-10-22,NATIONAL CITY,,1,1,1,1
2025-10-22,OCEANSIDE,,3,3,3,3
2025-10-22,SAN DIEGO,,22,21,21,21
2025-10-22,SHERIFF,,20,18,20,20
2025-10-23,CARLSBAD,,1,1,1,1
2025-10-23,CHULA VISTA,,4,4,4,4
2025-10-23,EL CAJON,,4,4,4,4
2025-10-23,ESCONDIDO,,2,2,2,2
2025-10-23,HARBOR POLICE,,1,1,1,1
2025-10-23,LA MESA,,1,1,1,1
2025-10-23,NATIONAL CITY,,1,1,1,1
2025-10-23,SAN DIEGO,,14,14,14,14
2025-10-23,SHERIFF,,11,11,11,11
2025-10-24,CARLSBAD,,2,2,2,2
2025-10-24,CHULA VISTA,,6,6,6,6
2025-10-24,EL CAJON,,2,2,2,2
2025-10-24,ESCONDIDO,,8,5,8,8
2025-10-24,HARBOR POLICE,,2,2,2,2
2025-10-24,LA MESA,,8,8,8,8
2025-10-24,NATIONAL CITY,,2,2,2,2
2025-10-24,OCEANSIDE,,7,7,7,7
2025-10-24,SAN DIEGO,,27,27,27,27
2025-10-24,SHERIFF,,15,15,15,15
2025-10-25,CARLSBAD,,2,2,2,2
2025-10-25,CHULA VISTA,,5,5,5,5
2025-10-25,EL CAJON,,2,2,2,2
2025-10-25,ESCONDIDO,,6,6,6,6
2025-10-25,HARBOR POLICE,,1,1,1,1
2025-10-25,LA MESA,,3,3,3,3
2025-10-25,NATIONAL CITY,,2,2,2,2
2025-10-25,OCEANSIDE,,3,3,3,3
2025-10-25,SAN DIEGO,,25,24,25,25
2025-10-25,SHERIFF,,8,8,8,8
2025-10-26,CHULA VISTA,,5,5,5,5
2025-10-26,EL CAJON,,1,1,1,1
2025-10-26,ESCONDIDO,,6,6,6,6
2025-10-26,HARBOR POLICE,,1,1,1,1
2025-10-26,LA MESA,,1,1,1,1
2025-10-26,NATIONAL CITY,,2,2,2,2
2025-10-26,OCEANSIDE,,3,3,3,3
2025-10-26,SAN DIEGO,,31,28,31,31
2025-10-26,SHERIFF,,15,15,15,15
2025-10-27,CARLSBAD,,1,1,1,1
2025-10-27,CHULA VISTA,,1,1,1,1
2025-10-27,ESCONDIDO,,7,7,7,7
2025-10-27,HARBOR POLICE,,2,2,2,2
2025-10-27,SAN DIEGO,,11,11,11,11
2025-10-27,SHERIFF,,20,20,20,20
2025-10-28,CARLSBAD,,3,3,3,3
2025-10-28,CHULA VISTA,,1,1,1,1
2025-10-28,EL CAJON,,2,2,2,2
2025-10-28,ESCONDIDO,,3,3,3,3
2025-10-28,HARBOR POLICE,,1,1,1,1
2025-10-28,NATIONAL CITY,,1,1,1,1
2025-10-28,OCEANSIDE,,1,1,1,1
2025-10-28,SAN DIEGO,,13,13,13,13
2025-10-28,SHERIFF,,16,16,16,16
2025-10-29,CHULA VISTA,,4,4,4,4
2025-10-29,EL CAJON,,4,4,4,4
2025-10-29,ESCONDIDO,,1,1,1,1
2025-10-29,HARBOR POLICE,,1,1,1,1
2025-10-29,LA MESA,,2,2,2,2
2025-10-29,OCEANSIDE,,2,2,2,2
2025-10-29,SAN DIEGO,,24,23,24,24
2025-10-29,SHERIFF,,15,15,15,15
2025-10-30,CARLSBAD,,1,1,1,1
2025-10-30,CHULA VISTA,,3,3,3,3
2025-10-30,EL CAJON,,3,3,3,3
2025-10-30,ESCONDIDO,,6,6,6,6
2025-10-30,LA MESA,,1,1,1,1
2025-10-30,NATIONAL CITY,,2,2,2,2
2025-10-30,OCEANSIDE,,6,6,6,6
2025-10-30,SAN DIEGO,,20,20,20,20
2025-10-30,SHERIFF,,17,16,17,17
2025-10-31,CARLSBAD,,3,3,3,3
2025-10-31,CHULA VISTA,,3,3,3,3
2025-10-31,EL CAJON,,4,4,4,4
2025-10-31,ESCONDIDO,,13,13,13,13
2025-10-31,HARBOR POLICE,,1,1,1,1
2025-10-31,LA MESA,,2,2,2,2
2025-10-31,NATIONAL CITY,,6,3,6,6
2025-10-31,OCEANSIDE,,2,2,2,2
2025-10-31,SAN DIEGO,,21,21,21,21
2025-10-31,SHERIFF,,22,21,22,22
2025-11-01,CARLSBAD,,1,1,1,1
2025-11-01,EL CAJON,,3,3,3,3
2025-11-01,ESCONDIDO,,6,6,6,6
2025-11-01,HARBOR POLICE,,1,1,1,1
2025-11-01,LA MESA,,4,2,4,4
2025-11-01,NATIONAL CITY,,1,1,1,1
2025-11-01,OCEANSIDE,,9,9,9,9
2025-11-01,SAN DIEGO,,33,32,33,33
2025-11-01,SHERIFF,,25,22,25,25
2025-11-02,CARLSBAD,,3,3,3,3
2025-11-02,CHULA VISTA,,3,3,3,3
2025-11-02,EL CAJON,,3,3,3,3
2025-11-02,ESCONDIDO,,7,7,7,7
2025-11-02,LA MESA,,2,2,2,2
2025-11-02,NATIONAL CITY,,1,1,1,1
2025-11-02,OCEANSIDE,,2,2,2,2
2025-11-02,SAN DIEGO,,24,24,24,24
2025-11-02,SHERIFF,,14,14,14,14
2025-11-03,CARLSBAD,,1,1,1,1
2025-11-03,CHULA VISTA,,1,1,1,1
2025-11-03,EL CAJON,,5,4,5,5
2025-11-03,ESCONDIDO,,4,4,4,4
2025-11-03,HARBOR POLICE,,1,1,1,1
2025-11-03,LA MESA,,3,3,3,3
2025-11-03,NATIONAL CITY,,3,3,3,3
2025-11-03,OCEANSIDE,,5,5,5,5
2025-11-03,SAN DIEGO,,18,16,18,18
2025-11-03,SHERIFF,,12,11,12,12
2025-11-04,CHULA VISTA,,3,3,3,3
2025-11-04,EL CAJON,,3,3,3,3
2025-11-04,ESCONDIDO,,4,4,4,4
2025-11-04,LA MESA,,3,3,3,3
2025-11-04,NATIONAL CITY,,2,2,2,2
2025-11-04,OCEANSIDE,,3,3,3,3
2025-11-04,SAN DIEGO,,16,16,16,16
2025-11-04,SHERIFF,,13,12,13,13
2025-11-05,CARLSBAD,,1,1,1,1
2025-11-05,CHULA VISTA,,6,5,6,6
2025-11-05,EL CAJON,,2,2,2,2
2025-11-05,ESCONDIDO,,4,4,4,4
2025-11-05,LA MESA,,3,2,3,2
2025-11-05,SAN DIEGO,,20,19,19,19
2025-11-05,SHERIFF,,15,15,15,15
2025-11-06,CARLSBAD,,2,2,2,2
2025-11-06,CHULA VISTA,,4,4,4,4
2025-11-06,EL CAJON,,5,5,5,5
2025-11-06,ESCONDIDO,,6,6,6,6
2025-11-06,LA MESA,,1,1,1,1
2025-11-06,OCEANSIDE,,7,7,7,7
2025-11-06,SAN DIEGO,,31,31,31,31
2025-11-06,SHERIFF,,12,12,12,12
2025-11-07,CHULA VISTA,,3,3,3,3
2025-11-07,ESCONDIDO,,4,4,4,4
2025-11-07,HARBOR POLICE,,1,1,1,1
2025-11-07,LA MESA,,2,2,2,2
2025-11-07,SAN DIEGO,,24,24,24,24
2025-11-07,SHERIFF,,12,12,12,12
2025-11-08,CARLSBAD,,5,5,5,5
2025-11-08,CHULA VISTA,,6,6,6,6
2025-11-08,ESCONDIDO,,11,11,11,11
2025-11-08,HARBOR POLICE,,1,1,1,1
2025-11-08,LA MESA,,2,2,2,2
2025-11-08,NATIONAL CITY,,3,3,3,3
2025-11-08,OCEANSIDE,,2,2,2,2
2025-11-08,SAN DIEGO,,29,29,29,29
2025-11-08,SHERIFF,,21,21,21,21
2025-11-09,CARLSBAD,,4,4,4,4
2025-11-09,CHULA VISTA,,5,5,5,5
2025-11-09,EL CAJON,,2,2,2,2
2025-11-09,ESCONDIDO,,5,5,5,5
2025-11-09,LA MESA,,2,2,2,2
2025-11-09,NATIONAL CITY,,2,2,2,2
2025-11-09,OCEANSIDE,,3,3,3,3
2025-11-09,SAN DIEGO,,30,30,30,30
2025-11-09,SHERIFF,,12,12,12,12
2025-11-10,CARLSBAD,,1,1,1,1
2025-11-10,CHULA VISTA,,2,2,2,2
2025-11-10,EL CAJON,,2,2,2,2
2025-11-10,ESCONDIDO,,3,3,3,3
2025-11-10,HARBOR POLICE,,2,2,2,2
2025-11-10,LA MESA,,3,3,3,3
2025-11-10,OCEANSIDE,,4,4,4,4
2025-11-10,SAN DIEGO,,18,18,18,18
2025-11-10,SHERIFF,,13,13,13,13
2025-11-11,CARLSBAD,,1,1,1,1
2025-11-11,CHULA VISTA,,3,3,3,3
2025-11-11,EL CAJON,,1,1,1,1
2025-11-11,ESCONDIDO,,4,4,4,4
2025-11-11,LA MESA,,3,3,3,3
2025-11-11,NATIONAL CITY,,1,1,1,1
2025-11-11,OCEANSIDE,,4,4,4,4
2025-11-11,SAN DIEGO,,24,24,24,24
2025-11-11,SHERIFF,,13,13,13,13
2025-11-12,CARLSBAD,,3,3,3,3
2025-11-12,CHULA VISTA,,1,1,1,1
2025-11-12,ESCONDIDO,,4,4,4,4
2025-11-12,HARBOR POLICE,,6,5,6,6
2025-11-12,LA MESA,,2,2,2,2
2025-11-12,NATIONAL CITY,,1,1,1,1
2025-11-12,OCEANSIDE,,3,3,3,3
2025-11-12,SAN DIEGO,,13,13,13,13
2025-11-12,SHERIFF,,19,19,19,19
2025-11-13,CARLSBAD,,2,2,2,2
2025-11-13,CHULA VISTA,,4,4,4,4
2025-11-13,EL CAJON,,2,2,2,2
2025-11-13,ESCONDIDO,,5,5,5,5
2025-11-13,HARBOR POLICE,,2,2,2,2
2025-11-13,NATIONAL CITY,,1,1,1,1
2025-11-13,SAN DIEGO,,14,14,14,14
2025-11-13,SHERIFF,,19,18,19,19
2025-11-14,CARLSBAD,,2,2,2,2
2025-11-14,CHULA VISTA,,3,3,3,3
2025-11-14,EL CAJON,,7,5,7,7
2025-11-14,ESCONDIDO,,8,8,8,8
2025-11-14,HARBOR POLICE,,3,3,3,3
2025-11-14,LA MESA,,1,1,1,1
2025-11-14,NATIONAL CITY,,1,1,1,1
2025-11-14,OCEANSIDE,,5,5,5,5
2025-11-14,SAN DIEGO,,21,21,21,21
2025-11-14,SHERIFF,,11,10,10,10
2025-11-15,CARLSBAD,,6,6,6,6
2025-11-15,CHULA VISTA,,1,1,1,1
2025-11-15,ESCONDIDO,,5,5,5,5
2025-11-15,LA MESA,,2,2,2,2
2025-11-15,NATIONAL CITY,,3,3,3,3
2025-11-15,OCEANSIDE,,4,4,4,4
2025-11-15,SAN DIEGO,,19,19,19,19
2025-11-15,SHERIFF,,10,10,10,10
2025-11-16,CARLSBAD,,1,1,1,1
2025-11-16,CHULA VISTA,,9,9,9,9
2025-11-16,EL CAJON,,1,1,1,1
2025-11-16,ESCONDIDO,,9,9,9,9
2025-11-16,HARBOR POLICE,,5,4,5,5
2025-11-16,LA MESA,,6,6,6,6
2025-11-16,NATIONAL CITY,,3,3,3,3
2025-11-16,OCEANSIDE,,1,1,1,1
2025-11-16,SAN DIEGO,,22,22,22,22
2025-11-16,SHERIFF,,16,15,16,16
2025-11-17,CARLSBAD,,1,1,1,1
2025-11-17,CHULA VISTA,,3,3,3,3
2025-11-17,EL CAJON,,4,3,4,4
2025-11-17,ESCONDIDO,,2,2,2,2
2025-11-17,LA MESA,,2,2,2,2
2025-11-17,NATIONAL CITY,,2,2,2,2
2025-11-17,OCEANSIDE,,3,3,3,3
2025-11-17,SAN DIEGO,,19,17,19,19
2025-11-17,SHERIFF,,15,14,15,15
2025-11-18,CARLSBAD,,2,2,2,2
2025-11-18,EL CAJON,,8,5,8,8
2025-11-18,ESCONDIDO,,3,3,3,3
2025-11-18,HARBOR POLICE,,1,1,1,1
2025-11-18,NATIONAL CITY,,1,1,1,1
2025-11-18,OCEANSIDE,,2,2,2,2
2025-11-18,SAN DIEGO,,19,19,19,19
2025-11-18,SHERIFF,,11,11,11,11
2025-11-19,CARLSBAD,,1,1,1,1
2025-11-19,CHULA VISTA,,3,3,3,3
2025-11-19,EL CAJON,,1,1,1,1
2025-11-19,ESCONDIDO,,4,4,4,4
2025-11-19,HARBOR POLICE,,1,1,1,1
2025-11-19,LA MESA,,3,1,3,3
2025-11-19,NATIONAL CITY,,1,1,1,1
2025-11-19,OCEANSIDE,,1,1,1,1
2025-11-19,SAN DIEGO,,23,23,23,23
2025-11-19,SHERIFF,,23,23,23,23
2025-11-20,CARLSBAD,,5,5,5,5
2025-11-20,CHULA VISTA,,7,5,7,7
2025-11-20,EL CAJON,,5,5,5,5
2025-11-20,ESCONDIDO,,5,5,5,5
2025-11-20,NATIONAL CITY,,1,1,1,1
2025-11-20,OCEANSIDE,,4,4,4,4
2025-11-20,SAN DIEGO,,17,17,17,17
2025-11-20,SHERIFF,,16,14,15,15
2025-11-21,CARLSBAD,,3,3,3,3
2025-11-21,CHULA VISTA,,5,5,5,5
2025-11-21,EL CAJON,,7,7,7,7
2025-11-21,ESCONDIDO,,11,11,11,11
2025-11-21,HARBOR POLICE,,1,1,1,1
2025-11-21,LA MESA,,3,3,3,3
2025-11-21,NATIONAL CITY,,6,2,6,6
2025-11-21,OCEANSIDE,,7,7,7,7
2025-11-21,SAN DIEGO,,15,15,15,15
2025-11-21,SHERIFF,,14,14,14,14
2025-11-22,CARLSBAD,,3,3,3,3
2025-11-22,CHULA VISTA,,3,3,3,3
2025-11-22,EL CAJON,,2,2,2,2
2025-11-22,ESCONDIDO,,6,6,6,6
2025-11-22,LA MESA,,1,1,1,1
2025-11-22,NATIONAL CITY,,1,1,1,1
2025-11-22,OCEANSIDE,,1,1,1,1
2025-11-22,SAN DIEGO,,33,32,33,33
2025-11-22,SHERIFF,,10,10,10,10
2025-11-23,CARLSBAD,,2,2,2,2
2025-11-23,CHULA VISTA,,3,3,3,3
2025-11-23,EL CAJON,,4,4,4,4
2025-11-23,ESCONDIDO,,6,6,6,6
2025-11-23,HARBOR POLICE,,3,3,3,3
2025-11-23,LA MESA,,4,4,4,4
2025-11-23,OCEANSIDE,,3,3,3,3
2025-11-23,SAN DIEGO,,25,25,25,25
2025-11-23,SHERIFF,,13,13,13,13
2025-11-24,CARLSBAD,,1,1,1,1
2025-11-24,CHULA VISTA,,2,2,2,2
2025-11-24,EL CAJON,,3,3,3,3
2025-11-24,ESCONDIDO,,1,1,1,1
2025-11-24,HARBOR POLICE,,1,1,1,1
2025-11-24,LA MESA,,3,3,3,3
2025-11-24,OCEANSIDE,,2,2,2,2
2025-11-24,SAN DIEGO,,21,21,21,21
2025-11-24,SHERIFF,,10,10,10,10
2025-11-25,CARLSBAD,,1,1,1,1
2025-11-25,CHULA VISTA,,3,3,3,3
2025-11-25,EL CAJON,,2,2,2,2
2025-11-25,ESCONDIDO,,5,5,5,5
2025-11-25,HARBOR POLICE,,1,1,1,1
2025-11-25,LA MESA,,3,3,3,3
2025-11-25,NATIONAL CITY,,2,2,2,2
2025-11-25,OCEANSIDE,,4,4,4,4
2025-11-25,SAN DIEGO,,22,22,22,22
2025-11-25,SHERIFF,,19,15,19,19
2025-11-26,CARLSBAD,,5,5,5,5
2025-11-26,CHULA VISTA,,3,3,3,3
2025-11-26,EL CAJON,,4,4,4,4
2025-11-26,ESCONDIDO,,4,4,4,4
2025-11-26,HARBOR POLICE,,2,2,2,2
2025-11-26,LA MESA,,1,1,1,1
2025-11-26,NATIONAL CITY,,2,2,2,2
2025-11-26,OCEANSIDE,,1,1,1,1
2025-11-26,SAN DIEGO,,14,14,14,14
2025-11-26,SHERIFF,,10,10,10,10
2025-11-27,CARLSBAD,,2,2,2,2
2025-11-27,CHULA VISTA,,3,3,3,3
2025-11-27,EL CAJON,,3,3,3,3
2025-11-27,ESCONDIDO,,1,1,1,1
2025-11-27,HARBOR POLICE,,1,1,1,1
2025-11-27,LA MESA,,2,2,2,2
2025-11-27,NATIONAL CITY,,2,2,2,2
2025-11-27,OCEANSIDE,,3,3,3,3
2025-11-27,SAN DIEGO,,16,16,16,16
2025-11-27,SHERIFF,,9,9,9,9
2025-11-28,CARLSBAD,,3,3,3,3
2025-11-28,CHULA VISTA,,2,2,2,2
2025-11-28,EL CAJON,,2,2,2,2
2025-11-28,ESCONDIDO,,4,4,4,4
2025-11-28,HARBOR POLICE,,1,1,1,1
2025-11-28,LA MESA,,1,1,1,1
2025-11-28,NATIONAL CITY,,1,1,1,1
2025-11-28,OCEANSIDE,,4,4,4,4
2025-11-28,SAN DIEGO,,25,24,25,25
2025-11-28,SHERIFF,,10,10,10,10
2025-11-29,CARLSBAD,,5,5,5,5
2025-11-29,CHULA VISTA,,6,6,6,6
2025-11-29,EL CAJON,,1,1,1,1
2025-11-29,ESCONDIDO,,5,5,5,5
2025-11-29,LA MESA,,2,2,2,2
2025-11-29,NATIONAL CITY,,2,2,2,2
2025-11-29,OCEANSIDE,,5,4,4,4
2025-11-29,SAN DIEGO,,23,23,23,23
2025-11-29,SHERIFF,,15,14,15,15
2025-11-30,CARLSBAD,,5,5,5,5
2025-11-30,CHULA VISTA,,1,1,1,1
2025-11-30,ESCONDIDO,,3,3,3,3
2025-11-30,HARBOR POLICE,,2,2,2,2
2025-11-30,LA MESA,,1,1,1,1
2025-11-30,NATIONAL CITY,,3,3,3,3
2025-11-30,OCEANSIDE,,2,2,2,2
2025-11-30,SAN DIEGO,,23,23,23,23
2025-11-30,SHERIFF,,11,11,11,11
2025-12-01,ESCONDIDO,,2,2,2,2
2025-12-01,HARBOR POLICE,,3,3,3,3
2025-12-01,LA MESA,,3,3,3,3
2025-12-01,NATIONAL CITY,,1,1,1,1
2025-12-01,OCEANSIDE,,3,3,3,3
2025-12-01,SAN DIEGO,,17,17,17,17
2025-12-01,SHERIFF,,17,16,17,17
2025-12-02,CARLSBAD,,1,1,1,1
2025-12-02,CHULA VISTA,,1,1,1,1
2025-12-02,EL CAJON,,2,2,2,2
2025-12-02,ESCONDIDO,,1,1,1,1
2025-12-02,HARBOR POLICE,,2,2,2,2
2025-12-02,LA MESA,,3,3,3,3
2025-12-02,NATIONAL CITY,,2,1,2,2
2025-12-02,OCEANSIDE,,6,6,6,6
2025-12-02,SAN DIEGO,,11,11,11,11
2025-12-02,SHERIFF,,14,14,14,14
2025-12-03,CARLSBAD,,1,1,1,1
2025-12-03,CHULA VISTA,,2,2,2,2
2025-12-03,EL CAJON,,4,4,4,4
2025-12-03,ESCONDIDO,,2,2,2,2
2025-12-03,LA MESA,,5,5,5,5
2025-12-03,OCEANSIDE,,2,2,2,2
2025-12-03,SAN DIEGO,,23,22,22,22
2025-12-03,SHERIFF,,19,19,19,19
2025-12-04,CARLSBAD,,1,1,1,1
2025-12-04,CHULA VISTA,,5,5,5,5
2025-12-04,EL CAJON,,19,6,19,19
2025-12-04,ESCONDIDO,,5,3,5,5
2025-12-04,LA MESA,,4,4,4,4
2025-12-04,NATIONAL CITY,,1,1,1,1
2025-12-04,OCEANSIDE,,2,2,2,2
2025-12-04,SAN DIEGO,,20,20,20,20
2025-12-04,SHERIFF,,22,21,22,22
2025-12-05,CARLSBAD,,4,4,4,4
2025-12-05,CHULA VISTA,,2,2,2,2
2025-12-05,EL CAJON,,3,3,3,3
2025-12-05,ESCONDIDO,,2,2,2,2
2025-12-05,HARBOR POLICE,,1,1,1,1
2025-12-05,LA MESA,,3,3,3,3
2025-12-05,OCEANSIDE,,3,3,3,3
2025-12-05,SAN DIEGO,,21,21,21,21
2025-12-05,SHERIFF,,12,12,12,12
2025-12-06,CARLSBAD,,5,4,4,4
2025-12-06,CHULA VISTA,,2,2,2,2
2025-12-06,EL CAJON,,3,3,3,3
2025-12-06,ESCONDIDO,,4,4,4,4
2025-12-06,LA MESA,,1,1,1,1
2025-12-06,NATIONAL CITY,,1,1,1,1
2025-12-06,OCEANSIDE,,4,4,4,4
2025-12-06,SAN DIEGO,,22,20,22,22
2025-12-06,SHERIFF,,9,9,9,9
2025-12-07,CARLSBAD,,2,2,2,2
2025-12-07,CHULA VISTA,,5,5,5,5
2025-12-07,EL CAJON,,3,2,3,3
2025-12-07,ESCONDIDO,,4,4,4,4
2025-12-07,HARBOR POLICE,,2,2,2,2
2025-12-07,LA MESA,,1,1,1,1
2025-12-07,NATIONAL CITY,,1,1,1,1
2025-12-07,SAN DIEGO,,22,21,22,22
2025-12-07,SHERIFF,,14,14,14,14
2025-12-08,CARLSBAD,,1,1,1,1
2025-12-08,CHULA VISTA,,2,2,2,2
2025-12-08,EL CAJON,,5,3,5,5
2025-12-08,ESCONDIDO,,5,5,5,5
2025-12-08,HARBOR POLICE,,1,1,1,1
2025-12-08,LA MESA,,5,5,5,5
2025-12-08,NATIONAL CITY,,2,2,2,2
2025-12-08,OCEANSIDE,,4,4,4,4
2025-12-08,SAN DIEGO,,19,19,19,19
2025-12-08,SHERIFF,,15,15,15,15
2025-12-09,CHULA VISTA,,4,4,4,4
2025-12-09,EL CAJON,,7,2,7,7
2025-12-09,ESCONDIDO,,3,3,3,3
2025-12-09,NATIONAL CITY,,1,1,1,1
2025-12-09,OCEANSIDE,,2,2,2,2
2025-12-09,SAN DIEGO,,20,20,20,20
2025-12-09,SHERIFF,,21,19,21,21
2025-12-10,CARLSBAD,,6,6,6,6
2025-12-10,CHULA VISTA,,3,3,3,3
2025-12-10,ESCONDIDO,,5,5,5,5
2025-12-10,HARBOR POLICE,,1,1,1,1
2025-12-10,NATIONAL CITY,,5,5,5,5
2025-12-10,OCEANSIDE,,1,1,1,1
2025-12-10,SAN DIEGO,,22,22,22,22
2025-12-10,SHERIFF,,17,17,17,17
2025-12-11,CARLSBAD,,2,2,2,2
2025-12-11,CHULA VISTA,,5,5,5,5
2025-12-11,EL CAJON,,2,2,2,2
2025-12-11,ESCONDIDO,,3,3,3,3
2025-12-11,HARBOR POLICE,,1,1,1,1
2025-12-11,LA MESA,,2,2,2,2
2025-12-11,NATIONAL CITY,,3,3,3,3
2025-12-11,OCEANSIDE,,2,2,2,2
2025-12-11,SAN DIEGO,,26,26,26,26
2025-12-11,SHERIFF,,24,24,24,24
2025-12-12,CARLSBAD,,4,4,4,4
2025-12-12,CHULA VISTA,,3,3,3,3
2025-12-12,EL CAJON,,3,3,3,3
2025-12-12,ESCONDIDO,,6,5,6,6
2025-12-12,HARBOR POLICE,,4,4,4,4
2025-12-12,LA MESA,,3,3,3,3
2025-12-12,NATIONAL CITY,,1,1,1,1
2025-12-12,OCEANSIDE,,6,6,6,6
2025-12-12,SAN DIEGO,,26,26,26,26
2025-12-12,SHERIFF,,14,14,14,14
2025-12-13,CARLSBAD,,2,2,2,2
2025-12-13,CHULA VISTA,,3,3,3,3
2025-12-13,ESCONDIDO,,5,5,5,5
2025-12-13,NATIONAL CITY,,1,1,1,1
2025-12-13,OCEANSIDE,,2,2,2,2
2025-12-13,SAN DIEGO,,25,25,25,25
2025-12-13,SHERIFF,,18,18,18,18
2025-12-14,CHULA VISTA,,8,8,8,8
2025-12-14,EL CAJON,,2,2,2,2
2025-12-14,ESCONDIDO,,3,3,3,3
2025-12-14,HARBOR POLICE,,3,3,3,3
2025-12-14,LA MESA,,1,1,1,1
2025-12-14,NATIONAL CITY,,1,1,1,1
2025-12-14,OCEANSIDE,,4,4,4,4
2025-12-14,SAN DIEGO,,22,22,22,22
2025-12-14,SHERIFF,,18,18,18,18
2025-12-15,CARLSBAD,,2,2,2,2
2025-12-15,CHULA VISTA,,4,4,4,4
2025-12-15,EL CAJON,,1,1,1,1
2025-12-15,ESCONDIDO,,3,3,3,3
2025-12-15,HARBOR POLICE,,1,1,1,1
2025-12-15,LA MESA,,2,2,2,2
2025-12-15,OCEANSIDE,,4,4,4,4
2025-12-15,SAN DIEGO,,16,16,16,16
2025-12-15,SHERIFF,,10,10,10,10
2025-12-16,CARLSBAD,,3,2,3,3
2025-12-16,CHULA VISTA,,1,1,1,1
2025-12-16,EL CAJON,,7,2,7,7
2025-12-16,ESCONDIDO,,2,2,2,2
2025-12-16,LA MESA,,2,2,2,2
2025-12-16,NATIONAL CITY,,1,1,1,1
2025-12-16,OCEANSIDE,,1,1,1,1
2025-12-16,SAN DIEGO,,16,16,16,16
2025-12-16,SHERIFF,,12,12,12,12
2025-12-17,CHULA VISTA,,2,2,2,2
2025-12-17,EL CAJON,,7,5,7,7
2025-12-17,ESCONDIDO,,5,5,5,5
2025-12-17,HARBOR POLICE,,1,1,1,1
2025-12-17,NATIONAL CITY,,1,1,1,1
2025-12-17,OCEANSIDE,,4,4,4,4
2025-12-17,SAN DIEGO,,16,16,16,16
2025-12-17,SHERIFF,,17,14,17,17
2025-12-18,CARLSBAD,,2,2,2,2
2025-12-18,CHULA VISTA,,5,5,5,5
2025-12-18,EL CAJON,,8,6,8,8
2025-12-18,ESCONDIDO,,3,3,3,3
2025-12-18,LA MESA,,2,2,2,2
2025-12-18,NATIONAL CITY,,1,1,1,1
2025-12-18,SAN DIEGO,,23,23,23,23
2025-12-18,SHERIFF,,11,11,11,11
2025-12-19,CARLSBAD,,2,2,2,2
2025-12-19,CHULA VISTA,,6,6,6,6
2025-12-19,EL CAJON,,4,4,4,4
2025-12-19,ESCONDIDO,,5,5,5,5
2025-12-19,LA MESA,,1,1,1,1
2025-12-19,OCEANSIDE,,3,3,3,3
2025-12-19,SAN DIEGO,,20,20,20,20
2025-12-19,SHERIFF,,7,7,7,7
2025-12-20,CHULA VISTA,,6,6,6,6
2025-12-20,EL CAJON,,4,4,4,4
2025-12-20,ESCONDIDO,,4,4,4,4
2025-12-20,NATIONAL CITY,,3,3,3,3
2025-12-20,OCEANSIDE,,1,1,1,1
2025-12-20,SAN DIEGO,,32,32,32,32
2025-12-20,SHERIFF,,17,16,17,17
2025-12-21,CARLSBAD,,1,1,1,1
2025-12-21,CHULA VISTA,,5,5,5,5
2025-12-21,ESCONDIDO,,5,5,5,5
2025-12-21,LA MESA,,1,1,1,1
2025-12-21,NATIONAL CITY,,1,1,1,1
2025-12-21,OCEANSIDE,,3,3,3,3
2025-12-21,SAN DIEGO,,18,18,18,18
2025-12-21,SHERIFF,,11,11,11,11
2025-12-22,CHULA VISTA,,1,1,1,1
2025-12-22,EL CAJON,,3,3,3,3
2025-12-22,ESCONDIDO,,4,4,4,4
2025-12-22,HARBOR POLICE,,2,2,2,2
2025-12-22,LA MESA,,1,1,1,1
2025-12-22,OCEANSIDE,,6,4,6,6
2025-12-22,SAN DIEGO,,26,26,26,26
2025-12-22,SHERIFF,,12,11,12,12
2025-12-23,CARLSBAD,,2,1,2,2
2025-12-23,CHULA VISTA,,6,6,6,6
2025-12-23,ESCONDIDO,,3,3,3,3
2025-12-23,HARBOR POLICE,,1,1,1,1
2025-12-23,LA MESA,,3,3,3,3
2025-12-23,NATIONAL CITY,,1,1,1,1
2025-12-23,OCEANSIDE,,2,2,2,2
2025-12-23,SAN DIEGO,,25,25,25,25
2025-12-23,SHERIFF,,13,13,13,13
2025-12-24,CARLSBAD,,1,1,1,1
2025-12-24,CHULA VISTA,,3,3,3,3
2025-12-24,ESCONDIDO,,3,3,3,3
2025-12-24,HARBOR POLICE,,3,3,3,3
2025-12-24,NATIONAL CITY,,1,1,1,1
2025-12-24,OCEANSIDE,,2,2,2,2
2025-12-24,SAN DIEGO,,10,10,10,10
2025-12-24,SHERIFF,,3,3,3,3
2025-12-25,CARLSBAD,,1,1,1,1
2025-12-25,CHULA VISTA,,4,4,4,4
2025-12-25,EL CAJON,,1,1,1,1
2025-12-25,ESCONDIDO,,6,6,6,6
2025-12-25,LA MESA,,2,2,2,2
2025-12-25,NATIONAL CITY,,2,2,2,2
2025-12-25,OCEANSIDE,,2,2,2,2
2025-12-25,SAN DIEGO,,9,7,9,9
2025-12-25,SHERIFF,,18,17,18,18
2025-12-26,CARLSBAD,,1,1,1,1
2025-12-26,CHULA VISTA,,2,2,2,2
2025-12-26,EL CAJON,,1,1,1,1
2025-12-26,ESCONDIDO,,4,4,4,4
2025-12-26,LA MESA,,4,4,4,4
2025-12-26,OCEANSIDE,,2,2,2,2
2025-12-26,SAN DIEGO,,16,15,16,16
2025-12-26,SHERIFF,,18,18,18,18
2025-12-27,CARLSBAD,,1,1,1,1
2025-12-27,CHULA VISTA,,4,4,4,4
2025-12-27,EL CAJON,,3,3,3,3
2025-12-27,ESCONDIDO,,2,2,2,2
2025-12-27,HARBOR POLICE,,2,2,2,2
2025-12-27,LA MESA,,3,3,3,3
2025-12-27,NATIONAL CITY,,1,1,1,1
2025-12-27,OCEANSIDE,,1,1,1,1
2025-12-27,SAN DIEGO,,18,17,17,17
2025-12-27,SHERIFF,,9,9,9,9
2025-12-28,CARLSBAD,,3,3,3,3
2025-12-28,CHULA VISTA,,2,2,2,2
2025-12-28,EL CAJON,,2,2,2,2
2025-12-28,ESCONDIDO,,3,3,3,3
2025-12-28,NATIONAL CITY,,2,2,2,2
2025-12-28,OCEANSIDE,,1,1,1,1
2025-12-28,SAN DIEGO,,21,21,21,21
2025-12-28,SHERIFF,,8,8,8,8
2025-12-29,CARLSBAD,,2,2,2,2
2025-12-29,CHULA VISTA,,1,1,1,1
2025-12-29,EL CAJON,,1,1,1,1
2025-12-29,ESCONDIDO,,5,5,5,5
2025-12-29,HARBOR POLICE,,2,2,2,2
2025-12-29,LA MESA,,3,3,3,3
2025-12-29,OCEANSIDE,,5,5,5,5
2025-12-29,SAN DIEGO,,25,25,25,25
2025-12-29,SHERIFF,,5,5,5,5
2025-12-30,CARLSBAD,,1,1,1,1
2025-12-30,CHULA VISTA,,3,3,3,3
2025-12-30,EL CAJON,,7,2,7,7
2025-12-30,ESCONDIDO,,1,1,1,1
2025-12-30,HARBOR POLICE,,1,1,1,1
2025-12-30,LA MESA,,2,2,2,2
2025-12-30,NATIONAL CITY,,2,2,2,2
2025-12-30,OCEANSIDE,,3,3,3,3
2025-12-30,SAN DIEGO,,27,24,27,27
2025-12-30,SHERIFF,,13,13,13,13
2025-12-31,CARLSBAD,,1,1,1,1
2025-12-31,CHULA VISTA,,1,1,1,1
2025-12-31,EL CAJON,,2,2,2,2
2025-12-31,ESCONDIDO,,8,8,8,8
2025-12-31,HARBOR POLICE,,1,1,1,1
2025-12-31,LA MESA,,1,1,1,1
2025-12-31,OCEANSIDE,,3,3,3,3
2025-12-31,SAN DIEGO,,25,25,25,25
2025-12-31,SHERIFF,,18,18,18,18
2026-01-01,CARLSBAD,,6,6,6,6
2026-01-01,CHULA VISTA,,3,3,3,3
2026-01-01,EL CAJON,,6,4,6,5
2026-01-01,ESCONDIDO,,5,5,5,5
2026-01-01,HARBOR POLICE,,1,1,1,1
2026-01-01,NATIONAL CITY,,1,1,1,1
2026-01-01,OCEANSIDE,,6,6,6,6
2026-01-01,SAN DIEGO,,25,25,25,25
2026-01-01,SHERIFF,,7,7,7,7
2026-01-02,CARLSBAD,,3,3,3,3
2026-01-02,CHULA VISTA,,3,3,3,3
2026-01-02,ESCONDIDO,,5,5,5,5
2026-01-02,LA MESA,,4,4,4,4
2026-01-02,OCEANSIDE,,2,2,2,2
2026-01-02,SAN DIEGO,,20,17,20,19
2026-01-02,SHERIFF,,13,13,13,13
2026-01-03,CARLSBAD,,4,4,4,4
2026-01-03,CHULA VISTA,,4,4,4,4
2026-01-03,EL CAJON,,3,3,3,3
2026-01-03,ESCONDIDO,,8,8,8,8
2026-01-03,HARBOR POLICE,,2,2,2,2
2026-01-03,LA MESA,,3,3,3,3
2026-01-03,OCEANSIDE,,6,6,6,6
2026-01-03,SAN DIEGO,,23,23,23,23
2026-01-03,SHERIFF,,14,13,14,14
2026-01-04,CARLSBAD,,5,5,5,5
2026-01-04,CHULA VISTA,,2,2,2,2
2026-01-04,ESCONDIDO,,9,9,9,9
2026-01-04,HARBOR POLICE,,2,2,2,2
2026-01-04,LA MESA,,3,3,3,3
2026-01-04,OCEANSIDE,,4,4,4,4
2026-01-04,SAN DIEGO,,13,13,13,13
2026-01-04,SHERIFF,,13,13,13,13
2026-01-05,CHULA VISTA,,2,2,2,2
2026-01-05,ESCONDIDO,,2,2,2,2
2026-01-05,HARBOR POLICE,,1,1,1,1
2026-01-05,LA MESA,,2,2,2,2
2026-01-05,OCEANSIDE,,3,3,3,3
2026-01-05,SAN DIEGO,,16,16,16,16
2026-01-05,SHERIFF,,16,16,16,16
2026-01-06,CARLSBAD,,2,2,2,2
2026-01-06,CHULA VISTA,,6,6,6,6
2026-01-06,EL CAJON,,5,5,5,5
2026-01-06,ESCONDIDO,,5,4,5,5
2026-01-06,LA MESA,,5,5,5,5
2026-01-06,SAN DIEGO,,31,31,31,31
2026-01-06,SHERIFF,,9,9,9,9
2026-01-07,CHULA VISTA,,3,3,3,3
2026-01-07,EL CAJON,,2,2,2,2
2026-01-07,ESCONDIDO,,2,2,2,2
2026-01-07,HARBOR POLICE,,2,2,2,2
2026-01-07,LA MESA,,2,2,2,2
2026-01-07,NATIONAL CITY,,2,2,2,2
2026-01-07,OCEANSIDE,,1,1,1,1
2026-01-07,SAN DIEGO,,14,14,14,14
2026-01-07,SHERIFF,,16,15,16,16
2026-01-08,CARLSBAD,,1,1,1,1
2026-01-08,CHULA VISTA,,6,6,6,6
2026-01-08,ESCONDIDO,,2,2,2,2
2026-01-08,HARBOR POLICE,,1,1,1,1
2026-01-08,LA MESA,,2,2,2,2
2026-01-08,NATIONAL CITY,,1,1,1,1
2026-01-08,OCEANSIDE,,4,4,4,4
2026-01-08,SAN DIEGO,,17,17,17,17
2026-01-08,SHERIFF,,17,17,17,17
2026-01-09,CARLSBAD,,4,4,4,4
2026-01-09,CHULA VISTA,,3,3,3,3
2026-01-09,EL CAJON,,3,3,3,3
2026-01-09,ESCONDIDO,,3,3,3,3
2026-01-09,LA MESA,,5,5,5,5
2026-01-09,NATIONAL CITY,,1,1,1,1
2026-01-09,OCEANSIDE,,5,5,5,5
2026-01-09,SAN DIEGO,,31,28,31,31
2026-01-09,SHERIFF,,10,10,10,10
2026-01-10,CARLSBAD,,6,6,6,6
2026-01-10,CHULA VISTA,,2,2,2,2
2026-01-10,EL CAJON,,5,5,5,5
2026-01-10,ESCONDIDO,,5,5,5,5
2026-01-10,LA MESA,,2,2,2,2
2026-01-10,NATIONAL CITY,,1,1,1,1
2026-01-10,OCEANSIDE,,1,1,1,1
2026-01-10,SAN DIEGO,,26,25,26,26
2026-01-10,SHERIFF,,15,15,15,15
2026-01-11,CHULA VISTA,,5,5,5,5
2026-01-11,EL CAJON,,1,1,1,1
2026-01-11,ESCONDIDO,,1,1,1,1
2026-01-11,LA MESA,,4,3,4,4
2026-01-11,NATIONAL CITY,,2,2,2,2
2026-01-11,OCEANSIDE,,3,3,3,3
2026-01-11,SAN DIEGO,,24,24,24,24
2026-01-11,SHERIFF,,7,7,7,7
2026-01-12,CHULA VISTA,,2,2,2,2
2026-01-12,EL CAJON,,1,1,1,1
2026-01-12,ESCONDIDO,,5,5,5,5
2026-01-12,LA MESA,,1,1,1,1
2026-01-12,OCEANSIDE,,1,1,1,1
2026-01-12,SAN DIEGO,,20,20,20,20
2026-01-12,SHERIFF,,14,14,14,14
2026-01-13,CHULA VISTA,,1,1,1,1
2026-01-13,EL CAJON,,4,3,4,4
2026-01-13,ESCONDIDO,,2,2,2,2
2026-01-13,HARBOR POLICE,,3,3,3,3
2026-01-13,LA MESA,,2,2,2,2
2026-01-13,OCEANSIDE,,6,6,6,6
2026-01-13,SAN DIEGO,,22,21,22,22
2026-01-13,SHERIFF,,13,13,13,13
2026-01-14,CARLSBAD,,4,4,4,4
2026-01-14,CHULA VISTA,,1,1,1,1
2026-01-14,EL CAJON,,2,2,2,2
2026-01-14,ESCONDIDO,,3,3,3,3
2026-01-14,LA MESA,,1,1,1,1
2026-01-14,OCEANSIDE,,5,5,5,5
2026-01-14,SAN DIEGO,,22,21,22,22
2026-01-14,SHERIFF,,19,19,19,19
2026-01-15,CARLSBAD,,1,1,1,1
2026-01-15,CHULA VISTA,,2,2,2,2
2026-01-15,EL CAJON,,4,4,4,4
2026-01-15,ESCONDIDO,,5,4,5,5
2026-01-15,HARBOR POLICE,,1,1,1,1
2026-01-15,LA MESA,,1,1,1,1
2026-01-15,NATIONAL CITY,,1,1,1,1
2026-01-15,OCEANSIDE,,4,4,4,4
2026-01-15,SAN DIEGO,,22,20,21,21
2026-01-15,SHERIFF,,12,12,12,12
2026-01-16,CARLSBAD,,5,5,5,5
2026-01-16,CHULA VISTA,,3,3,3,3
2026-01-16,EL CAJON,,2,2,2,2
2026-01-16,ESCONDIDO,,10,9,10,10
2026-01-16,HARBOR POLICE,,1,1,1,1
2026-01-16,LA MESA,,5,5,5,5
2026-01-16,NATIONAL CITY,,1,1,1,1
2026-01-16,OCEANSIDE,,5,5,5,5
2026-01-16,SAN DIEGO,,17,17,17,17
2026-01-16,SHERIFF,,15,15,15,15
2026-01-17,CARLSBAD,,5,5,5,5
2026-01-17,CHULA VISTA,,2,2,2,2
2026-01-17,EL CAJON,,2,2,2,2
2026-01-17,ESCONDIDO,,3,3,3,3
2026-01-17,HARBOR POLICE,,1,1,1,1
2026-01-17,LA MESA,,1,1,1,1
2026-01-17,NATIONAL CITY,,2,2,2,2
2026-01-17,OCEANSIDE,,2,2,2,2
2026-01-17,SAN DIEGO,,25,25,25,25
2026-01-17,SHERIFF,,18,18,18,18
2026-01-18,CARLSBAD,,2,2,2,2
2026-01-18,CHULA VISTA,,7,7,7,7
2026-01-18,EL CAJON,,4,2,4,4
2026-01-18,ESCONDIDO,,5,5,5,5
2026-01-18,HARBOR POLICE,,3,3,3,3
2026-01-18,LA MESA,,4,4,4,4
2026-01-18,NATIONAL CITY,,1,1,1,1
2026-01-18,OCEANSIDE,,2,2,2,2
2026-01-18,SAN DIEGO,,21,21,21,21
2026-01-18,SHERIFF,,11,11,11,11
2026-01-19,CHULA VISTA,,2,2,2,2
2026-01-19,EL CAJON,,4,4,4,4
2026-01-19,ESCONDIDO,,1,1,1,1
2026-01-19,HARBOR POLICE,,2,2,2,2
2026-01-19,LA MESA,,1,1,1,1
2026-01-19,NATIONAL CITY,,1,1,1,1
2026-01-19,OCEANSIDE,,6,5,6,6
2026-01-19,SAN DIEGO,,17,17,17,17
2026-01-19,SHERIFF,,10,10,10,10
2026-01-20,CHULA VISTA,,2,2,2,2
2026-01-20,EL CAJON,,6,5,6,6
2026-01-20,ESCONDIDO,,1,1,1,1
2026-01-20,LA MESA,,1,1,1,1
2026-01-20,OCEANSIDE,,7,7,7,7
2026-01-20,SAN DIEGO,,26,26,26,26
2026-01-20,SHERIFF,,11,11,11,11
2026-01-21,CARLSBAD,,4,4,4,4
2026-01-21,CHULA VISTA,,3,3,3,3
2026-01-21,EL CAJON,,3,3,3,3
2026-01-21,ESCONDIDO,,3,3,3,3
2026-01-21,HARBOR POLICE,,3,3,3,3
2026-01-21,LA MESA,,4,4,4,4
2026-01-21,NATIONAL CITY,,3,2,3,3
2026-01-21,OCEANSIDE,,1,1,1,1
2026-01-21,SAN DIEGO,,21,21,21,21
2026-01-21,SHERIFF,,24,23,24,24
2026-01-22,CARLSBAD,,3,3,3,3
2026-01-22,CHULA VISTA,,4,4,4,4
2026-01-22,EL CAJON,,2,2,2,2
2026-01-22,ESCONDIDO,,5,5,5,5
2026-01-22,HARBOR POLICE,,2,2,2,2
2026-01-22,LA MESA,,3,3,3,3
2026-01-22,NATIONAL CITY,,1,1,1,1
2026-01-22,OCEANSIDE,,6,5,6,5
2026-01-22,SAN DIEGO,,17,16,17,17
2026-01-22,SHERIFF,,12,12,12,12
2026-01-23,CARLSBAD,,1,1,1,1
2026-01-23,CHULA VISTA,,4,4,4,4
2026-01-23,EL CAJON,,2,2,2,2
2026-01-23,ESCONDIDO,,4,4,4,4
2026-01-23,HARBOR POLICE,,4,1,4,4
2026-01-23,LA MESA,,4,4,4,4
2026-01-23,OCEANSIDE,,3,3,3,3
2026-01-23,SAN DIEGO,,22,22,22,22
2026-01-23,SHERIFF,,19,16,19,19
2026-01-24,CARLSBAD,,3,3,3,3
2026-01-24,CHULA VISTA,,4,4,4,4
2026-01-24,EL CAJON,,2,2,2,2
2026-01-24,ESCONDIDO,,6,6,6,6
2026-01-24,LA MESA,,7,7,7,7
2026-01-24,NATIONAL CITY,,2,2,2,2
2026-01-24,OCEANSIDE,,7,7,7,7
2026-01-24,SAN DIEGO,,27,27,27,27
2026-01-24,SHERIFF,,14,14,14,14
2026-01-25,CARLSBAD,,3,3,3,3
2026-01-25,CHULA VISTA,,5,5,5,5
2026-01-25,EL CAJON,,2,2,2,2
2026-01-25,ESCONDIDO,,4,4,4,4
2026-01-25,HARBOR POLICE,,1,1,1,1
2026-01-25,LA MESA,,5,5,5,5
2026-01-25,OCEANSIDE,,1,1,1,1
2026-01-25,SAN DIEGO,,22,22,22,22
2026-01-25,SHERIFF,,11,11,11,11
2026-01-26,CHULA VISTA,,2,2,2,2
2026-01-26,ESCONDIDO,,6,6,6,6
2026-01-26,HARBOR POLICE,,1,1,1,1
2026-01-26,LA MESA,,2,2,2,2
2026-01-26,OCEANSIDE,,7,7,7,7
2026-01-26,SAN DIEGO,,18,17,18,18
2026-01-26,SHERIFF,,12,12,12,12
2026-01-27,CARLSBAD,,5,5,5,5
2026-01-27,CHULA VISTA,,5,5,5,5
2026-01-27,EL CAJON,,9,4,9,9
2026-01-27,ESCONDIDO,,5,5,5,5
2026-01-27,LA MESA,,2,2,2,2
2026-01-27,NATIONAL CITY,,1,1,1,1
2026-01-27,OCEANSIDE,,3,3,3,3
2026-01-27,SAN DIEGO,,30,30,30,30
2026-01-27,SHERIFF,,16,16,16,16
2026-01-28,CARLSBAD,,4,4,4,4
2026-01-28,CHULA VISTA,,4,4,4,4
2026-01-28,EL CAJON,,2,1,2,1
2026-01-28,ESCONDIDO,,1,1,1,1
2026-01-28,HARBOR POLICE,,1,1,1,1
2026-01-28,LA MESA,,3,2,3,3
2026-01-28,OCEANSIDE,,4,4,4,4
2026-01-28,SAN DIEGO,,16,16,16,16
2026-01-28,SHERIFF,,11,11,11,11
2026-01-29,CARLSBAD,,1,1,1,1
2026-01-29,EL CAJON,,2,2,2,2
2026-01-29,ESCONDIDO,,2,2,2,2
2026-01-29,LA MESA,,3,3,3,3
2026-01-29,OCEANSIDE,,2,2,2,2
2026-01-29,SAN DIEGO,,23,22,23,23
2026-01-29,SHERIFF,,20,20,20,20
2026-01-30,CARLSBAD,,1,1,1,1
2026-01-30,CHULA VISTA,,3,3,3,3
2026-01-30,EL CAJON,,2,2,2,2
2026-01-30,ESCONDIDO,,5,5,5,5
2026-01-30,HARBOR POLICE,,1,1,1,1
2026-01-30,LA MESA,,3,3,3,3
2026-01-30,NATIONAL CITY,,1,1,1,1
2026-01-30,OCEANSIDE,,6,6,6,6
2026-01-30,SAN DIEGO,,28,28,28,28
2026-01-30,SHERIFF,,23,22,23,23
2026-01-31,CARLSBAD,,5,5,5,5
2026-01-31,CHULA VISTA,,5,5,5,5
2026-01-31,EL CAJON,,4,4,4,4
2026-01-31,ESCONDIDO,,3,3,3,3
2026-01-31,HARBOR POLICE,,2,2,2,2
2026-01-31,LA MESA,,5,5,5,5
2026-01-31,NATIONAL CITY,,2,2,2,2
2026-01-31,OCEANSIDE,,4,4,4,4
2026-01-31,SAN DIEGO,,35,35,35,35
2026-01-31,SHERIFF,,11,11,11,11
2026-02-01,CARLSBAD,,4,4,4,4
2026-02-01,CHULA VISTA,,3,3,3,3
2026-02-01,EL CAJON,,2,2,2,2
2026-02-01,ESCONDIDO,,3,3,3,3
2026-02-01,HARBOR POLICE,,2,2,2,2
2026-02-01,LA MESA,,2,2,2,2
2026-02-01,NATIONAL CITY,,2,2,2,2
2026-02-01,OCEANSIDE,,1,1,1,1
2026-02-01,SAN DIEGO,,25,25,25,25
2026-02-01,SHERIFF,,8,8,8,8
2026-02-02,CHULA VISTA,,1,1,1,1
2026-02-02,EL CAJON,,4,4,4,4
2026-02-02,ESCONDIDO,,4,4,4,4
2026-02-02,LA MESA,,2,2,2,2
2026-02-02,NATIONAL CITY,,2,2,2,2
2026-02-02,OCEANSIDE,,6,6,6,6
2026-02-02,SAN DIEGO,,18,18,18,18
2026-02-02,SHERIFF,,17,16,17,17
2026-02-03,CARLSBAD,,1,1,1,1
2026-02-03,CHULA VISTA,,3,3,3,3
2026-02-03,ESCONDIDO,,5,4,5,5
2026-02-03,NATIONAL CITY,,1,1,1,1
2026-02-03,OCEANSIDE,,4,4,4,4
2026-02-03,SAN DIEGO,,14,14,14,14
2026-02-03,SHERIFF,,17,14,17,17
2026-02-04,CARLSBAD,,1,1,1,1
2026-02-04,CHULA VISTA,,1,1,1,1
2026-02-04,EL CAJON,,3,3,3,3
2026-02-04,ESCONDIDO,,7,7,7,7
2026-02-04,HARBOR POLICE,,1,1,1,1
2026-02-04,LA MESA,,2,2,2,2
2026-02-04,NATIONAL CITY,,1,1,1,1
2026-02-04,OCEANSIDE,,3,3,3,3
2026-02-04,SAN DIEGO,,20,20,20,20
2026-02-04,SHERIFF,,19,19,19,19
2026-02-05,CARLSBAD,,4,4,4,4
2026-02-05,CHULA VISTA,,4,4,4,4
2026-02-05,EL CAJON,,2,2,2,2
2026-02-05,ESCONDIDO,,9,9,9,9
2026-02-05,HARBOR POLICE,,2,2,2,2
2026-02-05,LA MESA,,2,2,2,2
2026-02-05,OCEANSIDE,,3,3,3,3
2026-02-05,SAN DIEGO,,31,30,31,31
2026-02-05,SHERIFF,,15,15,15,15
2026-02-06,CARLSBAD,,6,6,6,6
2026-02-06,CHULA VISTA,,2,2,2,2
2026-02-06,EL CAJON,,2,2,2,2
2026-02-06,ESCONDIDO,,8,8,8,8
2026-02-06,HARBOR POLICE,,1,1,1,1
2026-02-06,LA MESA,,2,2,2,2
2026-02-06,OCEANSIDE,,3,3,3,3
2026-02-06,SAN DIEGO,,22,22,22,22
2026-02-06,SHERIFF,,26,24,26,26
2026-02-07,CARLSBAD,,6,6,6,6
2026-02-07,CHULA VISTA,,6,6,6,6
2026-02-07,EL CAJON,,2,2,2,2
2026-02-07,ESCONDIDO,,5,5,5,5
2026-02-07,HARBOR POLICE,,1,1,1,1
2026-02-07,LA MESA,,6,6,6,6
2026-02-07,NATIONAL CITY,,5,4,5,5
2026-02-07,OCEANSIDE,,4,4,4,4
2026-02-07,SAN DIEGO,,31,29,31,31
2026-02-07,SHERIFF,,12,12,12,12
2026-02-08,CARLSBAD,,4,4,4,4
2026-02-08,CHULA VISTA,,6,6,6,6
2026-02-08,EL CAJON,,5,5,5,5
2026-02-08,ESCONDIDO,,10,10,10,10
2026-02-08,HARBOR POLICE,,1,1,1,1
2026-02-08,NATIONAL CITY,,3,3,3,3
2026-02-08,OCEANSIDE,,3,3,3,3
2026-02-08,SAN DIEGO,,24,24,24,24
2026-02-08,SHERIFF,,14,14,14,14
2026-02-09,CARLSBAD,,1,1,1,1
2026-02-09,CHULA VISTA,,1,1,1,1
2026-02-09,EL CAJON,,3,3,3,3
2026-02-09,ESCONDIDO,,3,3,3,3
2026-02-09,HARBOR POLICE,,1,1,1,1
2026-02-09,LA MESA,,1,1,1,1
2026-02-09,NATIONAL CITY,,3,3,3,3
2026-02-09,OCEANSIDE,,7,7,7,7
2026-02-09,SAN DIEGO,,23,21,23,23
2026-02-09,SHERIFF,,18,18,18,18
2026-02-10,CHULA VISTA,,3,3,3,3
2026-02-10,EL CAJON,,3,3,3,3
2026-02-10,ESCONDIDO,,11,11,11,11
2026-02-10,HARBOR POLICE,,2,2,2,2
2026-02-10,LA MESA,,2,2,2,2
2026-02-10,OCEANSIDE,,2,2,2,2
2026-02-10,SAN DIEGO,,17,17,17,17
2026-02-10,SHERIFF,,12,11,12,12
2026-02-11,CARLSBAD,,3,3,3,3
2026-02-11,CHULA VISTA,,4,3,4,4
2026-02-11,EL CAJON,,3,3,3,3
2026-02-11,ESCONDIDO,,7,7,7,7
2026-02-11,HARBOR POLICE,,1,1,1,1
2026-02-11,LA MESA,,6,6,6,6
2026-02-11,NATIONAL CITY,,2,2,2,2
2026-02-11,OCEANSIDE,,3,3,3,3
2026-02-11,SAN DIEGO,,19,17,19,19
2026-02-11,SHERIFF,,21,21,21,21
2026-02-12,CARLSBAD,,5,5,5,5
2026-02-12,CHULA VISTA,,3,3,3,3
2026-02-12,EL CAJON,,6,5,6,6
2026-02-12,ESCONDIDO,,5,5,5,5
2026-02-12,HARBOR POLICE,,2,2,2,2
2026-02-12,LA MESA,,2,2,2,2
2026-02-12,NATIONAL CITY,,3,3,3,3
2026-02-12,OCEANSIDE,,1,1,1,1
2026-02-12,SAN DIEGO,,19,18,19,19
2026-02-12,SHERIFF,,17,16,17,17
2026-02-13,CARLSBAD,,4,4,4,4
2026-02-13,CHULA VISTA,,4,4,4,4
2026-02-13,ESCONDIDO,,9,9,9,9
2026-02-13,HARBOR POLICE,,2,2,2,2
2026-02-13,LA MESA,,2,2,2,2
2026-02-13,NATIONAL CITY,,3,3,3,3
2026-02-13,OCEANSIDE,,4,4,4,4
2026-02-13,SAN DIEGO,,20,19,20,20
2026-02-13,SHERIFF,,12,12,12,12
2026-02-14,CARLSBAD,,4,4,4,4
2026-02-14,CHULA VISTA,,4,4,4,4
2026-02-14,EL CAJON,,2,2,2,2
2026-02-14,ESCONDIDO,,9,9,9,9
2026-02-14,LA MESA,,6,6,6,6
2026-02-14,NATIONAL CITY,,5,5,5,5
2026-02-14,OCEANSIDE,,3,3,3,3
2026-02-14,SAN DIEGO,,35,35,35,35
2026-02-14,SHERIFF,,20,18,20,20
2026-02-15,CARLSBAD,,3,3,3,3
2026-02-15,CHULA VISTA,,6,6,6,6
2026-02-15,EL CAJON,,1,1,1,1
2026-02-15,ESCONDIDO,,3,3,3,3
2026-02-15,LA MESA,,2,2,2,2
2026-02-15,NATIONAL CITY,,3,3,3,3
2026-02-15,OCEANSIDE,,2,2,2,2
2026-02-15,SAN DIEGO,,29,29,29,29
2026-02-15,SHERIFF,,10,10,10,10
2026-02-16,CARLSBAD,,2,2,2,2
2026-02-16,CHULA VISTA,,5,5,5,5
2026-02-16,EL CAJON,,3,3,3,3
2026-02-16,ESCONDIDO,,1,1,1,1
2026-02-16,HARBOR POLICE,,2,2,2,2
2026-02-16,LA MESA,,1,1,1,1
2026-02-16,OCEANSIDE,,3,3,3,3
2026-02-16,SAN DIEGO,,22,21,22,22
2026-02-16,SHERIFF,,9,9,9,9
2026-02-17,CHULA VISTA,,3,3,3,3
2026-02-17,EL CAJON,,1,1,1,1
2026-02-17,ESCONDIDO,,3,3,3,3
2026-02-17,OCEANSIDE,,1,1,1,1
2026-02-17,SAN DIEGO,,20,20,20,20
2026-02-17,SHERIFF,,20,20,20,20
2026-02-18,CARLSBAD,,1,1,1,1
2026-02-18,CHULA VISTA,,1,1,1,1
2026-02-18,EL CAJON,,1,1,1,1
2026-02-18,ESCONDIDO,,6,6,6,6
2026-02-18,LA MESA,,1,1,1,1
2026-02-18,NATIONAL CITY,,1,1,1,1
2026-02-18,OCEANSIDE,,4,4,4,4
2026-02-18,SAN DIEGO,,18,18,18,18
2026-02-18,SHERIFF,,9,9,9,9
2026-02-19,CHULA VISTA,,7,7,7,7
2026-02-19,EL CAJON,,2,2,2,2
2026-02-19,ESCONDIDO,,10,10,10,10
2026-02-19,HARBOR POLICE,,1,1,1,1
2026-02-19,LA MESA,,2,2,2,2
2026-02-19,OCEANSIDE,,4,4,4,4
2026-02-19,SAN DIEGO,,22,21,22,22
2026-02-19,SHERIFF,,12,12,12,12
2026-02-20,CARLSBAD,,4,4,4,4
2026-02-20,CHULA VISTA,,3,3,3,3
2026-02-20,EL CAJON,,3,3,3,3
2026-02-20,ESCONDIDO,,4,4,4,4
2026-02-20,HARBOR POLICE,,1,1,1,1
2026-02-20,LA MESA,,2,2,2,2
2026-02-20,NATIONAL CITY,,1,1,1,1
2026-02-20,OCEANSIDE,,4,4,4,4
2026-02-20,SAN DIEGO,,24,24,24,24
2026-02-20,SHERIFF,,13,13,13,13
2026-02-21,CARLSBAD,,5,5,5,5
2026-02-21,CHULA VISTA,,1,1,1,1
2026-02-21,EL CAJON,,3,3,3,3
2026-02-21,ESCONDIDO,,9,9,9,9
2026-02-21,LA MESA,,4,4,4,4
2026-02-21,NATIONAL CITY,,3,3,3,3
2026-02-21,OCEANSIDE,,4,4,4,4
2026-02-21,SAN DIEGO,,30,30,30,30
2026-02-21,SHERIFF,,15,15,15,15
2026-02-22,CARLSBAD,,3,3,3,3
2026-02-22,CHULA VISTA,,1,1,1,1
2026-02-22,EL CAJON,,1,1,1,1
2026-02-22,ESCONDIDO,,8,8,8,8
2026-02-22,LA MESA,,1,1,1,1
2026-02-22,OCEANSIDE,,5,5,5,5
2026-02-22,SAN DIEGO,,27,27,27,27
2026-02-22,SHERIFF,,18,16,18,18
2026-02-23,CARLSBAD,,1,1,1,1
2026-02-23,CHULA VISTA,,2,2,2,2
2026-02-23,EL CAJON,,2,2,2,2
2026-02-23,ESCONDIDO,,4,4,4,4
2026-02-23,HARBOR POLICE,,1,1,1,1
2026-02-23,LA MESA,,2,2,2,2
2026-02-23,NATIONAL CITY,,2,2,2,2
2026-02-23,OCEANSIDE,,4,4,4,4
2026-02-23,SAN DIEGO,,18,17,17,17
2026-02-23,SHERIFF,,14,14,14,14
2026-02-24,CARLSBAD,,3,3,3,3
2026-02-24,CHULA VISTA,,5,5,5,5
2026-02-24,EL CAJON,,7,4,6,6
2026-02-24,ESCONDIDO,,5,5,5,5
2026-02-24,LA MESA,,1,1,1,1
2026-02-24,NATIONAL CITY,,1,1,1,1
2026-02-24,OCEANSIDE,,2,2,2,2
2026-02-24,SAN DIEGO,,23,22,23,23
2026-02-24,SHERIFF,,14,14,14,14
2026-02-25,CARLSBAD,,2,2,2,2
2026-02-25,CHULA VISTA,,4,4,4,4
2026-02-25,ESCONDIDO,,2,2,2,2
2026-02-25,HARBOR POLICE,,1,1,1,1
2026-02-25,LA MESA,,1,1,1,1
2026-02-25,NATIONAL CITY,,3,2,3,2
2026-02-25,OCEANSIDE,,5,5,5,5
2026-02-25,SAN DIEGO,,25,25,25,25
2026-02-25,SHERIFF,,19,17,19,18
2026-02-26,CARLSBAD,,6,6,6,6
2026-02-26,CHULA VISTA,,6,6,6,6
2026-02-26,EL CAJON,,2,2,2,2
2026-02-26,ESCONDIDO,,5,5,5,5
2026-02-26,HARBOR POLICE,,2,2,2,2
2026-02-26,LA MESA,,1,1,1,1
2026-02-26,NATIONAL CITY,,1,1,1,1
2026-02-26,OCEANSIDE,,2,2,2,2
2026-02-26,SAN DIEGO,,22,22,22,22
2026-02-26,SHERIFF,,14,14,14,14
2026-02-27,CARLSBAD,,2,2,2,2
2026-02-27,CHULA VISTA,,3,3,3,3
2026-02-27,EL CAJON,,3,3,3,3
2026-02-27,ESCONDIDO,,6,6,6,6
2026-02-27,HARBOR POLICE,,1,1,1,1
2026-02-27,LA MESA,,2,2,2,2
2026-02-27,NATIONAL CITY,,1,1,1,1
2026-02-27,OCEANSIDE,,7,7,7,7
2026-02-27,SAN DIEGO,,19,18,19,19
2026-02-27,SHERIFF,,9,9,9,9
2026-02-28,CARLSBAD,,5,5,5,5
2026-02-28,CHULA VISTA,,3,3,3,3
2026-02-28,EL CAJON,,2,2,2,2
2026-02-28,ESCONDIDO,,6,6,6,6
2026-02-28,HARBOR POLICE,,1,1,1,1
2026-02-28,LA MESA,,5,5,5,5
2026-02-28,NATIONAL CITY,,2,2,2,2
2026-02-28,OCEANSIDE,,1,1,1,1
2026-02-28,SAN DIEGO,,42,42,42,42
2026-02-28,SHERIFF,,10,10,10,10
2026-03-01,CARLSBAD,,4,4,4,4
2026-03-01,CHULA VISTA,,8,8,8,8
2026-03-01,EL CAJON,,2,2,2,2
2026-03-01,ESCONDIDO,,9,9,9,9
2026-03-01,HARBOR POLICE,,1,1,1,1
2026-03-01,LA MESA,,5,5,5,5
2026-03-01,NATIONAL CITY,,8,6,8,8
2026-03-01,OCEANSIDE,,3,3,3,3
2026-03-01,SAN DIEGO,,22,22,22,22
2026-03-01,SHERIFF,,13,13,13,13
2026-03-02,CHULA VISTA,,1,1,1,1
2026-03-02,EL CAJON,,4,4,4,4
2026-03-02,ESCONDIDO,,3,3,3,3
2026-03-02,HARBOR POLICE,,1,1,1,1
2026-03-02,NATIONAL CITY,,2,2,2,2
2026-03-02,OCEANSIDE,,2,2,2,2
2026-03-02,SAN DIEGO,,22,22,22,22
2026-03-02,SHERIFF,,21,21,21,21
2026-03-03,CARLSBAD,,2,2,2,2
2026-03-03,CHULA VISTA,,2,2,2,2
2026-03-03,ESCONDIDO,,4,4,4,4
2026-03-03,HARBOR POLICE,,3,3,3,3
2026-03-03,LA MESA,,1,1,1,1
2026-03-03,NATIONAL CITY,,1,1,1,1
2026-03-03,OCEANSIDE,,3,3,3,3
2026-03-03,SAN DIEGO,,23,23,23,23
2026-03-03,SHERIFF,,18,17,18,18
2026-03-04,CARLSBAD,,2,2,2,2
2026-03-04,CHULA VISTA,,5,5,5,5
2026-03-04,EL CAJON,,3,3,3,3
2026-03-04,ESCONDIDO,,3,3,3,3
2026-03-04,HARBOR POLICE,,1,1,1,1
2026-03-04,LA MESA,,1,1,1,1
2026-03-04,OCEANSIDE,,3,3,3,3
2026-03-04,SAN DIEGO,,22,22,22,22
2026-03-04,SHERIFF,,21,20,21,21
2026-03-05,CARLSBAD,,4,4,4,4
2026-03-05,CHULA VISTA,,1,1,1,1
2026-03-05,EL CAJON,,1,1,1,1
2026-03-05,ESCONDIDO,,8,8,8,8
2026-03-05,HARBOR POLICE,,2,2,2,2
2026-03-05,LA MESA,,2,2,2,2
2026-03-05,NATIONAL CITY,,2,2,2,2
2026-03-05,OCEANSIDE,,4,4,4,4
2026-03-05,SAN DIEGO,,17,17,17,17
2026-03-05,SHERIFF,,14,14,14,14
2026-03-06,CARLSBAD,,1,1,1,1
2026-03-06,CHULA VISTA,,4,4,4,4
2026-03-06,EL CAJON,,2,2,2,2
2026-03-06,ESCONDIDO,,4,4,4,4
2026-03-06,HARBOR POLICE,,2,2,2,2
2026-03-06,LA MESA,,4,4,4,4
2026-03-06,NATIONAL CITY,,2,2,2,2
2026-03-06,OCEANSIDE,,4,4,4,4
2026-03-06,SAN DIEGO,,20,19,20,20
2026-03-06,SHERIFF,,11,11,11,11
2026-03-07,CARLSBAD,,7,7,7,7
2026-03-07,CHULA VISTA,,6,6,6,6
2026-03-07,ESCONDIDO,,7,7,7,7
2026-03-07,LA MESA,,3,3,3,3
2026-03-07,NATIONAL CITY,,1,1,1,1
2026-03-07,OCEANSIDE,,7,7,7,7
2026-03-07,SAN DIEGO,,22,21,22,22
2026-03-07,SHERIFF,,20,20,20,20
2026-03-08,CARLSBAD,,3,3,3,3
2026-03-08,CHULA VISTA,,4,4,4,4
2026-03-08,EL CAJON,,3,3,3,3
2026-03-08,ESCONDIDO,,8,7,8,8
2026-03-08,HARBOR POLICE,,1,1,1,1
2026-03-08,LA MESA,,2,2,2,2
2026-03-08,NATIONAL CITY,,3,3,3,3
2026-03-08,OCEANSIDE,,2,2,2,2
2026-03-08,SAN DIEGO,,22,22,22,22
2026-03-08,SHERIFF,,14,14,14,14
2026-03-09,CARLSBAD,,2,2,2,2
2026-03-09,CHULA VISTA,,4,4,4,4
2026-03-09,EL CAJON,,3,3,3,3
2026-03-09,ESCONDIDO,,1,1,1,1
2026-03-09,HARBOR POLICE,,2,2,2,2
2026-03-09,LA MESA,,5,5,5,5
2026-03-09,OCEANSIDE,,4,4,4,4
2026-03-09,SAN DIEGO,,16,16,16,16
2026-03-09,SHERIFF,,16,16,16,16
2026-03-10,CARLSBAD,,1,1,1,1
2026-03-10,EL CAJON,,1,1,1,1
2026-03-10,ESCONDIDO,,3,3,3,3
2026-03-10,HARBOR POLICE,,2,2,2,2
2026-03-10,NATIONAL CITY,,1,1,1,1
2026-03-10,OCEANSIDE,,6,6,6,6
2026-03-10,SAN DIEGO,,14,13,14,14
2026-03-10,SHERIFF,,14,14,14,14
2026-03-11,CARLSBAD,,1,1,1,1
2026-03-11,CHULA VISTA,,3,3,3,3
2026-03-11,EL CAJON,,6,4,6,6
2026-03-11,ESCONDIDO,,6,6,6,6
2026-03-11,HARBOR POLICE,,1,1,1,1
2026-03-11,LA MESA,,2,2,2,2
2026-03-11,OCEANSIDE,,3,3,3,3
2026-03-11,SAN DIEGO,,19,19,19,19
2026-03-11,SHERIFF,,11,11,11,11
2026-03-12,CARLSBAD,,2,2,2,2
2026-03-12,CHULA VISTA,,2,2,2,2
2026-03-12,EL CAJON,,14,9,14,14
2026-03-12,ESCONDIDO,,6,6,6,6
2026-03-12,HARBOR POLICE,,1,1,1,1
2026-03-12,LA MESA,,3,3,3,3
2026-03-12,NATIONAL CITY,,2,2,2,2
2026-03-12,OCEANSIDE,,3,3,3,3
2026-03-12,SAN DIEGO,,28,28,28,28
2026-03-12,SHERIFF,,16,16,16,16
2026-03-13,CARLSBAD,,3,3,3,3
2026-03-13,CHULA VISTA,,5,5,5,5
2026-03-13,EL CAJON,,3,3,3,3
2026-03-13,ESCONDIDO,,4,4,4,4
2026-03-13,HARBOR POLICE,,2,2,2,2
2026-03-13,LA MESA,,3,3,3,3
2026-03-13,NATIONAL CITY,,2,2,2,2
2026-03-13,OCEANSIDE,,4,4,4,4
2026-03-13,SAN DIEGO,,27,27,27,27
2026-03-13,SHERIFF,,15,15,15,15
2026-03-14,CARLSBAD,,6,6,6,6
2026-03-14,CHULA VISTA,,11,10,11,11
2026-03-14,EL CAJON,,2,2,2,2
2026-03-14,ESCONDIDO,,3,3,3,3
2026-03-14,HARBOR POLICE,,2,2,2,2
2026-03-14,LA MESA,,8,8,8,8
2026-03-14,NATIONAL CITY,,4,4,4,4
2026-03-14,OCEANSIDE,,3,3,3,3
2026-03-14,SAN DIEGO,,26,26,26,26
2026-03-14,SHERIFF,,17,17,17,17
2026-03-15,CARLSBAD,,2,2,2,2
2026-03-15,CHULA VISTA,,3,3,3,3
2026-03-15,EL CAJON,,1,1,1,1
2026-03-15,ESCONDIDO,,5,5,5,5
2026-03-15,LA MESA,,5,5,5,5
2026-03-15,NATIONAL CITY,,5,4,5,5
2026-03-15,OCEANSIDE,,4,4,4,4
2026-03-15,SAN DIEGO,,30,29,30,30
2026-03-15,SHERIFF,,16,15,16,16
2026-03-16,CARLSBAD,,1,1,1,1
2026-03-16,EL CAJON,,3,3,3,3
2026-03-16,ESCONDIDO,,4,4,4,4
2026-03-16,HARBOR POLICE,,1,1,1,1
2026-03-16,NATIONAL CITY,,2,2,2,2
2026-03-16,OCEANSIDE,,3,3,3,3
2026-03-16,SAN DIEGO,,15,15,15,15
2026-03-16,SHERIFF,,15,15,15,15
2026-03-17,CARLSBAD,,2,2,2,2
2026-03-17,CHULA VISTA,,4,4,4,4
2026-03-17,EL CAJON,,1,1,1,1
2026-03-17,ESCONDIDO,,4,4,4,4
2026-03-17,HARBOR POLICE,,3,3,3,3
2026-03-17,LA MESA,,1,1,1,1
2026-03-17,OCEANSIDE,,4,4,4,4
2026-03-17,SAN DIEGO,,19,18,19,19
2026-03-17,SHERIFF,,11,11,11,11
2026-03-18,CARLSBAD,,2,2,2,2
2026-03-18,CHULA VISTA,,3,3,3,3
2026-03-18,EL CAJON,,1,1,1,1
2026-03-18,ESCONDIDO,,7,7,7,7
2026-03-18,LA MESA,,3,3,3,3
2026-03-18,NATIONAL CITY,,1,1,1,1
2026-03-18,OCEANSIDE,,6,6,6,6
2026-03-18,SAN DIEGO,,29,29,29,29
2026-03-18,SHERIFF,,17,15,17,16
2026-03-19,CARLSBAD,,2,2,2,2
2026-03-19,CHULA VISTA,,7,7,7,7
2026-03-19,EL CAJON,,2,2,2,2
2026-03-19,ESCONDIDO,,3,3,3,3
2026-03-19,LA MESA,,1,1,1,1
2026-03-19,NATIONAL CITY,,1,1,1,1
2026-03-19,OCEANSIDE,,2,2,2,2
2026-03-19,SAN DIEGO,,18,18,18,18
2026-03-19,SHERIFF,,9,9,9,9
2026-03-20,CARLSBAD,,3,3,3,3
2026-03-20,CHULA VISTA,,8,8,8,8
2026-03-20,EL CAJON,,6,6,6,6
2026-03-20,ESCONDIDO,,4,4,4,4
2026-03-20,LA MESA,,2,2,2,2
2026-03-20,NATIONAL CITY,,1,1,1,1
2026-03-20,OCEANSIDE,,7,6,7,7
2026-03-20,SAN DIEGO,,18,18,18,18
2026-03-20,SHERIFF,,20,20,20,20
2026-03-21,CARLSBAD,,1,1,1,1
2026-03-21,CHULA VISTA,,4,4,4,4
2026-03-21,EL CAJON,,3,2,3,3
2026-03-21,ESCONDIDO,,3,3,3,3
2026-03-21,HARBOR POLICE,,2,2,2,2
2026-03-21,LA MESA,,1,1,1,1
2026-03-21,OCEANSIDE,,4,4,4,4
2026-03-21,SAN DIEGO,,35,33,35,35
2026-03-21,SHERIFF,,17,17,17,17
2026-03-22,CARLSBAD,,3,3,3,3
2026-03-22,CHULA VISTA,,7,7,7,7
2026-03-22,EL CAJON,,5,4,5,5
2026-03-22,ESCONDIDO,,5,5,5,5
2026-03-22,HARBOR POLICE,,1,1,1,1
2026-03-22,LA MESA,,2,2,2,2
2026-03-22,NATIONAL CITY,,2,2,2,2
2026-03-22,OCEANSIDE,,5,5,5,5
2026-03-22,SAN DIEGO,,13,13,13,13
2026-03-22,SHERIFF,,11,11,11,11
2026-03-23,CARLSBAD,,1,1,1,1
2026-03-23,CHULA VISTA,,2,2,2,2
2026-03-23,EL CAJON,,3,3,3,3
2026-03-23,ESCONDIDO,,4,4,4,4
2026-03-23,HARBOR POLICE,,1,1,1,1
2026-03-23,NATIONAL CITY,,1,1,1,1
2026-03-23,OCEANSIDE,,4,4,4,4
2026-03-23,SAN DIEGO,,10,10,10,10
2026-03-23,SHERIFF,,11,11,11,11
2026-03-24,CARLSBAD,,3,3,3,3
2026-03-24,CHULA VISTA,,1,1,1,1
2026-03-24,EL CAJON,,7,4,7,7
2026-03-24,ESCONDIDO,,5,5,5,5
2026-03-24,LA MESA,,1,1,1,1
2026-03-24,NATIONAL CITY,,2,2,2,2
2026-03-24,OCEANSIDE,,5,5,5,5
2026-03-24,SAN DIEGO,,15,15,15,15
2026-03-24,SHERIFF,,11,11,11,11
2026-03-25,CARLSBAD,,1,1,1,1
2026-03-25,CHULA VISTA,,1,1,1,1
2026-03-25,EL CAJON,,1,1,1,1
2026-03-25,ESCONDIDO,,7,7,7,7
2026-03-25,NATIONAL CITY,,1,1,1,1
2026-03-25,OCEANSIDE,,4,4,4,4
2026-03-25,SAN DIEGO,,23,23,23,23
2026-03-25,SHERIFF,,12,10,11,11
2026-03-26,CARLSBAD,,1,1,1,1
2026-03-26,EL CAJON,,5,5,5,5
2026-03-26,ESCONDIDO,,3,3,3,3
2026-03-26,LA MESA,,2,2,2,2
2026-03-26,NATIONAL CITY,,1,1,1,1
2026-03-26,OCEANSIDE,,4,4,4,4
2026-03-26,SAN DIEGO,,17,17,17,17
2026-03-26,SHERIFF,,16,15,16,16
2026-03-27,CARLSBAD,,3,3,3,3
2026-03-27,CHULA VISTA,,3,3,3,3
2026-03-27,EL CAJON,,3,3,3,3
2026-03-27,ESCONDIDO,,6,6,6,6
2026-03-27,LA MESA,,3,3,3,3
2026-03-27,OCEANSIDE,,4,4,4,4
2026-03-27,SAN DIEGO,,33,31,32,32
2026-03-27,SHERIFF,,13,10,13,13
2026-03-28,CARLSBAD,,3,3,3,3
2026-03-28,CHULA VISTA,,5,5,5,5
2026-03-28,EL CAJON,,1,1,1,1
2026-03-28,ESCONDIDO,,5,5,5,5
2026-03-28,HARBOR POLICE,,2,2,2,2
2026-03-28,LA MESA,,2,2,2,2
2026-03-28,NATIONAL CITY,,2,2,2,2
2026-03-28,OCEANSIDE,,2,2,2,2
2026-03-28,SAN DIEGO,,25,24,25,25
2026-03-28,SHERIFF,,14,14,14,14
2026-03-29,CHULA VISTA,,2,1,2,2
2026-03-29,ESCONDIDO,,4,4,4,4
2026-03-29,HARBOR POLICE,,1,1,1,1
2026-03-29,NATIONAL CITY,,2,2,2,2
2026-03-29,OCEANSIDE,,5,5,5,5
2026-03-29,SAN DIEGO,,26,26,26,26
2026-03-29,SHERIFF,,13,13,13,13
2026-03-30,CHULA VISTA,,2,2,2,2
2026-03-30,EL CAJON,,3,3,3,3
2026-03-30,ESCONDIDO,,3,3,3,3
2026-03-30,HARBOR POLICE,,1,1,1,1
2026-03-30,LA MESA,,5,4,5,5
2026-03-30,SAN DIEGO,,20,19,20,20
2026-03-30,SHERIFF,,8,8,8,8
2026-03-31,CARLSBAD,,1,1,1,1
2026-03-31,CHULA VISTA,,5,5,5,5
2026-03-31,EL CAJON,,7,6,7,7
2026-03-31,ESCONDIDO,,4,4,4,4
2026-03-31,HARBOR POLICE,,2,2,2,2
2026-03-31,LA MESA,,1,1,1,1
2026-03-31,NATIONAL CITY,,1,1,1,1
2026-03-31,SAN DIEGO,,17,17,17,17
2026-03-31,SHERIFF,,6,6,6,6
2026-04-01,CARLSBAD,,5,5,5,5
2026-04-01,CHULA VISTA,,2,2,2,2
2026-04-01,EL CAJON,,7,7,7,7
2026-04-01,ESCONDIDO,,4,4,4,4
2026-04-01,LA MESA,,4,4,4,4
2026-04-01,NATIONAL CITY,,1,1,1,1
2026-04-01,SAN DIEGO,,26,26,26,26
2026-04-01,SHERIFF,,11,10,11,11
2026-04-02,CHULA VISTA,,4,4,4,4
2026-04-02,EL CAJON,,3,3,3,3
2026-04-02,ESCONDIDO,,3,3,3,3
2026-04-02,HARBOR POLICE,,1,1,1,1
2026-04-02,LA MESA,,4,4,4,4
2026-04-02,OCEANSIDE,,4,4,4,4
2026-04-02,SAN DIEGO,,26,26,26,26
2026-04-02,SHERIFF,,12,12,12,12
2026-04-03,CARLSBAD,,3,3,3,3
2026-04-03,CHULA VISTA,,4,4,4,4
2026-04-03,EL CAJON,,3,3,3,3
2026-04-03,ESCONDIDO,,5,5,5,5
2026-04-03,LA MESA,,2,2,2,2
2026-04-03,NATIONAL CITY,,1,1,1,1
2026-04-03,OCEANSIDE,,6,6,6,6
2026-04-03,SAN DIEGO,,21,21,21,21
2026-04-03,SHERIFF,,15,14,15,15
2026-04-04,CARLSBAD,,1,1,1,1
2026-04-04,CHULA VISTA,,5,5,5,5
2026-04-04,EL CAJON,,2,2,2,2
2026-04-04,ESCONDIDO,,11,11,11,11
2026-04-04,HARBOR POLICE,,3,3,3,3
2026-04-04,LA MESA,,4,4,4,4
2026-04-04,OCEANSIDE,,5,5,5,5
2026-04-04,SAN DIEGO,,28,28,28,28
2026-04-04,SHERIFF,,14,14,14,14
2026-04-05,CARLSBAD,,3,3,3,3
2026-04-05,CHULA VISTA,,2,2,2,2
2026-04-05,ESCONDIDO,,4,4,4,4
2026-04-05,LA MESA,,2,2,2,2
2026-04-05,NATIONAL CITY,,2,2,2,2
2026-04-05,OCEANSIDE,,4,4,4,4
2026-04-05,SAN DIEGO,,21,21,21,21
2026-04-05,SHERIFF,,10,10,10,10
2026-04-06,CHULA VISTA,,2,2,2,2
2026-04-06,EL CAJON,,2,2,2,2
2026-04-06,ESCONDIDO,,3,3,3,3
2026-04-06,HARBOR POLICE,,2,2,2,2
2026-04-06,LA MESA,,3,3,3,3
2026-04-06,OCEANSIDE,,1,1,1,1
2026-04-06,SAN DIEGO,,13,13,13,13
2026-04-06,SHERIFF,,15,15,15,15
2026-04-07,CHULA VISTA,,1,1,1,1
2026-04-07,EL CAJON,,1,1,1,1
2026-04-07,ESCONDIDO,,4,4,4,4
2026-04-07,LA MESA,,4,4,4,4
2026-04-07,OCEANSIDE,,2,2,2,2
2026-04-07,SAN DIEGO,,16,16,16,16
2026-04-07,SHERIFF,,11,11,11,11
2026-04-08,CARLSBAD,,3,3,3,3
2026-04-08,CHULA VISTA,,4,4,4,4
2026-04-08,EL CAJON,,5,5,5,5
2026-04-08,ESCONDIDO,,2,2,2,2
2026-04-08,LA MESA,,3,3,3,3
2026-04-08,OCEANSIDE,,3,3,3,3
2026-04-08,SAN DIEGO,,18,18,18,18
2026-04-08,SHERIFF,,18,18,18,18
2026-04-09,CARLSBAD,,1,1,1,1
2026-04-09,CHULA VISTA,,1,1,1,1
2026-04-09,EL CAJON,,3,3,3,3
2026-04-09,ESCONDIDO,,4,4,4,4
2026-04-09,HARBOR POLICE,,2,2,2,2
2026-04-09,LA MESA,,1,1,1,1
2026-04-09,NATIONAL CITY,,1,1,1,1
2026-04-09,OCEANSIDE,,4,4,4,4
2026-04-09,SAN DIEGO,,9,9,9,9
2026-04-09,SHERIFF,,14,14,14,14
2026-04-10,CARLSBAD,,1,1,1,1
2026-04-10,CHULA VISTA,,4,4,4,4
2026-04-10,EL CAJON,,4,4,4,4
2026-04-10,ESCONDIDO,,7,7,7,7
2026-04-10,HARBOR POLICE,,3,3,3,3
2026-04-10,LA MESA,,6,6,6,6
2026-04-10,NATIONAL CITY,,1,1,1,1
2026-04-10,OCEANSIDE,,4,4,4,4
2026-04-10,SAN DIEGO,,23,22,22,22
2026-04-10,SHERIFF,,11,11,11,11
2026-04-11,CARLSBAD,,2,2,2,2
2026-04-11,CHULA VISTA,,7,7,7,7
2026-04-11,ESCONDIDO,,2,2,2,2
2026-04-11,HARBOR POLICE,,1,1,1,1
2026-04-11,LA MESA,,5,5,5,5
2026-04-11,NATIONAL CITY,,2,2,2,2
2026-04-11,OCEANSIDE,,5,5,5,5
2026-04-11,SAN DIEGO,,22,22,22,22
2026-04-11,SHERIFF,,15,15,15,15
2026-04-12,CARLSBAD,,1,1,1,1
2026-04-12,CHULA VISTA,,2,2,2,2
2026-04-12,EL CAJON,,3,3,3,3
2026-04-12,ESCONDIDO,,3,3,3,3
2026-04-12,NATIONAL CITY,,4,4,4,4
2026-04-12,OCEANSIDE,,2,2,2,2
2026-04-12,SAN DIEGO,,19,16,19,19
2026-04-12,SHERIFF,,12,12,12,12
2026-04-13,CHULA VISTA,,2,2,2,2
2026-04-13,EL CAJON,,1,1,1,1
2026-04-13,ESCONDIDO,,5,5,5,5
2026-04-13,LA MESA,,1,1,1,1
2026-04-13,NATIONAL CITY,,2,2,2,2
2026-04-13,OCEANSIDE,,1,1,1,1
2026-04-13,SAN DIEGO,,15,15,15,15
2026-04-13,SHERIFF,,11,11,11,11
2026-04-14,CARLSBAD,,3,3,3,3
2026-04-14,CHULA VISTA,,1,1,1,1
2026-04-14,EL CAJON,,2,2,2,2
2026-04-14,ESCONDIDO,,6,6,6,6
2026-04-14,HARBOR POLICE,,2,2,2,2
2026-04-14,OCEANSIDE,,3,3,3,3
2026-04-14,SAN DIEGO,,11,11,11,11
2026-04-14,SHERIFF,,8,8,8,8
2026-04-15,CARLSBAD,,2,2,2,2
2026-04-15,CHULA VISTA,,2,2,2,2
2026-04-15,EL CAJON,,3,3,3,3
2026-04-15,ESCONDIDO,,10,6,10,10
2026-04-15,HARBOR POLICE,,1,1,1,1
2026-04-15,LA MESA,,2,2,2,2
2026-04-15,NATIONAL CITY,,2,1,2,2
2026-04-15,OCEANSIDE,,3,3,3,3
2026-04-15,SAN DIEGO,,23,23,23,23
2026-04-15,SHERIFF,,11,11,11,11
2026-04-16,CARLSBAD,,2,2,2,2
2026-04-16,CHULA VISTA,,1,1,1,1
2026-04-16,EL CAJON,,3,2,3,3
2026-04-16,ESCONDIDO,,4,4,4,4
2026-04-16,HARBOR POLICE,,2,2,2,2
2026-04-16,LA MESA,,1,1,1,1
2026-04-16,OCEANSIDE,,4,4,4,4
2026-04-16,SAN DIEGO,,30,30,30,30
2026-04-16,SHERIFF,,14,14,14,14
2026-04-17,CARLSBAD,,4,4,4,4
2026-04-17,CHULA VISTA,,2,2,2,2
2026-04-17,EL CAJON,,2,2,2,2
2026-04-17,ESCONDIDO,,4,4,4,4
2026-04-17,LA MESA,,2,2,2,2
2026-04-17,NATIONAL CITY,,1,1,1,1
2026-04-17,OCEANSIDE,,4,4,4,4
2026-04-17,SAN DIEGO,,32,30,31,31
2026-04-17,SHERIFF,,12,12,12,12
2026-04-18,CARLSBAD,,3,3,3,3
2026-04-18,CHULA VISTA,,6,6,6,6
2026-04-18,EL CAJON,,1,1,1,1
2026-04-18,ESCONDIDO,,5,5,5,5
2026-04-18,HARBOR POLICE,,2,2,2,2
2026-04-18,LA MESA,,4,4,4,4
2026-04-18,NATIONAL CITY,,2,2,2,2
2026-04-18,OCEANSIDE,,2,2,2,2
2026-04-18,SAN DIEGO,,20,20,20,20
2026-04-18,SHERIFF,,18,17,18,18
2026-04-19,CARLSBAD,,3,3,3,3
2026-04-19,CHULA VISTA,,5,5,5,5
2026-04-19,EL CAJON,,1,1,1,1
2026-04-19,ESCONDIDO,,8,8,8,8
2026-04-19,HARBOR POLICE,,7,7,7,7
2026-04-19,LA MESA,,5,5,5,5
2026-04-19,NATIONAL CITY,,4,3,4,4
2026-04-19,OCEANSIDE,,2,2,2,2
2026-04-19,SAN DIEGO,,20,19,20,20
2026-04-19,SHERIFF,,10,10,10,10
2026-04-20,CARLSBAD,,1,1,1,1
2026-04-20,CHULA VISTA,,1,1,1,1
2026-04-20,EL CAJON,,8,8,8,8
2026-04-20,ESCONDIDO,,4,4,4,4
2026-04-20,HARBOR POLICE,,1,1,1,1
2026-04-20,LA MESA,,1,1,1,1
2026-04-20,NATIONAL CITY,,2,2,2,2
2026-04-20,OCEANSIDE,,10,10,10,10
2026-04-20,SAN DIEGO,,15,15,15,15
2026-04-20,SHERIFF,,15,15,15,15
2026-04-21,CARLSBAD,,1,1,1,1
2026-04-21,CHULA VISTA,,1,1,1,1
2026-04-21,EL CAJON,,3,2,3,3
2026-04-21,ESCONDIDO,,8,8,8,8
2026-04-21,LA MESA,,1,1,1,1
2026-04-21,OCEANSIDE,,5,5,5,5
2026-04-21,SAN DIEGO,,17,17,17,17
2026-04-21,SHERIFF,,10,10,10,10
2026-04-22,CARLSBAD,,1,1,1,1
2026-04-22,CHULA VISTA,,4,4,4,4
2026-04-22,EL CAJON,,1,1,1,1
2026-04-22,ESCONDIDO,,5,5,5,5
2026-04-22,HARBOR POLICE,,2,2,2,2
2026-04-22,LA MESA,,2,2,2,2
2026-04-22,NATIONAL CITY,,2,2,2,2
2026-04-22,OCEANSIDE,,2,2,2,2
2026-04-22,SAN DIEGO,,18,18,18,18
2026-04-22,SHERIFF,,19,18,19,19
2026-04-23,CARLSBAD,,2,2,2,2
2026-04-23,CHULA VISTA,,1,1,1,1
2026-04-23,EL CAJON,,5,3,5,5
2026-04-23,ESCONDIDO,,2,2,2,2
2026-04-23,HARBOR POLICE,,1,1,1,1
2026-04-23,LA MESA,,1,1,1,1
2026-04-23,NATIONAL CITY,,1,1,1,1
2026-04-23,OCEANSIDE,,6,6,6,6
2026-04-23,SAN DIEGO,,24,24,24,24
2026-04-23,SHERIFF,,17,17,17,17
2026-04-24,CARLSBAD,,4,4,4,4
2026-04-24,CHULA VISTA,,4,4,4,4
2026-04-24,EL CAJON,,1,1,1,1
2026-04-24,ESCONDIDO,,5,5,5,5
2026-04-24,HARBOR POLICE,,2,2,2,2
2026-04-24,LA MESA,,5,5,5,5
2026-04-24,NATIONAL CITY,,4,4,4,4
2026-04-24,OCEANSIDE,,5,5,5,5
2026-04-24,SAN DIEGO,,17,17,17,17
2026-04-24,SHERIFF,,19,19,19,19
2026-04-25,CARLSBAD,,4,4,4,4
2026-04-25,CHULA VISTA,,7,7,7,7
2026-04-25,EL CAJON,,3,2,3,3
2026-04-25,ESCONDIDO,,7,7,7,7
2026-04-25,LA MESA,,2,2,2,2
2026-04-25,NATIONAL CITY,,1,1,1,1
2026-04-25,OCEANSIDE,,2,2,2,2
2026-04-25,SAN DIEGO,,17,17,17,17
2026-04-25,SHERIFF,,16,16,16,16
2026-04-26,CHULA VISTA,,5,5,5,5
2026-04-26,EL CAJON,,2,2,2,2
2026-04-26,ESCONDIDO,,2,2,2,2
2026-04-26,HARBOR POLICE,,2,2,2,2
2026-04-26,LA MESA,,2,2,2,2
2026-04-26,NATIONAL CITY,,3,3,3,3
2026-04-26,OCEANSIDE,,2,2,2,2
2026-04-26,SAN DIEGO,,24,24,24,24
2026-04-26,SHERIFF,,12,11,12,12
2026-04-27,CARLSBAD,,1,1,1,1
2026-04-27,CHULA VISTA,,5,5,5,5
2026-04-27,EL CAJON,,8,6,8,8
2026-04-27,ESCONDIDO,,4,4,4,4
2026-04-27,HARBOR POLICE,,2,2,2,2
2026-04-27,LA MESA,,4,4,4,4
2026-04-27,NATIONAL CITY,,1,1,1,1
2026-04-27,OCEANSIDE,,6,6,6,6
2026-04-27,SAN DIEGO,,19,19,19,19
2026-04-27,SHERIFF,,11,11,11,11
2026-04-28,CARLSBAD,,1,1,1,1
2026-04-28,CHULA VISTA,,3,3,3,3
2026-04-28,EL CAJON,,6,5,6,6
2026-04-28,ESCONDIDO,,2,2,2,2
2026-04-28,HARBOR POLICE,,2,2,2,2
2026-04-28,LA MESA,,7,6,7,7
2026-04-28,OCEANSIDE,,3,3,3,3
2026-04-28,SAN DIEGO,,23,23,23,23
2026-04-28,SHERIFF,,14,14,14,14
2026-04-29,CARLSBAD,,1,1,1,1
2026-04-29,CHULA VISTA,,5,5,5,5
2026-04-29,EL CAJON,,2,2,2,2
2026-04-29,ESCONDIDO,,10,10,10,10
2026-04-29,NATIONAL CITY,,2,2,2,2
2026-04-29,OCEANSIDE,,4,4,4,4
2026-04-29,SAN DIEGO,,20,20,20,20
2026-04-29,SHERIFF,,13,13,13,13
2026-04-30,CARLSBAD,,2,2,2,2
2026-04-30,CHULA VISTA,,4,4,4,4
2026-04-30,EL CAJON,,3,3,3,3
2026-04-30,ESCONDIDO,,3,3,3,3
2026-04-30,HARBOR POLICE,,1,1,1,1
2026-04-30,LA MESA,,2,2,2,2
2026-04-30,NATIONAL CITY,,1,1,1,1
2026-04-30,OCEANSIDE,,6,6,6,6
2026-04-30,SAN DIEGO,,27,27,27,27
2026-04-30,SHERIFF,,11,11,11,11
2026-05-01,CARLSBAD,,4,4,4,4
2026-05-01,CHULA VISTA,,4,4,4,4
2026-05-01,EL CAJON,,1,1,1,1
2026-05-01,ESCONDIDO,,5,5,5,5
2026-05-01,HARBOR POLICE,,1,1,1,1
2026-05-01,LA MESA,,1,1,1,1
2026-05-01,NATIONAL CITY,,1,1,1,1
2026-05-01,OCEANSIDE,,2,2,2,2
2026-05-01,SAN DIEGO,,16,16,16,16
2026-05-01,SHERIFF,,16,16,16,16
2026-05-02,CARLSBAD,,3,3,3,3
2026-05-02,CHULA VISTA,,3,3,3,3
2026-05-02,EL CAJON,,1,1,1,1
2026-05-02,ESCONDIDO,,4,3,4,4
2026-05-02,HARBOR POLICE,,3,3,3,3
2026-05-02,LA MESA,,2,2,2,2
2026-05-02,OCEANSIDE,,2,2,2,2
2026-05-02,SAN DIEGO,,23,23,23,23
2026-05-02,SHERIFF,,15,15,15,15
2026-05-03,CARLSBAD,,6,6,6,6
2026-05-03,CHULA VISTA,,4,4,4,4
2026-05-03,EL CAJON,,2,2,2,2
2026-05-03,ESCONDIDO,,2,2,2,2
2026-05-03,LA MESA,,1,1,1,1
2026-05-03,NATIONAL CITY,,5,5,5,5
2026-05-03,OCEANSIDE,,2,2,2,2
2026-05-03,SAN DIEGO,,15,15,15,15
2026-05-03,SHERIFF,,7,7,7,7
2026-05-04,CARLSBAD,,2,2,2,2
2026-05-04,CHULA VISTA,,4,4,4,4
2026-05-04,EL CAJON,,5,4,5,5
2026-05-04,ESCONDIDO,,3,3,3,3
2026-05-04,HARBOR POLICE,,4,4,4,4
2026-05-04,LA MESA,,2,2,2,2
2026-05-04,NATIONAL CITY,,2,2,2,2
2026-05-04,OCEANSIDE,,3,3,3,3
2026-05-04,SAN DIEGO,,11,11,11,11
2026-05-04,SHERIFF,,20,19,20,20
2026-05-05,CHULA VISTA,,3,3,3,3
2026-05-05,EL CAJON,,2,2,2,2
2026-05-05,ESCONDIDO,,5,5,5,5
2026-05-05,HARBOR POLICE,,1,1,1,1
2026-05-05,LA MESA,,1,1,1,1
2026-05-05,NATIONAL CITY,,3,3,3,3
2026-05-05,OCEANSIDE,,4,4,4,4
2026-05-05,SAN DIEGO,,15,15,15,15
2026-05-05,SHERIFF,,19,19,19,19
2026-05-06,CARLSBAD,,3,3,3,3
2026-05-06,CHULA VISTA,,3,3,3,3
2026-05-06,EL CAJON,,1,1,1,1
2026-05-06,ESCONDIDO,,2,2,2,2
2026-05-06,HARBOR POLICE,,2,2,2,2
2026-05-06,NATIONAL CITY,,1,1,1,1
2026-05-06,OCEANSIDE,,6,6,6,6
2026-05-06,SAN DIEGO,,16,16,16,16
2026-05-06,SHERIFF,,16,16,16,16
2026-05-07,CARLSBAD,,3,3,3,3
2026-05-07,CHULA VISTA,,3,3,3,3
2026-05-07,EL CAJON,,2,2,2,2
2026-05-07,ESCONDIDO,,5,5,5,5
2026-05-07,LA MESA,,1,1,1,1
2026-05-07,NATIONAL CITY,,2,2,2,2
2026-05-07,OCEANSIDE,,2,2,2,2
2026-05-07,SAN DIEGO,,23,20,22,22
2026-05-07,SHERIFF,,17,17,17,17
2026-05-08,CARLSBAD,,4,4,4,4
2026-05-08,CHULA VISTA,,8,8,8,8
2026-05-08,EL CAJON,,5,5,5,5
2026-05-08,ESCONDIDO,,6,6,6,6
2026-05-08,HARBOR POLICE,,2,2,2,2
2026-05-08,LA MESA,,3,3,3,3
2026-05-08,NATIONAL CITY,,4,4,4,4
2026-05-08,OCEANSIDE,,3,3,3,3
2026-05-08,SAN DIEGO,,20,20,20,20
2026-05-08,SHERIFF,,15,15,15,15
2026-05-09,CARLSBAD,,4,4,4,4
2026-05-09,CHULA VISTA,,6,6,6,6
2026-05-09,ESCONDIDO,,4,4,4,4
2026-05-09,LA MESA,,6,6,6,6
2026-05-09,OCEANSIDE,,4,4,4,4
2026-05-09,SAN DIEGO,,30,30,30,30
2026-05-09,SHERIFF,,16,16,16,16
2026-05-10,CARLSBAD,,4,4,4,4
2026-05-10,CHULA VISTA,,4,4,4,4
2026-05-10,EL CAJON,,1,1,1,1
2026-05-10,ESCONDIDO,,4,4,4,4
2026-05-10,HARBOR POLICE,,2,2,2,2
2026-05-10,LA MESA,,3,3,3,3
2026-05-10,NATIONAL CITY,,2,2,2,2
2026-05-10,OCEANSIDE,,3,3,3,3
2026-05-10,SAN DIEGO,,25,25,25,25
2026-05-10,SHERIFF,,9,9,9,9
2026-05-11,CARLSBAD,,3,3,3,3
2026-05-11,CHULA VISTA,,1,1,1,1
2026-05-11,EL CAJON,,1,1,1,1
2026-05-11,ESCONDIDO,,1,1,1,1
2026-05-11,HARBOR POLICE,,1,1,1,1
2026-05-11,LA MESA,,1,1,1,1
2026-05-11,NATIONAL CITY,,1,1,1,1
2026-05-11,OCEANSIDE,,3,3,3,3
2026-05-11,SAN DIEGO,,18,18,18,18
2026-05-11,SHERIFF,,14,14,14,14
2026-05-12,CHULA VISTA,,3,3,3,3
2026-05-12,EL CAJON,,4,4,4,4
2026-05-12,ESCONDIDO,,7,7,7,7
2026-05-12,HARBOR POLICE,,2,2,2,2
2026-05-12,OCEANSIDE,,6,6,6,6
2026-05-12,SAN DIEGO,,27,27,27,27
2026-05-12,SHERIFF,,10,10,10,10
2026-05-13,CARLSBAD,,2,2,2,2
2026-05-13,CHULA VISTA,,2,2,2,2
2026-05-13,EL CAJON,,1,1,1,1
2026-05-13,ESCONDIDO,,7,7,7,7
2026-05-13,HARBOR POLICE,,2,2,2,2
2026-05-13,LA MESA,,1,1,1,1
2026-05-13,NATIONAL CITY,,2,2,2,2
2026-05-13,OCEANSIDE,,4,4,4,4
2026-05-13,SAN DIEGO,,19,18,18,18
2026-05-13,SHERIFF,,12,12,12,12
2026-05-14,CARLSBAD,,2,2,2,2
2026-05-14,CHULA VISTA,,3,3,3,3
2026-05-14,EL CAJON,,4,4,4,4
2026-05-14,ESCONDIDO,,5,5,5,5
2026-05-14,HARBOR POLICE,,2,1,2,2
2026-05-14,NATIONAL CITY,,1,1,1,1
2026-05-14,OCEANSIDE,,1,1,1,1
2026-05-14,SAN DIEGO,,14,14,14,14
2026-05-14,SHERIFF,,15,13,15,15
2026-05-15,CARLSBAD,,3,3,3,3
2026-05-15,CHULA VISTA,,3,3,3,3
2026-05-15,EL CAJON,,4,4,4,4
2026-05-15,ESCONDIDO,,5,5,5,5
2026-05-15,HARBOR POLICE,,2,2,2,2
2026-05-15,LA MESA,,2,2,2,2
2026-05-15,NATIONAL CITY,,1,1,1,1
2026-05-15,OCEANSIDE,,3,3,3,3
2026-05-15,SAN DIEGO,,36,34,35,35
2026-05-15,SHERIFF,,7,7,7,7
2026-05-16,CARLSBAD,,7,7,7,7
2026-05-16,CHULA VISTA,,6,6,6,6
2026-05-16,EL CAJON,,1,1,1,1
2026-05-16,ESCONDIDO,,6,6,6,6
2026-05-16,LA MESA,,3,3,3,3
2026-05-16,NATIONAL CITY,,1,1,1,1
2026-05-16,OCEANSIDE,,5,5,5,5
2026-05-16,SAN DIEGO,,28,28,28,28
2026-05-16,SHERIFF,,14,14,14,14
2026-05-17,CARLSBAD,,1,1,1,1
2026-05-17,CHULA VISTA,,4,4,4,4
2026-05-17,EL CAJON,,4,4,4,4
2026-05-17,ESCONDIDO,,3,3,3,3
2026-05-17,LA MESA,,1,1,1,1
2026-05-17,NATIONAL CITY,,3,3,3,3
2026-05-17,OCEANSIDE,,2,2,2,2
2026-05-17,SAN DIEGO,,23,23,23,23
2026-05-17,SHERIFF,,12,12,12,12
2026-05-18,CHULA VISTA,,5,5,5,5
2026-05-18,EL CAJON,,1,1,1,1
2026-05-18,ESCONDIDO,,4,4,4,4
2026-05-18,OCEANSIDE,,6,6,6,6
2026-05-18,SAN DIEGO,,19,19,19,19
2026-05-18,SHERIFF,,11,11,11,11
2026-05-19,CHULA VISTA,,1,1,1,1
2026-05-19,EL CAJON,,6,5,6,6
2026-05-19,ESCONDIDO,,5,5,5,5
2026-05-19,HARBOR POLICE,,1,1,1,1
2026-05-19,NATIONAL CITY,,1,1,1,1
2026-05-19,OCEANSIDE,,1,1,1,1
2026-05-19,SAN DIEGO,,14,14,14,14
2026-05-19,SHERIFF,,10,9,10,10
2026-05-20,CARLSBAD,,3,2,3,3
2026-05-20,CHULA VISTA,,4,4,4,4
2026-05-20,EL CAJON,,1,1,1,1
2026-05-20,ESCONDIDO,,4,4,4,4
2026-05-20,LA MESA,,1,1,1,1
2026-05-20,NATIONAL CITY,,2,2,2,2
2026-05-20,OCEANSIDE,,3,3,3,3
2026-05-20,SAN DIEGO,,20,20,20,20
2026-05-20,SHERIFF,,17,17,17,17
2026-05-21,CARLSBAD,,2,2,2,2
2026-05-21,CHULA VISTA,,4,3,4,4
2026-05-21,ESCONDIDO,,3,3,3,3
2026-05-21,HARBOR POLICE,,3,3,3,3
2026-05-21,NATIONAL CITY,,1,1,1,1
2026-05-21,OCEANSIDE,,3,3,3,3
2026-05-21,SAN DIEGO,,13,13,13,13
2026-05-21,SHERIFF,,13,13,13,13
2026-05-22,CARLSBAD,,1,1,1,1
2026-05-22,CHULA VISTA,,3,3,3,3
2026-05-22,EL CAJON,,2,2,2,2
2026-05-22,ESCONDIDO,,6,6,6,6
2026-05-22,HARBOR POLICE,,1,1,1,1
2026-05-22,LA MESA,,2,2,2,2
2026-05-22,NATIONAL CITY,,4,3,4,4
2026-05-22,OCEANSIDE,,5,5,5,5
2026-05-22,SAN DIEGO,,23,23,23,23
2026-05-22,SHERIFF,,12,12,12,12
2026-05-23,CARLSBAD,,3,3,3,3
2026-05-23,CHULA VISTA,,3,3,3,3
2026-05-23,EL CAJON,,2,2,2,2
2026-05-23,ESCONDIDO,,6,6,6,6
2026-05-23,HARBOR POLICE,,4,4,4,4
2026-05-23,LA MESA,,2,2,2,2
2026-05-23,NATIONAL CITY,,1,1,1,1
2026-05-23,OCEANSIDE,,4,4,4,4
2026-05-23,SAN DIEGO,,36,36,36,36
2026-05-23,SHERIFF,,14,14,14,14
2026-05-24,CARLSBAD,,1,1,1,1
2026-05-24,CHULA VISTA,,5,5,5,5
2026-05-24,ESCONDIDO,,5,5,5,5
2026-05-24,HARBOR POLICE,,1,1,1,1
2026-05-24,LA MESA,,1,1,1,1
2026-05-24,NATIONAL CITY,,1,1,1,1
2026-05-24,OCEANSIDE,,5,5,5,5
2026-05-24,SAN DIEGO,,32,32,32,32
2026-05-24,SHERIFF,,10,9,10,10
2026-05-25,CARLSBAD,,2,2,2,2
2026-05-25,CHULA VISTA,,3,3,3,3
2026-05-25,EL CAJON,,2,2,2,2
2026-05-25,ESCONDIDO,,3,3,3,3
2026-05-25,HARBOR POLICE,,1,1,1,1
2026-05-25,LA MESA,,1,1,1,1
2026-05-25,NATIONAL CITY,,2,2,2,2
2026-05-25,OCEANSIDE,,2,2,2,2
2026-05-25,SAN DIEGO,,30,30,30,30
2026-05-25,SHERIFF,,15,14,15,15
2026-05-26,CARLSBAD,,2,2,2,2
2026-05-26,CHULA VISTA,,2,2,2,2
2026-05-26,EL CAJON,,1,1,1,1
2026-05-26,ESCONDIDO,,5,5,5,5
2026-05-26,LA MESA,,1,1,1,1
2026-05-26,OCEANSIDE,,5,5,5,5
2026-05-26,SAN DIEGO,,15,15,15,15
2026-05-26,SHERIFF,,12,12,12,12
2026-05-27,CARLSBAD,,1,1,1,1
2026-05-27,CHULA VISTA,,2,2,2,2
2026-05-27,EL CAJON,,2,2,2,2
2026-05-27,ESCONDIDO,,5,5,5,5
2026-05-27,HARBOR POLICE,,2,2,2,2
2026-05-27,LA MESA,,1,1,1,1
2026-05-27,OCEANSIDE,,5,5,5,5
2026-05-27,SAN DIEGO,,18,18,18,18
2026-05-27,SHERIFF,,12,11,12,12
2026-05-28,CARLSBAD,,2,2,2,2
2026-05-28,CHULA VISTA,,6,6,6,6
2026-05-28,EL CAJON,,3,3,3,3
2026-05-28,ESCONDIDO,,4,4,4,4
2026-05-28,HARBOR POLICE,,1,1,1,1
2026-05-28,LA MESA,,6,6,6,6
2026-05-28,OCEANSIDE,,3,3,3,3
2026-05-28,SAN DIEGO,,14,14,14,14
2026-05-28,SHERIFF,,16,15,16,16
2026-05-29,CARLSBAD,,3,3,3,3
2026-05-29,CHULA VISTA,,2,2,2,2
2026-05-29,EL CAJON,,2,2,2,2
2026-05-29,ESCONDIDO,,9,8,9,9
2026-05-29,LA MESA,,5,5,5,5
2026-05-29,NATIONAL CITY,,2,2,2,2
2026-05-29,OCEANSIDE,,2,2,2,2
2026-05-29,SAN DIEGO,,12,12,12,12
2026-05-29,SHERIFF,,8,8,8,8
2026-05-30,CARLSBAD,,1,1,1,1
2026-05-30,CHULA VISTA,,4,4,4,4
2026-05-30,EL CAJON,,2,2,2,2
2026-05-30,ESCONDIDO,,7,7,7,7
2026-05-30,HARBOR POLICE,,2,2,2,2
2026-05-30,LA MESA,,2,2,2,2
2026-05-30,NATIONAL CITY,,2,2,2,2
2026-05-30,OCEANSIDE,,3,3,3,3
2026-05-30,SAN DIEGO,,22,22,22,22
2026-05-30,SHERIFF,,11,11,11,11
2026-05-31,CARLSBAD,,3,3,3,3
2026-05-31,CHULA VISTA,,3,3,3,3
2026-05-31,EL CAJON,,3,3,3,3
2026-05-31,ESCONDIDO,,3,3,3,3
2026-05-31,HARBOR POLICE,,1,1,1,1
2026-05-31,LA MESA,,4,4,4,4
2026-05-31,NATIONAL CITY,,2,2,2,2
2026-05-31,OCEANSIDE,,3,3,3,3
2026-05-31,SAN DIEGO,,27,27,27,27
2026-05-31,SHERIFF,,11,11,11,11
2026-06-01,CARLSBAD,,2,2,2,2
2026-06-01,CHULA VISTA,,4,4,4,4
2026-06-01,EL CAJON,,5,5,5,5
2026-06-01,ESCONDIDO,,5,5,5,5
2026-06-01,NATIONAL CITY,,1,1,1,1
2026-06-01,OCEANSIDE,,2,2,2,2
2026-06-01,SAN DIEGO,,13,13,13,13
2026-06-01,SHERIFF,,11,11,11,11
2026-06-02,CARLSBAD,,1,1,1,1
2026-06-02,CHULA VISTA,,1,1,1,1
2026-06-02,EL CAJON,,3,3,3,3
2026-06-02,ESCONDIDO,,6,6,6,6
2026-06-02,HARBOR POLICE,,2,2,2,2
2026-06-02,LA MESA,,1,1,1,1
2026-06-02,NATIONAL CITY,,2,2,2,2
2026-06-02,OCEANSIDE,,1,1,1,1
2026-06-02,SAN DIEGO,,19,19,19,19
2026-06-02,SHERIFF,,7,7,7,7
2026-06-03,CARLSBAD,,2,2,2,2
2026-06-03,EL CAJON,,2,2,2,2
2026-06-03,ESCONDIDO,,3,3,3,3
2026-06-03,HARBOR POLICE,,2,2,2,2
2026-06-03,LA MESA,,1,1,1,1
2026-06-03,NATIONAL CITY,,1,1,1,1
2026-06-03,OCEANSIDE,,4,3,4,4
2026-06-03,SAN DIEGO,,18,18,18,18
2026-06-03,SHERIFF,,12,12,12,12
2026-06-04,CHULA VISTA,,2,2,2,2
2026-06-04,EL CAJON,,4,4,4,4
2026-06-04,ESCONDIDO,,6,6,6,6
2026-06-04,HARBOR POLICE,,1,1,1,1
2026-06-04,LA MESA,,2,2,2,2
2026-06-04,NATIONAL CITY,,1,1,1,1
2026-06-04,OCEANSIDE,,3,3,3,3
2026-06-04,SAN DIEGO,,16,15,16,16
2026-06-04,SHERIFF,,14,14,14,14
2026-06-05,CARLSBAD,,3,3,3,3
2026-06-05,CHULA VISTA,,2,2,2,2
2026-06-05,EL CAJON,,2,1,2,2
2026-06-05,ESCONDIDO,,6,6,6,6
2026-06-05,NATIONAL CITY,,2,2,2,2
2026-06-05,OCEANSIDE,,4,4,4,4
2026-06-05,SAN DIEGO,,15,15,15,15
2026-06-05,SHERIFF,,9,8,9,9
2026-06-06,CARLSBAD,,2,2,2,2
2026-06-06,CHULA VISTA,,3,3,3,3
2026-06-06,EL CAJON,,2,2,2,2
2026-06-06,ESCONDIDO,,4,4,4,4
2026-06-06,HARBOR POLICE,,4,4,4,4
2026-06-06,LA MESA,,7,5,7,7
2026-06-06,NATIONAL CITY,,2,2,2,2
2026-06-06,OCEANSIDE,,2,2,2,2
2026-06-06,SAN DIEGO,,23,23,23,23
2026-06-06,SHERIFF,,10,10,10,10
2026-06-07,CHULA VISTA,,1,1,1,1
2026-06-07,EL CAJON,,1,1,1,1
2026-06-07,ESCONDIDO,,4,4,4,4
2026-06-07,HARBOR POLICE,,2,2,2,2
2026-06-07,LA MESA,,1,1,1,1
2026-06-07,NATIONAL CITY,,2,2,2,2
2026-06-07,OCEANSIDE,,4,4,4,4
2026-06-07,SAN DIEGO,,31,30,31,31
2026-06-07,SHERIFF,,10,10,10,10
2026-06-08,CHULA VISTA,,4,3,4,4
2026-06-08,EL CAJON,,2,2,2,2
2026-06-08,ESCONDIDO,,4,4,4,4
2026-06-08,LA MESA,,2,2,2,2
2026-06-08,NATIONAL CITY,,2,2,2,2
2026-06-08,OCEANSIDE,,1,1,1,1
2026-06-08,SAN DIEGO,,17,16,16,16
2026-06-08,SHERIFF,,18,17,18,18
2026-06-09,CARLSBAD,,2,2,2,2
2026-06-09,CHULA VISTA,,3,3,3,3
2026-06-09,EL CAJON,,8,5,8,8
2026-06-09,ESCONDIDO,,4,4,4,4
2026-06-09,LA MESA,,1,1,1,1
2026-06-09,NATIONAL CITY,,1,1,1,1
2026-06-09,OCEANSIDE,,4,4,4,4
2026-06-09,SAN DIEGO,,24,24,24,24
2026-06-09,SHERIFF,,19,19,19,19
2026-06-10,CARLSBAD,,5,5,5,5
2026-06-10,CHULA VISTA,,2,2,2,2
2026-06-10,EL CAJON,,4,4,4,4
2026-06-10,ESCONDIDO,,6,6,6,6
2026-06-10,HARBOR POLICE,,1,1,1,1
2026-06-10,LA MESA,,2,2,2,2
2026-06-10,NATIONAL CITY,,1,1,1,1
2026-06-10,OCEANSIDE,,5,5,5,5
2026-06-10,SAN DIEGO,,24,24,24,24
2026-06-10,SHERIFF,,11,11,11,11
2026-06-11,CARLSBAD,,5,5,5,5
2026-06-11,CHULA VISTA,,2,1,2,2
2026-06-11,EL CAJON,,2,2,2,2
2026-06-11,ESCONDIDO,,9,9,9,9
2026-06-11,LA MESA,,5,5,5,5
2026-06-11,OCEANSIDE,,4,4,4,4
2026-06-11,SAN DIEGO,,25,25,25,25
2026-06-11,SHERIFF,,19,19,19,19
2026-06-12,CARLSBAD,,6,6,6,6
2026-06-12,CHULA VISTA,,4,4,4,4
2026-06-12,EL CAJON,,3,3,3,3
2026-06-12,ESCONDIDO,,7,6,7,7
2026-06-12,HARBOR POLICE,,2,2,2,2
2026-06-12,LA MESA,,2,2,2,2
2026-06-12,NATIONAL CITY,,1,1,1,1
2026-06-12,OCEANSIDE,,6,6,6,6
2026-06-12,SAN DIEGO,,30,29,30,30
2026-06-12,SHERIFF,,18,18,18,18
2026-06-13,CARLSBAD,,9,9,9,9
2026-06-13,CHULA VISTA,,4,4,4,4
2026-06-13,EL CAJON,,2,2,2,2
2026-06-13,ESCONDIDO,,7,7,7,7
2026-06-13,HARBOR POLICE,,3,3,3,3
2026-06-13,LA MESA,,5,5,5,5
2026-06-13,NATIONAL CITY,,1,1,1,1
2026-06-13,OCEANSIDE,,4,4,4,4
2026-06-13,SAN DIEGO,,34,32,34,34
2026-06-13,SHERIFF,,14,13,14,14
2026-06-14,CARLSBAD,,2,2,2,2
2026-06-14,CHULA VISTA,,3,3,3,3
2026-06-14,EL CAJON,,2,1,2,2
2026-06-14,ESCONDIDO,,7,7,7,7
2026-06-14,HARBOR POLICE,,1,1,1,1
2026-06-14,LA MESA,,4,4,4,4
2026-06-14,OCEANSIDE,,5,5,5,5
2026-06-14,SAN DIEGO,,15,15,15,15
2026-06-14,SHERIFF,,16,16,16,16
2026-06-15,CARLSBAD,,2,2,2,2
2026-06-15,CHULA VISTA,,1,1,1,1
2026-06-15,EL CAJON,,1,1,1,1
2026-06-15,ESCONDIDO,,3,3,3,3
2026-06-15,HARBOR POLICE,,2,2,2,2
2026-06-15,NATIONAL CITY,,2,2,2,2
2026-06-15,OCEANSIDE,,5,5,5,5
2026-06-15,SAN DIEGO,,20,20,20,20
2026-06-15,SHERIFF,,7,7,7,7
2026-06-16,CARLSBAD,,1,1,1,1
2026-06-16,CHULA VISTA,,3,3,3,3
2026-06-16,EL CAJON,,4,1,4,4
2026-06-16,ESCONDIDO,,5,5,5,5
2026-06-16,LA MESA,,1,1,1,1
2026-06-16,OCEANSIDE,,2,2,2,2
2026-06-16,SAN DIEGO,,17,17,17,17
2026-06-16,SHERIFF,,11,11,11,11
2026-06-17,CARLSBAD,,2,2,2,2
2026-06-17,CHULA VISTA,,5,5,5,5
2026-06-17,EL CAJON,,3,2,3,3
2026-06-17,ESCONDIDO,,7,7,7,7
2026-06-17,HARBOR POLICE,,1,1,1,1
2026-06-17,LA MESA,,1,1,1,1
2026-06-17,OCEANSIDE,,5,5,5,5
2026-06-17,SAN DIEGO,,21,21,21,21
2026-06-17,SHERIFF,,9,9,9,9
2026-06-18,CARLSBAD,,2,2,2,2
2026-06-18,CHULA VISTA,,1,1,1,1
2026-06-18,EL CAJON,,1,1,1,1
2026-06-18,ESCONDIDO,,5,5,5,5
2026-06-18,HARBOR POLICE,,1,1,1,1
2026-06-18,LA MESA,,1,1,1,1
2026-06-18,NATIONAL CITY,,1,1,1,1
2026-06-18,OCEANSIDE,,3,3,3,3
2026-06-18,SAN DIEGO,,18,18,18,18
2026-06-18,SHERIFF,,11,11,11,11
2026-06-19,CARLSBAD,,6,6,6,6
2026-06-19,CHULA VISTA,,2,2,2,2
2026-06-19,EL CAJON,,1,1,1,1
2026-06-19,ESCONDIDO,,5,5,5,5
2026-06-19,HARBOR POLICE,,3,3,3,3
2026-06-19,LA MESA,,4,4,4,4
2026-06-19,NATIONAL CITY,,2,2,2,2
2026-06-19,OCEANSIDE,,4,4,4,4
2026-06-19,SAN DIEGO,,34,34,34,34
2026-06-19,SHERIFF,,11,11,11,11
2026-06-20,CARLSBAD,,2,2,2,2
2026-06-20,CHULA VISTA,,2,2,2,2
2026-06-20,EL CAJON,,3,3,3,3
2026-06-20,ESCONDIDO,,5,5,5,5
2026-06-20,NATIONAL CITY,,1,1,1,1
2026-06-20,OCEANSIDE,,5,5,5,5
2026-06-20,SAN DIEGO,,36,35,36,36
2026-06-20,SHERIFF,,15,15,15,15
2026-06-21,CARLSBAD,,2,2,2,2
2026-06-21,CHULA VISTA,,2,2,2,2
2026-06-21,ESCONDIDO,,5,5,5,5
2026-06-21,HARBOR POLICE,,1,1,1,1
2026-06-21,LA MESA,,1,1,1,1
2026-06-21,OCEANSIDE,,6,6,6,6
2026-06-21,SAN DIEGO,,14,14,14,14
2026-06-21,SHERIFF,,3,3,3,3
2026-06-22,CHULA VISTA,,1,1,1,1
2026-06-22,EL CAJON,,3,2,3,3
2026-06-22,ESCONDIDO,,3,3,3,3
2026-06-22,HARBOR POLICE,,1,1,1,1
2026-06-22,LA MESA,,1,1,1,1
2026-06-22,OCEANSIDE,,3,3,3,3
2026-06-22,SAN DIEGO,,23,23,23,23
2026-06-22,SHERIFF,,12,12,12,12
2026-06-23,CARLSBAD,,3,3,3,3
2026-06-23,CHULA VISTA,,2,2,2,2
2026-06-23,EL CAJON,,5,5,5,5
2026-06-23,ESCONDIDO,,2,2,2,2
2026-06-23,LA MESA,,2,2,2,2
2026-06-23,NATIONAL CITY,,1,1,1,1
2026-06-23,OCEANSIDE,,4,4,4,4
2026-06-23,SAN DIEGO,,18,18,18,18
2026-06-23,SHERIFF,,13,12,13,13
2026-06-24,CHULA VISTA,,3,3,3,3
2026-06-24,EL CAJON,,2,2,2,2
2026-06-24,ESCONDIDO,,4,4,4,4
2026-06-24,HARBOR POLICE,,1,1,1,1
2026-06-24,LA MESA,,2,2,2,2
2026-06-24,NATIONAL CITY,,2,2,2,2
2026-06-24,OCEANSIDE,,2,2,2,2
2026-06-24,SAN DIEGO,,25,25,25,25
2026-06-24,SHERIFF,,19,18,19,19
2026-06-25,CARLSBAD,,2,2,2,2
2026-06-25,CHULA VISTA,,4,4,4,4
2026-06-25,EL CAJON,,2,2,2,2
2026-06-25,ESCONDIDO,,4,4,4,4
2026-06-25,LA MESA,,4,4,4,4
2026-06-25,NATIONAL CITY,,1,1,1,1
2026-06-25,OCEANSIDE,,8,8,8,8
2026-06-25,SAN DIEGO,,28,28,28,28
2026-06-25,SHERIFF,,12,12,12,12
2026-06-26,CARLSBAD,,6,6,6,6
2026-06-26,CHULA VISTA,,5,5,5,5
2026-06-26,EL CAJON,,2,2,2,2
2026-06-26,ESCONDIDO,,5,5,5,5
2026-06-26,HARBOR POLICE,,1,1,1,1
2026-06-26,LA MESA,,6,6,6,6
2026-06-26,NATIONAL CITY,,1,1,1,1
2026-06-26,OCEANSIDE,,4,4,4,4
2026-06-26,SAN DIEGO,,18,18,18,18
2026-06-26,SHERIFF,,12,12,12,12
2026-06-27,CHULA VISTA,,6,6,6,6
2026-06-27,EL CAJON,,1,1,1,1
2026-06-27,ESCONDIDO,,3,3,3,3
2026-06-27,HARBOR POLICE,,2,2,2,2
2026-06-27,LA MESA,,1,1,1,1
2026-06-27,NATIONAL CITY,,1,1,1,1
2026-06-27,OCEANSIDE,,1,1,1,1
2026-06-27,SAN DIEGO,,24,23,24,24
2026-06-27,SHERIFF,,9,9,9,9
2026-06-28,CARLSBAD,,5,5,5,5
2026-06-28,CHULA VISTA,,7,7,7,7
2026-06-28,EL CAJON,,1,1,1,1
2026-06-28,ESCONDIDO,,3,3,3,3
2026-06-28,HARBOR POLICE,,1,1,1,1
2026-06-28,LA MESA,,2,2,2,2
2026-06-28,NATIONAL CITY,,1,1,1,1
2026-06-28,OCEANSIDE,,2,2,2,2
2026-06-28,SAN DIEGO,,20,18,19,19
2026-06-28,SHERIFF,,20,20,20,20
2026-06-29,CHULA VISTA,,2,2,2,2
2026-06-29,EL CAJON,,3,3,3,3
2026-06-29,ESCONDIDO,,3,3,3,3
2026-06-29,NATIONAL CITY,,1,1,1,1
2026-06-29,OCEANSIDE,,1,1,1,1
2026-06-29,SAN DIEGO,,21,21,21,21
2026-06-29,SHERIFF,,21,20,21,21
2026-06-30,CARLSBAD,,1,1,1,1
2026-06-30,CHULA VISTA,,3,3,3,3
2026-06-30,EL CAJON,,2,1,2,2
2026-06-30,ESCONDIDO,,7,7,7,7
2026-06-30,HARBOR POLICE,,2,2,2,2
2026-06-30,LA MESA,,1,1,1,1
2026-06-30,OCEANSIDE,,2,2,2,2
2026-06-30,SAN DIEGO,,20,20,20,20
2026-06-30,SHERIFF,,17,16,17,17
2026-07-01,CARLSBAD,,3,3,3,3
2026-07-01,CHULA VISTA,,6,6,6,6
2026-07-01,EL CAJON,,4,4,4,4
2026-07-01,ESCONDIDO,,7,7,7,7
2026-07-01,HARBOR POLICE,,1,1,1,1
2026-07-01,LA MESA,,5,5,5,5
2026-07-01,OCEANSIDE,,6,6,6,6
2026-07-01,SAN DIEGO,,27,27,27,27
2026-07-01,SHERIFF,,12,12,12,12
2026-07-02,CARLSBAD,,3,3,3,3
2026-07-02,CHULA VISTA,,3,3,3,3
2026-07-02,EL CAJON,,4,2,4,4
2026-07-02,ESCONDIDO,,7,6,7,7
2026-07-02,NATIONAL CITY,,3,3,3,3
2026-07-02,OCEANSIDE,,4,4,4,4
2026-07-02,SAN DIEGO,,23,23,23,23
2026-07-02,SHERIFF,,14,14,14,14
2026-07-03,CARLSBAD,,3,3,3,3
2026-07-03,CHULA VISTA,,3,3,3,3
2026-07-03,EL CAJON,,3,3,3,3
2026-07-03,ESCONDIDO,,7,7,7,7
2026-07-03,HARBOR POLICE,,1,1,1,1
2026-07-03,LA MESA,,7,7,7,7
2026-07-03,OCEANSIDE,,4,4,4,4
2026-07-03,SAN DIEGO,,27,27,27,27
2026-07-03,SHERIFF,,13,13,13,13
2026-07-04,CARLSBAD,,4,4,4,4
2026-07-04,CHULA VISTA,,4,4,4,4
2026-07-04,EL CAJON,,1,1,1,1
2026-07-04,ESCONDIDO,,9,9,9,9
2026-07-04,HARBOR POLICE,,1,1,1,1
2026-07-04,LA MESA,,2,2,2,2
2026-07-04,NATIONAL CITY,,1,1,1,1
2026-07-04,OCEANSIDE,,10,10,10,10
2026-07-04,SAN DIEGO,,37,36,37,37
2026-07-04,SHERIFF,,13,13,13,13
2026-07-05,CARLSBAD,,7,6,7,7
2026-07-05,CHULA VISTA,,2,2,2,2
2026-07-05,EL CAJON,,3,3,3,3
2026-07-05,ESCONDIDO,,4,4,4,4
2026-07-05,LA MESA,,1,1,1,1
2026-07-05,NATIONAL CITY,,1,1,1,1
2026-07-05,OCEANSIDE,,6,4,6,6
2026-07-05,SAN DIEGO,,27,27,27,27
2026-07-05,SHERIFF,,8,8,8,8
2026-07-06,CARLSBAD,,2,2,2,2
2026-07-06,CHULA VISTA,,1,1,1,1
2026-07-06,EL CAJON,,4,3,4,4
2026-07-06,ESCONDIDO,,2,2,2,2
2026-07-06,LA MESA,,1,1,1,1
2026-07-06,NATIONAL CITY,,2,2,2,2
2026-07-06,OCEANSIDE,,1,1,1,1
2026-07-06,SAN DIEGO,,18,17,17,17
2026-07-06,SHERIFF,,15,15,15,15
2026-07-07,CARLSBAD,,2,2,2,2
2026-07-07,CHULA VISTA,,3,3,3,3
2026-07-07,EL CAJON,,6,3,6,6
2026-07-07,ESCONDIDO,,4,4,4,4
2026-07-07,LA MESA,,3,2,3,3
2026-07-07,OCEANSIDE,,3,3,3,3
2026-07-07,SAN DIEGO,,16,16,16,16
2026-07-07,SHERIFF,,12,12,12,12
2026-07-08,CHULA VISTA,,3,3,3,3
2026-07-08,EL CAJON,,2,2,2,2
2026-07-08,ESCONDIDO,,5,4,5,5
2026-07-08,HARBOR POLICE,,1,1,1,1
2026-07-08,NATIONAL CITY,,1,1,1,1
2026-07-08,OCEANSIDE,,9,9,9,9
2026-07-08,SAN DIEGO,,16,15,16,16
2026-07-08,SHERIFF,,12,12,12,12
2026-07-09,CARLSBAD,,3,3,3,3
2026-07-09,CHULA VISTA,,4,4,4,4
2026-07-09,EL CAJON,,1,1,1,1
2026-07-09,HARBOR POLICE,,3,3,3,3
2026-07-09,LA MESA,,1,1,1,1
2026-07-09,OCEANSIDE,,5,5,5,5
2026-07-09,SAN DIEGO,,17,17,17,17
2026-07-09,SHERIFF,,7,7,7,7
2026-07-10,CARLSBAD,,3,3,3,3
2026-07-10,CHULA VISTA,,2,2,2,2
2026-07-10,EL CAJON,,4,4,4,4
2026-07-10,ESCONDIDO,,4,4,4,4
2026-07-10,HARBOR POLICE,,5,5,5,5
2026-07-10,LA MESA,,2,2,2,2
2026-07-10,NATIONAL CITY,,2,2,2,2
2026-07-10,OCEANSIDE,,1,1,1,1
2026-07-10,SAN DIEGO,,15,15,15,15
2026-07-10,SHERIFF,,8,8,8,8
2026-07-11,CARLSBAD,,5,5,5,5
2026-07-11,CHULA VISTA,,4,4,4,4
2026-07-11,ESCONDIDO,,6,6,6,6
2026-07-11,LA MESA,,3,3,3,3
2026-07-11,OCEANSIDE,,1,1,1,1
2026-07-11,SAN DIEGO,,23,23,23,23
2026-07-11,SHERIFF,,14,13,14,14
2026-07-12,CARLSBAD,,5,5,5,5
2026-07-12,CHULA VISTA,,4,3,4,4
2026-07-12,EL CAJON,,1,1,1,1
2026-07-12,ESCONDIDO,,4,4,4,4
2026-07-12,HARBOR POLICE,,1,1,1,1
2026-07-12,LA MESA,,4,4,4,4
2026-07-12,NATIONAL CITY,,1,1,1,1
2026-07-12,OCEANSIDE,,3,3,3,3
2026-07-12,SAN DIEGO,,34,34,34,34
2026-07-12,SHERIFF,,10,10,10,10
2026-07-13,CHULA VISTA,,1,1,1,1
2026-07-13,EL CAJON,,4,4,4,4
2026-07-13,ESCONDIDO,,6,6,6,6
2026-07-13,LA MESA,,2,2,2,2
2026-07-13,NATIONAL CITY,,2,2,2,2
2026-07-13,OCEANSIDE,,2,2,2,2
2026-07-13,SAN DIEGO,,14,13,14,14
2026-07-13,SHERIFF,,9,9,9,9
2026-07-14,CARLSBAD,,1,1,1,1
2026-07-14,CHULA VISTA,,1,1,1,1
2026-07-14,EL CAJON,,2,2,2,2
2026-07-14,ESCONDIDO,,7,7,7,7
2026-07-14,HARBOR POLICE,,2,2,2,2
2026-07-14,LA MESA,,1,1,1,1
2026-07-14,NATIONAL CITY,,1,1,1,1
2026-07-14,OCEANSIDE,,2,2,2,2
2026-07-14,SAN DIEGO,,17,17,17,17
2026-07-14,SHERIFF,,9,9,9,9
2026-07-15,CARLSBAD,,2,2,2,2
2026-07-15,CHULA VISTA,,1,1,1,1
2026-07-15,EL CAJON,,2,2,2,2
2026-07-15,ESCONDIDO,,7,7,7,7
2026-07-15,NATIONAL CITY,,2,2,2,2
2026-07-15,OCEANSIDE,,2,2,2,2
2026-07-15,SAN DIEGO,,32,29,32,32
2026-07-15,SHERIFF,,13,13,13,13
2026-07-16,CARLSBAD,,3,3,3,3
2026-07-16,CHULA VISTA,,3,3,3,3
2026-07-16,EL CAJON,,9,6,9,9
2026-07-16,ESCONDIDO,,3,3,3,3
2026-07-16,LA MESA,,2,2,2,2
2026-07-16,OCEANSIDE,,7,7,7,7
2026-07-16,SAN DIEGO,,22,22,22,22
2026-07-16,SHERIFF,,11,11,11,11
2026-07-17,CARLSBAD,,6,6,6,6
2026-07-17,CHULA VISTA,,3,3,3,3
2026-07-17,ESCONDIDO,,6,6,6,6
2026-07-17,HARBOR POLICE,,5,4,5,5
2026-07-17,LA MESA,,3,3,3,3
2026-07-17,NATIONAL CITY,,2,2,2,2
2026-07-17,OCEANSIDE,,4,4,4,4
2026-07-17,SAN DIEGO,,17,17,17,17
2026-07-17,SHERIFF,,17,17,17,17
2026-07-18,CARLSBAD,,2,2,2,2
2026-07-18,CHULA VISTA,,8,8,8,8
2026-07-18,EL CAJON,,2,2,2,2
2026-07-18,ESCONDIDO,,6,6,6,6
2026-07-18,HARBOR POLICE,,1,1,1,1
2026-07-18,LA MESA,,3,3,3,3
2026-07-18,NATIONAL CITY,,1,1,1,1
2026-07-18,OCEANSIDE,,2,2,2,2
2026-07-18,SAN DIEGO,,28,27,28,28
2026-07-18,SHERIFF,,10,10,10,10
2026-07-19,CARLSBAD,,3,3,3,3
2026-07-19,CHULA VISTA,,3,3,3,3
2026-07-19,EL CAJON,,4,4,4,4
2026-07-19,ESCONDIDO,,4,3,4,4
2026-07-19,HARBOR POLICE,,1,1,1,1
2026-07-19,LA MESA,,1,1,1,1
2026-07-19,OCEANSIDE,,2,2,2,2
2026-07-19,SAN DIEGO,,28,27,28,28
2026-07-19,SHERIFF,,9,9,9,9
2026-07-20,CARLSBAD,,5,5,5,5
2026-07-20,CHULA VISTA,,3,3,3,3
2026-07-20,EL CAJON,,4,4,4,4
2026-07-20,ESCONDIDO,,2,2,2,2
2026-07-20,HARBOR POLICE,,2,2,2,2
2026-07-20,LA MESA,,3,3,3,3
2026-07-20,NATIONAL CITY,,1,1,1,1
2026-07-20,OCEANSIDE,,4,4,4,4
2026-07-20,SAN DIEGO,,18,18,18,18
2026-07-20,SHERIFF,,17,17,17,17
2026-07-21,CHULA VISTA,,4,4,4,4
2026-07-21,EL CAJON,,1,1,1,1
2026-07-21,ESCONDIDO,,5,5,5,5
2026-07-21,LA MESA,,2,2,2,2
2026-07-21,NATIONAL CITY,,2,2,2,2
2026-07-21,OCEANSIDE,,1,1,1,1
2026-07-21,SAN DIEGO,,23,22,23,23
2026-07-21,SHERIFF,,18,18,18,18
2026-07-22,CARLSBAD,,2,2,2,2
2026-07-22,CHULA VISTA,,3,3,3,3
2026-07-22,EL CAJON,,2,2,2,2
2026-07-22,ESCONDIDO,,3,3,3,3
2026-07-22,HARBOR POLICE,,2,2,2,2
2026-07-22,LA MESA,,2,2,2,2
2026-07-22,NATIONAL CITY,,1,1,1,1
2026-07-22,OCEANSIDE,,2,2,2,2
2026-07-22,SAN DIEGO,,28,28,28,28
2026-07-22,SHERIFF,,12,12,12,12
2026-07-23,CARLSBAD,,3,3,3,3
2026-07-23,CHULA VISTA,,1,1,1,1
2026-07-23,ESCONDIDO,,3,3,3,3
2026-07-23,LA MESA,,4,4,4,4
2026-07-23,NATIONAL CITY,,3,3,3,3
2026-07-23,OCEANSIDE,,8,8,8,8
2026-07-23,SAN DIEGO,,20,19,20,20
2026-07-23,SHERIFF,,16,16,16,16
2026-07-24,CARLSBAD,,2,2,2,2
2026-07-24,CHULA VISTA,,2,2,2,2
2026-07-24,EL CAJON,,1,1,1,1
2026-07-24,ESCONDIDO,,2,2,2,2
2026-07-24,HARBOR POLICE,,1,1,1,1
2026-07-24,LA MESA,,2,2,2,2
2026-07-24,NATIONAL CITY,,1,1,1,1
2026-07-24,OCEANSIDE,,3,3,3,3
2026-07-24,SAN DIEGO,,15,15,15,15
2026-07-24,SHERIFF,,17,17,17,17
2026-07-25,CARLSBAD,,2,2,2,2
2026-07-25,CHULA VISTA,,10,10,10,10
2026-07-25,EL CAJON,,4,4,4,4
2026-07-25,ESCONDIDO,,8,8,8,8
2026-07-25,HARBOR POLICE,,2,2,2,2
2026-07-25,LA MESA,,3,3,3,3
2026-07-25,NATIONAL CITY,,2,2,2,2
2026-07-25,OCEANSIDE,,2,2,2,2
2026-07-25,SAN DIEGO,,33,31,33,33
2026-07-25,SHERIFF,,12,12,12,12
2026-07-26,CARLSBAD,,5,5,5,5
2026-07-26,CHULA VISTA,,5,5,5,5
2026-07-26,EL CAJON,,2,2,2,2
2026-07-26,ESCONDIDO,,4,3,4,4
2026-07-26,HARBOR POLICE,,2,2,2,2
2026-07-26,LA MESA,,2,2,2,2
2026-07-26,NATIONAL CITY,,3,3,3,3
2026-07-26,OCEANSIDE,,7,7,7,7
2026-07-26,SAN DIEGO,,21,21,21,21
2026-07-26,SHERIFF,,15,15,15,15
2026-07-27,CARLSBAD,,3,3,3,3
2026-07-27,CHULA VISTA,,5,5,5,5
2026-07-27,EL CAJON,,2,2,2,2
2026-07-27,ESCONDIDO,,5,5,5,5
2026-07-27,HARBOR POLICE,,2,2,2,2
2026-07-27,LA MESA,,5,5,5,5
2026-07-27,NATIONAL CITY,,1,1,1,1
2026-07-27,OCEANSIDE,,3,3,3,3
2026-07-27,SAN DIEGO,,22,22,22,22
2026-07-27,SHERIFF,,9,9,9,9
2026-07-28,CARLSBAD,,2,2,2,2
2026-07-28,CHULA VISTA,,2,2,2,2
2026-07-28,EL CAJON,,4,3,4,4
2026-07-28,ESCONDIDO,,7,7,7,7
2026-07-28,HARBOR POLICE,,2,2,2,2
2026-07-28,LA MESA,,1,1,1,1
2026-07-28,OCEANSIDE,,4,4,4,4
2026-07-28,SAN DIEGO,,23,22,23,23
2026-07-28,SHERIFF,,18,17,17,17
2026-07-29,CARLSBAD,,1,1,1,1
2026-07-29,CHULA VISTA,,4,4,4,4
2026-07-29,EL CAJON,,3,3,3,3
2026-07-29,ESCONDIDO,,9,9,9,9
2026-07-29,HARBOR POLICE,,2,2,2,2
2026-07-29,LA MESA,,3,3,3,3
2026-07-29,OCEANSIDE,,3,3,3,3
2026-07-29,SAN DIEGO,,15,15,15,15
2026-07-29,SHERIFF,,11,11,11,11
2026-07-30,CHULA VISTA,,5,4,5,5
2026-07-30,EL CAJON,,6,5,6,6
2026-07-30,ESCONDIDO,,6,6,6,6
2026-07-30,HARBOR POLICE,,1,1,1,1
2026-07-30,LA MESA,,2,2,2,2
2026-07-30,OCEANSIDE,,5,5,5,5
2026-07-30,SAN DIEGO,,22,22,22,22
2026-07-30,SHERIFF,,17,17,17,17
2026-07-31,CARLSBAD,,4,4,4,4
2026-07-31,CHULA VISTA,,5,5,5,5
2026-07-31,EL CAJON,,3,3,3,3
2026-07-31,ESCONDIDO,,7,7,7,7
2026-07-31,LA MESA,,2,2,2,2
2026-07-31,NATIONAL CITY,,2,2,2,2
2026-07-31,OCEANSIDE,,6,6,6,6
2026-07-31,SAN DIEGO,,26,26,26,26
2026-07-31,SHERIFF,,10,10,10,10
2026-08-01,CARLSBAD,,3,3,3,3
2026-08-01,CHULA VISTA,,3,3,3,3
2026-08-01,EL CAJON,,4,4,4,4
2026-08-01,ESCONDIDO,,4,4,4,4
2026-08-01,HARBOR POLICE,,2,2,2,2
2026-08-01,LA MESA,,6,6,6,6
2026-08-01,OCEANSIDE,,2,2,2,2
2026-08-01,SAN DIEGO,,20,20,20,20
2026-08-01,SHERIFF,,10,10,10,10
2026-08-02,CHULA VISTA,,5,5,5,5
2026-08-02,EL CAJON,,3,3,3,3
2026-08-02,ESCONDIDO,,5,5,5,5
2026-08-02,HARBOR POLICE,,2,2,2,2
2026-08-02,LA MESA,,2,2,2,2
2026-08-02,NATIONAL CITY,,1,1,1,1
2026-08-02,OCEANSIDE,,2,2,2,2
2026-08-02,SAN DIEGO,,20,20,20,20
2026-08-02,SHERIFF,,6,6,6,6
2026-08-03,CARLSBAD,,2,2,2,2
2026-08-03,CHULA VISTA,,7,7,7,7
2026-08-03,EL CAJON,,2,2,2,2
2026-08-03,ESCONDIDO,,7,7,7,7
2026-08-03,HARBOR POLICE,,1,1,1,1
2026-08-03,LA MESA,,2,2,2,2
2026-08-03,OCEANSIDE,,1,1,1,1
2026-08-03,SAN DIEGO,,8,8,8,8
2026-08-03,SHERIFF,,12,12,12,12
2026-08-04,CARLSBAD,,1,1,1,1
2026-08-04,EL CAJON,,1,1,1,1
2026-08-04,ESCONDIDO,,5,5,5,5
2026-08-04,HARBOR POLICE,,2,2,2,2
2026-08-04,LA MESA,,1,1,1,1
2026-08-04,NATIONAL CITY,,1,1,1,1
2026-08-04,OCEANSIDE,,3,3,3,3
2026-08-04,SAN DIEGO,,24,24,24,24
2026-08-04,SHERIFF,,14,14,14,14
2026-08-05,CARLSBAD,,1,1,1,1
2026-08-05,CHULA VISTA,,1,1,1,1
2026-08-05,EL CAJON,,2,2,2,2
2026-08-05,ESCONDIDO,,5,5,5,5
2026-08-05,HARBOR POLICE,,1,1,1,1
2026-08-05,LA MESA,,4,4,4,4
2026-08-05,NATIONAL CITY,,3,3,3,3
2026-08-05,OCEANSIDE,,3,3,3,3
2026-08-05,SAN DIEGO,,14,14,14,14
2026-08-05,SHERIFF,,7,7,7,7
2026-08-06,CARLSBAD,,2,2,2,2
2026-08-06,CHULA VISTA,,3,3,3,3
2026-08-06,EL CAJON,,5,4,5,5
2026-08-06,ESCONDIDO,,7,7,7,7
2026-08-06,LA MESA,,6,6,6,6
2026-08-06,NATIONAL CITY,,2,2,2,2
2026-08-06,OCEANSIDE,,5,5,5,5
2026-08-06,SAN DIEGO,,26,20,26,26
2026-08-06,SHERIFF,,18,18,18,18
2026-08-07,CARLSBAD,,4,4,4,4
2026-08-07,CHULA VISTA,,1,1,1,1
2026-08-07,EL CAJON,,4,4,4,4
2026-08-07,ESCONDIDO,,12,12,12,12
2026-08-07,HARBOR POLICE,,3,3,3,3
2026-08-07,LA MESA,,5,5,5,5
2026-08-07,NATIONAL CITY,,1,1,1,1
2026-08-07,OCEANSIDE,,1,1,1,1
2026-08-07,SAN DIEGO,,22,21,22,22
2026-08-07,SHERIFF,,15,15,15,15
2026-08-08,CARLSBAD,,5,5,5,5
2026-08-08,CHULA VISTA,,4,4,4,4
2026-08-08,EL CAJON,,1,1,1,1
2026-08-08,ESCONDIDO,,9,9,9,9
2026-08-08,HARBOR POLICE,,5,3,5,5
2026-08-08,LA MESA,,2,2,2,2
2026-08-08,OCEANSIDE,,4,4,4,4
2026-08-08,SAN DIEGO,,27,27,27,27
2026-08-08,SHERIFF,,9,9,9,9
2026-08-09,CARLSBAD,,4,4,4,4
2026-08-09,CHULA VISTA,,8,8,8,8
2026-08-09,EL CAJON,,1,1,1,1
2026-08-09,ESCONDIDO,,3,3,3,3
2026-08-09,HARBOR POLICE,,1,1,1,1
2026-08-09,NATIONAL CITY,,1,1,1,1
2026-08-09,OCEANSIDE,,5,5,5,5
2026-08-09,SAN DIEGO,,18,18,18,18
2026-08-09,SHERIFF,,14,14,14,14
2026-08-10,CARLSBAD,,3,2,3,3
2026-08-10,CHULA VISTA,,1,1,1,1
2026-08-10,ESCONDIDO,,3,3,3,3
2026-08-10,HARBOR POLICE,,1,1,1,1
2026-08-10,LA MESA,,2,2,2,2
2026-08-10,OCEANSIDE,,6,6,6,6
2026-08-10,SAN DIEGO,,15,14,15,15
2026-08-10,SHERIFF,,12,12,12,12
2026-08-11,CHULA VISTA,,2,2,2,2
2026-08-11,EL CAJON,,1,1,1,1
2026-08-11,ESCONDIDO,,4,4,4,4
2026-08-11,HARBOR POLICE,,1,1,1,1
2026-08-11,LA MESA,,2,2,2,2
2026-08-11,OCEANSIDE,,5,5,5,5
2026-08-11,SAN DIEGO,,22,22,22,22
2026-08-11,SHERIFF,,12,12,12,12
2026-08-12,CARLSBAD,,1,1,1,1
2026-08-12,CHULA VISTA,,2,2,2,2
2026-08-12,EL CAJON,,1,1,1,1
2026-08-12,ESCONDIDO,,9,9,9,9
2026-08-12,HARBOR POLICE,,1,1,1,1
2026-08-12,LA MESA,,1,1,1,1
2026-08-12,NATIONAL CITY,,1,1,1,1
2026-08-12,OCEANSIDE,,1,1,1,1
2026-08-12,SAN DIEGO,,15,14,15,15
2026-08-12,SHERIFF,,16,16,16,16
2026-08-13,CARLSBAD,,4,4,4,4
2026-08-13,CHULA VISTA,,1,1,1,1
2026-08-13,EL CAJON,,2,2,2,2
2026-08-13,ESCONDIDO,,5,5,5,5
2026-08-13,HARBOR POLICE,,1,1,1,1
2026-08-13,LA MESA,,2,2,2,2
2026-08-13,OCEANSIDE,,2,2,2,2
2026-08-13,SAN DIEGO,,17,17,17,17
2026-08-13,SHERIFF,,13,13,13,13
2026-08-14,CARLSBAD,,4,4,4,4
2026-08-14,CHULA VISTA,,10,9,9,9
2026-08-14,ESCONDIDO,,6,6,6,6
2026-08-14,LA MESA,,5,5,5,5
2026-08-14,OCEANSIDE,,4,4,4,4
2026-08-14,SAN DIEGO,,22,22,22,22
2026-08-14,SHERIFF,,8,8,8,8
2026-08-15,CARLSBAD,,1,1,1,1
2026-08-15,CHULA VISTA,,3,3,3,3
2026-08-15,EL CAJON,,1,1,1,1
2026-08-15,ESCONDIDO,,4,4,4,4
2026-08-15,HARBOR POLICE,,2,2,2,2
2026-08-15,LA MESA,,3,3,3,3
2026-08-15,OCEANSIDE,,4,4,4,4
2026-08-15,SAN DIEGO,,29,28,29,29
2026-08-15,SHERIFF,,14,14,14,14
2026-08-16,CARLSBAD,,5,5,5,5
2026-08-16,CHULA VISTA,,6,6,6,6
2026-08-16,EL CAJON,,6,5,5,5
2026-08-16,ESCONDIDO,,7,7,7,7
2026-08-16,HARBOR POLICE,,1,1,1,1
2026-08-16,LA MESA,,1,1,1,1
2026-08-16,NATIONAL CITY,,4,4,4,4
2026-08-16,OCEANSIDE,,8,8,8,8
2026-08-16,SAN DIEGO,,24,24,24,24
2026-08-16,SHERIFF,,12,12,12,12
2026-08-17,CARLSBAD,,2,2,2,2
2026-08-17,CHULA VISTA,,1,1,1,1
2026-08-17,EL CAJON,,2,2,2,2
2026-08-17,ESCONDIDO,,2,2,2,2
2026-08-17,LA MESA,,1,1,1,1
2026-08-17,NATIONAL CITY,,4,4,4,4
2026-08-17,OCEANSIDE,,3,3,3,3
2026-08-17,SAN DIEGO,,17,16,16,16
2026-08-17,SHERIFF,,11,11,11,11
2026-08-18,CARLSBAD,,2,2,2,2
2026-08-18,CHULA VISTA,,3,3,3,3
2026-08-18,EL CAJON,,3,3,3,3
2026-08-18,ESCONDIDO,,7,7,7,7
2026-08-18,LA MESA,,2,2,2,2
2026-08-18,NATIONAL CITY,,1,1,1,1
2026-08-18,OCEANSIDE,,1,1,1,1
2026-08-18,SAN DIEGO,,22,22,22,22
2026-08-18,SHERIFF,,10,9,10,10
2026-08-19,CARLSBAD,,2,2,2,2
2026-08-19,CHULA VISTA,,3,3,3,3
2026-08-19,EL CAJON,,3,3,3,3
2026-08-19,ESCONDIDO,,3,3,3,3
2026-08-19,LA MESA,,3,3,3,3
2026-08-19,NATIONAL CITY,,1,1,1,1
2026-08-19,OCEANSIDE,,4,4,4,4
2026-08-19,SAN DIEGO,,17,17,17,17
2026-08-19,SHERIFF,,14,14,14,14
2026-08-20,CARLSBAD,,1,1,1,1
2026-08-20,CHULA VISTA,,4,4,4,4
2026-08-20,EL CAJON,,4,4,4,4
2026-08-20,ESCONDIDO,,4,4,4,4
2026-08-20,HARBOR POLICE,,3,3,3,3
2026-08-20,LA MESA,,4,4,4,4
2026-08-20,NATIONAL CITY,,1,1,1,1
2026-08-20,OCEANSIDE,,5,5,5,5
2026-08-20,SAN DIEGO,,18,18,18,18
2026-08-20,SHERIFF,,8,8,8,8
2026-08-21,CARLSBAD,,2,2,2,2
2026-08-21,CHULA VISTA,,2,2,2,2
2026-08-21,EL CAJON,,2,2,2,2
2026-08-21,ESCONDIDO,,7,7,7,7
2026-08-21,LA MESA,,5,5,5,5
2026-08-21,OCEANSIDE,,3,3,3,3
2026-08-21,SAN DIEGO,,25,25,25,25
2026-08-21,SHERIFF,,11,11,11,11
2026-08-22,CARLSBAD,,4,4,4,4
2026-08-22,CHULA VISTA,,2,2,2,2
2026-08-22,EL CAJON,,5,4,5,5
2026-08-22,ESCONDIDO,,7,7,7,7
2026-08-22,HARBOR POLICE,,1,1,1,1
2026-08-22,LA MESA,,3,3,3,3
2026-08-22,NATIONAL CITY,,2,2,2,2
2026-08-22,OCEANSIDE,,3,3,3,3
2026-08-22,SAN DIEGO,,26,26,26,26
2026-08-22,SHERIFF,,11,11,11,11
2026-08-23,CARLSBAD,,1,1,1,1
2026-08-23,CHULA VISTA,,2,2,2,2
2026-08-23,EL CAJON,,1,1,1,1
2026-08-23,ESCONDIDO,,5,4,5,5
2026-08-23,LA MESA,,3,3,3,3
2026-08-23,NATIONAL CITY,,1,1,1,1
2026-08-23,OCEANSIDE,,3,3,3,3
2026-08-23,SAN DIEGO,,31,30,31,30
2026-08-23,SHERIFF,,12,12,12,12
2026-08-24,CARLSBAD,,2,2,2,2
2026-08-24,CHULA VISTA,,1,1,1,1
2026-08-24,EL CAJON,,7,7,7,7
2026-08-24,ESCONDIDO,,4,4,4,4
2026-08-24,LA MESA,,4,4,4,4
2026-08-24,NATIONAL CITY,,3,3,3,3
2026-08-24,OCEANSIDE,,3,3,3,3
2026-08-24,SAN DIEGO,,14,14,14,14
2026-08-24,SHERIFF,,18,18,18,18
2026-08-25,CARLSBAD,,1,1,1,1
2026-08-25,CHULA VISTA,,2,2,2,2
2026-08-25,EL CAJON,,12,7,12,12
2026-08-25,ESCONDIDO,,3,3,3,3
2026-08-25,HARBOR POLICE,,1,1,1,1
2026-08-25,NATIONAL CITY,,2,2,2,2
2026-08-25,OCEANSIDE,,1,1,1,1
2026-08-25,SAN DIEGO,,20,20,20,20
2026-08-25,SHERIFF,,11,11,11,11
2026-08-26,CARLSBAD,,1,1,1,1
2026-08-26,CHULA VISTA,,1,1,1,1
2026-08-26,EL CAJON,,2,2,2,2
2026-08-26,ESCONDIDO,,4,4,4,4
2026-08-26,HARBOR POLICE,,1,1,1,1
2026-08-26,LA MESA,,5,5,5,5
2026-08-26,NATIONAL CITY,,1,1,1,1
2026-08-26,OCEANSIDE,,5,5,5,5
2026-08-26,SAN DIEGO,,19,19,19,19
2026-08-26,SHERIFF,,11,10,11,11
2026-08-27,CARLSBAD,,2,2,2,2
2026-08-27,CHULA VISTA,,1,1,1,1
2026-08-27,EL CAJON,,1,1,1,1
2026-08-27,ESCONDIDO,,4,4,4,4
2026-08-27,HARBOR POLICE,,1,1,1,1
2026-08-27,LA MESA,,3,3,3,3
2026-08-27,NATIONAL CITY,,1,1,1,1
2026-08-27,OCEANSIDE,,8,8,8,8
2026-08-27,SAN DIEGO,,21,20,21,21
2026-08-27,SHERIFF,,19,19,19,19
2026-08-28,CARLSBAD,,4,4,4,4
2026-08-28,CHULA VISTA,,4,4,4,4
2026-08-28,EL CAJON,,3,3,3,3
2026-08-28,ESCONDIDO,,8,8,8,8
2026-08-28,HARBOR POLICE,,1,1,1,1
2026-08-28,LA MESA,,5,5,5,5
2026-08-28,NATIONAL CITY,,4,4,4,4
2026-08-28,OCEANSIDE,,3,3,3,3
2026-08-28,SAN DIEGO,,23,22,22,22
2026-08-28,SHERIFF,,12,12,12,12
2026-08-29,CHULA VISTA,,7,7,7,7
2026-08-29,EL CAJON,,2,2,2,2
2026-08-29,ESCONDIDO,,6,6,6,6
2026-08-29,HARBOR POLICE,,1,1,1,1
2026-08-29,LA MESA,,1,1,1,1
2026-08-29,OCEANSIDE,,2,2,2,2
2026-08-29,SAN DIEGO,,26,26,26,26
2026-08-29,SHERIFF,,7,7,7,7
2026-08-30,CARLSBAD,,1,1,1,1
2026-08-30,CHULA VISTA,,2,2,2,2
2026-08-30,EL CAJON,,2,2,2,2
2026-08-30,ESCONDIDO,,1,1,1,1
2026-08-30,HARBOR POLICE,,3,3,3,3
2026-08-30,LA MESA,,3,3,3,3
2026-08-30,OCEANSIDE,,3,3,3,3
2026-08-30,SAN DIEGO,,26,25,26,26
2026-08-30,SHERIFF,,10,10,10,10
2026-08-31,CARLSBAD,,6,6,6,6
2026-08-31,CHULA VISTA,,2,2,2,2
2026-08-31,EL CAJON,,2,2,2,2
2026-08-31,ESCONDIDO,,5,5,5,5
2026-08-31,HARBOR POLICE,,1,1,1,1
2026-08-31,LA MESA,,2,2,2,2
2026-08-31,NATIONAL CITY,,2,2,2,2
2026-08-31,OCEANSIDE,,1,1,1,1
2026-08-31,SAN DIEGO,,19,19,19,19
2026-08-31,SHERIFF,,18,18,18,18
2026-09-01,CARLSBAD,,1,1,1,1
2026-09-01,CHULA VISTA,,3,3,3,3
2026-09-01,EL CAJON,,5,4,5,5
2026-09-01,ESCONDIDO,,6,6,6,6
2026-09-01,HARBOR POLICE,,1,1,1,1
2026-09-01,OCEANSIDE,,5,5,5,5
2026-09-01,SAN DIEGO,,21,21,21,21
2026-09-01,SHERIFF,,13,13,13,13
2026-09-02,CARLSBAD,,3,3,3,3
2026-09-02,CHULA VISTA,,1,1,1,1
2026-09-02,EL CAJON,,4,4,4,4
2026-09-02,ESCONDIDO,,3,3,3,3
2026-09-02,HARBOR POLICE,,1,1,1,1
2026-09-02,LA MESA,,4,4,4,4
2026-09-02,NATIONAL CITY,,2,2,2,2
2026-09-02,OCEANSIDE,,1,1,1,1
2026-09-02,SAN DIEGO,,19,19,19,19
2026-09-02,SHERIFF,,17,17,17,17
2026-09-03,CHULA VISTA,,2,2,2,2
2026-09-03,EL CAJON,,3,3,3,3
2026-09-03,ESCONDIDO,,5,5,5,5
2026-09-03,HARBOR POLICE,,2,2,2,2
2026-09-03,LA MESA,,4,4,4,4
2026-09-03,NATIONAL CITY,,1,1,1,1
2026-09-03,OCEANSIDE,,5,5,5,5
2026-09-03,SAN DIEGO,,17,17,17,17
2026-09-03,SHERIFF,,14,14,14,14
2026-09-04,CHULA VISTA,,2,2,2,2
2026-09-04,EL CAJON,,1,1,1,1
2026-09-04,ESCONDIDO,,9,9,9,9
2026-09-04,HARBOR POLICE,,1,1,1,1
2026-09-04,LA MESA,,2,2,2,2
2026-09-04,NATIONAL CITY,,1,1,1,1
2026-09-04,OCEANSIDE,,1,1,1,1
2026-09-04,SAN DIEGO,,26,24,26,26
2026-09-04,SHERIFF,,18,18,18,18
2026-09-05,CARLSBAD,,3,3,3,3
2026-09-05,CHULA VISTA,,8,8,8,8
2026-09-05,EL CAJON,,1,1,1,1
2026-09-05,ESCONDIDO,,8,8,8,8
2026-09-05,HARBOR POLICE,,1,1,1,1
2026-09-05,LA MESA,,7,7,7,7
2026-09-05,NATIONAL CITY,,3,2,3,3
2026-09-05,OCEANSIDE,,2,2,2,2
2026-09-05,SAN DIEGO,,29,29,29,29
2026-09-05,SHERIFF,,14,14,14,14
2026-09-06,CARLSBAD,,3,3,3,3
2026-09-06,CHULA VISTA,,1,1,1,1
2026-09-06,EL CAJON,,2,2,2,2
2026-09-06,ESCONDIDO,,3,3,3,3
2026-09-06,LA MESA,,5,4,5,5
2026-09-06,NATIONAL CITY,,1,1,1,1
2026-09-06,OCEANSIDE,,5,5,5,5
2026-09-06,SAN DIEGO,,33,32,33,33
2026-09-06,SHERIFF,,10,9,10,10
2026-09-07,CARLSBAD,,1,1,1,1
2026-09-07,CHULA VISTA,,1,1,1,1
2026-09-07,EL CAJON,,2,2,2,2
2026-09-07,ESCONDIDO,,5,5,5,5
2026-09-07,HARBOR POLICE,,2,2,2,2
2026-09-07,NATIONAL CITY,,3,3,3,3
2026-09-07,OCEANSIDE,,5,5,5,5
2026-09-07,SAN DIEGO,,22,22,22,22
2026-09-07,SHERIFF,,12,12,12,12
2026-09-08,CARLSBAD,,2,2,2,2
2026-09-08,CHULA VISTA,,1,1,1,1
2026-09-08,EL CAJON,,1,1,1,1
2026-09-08,ESCONDIDO,,9,7,9,9
2026-09-08,HARBOR POLICE,,1,1,1,1
2026-09-08,LA MESA,,4,4,4,4
2026-09-08,NATIONAL CITY,,3,3,3,3
2026-09-08,OCEANSIDE,,7,7,7,7
2026-09-08,SAN DIEGO,,12,12,12,12
2026-09-08,SHERIFF,,19,18,19,19
2026-09-09,CARLSBAD,,1,1,1,1
2026-09-09,CHULA VISTA,,1,1,1,1
2026-09-09,EL CAJON,,1,1,1,1
2026-09-09,ESCONDIDO,,6,5,6,6
2026-09-09,HARBOR POLICE,,1,1,1,1
2026-09-09,OCEANSIDE,,3,3,3,3
2026-09-09,SAN DIEGO,,28,27,28,28
2026-09-09,SHERIFF,,14,14,14,14
2026-09-10,CARLSBAD,,2,2,2,2
2026-09-10,CHULA VISTA,,4,4,4,4
2026-09-10,EL CAJON,,3,3,3,3
2026-09-10,ESCONDIDO,,8,7,8,8
2026-09-10,HARBOR POLICE,,1,1,1,1
2026-09-10,LA MESA,,2,2,2,2
2026-09-10,OCEANSIDE,,2,2,2,2
2026-09-10,SAN DIEGO,,15,15,15,15
2026-09-10,SHERIFF,,8,8,8,8
2026-09-11,CARLSBAD,,1,1,1,1
2026-09-11,CHULA VISTA,,3,3,3,3
2026-09-11,EL CAJON,,2,2,2,2
2026-09-11,ESCONDIDO,,7,7,7,7
2026-09-11,HARBOR POLICE,,1,1,1,1
2026-09-11,NATIONAL CITY,,1,1,1,1
2026-09-11,OCEANSIDE,,2,2,2,2
2026-09-11,SAN DIEGO,,18,18,18,18
2026-09-11,SHERIFF,,9,9,9,9
2026-09-12,CARLSBAD,,4,3,4,4
2026-09-12,CHULA VISTA,,4,4,4,4
2026-09-12,EL CAJON,,2,2,2,2
2026-09-12,ESCONDIDO,,6,6,6,6
2026-09-12,HARBOR POLICE,,1,1,1,1
2026-09-12,LA MESA,,1,1,1,1
2026-09-12,NATIONAL CITY,,1,1,1,1
2026-09-12,OCEANSIDE,,6,6,6,6
2026-09-12,SAN DIEGO,,36,34,36,36
2026-09-12,SHERIFF,,5,4,5,5
2026-09-13,CARLSBAD,,3,3,3,3
2026-09-13,CHULA VISTA,,1,1,1,1
2026-09-13,EL CAJON,,1,1,1,1
2026-09-13,ESCONDIDO,,2,2,2,2
2026-09-13,HARBOR POLICE,,2,2,2,2
2026-09-13,NATIONAL CITY,,1,1,1,1
2026-09-13,OCEANSIDE,,6,6,6,6
2026-09-13,SAN DIEGO,,31,31,31,31
2026-09-13,SHERIFF,,8,8,8,8
2026-09-14,CARLSBAD,,1,1,1,1
2026-09-14,CHULA VISTA,,2,2,2,2
2026-09-14,ESCONDIDO,,3,3,3,3
2026-09-14,LA MESA,,2,2,2,2
2026-09-14,NATIONAL CITY,,2,2,2,2
2026-09-14,OCEANSIDE,,3,3,3,3
2026-09-14,SAN DIEGO,,26,25,25,25
2026-09-14,SHERIFF,,11,11,11,11
2026-09-15,CARLSBAD,,1,1,1,1
2026-09-15,EL CAJON,,5,5,5,5
2026-09-15,ESCONDIDO,,1,1,1,1
2026-09-15,HARBOR POLICE,,1,1,1,1
2026-09-15,LA MESA,,1,1,1,1
2026-09-15,NATIONAL CITY,,1,1,1,1
2026-09-15,OCEANSIDE,,3,3,3,3
2026-09-15,SAN DIEGO,,23,23,23,23
2026-09-15,SHERIFF,,4,4,4,4
2026-09-16,CHULA VISTA,,3,3,3,3
2026-09-16,EL CAJON,,4,4,4,4
2026-09-16,ESCONDIDO,,4,4,4,4
2026-09-16,LA MESA,,1,1,1,1
2026-09-16,NATIONAL CITY,,1,1,1,1
2026-09-16,OCEANSIDE,,3,3,3,3
2026-09-16,SAN DIEGO,,14,14,14,14
2026-09-16,SHERIFF,,6,6,6,6
2026-09-17,CARLSBAD,,2,2,2,2
2026-09-17,CHULA VISTA,,7,7,7,7
2026-09-17,ESCONDIDO,,5,5,5,5
2026-09-17,NATIONAL CITY,,2,2,2,2
2026-09-17,OCEANSIDE,,4,4,4,4
2026-09-17,SAN DIEGO,,20,20,20,20
2026-09-17,SHERIFF,,9,9,9,9
2026-09-18,CARLSBAD,,2,2,2,2
2026-09-18,CHULA VISTA,,1,1,1,1
2026-09-18,EL CAJON,,1,1,1,1
2026-09-18,ESCONDIDO,,9,9,9,9
2026-09-18,HARBOR POLICE,,1,1,1,1
2026-09-18,NATIONAL CITY,,2,2,2,2
2026-09-18,OCEANSIDE,,2,2,2,2
2026-09-18,SAN DIEGO,,25,25,25,25
2026-09-18,SHERIFF,,14,13,14,14
2026-09-19,CARLSBAD,,1,1,1,1
2026-09-19,CHULA VISTA,,4,4,4,4
2026-09-19,EL CAJON,,1,1,1,1
2026-09-19,ESCONDIDO,,4,4,4,4
2026-09-19,LA MESA,,2,2,2,2
2026-09-19,OCEANSIDE,,5,5,5,5
2026-09-19,SAN DIEGO,,25,25,25,25
2026-09-19,SHERIFF,,3,3,3,3
2026-09-20,CARLSBAD,,2,2,2,2
2026-09-20,CHULA VISTA,,3,3,3,3
2026-09-20,EL CAJON,,1,1,1,1
2026-09-20,ESCONDIDO,,3,3,3,3
2026-09-20,HARBOR POLICE,,2,2,2,2
2026-09-20,NATIONAL CITY,,2,1,2,2
2026-09-20,OCEANSIDE,,6,6,6,6
2026-09-20,SAN DIEGO,,26,25,26,26
2026-09-20,SHERIFF,,5,5,5,5
2026-09-21,CARLSBAD,,1,1,1,1
2026-09-21,CHULA VISTA,,1,1,1,1
2026-09-21,ESCONDIDO,,1,1,1,1
2026-09-21,HARBOR POLICE,,1,1,1,1
2026-09-21,LA MESA,,2,2,2,2
2026-09-21,OCEANSIDE,,3,3,3,3
2026-09-21,SAN DIEGO,,16,16,16,16
2026-09-21,SHERIFF,,4,4,4,4
2026-09-22,EL CAJON,,1,1,1,1
2026-09-22,ESCONDIDO,,3,3,3,3
2026-09-22,OCEANSIDE,,1,1,1,1
2026-09-22,SAN DIEGO,,11,11,11,11
2026-09-22,SHERIFF,,6,6,6,6
2026-09-23,SAN DIEGO,,1,1,1,1
