report_edition,report_year,institution_unitid,campus_id,campus,category,category_label,family,geography,count,raw_value,status,pdf_page,printed_page,source_line,source_url,source_sha256
2025,2022,166027,166027001,Cambridge Campus,murder,Murder/Nonnegligent Manslaughter,criminal_offenses,residential,0,0,reported_numeric,70,70,49,https://www.hupd.harvard.edu/sites/g/files/omnuum12486/files/2025-10/2025%20ASR%20VF%20Compressed.pdf#page=70,c52024d2154a422a975890555ad0e11fd19790bcfc5d9cf405305edfa6031c3a
2025,2022,166027,166027001,Cambridge Campus,murder,Murder/Nonnegligent Manslaughter,criminal_offenses,oncampus,0,0,reported_numeric,70,70,49,https://www.hupd.harvard.edu/sites/g/files/omnuum12486/files/2025-10/2025%20ASR%20VF%20Compressed.pdf#page=70,c52024d2154a422a975890555ad0e11fd19790bcfc5d9cf405305edfa6031c3a
2025,2022,166027,166027001,Cambridge Campus,murder,Murder/Nonnegligent Manslaughter,criminal_offenses,noncampus,0,0,reported_numeric,70,70,49,https://www.hupd.harvard.edu/sites/g/files/omnuum12486/files/2025-10/2025%20ASR%20VF%20Compressed.pdf#page=70,c52024d2154a422a975890555ad0e11fd19790bcfc5d9cf405305edfa6031c3a
2025,2022,166027,166027001,Cambridge Campus,murder,Murder/Nonnegligent Manslaughter,criminal_offenses,publicproperty,0,0,reported_numeric,70,70,49,https://www.hupd.harvard.edu/sites/g/files/omnuum12486/files/2025-10/2025%20ASR%20VF%20Compressed.pdf#page=70,c52024d2154a422a975890555ad0e11fd19790bcfc5d9cf405305edfa6031c3a
2025,2023,166027,166027001,Cambridge Campus,murder,Murder/Nonnegligent Manslaughter,criminal_offenses,residential,0,0,reported_numeric,70,70,49,https://www.hupd.harvard.edu/sites/g/files/omnuum12486/files/2025-10/2025%20ASR%20VF%20Compressed.pdf#page=70,c52024d2154a422a975890555ad0e11fd19790bcfc5d9cf405305edfa6031c3a
2025,2023,166027,166027001,Cambridge Campus,murder,Murder/Nonnegligent Manslaughter,criminal_offenses,oncampus,0,0,reported_numeric,70,70,49,https://www.hupd.harvard.edu/sites/g/files/omnuum12486/files/2025-10/2025%20ASR%20VF%20Compressed.pdf#page=70,c52024d2154a422a975890555ad0e11fd19790bcfc5d9cf405305edfa6031c3a
2025,2023,166027,166027001,Cambridge Campus,murder,Murder/Nonnegligent Manslaughter,criminal_offenses,noncampus,0,0,reported_numeric,70,70,49,https://www.hupd.harvard.edu/sites/g/files/omnuum12486/files/2025-10/2025%20ASR%20VF%20Compressed.pdf#page=70,c52024d2154a422a975890555ad0e11fd19790bcfc5d9cf405305edfa6031c3a
2025,2023,166027,166027001,Cambridge Campus,murder,Murder/Nonnegligent Manslaughter,criminal_offenses,publicproperty,0,0,reported_numeric,70,70,49,https://www.hupd.harvard.edu/sites/g/files/omnuum12486/files/2025-10/2025%20ASR%20VF%20Compressed.pdf#page=70,c52024d2154a422a975890555ad0e11fd19790bcfc5d9cf405305edfa6031c3a
2025,2024,166027,166027001,Cambridge Campus,murder,Murder/Nonnegligent Manslaughter,criminal_offenses,residential,0,0,reported_numeric,70,70,49,https://www.hupd.harvard.edu/sites/g/files/omnuum12486/files/2025-10/2025%20ASR%20VF%20Compressed.pdf#page=70,c52024d2154a422a975890555ad0e11fd19790bcfc5d9cf405305edfa6031c3a
2025,2024,166027,166027001,Cambridge Campus,murder,Murder/Nonnegligent Manslaughter,criminal_offenses,oncampus,0,0,reported_numeric,70,70,49,https://www.hupd.harvard.edu/sites/g/files/omnuum12486/files/2025-10/2025%20ASR%20VF%20Compressed.pdf#page=70,c52024d2154a422a975890555ad0e11fd19790bcfc5d9cf405305edfa6031c3a
2025,2024,166027,166027001,Cambridge Campus,murder,Murder/Nonnegligent Manslaughter,criminal_offenses,noncampus,0,0,reported_numeric,70,70,49,https://www.hupd.harvard.edu/sites/g/files/omnuum12486/files/2025-10/2025%20ASR%20VF%20Compressed.pdf#page=70,c52024d2154a422a975890555ad0e11fd19790bcfc5d9cf405305edfa6031c3a
2025,2024,166027,166027001,Cambridge Campus,murder,Murder/Nonnegligent Manslaughter,criminal_offenses,publicproperty,0,0,reported_numeric,70,70,49,https://www.hupd.harvard.edu/sites/g/files/omnuum12486/files/2025-10/2025%20ASR%20VF%20Compressed.pdf#page=70,c52024d2154a422a975890555ad0e11fd19790bcfc5d9cf405305edfa6031c3a
2025,2022,166027,166027001,Cambridge Campus,negligent_manslaughter,Negligent Manslaughter,criminal_offenses,residential,0,0,reported_numeric,70,70,50,https://www.hupd.harvard.edu/sites/g/files/omnuum12486/files/2025-10/2025%20ASR%20VF%20Compressed.pdf#page=70,c52024d2154a422a975890555ad0e11fd19790bcfc5d9cf405305edfa6031c3a
2025,2022,166027,166027001,Cambridge Campus,negligent_manslaughter,Negligent Manslaughter,criminal_offenses,oncampus,0,0,reported_numeric,70,70,50,https://www.hupd.harvard.edu/sites/g/files/omnuum12486/files/2025-10/2025%20ASR%20VF%20Compressed.pdf#page=70,c52024d2154a422a975890555ad0e11fd19790bcfc5d9cf405305edfa6031c3a
2025,2022,166027,166027001,Cambridge Campus,negligent_manslaughter,Negligent Manslaughter,criminal_offenses,noncampus,0,0,reported_numeric,70,70,50,https://www.hupd.harvard.edu/sites/g/files/omnuum12486/files/2025-10/2025%20ASR%20VF%20Compressed.pdf#page=70,c52024d2154a422a975890555ad0e11fd19790bcfc5d9cf405305edfa6031c3a
2025,2022,166027,166027001,Cambridge Campus,negligent_manslaughter,Negligent Manslaughter,criminal_offenses,publicproperty,0,0,reported_numeric,70,70,50,https://www.hupd.harvard.edu/sites/g/files/omnuum12486/files/2025-10/2025%20ASR%20VF%20Compressed.pdf#page=70,c52024d2154a422a975890555ad0e11fd19790bcfc5d9cf405305edfa6031c3a
2025,2023,166027,166027001,Cambridge Campus,negligent_manslaughter,Negligent Manslaughter,criminal_offenses,residential,0,0,reported_numeric,70,70,50,https://www.hupd.harvard.edu/sites/g/files/omnuum12486/files/2025-10/2025%20ASR%20VF%20Compressed.pdf#page=70,c52024d2154a422a975890555ad0e11fd19790bcfc5d9cf405305edfa6031c3a
2025,2023,166027,166027001,Cambridge Campus,negligent_manslaughter,Negligent Manslaughter,criminal_offenses,oncampus,0,0,reported_numeric,70,70,50,https://www.hupd.harvard.edu/sites/g/files/omnuum12486/files/2025-10/2025%20ASR%20VF%20Compressed.pdf#page=70,c52024d2154a422a975890555ad0e11fd19790bcfc5d9cf405305edfa6031c3a
2025,2023,166027,166027001,Cambridge Campus,negligent_manslaughter,Negligent Manslaughter,criminal_offenses,noncampus,0,0,reported_numeric,70,70,50,https://www.hupd.harvard.edu/sites/g/files/omnuum12486/files/2025-10/2025%20ASR%20VF%20Compressed.pdf#page=70,c52024d2154a422a975890555ad0e11fd19790bcfc5d9cf405305edfa6031c3a
2025,2023,166027,166027001,Cambridge Campus,negligent_manslaughter,Negligent Manslaughter,criminal_offenses,publicproperty,0,0,reported_numeric,70,70,50,https://www.hupd.harvard.edu/sites/g/files/omnuum12486/files/2025-10/2025%20ASR%20VF%20Compressed.pdf#page=70,c52024d2154a422a975890555ad0e11fd19790bcfc5d9cf405305edfa6031c3a
2025,2024,166027,166027001,Cambridge Campus,negligent_manslaughter,Negligent Manslaughter,criminal_offenses,residential,0,0,reported_numeric,70,70,50,https://www.hupd.harvard.edu/sites/g/files/omnuum12486/files/2025-10/2025%20ASR%20VF%20Compressed.pdf#page=70,c52024d2154a422a975890555ad0e11fd19790bcfc5d9cf405305edfa6031c3a
2025,2024,166027,166027001,Cambridge Campus,negligent_manslaughter,Negligent Manslaughter,criminal_offenses,oncampus,0,0,reported_numeric,70,70,50,https://www.hupd.harvard.edu/sites/g/files/omnuum12486/files/2025-10/2025%20ASR%20VF%20Compressed.pdf#page=70,c52024d2154a422a975890555ad0e11fd19790bcfc5d9cf405305edfa6031c3a
2025,2024,166027,166027001,Cambridge Campus,negligent_manslaughter,Negligent Manslaughter,criminal_offenses,noncampus,0,0,reported_numeric,70,70,50,https://www.hupd.harvard.edu/sites/g/files/omnuum12486/files/2025-10/2025%20ASR%20VF%20Compressed.pdf#page=70,c52024d2154a422a975890555ad0e11fd19790bcfc5d9cf405305edfa6031c3a
2025,2024,166027,166027001,Cambridge Campus,negligent_manslaughter,Negligent Manslaughter,criminal_offenses,publicproperty,0,0,reported_numeric,70,70,50,https://www.hupd.harvard.edu/sites/g/files/omnuum12486/files/2025-10/2025%20ASR%20VF%20Compressed.pdf#page=70,c52024d2154a422a975890555ad0e11fd19790bcfc5d9cf405305edfa6031c3a
2025,2022,166027,166027001,Cambridge Campus,rape,Rape,criminal_offenses,residential,13,13,reported_numeric,70,70,51,https://www.hupd.harvard.edu/sites/g/files/omnuum12486/files/2025-10/2025%20ASR%20VF%20Compressed.pdf#page=70,c52024d2154a422a975890555ad0e11fd19790bcfc5d9cf405305edfa6031c3a
2025,2022,166027,166027001,Cambridge Campus,rape,Rape,criminal_offenses,oncampus,15,15,reported_numeric,70,70,51,https://www.hupd.harvard.edu/sites/g/files/omnuum12486/files/2025-10/2025%20ASR%20VF%20Compressed.pdf#page=70,c52024d2154a422a975890555ad0e11fd19790bcfc5d9cf405305edfa6031c3a
2025,2022,166027,166027001,Cambridge Campus,rape,Rape,criminal_offenses,noncampus,0,0,reported_numeric,70,70,51,https://www.hupd.harvard.edu/sites/g/files/omnuum12486/files/2025-10/2025%20ASR%20VF%20Compressed.pdf#page=70,c52024d2154a422a975890555ad0e11fd19790bcfc5d9cf405305edfa6031c3a
2025,2022,166027,166027001,Cambridge Campus,rape,Rape,criminal_offenses,publicproperty,1,1,reported_numeric,70,70,51,https://www.hupd.harvard.edu/sites/g/files/omnuum12486/files/2025-10/2025%20ASR%20VF%20Compressed.pdf#page=70,c52024d2154a422a975890555ad0e11fd19790bcfc5d9cf405305edfa6031c3a
2025,2023,166027,166027001,Cambridge Campus,rape,Rape,criminal_offenses,residential,16,16,reported_numeric,70,70,51,https://www.hupd.harvard.edu/sites/g/files/omnuum12486/files/2025-10/2025%20ASR%20VF%20Compressed.pdf#page=70,c52024d2154a422a975890555ad0e11fd19790bcfc5d9cf405305edfa6031c3a
2025,2023,166027,166027001,Cambridge Campus,rape,Rape,criminal_offenses,oncampus,16,16,reported_numeric,70,70,51,https://www.hupd.harvard.edu/sites/g/files/omnuum12486/files/2025-10/2025%20ASR%20VF%20Compressed.pdf#page=70,c52024d2154a422a975890555ad0e11fd19790bcfc5d9cf405305edfa6031c3a
2025,2023,166027,166027001,Cambridge Campus,rape,Rape,criminal_offenses,noncampus,0,0,reported_numeric,70,70,51,https://www.hupd.harvard.edu/sites/g/files/omnuum12486/files/2025-10/2025%20ASR%20VF%20Compressed.pdf#page=70,c52024d2154a422a975890555ad0e11fd19790bcfc5d9cf405305edfa6031c3a
2025,2023,166027,166027001,Cambridge Campus,rape,Rape,criminal_offenses,publicproperty,1,1,reported_numeric,70,70,51,https://www.hupd.harvard.edu/sites/g/files/omnuum12486/files/2025-10/2025%20ASR%20VF%20Compressed.pdf#page=70,c52024d2154a422a975890555ad0e11fd19790bcfc5d9cf405305edfa6031c3a
2025,2024,166027,166027001,Cambridge Campus,rape,Rape,criminal_offenses,residential,6,6,reported_numeric,70,70,51,https://www.hupd.harvard.edu/sites/g/files/omnuum12486/files/2025-10/2025%20ASR%20VF%20Compressed.pdf#page=70,c52024d2154a422a975890555ad0e11fd19790bcfc5d9cf405305edfa6031c3a
2025,2024,166027,166027001,Cambridge Campus,rape,Rape,criminal_offenses,oncampus,7,7,reported_numeric,70,70,51,https://www.hupd.harvard.edu/sites/g/files/omnuum12486/files/2025-10/2025%20ASR%20VF%20Compressed.pdf#page=70,c52024d2154a422a975890555ad0e11fd19790bcfc5d9cf405305edfa6031c3a
2025,2024,166027,166027001,Cambridge Campus,rape,Rape,criminal_offenses,noncampus,0,0,reported_numeric,70,70,51,https://www.hupd.harvard.edu/sites/g/files/omnuum12486/files/2025-10/2025%20ASR%20VF%20Compressed.pdf#page=70,c52024d2154a422a975890555ad0e11fd19790bcfc5d9cf405305edfa6031c3a
2025,2024,166027,166027001,Cambridge Campus,rape,Rape,criminal_offenses,publicproperty,0,0,reported_numeric,70,70,51,https://www.hupd.harvard.edu/sites/g/files/omnuum12486/files/2025-10/2025%20ASR%20VF%20Compressed.pdf#page=70,c52024d2154a422a975890555ad0e11fd19790bcfc5d9cf405305edfa6031c3a
2025,2022,166027,166027001,Cambridge Campus,fondling,Fondling,criminal_offenses,residential,13,13,reported_numeric,70,70,52,https://www.hupd.harvard.edu/sites/g/files/omnuum12486/files/2025-10/2025%20ASR%20VF%20Compressed.pdf#page=70,c52024d2154a422a975890555ad0e11fd19790bcfc5d9cf405305edfa6031c3a
2025,2022,166027,166027001,Cambridge Campus,fondling,Fondling,criminal_offenses,oncampus,20,20,reported_numeric,70,70,52,https://www.hupd.harvard.edu/sites/g/files/omnuum12486/files/2025-10/2025%20ASR%20VF%20Compressed.pdf#page=70,c52024d2154a422a975890555ad0e11fd19790bcfc5d9cf405305edfa6031c3a
2025,2022,166027,166027001,Cambridge Campus,fondling,Fondling,criminal_offenses,noncampus,0,0,reported_numeric,70,70,52,https://www.hupd.harvard.edu/sites/g/files/omnuum12486/files/2025-10/2025%20ASR%20VF%20Compressed.pdf#page=70,c52024d2154a422a975890555ad0e11fd19790bcfc5d9cf405305edfa6031c3a
2025,2022,166027,166027001,Cambridge Campus,fondling,Fondling,criminal_offenses,publicproperty,3,3,reported_numeric,70,70,52,https://www.hupd.harvard.edu/sites/g/files/omnuum12486/files/2025-10/2025%20ASR%20VF%20Compressed.pdf#page=70,c52024d2154a422a975890555ad0e11fd19790bcfc5d9cf405305edfa6031c3a
2025,2023,166027,166027001,Cambridge Campus,fondling,Fondling,criminal_offenses,residential,2,2,reported_numeric,70,70,52,https://www.hupd.harvard.edu/sites/g/files/omnuum12486/files/2025-10/2025%20ASR%20VF%20Compressed.pdf#page=70,c52024d2154a422a975890555ad0e11fd19790bcfc5d9cf405305edfa6031c3a
2025,2023,166027,166027001,Cambridge Campus,fondling,Fondling,criminal_offenses,oncampus,6,6,reported_numeric,70,70,52,https://www.hupd.harvard.edu/sites/g/files/omnuum12486/files/2025-10/2025%20ASR%20VF%20Compressed.pdf#page=70,c52024d2154a422a975890555ad0e11fd19790bcfc5d9cf405305edfa6031c3a
2025,2023,166027,166027001,Cambridge Campus,fondling,Fondling,criminal_offenses,noncampus,0,0,reported_numeric,70,70,52,https://www.hupd.harvard.edu/sites/g/files/omnuum12486/files/2025-10/2025%20ASR%20VF%20Compressed.pdf#page=70,c52024d2154a422a975890555ad0e11fd19790bcfc5d9cf405305edfa6031c3a
2025,2023,166027,166027001,Cambridge Campus,fondling,Fondling,criminal_offenses,publicproperty,1,1,reported_numeric,70,70,52,https://www.hupd.harvard.edu/sites/g/files/omnuum12486/files/2025-10/2025%20ASR%20VF%20Compressed.pdf#page=70,c52024d2154a422a975890555ad0e11fd19790bcfc5d9cf405305edfa6031c3a
2025,2024,166027,166027001,Cambridge Campus,fondling,Fondling,criminal_offenses,residential,0,0,reported_numeric,70,70,52,https://www.hupd.harvard.edu/sites/g/files/omnuum12486/files/2025-10/2025%20ASR%20VF%20Compressed.pdf#page=70,c52024d2154a422a975890555ad0e11fd19790bcfc5d9cf405305edfa6031c3a
2025,2024,166027,166027001,Cambridge Campus,fondling,Fondling,criminal_offenses,oncampus,3,3,reported_numeric,70,70,52,https://www.hupd.harvard.edu/sites/g/files/omnuum12486/files/2025-10/2025%20ASR%20VF%20Compressed.pdf#page=70,c52024d2154a422a975890555ad0e11fd19790bcfc5d9cf405305edfa6031c3a
2025,2024,166027,166027001,Cambridge Campus,fondling,Fondling,criminal_offenses,noncampus,0,0,reported_numeric,70,70,52,https://www.hupd.harvard.edu/sites/g/files/omnuum12486/files/2025-10/2025%20ASR%20VF%20Compressed.pdf#page=70,c52024d2154a422a975890555ad0e11fd19790bcfc5d9cf405305edfa6031c3a
2025,2024,166027,166027001,Cambridge Campus,fondling,Fondling,criminal_offenses,publicproperty,4,4,reported_numeric,70,70,52,https://www.hupd.harvard.edu/sites/g/files/omnuum12486/files/2025-10/2025%20ASR%20VF%20Compressed.pdf#page=70,c52024d2154a422a975890555ad0e11fd19790bcfc5d9cf405305edfa6031c3a
2025,2022,166027,166027001,Cambridge Campus,incest,Incest,criminal_offenses,residential,0,0,reported_numeric,70,70,53,https://www.hupd.harvard.edu/sites/g/files/omnuum12486/files/2025-10/2025%20ASR%20VF%20Compressed.pdf#page=70,c52024d2154a422a975890555ad0e11fd19790bcfc5d9cf405305edfa6031c3a
2025,2022,166027,166027001,Cambridge Campus,incest,Incest,criminal_offenses,oncampus,0,0,reported_numeric,70,70,53,https://www.hupd.harvard.edu/sites/g/files/omnuum12486/files/2025-10/2025%20ASR%20VF%20Compressed.pdf#page=70,c52024d2154a422a975890555ad0e11fd19790bcfc5d9cf405305edfa6031c3a
2025,2022,166027,166027001,Cambridge Campus,incest,Incest,criminal_offenses,noncampus,0,0,reported_numeric,70,70,53,https://www.hupd.harvard.edu/sites/g/files/omnuum12486/files/2025-10/2025%20ASR%20VF%20Compressed.pdf#page=70,c52024d2154a422a975890555ad0e11fd19790bcfc5d9cf405305edfa6031c3a
2025,2022,166027,166027001,Cambridge Campus,incest,Incest,criminal_offenses,publicproperty,0,0,reported_numeric,70,70,53,https://www.hupd.harvard.edu/sites/g/files/omnuum12486/files/2025-10/2025%20ASR%20VF%20Compressed.pdf#page=70,c52024d2154a422a975890555ad0e11fd19790bcfc5d9cf405305edfa6031c3a
2025,2023,166027,166027001,Cambridge Campus,incest,Incest,criminal_offenses,residential,0,0,reported_numeric,70,70,53,https://www.hupd.harvard.edu/sites/g/files/omnuum12486/files/2025-10/2025%20ASR%20VF%20Compressed.pdf#page=70,c52024d2154a422a975890555ad0e11fd19790bcfc5d9cf405305edfa6031c3a
2025,2023,166027,166027001,Cambridge Campus,incest,Incest,criminal_offenses,oncampus,0,0,reported_numeric,70,70,53,https://www.hupd.harvard.edu/sites/g/files/omnuum12486/files/2025-10/2025%20ASR%20VF%20Compressed.pdf#page=70,c52024d2154a422a975890555ad0e11fd19790bcfc5d9cf405305edfa6031c3a
2025,2023,166027,166027001,Cambridge Campus,incest,Incest,criminal_offenses,noncampus,0,0,reported_numeric,70,70,53,https://www.hupd.harvard.edu/sites/g/files/omnuum12486/files/2025-10/2025%20ASR%20VF%20Compressed.pdf#page=70,c52024d2154a422a975890555ad0e11fd19790bcfc5d9cf405305edfa6031c3a
2025,2023,166027,166027001,Cambridge Campus,incest,Incest,criminal_offenses,publicproperty,0,0,reported_numeric,70,70,53,https://www.hupd.harvard.edu/sites/g/files/omnuum12486/files/2025-10/2025%20ASR%20VF%20Compressed.pdf#page=70,c52024d2154a422a975890555ad0e11fd19790bcfc5d9cf405305edfa6031c3a
2025,2024,166027,166027001,Cambridge Campus,incest,Incest,criminal_offenses,residential,0,0,reported_numeric,70,70,53,https://www.hupd.harvard.edu/sites/g/files/omnuum12486/files/2025-10/2025%20ASR%20VF%20Compressed.pdf#page=70,c52024d2154a422a975890555ad0e11fd19790bcfc5d9cf405305edfa6031c3a
2025,2024,166027,166027001,Cambridge Campus,incest,Incest,criminal_offenses,oncampus,0,0,reported_numeric,70,70,53,https://www.hupd.harvard.edu/sites/g/files/omnuum12486/files/2025-10/2025%20ASR%20VF%20Compressed.pdf#page=70,c52024d2154a422a975890555ad0e11fd19790bcfc5d9cf405305edfa6031c3a
2025,2024,166027,166027001,Cambridge Campus,incest,Incest,criminal_offenses,noncampus,0,0,reported_numeric,70,70,53,https://www.hupd.harvard.edu/sites/g/files/omnuum12486/files/2025-10/2025%20ASR%20VF%20Compressed.pdf#page=70,c52024d2154a422a975890555ad0e11fd19790bcfc5d9cf405305edfa6031c3a
2025,2024,166027,166027001,Cambridge Campus,incest,Incest,criminal_offenses,publicproperty,0,0,reported_numeric,70,70,53,https://www.hupd.harvard.edu/sites/g/files/omnuum12486/files/2025-10/2025%20ASR%20VF%20Compressed.pdf#page=70,c52024d2154a422a975890555ad0e11fd19790bcfc5d9cf405305edfa6031c3a
2025,2022,166027,166027001,Cambridge Campus,statutory_rape,Statutory Rape,criminal_offenses,residential,0,0,reported_numeric,70,70,54,https://www.hupd.harvard.edu/sites/g/files/omnuum12486/files/2025-10/2025%20ASR%20VF%20Compressed.pdf#page=70,c52024d2154a422a975890555ad0e11fd19790bcfc5d9cf405305edfa6031c3a
2025,2022,166027,166027001,Cambridge Campus,statutory_rape,Statutory Rape,criminal_offenses,oncampus,0,0,reported_numeric,70,70,54,https://www.hupd.harvard.edu/sites/g/files/omnuum12486/files/2025-10/2025%20ASR%20VF%20Compressed.pdf#page=70,c52024d2154a422a975890555ad0e11fd19790bcfc5d9cf405305edfa6031c3a
2025,2022,166027,166027001,Cambridge Campus,statutory_rape,Statutory Rape,criminal_offenses,noncampus,0,0,reported_numeric,70,70,54,https://www.hupd.harvard.edu/sites/g/files/omnuum12486/files/2025-10/2025%20ASR%20VF%20Compressed.pdf#page=70,c52024d2154a422a975890555ad0e11fd19790bcfc5d9cf405305edfa6031c3a
2025,2022,166027,166027001,Cambridge Campus,statutory_rape,Statutory Rape,criminal_offenses,publicproperty,0,0,reported_numeric,70,70,54,https://www.hupd.harvard.edu/sites/g/files/omnuum12486/files/2025-10/2025%20ASR%20VF%20Compressed.pdf#page=70,c52024d2154a422a975890555ad0e11fd19790bcfc5d9cf405305edfa6031c3a
2025,2023,166027,166027001,Cambridge Campus,statutory_rape,Statutory Rape,criminal_offenses,residential,0,0,reported_numeric,70,70,54,https://www.hupd.harvard.edu/sites/g/files/omnuum12486/files/2025-10/2025%20ASR%20VF%20Compressed.pdf#page=70,c52024d2154a422a975890555ad0e11fd19790bcfc5d9cf405305edfa6031c3a
2025,2023,166027,166027001,Cambridge Campus,statutory_rape,Statutory Rape,criminal_offenses,oncampus,0,0,reported_numeric,70,70,54,https://www.hupd.harvard.edu/sites/g/files/omnuum12486/files/2025-10/2025%20ASR%20VF%20Compressed.pdf#page=70,c52024d2154a422a975890555ad0e11fd19790bcfc5d9cf405305edfa6031c3a
2025,2023,166027,166027001,Cambridge Campus,statutory_rape,Statutory Rape,criminal_offenses,noncampus,0,0,reported_numeric,70,70,54,https://www.hupd.harvard.edu/sites/g/files/omnuum12486/files/2025-10/2025%20ASR%20VF%20Compressed.pdf#page=70,c52024d2154a422a975890555ad0e11fd19790bcfc5d9cf405305edfa6031c3a
2025,2023,166027,166027001,Cambridge Campus,statutory_rape,Statutory Rape,criminal_offenses,publicproperty,0,0,reported_numeric,70,70,54,https://www.hupd.harvard.edu/sites/g/files/omnuum12486/files/2025-10/2025%20ASR%20VF%20Compressed.pdf#page=70,c52024d2154a422a975890555ad0e11fd19790bcfc5d9cf405305edfa6031c3a
2025,2024,166027,166027001,Cambridge Campus,statutory_rape,Statutory Rape,criminal_offenses,residential,0,0,reported_numeric,70,70,54,https://www.hupd.harvard.edu/sites/g/files/omnuum12486/files/2025-10/2025%20ASR%20VF%20Compressed.pdf#page=70,c52024d2154a422a975890555ad0e11fd19790bcfc5d9cf405305edfa6031c3a
2025,2024,166027,166027001,Cambridge Campus,statutory_rape,Statutory Rape,criminal_offenses,oncampus,0,0,reported_numeric,70,70,54,https://www.hupd.harvard.edu/sites/g/files/omnuum12486/files/2025-10/2025%20ASR%20VF%20Compressed.pdf#page=70,c52024d2154a422a975890555ad0e11fd19790bcfc5d9cf405305edfa6031c3a
2025,2024,166027,166027001,Cambridge Campus,statutory_rape,Statutory Rape,criminal_offenses,noncampus,0,0,reported_numeric,70,70,54,https://www.hupd.harvard.edu/sites/g/files/omnuum12486/files/2025-10/2025%20ASR%20VF%20Compressed.pdf#page=70,c52024d2154a422a975890555ad0e11fd19790bcfc5d9cf405305edfa6031c3a
2025,2024,166027,166027001,Cambridge Campus,statutory_rape,Statutory Rape,criminal_offenses,publicproperty,0,0,reported_numeric,70,70,54,https://www.hupd.harvard.edu/sites/g/files/omnuum12486/files/2025-10/2025%20ASR%20VF%20Compressed.pdf#page=70,c52024d2154a422a975890555ad0e11fd19790bcfc5d9cf405305edfa6031c3a
2025,2022,166027,166027001,Cambridge Campus,robbery,Robbery,criminal_offenses,residential,0,0,reported_numeric,70,70,55,https://www.hupd.harvard.edu/sites/g/files/omnuum12486/files/2025-10/2025%20ASR%20VF%20Compressed.pdf#page=70,c52024d2154a422a975890555ad0e11fd19790bcfc5d9cf405305edfa6031c3a
2025,2022,166027,166027001,Cambridge Campus,robbery,Robbery,criminal_offenses,oncampus,0,0,reported_numeric,70,70,55,https://www.hupd.harvard.edu/sites/g/files/omnuum12486/files/2025-10/2025%20ASR%20VF%20Compressed.pdf#page=70,c52024d2154a422a975890555ad0e11fd19790bcfc5d9cf405305edfa6031c3a
2025,2022,166027,166027001,Cambridge Campus,robbery,Robbery,criminal_offenses,noncampus,0,0,reported_numeric,70,70,55,https://www.hupd.harvard.edu/sites/g/files/omnuum12486/files/2025-10/2025%20ASR%20VF%20Compressed.pdf#page=70,c52024d2154a422a975890555ad0e11fd19790bcfc5d9cf405305edfa6031c3a
2025,2022,166027,166027001,Cambridge Campus,robbery,Robbery,criminal_offenses,publicproperty,5,5,reported_numeric,70,70,55,https://www.hupd.harvard.edu/sites/g/files/omnuum12486/files/2025-10/2025%20ASR%20VF%20Compressed.pdf#page=70,c52024d2154a422a975890555ad0e11fd19790bcfc5d9cf405305edfa6031c3a
2025,2023,166027,166027001,Cambridge Campus,robbery,Robbery,criminal_offenses,residential,1,1,reported_numeric,70,70,55,https://www.hupd.harvard.edu/sites/g/files/omnuum12486/files/2025-10/2025%20ASR%20VF%20Compressed.pdf#page=70,c52024d2154a422a975890555ad0e11fd19790bcfc5d9cf405305edfa6031c3a
2025,2023,166027,166027001,Cambridge Campus,robbery,Robbery,criminal_offenses,oncampus,2,2,reported_numeric,70,70,55,https://www.hupd.harvard.edu/sites/g/files/omnuum12486/files/2025-10/2025%20ASR%20VF%20Compressed.pdf#page=70,c52024d2154a422a975890555ad0e11fd19790bcfc5d9cf405305edfa6031c3a
2025,2023,166027,166027001,Cambridge Campus,robbery,Robbery,criminal_offenses,noncampus,0,0,reported_numeric,70,70,55,https://www.hupd.harvard.edu/sites/g/files/omnuum12486/files/2025-10/2025%20ASR%20VF%20Compressed.pdf#page=70,c52024d2154a422a975890555ad0e11fd19790bcfc5d9cf405305edfa6031c3a
2025,2023,166027,166027001,Cambridge Campus,robbery,Robbery,criminal_offenses,publicproperty,26,26,reported_numeric,70,70,55,https://www.hupd.harvard.edu/sites/g/files/omnuum12486/files/2025-10/2025%20ASR%20VF%20Compressed.pdf#page=70,c52024d2154a422a975890555ad0e11fd19790bcfc5d9cf405305edfa6031c3a
2025,2024,166027,166027001,Cambridge Campus,robbery,Robbery,criminal_offenses,residential,1,1,reported_numeric,70,70,55,https://www.hupd.harvard.edu/sites/g/files/omnuum12486/files/2025-10/2025%20ASR%20VF%20Compressed.pdf#page=70,c52024d2154a422a975890555ad0e11fd19790bcfc5d9cf405305edfa6031c3a
2025,2024,166027,166027001,Cambridge Campus,robbery,Robbery,criminal_offenses,oncampus,1,1,reported_numeric,70,70,55,https://www.hupd.harvard.edu/sites/g/files/omnuum12486/files/2025-10/2025%20ASR%20VF%20Compressed.pdf#page=70,c52024d2154a422a975890555ad0e11fd19790bcfc5d9cf405305edfa6031c3a
2025,2024,166027,166027001,Cambridge Campus,robbery,Robbery,criminal_offenses,noncampus,0,0,reported_numeric,70,70,55,https://www.hupd.harvard.edu/sites/g/files/omnuum12486/files/2025-10/2025%20ASR%20VF%20Compressed.pdf#page=70,c52024d2154a422a975890555ad0e11fd19790bcfc5d9cf405305edfa6031c3a
2025,2024,166027,166027001,Cambridge Campus,robbery,Robbery,criminal_offenses,publicproperty,5,5,reported_numeric,70,70,55,https://www.hupd.harvard.edu/sites/g/files/omnuum12486/files/2025-10/2025%20ASR%20VF%20Compressed.pdf#page=70,c52024d2154a422a975890555ad0e11fd19790bcfc5d9cf405305edfa6031c3a
2025,2022,166027,166027001,Cambridge Campus,aggravated_assault,Aggravated Assault,criminal_offenses,residential,0,0,reported_numeric,70,70,56,https://www.hupd.harvard.edu/sites/g/files/omnuum12486/files/2025-10/2025%20ASR%20VF%20Compressed.pdf#page=70,c52024d2154a422a975890555ad0e11fd19790bcfc5d9cf405305edfa6031c3a
2025,2022,166027,166027001,Cambridge Campus,aggravated_assault,Aggravated Assault,criminal_offenses,oncampus,3,3,reported_numeric,70,70,56,https://www.hupd.harvard.edu/sites/g/files/omnuum12486/files/2025-10/2025%20ASR%20VF%20Compressed.pdf#page=70,c52024d2154a422a975890555ad0e11fd19790bcfc5d9cf405305edfa6031c3a
2025,2022,166027,166027001,Cambridge Campus,aggravated_assault,Aggravated Assault,criminal_offenses,noncampus,0,0,reported_numeric,70,70,56,https://www.hupd.harvard.edu/sites/g/files/omnuum12486/files/2025-10/2025%20ASR%20VF%20Compressed.pdf#page=70,c52024d2154a422a975890555ad0e11fd19790bcfc5d9cf405305edfa6031c3a
2025,2022,166027,166027001,Cambridge Campus,aggravated_assault,Aggravated Assault,criminal_offenses,publicproperty,15,15,reported_numeric,70,70,56,https://www.hupd.harvard.edu/sites/g/files/omnuum12486/files/2025-10/2025%20ASR%20VF%20Compressed.pdf#page=70,c52024d2154a422a975890555ad0e11fd19790bcfc5d9cf405305edfa6031c3a
2025,2023,166027,166027001,Cambridge Campus,aggravated_assault,Aggravated Assault,criminal_offenses,residential,6,6,reported_numeric,70,70,56,https://www.hupd.harvard.edu/sites/g/files/omnuum12486/files/2025-10/2025%20ASR%20VF%20Compressed.pdf#page=70,c52024d2154a422a975890555ad0e11fd19790bcfc5d9cf405305edfa6031c3a
2025,2023,166027,166027001,Cambridge Campus,aggravated_assault,Aggravated Assault,criminal_offenses,oncampus,11,11,reported_numeric,70,70,56,https://www.hupd.harvard.edu/sites/g/files/omnuum12486/files/2025-10/2025%20ASR%20VF%20Compressed.pdf#page=70,c52024d2154a422a975890555ad0e11fd19790bcfc5d9cf405305edfa6031c3a
2025,2023,166027,166027001,Cambridge Campus,aggravated_assault,Aggravated Assault,criminal_offenses,noncampus,0,0,reported_numeric,70,70,56,https://www.hupd.harvard.edu/sites/g/files/omnuum12486/files/2025-10/2025%20ASR%20VF%20Compressed.pdf#page=70,c52024d2154a422a975890555ad0e11fd19790bcfc5d9cf405305edfa6031c3a
2025,2023,166027,166027001,Cambridge Campus,aggravated_assault,Aggravated Assault,criminal_offenses,publicproperty,47,47,reported_numeric,70,70,56,https://www.hupd.harvard.edu/sites/g/files/omnuum12486/files/2025-10/2025%20ASR%20VF%20Compressed.pdf#page=70,c52024d2154a422a975890555ad0e11fd19790bcfc5d9cf405305edfa6031c3a
2025,2024,166027,166027001,Cambridge Campus,aggravated_assault,Aggravated Assault,criminal_offenses,residential,0,0,reported_numeric,70,70,56,https://www.hupd.harvard.edu/sites/g/files/omnuum12486/files/2025-10/2025%20ASR%20VF%20Compressed.pdf#page=70,c52024d2154a422a975890555ad0e11fd19790bcfc5d9cf405305edfa6031c3a
2025,2024,166027,166027001,Cambridge Campus,aggravated_assault,Aggravated Assault,criminal_offenses,oncampus,9,9,reported_numeric,70,70,56,https://www.hupd.harvard.edu/sites/g/files/omnuum12486/files/2025-10/2025%20ASR%20VF%20Compressed.pdf#page=70,c52024d2154a422a975890555ad0e11fd19790bcfc5d9cf405305edfa6031c3a
2025,2024,166027,166027001,Cambridge Campus,aggravated_assault,Aggravated Assault,criminal_offenses,noncampus,0,0,reported_numeric,70,70,56,https://www.hupd.harvard.edu/sites/g/files/omnuum12486/files/2025-10/2025%20ASR%20VF%20Compressed.pdf#page=70,c52024d2154a422a975890555ad0e11fd19790bcfc5d9cf405305edfa6031c3a
2025,2024,166027,166027001,Cambridge Campus,aggravated_assault,Aggravated Assault,criminal_offenses,publicproperty,24,24,reported_numeric,70,70,56,https://www.hupd.harvard.edu/sites/g/files/omnuum12486/files/2025-10/2025%20ASR%20VF%20Compressed.pdf#page=70,c52024d2154a422a975890555ad0e11fd19790bcfc5d9cf405305edfa6031c3a
2025,2022,166027,166027001,Cambridge Campus,burglary,Burglary,criminal_offenses,residential,25,25,reported_numeric,70,70,57,https://www.hupd.harvard.edu/sites/g/files/omnuum12486/files/2025-10/2025%20ASR%20VF%20Compressed.pdf#page=70,c52024d2154a422a975890555ad0e11fd19790bcfc5d9cf405305edfa6031c3a
2025,2022,166027,166027001,Cambridge Campus,burglary,Burglary,criminal_offenses,oncampus,34,34,reported_numeric,70,70,57,https://www.hupd.harvard.edu/sites/g/files/omnuum12486/files/2025-10/2025%20ASR%20VF%20Compressed.pdf#page=70,c52024d2154a422a975890555ad0e11fd19790bcfc5d9cf405305edfa6031c3a
2025,2022,166027,166027001,Cambridge Campus,burglary,Burglary,criminal_offenses,noncampus,0,0,reported_numeric,70,70,57,https://www.hupd.harvard.edu/sites/g/files/omnuum12486/files/2025-10/2025%20ASR%20VF%20Compressed.pdf#page=70,c52024d2154a422a975890555ad0e11fd19790bcfc5d9cf405305edfa6031c3a
2025,2022,166027,166027001,Cambridge Campus,burglary,Burglary,criminal_offenses,publicproperty,0,0,reported_numeric,70,70,57,https://www.hupd.harvard.edu/sites/g/files/omnuum12486/files/2025-10/2025%20ASR%20VF%20Compressed.pdf#page=70,c52024d2154a422a975890555ad0e11fd19790bcfc5d9cf405305edfa6031c3a
2025,2023,166027,166027001,Cambridge Campus,burglary,Burglary,criminal_offenses,residential,15,15,reported_numeric,70,70,57,https://www.hupd.harvard.edu/sites/g/files/omnuum12486/files/2025-10/2025%20ASR%20VF%20Compressed.pdf#page=70,c52024d2154a422a975890555ad0e11fd19790bcfc5d9cf405305edfa6031c3a
2025,2023,166027,166027001,Cambridge Campus,burglary,Burglary,criminal_offenses,oncampus,25,25,reported_numeric,70,70,57,https://www.hupd.harvard.edu/sites/g/files/omnuum12486/files/2025-10/2025%20ASR%20VF%20Compressed.pdf#page=70,c52024d2154a422a975890555ad0e11fd19790bcfc5d9cf405305edfa6031c3a
2025,2023,166027,166027001,Cambridge Campus,burglary,Burglary,criminal_offenses,noncampus,3,3,reported_numeric,70,70,57,https://www.hupd.harvard.edu/sites/g/files/omnuum12486/files/2025-10/2025%20ASR%20VF%20Compressed.pdf#page=70,c52024d2154a422a975890555ad0e11fd19790bcfc5d9cf405305edfa6031c3a
2025,2023,166027,166027001,Cambridge Campus,burglary,Burglary,criminal_offenses,publicproperty,0,0,reported_numeric,70,70,57,https://www.hupd.harvard.edu/sites/g/files/omnuum12486/files/2025-10/2025%20ASR%20VF%20Compressed.pdf#page=70,c52024d2154a422a975890555ad0e11fd19790bcfc5d9cf405305edfa6031c3a
2025,2024,166027,166027001,Cambridge Campus,burglary,Burglary,criminal_offenses,residential,13,13,reported_numeric,70,70,57,https://www.hupd.harvard.edu/sites/g/files/omnuum12486/files/2025-10/2025%20ASR%20VF%20Compressed.pdf#page=70,c52024d2154a422a975890555ad0e11fd19790bcfc5d9cf405305edfa6031c3a
2025,2024,166027,166027001,Cambridge Campus,burglary,Burglary,criminal_offenses,oncampus,29,29,reported_numeric,70,70,57,https://www.hupd.harvard.edu/sites/g/files/omnuum12486/files/2025-10/2025%20ASR%20VF%20Compressed.pdf#page=70,c52024d2154a422a975890555ad0e11fd19790bcfc5d9cf405305edfa6031c3a
2025,2024,166027,166027001,Cambridge Campus,burglary,Burglary,criminal_offenses,noncampus,2,2,reported_numeric,70,70,57,https://www.hupd.harvard.edu/sites/g/files/omnuum12486/files/2025-10/2025%20ASR%20VF%20Compressed.pdf#page=70,c52024d2154a422a975890555ad0e11fd19790bcfc5d9cf405305edfa6031c3a
2025,2024,166027,166027001,Cambridge Campus,burglary,Burglary,criminal_offenses,publicproperty,0,0,reported_numeric,70,70,57,https://www.hupd.harvard.edu/sites/g/files/omnuum12486/files/2025-10/2025%20ASR%20VF%20Compressed.pdf#page=70,c52024d2154a422a975890555ad0e11fd19790bcfc5d9cf405305edfa6031c3a
2025,2022,166027,166027001,Cambridge Campus,motor_vehicle_theft,Motor Vehicle Theft,criminal_offenses,residential,6,6,reported_numeric,70,70,58,https://www.hupd.harvard.edu/sites/g/files/omnuum12486/files/2025-10/2025%20ASR%20VF%20Compressed.pdf#page=70,c52024d2154a422a975890555ad0e11fd19790bcfc5d9cf405305edfa6031c3a
2025,2022,166027,166027001,Cambridge Campus,motor_vehicle_theft,Motor Vehicle Theft,criminal_offenses,oncampus,64,64,reported_numeric,70,70,58,https://www.hupd.harvard.edu/sites/g/files/omnuum12486/files/2025-10/2025%20ASR%20VF%20Compressed.pdf#page=70,c52024d2154a422a975890555ad0e11fd19790bcfc5d9cf405305edfa6031c3a
2025,2022,166027,166027001,Cambridge Campus,motor_vehicle_theft,Motor Vehicle Theft,criminal_offenses,noncampus,0,0,reported_numeric,70,70,58,https://www.hupd.harvard.edu/sites/g/files/omnuum12486/files/2025-10/2025%20ASR%20VF%20Compressed.pdf#page=70,c52024d2154a422a975890555ad0e11fd19790bcfc5d9cf405305edfa6031c3a
2025,2022,166027,166027001,Cambridge Campus,motor_vehicle_theft,Motor Vehicle Theft,criminal_offenses,publicproperty,11,11,reported_numeric,70,70,58,https://www.hupd.harvard.edu/sites/g/files/omnuum12486/files/2025-10/2025%20ASR%20VF%20Compressed.pdf#page=70,c52024d2154a422a975890555ad0e11fd19790bcfc5d9cf405305edfa6031c3a
2025,2023,166027,166027001,Cambridge Campus,motor_vehicle_theft,Motor Vehicle Theft,criminal_offenses,residential,39,39,reported_numeric,70,70,58,https://www.hupd.harvard.edu/sites/g/files/omnuum12486/files/2025-10/2025%20ASR%20VF%20Compressed.pdf#page=70,c52024d2154a422a975890555ad0e11fd19790bcfc5d9cf405305edfa6031c3a
2025,2023,166027,166027001,Cambridge Campus,motor_vehicle_theft,Motor Vehicle Theft,criminal_offenses,oncampus,132,132,reported_numeric,70,70,58,https://www.hupd.harvard.edu/sites/g/files/omnuum12486/files/2025-10/2025%20ASR%20VF%20Compressed.pdf#page=70,c52024d2154a422a975890555ad0e11fd19790bcfc5d9cf405305edfa6031c3a
2025,2023,166027,166027001,Cambridge Campus,motor_vehicle_theft,Motor Vehicle Theft,criminal_offenses,noncampus,0,0,reported_numeric,70,70,58,https://www.hupd.harvard.edu/sites/g/files/omnuum12486/files/2025-10/2025%20ASR%20VF%20Compressed.pdf#page=70,c52024d2154a422a975890555ad0e11fd19790bcfc5d9cf405305edfa6031c3a
2025,2023,166027,166027001,Cambridge Campus,motor_vehicle_theft,Motor Vehicle Theft,criminal_offenses,publicproperty,7,7,reported_numeric,70,70,58,https://www.hupd.harvard.edu/sites/g/files/omnuum12486/files/2025-10/2025%20ASR%20VF%20Compressed.pdf#page=70,c52024d2154a422a975890555ad0e11fd19790bcfc5d9cf405305edfa6031c3a
2025,2024,166027,166027001,Cambridge Campus,motor_vehicle_theft,Motor Vehicle Theft,criminal_offenses,residential,68,68,reported_numeric,70,70,58,https://www.hupd.harvard.edu/sites/g/files/omnuum12486/files/2025-10/2025%20ASR%20VF%20Compressed.pdf#page=70,c52024d2154a422a975890555ad0e11fd19790bcfc5d9cf405305edfa6031c3a
2025,2024,166027,166027001,Cambridge Campus,motor_vehicle_theft,Motor Vehicle Theft,criminal_offenses,oncampus,156,156,reported_numeric,70,70,58,https://www.hupd.harvard.edu/sites/g/files/omnuum12486/files/2025-10/2025%20ASR%20VF%20Compressed.pdf#page=70,c52024d2154a422a975890555ad0e11fd19790bcfc5d9cf405305edfa6031c3a
2025,2024,166027,166027001,Cambridge Campus,motor_vehicle_theft,Motor Vehicle Theft,criminal_offenses,noncampus,2,2,reported_numeric,70,70,58,https://www.hupd.harvard.edu/sites/g/files/omnuum12486/files/2025-10/2025%20ASR%20VF%20Compressed.pdf#page=70,c52024d2154a422a975890555ad0e11fd19790bcfc5d9cf405305edfa6031c3a
2025,2024,166027,166027001,Cambridge Campus,motor_vehicle_theft,Motor Vehicle Theft,criminal_offenses,publicproperty,7,7,reported_numeric,70,70,58,https://www.hupd.harvard.edu/sites/g/files/omnuum12486/files/2025-10/2025%20ASR%20VF%20Compressed.pdf#page=70,c52024d2154a422a975890555ad0e11fd19790bcfc5d9cf405305edfa6031c3a
2025,2022,166027,166027001,Cambridge Campus,arson,Arson,criminal_offenses,residential,0,0,reported_numeric,70,70,59,https://www.hupd.harvard.edu/sites/g/files/omnuum12486/files/2025-10/2025%20ASR%20VF%20Compressed.pdf#page=70,c52024d2154a422a975890555ad0e11fd19790bcfc5d9cf405305edfa6031c3a
2025,2022,166027,166027001,Cambridge Campus,arson,Arson,criminal_offenses,oncampus,0,0,reported_numeric,70,70,59,https://www.hupd.harvard.edu/sites/g/files/omnuum12486/files/2025-10/2025%20ASR%20VF%20Compressed.pdf#page=70,c52024d2154a422a975890555ad0e11fd19790bcfc5d9cf405305edfa6031c3a
2025,2022,166027,166027001,Cambridge Campus,arson,Arson,criminal_offenses,noncampus,0,0,reported_numeric,70,70,59,https://www.hupd.harvard.edu/sites/g/files/omnuum12486/files/2025-10/2025%20ASR%20VF%20Compressed.pdf#page=70,c52024d2154a422a975890555ad0e11fd19790bcfc5d9cf405305edfa6031c3a
2025,2022,166027,166027001,Cambridge Campus,arson,Arson,criminal_offenses,publicproperty,2,2,reported_numeric,70,70,59,https://www.hupd.harvard.edu/sites/g/files/omnuum12486/files/2025-10/2025%20ASR%20VF%20Compressed.pdf#page=70,c52024d2154a422a975890555ad0e11fd19790bcfc5d9cf405305edfa6031c3a
2025,2023,166027,166027001,Cambridge Campus,arson,Arson,criminal_offenses,residential,1,1,reported_numeric,70,70,59,https://www.hupd.harvard.edu/sites/g/files/omnuum12486/files/2025-10/2025%20ASR%20VF%20Compressed.pdf#page=70,c52024d2154a422a975890555ad0e11fd19790bcfc5d9cf405305edfa6031c3a
2025,2023,166027,166027001,Cambridge Campus,arson,Arson,criminal_offenses,oncampus,2,2,reported_numeric,70,70,59,https://www.hupd.harvard.edu/sites/g/files/omnuum12486/files/2025-10/2025%20ASR%20VF%20Compressed.pdf#page=70,c52024d2154a422a975890555ad0e11fd19790bcfc5d9cf405305edfa6031c3a
2025,2023,166027,166027001,Cambridge Campus,arson,Arson,criminal_offenses,noncampus,0,0,reported_numeric,70,70,59,https://www.hupd.harvard.edu/sites/g/files/omnuum12486/files/2025-10/2025%20ASR%20VF%20Compressed.pdf#page=70,c52024d2154a422a975890555ad0e11fd19790bcfc5d9cf405305edfa6031c3a
2025,2023,166027,166027001,Cambridge Campus,arson,Arson,criminal_offenses,publicproperty,4,4,reported_numeric,70,70,59,https://www.hupd.harvard.edu/sites/g/files/omnuum12486/files/2025-10/2025%20ASR%20VF%20Compressed.pdf#page=70,c52024d2154a422a975890555ad0e11fd19790bcfc5d9cf405305edfa6031c3a
2025,2024,166027,166027001,Cambridge Campus,arson,Arson,criminal_offenses,residential,0,0,reported_numeric,70,70,59,https://www.hupd.harvard.edu/sites/g/files/omnuum12486/files/2025-10/2025%20ASR%20VF%20Compressed.pdf#page=70,c52024d2154a422a975890555ad0e11fd19790bcfc5d9cf405305edfa6031c3a
2025,2024,166027,166027001,Cambridge Campus,arson,Arson,criminal_offenses,oncampus,0,0,reported_numeric,70,70,59,https://www.hupd.harvard.edu/sites/g/files/omnuum12486/files/2025-10/2025%20ASR%20VF%20Compressed.pdf#page=70,c52024d2154a422a975890555ad0e11fd19790bcfc5d9cf405305edfa6031c3a
2025,2024,166027,166027001,Cambridge Campus,arson,Arson,criminal_offenses,noncampus,0,0,reported_numeric,70,70,59,https://www.hupd.harvard.edu/sites/g/files/omnuum12486/files/2025-10/2025%20ASR%20VF%20Compressed.pdf#page=70,c52024d2154a422a975890555ad0e11fd19790bcfc5d9cf405305edfa6031c3a
2025,2024,166027,166027001,Cambridge Campus,arson,Arson,criminal_offenses,publicproperty,0,0,reported_numeric,70,70,59,https://www.hupd.harvard.edu/sites/g/files/omnuum12486/files/2025-10/2025%20ASR%20VF%20Compressed.pdf#page=70,c52024d2154a422a975890555ad0e11fd19790bcfc5d9cf405305edfa6031c3a
2025,2022,166027,166027001,Cambridge Campus,domestic_violence,Domestic Violence,vawa,residential,0,0,reported_numeric,70,70,60,https://www.hupd.harvard.edu/sites/g/files/omnuum12486/files/2025-10/2025%20ASR%20VF%20Compressed.pdf#page=70,c52024d2154a422a975890555ad0e11fd19790bcfc5d9cf405305edfa6031c3a
2025,2022,166027,166027001,Cambridge Campus,domestic_violence,Domestic Violence,vawa,oncampus,0,0,reported_numeric,70,70,60,https://www.hupd.harvard.edu/sites/g/files/omnuum12486/files/2025-10/2025%20ASR%20VF%20Compressed.pdf#page=70,c52024d2154a422a975890555ad0e11fd19790bcfc5d9cf405305edfa6031c3a
2025,2022,166027,166027001,Cambridge Campus,domestic_violence,Domestic Violence,vawa,noncampus,0,0,reported_numeric,70,70,60,https://www.hupd.harvard.edu/sites/g/files/omnuum12486/files/2025-10/2025%20ASR%20VF%20Compressed.pdf#page=70,c52024d2154a422a975890555ad0e11fd19790bcfc5d9cf405305edfa6031c3a
2025,2022,166027,166027001,Cambridge Campus,domestic_violence,Domestic Violence,vawa,publicproperty,4,4,reported_numeric,70,70,60,https://www.hupd.harvard.edu/sites/g/files/omnuum12486/files/2025-10/2025%20ASR%20VF%20Compressed.pdf#page=70,c52024d2154a422a975890555ad0e11fd19790bcfc5d9cf405305edfa6031c3a
2025,2023,166027,166027001,Cambridge Campus,domestic_violence,Domestic Violence,vawa,residential,2,2,reported_numeric,70,70,60,https://www.hupd.harvard.edu/sites/g/files/omnuum12486/files/2025-10/2025%20ASR%20VF%20Compressed.pdf#page=70,c52024d2154a422a975890555ad0e11fd19790bcfc5d9cf405305edfa6031c3a
2025,2023,166027,166027001,Cambridge Campus,domestic_violence,Domestic Violence,vawa,oncampus,2,2,reported_numeric,70,70,60,https://www.hupd.harvard.edu/sites/g/files/omnuum12486/files/2025-10/2025%20ASR%20VF%20Compressed.pdf#page=70,c52024d2154a422a975890555ad0e11fd19790bcfc5d9cf405305edfa6031c3a
2025,2023,166027,166027001,Cambridge Campus,domestic_violence,Domestic Violence,vawa,noncampus,0,0,reported_numeric,70,70,60,https://www.hupd.harvard.edu/sites/g/files/omnuum12486/files/2025-10/2025%20ASR%20VF%20Compressed.pdf#page=70,c52024d2154a422a975890555ad0e11fd19790bcfc5d9cf405305edfa6031c3a
2025,2023,166027,166027001,Cambridge Campus,domestic_violence,Domestic Violence,vawa,publicproperty,8,8,reported_numeric,70,70,60,https://www.hupd.harvard.edu/sites/g/files/omnuum12486/files/2025-10/2025%20ASR%20VF%20Compressed.pdf#page=70,c52024d2154a422a975890555ad0e11fd19790bcfc5d9cf405305edfa6031c3a
2025,2024,166027,166027001,Cambridge Campus,domestic_violence,Domestic Violence,vawa,residential,0,0,reported_numeric,70,70,60,https://www.hupd.harvard.edu/sites/g/files/omnuum12486/files/2025-10/2025%20ASR%20VF%20Compressed.pdf#page=70,c52024d2154a422a975890555ad0e11fd19790bcfc5d9cf405305edfa6031c3a
2025,2024,166027,166027001,Cambridge Campus,domestic_violence,Domestic Violence,vawa,oncampus,0,0,reported_numeric,70,70,60,https://www.hupd.harvard.edu/sites/g/files/omnuum12486/files/2025-10/2025%20ASR%20VF%20Compressed.pdf#page=70,c52024d2154a422a975890555ad0e11fd19790bcfc5d9cf405305edfa6031c3a
2025,2024,166027,166027001,Cambridge Campus,domestic_violence,Domestic Violence,vawa,noncampus,0,0,reported_numeric,70,70,60,https://www.hupd.harvard.edu/sites/g/files/omnuum12486/files/2025-10/2025%20ASR%20VF%20Compressed.pdf#page=70,c52024d2154a422a975890555ad0e11fd19790bcfc5d9cf405305edfa6031c3a
2025,2024,166027,166027001,Cambridge Campus,domestic_violence,Domestic Violence,vawa,publicproperty,4,4,reported_numeric,70,70,60,https://www.hupd.harvard.edu/sites/g/files/omnuum12486/files/2025-10/2025%20ASR%20VF%20Compressed.pdf#page=70,c52024d2154a422a975890555ad0e11fd19790bcfc5d9cf405305edfa6031c3a
2025,2022,166027,166027001,Cambridge Campus,dating_violence,Dating Violence,vawa,residential,4,4,reported_numeric,70,70,61,https://www.hupd.harvard.edu/sites/g/files/omnuum12486/files/2025-10/2025%20ASR%20VF%20Compressed.pdf#page=70,c52024d2154a422a975890555ad0e11fd19790bcfc5d9cf405305edfa6031c3a
2025,2022,166027,166027001,Cambridge Campus,dating_violence,Dating Violence,vawa,oncampus,4,4,reported_numeric,70,70,61,https://www.hupd.harvard.edu/sites/g/files/omnuum12486/files/2025-10/2025%20ASR%20VF%20Compressed.pdf#page=70,c52024d2154a422a975890555ad0e11fd19790bcfc5d9cf405305edfa6031c3a
2025,2022,166027,166027001,Cambridge Campus,dating_violence,Dating Violence,vawa,noncampus,0,0,reported_numeric,70,70,61,https://www.hupd.harvard.edu/sites/g/files/omnuum12486/files/2025-10/2025%20ASR%20VF%20Compressed.pdf#page=70,c52024d2154a422a975890555ad0e11fd19790bcfc5d9cf405305edfa6031c3a
2025,2022,166027,166027001,Cambridge Campus,dating_violence,Dating Violence,vawa,publicproperty,1,1,reported_numeric,70,70,61,https://www.hupd.harvard.edu/sites/g/files/omnuum12486/files/2025-10/2025%20ASR%20VF%20Compressed.pdf#page=70,c52024d2154a422a975890555ad0e11fd19790bcfc5d9cf405305edfa6031c3a
2025,2023,166027,166027001,Cambridge Campus,dating_violence,Dating Violence,vawa,residential,3,3,reported_numeric,70,70,61,https://www.hupd.harvard.edu/sites/g/files/omnuum12486/files/2025-10/2025%20ASR%20VF%20Compressed.pdf#page=70,c52024d2154a422a975890555ad0e11fd19790bcfc5d9cf405305edfa6031c3a
2025,2023,166027,166027001,Cambridge Campus,dating_violence,Dating Violence,vawa,oncampus,4,4,reported_numeric,70,70,61,https://www.hupd.harvard.edu/sites/g/files/omnuum12486/files/2025-10/2025%20ASR%20VF%20Compressed.pdf#page=70,c52024d2154a422a975890555ad0e11fd19790bcfc5d9cf405305edfa6031c3a
2025,2023,166027,166027001,Cambridge Campus,dating_violence,Dating Violence,vawa,noncampus,0,0,reported_numeric,70,70,61,https://www.hupd.harvard.edu/sites/g/files/omnuum12486/files/2025-10/2025%20ASR%20VF%20Compressed.pdf#page=70,c52024d2154a422a975890555ad0e11fd19790bcfc5d9cf405305edfa6031c3a
2025,2023,166027,166027001,Cambridge Campus,dating_violence,Dating Violence,vawa,publicproperty,0,0,reported_numeric,70,70,61,https://www.hupd.harvard.edu/sites/g/files/omnuum12486/files/2025-10/2025%20ASR%20VF%20Compressed.pdf#page=70,c52024d2154a422a975890555ad0e11fd19790bcfc5d9cf405305edfa6031c3a
2025,2024,166027,166027001,Cambridge Campus,dating_violence,Dating Violence,vawa,residential,3,3,reported_numeric,70,70,61,https://www.hupd.harvard.edu/sites/g/files/omnuum12486/files/2025-10/2025%20ASR%20VF%20Compressed.pdf#page=70,c52024d2154a422a975890555ad0e11fd19790bcfc5d9cf405305edfa6031c3a
2025,2024,166027,166027001,Cambridge Campus,dating_violence,Dating Violence,vawa,oncampus,4,4,reported_numeric,70,70,61,https://www.hupd.harvard.edu/sites/g/files/omnuum12486/files/2025-10/2025%20ASR%20VF%20Compressed.pdf#page=70,c52024d2154a422a975890555ad0e11fd19790bcfc5d9cf405305edfa6031c3a
2025,2024,166027,166027001,Cambridge Campus,dating_violence,Dating Violence,vawa,noncampus,0,0,reported_numeric,70,70,61,https://www.hupd.harvard.edu/sites/g/files/omnuum12486/files/2025-10/2025%20ASR%20VF%20Compressed.pdf#page=70,c52024d2154a422a975890555ad0e11fd19790bcfc5d9cf405305edfa6031c3a
2025,2024,166027,166027001,Cambridge Campus,dating_violence,Dating Violence,vawa,publicproperty,0,0,reported_numeric,70,70,61,https://www.hupd.harvard.edu/sites/g/files/omnuum12486/files/2025-10/2025%20ASR%20VF%20Compressed.pdf#page=70,c52024d2154a422a975890555ad0e11fd19790bcfc5d9cf405305edfa6031c3a
2025,2022,166027,166027001,Cambridge Campus,stalking,Stalking,vawa,residential,2,2,reported_numeric,70,70,62,https://www.hupd.harvard.edu/sites/g/files/omnuum12486/files/2025-10/2025%20ASR%20VF%20Compressed.pdf#page=70,c52024d2154a422a975890555ad0e11fd19790bcfc5d9cf405305edfa6031c3a
2025,2022,166027,166027001,Cambridge Campus,stalking,Stalking,vawa,oncampus,6,6,reported_numeric,70,70,62,https://www.hupd.harvard.edu/sites/g/files/omnuum12486/files/2025-10/2025%20ASR%20VF%20Compressed.pdf#page=70,c52024d2154a422a975890555ad0e11fd19790bcfc5d9cf405305edfa6031c3a
2025,2022,166027,166027001,Cambridge Campus,stalking,Stalking,vawa,noncampus,0,0,reported_numeric,70,70,62,https://www.hupd.harvard.edu/sites/g/files/omnuum12486/files/2025-10/2025%20ASR%20VF%20Compressed.pdf#page=70,c52024d2154a422a975890555ad0e11fd19790bcfc5d9cf405305edfa6031c3a
2025,2022,166027,166027001,Cambridge Campus,stalking,Stalking,vawa,publicproperty,1,1,reported_numeric,70,70,62,https://www.hupd.harvard.edu/sites/g/files/omnuum12486/files/2025-10/2025%20ASR%20VF%20Compressed.pdf#page=70,c52024d2154a422a975890555ad0e11fd19790bcfc5d9cf405305edfa6031c3a
2025,2023,166027,166027001,Cambridge Campus,stalking,Stalking,vawa,residential,0,0,reported_numeric,70,70,62,https://www.hupd.harvard.edu/sites/g/files/omnuum12486/files/2025-10/2025%20ASR%20VF%20Compressed.pdf#page=70,c52024d2154a422a975890555ad0e11fd19790bcfc5d9cf405305edfa6031c3a
2025,2023,166027,166027001,Cambridge Campus,stalking,Stalking,vawa,oncampus,4,4,reported_numeric,70,70,62,https://www.hupd.harvard.edu/sites/g/files/omnuum12486/files/2025-10/2025%20ASR%20VF%20Compressed.pdf#page=70,c52024d2154a422a975890555ad0e11fd19790bcfc5d9cf405305edfa6031c3a
2025,2023,166027,166027001,Cambridge Campus,stalking,Stalking,vawa,noncampus,0,0,reported_numeric,70,70,62,https://www.hupd.harvard.edu/sites/g/files/omnuum12486/files/2025-10/2025%20ASR%20VF%20Compressed.pdf#page=70,c52024d2154a422a975890555ad0e11fd19790bcfc5d9cf405305edfa6031c3a
2025,2023,166027,166027001,Cambridge Campus,stalking,Stalking,vawa,publicproperty,0,0,reported_numeric,70,70,62,https://www.hupd.harvard.edu/sites/g/files/omnuum12486/files/2025-10/2025%20ASR%20VF%20Compressed.pdf#page=70,c52024d2154a422a975890555ad0e11fd19790bcfc5d9cf405305edfa6031c3a
2025,2024,166027,166027001,Cambridge Campus,stalking,Stalking,vawa,residential,5,5,reported_numeric,70,70,62,https://www.hupd.harvard.edu/sites/g/files/omnuum12486/files/2025-10/2025%20ASR%20VF%20Compressed.pdf#page=70,c52024d2154a422a975890555ad0e11fd19790bcfc5d9cf405305edfa6031c3a
2025,2024,166027,166027001,Cambridge Campus,stalking,Stalking,vawa,oncampus,9,9,reported_numeric,70,70,62,https://www.hupd.harvard.edu/sites/g/files/omnuum12486/files/2025-10/2025%20ASR%20VF%20Compressed.pdf#page=70,c52024d2154a422a975890555ad0e11fd19790bcfc5d9cf405305edfa6031c3a
2025,2024,166027,166027001,Cambridge Campus,stalking,Stalking,vawa,noncampus,0,0,reported_numeric,70,70,62,https://www.hupd.harvard.edu/sites/g/files/omnuum12486/files/2025-10/2025%20ASR%20VF%20Compressed.pdf#page=70,c52024d2154a422a975890555ad0e11fd19790bcfc5d9cf405305edfa6031c3a
2025,2024,166027,166027001,Cambridge Campus,stalking,Stalking,vawa,publicproperty,0,0,reported_numeric,70,70,62,https://www.hupd.harvard.edu/sites/g/files/omnuum12486/files/2025-10/2025%20ASR%20VF%20Compressed.pdf#page=70,c52024d2154a422a975890555ad0e11fd19790bcfc5d9cf405305edfa6031c3a
2025,2022,166027,166027002,Longwood Campus,murder,Murder/Nonnegligent Manslaughter,criminal_offenses,residential,0,0,reported_numeric,71,71,48,https://www.hupd.harvard.edu/sites/g/files/omnuum12486/files/2025-10/2025%20ASR%20VF%20Compressed.pdf#page=71,c52024d2154a422a975890555ad0e11fd19790bcfc5d9cf405305edfa6031c3a
2025,2022,166027,166027002,Longwood Campus,murder,Murder/Nonnegligent Manslaughter,criminal_offenses,oncampus,0,0,reported_numeric,71,71,48,https://www.hupd.harvard.edu/sites/g/files/omnuum12486/files/2025-10/2025%20ASR%20VF%20Compressed.pdf#page=71,c52024d2154a422a975890555ad0e11fd19790bcfc5d9cf405305edfa6031c3a
2025,2022,166027,166027002,Longwood Campus,murder,Murder/Nonnegligent Manslaughter,criminal_offenses,noncampus,0,0,reported_numeric,71,71,48,https://www.hupd.harvard.edu/sites/g/files/omnuum12486/files/2025-10/2025%20ASR%20VF%20Compressed.pdf#page=71,c52024d2154a422a975890555ad0e11fd19790bcfc5d9cf405305edfa6031c3a
2025,2022,166027,166027002,Longwood Campus,murder,Murder/Nonnegligent Manslaughter,criminal_offenses,publicproperty,0,0,reported_numeric,71,71,48,https://www.hupd.harvard.edu/sites/g/files/omnuum12486/files/2025-10/2025%20ASR%20VF%20Compressed.pdf#page=71,c52024d2154a422a975890555ad0e11fd19790bcfc5d9cf405305edfa6031c3a
2025,2023,166027,166027002,Longwood Campus,murder,Murder/Nonnegligent Manslaughter,criminal_offenses,residential,0,0,reported_numeric,71,71,48,https://www.hupd.harvard.edu/sites/g/files/omnuum12486/files/2025-10/2025%20ASR%20VF%20Compressed.pdf#page=71,c52024d2154a422a975890555ad0e11fd19790bcfc5d9cf405305edfa6031c3a
2025,2023,166027,166027002,Longwood Campus,murder,Murder/Nonnegligent Manslaughter,criminal_offenses,oncampus,0,0,reported_numeric,71,71,48,https://www.hupd.harvard.edu/sites/g/files/omnuum12486/files/2025-10/2025%20ASR%20VF%20Compressed.pdf#page=71,c52024d2154a422a975890555ad0e11fd19790bcfc5d9cf405305edfa6031c3a
2025,2023,166027,166027002,Longwood Campus,murder,Murder/Nonnegligent Manslaughter,criminal_offenses,noncampus,0,0,reported_numeric,71,71,48,https://www.hupd.harvard.edu/sites/g/files/omnuum12486/files/2025-10/2025%20ASR%20VF%20Compressed.pdf#page=71,c52024d2154a422a975890555ad0e11fd19790bcfc5d9cf405305edfa6031c3a
2025,2023,166027,166027002,Longwood Campus,murder,Murder/Nonnegligent Manslaughter,criminal_offenses,publicproperty,0,0,reported_numeric,71,71,48,https://www.hupd.harvard.edu/sites/g/files/omnuum12486/files/2025-10/2025%20ASR%20VF%20Compressed.pdf#page=71,c52024d2154a422a975890555ad0e11fd19790bcfc5d9cf405305edfa6031c3a
2025,2024,166027,166027002,Longwood Campus,murder,Murder/Nonnegligent Manslaughter,criminal_offenses,residential,0,0,reported_numeric,71,71,48,https://www.hupd.harvard.edu/sites/g/files/omnuum12486/files/2025-10/2025%20ASR%20VF%20Compressed.pdf#page=71,c52024d2154a422a975890555ad0e11fd19790bcfc5d9cf405305edfa6031c3a
2025,2024,166027,166027002,Longwood Campus,murder,Murder/Nonnegligent Manslaughter,criminal_offenses,oncampus,0,0,reported_numeric,71,71,48,https://www.hupd.harvard.edu/sites/g/files/omnuum12486/files/2025-10/2025%20ASR%20VF%20Compressed.pdf#page=71,c52024d2154a422a975890555ad0e11fd19790bcfc5d9cf405305edfa6031c3a
2025,2024,166027,166027002,Longwood Campus,murder,Murder/Nonnegligent Manslaughter,criminal_offenses,noncampus,0,0,reported_numeric,71,71,48,https://www.hupd.harvard.edu/sites/g/files/omnuum12486/files/2025-10/2025%20ASR%20VF%20Compressed.pdf#page=71,c52024d2154a422a975890555ad0e11fd19790bcfc5d9cf405305edfa6031c3a
2025,2024,166027,166027002,Longwood Campus,murder,Murder/Nonnegligent Manslaughter,criminal_offenses,publicproperty,0,0,reported_numeric,71,71,48,https://www.hupd.harvard.edu/sites/g/files/omnuum12486/files/2025-10/2025%20ASR%20VF%20Compressed.pdf#page=71,c52024d2154a422a975890555ad0e11fd19790bcfc5d9cf405305edfa6031c3a
2025,2022,166027,166027002,Longwood Campus,negligent_manslaughter,Negligent Manslaughter,criminal_offenses,residential,0,0,reported_numeric,71,71,49,https://www.hupd.harvard.edu/sites/g/files/omnuum12486/files/2025-10/2025%20ASR%20VF%20Compressed.pdf#page=71,c52024d2154a422a975890555ad0e11fd19790bcfc5d9cf405305edfa6031c3a
2025,2022,166027,166027002,Longwood Campus,negligent_manslaughter,Negligent Manslaughter,criminal_offenses,oncampus,0,0,reported_numeric,71,71,49,https://www.hupd.harvard.edu/sites/g/files/omnuum12486/files/2025-10/2025%20ASR%20VF%20Compressed.pdf#page=71,c52024d2154a422a975890555ad0e11fd19790bcfc5d9cf405305edfa6031c3a
2025,2022,166027,166027002,Longwood Campus,negligent_manslaughter,Negligent Manslaughter,criminal_offenses,noncampus,0,0,reported_numeric,71,71,49,https://www.hupd.harvard.edu/sites/g/files/omnuum12486/files/2025-10/2025%20ASR%20VF%20Compressed.pdf#page=71,c52024d2154a422a975890555ad0e11fd19790bcfc5d9cf405305edfa6031c3a
2025,2022,166027,166027002,Longwood Campus,negligent_manslaughter,Negligent Manslaughter,criminal_offenses,publicproperty,0,0,reported_numeric,71,71,49,https://www.hupd.harvard.edu/sites/g/files/omnuum12486/files/2025-10/2025%20ASR%20VF%20Compressed.pdf#page=71,c52024d2154a422a975890555ad0e11fd19790bcfc5d9cf405305edfa6031c3a
2025,2023,166027,166027002,Longwood Campus,negligent_manslaughter,Negligent Manslaughter,criminal_offenses,residential,0,0,reported_numeric,71,71,49,https://www.hupd.harvard.edu/sites/g/files/omnuum12486/files/2025-10/2025%20ASR%20VF%20Compressed.pdf#page=71,c52024d2154a422a975890555ad0e11fd19790bcfc5d9cf405305edfa6031c3a
2025,2023,166027,166027002,Longwood Campus,negligent_manslaughter,Negligent Manslaughter,criminal_offenses,oncampus,0,0,reported_numeric,71,71,49,https://www.hupd.harvard.edu/sites/g/files/omnuum12486/files/2025-10/2025%20ASR%20VF%20Compressed.pdf#page=71,c52024d2154a422a975890555ad0e11fd19790bcfc5d9cf405305edfa6031c3a
2025,2023,166027,166027002,Longwood Campus,negligent_manslaughter,Negligent Manslaughter,criminal_offenses,noncampus,0,0,reported_numeric,71,71,49,https://www.hupd.harvard.edu/sites/g/files/omnuum12486/files/2025-10/2025%20ASR%20VF%20Compressed.pdf#page=71,c52024d2154a422a975890555ad0e11fd19790bcfc5d9cf405305edfa6031c3a
2025,2023,166027,166027002,Longwood Campus,negligent_manslaughter,Negligent Manslaughter,criminal_offenses,publicproperty,0,0,reported_numeric,71,71,49,https://www.hupd.harvard.edu/sites/g/files/omnuum12486/files/2025-10/2025%20ASR%20VF%20Compressed.pdf#page=71,c52024d2154a422a975890555ad0e11fd19790bcfc5d9cf405305edfa6031c3a
2025,2024,166027,166027002,Longwood Campus,negligent_manslaughter,Negligent Manslaughter,criminal_offenses,residential,0,0,reported_numeric,71,71,49,https://www.hupd.harvard.edu/sites/g/files/omnuum12486/files/2025-10/2025%20ASR%20VF%20Compressed.pdf#page=71,c52024d2154a422a975890555ad0e11fd19790bcfc5d9cf405305edfa6031c3a
2025,2024,166027,166027002,Longwood Campus,negligent_manslaughter,Negligent Manslaughter,criminal_offenses,oncampus,0,0,reported_numeric,71,71,49,https://www.hupd.harvard.edu/sites/g/files/omnuum12486/files/2025-10/2025%20ASR%20VF%20Compressed.pdf#page=71,c52024d2154a422a975890555ad0e11fd19790bcfc5d9cf405305edfa6031c3a
2025,2024,166027,166027002,Longwood Campus,negligent_manslaughter,Negligent Manslaughter,criminal_offenses,noncampus,0,0,reported_numeric,71,71,49,https://www.hupd.harvard.edu/sites/g/files/omnuum12486/files/2025-10/2025%20ASR%20VF%20Compressed.pdf#page=71,c52024d2154a422a975890555ad0e11fd19790bcfc5d9cf405305edfa6031c3a
2025,2024,166027,166027002,Longwood Campus,negligent_manslaughter,Negligent Manslaughter,criminal_offenses,publicproperty,0,0,reported_numeric,71,71,49,https://www.hupd.harvard.edu/sites/g/files/omnuum12486/files/2025-10/2025%20ASR%20VF%20Compressed.pdf#page=71,c52024d2154a422a975890555ad0e11fd19790bcfc5d9cf405305edfa6031c3a
2025,2022,166027,166027002,Longwood Campus,rape,Rape,criminal_offenses,residential,0,0,reported_numeric,71,71,50,https://www.hupd.harvard.edu/sites/g/files/omnuum12486/files/2025-10/2025%20ASR%20VF%20Compressed.pdf#page=71,c52024d2154a422a975890555ad0e11fd19790bcfc5d9cf405305edfa6031c3a
2025,2022,166027,166027002,Longwood Campus,rape,Rape,criminal_offenses,oncampus,0,0,reported_numeric,71,71,50,https://www.hupd.harvard.edu/sites/g/files/omnuum12486/files/2025-10/2025%20ASR%20VF%20Compressed.pdf#page=71,c52024d2154a422a975890555ad0e11fd19790bcfc5d9cf405305edfa6031c3a
2025,2022,166027,166027002,Longwood Campus,rape,Rape,criminal_offenses,noncampus,0,0,reported_numeric,71,71,50,https://www.hupd.harvard.edu/sites/g/files/omnuum12486/files/2025-10/2025%20ASR%20VF%20Compressed.pdf#page=71,c52024d2154a422a975890555ad0e11fd19790bcfc5d9cf405305edfa6031c3a
2025,2022,166027,166027002,Longwood Campus,rape,Rape,criminal_offenses,publicproperty,0,0,reported_numeric,71,71,50,https://www.hupd.harvard.edu/sites/g/files/omnuum12486/files/2025-10/2025%20ASR%20VF%20Compressed.pdf#page=71,c52024d2154a422a975890555ad0e11fd19790bcfc5d9cf405305edfa6031c3a
2025,2023,166027,166027002,Longwood Campus,rape,Rape,criminal_offenses,residential,0,0,reported_numeric,71,71,50,https://www.hupd.harvard.edu/sites/g/files/omnuum12486/files/2025-10/2025%20ASR%20VF%20Compressed.pdf#page=71,c52024d2154a422a975890555ad0e11fd19790bcfc5d9cf405305edfa6031c3a
2025,2023,166027,166027002,Longwood Campus,rape,Rape,criminal_offenses,oncampus,0,0,reported_numeric,71,71,50,https://www.hupd.harvard.edu/sites/g/files/omnuum12486/files/2025-10/2025%20ASR%20VF%20Compressed.pdf#page=71,c52024d2154a422a975890555ad0e11fd19790bcfc5d9cf405305edfa6031c3a
2025,2023,166027,166027002,Longwood Campus,rape,Rape,criminal_offenses,noncampus,0,0,reported_numeric,71,71,50,https://www.hupd.harvard.edu/sites/g/files/omnuum12486/files/2025-10/2025%20ASR%20VF%20Compressed.pdf#page=71,c52024d2154a422a975890555ad0e11fd19790bcfc5d9cf405305edfa6031c3a
2025,2023,166027,166027002,Longwood Campus,rape,Rape,criminal_offenses,publicproperty,0,0,reported_numeric,71,71,50,https://www.hupd.harvard.edu/sites/g/files/omnuum12486/files/2025-10/2025%20ASR%20VF%20Compressed.pdf#page=71,c52024d2154a422a975890555ad0e11fd19790bcfc5d9cf405305edfa6031c3a
2025,2024,166027,166027002,Longwood Campus,rape,Rape,criminal_offenses,residential,0,0,reported_numeric,71,71,50,https://www.hupd.harvard.edu/sites/g/files/omnuum12486/files/2025-10/2025%20ASR%20VF%20Compressed.pdf#page=71,c52024d2154a422a975890555ad0e11fd19790bcfc5d9cf405305edfa6031c3a
2025,2024,166027,166027002,Longwood Campus,rape,Rape,criminal_offenses,oncampus,0,0,reported_numeric,71,71,50,https://www.hupd.harvard.edu/sites/g/files/omnuum12486/files/2025-10/2025%20ASR%20VF%20Compressed.pdf#page=71,c52024d2154a422a975890555ad0e11fd19790bcfc5d9cf405305edfa6031c3a
2025,2024,166027,166027002,Longwood Campus,rape,Rape,criminal_offenses,noncampus,0,0,reported_numeric,71,71,50,https://www.hupd.harvard.edu/sites/g/files/omnuum12486/files/2025-10/2025%20ASR%20VF%20Compressed.pdf#page=71,c52024d2154a422a975890555ad0e11fd19790bcfc5d9cf405305edfa6031c3a
2025,2024,166027,166027002,Longwood Campus,rape,Rape,criminal_offenses,publicproperty,0,0,reported_numeric,71,71,50,https://www.hupd.harvard.edu/sites/g/files/omnuum12486/files/2025-10/2025%20ASR%20VF%20Compressed.pdf#page=71,c52024d2154a422a975890555ad0e11fd19790bcfc5d9cf405305edfa6031c3a
2025,2022,166027,166027002,Longwood Campus,fondling,Fondling,criminal_offenses,residential,0,0,reported_numeric,71,71,51,https://www.hupd.harvard.edu/sites/g/files/omnuum12486/files/2025-10/2025%20ASR%20VF%20Compressed.pdf#page=71,c52024d2154a422a975890555ad0e11fd19790bcfc5d9cf405305edfa6031c3a
2025,2022,166027,166027002,Longwood Campus,fondling,Fondling,criminal_offenses,oncampus,0,0,reported_numeric,71,71,51,https://www.hupd.harvard.edu/sites/g/files/omnuum12486/files/2025-10/2025%20ASR%20VF%20Compressed.pdf#page=71,c52024d2154a422a975890555ad0e11fd19790bcfc5d9cf405305edfa6031c3a
2025,2022,166027,166027002,Longwood Campus,fondling,Fondling,criminal_offenses,noncampus,0,0,reported_numeric,71,71,51,https://www.hupd.harvard.edu/sites/g/files/omnuum12486/files/2025-10/2025%20ASR%20VF%20Compressed.pdf#page=71,c52024d2154a422a975890555ad0e11fd19790bcfc5d9cf405305edfa6031c3a
2025,2022,166027,166027002,Longwood Campus,fondling,Fondling,criminal_offenses,publicproperty,0,0,reported_numeric,71,71,51,https://www.hupd.harvard.edu/sites/g/files/omnuum12486/files/2025-10/2025%20ASR%20VF%20Compressed.pdf#page=71,c52024d2154a422a975890555ad0e11fd19790bcfc5d9cf405305edfa6031c3a
2025,2023,166027,166027002,Longwood Campus,fondling,Fondling,criminal_offenses,residential,0,0,reported_numeric,71,71,51,https://www.hupd.harvard.edu/sites/g/files/omnuum12486/files/2025-10/2025%20ASR%20VF%20Compressed.pdf#page=71,c52024d2154a422a975890555ad0e11fd19790bcfc5d9cf405305edfa6031c3a
2025,2023,166027,166027002,Longwood Campus,fondling,Fondling,criminal_offenses,oncampus,0,0,reported_numeric,71,71,51,https://www.hupd.harvard.edu/sites/g/files/omnuum12486/files/2025-10/2025%20ASR%20VF%20Compressed.pdf#page=71,c52024d2154a422a975890555ad0e11fd19790bcfc5d9cf405305edfa6031c3a
2025,2023,166027,166027002,Longwood Campus,fondling,Fondling,criminal_offenses,noncampus,0,0,reported_numeric,71,71,51,https://www.hupd.harvard.edu/sites/g/files/omnuum12486/files/2025-10/2025%20ASR%20VF%20Compressed.pdf#page=71,c52024d2154a422a975890555ad0e11fd19790bcfc5d9cf405305edfa6031c3a
2025,2023,166027,166027002,Longwood Campus,fondling,Fondling,criminal_offenses,publicproperty,0,0,reported_numeric,71,71,51,https://www.hupd.harvard.edu/sites/g/files/omnuum12486/files/2025-10/2025%20ASR%20VF%20Compressed.pdf#page=71,c52024d2154a422a975890555ad0e11fd19790bcfc5d9cf405305edfa6031c3a
2025,2024,166027,166027002,Longwood Campus,fondling,Fondling,criminal_offenses,residential,0,0,reported_numeric,71,71,51,https://www.hupd.harvard.edu/sites/g/files/omnuum12486/files/2025-10/2025%20ASR%20VF%20Compressed.pdf#page=71,c52024d2154a422a975890555ad0e11fd19790bcfc5d9cf405305edfa6031c3a
2025,2024,166027,166027002,Longwood Campus,fondling,Fondling,criminal_offenses,oncampus,0,0,reported_numeric,71,71,51,https://www.hupd.harvard.edu/sites/g/files/omnuum12486/files/2025-10/2025%20ASR%20VF%20Compressed.pdf#page=71,c52024d2154a422a975890555ad0e11fd19790bcfc5d9cf405305edfa6031c3a
2025,2024,166027,166027002,Longwood Campus,fondling,Fondling,criminal_offenses,noncampus,0,0,reported_numeric,71,71,51,https://www.hupd.harvard.edu/sites/g/files/omnuum12486/files/2025-10/2025%20ASR%20VF%20Compressed.pdf#page=71,c52024d2154a422a975890555ad0e11fd19790bcfc5d9cf405305edfa6031c3a
2025,2024,166027,166027002,Longwood Campus,fondling,Fondling,criminal_offenses,publicproperty,0,0,reported_numeric,71,71,51,https://www.hupd.harvard.edu/sites/g/files/omnuum12486/files/2025-10/2025%20ASR%20VF%20Compressed.pdf#page=71,c52024d2154a422a975890555ad0e11fd19790bcfc5d9cf405305edfa6031c3a
2025,2022,166027,166027002,Longwood Campus,incest,Incest,criminal_offenses,residential,0,0,reported_numeric,71,71,52,https://www.hupd.harvard.edu/sites/g/files/omnuum12486/files/2025-10/2025%20ASR%20VF%20Compressed.pdf#page=71,c52024d2154a422a975890555ad0e11fd19790bcfc5d9cf405305edfa6031c3a
2025,2022,166027,166027002,Longwood Campus,incest,Incest,criminal_offenses,oncampus,0,0,reported_numeric,71,71,52,https://www.hupd.harvard.edu/sites/g/files/omnuum12486/files/2025-10/2025%20ASR%20VF%20Compressed.pdf#page=71,c52024d2154a422a975890555ad0e11fd19790bcfc5d9cf405305edfa6031c3a
2025,2022,166027,166027002,Longwood Campus,incest,Incest,criminal_offenses,noncampus,0,0,reported_numeric,71,71,52,https://www.hupd.harvard.edu/sites/g/files/omnuum12486/files/2025-10/2025%20ASR%20VF%20Compressed.pdf#page=71,c52024d2154a422a975890555ad0e11fd19790bcfc5d9cf405305edfa6031c3a
2025,2022,166027,166027002,Longwood Campus,incest,Incest,criminal_offenses,publicproperty,0,0,reported_numeric,71,71,52,https://www.hupd.harvard.edu/sites/g/files/omnuum12486/files/2025-10/2025%20ASR%20VF%20Compressed.pdf#page=71,c52024d2154a422a975890555ad0e11fd19790bcfc5d9cf405305edfa6031c3a
2025,2023,166027,166027002,Longwood Campus,incest,Incest,criminal_offenses,residential,0,0,reported_numeric,71,71,52,https://www.hupd.harvard.edu/sites/g/files/omnuum12486/files/2025-10/2025%20ASR%20VF%20Compressed.pdf#page=71,c52024d2154a422a975890555ad0e11fd19790bcfc5d9cf405305edfa6031c3a
2025,2023,166027,166027002,Longwood Campus,incest,Incest,criminal_offenses,oncampus,0,0,reported_numeric,71,71,52,https://www.hupd.harvard.edu/sites/g/files/omnuum12486/files/2025-10/2025%20ASR%20VF%20Compressed.pdf#page=71,c52024d2154a422a975890555ad0e11fd19790bcfc5d9cf405305edfa6031c3a
2025,2023,166027,166027002,Longwood Campus,incest,Incest,criminal_offenses,noncampus,0,0,reported_numeric,71,71,52,https://www.hupd.harvard.edu/sites/g/files/omnuum12486/files/2025-10/2025%20ASR%20VF%20Compressed.pdf#page=71,c52024d2154a422a975890555ad0e11fd19790bcfc5d9cf405305edfa6031c3a
2025,2023,166027,166027002,Longwood Campus,incest,Incest,criminal_offenses,publicproperty,0,0,reported_numeric,71,71,52,https://www.hupd.harvard.edu/sites/g/files/omnuum12486/files/2025-10/2025%20ASR%20VF%20Compressed.pdf#page=71,c52024d2154a422a975890555ad0e11fd19790bcfc5d9cf405305edfa6031c3a
2025,2024,166027,166027002,Longwood Campus,incest,Incest,criminal_offenses,residential,0,0,reported_numeric,71,71,52,https://www.hupd.harvard.edu/sites/g/files/omnuum12486/files/2025-10/2025%20ASR%20VF%20Compressed.pdf#page=71,c52024d2154a422a975890555ad0e11fd19790bcfc5d9cf405305edfa6031c3a
2025,2024,166027,166027002,Longwood Campus,incest,Incest,criminal_offenses,oncampus,0,0,reported_numeric,71,71,52,https://www.hupd.harvard.edu/sites/g/files/omnuum12486/files/2025-10/2025%20ASR%20VF%20Compressed.pdf#page=71,c52024d2154a422a975890555ad0e11fd19790bcfc5d9cf405305edfa6031c3a
2025,2024,166027,166027002,Longwood Campus,incest,Incest,criminal_offenses,noncampus,0,0,reported_numeric,71,71,52,https://www.hupd.harvard.edu/sites/g/files/omnuum12486/files/2025-10/2025%20ASR%20VF%20Compressed.pdf#page=71,c52024d2154a422a975890555ad0e11fd19790bcfc5d9cf405305edfa6031c3a
2025,2024,166027,166027002,Longwood Campus,incest,Incest,criminal_offenses,publicproperty,0,0,reported_numeric,71,71,52,https://www.hupd.harvard.edu/sites/g/files/omnuum12486/files/2025-10/2025%20ASR%20VF%20Compressed.pdf#page=71,c52024d2154a422a975890555ad0e11fd19790bcfc5d9cf405305edfa6031c3a
2025,2022,166027,166027002,Longwood Campus,statutory_rape,Statutory Rape,criminal_offenses,residential,0,0,reported_numeric,71,71,53,https://www.hupd.harvard.edu/sites/g/files/omnuum12486/files/2025-10/2025%20ASR%20VF%20Compressed.pdf#page=71,c52024d2154a422a975890555ad0e11fd19790bcfc5d9cf405305edfa6031c3a
2025,2022,166027,166027002,Longwood Campus,statutory_rape,Statutory Rape,criminal_offenses,oncampus,0,0,reported_numeric,71,71,53,https://www.hupd.harvard.edu/sites/g/files/omnuum12486/files/2025-10/2025%20ASR%20VF%20Compressed.pdf#page=71,c52024d2154a422a975890555ad0e11fd19790bcfc5d9cf405305edfa6031c3a
2025,2022,166027,166027002,Longwood Campus,statutory_rape,Statutory Rape,criminal_offenses,noncampus,0,0,reported_numeric,71,71,53,https://www.hupd.harvard.edu/sites/g/files/omnuum12486/files/2025-10/2025%20ASR%20VF%20Compressed.pdf#page=71,c52024d2154a422a975890555ad0e11fd19790bcfc5d9cf405305edfa6031c3a
2025,2022,166027,166027002,Longwood Campus,statutory_rape,Statutory Rape,criminal_offenses,publicproperty,0,0,reported_numeric,71,71,53,https://www.hupd.harvard.edu/sites/g/files/omnuum12486/files/2025-10/2025%20ASR%20VF%20Compressed.pdf#page=71,c52024d2154a422a975890555ad0e11fd19790bcfc5d9cf405305edfa6031c3a
2025,2023,166027,166027002,Longwood Campus,statutory_rape,Statutory Rape,criminal_offenses,residential,0,0,reported_numeric,71,71,53,https://www.hupd.harvard.edu/sites/g/files/omnuum12486/files/2025-10/2025%20ASR%20VF%20Compressed.pdf#page=71,c52024d2154a422a975890555ad0e11fd19790bcfc5d9cf405305edfa6031c3a
2025,2023,166027,166027002,Longwood Campus,statutory_rape,Statutory Rape,criminal_offenses,oncampus,0,0,reported_numeric,71,71,53,https://www.hupd.harvard.edu/sites/g/files/omnuum12486/files/2025-10/2025%20ASR%20VF%20Compressed.pdf#page=71,c52024d2154a422a975890555ad0e11fd19790bcfc5d9cf405305edfa6031c3a
2025,2023,166027,166027002,Longwood Campus,statutory_rape,Statutory Rape,criminal_offenses,noncampus,0,0,reported_numeric,71,71,53,https://www.hupd.harvard.edu/sites/g/files/omnuum12486/files/2025-10/2025%20ASR%20VF%20Compressed.pdf#page=71,c52024d2154a422a975890555ad0e11fd19790bcfc5d9cf405305edfa6031c3a
2025,2023,166027,166027002,Longwood Campus,statutory_rape,Statutory Rape,criminal_offenses,publicproperty,0,0,reported_numeric,71,71,53,https://www.hupd.harvard.edu/sites/g/files/omnuum12486/files/2025-10/2025%20ASR%20VF%20Compressed.pdf#page=71,c52024d2154a422a975890555ad0e11fd19790bcfc5d9cf405305edfa6031c3a
2025,2024,166027,166027002,Longwood Campus,statutory_rape,Statutory Rape,criminal_offenses,residential,0,0,reported_numeric,71,71,53,https://www.hupd.harvard.edu/sites/g/files/omnuum12486/files/2025-10/2025%20ASR%20VF%20Compressed.pdf#page=71,c52024d2154a422a975890555ad0e11fd19790bcfc5d9cf405305edfa6031c3a
2025,2024,166027,166027002,Longwood Campus,statutory_rape,Statutory Rape,criminal_offenses,oncampus,0,0,reported_numeric,71,71,53,https://www.hupd.harvard.edu/sites/g/files/omnuum12486/files/2025-10/2025%20ASR%20VF%20Compressed.pdf#page=71,c52024d2154a422a975890555ad0e11fd19790bcfc5d9cf405305edfa6031c3a
2025,2024,166027,166027002,Longwood Campus,statutory_rape,Statutory Rape,criminal_offenses,noncampus,0,0,reported_numeric,71,71,53,https://www.hupd.harvard.edu/sites/g/files/omnuum12486/files/2025-10/2025%20ASR%20VF%20Compressed.pdf#page=71,c52024d2154a422a975890555ad0e11fd19790bcfc5d9cf405305edfa6031c3a
2025,2024,166027,166027002,Longwood Campus,statutory_rape,Statutory Rape,criminal_offenses,publicproperty,0,0,reported_numeric,71,71,53,https://www.hupd.harvard.edu/sites/g/files/omnuum12486/files/2025-10/2025%20ASR%20VF%20Compressed.pdf#page=71,c52024d2154a422a975890555ad0e11fd19790bcfc5d9cf405305edfa6031c3a
2025,2022,166027,166027002,Longwood Campus,robbery,Robbery,criminal_offenses,residential,0,0,reported_numeric,71,71,54,https://www.hupd.harvard.edu/sites/g/files/omnuum12486/files/2025-10/2025%20ASR%20VF%20Compressed.pdf#page=71,c52024d2154a422a975890555ad0e11fd19790bcfc5d9cf405305edfa6031c3a
2025,2022,166027,166027002,Longwood Campus,robbery,Robbery,criminal_offenses,oncampus,0,0,reported_numeric,71,71,54,https://www.hupd.harvard.edu/sites/g/files/omnuum12486/files/2025-10/2025%20ASR%20VF%20Compressed.pdf#page=71,c52024d2154a422a975890555ad0e11fd19790bcfc5d9cf405305edfa6031c3a
2025,2022,166027,166027002,Longwood Campus,robbery,Robbery,criminal_offenses,noncampus,0,0,reported_numeric,71,71,54,https://www.hupd.harvard.edu/sites/g/files/omnuum12486/files/2025-10/2025%20ASR%20VF%20Compressed.pdf#page=71,c52024d2154a422a975890555ad0e11fd19790bcfc5d9cf405305edfa6031c3a
2025,2022,166027,166027002,Longwood Campus,robbery,Robbery,criminal_offenses,publicproperty,0,0,reported_numeric,71,71,54,https://www.hupd.harvard.edu/sites/g/files/omnuum12486/files/2025-10/2025%20ASR%20VF%20Compressed.pdf#page=71,c52024d2154a422a975890555ad0e11fd19790bcfc5d9cf405305edfa6031c3a
2025,2023,166027,166027002,Longwood Campus,robbery,Robbery,criminal_offenses,residential,0,0,reported_numeric,71,71,54,https://www.hupd.harvard.edu/sites/g/files/omnuum12486/files/2025-10/2025%20ASR%20VF%20Compressed.pdf#page=71,c52024d2154a422a975890555ad0e11fd19790bcfc5d9cf405305edfa6031c3a
2025,2023,166027,166027002,Longwood Campus,robbery,Robbery,criminal_offenses,oncampus,0,0,reported_numeric,71,71,54,https://www.hupd.harvard.edu/sites/g/files/omnuum12486/files/2025-10/2025%20ASR%20VF%20Compressed.pdf#page=71,c52024d2154a422a975890555ad0e11fd19790bcfc5d9cf405305edfa6031c3a
2025,2023,166027,166027002,Longwood Campus,robbery,Robbery,criminal_offenses,noncampus,0,0,reported_numeric,71,71,54,https://www.hupd.harvard.edu/sites/g/files/omnuum12486/files/2025-10/2025%20ASR%20VF%20Compressed.pdf#page=71,c52024d2154a422a975890555ad0e11fd19790bcfc5d9cf405305edfa6031c3a
2025,2023,166027,166027002,Longwood Campus,robbery,Robbery,criminal_offenses,publicproperty,0,0,reported_numeric,71,71,54,https://www.hupd.harvard.edu/sites/g/files/omnuum12486/files/2025-10/2025%20ASR%20VF%20Compressed.pdf#page=71,c52024d2154a422a975890555ad0e11fd19790bcfc5d9cf405305edfa6031c3a
2025,2024,166027,166027002,Longwood Campus,robbery,Robbery,criminal_offenses,residential,0,0,reported_numeric,71,71,54,https://www.hupd.harvard.edu/sites/g/files/omnuum12486/files/2025-10/2025%20ASR%20VF%20Compressed.pdf#page=71,c52024d2154a422a975890555ad0e11fd19790bcfc5d9cf405305edfa6031c3a
2025,2024,166027,166027002,Longwood Campus,robbery,Robbery,criminal_offenses,oncampus,1,1,reported_numeric,71,71,54,https://www.hupd.harvard.edu/sites/g/files/omnuum12486/files/2025-10/2025%20ASR%20VF%20Compressed.pdf#page=71,c52024d2154a422a975890555ad0e11fd19790bcfc5d9cf405305edfa6031c3a
2025,2024,166027,166027002,Longwood Campus,robbery,Robbery,criminal_offenses,noncampus,0,0,reported_numeric,71,71,54,https://www.hupd.harvard.edu/sites/g/files/omnuum12486/files/2025-10/2025%20ASR%20VF%20Compressed.pdf#page=71,c52024d2154a422a975890555ad0e11fd19790bcfc5d9cf405305edfa6031c3a
2025,2024,166027,166027002,Longwood Campus,robbery,Robbery,criminal_offenses,publicproperty,1,1,reported_numeric,71,71,54,https://www.hupd.harvard.edu/sites/g/files/omnuum12486/files/2025-10/2025%20ASR%20VF%20Compressed.pdf#page=71,c52024d2154a422a975890555ad0e11fd19790bcfc5d9cf405305edfa6031c3a
2025,2022,166027,166027002,Longwood Campus,aggravated_assault,Aggravated Assault,criminal_offenses,residential,0,0,reported_numeric,71,71,55,https://www.hupd.harvard.edu/sites/g/files/omnuum12486/files/2025-10/2025%20ASR%20VF%20Compressed.pdf#page=71,c52024d2154a422a975890555ad0e11fd19790bcfc5d9cf405305edfa6031c3a
2025,2022,166027,166027002,Longwood Campus,aggravated_assault,Aggravated Assault,criminal_offenses,oncampus,0,0,reported_numeric,71,71,55,https://www.hupd.harvard.edu/sites/g/files/omnuum12486/files/2025-10/2025%20ASR%20VF%20Compressed.pdf#page=71,c52024d2154a422a975890555ad0e11fd19790bcfc5d9cf405305edfa6031c3a
2025,2022,166027,166027002,Longwood Campus,aggravated_assault,Aggravated Assault,criminal_offenses,noncampus,0,0,reported_numeric,71,71,55,https://www.hupd.harvard.edu/sites/g/files/omnuum12486/files/2025-10/2025%20ASR%20VF%20Compressed.pdf#page=71,c52024d2154a422a975890555ad0e11fd19790bcfc5d9cf405305edfa6031c3a
2025,2022,166027,166027002,Longwood Campus,aggravated_assault,Aggravated Assault,criminal_offenses,publicproperty,3,3,reported_numeric,71,71,55,https://www.hupd.harvard.edu/sites/g/files/omnuum12486/files/2025-10/2025%20ASR%20VF%20Compressed.pdf#page=71,c52024d2154a422a975890555ad0e11fd19790bcfc5d9cf405305edfa6031c3a
2025,2023,166027,166027002,Longwood Campus,aggravated_assault,Aggravated Assault,criminal_offenses,residential,0,0,reported_numeric,71,71,55,https://www.hupd.harvard.edu/sites/g/files/omnuum12486/files/2025-10/2025%20ASR%20VF%20Compressed.pdf#page=71,c52024d2154a422a975890555ad0e11fd19790bcfc5d9cf405305edfa6031c3a
2025,2023,166027,166027002,Longwood Campus,aggravated_assault,Aggravated Assault,criminal_offenses,oncampus,0,0,reported_numeric,71,71,55,https://www.hupd.harvard.edu/sites/g/files/omnuum12486/files/2025-10/2025%20ASR%20VF%20Compressed.pdf#page=71,c52024d2154a422a975890555ad0e11fd19790bcfc5d9cf405305edfa6031c3a
2025,2023,166027,166027002,Longwood Campus,aggravated_assault,Aggravated Assault,criminal_offenses,noncampus,0,0,reported_numeric,71,71,55,https://www.hupd.harvard.edu/sites/g/files/omnuum12486/files/2025-10/2025%20ASR%20VF%20Compressed.pdf#page=71,c52024d2154a422a975890555ad0e11fd19790bcfc5d9cf405305edfa6031c3a
2025,2023,166027,166027002,Longwood Campus,aggravated_assault,Aggravated Assault,criminal_offenses,publicproperty,1,1,reported_numeric,71,71,55,https://www.hupd.harvard.edu/sites/g/files/omnuum12486/files/2025-10/2025%20ASR%20VF%20Compressed.pdf#page=71,c52024d2154a422a975890555ad0e11fd19790bcfc5d9cf405305edfa6031c3a
2025,2024,166027,166027002,Longwood Campus,aggravated_assault,Aggravated Assault,criminal_offenses,residential,0,0,reported_numeric,71,71,55,https://www.hupd.harvard.edu/sites/g/files/omnuum12486/files/2025-10/2025%20ASR%20VF%20Compressed.pdf#page=71,c52024d2154a422a975890555ad0e11fd19790bcfc5d9cf405305edfa6031c3a
2025,2024,166027,166027002,Longwood Campus,aggravated_assault,Aggravated Assault,criminal_offenses,oncampus,0,0,reported_numeric,71,71,55,https://www.hupd.harvard.edu/sites/g/files/omnuum12486/files/2025-10/2025%20ASR%20VF%20Compressed.pdf#page=71,c52024d2154a422a975890555ad0e11fd19790bcfc5d9cf405305edfa6031c3a
2025,2024,166027,166027002,Longwood Campus,aggravated_assault,Aggravated Assault,criminal_offenses,noncampus,0,0,reported_numeric,71,71,55,https://www.hupd.harvard.edu/sites/g/files/omnuum12486/files/2025-10/2025%20ASR%20VF%20Compressed.pdf#page=71,c52024d2154a422a975890555ad0e11fd19790bcfc5d9cf405305edfa6031c3a
2025,2024,166027,166027002,Longwood Campus,aggravated_assault,Aggravated Assault,criminal_offenses,publicproperty,2,2,reported_numeric,71,71,55,https://www.hupd.harvard.edu/sites/g/files/omnuum12486/files/2025-10/2025%20ASR%20VF%20Compressed.pdf#page=71,c52024d2154a422a975890555ad0e11fd19790bcfc5d9cf405305edfa6031c3a
2025,2022,166027,166027002,Longwood Campus,burglary,Burglary,criminal_offenses,residential,0,0,reported_numeric,71,71,56,https://www.hupd.harvard.edu/sites/g/files/omnuum12486/files/2025-10/2025%20ASR%20VF%20Compressed.pdf#page=71,c52024d2154a422a975890555ad0e11fd19790bcfc5d9cf405305edfa6031c3a
2025,2022,166027,166027002,Longwood Campus,burglary,Burglary,criminal_offenses,oncampus,3,3,reported_numeric,71,71,56,https://www.hupd.harvard.edu/sites/g/files/omnuum12486/files/2025-10/2025%20ASR%20VF%20Compressed.pdf#page=71,c52024d2154a422a975890555ad0e11fd19790bcfc5d9cf405305edfa6031c3a
2025,2022,166027,166027002,Longwood Campus,burglary,Burglary,criminal_offenses,noncampus,0,0,reported_numeric,71,71,56,https://www.hupd.harvard.edu/sites/g/files/omnuum12486/files/2025-10/2025%20ASR%20VF%20Compressed.pdf#page=71,c52024d2154a422a975890555ad0e11fd19790bcfc5d9cf405305edfa6031c3a
2025,2022,166027,166027002,Longwood Campus,burglary,Burglary,criminal_offenses,publicproperty,0,0,reported_numeric,71,71,56,https://www.hupd.harvard.edu/sites/g/files/omnuum12486/files/2025-10/2025%20ASR%20VF%20Compressed.pdf#page=71,c52024d2154a422a975890555ad0e11fd19790bcfc5d9cf405305edfa6031c3a
2025,2023,166027,166027002,Longwood Campus,burglary,Burglary,criminal_offenses,residential,0,0,reported_numeric,71,71,56,https://www.hupd.harvard.edu/sites/g/files/omnuum12486/files/2025-10/2025%20ASR%20VF%20Compressed.pdf#page=71,c52024d2154a422a975890555ad0e11fd19790bcfc5d9cf405305edfa6031c3a
2025,2023,166027,166027002,Longwood Campus,burglary,Burglary,criminal_offenses,oncampus,3,3,reported_numeric,71,71,56,https://www.hupd.harvard.edu/sites/g/files/omnuum12486/files/2025-10/2025%20ASR%20VF%20Compressed.pdf#page=71,c52024d2154a422a975890555ad0e11fd19790bcfc5d9cf405305edfa6031c3a
2025,2023,166027,166027002,Longwood Campus,burglary,Burglary,criminal_offenses,noncampus,0,0,reported_numeric,71,71,56,https://www.hupd.harvard.edu/sites/g/files/omnuum12486/files/2025-10/2025%20ASR%20VF%20Compressed.pdf#page=71,c52024d2154a422a975890555ad0e11fd19790bcfc5d9cf405305edfa6031c3a
2025,2023,166027,166027002,Longwood Campus,burglary,Burglary,criminal_offenses,publicproperty,0,0,reported_numeric,71,71,56,https://www.hupd.harvard.edu/sites/g/files/omnuum12486/files/2025-10/2025%20ASR%20VF%20Compressed.pdf#page=71,c52024d2154a422a975890555ad0e11fd19790bcfc5d9cf405305edfa6031c3a
2025,2024,166027,166027002,Longwood Campus,burglary,Burglary,criminal_offenses,residential,0,0,reported_numeric,71,71,56,https://www.hupd.harvard.edu/sites/g/files/omnuum12486/files/2025-10/2025%20ASR%20VF%20Compressed.pdf#page=71,c52024d2154a422a975890555ad0e11fd19790bcfc5d9cf405305edfa6031c3a
2025,2024,166027,166027002,Longwood Campus,burglary,Burglary,criminal_offenses,oncampus,1,1,reported_numeric,71,71,56,https://www.hupd.harvard.edu/sites/g/files/omnuum12486/files/2025-10/2025%20ASR%20VF%20Compressed.pdf#page=71,c52024d2154a422a975890555ad0e11fd19790bcfc5d9cf405305edfa6031c3a
2025,2024,166027,166027002,Longwood Campus,burglary,Burglary,criminal_offenses,noncampus,0,0,reported_numeric,71,71,56,https://www.hupd.harvard.edu/sites/g/files/omnuum12486/files/2025-10/2025%20ASR%20VF%20Compressed.pdf#page=71,c52024d2154a422a975890555ad0e11fd19790bcfc5d9cf405305edfa6031c3a
2025,2024,166027,166027002,Longwood Campus,burglary,Burglary,criminal_offenses,publicproperty,0,0,reported_numeric,71,71,56,https://www.hupd.harvard.edu/sites/g/files/omnuum12486/files/2025-10/2025%20ASR%20VF%20Compressed.pdf#page=71,c52024d2154a422a975890555ad0e11fd19790bcfc5d9cf405305edfa6031c3a
2025,2022,166027,166027002,Longwood Campus,motor_vehicle_theft,Motor Vehicle Theft,criminal_offenses,residential,0,0,reported_numeric,71,71,57,https://www.hupd.harvard.edu/sites/g/files/omnuum12486/files/2025-10/2025%20ASR%20VF%20Compressed.pdf#page=71,c52024d2154a422a975890555ad0e11fd19790bcfc5d9cf405305edfa6031c3a
2025,2022,166027,166027002,Longwood Campus,motor_vehicle_theft,Motor Vehicle Theft,criminal_offenses,oncampus,6,6,reported_numeric,71,71,57,https://www.hupd.harvard.edu/sites/g/files/omnuum12486/files/2025-10/2025%20ASR%20VF%20Compressed.pdf#page=71,c52024d2154a422a975890555ad0e11fd19790bcfc5d9cf405305edfa6031c3a
2025,2022,166027,166027002,Longwood Campus,motor_vehicle_theft,Motor Vehicle Theft,criminal_offenses,noncampus,0,0,reported_numeric,71,71,57,https://www.hupd.harvard.edu/sites/g/files/omnuum12486/files/2025-10/2025%20ASR%20VF%20Compressed.pdf#page=71,c52024d2154a422a975890555ad0e11fd19790bcfc5d9cf405305edfa6031c3a
2025,2022,166027,166027002,Longwood Campus,motor_vehicle_theft,Motor Vehicle Theft,criminal_offenses,publicproperty,0,0,reported_numeric,71,71,57,https://www.hupd.harvard.edu/sites/g/files/omnuum12486/files/2025-10/2025%20ASR%20VF%20Compressed.pdf#page=71,c52024d2154a422a975890555ad0e11fd19790bcfc5d9cf405305edfa6031c3a
2025,2023,166027,166027002,Longwood Campus,motor_vehicle_theft,Motor Vehicle Theft,criminal_offenses,residential,1,1,reported_numeric,71,71,57,https://www.hupd.harvard.edu/sites/g/files/omnuum12486/files/2025-10/2025%20ASR%20VF%20Compressed.pdf#page=71,c52024d2154a422a975890555ad0e11fd19790bcfc5d9cf405305edfa6031c3a
2025,2023,166027,166027002,Longwood Campus,motor_vehicle_theft,Motor Vehicle Theft,criminal_offenses,oncampus,5,5,reported_numeric,71,71,57,https://www.hupd.harvard.edu/sites/g/files/omnuum12486/files/2025-10/2025%20ASR%20VF%20Compressed.pdf#page=71,c52024d2154a422a975890555ad0e11fd19790bcfc5d9cf405305edfa6031c3a
2025,2023,166027,166027002,Longwood Campus,motor_vehicle_theft,Motor Vehicle Theft,criminal_offenses,noncampus,0,0,reported_numeric,71,71,57,https://www.hupd.harvard.edu/sites/g/files/omnuum12486/files/2025-10/2025%20ASR%20VF%20Compressed.pdf#page=71,c52024d2154a422a975890555ad0e11fd19790bcfc5d9cf405305edfa6031c3a
2025,2023,166027,166027002,Longwood Campus,motor_vehicle_theft,Motor Vehicle Theft,criminal_offenses,publicproperty,0,0,reported_numeric,71,71,57,https://www.hupd.harvard.edu/sites/g/files/omnuum12486/files/2025-10/2025%20ASR%20VF%20Compressed.pdf#page=71,c52024d2154a422a975890555ad0e11fd19790bcfc5d9cf405305edfa6031c3a
2025,2024,166027,166027002,Longwood Campus,motor_vehicle_theft,Motor Vehicle Theft,criminal_offenses,residential,0,0,reported_numeric,71,71,57,https://www.hupd.harvard.edu/sites/g/files/omnuum12486/files/2025-10/2025%20ASR%20VF%20Compressed.pdf#page=71,c52024d2154a422a975890555ad0e11fd19790bcfc5d9cf405305edfa6031c3a
2025,2024,166027,166027002,Longwood Campus,motor_vehicle_theft,Motor Vehicle Theft,criminal_offenses,oncampus,9,9,reported_numeric,71,71,57,https://www.hupd.harvard.edu/sites/g/files/omnuum12486/files/2025-10/2025%20ASR%20VF%20Compressed.pdf#page=71,c52024d2154a422a975890555ad0e11fd19790bcfc5d9cf405305edfa6031c3a
2025,2024,166027,166027002,Longwood Campus,motor_vehicle_theft,Motor Vehicle Theft,criminal_offenses,noncampus,0,0,reported_numeric,71,71,57,https://www.hupd.harvard.edu/sites/g/files/omnuum12486/files/2025-10/2025%20ASR%20VF%20Compressed.pdf#page=71,c52024d2154a422a975890555ad0e11fd19790bcfc5d9cf405305edfa6031c3a
2025,2024,166027,166027002,Longwood Campus,motor_vehicle_theft,Motor Vehicle Theft,criminal_offenses,publicproperty,1,1,reported_numeric,71,71,57,https://www.hupd.harvard.edu/sites/g/files/omnuum12486/files/2025-10/2025%20ASR%20VF%20Compressed.pdf#page=71,c52024d2154a422a975890555ad0e11fd19790bcfc5d9cf405305edfa6031c3a
2025,2022,166027,166027002,Longwood Campus,arson,Arson,criminal_offenses,residential,0,0,reported_numeric,71,71,58,https://www.hupd.harvard.edu/sites/g/files/omnuum12486/files/2025-10/2025%20ASR%20VF%20Compressed.pdf#page=71,c52024d2154a422a975890555ad0e11fd19790bcfc5d9cf405305edfa6031c3a
2025,2022,166027,166027002,Longwood Campus,arson,Arson,criminal_offenses,oncampus,0,0,reported_numeric,71,71,58,https://www.hupd.harvard.edu/sites/g/files/omnuum12486/files/2025-10/2025%20ASR%20VF%20Compressed.pdf#page=71,c52024d2154a422a975890555ad0e11fd19790bcfc5d9cf405305edfa6031c3a
2025,2022,166027,166027002,Longwood Campus,arson,Arson,criminal_offenses,noncampus,0,0,reported_numeric,71,71,58,https://www.hupd.harvard.edu/sites/g/files/omnuum12486/files/2025-10/2025%20ASR%20VF%20Compressed.pdf#page=71,c52024d2154a422a975890555ad0e11fd19790bcfc5d9cf405305edfa6031c3a
2025,2022,166027,166027002,Longwood Campus,arson,Arson,criminal_offenses,publicproperty,0,0,reported_numeric,71,71,58,https://www.hupd.harvard.edu/sites/g/files/omnuum12486/files/2025-10/2025%20ASR%20VF%20Compressed.pdf#page=71,c52024d2154a422a975890555ad0e11fd19790bcfc5d9cf405305edfa6031c3a
2025,2023,166027,166027002,Longwood Campus,arson,Arson,criminal_offenses,residential,0,0,reported_numeric,71,71,58,https://www.hupd.harvard.edu/sites/g/files/omnuum12486/files/2025-10/2025%20ASR%20VF%20Compressed.pdf#page=71,c52024d2154a422a975890555ad0e11fd19790bcfc5d9cf405305edfa6031c3a
2025,2023,166027,166027002,Longwood Campus,arson,Arson,criminal_offenses,oncampus,0,0,reported_numeric,71,71,58,https://www.hupd.harvard.edu/sites/g/files/omnuum12486/files/2025-10/2025%20ASR%20VF%20Compressed.pdf#page=71,c52024d2154a422a975890555ad0e11fd19790bcfc5d9cf405305edfa6031c3a
2025,2023,166027,166027002,Longwood Campus,arson,Arson,criminal_offenses,noncampus,0,0,reported_numeric,71,71,58,https://www.hupd.harvard.edu/sites/g/files/omnuum12486/files/2025-10/2025%20ASR%20VF%20Compressed.pdf#page=71,c52024d2154a422a975890555ad0e11fd19790bcfc5d9cf405305edfa6031c3a
2025,2023,166027,166027002,Longwood Campus,arson,Arson,criminal_offenses,publicproperty,0,0,reported_numeric,71,71,58,https://www.hupd.harvard.edu/sites/g/files/omnuum12486/files/2025-10/2025%20ASR%20VF%20Compressed.pdf#page=71,c52024d2154a422a975890555ad0e11fd19790bcfc5d9cf405305edfa6031c3a
2025,2024,166027,166027002,Longwood Campus,arson,Arson,criminal_offenses,residential,0,0,reported_numeric,71,71,58,https://www.hupd.harvard.edu/sites/g/files/omnuum12486/files/2025-10/2025%20ASR%20VF%20Compressed.pdf#page=71,c52024d2154a422a975890555ad0e11fd19790bcfc5d9cf405305edfa6031c3a
2025,2024,166027,166027002,Longwood Campus,arson,Arson,criminal_offenses,oncampus,0,0,reported_numeric,71,71,58,https://www.hupd.harvard.edu/sites/g/files/omnuum12486/files/2025-10/2025%20ASR%20VF%20Compressed.pdf#page=71,c52024d2154a422a975890555ad0e11fd19790bcfc5d9cf405305edfa6031c3a
2025,2024,166027,166027002,Longwood Campus,arson,Arson,criminal_offenses,noncampus,0,0,reported_numeric,71,71,58,https://www.hupd.harvard.edu/sites/g/files/omnuum12486/files/2025-10/2025%20ASR%20VF%20Compressed.pdf#page=71,c52024d2154a422a975890555ad0e11fd19790bcfc5d9cf405305edfa6031c3a
2025,2024,166027,166027002,Longwood Campus,arson,Arson,criminal_offenses,publicproperty,0,0,reported_numeric,71,71,58,https://www.hupd.harvard.edu/sites/g/files/omnuum12486/files/2025-10/2025%20ASR%20VF%20Compressed.pdf#page=71,c52024d2154a422a975890555ad0e11fd19790bcfc5d9cf405305edfa6031c3a
2025,2022,166027,166027002,Longwood Campus,domestic_violence,Domestic Violence,vawa,residential,0,0,reported_numeric,71,71,59,https://www.hupd.harvard.edu/sites/g/files/omnuum12486/files/2025-10/2025%20ASR%20VF%20Compressed.pdf#page=71,c52024d2154a422a975890555ad0e11fd19790bcfc5d9cf405305edfa6031c3a
2025,2022,166027,166027002,Longwood Campus,domestic_violence,Domestic Violence,vawa,oncampus,0,0,reported_numeric,71,71,59,https://www.hupd.harvard.edu/sites/g/files/omnuum12486/files/2025-10/2025%20ASR%20VF%20Compressed.pdf#page=71,c52024d2154a422a975890555ad0e11fd19790bcfc5d9cf405305edfa6031c3a
2025,2022,166027,166027002,Longwood Campus,domestic_violence,Domestic Violence,vawa,noncampus,0,0,reported_numeric,71,71,59,https://www.hupd.harvard.edu/sites/g/files/omnuum12486/files/2025-10/2025%20ASR%20VF%20Compressed.pdf#page=71,c52024d2154a422a975890555ad0e11fd19790bcfc5d9cf405305edfa6031c3a
2025,2022,166027,166027002,Longwood Campus,domestic_violence,Domestic Violence,vawa,publicproperty,1,1,reported_numeric,71,71,59,https://www.hupd.harvard.edu/sites/g/files/omnuum12486/files/2025-10/2025%20ASR%20VF%20Compressed.pdf#page=71,c52024d2154a422a975890555ad0e11fd19790bcfc5d9cf405305edfa6031c3a
2025,2023,166027,166027002,Longwood Campus,domestic_violence,Domestic Violence,vawa,residential,0,0,reported_numeric,71,71,59,https://www.hupd.harvard.edu/sites/g/files/omnuum12486/files/2025-10/2025%20ASR%20VF%20Compressed.pdf#page=71,c52024d2154a422a975890555ad0e11fd19790bcfc5d9cf405305edfa6031c3a
2025,2023,166027,166027002,Longwood Campus,domestic_violence,Domestic Violence,vawa,oncampus,0,0,reported_numeric,71,71,59,https://www.hupd.harvard.edu/sites/g/files/omnuum12486/files/2025-10/2025%20ASR%20VF%20Compressed.pdf#page=71,c52024d2154a422a975890555ad0e11fd19790bcfc5d9cf405305edfa6031c3a
2025,2023,166027,166027002,Longwood Campus,domestic_violence,Domestic Violence,vawa,noncampus,0,0,reported_numeric,71,71,59,https://www.hupd.harvard.edu/sites/g/files/omnuum12486/files/2025-10/2025%20ASR%20VF%20Compressed.pdf#page=71,c52024d2154a422a975890555ad0e11fd19790bcfc5d9cf405305edfa6031c3a
2025,2023,166027,166027002,Longwood Campus,domestic_violence,Domestic Violence,vawa,publicproperty,0,0,reported_numeric,71,71,59,https://www.hupd.harvard.edu/sites/g/files/omnuum12486/files/2025-10/2025%20ASR%20VF%20Compressed.pdf#page=71,c52024d2154a422a975890555ad0e11fd19790bcfc5d9cf405305edfa6031c3a
2025,2024,166027,166027002,Longwood Campus,domestic_violence,Domestic Violence,vawa,residential,0,0,reported_numeric,71,71,59,https://www.hupd.harvard.edu/sites/g/files/omnuum12486/files/2025-10/2025%20ASR%20VF%20Compressed.pdf#page=71,c52024d2154a422a975890555ad0e11fd19790bcfc5d9cf405305edfa6031c3a
2025,2024,166027,166027002,Longwood Campus,domestic_violence,Domestic Violence,vawa,oncampus,1,1,reported_numeric,71,71,59,https://www.hupd.harvard.edu/sites/g/files/omnuum12486/files/2025-10/2025%20ASR%20VF%20Compressed.pdf#page=71,c52024d2154a422a975890555ad0e11fd19790bcfc5d9cf405305edfa6031c3a
2025,2024,166027,166027002,Longwood Campus,domestic_violence,Domestic Violence,vawa,noncampus,0,0,reported_numeric,71,71,59,https://www.hupd.harvard.edu/sites/g/files/omnuum12486/files/2025-10/2025%20ASR%20VF%20Compressed.pdf#page=71,c52024d2154a422a975890555ad0e11fd19790bcfc5d9cf405305edfa6031c3a
2025,2024,166027,166027002,Longwood Campus,domestic_violence,Domestic Violence,vawa,publicproperty,1,1,reported_numeric,71,71,59,https://www.hupd.harvard.edu/sites/g/files/omnuum12486/files/2025-10/2025%20ASR%20VF%20Compressed.pdf#page=71,c52024d2154a422a975890555ad0e11fd19790bcfc5d9cf405305edfa6031c3a
2025,2022,166027,166027002,Longwood Campus,dating_violence,Dating Violence,vawa,residential,0,0,reported_numeric,71,71,60,https://www.hupd.harvard.edu/sites/g/files/omnuum12486/files/2025-10/2025%20ASR%20VF%20Compressed.pdf#page=71,c52024d2154a422a975890555ad0e11fd19790bcfc5d9cf405305edfa6031c3a
2025,2022,166027,166027002,Longwood Campus,dating_violence,Dating Violence,vawa,oncampus,0,0,reported_numeric,71,71,60,https://www.hupd.harvard.edu/sites/g/files/omnuum12486/files/2025-10/2025%20ASR%20VF%20Compressed.pdf#page=71,c52024d2154a422a975890555ad0e11fd19790bcfc5d9cf405305edfa6031c3a
2025,2022,166027,166027002,Longwood Campus,dating_violence,Dating Violence,vawa,noncampus,0,0,reported_numeric,71,71,60,https://www.hupd.harvard.edu/sites/g/files/omnuum12486/files/2025-10/2025%20ASR%20VF%20Compressed.pdf#page=71,c52024d2154a422a975890555ad0e11fd19790bcfc5d9cf405305edfa6031c3a
2025,2022,166027,166027002,Longwood Campus,dating_violence,Dating Violence,vawa,publicproperty,0,0,reported_numeric,71,71,60,https://www.hupd.harvard.edu/sites/g/files/omnuum12486/files/2025-10/2025%20ASR%20VF%20Compressed.pdf#page=71,c52024d2154a422a975890555ad0e11fd19790bcfc5d9cf405305edfa6031c3a
2025,2023,166027,166027002,Longwood Campus,dating_violence,Dating Violence,vawa,residential,0,0,reported_numeric,71,71,60,https://www.hupd.harvard.edu/sites/g/files/omnuum12486/files/2025-10/2025%20ASR%20VF%20Compressed.pdf#page=71,c52024d2154a422a975890555ad0e11fd19790bcfc5d9cf405305edfa6031c3a
2025,2023,166027,166027002,Longwood Campus,dating_violence,Dating Violence,vawa,oncampus,0,0,reported_numeric,71,71,60,https://www.hupd.harvard.edu/sites/g/files/omnuum12486/files/2025-10/2025%20ASR%20VF%20Compressed.pdf#page=71,c52024d2154a422a975890555ad0e11fd19790bcfc5d9cf405305edfa6031c3a
2025,2023,166027,166027002,Longwood Campus,dating_violence,Dating Violence,vawa,noncampus,0,0,reported_numeric,71,71,60,https://www.hupd.harvard.edu/sites/g/files/omnuum12486/files/2025-10/2025%20ASR%20VF%20Compressed.pdf#page=71,c52024d2154a422a975890555ad0e11fd19790bcfc5d9cf405305edfa6031c3a
2025,2023,166027,166027002,Longwood Campus,dating_violence,Dating Violence,vawa,publicproperty,0,0,reported_numeric,71,71,60,https://www.hupd.harvard.edu/sites/g/files/omnuum12486/files/2025-10/2025%20ASR%20VF%20Compressed.pdf#page=71,c52024d2154a422a975890555ad0e11fd19790bcfc5d9cf405305edfa6031c3a
2025,2024,166027,166027002,Longwood Campus,dating_violence,Dating Violence,vawa,residential,0,0,reported_numeric,71,71,60,https://www.hupd.harvard.edu/sites/g/files/omnuum12486/files/2025-10/2025%20ASR%20VF%20Compressed.pdf#page=71,c52024d2154a422a975890555ad0e11fd19790bcfc5d9cf405305edfa6031c3a
2025,2024,166027,166027002,Longwood Campus,dating_violence,Dating Violence,vawa,oncampus,0,0,reported_numeric,71,71,60,https://www.hupd.harvard.edu/sites/g/files/omnuum12486/files/2025-10/2025%20ASR%20VF%20Compressed.pdf#page=71,c52024d2154a422a975890555ad0e11fd19790bcfc5d9cf405305edfa6031c3a
2025,2024,166027,166027002,Longwood Campus,dating_violence,Dating Violence,vawa,noncampus,0,0,reported_numeric,71,71,60,https://www.hupd.harvard.edu/sites/g/files/omnuum12486/files/2025-10/2025%20ASR%20VF%20Compressed.pdf#page=71,c52024d2154a422a975890555ad0e11fd19790bcfc5d9cf405305edfa6031c3a
2025,2024,166027,166027002,Longwood Campus,dating_violence,Dating Violence,vawa,publicproperty,0,0,reported_numeric,71,71,60,https://www.hupd.harvard.edu/sites/g/files/omnuum12486/files/2025-10/2025%20ASR%20VF%20Compressed.pdf#page=71,c52024d2154a422a975890555ad0e11fd19790bcfc5d9cf405305edfa6031c3a
2025,2022,166027,166027002,Longwood Campus,stalking,Stalking,vawa,residential,0,0,reported_numeric,71,71,61,https://www.hupd.harvard.edu/sites/g/files/omnuum12486/files/2025-10/2025%20ASR%20VF%20Compressed.pdf#page=71,c52024d2154a422a975890555ad0e11fd19790bcfc5d9cf405305edfa6031c3a
2025,2022,166027,166027002,Longwood Campus,stalking,Stalking,vawa,oncampus,0,0,reported_numeric,71,71,61,https://www.hupd.harvard.edu/sites/g/files/omnuum12486/files/2025-10/2025%20ASR%20VF%20Compressed.pdf#page=71,c52024d2154a422a975890555ad0e11fd19790bcfc5d9cf405305edfa6031c3a
2025,2022,166027,166027002,Longwood Campus,stalking,Stalking,vawa,noncampus,0,0,reported_numeric,71,71,61,https://www.hupd.harvard.edu/sites/g/files/omnuum12486/files/2025-10/2025%20ASR%20VF%20Compressed.pdf#page=71,c52024d2154a422a975890555ad0e11fd19790bcfc5d9cf405305edfa6031c3a
2025,2022,166027,166027002,Longwood Campus,stalking,Stalking,vawa,publicproperty,0,0,reported_numeric,71,71,61,https://www.hupd.harvard.edu/sites/g/files/omnuum12486/files/2025-10/2025%20ASR%20VF%20Compressed.pdf#page=71,c52024d2154a422a975890555ad0e11fd19790bcfc5d9cf405305edfa6031c3a
2025,2023,166027,166027002,Longwood Campus,stalking,Stalking,vawa,residential,0,0,reported_numeric,71,71,61,https://www.hupd.harvard.edu/sites/g/files/omnuum12486/files/2025-10/2025%20ASR%20VF%20Compressed.pdf#page=71,c52024d2154a422a975890555ad0e11fd19790bcfc5d9cf405305edfa6031c3a
2025,2023,166027,166027002,Longwood Campus,stalking,Stalking,vawa,oncampus,0,0,reported_numeric,71,71,61,https://www.hupd.harvard.edu/sites/g/files/omnuum12486/files/2025-10/2025%20ASR%20VF%20Compressed.pdf#page=71,c52024d2154a422a975890555ad0e11fd19790bcfc5d9cf405305edfa6031c3a
2025,2023,166027,166027002,Longwood Campus,stalking,Stalking,vawa,noncampus,0,0,reported_numeric,71,71,61,https://www.hupd.harvard.edu/sites/g/files/omnuum12486/files/2025-10/2025%20ASR%20VF%20Compressed.pdf#page=71,c52024d2154a422a975890555ad0e11fd19790bcfc5d9cf405305edfa6031c3a
2025,2023,166027,166027002,Longwood Campus,stalking,Stalking,vawa,publicproperty,0,0,reported_numeric,71,71,61,https://www.hupd.harvard.edu/sites/g/files/omnuum12486/files/2025-10/2025%20ASR%20VF%20Compressed.pdf#page=71,c52024d2154a422a975890555ad0e11fd19790bcfc5d9cf405305edfa6031c3a
2025,2024,166027,166027002,Longwood Campus,stalking,Stalking,vawa,residential,1,1,reported_numeric,71,71,61,https://www.hupd.harvard.edu/sites/g/files/omnuum12486/files/2025-10/2025%20ASR%20VF%20Compressed.pdf#page=71,c52024d2154a422a975890555ad0e11fd19790bcfc5d9cf405305edfa6031c3a
2025,2024,166027,166027002,Longwood Campus,stalking,Stalking,vawa,oncampus,1,1,reported_numeric,71,71,61,https://www.hupd.harvard.edu/sites/g/files/omnuum12486/files/2025-10/2025%20ASR%20VF%20Compressed.pdf#page=71,c52024d2154a422a975890555ad0e11fd19790bcfc5d9cf405305edfa6031c3a
2025,2024,166027,166027002,Longwood Campus,stalking,Stalking,vawa,noncampus,0,0,reported_numeric,71,71,61,https://www.hupd.harvard.edu/sites/g/files/omnuum12486/files/2025-10/2025%20ASR%20VF%20Compressed.pdf#page=71,c52024d2154a422a975890555ad0e11fd19790bcfc5d9cf405305edfa6031c3a
2025,2024,166027,166027002,Longwood Campus,stalking,Stalking,vawa,publicproperty,0,0,reported_numeric,71,71,61,https://www.hupd.harvard.edu/sites/g/files/omnuum12486/files/2025-10/2025%20ASR%20VF%20Compressed.pdf#page=71,c52024d2154a422a975890555ad0e11fd19790bcfc5d9cf405305edfa6031c3a
2025,2022,166027,166027004,Arnold Arboretum,murder,Murder/Nonnegligent Manslaughter,criminal_offenses,residential,,,not_reported,72,72,33,https://www.hupd.harvard.edu/sites/g/files/omnuum12486/files/2025-10/2025%20ASR%20VF%20Compressed.pdf#page=72,c52024d2154a422a975890555ad0e11fd19790bcfc5d9cf405305edfa6031c3a
2025,2022,166027,166027004,Arnold Arboretum,murder,Murder/Nonnegligent Manslaughter,criminal_offenses,oncampus,0,0,reported_numeric,72,72,33,https://www.hupd.harvard.edu/sites/g/files/omnuum12486/files/2025-10/2025%20ASR%20VF%20Compressed.pdf#page=72,c52024d2154a422a975890555ad0e11fd19790bcfc5d9cf405305edfa6031c3a
2025,2022,166027,166027004,Arnold Arboretum,murder,Murder/Nonnegligent Manslaughter,criminal_offenses,noncampus,,,not_reported,72,72,33,https://www.hupd.harvard.edu/sites/g/files/omnuum12486/files/2025-10/2025%20ASR%20VF%20Compressed.pdf#page=72,c52024d2154a422a975890555ad0e11fd19790bcfc5d9cf405305edfa6031c3a
2025,2022,166027,166027004,Arnold Arboretum,murder,Murder/Nonnegligent Manslaughter,criminal_offenses,publicproperty,0,0,reported_numeric,72,72,33,https://www.hupd.harvard.edu/sites/g/files/omnuum12486/files/2025-10/2025%20ASR%20VF%20Compressed.pdf#page=72,c52024d2154a422a975890555ad0e11fd19790bcfc5d9cf405305edfa6031c3a
2025,2023,166027,166027004,Arnold Arboretum,murder,Murder/Nonnegligent Manslaughter,criminal_offenses,residential,,,not_reported,72,72,33,https://www.hupd.harvard.edu/sites/g/files/omnuum12486/files/2025-10/2025%20ASR%20VF%20Compressed.pdf#page=72,c52024d2154a422a975890555ad0e11fd19790bcfc5d9cf405305edfa6031c3a
2025,2023,166027,166027004,Arnold Arboretum,murder,Murder/Nonnegligent Manslaughter,criminal_offenses,oncampus,0,0,reported_numeric,72,72,33,https://www.hupd.harvard.edu/sites/g/files/omnuum12486/files/2025-10/2025%20ASR%20VF%20Compressed.pdf#page=72,c52024d2154a422a975890555ad0e11fd19790bcfc5d9cf405305edfa6031c3a
2025,2023,166027,166027004,Arnold Arboretum,murder,Murder/Nonnegligent Manslaughter,criminal_offenses,noncampus,,,not_reported,72,72,33,https://www.hupd.harvard.edu/sites/g/files/omnuum12486/files/2025-10/2025%20ASR%20VF%20Compressed.pdf#page=72,c52024d2154a422a975890555ad0e11fd19790bcfc5d9cf405305edfa6031c3a
2025,2023,166027,166027004,Arnold Arboretum,murder,Murder/Nonnegligent Manslaughter,criminal_offenses,publicproperty,0,0,reported_numeric,72,72,33,https://www.hupd.harvard.edu/sites/g/files/omnuum12486/files/2025-10/2025%20ASR%20VF%20Compressed.pdf#page=72,c52024d2154a422a975890555ad0e11fd19790bcfc5d9cf405305edfa6031c3a
2025,2024,166027,166027004,Arnold Arboretum,murder,Murder/Nonnegligent Manslaughter,criminal_offenses,residential,,,not_reported,72,72,33,https://www.hupd.harvard.edu/sites/g/files/omnuum12486/files/2025-10/2025%20ASR%20VF%20Compressed.pdf#page=72,c52024d2154a422a975890555ad0e11fd19790bcfc5d9cf405305edfa6031c3a
2025,2024,166027,166027004,Arnold Arboretum,murder,Murder/Nonnegligent Manslaughter,criminal_offenses,oncampus,0,0,reported_numeric,72,72,33,https://www.hupd.harvard.edu/sites/g/files/omnuum12486/files/2025-10/2025%20ASR%20VF%20Compressed.pdf#page=72,c52024d2154a422a975890555ad0e11fd19790bcfc5d9cf405305edfa6031c3a
2025,2024,166027,166027004,Arnold Arboretum,murder,Murder/Nonnegligent Manslaughter,criminal_offenses,noncampus,,,not_reported,72,72,33,https://www.hupd.harvard.edu/sites/g/files/omnuum12486/files/2025-10/2025%20ASR%20VF%20Compressed.pdf#page=72,c52024d2154a422a975890555ad0e11fd19790bcfc5d9cf405305edfa6031c3a
2025,2024,166027,166027004,Arnold Arboretum,murder,Murder/Nonnegligent Manslaughter,criminal_offenses,publicproperty,0,0,reported_numeric,72,72,33,https://www.hupd.harvard.edu/sites/g/files/omnuum12486/files/2025-10/2025%20ASR%20VF%20Compressed.pdf#page=72,c52024d2154a422a975890555ad0e11fd19790bcfc5d9cf405305edfa6031c3a
2025,2022,166027,166027004,Arnold Arboretum,negligent_manslaughter,Negligent Manslaughter,criminal_offenses,residential,,,not_reported,72,72,34,https://www.hupd.harvard.edu/sites/g/files/omnuum12486/files/2025-10/2025%20ASR%20VF%20Compressed.pdf#page=72,c52024d2154a422a975890555ad0e11fd19790bcfc5d9cf405305edfa6031c3a
2025,2022,166027,166027004,Arnold Arboretum,negligent_manslaughter,Negligent Manslaughter,criminal_offenses,oncampus,0,0,reported_numeric,72,72,34,https://www.hupd.harvard.edu/sites/g/files/omnuum12486/files/2025-10/2025%20ASR%20VF%20Compressed.pdf#page=72,c52024d2154a422a975890555ad0e11fd19790bcfc5d9cf405305edfa6031c3a
2025,2022,166027,166027004,Arnold Arboretum,negligent_manslaughter,Negligent Manslaughter,criminal_offenses,noncampus,,,not_reported,72,72,34,https://www.hupd.harvard.edu/sites/g/files/omnuum12486/files/2025-10/2025%20ASR%20VF%20Compressed.pdf#page=72,c52024d2154a422a975890555ad0e11fd19790bcfc5d9cf405305edfa6031c3a
2025,2022,166027,166027004,Arnold Arboretum,negligent_manslaughter,Negligent Manslaughter,criminal_offenses,publicproperty,0,0,reported_numeric,72,72,34,https://www.hupd.harvard.edu/sites/g/files/omnuum12486/files/2025-10/2025%20ASR%20VF%20Compressed.pdf#page=72,c52024d2154a422a975890555ad0e11fd19790bcfc5d9cf405305edfa6031c3a
2025,2023,166027,166027004,Arnold Arboretum,negligent_manslaughter,Negligent Manslaughter,criminal_offenses,residential,,,not_reported,72,72,34,https://www.hupd.harvard.edu/sites/g/files/omnuum12486/files/2025-10/2025%20ASR%20VF%20Compressed.pdf#page=72,c52024d2154a422a975890555ad0e11fd19790bcfc5d9cf405305edfa6031c3a
2025,2023,166027,166027004,Arnold Arboretum,negligent_manslaughter,Negligent Manslaughter,criminal_offenses,oncampus,0,0,reported_numeric,72,72,34,https://www.hupd.harvard.edu/sites/g/files/omnuum12486/files/2025-10/2025%20ASR%20VF%20Compressed.pdf#page=72,c52024d2154a422a975890555ad0e11fd19790bcfc5d9cf405305edfa6031c3a
2025,2023,166027,166027004,Arnold Arboretum,negligent_manslaughter,Negligent Manslaughter,criminal_offenses,noncampus,,,not_reported,72,72,34,https://www.hupd.harvard.edu/sites/g/files/omnuum12486/files/2025-10/2025%20ASR%20VF%20Compressed.pdf#page=72,c52024d2154a422a975890555ad0e11fd19790bcfc5d9cf405305edfa6031c3a
2025,2023,166027,166027004,Arnold Arboretum,negligent_manslaughter,Negligent Manslaughter,criminal_offenses,publicproperty,0,0,reported_numeric,72,72,34,https://www.hupd.harvard.edu/sites/g/files/omnuum12486/files/2025-10/2025%20ASR%20VF%20Compressed.pdf#page=72,c52024d2154a422a975890555ad0e11fd19790bcfc5d9cf405305edfa6031c3a
2025,2024,166027,166027004,Arnold Arboretum,negligent_manslaughter,Negligent Manslaughter,criminal_offenses,residential,,,not_reported,72,72,34,https://www.hupd.harvard.edu/sites/g/files/omnuum12486/files/2025-10/2025%20ASR%20VF%20Compressed.pdf#page=72,c52024d2154a422a975890555ad0e11fd19790bcfc5d9cf405305edfa6031c3a
2025,2024,166027,166027004,Arnold Arboretum,negligent_manslaughter,Negligent Manslaughter,criminal_offenses,oncampus,0,0,reported_numeric,72,72,34,https://www.hupd.harvard.edu/sites/g/files/omnuum12486/files/2025-10/2025%20ASR%20VF%20Compressed.pdf#page=72,c52024d2154a422a975890555ad0e11fd19790bcfc5d9cf405305edfa6031c3a
2025,2024,166027,166027004,Arnold Arboretum,negligent_manslaughter,Negligent Manslaughter,criminal_offenses,noncampus,,,not_reported,72,72,34,https://www.hupd.harvard.edu/sites/g/files/omnuum12486/files/2025-10/2025%20ASR%20VF%20Compressed.pdf#page=72,c52024d2154a422a975890555ad0e11fd19790bcfc5d9cf405305edfa6031c3a
2025,2024,166027,166027004,Arnold Arboretum,negligent_manslaughter,Negligent Manslaughter,criminal_offenses,publicproperty,0,0,reported_numeric,72,72,34,https://www.hupd.harvard.edu/sites/g/files/omnuum12486/files/2025-10/2025%20ASR%20VF%20Compressed.pdf#page=72,c52024d2154a422a975890555ad0e11fd19790bcfc5d9cf405305edfa6031c3a
2025,2022,166027,166027004,Arnold Arboretum,rape,Rape,criminal_offenses,residential,,,not_reported,72,72,35,https://www.hupd.harvard.edu/sites/g/files/omnuum12486/files/2025-10/2025%20ASR%20VF%20Compressed.pdf#page=72,c52024d2154a422a975890555ad0e11fd19790bcfc5d9cf405305edfa6031c3a
2025,2022,166027,166027004,Arnold Arboretum,rape,Rape,criminal_offenses,oncampus,0,0,reported_numeric,72,72,35,https://www.hupd.harvard.edu/sites/g/files/omnuum12486/files/2025-10/2025%20ASR%20VF%20Compressed.pdf#page=72,c52024d2154a422a975890555ad0e11fd19790bcfc5d9cf405305edfa6031c3a
2025,2022,166027,166027004,Arnold Arboretum,rape,Rape,criminal_offenses,noncampus,,,not_reported,72,72,35,https://www.hupd.harvard.edu/sites/g/files/omnuum12486/files/2025-10/2025%20ASR%20VF%20Compressed.pdf#page=72,c52024d2154a422a975890555ad0e11fd19790bcfc5d9cf405305edfa6031c3a
2025,2022,166027,166027004,Arnold Arboretum,rape,Rape,criminal_offenses,publicproperty,0,0,reported_numeric,72,72,35,https://www.hupd.harvard.edu/sites/g/files/omnuum12486/files/2025-10/2025%20ASR%20VF%20Compressed.pdf#page=72,c52024d2154a422a975890555ad0e11fd19790bcfc5d9cf405305edfa6031c3a
2025,2023,166027,166027004,Arnold Arboretum,rape,Rape,criminal_offenses,residential,,,not_reported,72,72,35,https://www.hupd.harvard.edu/sites/g/files/omnuum12486/files/2025-10/2025%20ASR%20VF%20Compressed.pdf#page=72,c52024d2154a422a975890555ad0e11fd19790bcfc5d9cf405305edfa6031c3a
2025,2023,166027,166027004,Arnold Arboretum,rape,Rape,criminal_offenses,oncampus,0,0,reported_numeric,72,72,35,https://www.hupd.harvard.edu/sites/g/files/omnuum12486/files/2025-10/2025%20ASR%20VF%20Compressed.pdf#page=72,c52024d2154a422a975890555ad0e11fd19790bcfc5d9cf405305edfa6031c3a
2025,2023,166027,166027004,Arnold Arboretum,rape,Rape,criminal_offenses,noncampus,,,not_reported,72,72,35,https://www.hupd.harvard.edu/sites/g/files/omnuum12486/files/2025-10/2025%20ASR%20VF%20Compressed.pdf#page=72,c52024d2154a422a975890555ad0e11fd19790bcfc5d9cf405305edfa6031c3a
2025,2023,166027,166027004,Arnold Arboretum,rape,Rape,criminal_offenses,publicproperty,0,0,reported_numeric,72,72,35,https://www.hupd.harvard.edu/sites/g/files/omnuum12486/files/2025-10/2025%20ASR%20VF%20Compressed.pdf#page=72,c52024d2154a422a975890555ad0e11fd19790bcfc5d9cf405305edfa6031c3a
2025,2024,166027,166027004,Arnold Arboretum,rape,Rape,criminal_offenses,residential,,,not_reported,72,72,35,https://www.hupd.harvard.edu/sites/g/files/omnuum12486/files/2025-10/2025%20ASR%20VF%20Compressed.pdf#page=72,c52024d2154a422a975890555ad0e11fd19790bcfc5d9cf405305edfa6031c3a
2025,2024,166027,166027004,Arnold Arboretum,rape,Rape,criminal_offenses,oncampus,0,0,reported_numeric,72,72,35,https://www.hupd.harvard.edu/sites/g/files/omnuum12486/files/2025-10/2025%20ASR%20VF%20Compressed.pdf#page=72,c52024d2154a422a975890555ad0e11fd19790bcfc5d9cf405305edfa6031c3a
2025,2024,166027,166027004,Arnold Arboretum,rape,Rape,criminal_offenses,noncampus,,,not_reported,72,72,35,https://www.hupd.harvard.edu/sites/g/files/omnuum12486/files/2025-10/2025%20ASR%20VF%20Compressed.pdf#page=72,c52024d2154a422a975890555ad0e11fd19790bcfc5d9cf405305edfa6031c3a
2025,2024,166027,166027004,Arnold Arboretum,rape,Rape,criminal_offenses,publicproperty,0,0,reported_numeric,72,72,35,https://www.hupd.harvard.edu/sites/g/files/omnuum12486/files/2025-10/2025%20ASR%20VF%20Compressed.pdf#page=72,c52024d2154a422a975890555ad0e11fd19790bcfc5d9cf405305edfa6031c3a
2025,2022,166027,166027004,Arnold Arboretum,fondling,Fondling,criminal_offenses,residential,,,not_reported,72,72,36,https://www.hupd.harvard.edu/sites/g/files/omnuum12486/files/2025-10/2025%20ASR%20VF%20Compressed.pdf#page=72,c52024d2154a422a975890555ad0e11fd19790bcfc5d9cf405305edfa6031c3a
2025,2022,166027,166027004,Arnold Arboretum,fondling,Fondling,criminal_offenses,oncampus,0,0,reported_numeric,72,72,36,https://www.hupd.harvard.edu/sites/g/files/omnuum12486/files/2025-10/2025%20ASR%20VF%20Compressed.pdf#page=72,c52024d2154a422a975890555ad0e11fd19790bcfc5d9cf405305edfa6031c3a
2025,2022,166027,166027004,Arnold Arboretum,fondling,Fondling,criminal_offenses,noncampus,,,not_reported,72,72,36,https://www.hupd.harvard.edu/sites/g/files/omnuum12486/files/2025-10/2025%20ASR%20VF%20Compressed.pdf#page=72,c52024d2154a422a975890555ad0e11fd19790bcfc5d9cf405305edfa6031c3a
2025,2022,166027,166027004,Arnold Arboretum,fondling,Fondling,criminal_offenses,publicproperty,0,0,reported_numeric,72,72,36,https://www.hupd.harvard.edu/sites/g/files/omnuum12486/files/2025-10/2025%20ASR%20VF%20Compressed.pdf#page=72,c52024d2154a422a975890555ad0e11fd19790bcfc5d9cf405305edfa6031c3a
2025,2023,166027,166027004,Arnold Arboretum,fondling,Fondling,criminal_offenses,residential,,,not_reported,72,72,36,https://www.hupd.harvard.edu/sites/g/files/omnuum12486/files/2025-10/2025%20ASR%20VF%20Compressed.pdf#page=72,c52024d2154a422a975890555ad0e11fd19790bcfc5d9cf405305edfa6031c3a
2025,2023,166027,166027004,Arnold Arboretum,fondling,Fondling,criminal_offenses,oncampus,0,0,reported_numeric,72,72,36,https://www.hupd.harvard.edu/sites/g/files/omnuum12486/files/2025-10/2025%20ASR%20VF%20Compressed.pdf#page=72,c52024d2154a422a975890555ad0e11fd19790bcfc5d9cf405305edfa6031c3a
2025,2023,166027,166027004,Arnold Arboretum,fondling,Fondling,criminal_offenses,noncampus,,,not_reported,72,72,36,https://www.hupd.harvard.edu/sites/g/files/omnuum12486/files/2025-10/2025%20ASR%20VF%20Compressed.pdf#page=72,c52024d2154a422a975890555ad0e11fd19790bcfc5d9cf405305edfa6031c3a
2025,2023,166027,166027004,Arnold Arboretum,fondling,Fondling,criminal_offenses,publicproperty,0,0,reported_numeric,72,72,36,https://www.hupd.harvard.edu/sites/g/files/omnuum12486/files/2025-10/2025%20ASR%20VF%20Compressed.pdf#page=72,c52024d2154a422a975890555ad0e11fd19790bcfc5d9cf405305edfa6031c3a
2025,2024,166027,166027004,Arnold Arboretum,fondling,Fondling,criminal_offenses,residential,,,not_reported,72,72,36,https://www.hupd.harvard.edu/sites/g/files/omnuum12486/files/2025-10/2025%20ASR%20VF%20Compressed.pdf#page=72,c52024d2154a422a975890555ad0e11fd19790bcfc5d9cf405305edfa6031c3a
2025,2024,166027,166027004,Arnold Arboretum,fondling,Fondling,criminal_offenses,oncampus,0,0,reported_numeric,72,72,36,https://www.hupd.harvard.edu/sites/g/files/omnuum12486/files/2025-10/2025%20ASR%20VF%20Compressed.pdf#page=72,c52024d2154a422a975890555ad0e11fd19790bcfc5d9cf405305edfa6031c3a
2025,2024,166027,166027004,Arnold Arboretum,fondling,Fondling,criminal_offenses,noncampus,,,not_reported,72,72,36,https://www.hupd.harvard.edu/sites/g/files/omnuum12486/files/2025-10/2025%20ASR%20VF%20Compressed.pdf#page=72,c52024d2154a422a975890555ad0e11fd19790bcfc5d9cf405305edfa6031c3a
2025,2024,166027,166027004,Arnold Arboretum,fondling,Fondling,criminal_offenses,publicproperty,0,0,reported_numeric,72,72,36,https://www.hupd.harvard.edu/sites/g/files/omnuum12486/files/2025-10/2025%20ASR%20VF%20Compressed.pdf#page=72,c52024d2154a422a975890555ad0e11fd19790bcfc5d9cf405305edfa6031c3a
2025,2022,166027,166027004,Arnold Arboretum,incest,Incest,criminal_offenses,residential,,,not_reported,72,72,37,https://www.hupd.harvard.edu/sites/g/files/omnuum12486/files/2025-10/2025%20ASR%20VF%20Compressed.pdf#page=72,c52024d2154a422a975890555ad0e11fd19790bcfc5d9cf405305edfa6031c3a
2025,2022,166027,166027004,Arnold Arboretum,incest,Incest,criminal_offenses,oncampus,0,0,reported_numeric,72,72,37,https://www.hupd.harvard.edu/sites/g/files/omnuum12486/files/2025-10/2025%20ASR%20VF%20Compressed.pdf#page=72,c52024d2154a422a975890555ad0e11fd19790bcfc5d9cf405305edfa6031c3a
2025,2022,166027,166027004,Arnold Arboretum,incest,Incest,criminal_offenses,noncampus,,,not_reported,72,72,37,https://www.hupd.harvard.edu/sites/g/files/omnuum12486/files/2025-10/2025%20ASR%20VF%20Compressed.pdf#page=72,c52024d2154a422a975890555ad0e11fd19790bcfc5d9cf405305edfa6031c3a
2025,2022,166027,166027004,Arnold Arboretum,incest,Incest,criminal_offenses,publicproperty,0,0,reported_numeric,72,72,37,https://www.hupd.harvard.edu/sites/g/files/omnuum12486/files/2025-10/2025%20ASR%20VF%20Compressed.pdf#page=72,c52024d2154a422a975890555ad0e11fd19790bcfc5d9cf405305edfa6031c3a
2025,2023,166027,166027004,Arnold Arboretum,incest,Incest,criminal_offenses,residential,,,not_reported,72,72,37,https://www.hupd.harvard.edu/sites/g/files/omnuum12486/files/2025-10/2025%20ASR%20VF%20Compressed.pdf#page=72,c52024d2154a422a975890555ad0e11fd19790bcfc5d9cf405305edfa6031c3a
2025,2023,166027,166027004,Arnold Arboretum,incest,Incest,criminal_offenses,oncampus,0,0,reported_numeric,72,72,37,https://www.hupd.harvard.edu/sites/g/files/omnuum12486/files/2025-10/2025%20ASR%20VF%20Compressed.pdf#page=72,c52024d2154a422a975890555ad0e11fd19790bcfc5d9cf405305edfa6031c3a
2025,2023,166027,166027004,Arnold Arboretum,incest,Incest,criminal_offenses,noncampus,,,not_reported,72,72,37,https://www.hupd.harvard.edu/sites/g/files/omnuum12486/files/2025-10/2025%20ASR%20VF%20Compressed.pdf#page=72,c52024d2154a422a975890555ad0e11fd19790bcfc5d9cf405305edfa6031c3a
2025,2023,166027,166027004,Arnold Arboretum,incest,Incest,criminal_offenses,publicproperty,0,0,reported_numeric,72,72,37,https://www.hupd.harvard.edu/sites/g/files/omnuum12486/files/2025-10/2025%20ASR%20VF%20Compressed.pdf#page=72,c52024d2154a422a975890555ad0e11fd19790bcfc5d9cf405305edfa6031c3a
2025,2024,166027,166027004,Arnold Arboretum,incest,Incest,criminal_offenses,residential,,,not_reported,72,72,37,https://www.hupd.harvard.edu/sites/g/files/omnuum12486/files/2025-10/2025%20ASR%20VF%20Compressed.pdf#page=72,c52024d2154a422a975890555ad0e11fd19790bcfc5d9cf405305edfa6031c3a
2025,2024,166027,166027004,Arnold Arboretum,incest,Incest,criminal_offenses,oncampus,0,0,reported_numeric,72,72,37,https://www.hupd.harvard.edu/sites/g/files/omnuum12486/files/2025-10/2025%20ASR%20VF%20Compressed.pdf#page=72,c52024d2154a422a975890555ad0e11fd19790bcfc5d9cf405305edfa6031c3a
2025,2024,166027,166027004,Arnold Arboretum,incest,Incest,criminal_offenses,noncampus,,,not_reported,72,72,37,https://www.hupd.harvard.edu/sites/g/files/omnuum12486/files/2025-10/2025%20ASR%20VF%20Compressed.pdf#page=72,c52024d2154a422a975890555ad0e11fd19790bcfc5d9cf405305edfa6031c3a
2025,2024,166027,166027004,Arnold Arboretum,incest,Incest,criminal_offenses,publicproperty,0,0,reported_numeric,72,72,37,https://www.hupd.harvard.edu/sites/g/files/omnuum12486/files/2025-10/2025%20ASR%20VF%20Compressed.pdf#page=72,c52024d2154a422a975890555ad0e11fd19790bcfc5d9cf405305edfa6031c3a
2025,2022,166027,166027004,Arnold Arboretum,statutory_rape,Statutory Rape,criminal_offenses,residential,,,not_reported,72,72,38,https://www.hupd.harvard.edu/sites/g/files/omnuum12486/files/2025-10/2025%20ASR%20VF%20Compressed.pdf#page=72,c52024d2154a422a975890555ad0e11fd19790bcfc5d9cf405305edfa6031c3a
2025,2022,166027,166027004,Arnold Arboretum,statutory_rape,Statutory Rape,criminal_offenses,oncampus,0,0,reported_numeric,72,72,38,https://www.hupd.harvard.edu/sites/g/files/omnuum12486/files/2025-10/2025%20ASR%20VF%20Compressed.pdf#page=72,c52024d2154a422a975890555ad0e11fd19790bcfc5d9cf405305edfa6031c3a
2025,2022,166027,166027004,Arnold Arboretum,statutory_rape,Statutory Rape,criminal_offenses,noncampus,,,not_reported,72,72,38,https://www.hupd.harvard.edu/sites/g/files/omnuum12486/files/2025-10/2025%20ASR%20VF%20Compressed.pdf#page=72,c52024d2154a422a975890555ad0e11fd19790bcfc5d9cf405305edfa6031c3a
2025,2022,166027,166027004,Arnold Arboretum,statutory_rape,Statutory Rape,criminal_offenses,publicproperty,0,0,reported_numeric,72,72,38,https://www.hupd.harvard.edu/sites/g/files/omnuum12486/files/2025-10/2025%20ASR%20VF%20Compressed.pdf#page=72,c52024d2154a422a975890555ad0e11fd19790bcfc5d9cf405305edfa6031c3a
2025,2023,166027,166027004,Arnold Arboretum,statutory_rape,Statutory Rape,criminal_offenses,residential,,,not_reported,72,72,38,https://www.hupd.harvard.edu/sites/g/files/omnuum12486/files/2025-10/2025%20ASR%20VF%20Compressed.pdf#page=72,c52024d2154a422a975890555ad0e11fd19790bcfc5d9cf405305edfa6031c3a
2025,2023,166027,166027004,Arnold Arboretum,statutory_rape,Statutory Rape,criminal_offenses,oncampus,0,0,reported_numeric,72,72,38,https://www.hupd.harvard.edu/sites/g/files/omnuum12486/files/2025-10/2025%20ASR%20VF%20Compressed.pdf#page=72,c52024d2154a422a975890555ad0e11fd19790bcfc5d9cf405305edfa6031c3a
2025,2023,166027,166027004,Arnold Arboretum,statutory_rape,Statutory Rape,criminal_offenses,noncampus,,,not_reported,72,72,38,https://www.hupd.harvard.edu/sites/g/files/omnuum12486/files/2025-10/2025%20ASR%20VF%20Compressed.pdf#page=72,c52024d2154a422a975890555ad0e11fd19790bcfc5d9cf405305edfa6031c3a
2025,2023,166027,166027004,Arnold Arboretum,statutory_rape,Statutory Rape,criminal_offenses,publicproperty,0,0,reported_numeric,72,72,38,https://www.hupd.harvard.edu/sites/g/files/omnuum12486/files/2025-10/2025%20ASR%20VF%20Compressed.pdf#page=72,c52024d2154a422a975890555ad0e11fd19790bcfc5d9cf405305edfa6031c3a
2025,2024,166027,166027004,Arnold Arboretum,statutory_rape,Statutory Rape,criminal_offenses,residential,,,not_reported,72,72,38,https://www.hupd.harvard.edu/sites/g/files/omnuum12486/files/2025-10/2025%20ASR%20VF%20Compressed.pdf#page=72,c52024d2154a422a975890555ad0e11fd19790bcfc5d9cf405305edfa6031c3a
2025,2024,166027,166027004,Arnold Arboretum,statutory_rape,Statutory Rape,criminal_offenses,oncampus,0,0,reported_numeric,72,72,38,https://www.hupd.harvard.edu/sites/g/files/omnuum12486/files/2025-10/2025%20ASR%20VF%20Compressed.pdf#page=72,c52024d2154a422a975890555ad0e11fd19790bcfc5d9cf405305edfa6031c3a
2025,2024,166027,166027004,Arnold Arboretum,statutory_rape,Statutory Rape,criminal_offenses,noncampus,,,not_reported,72,72,38,https://www.hupd.harvard.edu/sites/g/files/omnuum12486/files/2025-10/2025%20ASR%20VF%20Compressed.pdf#page=72,c52024d2154a422a975890555ad0e11fd19790bcfc5d9cf405305edfa6031c3a
2025,2024,166027,166027004,Arnold Arboretum,statutory_rape,Statutory Rape,criminal_offenses,publicproperty,0,0,reported_numeric,72,72,38,https://www.hupd.harvard.edu/sites/g/files/omnuum12486/files/2025-10/2025%20ASR%20VF%20Compressed.pdf#page=72,c52024d2154a422a975890555ad0e11fd19790bcfc5d9cf405305edfa6031c3a
2025,2022,166027,166027004,Arnold Arboretum,robbery,Robbery,criminal_offenses,residential,,,not_reported,72,72,39,https://www.hupd.harvard.edu/sites/g/files/omnuum12486/files/2025-10/2025%20ASR%20VF%20Compressed.pdf#page=72,c52024d2154a422a975890555ad0e11fd19790bcfc5d9cf405305edfa6031c3a
2025,2022,166027,166027004,Arnold Arboretum,robbery,Robbery,criminal_offenses,oncampus,0,0,reported_numeric,72,72,39,https://www.hupd.harvard.edu/sites/g/files/omnuum12486/files/2025-10/2025%20ASR%20VF%20Compressed.pdf#page=72,c52024d2154a422a975890555ad0e11fd19790bcfc5d9cf405305edfa6031c3a
2025,2022,166027,166027004,Arnold Arboretum,robbery,Robbery,criminal_offenses,noncampus,,,not_reported,72,72,39,https://www.hupd.harvard.edu/sites/g/files/omnuum12486/files/2025-10/2025%20ASR%20VF%20Compressed.pdf#page=72,c52024d2154a422a975890555ad0e11fd19790bcfc5d9cf405305edfa6031c3a
2025,2022,166027,166027004,Arnold Arboretum,robbery,Robbery,criminal_offenses,publicproperty,0,0,reported_numeric,72,72,39,https://www.hupd.harvard.edu/sites/g/files/omnuum12486/files/2025-10/2025%20ASR%20VF%20Compressed.pdf#page=72,c52024d2154a422a975890555ad0e11fd19790bcfc5d9cf405305edfa6031c3a
2025,2023,166027,166027004,Arnold Arboretum,robbery,Robbery,criminal_offenses,residential,,,not_reported,72,72,39,https://www.hupd.harvard.edu/sites/g/files/omnuum12486/files/2025-10/2025%20ASR%20VF%20Compressed.pdf#page=72,c52024d2154a422a975890555ad0e11fd19790bcfc5d9cf405305edfa6031c3a
2025,2023,166027,166027004,Arnold Arboretum,robbery,Robbery,criminal_offenses,oncampus,0,0,reported_numeric,72,72,39,https://www.hupd.harvard.edu/sites/g/files/omnuum12486/files/2025-10/2025%20ASR%20VF%20Compressed.pdf#page=72,c52024d2154a422a975890555ad0e11fd19790bcfc5d9cf405305edfa6031c3a
2025,2023,166027,166027004,Arnold Arboretum,robbery,Robbery,criminal_offenses,noncampus,,,not_reported,72,72,39,https://www.hupd.harvard.edu/sites/g/files/omnuum12486/files/2025-10/2025%20ASR%20VF%20Compressed.pdf#page=72,c52024d2154a422a975890555ad0e11fd19790bcfc5d9cf405305edfa6031c3a
2025,2023,166027,166027004,Arnold Arboretum,robbery,Robbery,criminal_offenses,publicproperty,0,0,reported_numeric,72,72,39,https://www.hupd.harvard.edu/sites/g/files/omnuum12486/files/2025-10/2025%20ASR%20VF%20Compressed.pdf#page=72,c52024d2154a422a975890555ad0e11fd19790bcfc5d9cf405305edfa6031c3a
2025,2024,166027,166027004,Arnold Arboretum,robbery,Robbery,criminal_offenses,residential,,,not_reported,72,72,39,https://www.hupd.harvard.edu/sites/g/files/omnuum12486/files/2025-10/2025%20ASR%20VF%20Compressed.pdf#page=72,c52024d2154a422a975890555ad0e11fd19790bcfc5d9cf405305edfa6031c3a
2025,2024,166027,166027004,Arnold Arboretum,robbery,Robbery,criminal_offenses,oncampus,0,0,reported_numeric,72,72,39,https://www.hupd.harvard.edu/sites/g/files/omnuum12486/files/2025-10/2025%20ASR%20VF%20Compressed.pdf#page=72,c52024d2154a422a975890555ad0e11fd19790bcfc5d9cf405305edfa6031c3a
2025,2024,166027,166027004,Arnold Arboretum,robbery,Robbery,criminal_offenses,noncampus,,,not_reported,72,72,39,https://www.hupd.harvard.edu/sites/g/files/omnuum12486/files/2025-10/2025%20ASR%20VF%20Compressed.pdf#page=72,c52024d2154a422a975890555ad0e11fd19790bcfc5d9cf405305edfa6031c3a
2025,2024,166027,166027004,Arnold Arboretum,robbery,Robbery,criminal_offenses,publicproperty,0,0,reported_numeric,72,72,39,https://www.hupd.harvard.edu/sites/g/files/omnuum12486/files/2025-10/2025%20ASR%20VF%20Compressed.pdf#page=72,c52024d2154a422a975890555ad0e11fd19790bcfc5d9cf405305edfa6031c3a
2025,2022,166027,166027004,Arnold Arboretum,aggravated_assault,Aggravated Assault,criminal_offenses,residential,,,not_reported,72,72,40,https://www.hupd.harvard.edu/sites/g/files/omnuum12486/files/2025-10/2025%20ASR%20VF%20Compressed.pdf#page=72,c52024d2154a422a975890555ad0e11fd19790bcfc5d9cf405305edfa6031c3a
2025,2022,166027,166027004,Arnold Arboretum,aggravated_assault,Aggravated Assault,criminal_offenses,oncampus,0,0,reported_numeric,72,72,40,https://www.hupd.harvard.edu/sites/g/files/omnuum12486/files/2025-10/2025%20ASR%20VF%20Compressed.pdf#page=72,c52024d2154a422a975890555ad0e11fd19790bcfc5d9cf405305edfa6031c3a
2025,2022,166027,166027004,Arnold Arboretum,aggravated_assault,Aggravated Assault,criminal_offenses,noncampus,,,not_reported,72,72,40,https://www.hupd.harvard.edu/sites/g/files/omnuum12486/files/2025-10/2025%20ASR%20VF%20Compressed.pdf#page=72,c52024d2154a422a975890555ad0e11fd19790bcfc5d9cf405305edfa6031c3a
2025,2022,166027,166027004,Arnold Arboretum,aggravated_assault,Aggravated Assault,criminal_offenses,publicproperty,0,0,reported_numeric,72,72,40,https://www.hupd.harvard.edu/sites/g/files/omnuum12486/files/2025-10/2025%20ASR%20VF%20Compressed.pdf#page=72,c52024d2154a422a975890555ad0e11fd19790bcfc5d9cf405305edfa6031c3a
2025,2023,166027,166027004,Arnold Arboretum,aggravated_assault,Aggravated Assault,criminal_offenses,residential,,,not_reported,72,72,40,https://www.hupd.harvard.edu/sites/g/files/omnuum12486/files/2025-10/2025%20ASR%20VF%20Compressed.pdf#page=72,c52024d2154a422a975890555ad0e11fd19790bcfc5d9cf405305edfa6031c3a
2025,2023,166027,166027004,Arnold Arboretum,aggravated_assault,Aggravated Assault,criminal_offenses,oncampus,0,0,reported_numeric,72,72,40,https://www.hupd.harvard.edu/sites/g/files/omnuum12486/files/2025-10/2025%20ASR%20VF%20Compressed.pdf#page=72,c52024d2154a422a975890555ad0e11fd19790bcfc5d9cf405305edfa6031c3a
2025,2023,166027,166027004,Arnold Arboretum,aggravated_assault,Aggravated Assault,criminal_offenses,noncampus,,,not_reported,72,72,40,https://www.hupd.harvard.edu/sites/g/files/omnuum12486/files/2025-10/2025%20ASR%20VF%20Compressed.pdf#page=72,c52024d2154a422a975890555ad0e11fd19790bcfc5d9cf405305edfa6031c3a
2025,2023,166027,166027004,Arnold Arboretum,aggravated_assault,Aggravated Assault,criminal_offenses,publicproperty,0,0,reported_numeric,72,72,40,https://www.hupd.harvard.edu/sites/g/files/omnuum12486/files/2025-10/2025%20ASR%20VF%20Compressed.pdf#page=72,c52024d2154a422a975890555ad0e11fd19790bcfc5d9cf405305edfa6031c3a
2025,2024,166027,166027004,Arnold Arboretum,aggravated_assault,Aggravated Assault,criminal_offenses,residential,,,not_reported,72,72,40,https://www.hupd.harvard.edu/sites/g/files/omnuum12486/files/2025-10/2025%20ASR%20VF%20Compressed.pdf#page=72,c52024d2154a422a975890555ad0e11fd19790bcfc5d9cf405305edfa6031c3a
2025,2024,166027,166027004,Arnold Arboretum,aggravated_assault,Aggravated Assault,criminal_offenses,oncampus,0,0,reported_numeric,72,72,40,https://www.hupd.harvard.edu/sites/g/files/omnuum12486/files/2025-10/2025%20ASR%20VF%20Compressed.pdf#page=72,c52024d2154a422a975890555ad0e11fd19790bcfc5d9cf405305edfa6031c3a
2025,2024,166027,166027004,Arnold Arboretum,aggravated_assault,Aggravated Assault,criminal_offenses,noncampus,,,not_reported,72,72,40,https://www.hupd.harvard.edu/sites/g/files/omnuum12486/files/2025-10/2025%20ASR%20VF%20Compressed.pdf#page=72,c52024d2154a422a975890555ad0e11fd19790bcfc5d9cf405305edfa6031c3a
2025,2024,166027,166027004,Arnold Arboretum,aggravated_assault,Aggravated Assault,criminal_offenses,publicproperty,0,0,reported_numeric,72,72,40,https://www.hupd.harvard.edu/sites/g/files/omnuum12486/files/2025-10/2025%20ASR%20VF%20Compressed.pdf#page=72,c52024d2154a422a975890555ad0e11fd19790bcfc5d9cf405305edfa6031c3a
2025,2022,166027,166027004,Arnold Arboretum,burglary,Burglary,criminal_offenses,residential,,,not_reported,72,72,41,https://www.hupd.harvard.edu/sites/g/files/omnuum12486/files/2025-10/2025%20ASR%20VF%20Compressed.pdf#page=72,c52024d2154a422a975890555ad0e11fd19790bcfc5d9cf405305edfa6031c3a
2025,2022,166027,166027004,Arnold Arboretum,burglary,Burglary,criminal_offenses,oncampus,0,0,reported_numeric,72,72,41,https://www.hupd.harvard.edu/sites/g/files/omnuum12486/files/2025-10/2025%20ASR%20VF%20Compressed.pdf#page=72,c52024d2154a422a975890555ad0e11fd19790bcfc5d9cf405305edfa6031c3a
2025,2022,166027,166027004,Arnold Arboretum,burglary,Burglary,criminal_offenses,noncampus,,,not_reported,72,72,41,https://www.hupd.harvard.edu/sites/g/files/omnuum12486/files/2025-10/2025%20ASR%20VF%20Compressed.pdf#page=72,c52024d2154a422a975890555ad0e11fd19790bcfc5d9cf405305edfa6031c3a
2025,2022,166027,166027004,Arnold Arboretum,burglary,Burglary,criminal_offenses,publicproperty,0,0,reported_numeric,72,72,41,https://www.hupd.harvard.edu/sites/g/files/omnuum12486/files/2025-10/2025%20ASR%20VF%20Compressed.pdf#page=72,c52024d2154a422a975890555ad0e11fd19790bcfc5d9cf405305edfa6031c3a
2025,2023,166027,166027004,Arnold Arboretum,burglary,Burglary,criminal_offenses,residential,,,not_reported,72,72,41,https://www.hupd.harvard.edu/sites/g/files/omnuum12486/files/2025-10/2025%20ASR%20VF%20Compressed.pdf#page=72,c52024d2154a422a975890555ad0e11fd19790bcfc5d9cf405305edfa6031c3a
2025,2023,166027,166027004,Arnold Arboretum,burglary,Burglary,criminal_offenses,oncampus,0,0,reported_numeric,72,72,41,https://www.hupd.harvard.edu/sites/g/files/omnuum12486/files/2025-10/2025%20ASR%20VF%20Compressed.pdf#page=72,c52024d2154a422a975890555ad0e11fd19790bcfc5d9cf405305edfa6031c3a
2025,2023,166027,166027004,Arnold Arboretum,burglary,Burglary,criminal_offenses,noncampus,,,not_reported,72,72,41,https://www.hupd.harvard.edu/sites/g/files/omnuum12486/files/2025-10/2025%20ASR%20VF%20Compressed.pdf#page=72,c52024d2154a422a975890555ad0e11fd19790bcfc5d9cf405305edfa6031c3a
2025,2023,166027,166027004,Arnold Arboretum,burglary,Burglary,criminal_offenses,publicproperty,0,0,reported_numeric,72,72,41,https://www.hupd.harvard.edu/sites/g/files/omnuum12486/files/2025-10/2025%20ASR%20VF%20Compressed.pdf#page=72,c52024d2154a422a975890555ad0e11fd19790bcfc5d9cf405305edfa6031c3a
2025,2024,166027,166027004,Arnold Arboretum,burglary,Burglary,criminal_offenses,residential,,,not_reported,72,72,41,https://www.hupd.harvard.edu/sites/g/files/omnuum12486/files/2025-10/2025%20ASR%20VF%20Compressed.pdf#page=72,c52024d2154a422a975890555ad0e11fd19790bcfc5d9cf405305edfa6031c3a
2025,2024,166027,166027004,Arnold Arboretum,burglary,Burglary,criminal_offenses,oncampus,0,0,reported_numeric,72,72,41,https://www.hupd.harvard.edu/sites/g/files/omnuum12486/files/2025-10/2025%20ASR%20VF%20Compressed.pdf#page=72,c52024d2154a422a975890555ad0e11fd19790bcfc5d9cf405305edfa6031c3a
2025,2024,166027,166027004,Arnold Arboretum,burglary,Burglary,criminal_offenses,noncampus,,,not_reported,72,72,41,https://www.hupd.harvard.edu/sites/g/files/omnuum12486/files/2025-10/2025%20ASR%20VF%20Compressed.pdf#page=72,c52024d2154a422a975890555ad0e11fd19790bcfc5d9cf405305edfa6031c3a
2025,2024,166027,166027004,Arnold Arboretum,burglary,Burglary,criminal_offenses,publicproperty,0,0,reported_numeric,72,72,41,https://www.hupd.harvard.edu/sites/g/files/omnuum12486/files/2025-10/2025%20ASR%20VF%20Compressed.pdf#page=72,c52024d2154a422a975890555ad0e11fd19790bcfc5d9cf405305edfa6031c3a
2025,2022,166027,166027004,Arnold Arboretum,motor_vehicle_theft,Motor Vehicle Theft,criminal_offenses,residential,,,not_reported,72,72,42,https://www.hupd.harvard.edu/sites/g/files/omnuum12486/files/2025-10/2025%20ASR%20VF%20Compressed.pdf#page=72,c52024d2154a422a975890555ad0e11fd19790bcfc5d9cf405305edfa6031c3a
2025,2022,166027,166027004,Arnold Arboretum,motor_vehicle_theft,Motor Vehicle Theft,criminal_offenses,oncampus,0,0,reported_numeric,72,72,42,https://www.hupd.harvard.edu/sites/g/files/omnuum12486/files/2025-10/2025%20ASR%20VF%20Compressed.pdf#page=72,c52024d2154a422a975890555ad0e11fd19790bcfc5d9cf405305edfa6031c3a
2025,2022,166027,166027004,Arnold Arboretum,motor_vehicle_theft,Motor Vehicle Theft,criminal_offenses,noncampus,,,not_reported,72,72,42,https://www.hupd.harvard.edu/sites/g/files/omnuum12486/files/2025-10/2025%20ASR%20VF%20Compressed.pdf#page=72,c52024d2154a422a975890555ad0e11fd19790bcfc5d9cf405305edfa6031c3a
2025,2022,166027,166027004,Arnold Arboretum,motor_vehicle_theft,Motor Vehicle Theft,criminal_offenses,publicproperty,0,0,reported_numeric,72,72,42,https://www.hupd.harvard.edu/sites/g/files/omnuum12486/files/2025-10/2025%20ASR%20VF%20Compressed.pdf#page=72,c52024d2154a422a975890555ad0e11fd19790bcfc5d9cf405305edfa6031c3a
2025,2023,166027,166027004,Arnold Arboretum,motor_vehicle_theft,Motor Vehicle Theft,criminal_offenses,residential,,,not_reported,72,72,42,https://www.hupd.harvard.edu/sites/g/files/omnuum12486/files/2025-10/2025%20ASR%20VF%20Compressed.pdf#page=72,c52024d2154a422a975890555ad0e11fd19790bcfc5d9cf405305edfa6031c3a
2025,2023,166027,166027004,Arnold Arboretum,motor_vehicle_theft,Motor Vehicle Theft,criminal_offenses,oncampus,0,0,reported_numeric,72,72,42,https://www.hupd.harvard.edu/sites/g/files/omnuum12486/files/2025-10/2025%20ASR%20VF%20Compressed.pdf#page=72,c52024d2154a422a975890555ad0e11fd19790bcfc5d9cf405305edfa6031c3a
2025,2023,166027,166027004,Arnold Arboretum,motor_vehicle_theft,Motor Vehicle Theft,criminal_offenses,noncampus,,,not_reported,72,72,42,https://www.hupd.harvard.edu/sites/g/files/omnuum12486/files/2025-10/2025%20ASR%20VF%20Compressed.pdf#page=72,c52024d2154a422a975890555ad0e11fd19790bcfc5d9cf405305edfa6031c3a
2025,2023,166027,166027004,Arnold Arboretum,motor_vehicle_theft,Motor Vehicle Theft,criminal_offenses,publicproperty,0,0,reported_numeric,72,72,42,https://www.hupd.harvard.edu/sites/g/files/omnuum12486/files/2025-10/2025%20ASR%20VF%20Compressed.pdf#page=72,c52024d2154a422a975890555ad0e11fd19790bcfc5d9cf405305edfa6031c3a
2025,2024,166027,166027004,Arnold Arboretum,motor_vehicle_theft,Motor Vehicle Theft,criminal_offenses,residential,,,not_reported,72,72,42,https://www.hupd.harvard.edu/sites/g/files/omnuum12486/files/2025-10/2025%20ASR%20VF%20Compressed.pdf#page=72,c52024d2154a422a975890555ad0e11fd19790bcfc5d9cf405305edfa6031c3a
2025,2024,166027,166027004,Arnold Arboretum,motor_vehicle_theft,Motor Vehicle Theft,criminal_offenses,oncampus,0,0,reported_numeric,72,72,42,https://www.hupd.harvard.edu/sites/g/files/omnuum12486/files/2025-10/2025%20ASR%20VF%20Compressed.pdf#page=72,c52024d2154a422a975890555ad0e11fd19790bcfc5d9cf405305edfa6031c3a
2025,2024,166027,166027004,Arnold Arboretum,motor_vehicle_theft,Motor Vehicle Theft,criminal_offenses,noncampus,,,not_reported,72,72,42,https://www.hupd.harvard.edu/sites/g/files/omnuum12486/files/2025-10/2025%20ASR%20VF%20Compressed.pdf#page=72,c52024d2154a422a975890555ad0e11fd19790bcfc5d9cf405305edfa6031c3a
2025,2024,166027,166027004,Arnold Arboretum,motor_vehicle_theft,Motor Vehicle Theft,criminal_offenses,publicproperty,0,0,reported_numeric,72,72,42,https://www.hupd.harvard.edu/sites/g/files/omnuum12486/files/2025-10/2025%20ASR%20VF%20Compressed.pdf#page=72,c52024d2154a422a975890555ad0e11fd19790bcfc5d9cf405305edfa6031c3a
2025,2022,166027,166027004,Arnold Arboretum,arson,Arson,criminal_offenses,residential,,,not_reported,72,72,43,https://www.hupd.harvard.edu/sites/g/files/omnuum12486/files/2025-10/2025%20ASR%20VF%20Compressed.pdf#page=72,c52024d2154a422a975890555ad0e11fd19790bcfc5d9cf405305edfa6031c3a
2025,2022,166027,166027004,Arnold Arboretum,arson,Arson,criminal_offenses,oncampus,0,0,reported_numeric,72,72,43,https://www.hupd.harvard.edu/sites/g/files/omnuum12486/files/2025-10/2025%20ASR%20VF%20Compressed.pdf#page=72,c52024d2154a422a975890555ad0e11fd19790bcfc5d9cf405305edfa6031c3a
2025,2022,166027,166027004,Arnold Arboretum,arson,Arson,criminal_offenses,noncampus,,,not_reported,72,72,43,https://www.hupd.harvard.edu/sites/g/files/omnuum12486/files/2025-10/2025%20ASR%20VF%20Compressed.pdf#page=72,c52024d2154a422a975890555ad0e11fd19790bcfc5d9cf405305edfa6031c3a
2025,2022,166027,166027004,Arnold Arboretum,arson,Arson,criminal_offenses,publicproperty,0,0,reported_numeric,72,72,43,https://www.hupd.harvard.edu/sites/g/files/omnuum12486/files/2025-10/2025%20ASR%20VF%20Compressed.pdf#page=72,c52024d2154a422a975890555ad0e11fd19790bcfc5d9cf405305edfa6031c3a
2025,2023,166027,166027004,Arnold Arboretum,arson,Arson,criminal_offenses,residential,,,not_reported,72,72,43,https://www.hupd.harvard.edu/sites/g/files/omnuum12486/files/2025-10/2025%20ASR%20VF%20Compressed.pdf#page=72,c52024d2154a422a975890555ad0e11fd19790bcfc5d9cf405305edfa6031c3a
2025,2023,166027,166027004,Arnold Arboretum,arson,Arson,criminal_offenses,oncampus,0,0,reported_numeric,72,72,43,https://www.hupd.harvard.edu/sites/g/files/omnuum12486/files/2025-10/2025%20ASR%20VF%20Compressed.pdf#page=72,c52024d2154a422a975890555ad0e11fd19790bcfc5d9cf405305edfa6031c3a
2025,2023,166027,166027004,Arnold Arboretum,arson,Arson,criminal_offenses,noncampus,,,not_reported,72,72,43,https://www.hupd.harvard.edu/sites/g/files/omnuum12486/files/2025-10/2025%20ASR%20VF%20Compressed.pdf#page=72,c52024d2154a422a975890555ad0e11fd19790bcfc5d9cf405305edfa6031c3a
2025,2023,166027,166027004,Arnold Arboretum,arson,Arson,criminal_offenses,publicproperty,0,0,reported_numeric,72,72,43,https://www.hupd.harvard.edu/sites/g/files/omnuum12486/files/2025-10/2025%20ASR%20VF%20Compressed.pdf#page=72,c52024d2154a422a975890555ad0e11fd19790bcfc5d9cf405305edfa6031c3a
2025,2024,166027,166027004,Arnold Arboretum,arson,Arson,criminal_offenses,residential,,,not_reported,72,72,43,https://www.hupd.harvard.edu/sites/g/files/omnuum12486/files/2025-10/2025%20ASR%20VF%20Compressed.pdf#page=72,c52024d2154a422a975890555ad0e11fd19790bcfc5d9cf405305edfa6031c3a
2025,2024,166027,166027004,Arnold Arboretum,arson,Arson,criminal_offenses,oncampus,0,0,reported_numeric,72,72,43,https://www.hupd.harvard.edu/sites/g/files/omnuum12486/files/2025-10/2025%20ASR%20VF%20Compressed.pdf#page=72,c52024d2154a422a975890555ad0e11fd19790bcfc5d9cf405305edfa6031c3a
2025,2024,166027,166027004,Arnold Arboretum,arson,Arson,criminal_offenses,noncampus,,,not_reported,72,72,43,https://www.hupd.harvard.edu/sites/g/files/omnuum12486/files/2025-10/2025%20ASR%20VF%20Compressed.pdf#page=72,c52024d2154a422a975890555ad0e11fd19790bcfc5d9cf405305edfa6031c3a
2025,2024,166027,166027004,Arnold Arboretum,arson,Arson,criminal_offenses,publicproperty,0,0,reported_numeric,72,72,43,https://www.hupd.harvard.edu/sites/g/files/omnuum12486/files/2025-10/2025%20ASR%20VF%20Compressed.pdf#page=72,c52024d2154a422a975890555ad0e11fd19790bcfc5d9cf405305edfa6031c3a
2025,2022,166027,166027004,Arnold Arboretum,domestic_violence,Domestic Violence,vawa,residential,,,not_reported,72,72,44,https://www.hupd.harvard.edu/sites/g/files/omnuum12486/files/2025-10/2025%20ASR%20VF%20Compressed.pdf#page=72,c52024d2154a422a975890555ad0e11fd19790bcfc5d9cf405305edfa6031c3a
2025,2022,166027,166027004,Arnold Arboretum,domestic_violence,Domestic Violence,vawa,oncampus,0,0,reported_numeric,72,72,44,https://www.hupd.harvard.edu/sites/g/files/omnuum12486/files/2025-10/2025%20ASR%20VF%20Compressed.pdf#page=72,c52024d2154a422a975890555ad0e11fd19790bcfc5d9cf405305edfa6031c3a
2025,2022,166027,166027004,Arnold Arboretum,domestic_violence,Domestic Violence,vawa,noncampus,,,not_reported,72,72,44,https://www.hupd.harvard.edu/sites/g/files/omnuum12486/files/2025-10/2025%20ASR%20VF%20Compressed.pdf#page=72,c52024d2154a422a975890555ad0e11fd19790bcfc5d9cf405305edfa6031c3a
2025,2022,166027,166027004,Arnold Arboretum,domestic_violence,Domestic Violence,vawa,publicproperty,0,0,reported_numeric,72,72,44,https://www.hupd.harvard.edu/sites/g/files/omnuum12486/files/2025-10/2025%20ASR%20VF%20Compressed.pdf#page=72,c52024d2154a422a975890555ad0e11fd19790bcfc5d9cf405305edfa6031c3a
2025,2023,166027,166027004,Arnold Arboretum,domestic_violence,Domestic Violence,vawa,residential,,,not_reported,72,72,44,https://www.hupd.harvard.edu/sites/g/files/omnuum12486/files/2025-10/2025%20ASR%20VF%20Compressed.pdf#page=72,c52024d2154a422a975890555ad0e11fd19790bcfc5d9cf405305edfa6031c3a
2025,2023,166027,166027004,Arnold Arboretum,domestic_violence,Domestic Violence,vawa,oncampus,0,0,reported_numeric,72,72,44,https://www.hupd.harvard.edu/sites/g/files/omnuum12486/files/2025-10/2025%20ASR%20VF%20Compressed.pdf#page=72,c52024d2154a422a975890555ad0e11fd19790bcfc5d9cf405305edfa6031c3a
2025,2023,166027,166027004,Arnold Arboretum,domestic_violence,Domestic Violence,vawa,noncampus,,,not_reported,72,72,44,https://www.hupd.harvard.edu/sites/g/files/omnuum12486/files/2025-10/2025%20ASR%20VF%20Compressed.pdf#page=72,c52024d2154a422a975890555ad0e11fd19790bcfc5d9cf405305edfa6031c3a
2025,2023,166027,166027004,Arnold Arboretum,domestic_violence,Domestic Violence,vawa,publicproperty,0,0,reported_numeric,72,72,44,https://www.hupd.harvard.edu/sites/g/files/omnuum12486/files/2025-10/2025%20ASR%20VF%20Compressed.pdf#page=72,c52024d2154a422a975890555ad0e11fd19790bcfc5d9cf405305edfa6031c3a
2025,2024,166027,166027004,Arnold Arboretum,domestic_violence,Domestic Violence,vawa,residential,,,not_reported,72,72,44,https://www.hupd.harvard.edu/sites/g/files/omnuum12486/files/2025-10/2025%20ASR%20VF%20Compressed.pdf#page=72,c52024d2154a422a975890555ad0e11fd19790bcfc5d9cf405305edfa6031c3a
2025,2024,166027,166027004,Arnold Arboretum,domestic_violence,Domestic Violence,vawa,oncampus,0,0,reported_numeric,72,72,44,https://www.hupd.harvard.edu/sites/g/files/omnuum12486/files/2025-10/2025%20ASR%20VF%20Compressed.pdf#page=72,c52024d2154a422a975890555ad0e11fd19790bcfc5d9cf405305edfa6031c3a
2025,2024,166027,166027004,Arnold Arboretum,domestic_violence,Domestic Violence,vawa,noncampus,,,not_reported,72,72,44,https://www.hupd.harvard.edu/sites/g/files/omnuum12486/files/2025-10/2025%20ASR%20VF%20Compressed.pdf#page=72,c52024d2154a422a975890555ad0e11fd19790bcfc5d9cf405305edfa6031c3a
2025,2024,166027,166027004,Arnold Arboretum,domestic_violence,Domestic Violence,vawa,publicproperty,0,0,reported_numeric,72,72,44,https://www.hupd.harvard.edu/sites/g/files/omnuum12486/files/2025-10/2025%20ASR%20VF%20Compressed.pdf#page=72,c52024d2154a422a975890555ad0e11fd19790bcfc5d9cf405305edfa6031c3a
2025,2022,166027,166027004,Arnold Arboretum,dating_violence,Dating Violence,vawa,residential,,,not_reported,72,72,45,https://www.hupd.harvard.edu/sites/g/files/omnuum12486/files/2025-10/2025%20ASR%20VF%20Compressed.pdf#page=72,c52024d2154a422a975890555ad0e11fd19790bcfc5d9cf405305edfa6031c3a
2025,2022,166027,166027004,Arnold Arboretum,dating_violence,Dating Violence,vawa,oncampus,0,0,reported_numeric,72,72,45,https://www.hupd.harvard.edu/sites/g/files/omnuum12486/files/2025-10/2025%20ASR%20VF%20Compressed.pdf#page=72,c52024d2154a422a975890555ad0e11fd19790bcfc5d9cf405305edfa6031c3a
2025,2022,166027,166027004,Arnold Arboretum,dating_violence,Dating Violence,vawa,noncampus,,,not_reported,72,72,45,https://www.hupd.harvard.edu/sites/g/files/omnuum12486/files/2025-10/2025%20ASR%20VF%20Compressed.pdf#page=72,c52024d2154a422a975890555ad0e11fd19790bcfc5d9cf405305edfa6031c3a
2025,2022,166027,166027004,Arnold Arboretum,dating_violence,Dating Violence,vawa,publicproperty,0,0,reported_numeric,72,72,45,https://www.hupd.harvard.edu/sites/g/files/omnuum12486/files/2025-10/2025%20ASR%20VF%20Compressed.pdf#page=72,c52024d2154a422a975890555ad0e11fd19790bcfc5d9cf405305edfa6031c3a
2025,2023,166027,166027004,Arnold Arboretum,dating_violence,Dating Violence,vawa,residential,,,not_reported,72,72,45,https://www.hupd.harvard.edu/sites/g/files/omnuum12486/files/2025-10/2025%20ASR%20VF%20Compressed.pdf#page=72,c52024d2154a422a975890555ad0e11fd19790bcfc5d9cf405305edfa6031c3a
2025,2023,166027,166027004,Arnold Arboretum,dating_violence,Dating Violence,vawa,oncampus,0,0,reported_numeric,72,72,45,https://www.hupd.harvard.edu/sites/g/files/omnuum12486/files/2025-10/2025%20ASR%20VF%20Compressed.pdf#page=72,c52024d2154a422a975890555ad0e11fd19790bcfc5d9cf405305edfa6031c3a
2025,2023,166027,166027004,Arnold Arboretum,dating_violence,Dating Violence,vawa,noncampus,,,not_reported,72,72,45,https://www.hupd.harvard.edu/sites/g/files/omnuum12486/files/2025-10/2025%20ASR%20VF%20Compressed.pdf#page=72,c52024d2154a422a975890555ad0e11fd19790bcfc5d9cf405305edfa6031c3a
2025,2023,166027,166027004,Arnold Arboretum,dating_violence,Dating Violence,vawa,publicproperty,0,0,reported_numeric,72,72,45,https://www.hupd.harvard.edu/sites/g/files/omnuum12486/files/2025-10/2025%20ASR%20VF%20Compressed.pdf#page=72,c52024d2154a422a975890555ad0e11fd19790bcfc5d9cf405305edfa6031c3a
2025,2024,166027,166027004,Arnold Arboretum,dating_violence,Dating Violence,vawa,residential,,,not_reported,72,72,45,https://www.hupd.harvard.edu/sites/g/files/omnuum12486/files/2025-10/2025%20ASR%20VF%20Compressed.pdf#page=72,c52024d2154a422a975890555ad0e11fd19790bcfc5d9cf405305edfa6031c3a
2025,2024,166027,166027004,Arnold Arboretum,dating_violence,Dating Violence,vawa,oncampus,0,0,reported_numeric,72,72,45,https://www.hupd.harvard.edu/sites/g/files/omnuum12486/files/2025-10/2025%20ASR%20VF%20Compressed.pdf#page=72,c52024d2154a422a975890555ad0e11fd19790bcfc5d9cf405305edfa6031c3a
2025,2024,166027,166027004,Arnold Arboretum,dating_violence,Dating Violence,vawa,noncampus,,,not_reported,72,72,45,https://www.hupd.harvard.edu/sites/g/files/omnuum12486/files/2025-10/2025%20ASR%20VF%20Compressed.pdf#page=72,c52024d2154a422a975890555ad0e11fd19790bcfc5d9cf405305edfa6031c3a
2025,2024,166027,166027004,Arnold Arboretum,dating_violence,Dating Violence,vawa,publicproperty,0,0,reported_numeric,72,72,45,https://www.hupd.harvard.edu/sites/g/files/omnuum12486/files/2025-10/2025%20ASR%20VF%20Compressed.pdf#page=72,c52024d2154a422a975890555ad0e11fd19790bcfc5d9cf405305edfa6031c3a
2025,2022,166027,166027004,Arnold Arboretum,stalking,Stalking,vawa,residential,,,not_reported,72,72,46,https://www.hupd.harvard.edu/sites/g/files/omnuum12486/files/2025-10/2025%20ASR%20VF%20Compressed.pdf#page=72,c52024d2154a422a975890555ad0e11fd19790bcfc5d9cf405305edfa6031c3a
2025,2022,166027,166027004,Arnold Arboretum,stalking,Stalking,vawa,oncampus,0,0,reported_numeric,72,72,46,https://www.hupd.harvard.edu/sites/g/files/omnuum12486/files/2025-10/2025%20ASR%20VF%20Compressed.pdf#page=72,c52024d2154a422a975890555ad0e11fd19790bcfc5d9cf405305edfa6031c3a
2025,2022,166027,166027004,Arnold Arboretum,stalking,Stalking,vawa,noncampus,,,not_reported,72,72,46,https://www.hupd.harvard.edu/sites/g/files/omnuum12486/files/2025-10/2025%20ASR%20VF%20Compressed.pdf#page=72,c52024d2154a422a975890555ad0e11fd19790bcfc5d9cf405305edfa6031c3a
2025,2022,166027,166027004,Arnold Arboretum,stalking,Stalking,vawa,publicproperty,0,0,reported_numeric,72,72,46,https://www.hupd.harvard.edu/sites/g/files/omnuum12486/files/2025-10/2025%20ASR%20VF%20Compressed.pdf#page=72,c52024d2154a422a975890555ad0e11fd19790bcfc5d9cf405305edfa6031c3a
2025,2023,166027,166027004,Arnold Arboretum,stalking,Stalking,vawa,residential,,,not_reported,72,72,46,https://www.hupd.harvard.edu/sites/g/files/omnuum12486/files/2025-10/2025%20ASR%20VF%20Compressed.pdf#page=72,c52024d2154a422a975890555ad0e11fd19790bcfc5d9cf405305edfa6031c3a
2025,2023,166027,166027004,Arnold Arboretum,stalking,Stalking,vawa,oncampus,0,0,reported_numeric,72,72,46,https://www.hupd.harvard.edu/sites/g/files/omnuum12486/files/2025-10/2025%20ASR%20VF%20Compressed.pdf#page=72,c52024d2154a422a975890555ad0e11fd19790bcfc5d9cf405305edfa6031c3a
2025,2023,166027,166027004,Arnold Arboretum,stalking,Stalking,vawa,noncampus,,,not_reported,72,72,46,https://www.hupd.harvard.edu/sites/g/files/omnuum12486/files/2025-10/2025%20ASR%20VF%20Compressed.pdf#page=72,c52024d2154a422a975890555ad0e11fd19790bcfc5d9cf405305edfa6031c3a
2025,2023,166027,166027004,Arnold Arboretum,stalking,Stalking,vawa,publicproperty,0,0,reported_numeric,72,72,46,https://www.hupd.harvard.edu/sites/g/files/omnuum12486/files/2025-10/2025%20ASR%20VF%20Compressed.pdf#page=72,c52024d2154a422a975890555ad0e11fd19790bcfc5d9cf405305edfa6031c3a
2025,2024,166027,166027004,Arnold Arboretum,stalking,Stalking,vawa,residential,,,not_reported,72,72,46,https://www.hupd.harvard.edu/sites/g/files/omnuum12486/files/2025-10/2025%20ASR%20VF%20Compressed.pdf#page=72,c52024d2154a422a975890555ad0e11fd19790bcfc5d9cf405305edfa6031c3a
2025,2024,166027,166027004,Arnold Arboretum,stalking,Stalking,vawa,oncampus,0,0,reported_numeric,72,72,46,https://www.hupd.harvard.edu/sites/g/files/omnuum12486/files/2025-10/2025%20ASR%20VF%20Compressed.pdf#page=72,c52024d2154a422a975890555ad0e11fd19790bcfc5d9cf405305edfa6031c3a
2025,2024,166027,166027004,Arnold Arboretum,stalking,Stalking,vawa,noncampus,,,not_reported,72,72,46,https://www.hupd.harvard.edu/sites/g/files/omnuum12486/files/2025-10/2025%20ASR%20VF%20Compressed.pdf#page=72,c52024d2154a422a975890555ad0e11fd19790bcfc5d9cf405305edfa6031c3a
2025,2024,166027,166027004,Arnold Arboretum,stalking,Stalking,vawa,publicproperty,0,0,reported_numeric,72,72,46,https://www.hupd.harvard.edu/sites/g/files/omnuum12486/files/2025-10/2025%20ASR%20VF%20Compressed.pdf#page=72,c52024d2154a422a975890555ad0e11fd19790bcfc5d9cf405305edfa6031c3a
2025,2022,166027,166027003,Concord Field Station,murder,Murder/Nonnegligent Manslaughter,criminal_offenses,residential,,,not_reported,73,73,38,https://www.hupd.harvard.edu/sites/g/files/omnuum12486/files/2025-10/2025%20ASR%20VF%20Compressed.pdf#page=73,c52024d2154a422a975890555ad0e11fd19790bcfc5d9cf405305edfa6031c3a
2025,2022,166027,166027003,Concord Field Station,murder,Murder/Nonnegligent Manslaughter,criminal_offenses,oncampus,0,0,reported_numeric,73,73,38,https://www.hupd.harvard.edu/sites/g/files/omnuum12486/files/2025-10/2025%20ASR%20VF%20Compressed.pdf#page=73,c52024d2154a422a975890555ad0e11fd19790bcfc5d9cf405305edfa6031c3a
2025,2022,166027,166027003,Concord Field Station,murder,Murder/Nonnegligent Manslaughter,criminal_offenses,noncampus,,,not_reported,73,73,38,https://www.hupd.harvard.edu/sites/g/files/omnuum12486/files/2025-10/2025%20ASR%20VF%20Compressed.pdf#page=73,c52024d2154a422a975890555ad0e11fd19790bcfc5d9cf405305edfa6031c3a
2025,2022,166027,166027003,Concord Field Station,murder,Murder/Nonnegligent Manslaughter,criminal_offenses,publicproperty,0,0,reported_numeric,73,73,38,https://www.hupd.harvard.edu/sites/g/files/omnuum12486/files/2025-10/2025%20ASR%20VF%20Compressed.pdf#page=73,c52024d2154a422a975890555ad0e11fd19790bcfc5d9cf405305edfa6031c3a
2025,2023,166027,166027003,Concord Field Station,murder,Murder/Nonnegligent Manslaughter,criminal_offenses,residential,,,not_reported,73,73,38,https://www.hupd.harvard.edu/sites/g/files/omnuum12486/files/2025-10/2025%20ASR%20VF%20Compressed.pdf#page=73,c52024d2154a422a975890555ad0e11fd19790bcfc5d9cf405305edfa6031c3a
2025,2023,166027,166027003,Concord Field Station,murder,Murder/Nonnegligent Manslaughter,criminal_offenses,oncampus,0,0,reported_numeric,73,73,38,https://www.hupd.harvard.edu/sites/g/files/omnuum12486/files/2025-10/2025%20ASR%20VF%20Compressed.pdf#page=73,c52024d2154a422a975890555ad0e11fd19790bcfc5d9cf405305edfa6031c3a
2025,2023,166027,166027003,Concord Field Station,murder,Murder/Nonnegligent Manslaughter,criminal_offenses,noncampus,,,not_reported,73,73,38,https://www.hupd.harvard.edu/sites/g/files/omnuum12486/files/2025-10/2025%20ASR%20VF%20Compressed.pdf#page=73,c52024d2154a422a975890555ad0e11fd19790bcfc5d9cf405305edfa6031c3a
2025,2023,166027,166027003,Concord Field Station,murder,Murder/Nonnegligent Manslaughter,criminal_offenses,publicproperty,0,0,reported_numeric,73,73,38,https://www.hupd.harvard.edu/sites/g/files/omnuum12486/files/2025-10/2025%20ASR%20VF%20Compressed.pdf#page=73,c52024d2154a422a975890555ad0e11fd19790bcfc5d9cf405305edfa6031c3a
2025,2024,166027,166027003,Concord Field Station,murder,Murder/Nonnegligent Manslaughter,criminal_offenses,residential,,,not_reported,73,73,38,https://www.hupd.harvard.edu/sites/g/files/omnuum12486/files/2025-10/2025%20ASR%20VF%20Compressed.pdf#page=73,c52024d2154a422a975890555ad0e11fd19790bcfc5d9cf405305edfa6031c3a
2025,2024,166027,166027003,Concord Field Station,murder,Murder/Nonnegligent Manslaughter,criminal_offenses,oncampus,0,0,reported_numeric,73,73,38,https://www.hupd.harvard.edu/sites/g/files/omnuum12486/files/2025-10/2025%20ASR%20VF%20Compressed.pdf#page=73,c52024d2154a422a975890555ad0e11fd19790bcfc5d9cf405305edfa6031c3a
2025,2024,166027,166027003,Concord Field Station,murder,Murder/Nonnegligent Manslaughter,criminal_offenses,noncampus,,,not_reported,73,73,38,https://www.hupd.harvard.edu/sites/g/files/omnuum12486/files/2025-10/2025%20ASR%20VF%20Compressed.pdf#page=73,c52024d2154a422a975890555ad0e11fd19790bcfc5d9cf405305edfa6031c3a
2025,2024,166027,166027003,Concord Field Station,murder,Murder/Nonnegligent Manslaughter,criminal_offenses,publicproperty,0,0,reported_numeric,73,73,38,https://www.hupd.harvard.edu/sites/g/files/omnuum12486/files/2025-10/2025%20ASR%20VF%20Compressed.pdf#page=73,c52024d2154a422a975890555ad0e11fd19790bcfc5d9cf405305edfa6031c3a
2025,2022,166027,166027003,Concord Field Station,negligent_manslaughter,Negligent Manslaughter,criminal_offenses,residential,,,not_reported,73,73,39,https://www.hupd.harvard.edu/sites/g/files/omnuum12486/files/2025-10/2025%20ASR%20VF%20Compressed.pdf#page=73,c52024d2154a422a975890555ad0e11fd19790bcfc5d9cf405305edfa6031c3a
2025,2022,166027,166027003,Concord Field Station,negligent_manslaughter,Negligent Manslaughter,criminal_offenses,oncampus,0,0,reported_numeric,73,73,39,https://www.hupd.harvard.edu/sites/g/files/omnuum12486/files/2025-10/2025%20ASR%20VF%20Compressed.pdf#page=73,c52024d2154a422a975890555ad0e11fd19790bcfc5d9cf405305edfa6031c3a
2025,2022,166027,166027003,Concord Field Station,negligent_manslaughter,Negligent Manslaughter,criminal_offenses,noncampus,,,not_reported,73,73,39,https://www.hupd.harvard.edu/sites/g/files/omnuum12486/files/2025-10/2025%20ASR%20VF%20Compressed.pdf#page=73,c52024d2154a422a975890555ad0e11fd19790bcfc5d9cf405305edfa6031c3a
2025,2022,166027,166027003,Concord Field Station,negligent_manslaughter,Negligent Manslaughter,criminal_offenses,publicproperty,0,0,reported_numeric,73,73,39,https://www.hupd.harvard.edu/sites/g/files/omnuum12486/files/2025-10/2025%20ASR%20VF%20Compressed.pdf#page=73,c52024d2154a422a975890555ad0e11fd19790bcfc5d9cf405305edfa6031c3a
2025,2023,166027,166027003,Concord Field Station,negligent_manslaughter,Negligent Manslaughter,criminal_offenses,residential,,,not_reported,73,73,39,https://www.hupd.harvard.edu/sites/g/files/omnuum12486/files/2025-10/2025%20ASR%20VF%20Compressed.pdf#page=73,c52024d2154a422a975890555ad0e11fd19790bcfc5d9cf405305edfa6031c3a
2025,2023,166027,166027003,Concord Field Station,negligent_manslaughter,Negligent Manslaughter,criminal_offenses,oncampus,0,0,reported_numeric,73,73,39,https://www.hupd.harvard.edu/sites/g/files/omnuum12486/files/2025-10/2025%20ASR%20VF%20Compressed.pdf#page=73,c52024d2154a422a975890555ad0e11fd19790bcfc5d9cf405305edfa6031c3a
2025,2023,166027,166027003,Concord Field Station,negligent_manslaughter,Negligent Manslaughter,criminal_offenses,noncampus,,,not_reported,73,73,39,https://www.hupd.harvard.edu/sites/g/files/omnuum12486/files/2025-10/2025%20ASR%20VF%20Compressed.pdf#page=73,c52024d2154a422a975890555ad0e11fd19790bcfc5d9cf405305edfa6031c3a
2025,2023,166027,166027003,Concord Field Station,negligent_manslaughter,Negligent Manslaughter,criminal_offenses,publicproperty,0,0,reported_numeric,73,73,39,https://www.hupd.harvard.edu/sites/g/files/omnuum12486/files/2025-10/2025%20ASR%20VF%20Compressed.pdf#page=73,c52024d2154a422a975890555ad0e11fd19790bcfc5d9cf405305edfa6031c3a
2025,2024,166027,166027003,Concord Field Station,negligent_manslaughter,Negligent Manslaughter,criminal_offenses,residential,,,not_reported,73,73,39,https://www.hupd.harvard.edu/sites/g/files/omnuum12486/files/2025-10/2025%20ASR%20VF%20Compressed.pdf#page=73,c52024d2154a422a975890555ad0e11fd19790bcfc5d9cf405305edfa6031c3a
2025,2024,166027,166027003,Concord Field Station,negligent_manslaughter,Negligent Manslaughter,criminal_offenses,oncampus,0,0,reported_numeric,73,73,39,https://www.hupd.harvard.edu/sites/g/files/omnuum12486/files/2025-10/2025%20ASR%20VF%20Compressed.pdf#page=73,c52024d2154a422a975890555ad0e11fd19790bcfc5d9cf405305edfa6031c3a
2025,2024,166027,166027003,Concord Field Station,negligent_manslaughter,Negligent Manslaughter,criminal_offenses,noncampus,,,not_reported,73,73,39,https://www.hupd.harvard.edu/sites/g/files/omnuum12486/files/2025-10/2025%20ASR%20VF%20Compressed.pdf#page=73,c52024d2154a422a975890555ad0e11fd19790bcfc5d9cf405305edfa6031c3a
2025,2024,166027,166027003,Concord Field Station,negligent_manslaughter,Negligent Manslaughter,criminal_offenses,publicproperty,0,0,reported_numeric,73,73,39,https://www.hupd.harvard.edu/sites/g/files/omnuum12486/files/2025-10/2025%20ASR%20VF%20Compressed.pdf#page=73,c52024d2154a422a975890555ad0e11fd19790bcfc5d9cf405305edfa6031c3a
2025,2022,166027,166027003,Concord Field Station,rape,Rape,criminal_offenses,residential,,,not_reported,73,73,40,https://www.hupd.harvard.edu/sites/g/files/omnuum12486/files/2025-10/2025%20ASR%20VF%20Compressed.pdf#page=73,c52024d2154a422a975890555ad0e11fd19790bcfc5d9cf405305edfa6031c3a
2025,2022,166027,166027003,Concord Field Station,rape,Rape,criminal_offenses,oncampus,0,0,reported_numeric,73,73,40,https://www.hupd.harvard.edu/sites/g/files/omnuum12486/files/2025-10/2025%20ASR%20VF%20Compressed.pdf#page=73,c52024d2154a422a975890555ad0e11fd19790bcfc5d9cf405305edfa6031c3a
2025,2022,166027,166027003,Concord Field Station,rape,Rape,criminal_offenses,noncampus,,,not_reported,73,73,40,https://www.hupd.harvard.edu/sites/g/files/omnuum12486/files/2025-10/2025%20ASR%20VF%20Compressed.pdf#page=73,c52024d2154a422a975890555ad0e11fd19790bcfc5d9cf405305edfa6031c3a
2025,2022,166027,166027003,Concord Field Station,rape,Rape,criminal_offenses,publicproperty,0,0,reported_numeric,73,73,40,https://www.hupd.harvard.edu/sites/g/files/omnuum12486/files/2025-10/2025%20ASR%20VF%20Compressed.pdf#page=73,c52024d2154a422a975890555ad0e11fd19790bcfc5d9cf405305edfa6031c3a
2025,2023,166027,166027003,Concord Field Station,rape,Rape,criminal_offenses,residential,,,not_reported,73,73,40,https://www.hupd.harvard.edu/sites/g/files/omnuum12486/files/2025-10/2025%20ASR%20VF%20Compressed.pdf#page=73,c52024d2154a422a975890555ad0e11fd19790bcfc5d9cf405305edfa6031c3a
2025,2023,166027,166027003,Concord Field Station,rape,Rape,criminal_offenses,oncampus,0,0,reported_numeric,73,73,40,https://www.hupd.harvard.edu/sites/g/files/omnuum12486/files/2025-10/2025%20ASR%20VF%20Compressed.pdf#page=73,c52024d2154a422a975890555ad0e11fd19790bcfc5d9cf405305edfa6031c3a
2025,2023,166027,166027003,Concord Field Station,rape,Rape,criminal_offenses,noncampus,,,not_reported,73,73,40,https://www.hupd.harvard.edu/sites/g/files/omnuum12486/files/2025-10/2025%20ASR%20VF%20Compressed.pdf#page=73,c52024d2154a422a975890555ad0e11fd19790bcfc5d9cf405305edfa6031c3a
2025,2023,166027,166027003,Concord Field Station,rape,Rape,criminal_offenses,publicproperty,0,0,reported_numeric,73,73,40,https://www.hupd.harvard.edu/sites/g/files/omnuum12486/files/2025-10/2025%20ASR%20VF%20Compressed.pdf#page=73,c52024d2154a422a975890555ad0e11fd19790bcfc5d9cf405305edfa6031c3a
2025,2024,166027,166027003,Concord Field Station,rape,Rape,criminal_offenses,residential,,,not_reported,73,73,40,https://www.hupd.harvard.edu/sites/g/files/omnuum12486/files/2025-10/2025%20ASR%20VF%20Compressed.pdf#page=73,c52024d2154a422a975890555ad0e11fd19790bcfc5d9cf405305edfa6031c3a
2025,2024,166027,166027003,Concord Field Station,rape,Rape,criminal_offenses,oncampus,0,0,reported_numeric,73,73,40,https://www.hupd.harvard.edu/sites/g/files/omnuum12486/files/2025-10/2025%20ASR%20VF%20Compressed.pdf#page=73,c52024d2154a422a975890555ad0e11fd19790bcfc5d9cf405305edfa6031c3a
2025,2024,166027,166027003,Concord Field Station,rape,Rape,criminal_offenses,noncampus,,,not_reported,73,73,40,https://www.hupd.harvard.edu/sites/g/files/omnuum12486/files/2025-10/2025%20ASR%20VF%20Compressed.pdf#page=73,c52024d2154a422a975890555ad0e11fd19790bcfc5d9cf405305edfa6031c3a
2025,2024,166027,166027003,Concord Field Station,rape,Rape,criminal_offenses,publicproperty,0,0,reported_numeric,73,73,40,https://www.hupd.harvard.edu/sites/g/files/omnuum12486/files/2025-10/2025%20ASR%20VF%20Compressed.pdf#page=73,c52024d2154a422a975890555ad0e11fd19790bcfc5d9cf405305edfa6031c3a
2025,2022,166027,166027003,Concord Field Station,fondling,Fondling,criminal_offenses,residential,,,not_reported,73,73,41,https://www.hupd.harvard.edu/sites/g/files/omnuum12486/files/2025-10/2025%20ASR%20VF%20Compressed.pdf#page=73,c52024d2154a422a975890555ad0e11fd19790bcfc5d9cf405305edfa6031c3a
2025,2022,166027,166027003,Concord Field Station,fondling,Fondling,criminal_offenses,oncampus,0,0,reported_numeric,73,73,41,https://www.hupd.harvard.edu/sites/g/files/omnuum12486/files/2025-10/2025%20ASR%20VF%20Compressed.pdf#page=73,c52024d2154a422a975890555ad0e11fd19790bcfc5d9cf405305edfa6031c3a
2025,2022,166027,166027003,Concord Field Station,fondling,Fondling,criminal_offenses,noncampus,,,not_reported,73,73,41,https://www.hupd.harvard.edu/sites/g/files/omnuum12486/files/2025-10/2025%20ASR%20VF%20Compressed.pdf#page=73,c52024d2154a422a975890555ad0e11fd19790bcfc5d9cf405305edfa6031c3a
2025,2022,166027,166027003,Concord Field Station,fondling,Fondling,criminal_offenses,publicproperty,0,0,reported_numeric,73,73,41,https://www.hupd.harvard.edu/sites/g/files/omnuum12486/files/2025-10/2025%20ASR%20VF%20Compressed.pdf#page=73,c52024d2154a422a975890555ad0e11fd19790bcfc5d9cf405305edfa6031c3a
2025,2023,166027,166027003,Concord Field Station,fondling,Fondling,criminal_offenses,residential,,,not_reported,73,73,41,https://www.hupd.harvard.edu/sites/g/files/omnuum12486/files/2025-10/2025%20ASR%20VF%20Compressed.pdf#page=73,c52024d2154a422a975890555ad0e11fd19790bcfc5d9cf405305edfa6031c3a
2025,2023,166027,166027003,Concord Field Station,fondling,Fondling,criminal_offenses,oncampus,0,0,reported_numeric,73,73,41,https://www.hupd.harvard.edu/sites/g/files/omnuum12486/files/2025-10/2025%20ASR%20VF%20Compressed.pdf#page=73,c52024d2154a422a975890555ad0e11fd19790bcfc5d9cf405305edfa6031c3a
2025,2023,166027,166027003,Concord Field Station,fondling,Fondling,criminal_offenses,noncampus,,,not_reported,73,73,41,https://www.hupd.harvard.edu/sites/g/files/omnuum12486/files/2025-10/2025%20ASR%20VF%20Compressed.pdf#page=73,c52024d2154a422a975890555ad0e11fd19790bcfc5d9cf405305edfa6031c3a
2025,2023,166027,166027003,Concord Field Station,fondling,Fondling,criminal_offenses,publicproperty,0,0,reported_numeric,73,73,41,https://www.hupd.harvard.edu/sites/g/files/omnuum12486/files/2025-10/2025%20ASR%20VF%20Compressed.pdf#page=73,c52024d2154a422a975890555ad0e11fd19790bcfc5d9cf405305edfa6031c3a
2025,2024,166027,166027003,Concord Field Station,fondling,Fondling,criminal_offenses,residential,,,not_reported,73,73,41,https://www.hupd.harvard.edu/sites/g/files/omnuum12486/files/2025-10/2025%20ASR%20VF%20Compressed.pdf#page=73,c52024d2154a422a975890555ad0e11fd19790bcfc5d9cf405305edfa6031c3a
2025,2024,166027,166027003,Concord Field Station,fondling,Fondling,criminal_offenses,oncampus,0,0,reported_numeric,73,73,41,https://www.hupd.harvard.edu/sites/g/files/omnuum12486/files/2025-10/2025%20ASR%20VF%20Compressed.pdf#page=73,c52024d2154a422a975890555ad0e11fd19790bcfc5d9cf405305edfa6031c3a
2025,2024,166027,166027003,Concord Field Station,fondling,Fondling,criminal_offenses,noncampus,,,not_reported,73,73,41,https://www.hupd.harvard.edu/sites/g/files/omnuum12486/files/2025-10/2025%20ASR%20VF%20Compressed.pdf#page=73,c52024d2154a422a975890555ad0e11fd19790bcfc5d9cf405305edfa6031c3a
2025,2024,166027,166027003,Concord Field Station,fondling,Fondling,criminal_offenses,publicproperty,0,0,reported_numeric,73,73,41,https://www.hupd.harvard.edu/sites/g/files/omnuum12486/files/2025-10/2025%20ASR%20VF%20Compressed.pdf#page=73,c52024d2154a422a975890555ad0e11fd19790bcfc5d9cf405305edfa6031c3a
2025,2022,166027,166027003,Concord Field Station,incest,Incest,criminal_offenses,residential,,,not_reported,73,73,42,https://www.hupd.harvard.edu/sites/g/files/omnuum12486/files/2025-10/2025%20ASR%20VF%20Compressed.pdf#page=73,c52024d2154a422a975890555ad0e11fd19790bcfc5d9cf405305edfa6031c3a
2025,2022,166027,166027003,Concord Field Station,incest,Incest,criminal_offenses,oncampus,0,0,reported_numeric,73,73,42,https://www.hupd.harvard.edu/sites/g/files/omnuum12486/files/2025-10/2025%20ASR%20VF%20Compressed.pdf#page=73,c52024d2154a422a975890555ad0e11fd19790bcfc5d9cf405305edfa6031c3a
2025,2022,166027,166027003,Concord Field Station,incest,Incest,criminal_offenses,noncampus,,,not_reported,73,73,42,https://www.hupd.harvard.edu/sites/g/files/omnuum12486/files/2025-10/2025%20ASR%20VF%20Compressed.pdf#page=73,c52024d2154a422a975890555ad0e11fd19790bcfc5d9cf405305edfa6031c3a
2025,2022,166027,166027003,Concord Field Station,incest,Incest,criminal_offenses,publicproperty,0,0,reported_numeric,73,73,42,https://www.hupd.harvard.edu/sites/g/files/omnuum12486/files/2025-10/2025%20ASR%20VF%20Compressed.pdf#page=73,c52024d2154a422a975890555ad0e11fd19790bcfc5d9cf405305edfa6031c3a
2025,2023,166027,166027003,Concord Field Station,incest,Incest,criminal_offenses,residential,,,not_reported,73,73,42,https://www.hupd.harvard.edu/sites/g/files/omnuum12486/files/2025-10/2025%20ASR%20VF%20Compressed.pdf#page=73,c52024d2154a422a975890555ad0e11fd19790bcfc5d9cf405305edfa6031c3a
2025,2023,166027,166027003,Concord Field Station,incest,Incest,criminal_offenses,oncampus,0,0,reported_numeric,73,73,42,https://www.hupd.harvard.edu/sites/g/files/omnuum12486/files/2025-10/2025%20ASR%20VF%20Compressed.pdf#page=73,c52024d2154a422a975890555ad0e11fd19790bcfc5d9cf405305edfa6031c3a
2025,2023,166027,166027003,Concord Field Station,incest,Incest,criminal_offenses,noncampus,,,not_reported,73,73,42,https://www.hupd.harvard.edu/sites/g/files/omnuum12486/files/2025-10/2025%20ASR%20VF%20Compressed.pdf#page=73,c52024d2154a422a975890555ad0e11fd19790bcfc5d9cf405305edfa6031c3a
2025,2023,166027,166027003,Concord Field Station,incest,Incest,criminal_offenses,publicproperty,0,0,reported_numeric,73,73,42,https://www.hupd.harvard.edu/sites/g/files/omnuum12486/files/2025-10/2025%20ASR%20VF%20Compressed.pdf#page=73,c52024d2154a422a975890555ad0e11fd19790bcfc5d9cf405305edfa6031c3a
2025,2024,166027,166027003,Concord Field Station,incest,Incest,criminal_offenses,residential,,,not_reported,73,73,42,https://www.hupd.harvard.edu/sites/g/files/omnuum12486/files/2025-10/2025%20ASR%20VF%20Compressed.pdf#page=73,c52024d2154a422a975890555ad0e11fd19790bcfc5d9cf405305edfa6031c3a
2025,2024,166027,166027003,Concord Field Station,incest,Incest,criminal_offenses,oncampus,0,0,reported_numeric,73,73,42,https://www.hupd.harvard.edu/sites/g/files/omnuum12486/files/2025-10/2025%20ASR%20VF%20Compressed.pdf#page=73,c52024d2154a422a975890555ad0e11fd19790bcfc5d9cf405305edfa6031c3a
2025,2024,166027,166027003,Concord Field Station,incest,Incest,criminal_offenses,noncampus,,,not_reported,73,73,42,https://www.hupd.harvard.edu/sites/g/files/omnuum12486/files/2025-10/2025%20ASR%20VF%20Compressed.pdf#page=73,c52024d2154a422a975890555ad0e11fd19790bcfc5d9cf405305edfa6031c3a
2025,2024,166027,166027003,Concord Field Station,incest,Incest,criminal_offenses,publicproperty,0,0,reported_numeric,73,73,42,https://www.hupd.harvard.edu/sites/g/files/omnuum12486/files/2025-10/2025%20ASR%20VF%20Compressed.pdf#page=73,c52024d2154a422a975890555ad0e11fd19790bcfc5d9cf405305edfa6031c3a
2025,2022,166027,166027003,Concord Field Station,statutory_rape,Statutory Rape,criminal_offenses,residential,,,not_reported,73,73,43,https://www.hupd.harvard.edu/sites/g/files/omnuum12486/files/2025-10/2025%20ASR%20VF%20Compressed.pdf#page=73,c52024d2154a422a975890555ad0e11fd19790bcfc5d9cf405305edfa6031c3a
2025,2022,166027,166027003,Concord Field Station,statutory_rape,Statutory Rape,criminal_offenses,oncampus,0,0,reported_numeric,73,73,43,https://www.hupd.harvard.edu/sites/g/files/omnuum12486/files/2025-10/2025%20ASR%20VF%20Compressed.pdf#page=73,c52024d2154a422a975890555ad0e11fd19790bcfc5d9cf405305edfa6031c3a
2025,2022,166027,166027003,Concord Field Station,statutory_rape,Statutory Rape,criminal_offenses,noncampus,,,not_reported,73,73,43,https://www.hupd.harvard.edu/sites/g/files/omnuum12486/files/2025-10/2025%20ASR%20VF%20Compressed.pdf#page=73,c52024d2154a422a975890555ad0e11fd19790bcfc5d9cf405305edfa6031c3a
2025,2022,166027,166027003,Concord Field Station,statutory_rape,Statutory Rape,criminal_offenses,publicproperty,0,0,reported_numeric,73,73,43,https://www.hupd.harvard.edu/sites/g/files/omnuum12486/files/2025-10/2025%20ASR%20VF%20Compressed.pdf#page=73,c52024d2154a422a975890555ad0e11fd19790bcfc5d9cf405305edfa6031c3a
2025,2023,166027,166027003,Concord Field Station,statutory_rape,Statutory Rape,criminal_offenses,residential,,,not_reported,73,73,43,https://www.hupd.harvard.edu/sites/g/files/omnuum12486/files/2025-10/2025%20ASR%20VF%20Compressed.pdf#page=73,c52024d2154a422a975890555ad0e11fd19790bcfc5d9cf405305edfa6031c3a
2025,2023,166027,166027003,Concord Field Station,statutory_rape,Statutory Rape,criminal_offenses,oncampus,0,0,reported_numeric,73,73,43,https://www.hupd.harvard.edu/sites/g/files/omnuum12486/files/2025-10/2025%20ASR%20VF%20Compressed.pdf#page=73,c52024d2154a422a975890555ad0e11fd19790bcfc5d9cf405305edfa6031c3a
2025,2023,166027,166027003,Concord Field Station,statutory_rape,Statutory Rape,criminal_offenses,noncampus,,,not_reported,73,73,43,https://www.hupd.harvard.edu/sites/g/files/omnuum12486/files/2025-10/2025%20ASR%20VF%20Compressed.pdf#page=73,c52024d2154a422a975890555ad0e11fd19790bcfc5d9cf405305edfa6031c3a
2025,2023,166027,166027003,Concord Field Station,statutory_rape,Statutory Rape,criminal_offenses,publicproperty,0,0,reported_numeric,73,73,43,https://www.hupd.harvard.edu/sites/g/files/omnuum12486/files/2025-10/2025%20ASR%20VF%20Compressed.pdf#page=73,c52024d2154a422a975890555ad0e11fd19790bcfc5d9cf405305edfa6031c3a
2025,2024,166027,166027003,Concord Field Station,statutory_rape,Statutory Rape,criminal_offenses,residential,,,not_reported,73,73,43,https://www.hupd.harvard.edu/sites/g/files/omnuum12486/files/2025-10/2025%20ASR%20VF%20Compressed.pdf#page=73,c52024d2154a422a975890555ad0e11fd19790bcfc5d9cf405305edfa6031c3a
2025,2024,166027,166027003,Concord Field Station,statutory_rape,Statutory Rape,criminal_offenses,oncampus,0,0,reported_numeric,73,73,43,https://www.hupd.harvard.edu/sites/g/files/omnuum12486/files/2025-10/2025%20ASR%20VF%20Compressed.pdf#page=73,c52024d2154a422a975890555ad0e11fd19790bcfc5d9cf405305edfa6031c3a
2025,2024,166027,166027003,Concord Field Station,statutory_rape,Statutory Rape,criminal_offenses,noncampus,,,not_reported,73,73,43,https://www.hupd.harvard.edu/sites/g/files/omnuum12486/files/2025-10/2025%20ASR%20VF%20Compressed.pdf#page=73,c52024d2154a422a975890555ad0e11fd19790bcfc5d9cf405305edfa6031c3a
2025,2024,166027,166027003,Concord Field Station,statutory_rape,Statutory Rape,criminal_offenses,publicproperty,0,0,reported_numeric,73,73,43,https://www.hupd.harvard.edu/sites/g/files/omnuum12486/files/2025-10/2025%20ASR%20VF%20Compressed.pdf#page=73,c52024d2154a422a975890555ad0e11fd19790bcfc5d9cf405305edfa6031c3a
2025,2022,166027,166027003,Concord Field Station,robbery,Robbery,criminal_offenses,residential,,,not_reported,73,73,44,https://www.hupd.harvard.edu/sites/g/files/omnuum12486/files/2025-10/2025%20ASR%20VF%20Compressed.pdf#page=73,c52024d2154a422a975890555ad0e11fd19790bcfc5d9cf405305edfa6031c3a
2025,2022,166027,166027003,Concord Field Station,robbery,Robbery,criminal_offenses,oncampus,0,0,reported_numeric,73,73,44,https://www.hupd.harvard.edu/sites/g/files/omnuum12486/files/2025-10/2025%20ASR%20VF%20Compressed.pdf#page=73,c52024d2154a422a975890555ad0e11fd19790bcfc5d9cf405305edfa6031c3a
2025,2022,166027,166027003,Concord Field Station,robbery,Robbery,criminal_offenses,noncampus,,,not_reported,73,73,44,https://www.hupd.harvard.edu/sites/g/files/omnuum12486/files/2025-10/2025%20ASR%20VF%20Compressed.pdf#page=73,c52024d2154a422a975890555ad0e11fd19790bcfc5d9cf405305edfa6031c3a
2025,2022,166027,166027003,Concord Field Station,robbery,Robbery,criminal_offenses,publicproperty,0,0,reported_numeric,73,73,44,https://www.hupd.harvard.edu/sites/g/files/omnuum12486/files/2025-10/2025%20ASR%20VF%20Compressed.pdf#page=73,c52024d2154a422a975890555ad0e11fd19790bcfc5d9cf405305edfa6031c3a
2025,2023,166027,166027003,Concord Field Station,robbery,Robbery,criminal_offenses,residential,,,not_reported,73,73,44,https://www.hupd.harvard.edu/sites/g/files/omnuum12486/files/2025-10/2025%20ASR%20VF%20Compressed.pdf#page=73,c52024d2154a422a975890555ad0e11fd19790bcfc5d9cf405305edfa6031c3a
2025,2023,166027,166027003,Concord Field Station,robbery,Robbery,criminal_offenses,oncampus,0,0,reported_numeric,73,73,44,https://www.hupd.harvard.edu/sites/g/files/omnuum12486/files/2025-10/2025%20ASR%20VF%20Compressed.pdf#page=73,c52024d2154a422a975890555ad0e11fd19790bcfc5d9cf405305edfa6031c3a
2025,2023,166027,166027003,Concord Field Station,robbery,Robbery,criminal_offenses,noncampus,,,not_reported,73,73,44,https://www.hupd.harvard.edu/sites/g/files/omnuum12486/files/2025-10/2025%20ASR%20VF%20Compressed.pdf#page=73,c52024d2154a422a975890555ad0e11fd19790bcfc5d9cf405305edfa6031c3a
2025,2023,166027,166027003,Concord Field Station,robbery,Robbery,criminal_offenses,publicproperty,0,0,reported_numeric,73,73,44,https://www.hupd.harvard.edu/sites/g/files/omnuum12486/files/2025-10/2025%20ASR%20VF%20Compressed.pdf#page=73,c52024d2154a422a975890555ad0e11fd19790bcfc5d9cf405305edfa6031c3a
2025,2024,166027,166027003,Concord Field Station,robbery,Robbery,criminal_offenses,residential,,,not_reported,73,73,44,https://www.hupd.harvard.edu/sites/g/files/omnuum12486/files/2025-10/2025%20ASR%20VF%20Compressed.pdf#page=73,c52024d2154a422a975890555ad0e11fd19790bcfc5d9cf405305edfa6031c3a
2025,2024,166027,166027003,Concord Field Station,robbery,Robbery,criminal_offenses,oncampus,0,0,reported_numeric,73,73,44,https://www.hupd.harvard.edu/sites/g/files/omnuum12486/files/2025-10/2025%20ASR%20VF%20Compressed.pdf#page=73,c52024d2154a422a975890555ad0e11fd19790bcfc5d9cf405305edfa6031c3a
2025,2024,166027,166027003,Concord Field Station,robbery,Robbery,criminal_offenses,noncampus,,,not_reported,73,73,44,https://www.hupd.harvard.edu/sites/g/files/omnuum12486/files/2025-10/2025%20ASR%20VF%20Compressed.pdf#page=73,c52024d2154a422a975890555ad0e11fd19790bcfc5d9cf405305edfa6031c3a
2025,2024,166027,166027003,Concord Field Station,robbery,Robbery,criminal_offenses,publicproperty,0,0,reported_numeric,73,73,44,https://www.hupd.harvard.edu/sites/g/files/omnuum12486/files/2025-10/2025%20ASR%20VF%20Compressed.pdf#page=73,c52024d2154a422a975890555ad0e11fd19790bcfc5d9cf405305edfa6031c3a
2025,2022,166027,166027003,Concord Field Station,aggravated_assault,Aggravated Assault,criminal_offenses,residential,,,not_reported,73,73,45,https://www.hupd.harvard.edu/sites/g/files/omnuum12486/files/2025-10/2025%20ASR%20VF%20Compressed.pdf#page=73,c52024d2154a422a975890555ad0e11fd19790bcfc5d9cf405305edfa6031c3a
2025,2022,166027,166027003,Concord Field Station,aggravated_assault,Aggravated Assault,criminal_offenses,oncampus,0,0,reported_numeric,73,73,45,https://www.hupd.harvard.edu/sites/g/files/omnuum12486/files/2025-10/2025%20ASR%20VF%20Compressed.pdf#page=73,c52024d2154a422a975890555ad0e11fd19790bcfc5d9cf405305edfa6031c3a
2025,2022,166027,166027003,Concord Field Station,aggravated_assault,Aggravated Assault,criminal_offenses,noncampus,,,not_reported,73,73,45,https://www.hupd.harvard.edu/sites/g/files/omnuum12486/files/2025-10/2025%20ASR%20VF%20Compressed.pdf#page=73,c52024d2154a422a975890555ad0e11fd19790bcfc5d9cf405305edfa6031c3a
2025,2022,166027,166027003,Concord Field Station,aggravated_assault,Aggravated Assault,criminal_offenses,publicproperty,0,0,reported_numeric,73,73,45,https://www.hupd.harvard.edu/sites/g/files/omnuum12486/files/2025-10/2025%20ASR%20VF%20Compressed.pdf#page=73,c52024d2154a422a975890555ad0e11fd19790bcfc5d9cf405305edfa6031c3a
2025,2023,166027,166027003,Concord Field Station,aggravated_assault,Aggravated Assault,criminal_offenses,residential,,,not_reported,73,73,45,https://www.hupd.harvard.edu/sites/g/files/omnuum12486/files/2025-10/2025%20ASR%20VF%20Compressed.pdf#page=73,c52024d2154a422a975890555ad0e11fd19790bcfc5d9cf405305edfa6031c3a
2025,2023,166027,166027003,Concord Field Station,aggravated_assault,Aggravated Assault,criminal_offenses,oncampus,0,0,reported_numeric,73,73,45,https://www.hupd.harvard.edu/sites/g/files/omnuum12486/files/2025-10/2025%20ASR%20VF%20Compressed.pdf#page=73,c52024d2154a422a975890555ad0e11fd19790bcfc5d9cf405305edfa6031c3a
2025,2023,166027,166027003,Concord Field Station,aggravated_assault,Aggravated Assault,criminal_offenses,noncampus,,,not_reported,73,73,45,https://www.hupd.harvard.edu/sites/g/files/omnuum12486/files/2025-10/2025%20ASR%20VF%20Compressed.pdf#page=73,c52024d2154a422a975890555ad0e11fd19790bcfc5d9cf405305edfa6031c3a
2025,2023,166027,166027003,Concord Field Station,aggravated_assault,Aggravated Assault,criminal_offenses,publicproperty,0,0,reported_numeric,73,73,45,https://www.hupd.harvard.edu/sites/g/files/omnuum12486/files/2025-10/2025%20ASR%20VF%20Compressed.pdf#page=73,c52024d2154a422a975890555ad0e11fd19790bcfc5d9cf405305edfa6031c3a
2025,2024,166027,166027003,Concord Field Station,aggravated_assault,Aggravated Assault,criminal_offenses,residential,,,not_reported,73,73,45,https://www.hupd.harvard.edu/sites/g/files/omnuum12486/files/2025-10/2025%20ASR%20VF%20Compressed.pdf#page=73,c52024d2154a422a975890555ad0e11fd19790bcfc5d9cf405305edfa6031c3a
2025,2024,166027,166027003,Concord Field Station,aggravated_assault,Aggravated Assault,criminal_offenses,oncampus,0,0,reported_numeric,73,73,45,https://www.hupd.harvard.edu/sites/g/files/omnuum12486/files/2025-10/2025%20ASR%20VF%20Compressed.pdf#page=73,c52024d2154a422a975890555ad0e11fd19790bcfc5d9cf405305edfa6031c3a
2025,2024,166027,166027003,Concord Field Station,aggravated_assault,Aggravated Assault,criminal_offenses,noncampus,,,not_reported,73,73,45,https://www.hupd.harvard.edu/sites/g/files/omnuum12486/files/2025-10/2025%20ASR%20VF%20Compressed.pdf#page=73,c52024d2154a422a975890555ad0e11fd19790bcfc5d9cf405305edfa6031c3a
2025,2024,166027,166027003,Concord Field Station,aggravated_assault,Aggravated Assault,criminal_offenses,publicproperty,0,0,reported_numeric,73,73,45,https://www.hupd.harvard.edu/sites/g/files/omnuum12486/files/2025-10/2025%20ASR%20VF%20Compressed.pdf#page=73,c52024d2154a422a975890555ad0e11fd19790bcfc5d9cf405305edfa6031c3a
2025,2022,166027,166027003,Concord Field Station,burglary,Burglary,criminal_offenses,residential,,,not_reported,73,73,46,https://www.hupd.harvard.edu/sites/g/files/omnuum12486/files/2025-10/2025%20ASR%20VF%20Compressed.pdf#page=73,c52024d2154a422a975890555ad0e11fd19790bcfc5d9cf405305edfa6031c3a
2025,2022,166027,166027003,Concord Field Station,burglary,Burglary,criminal_offenses,oncampus,0,0,reported_numeric,73,73,46,https://www.hupd.harvard.edu/sites/g/files/omnuum12486/files/2025-10/2025%20ASR%20VF%20Compressed.pdf#page=73,c52024d2154a422a975890555ad0e11fd19790bcfc5d9cf405305edfa6031c3a
2025,2022,166027,166027003,Concord Field Station,burglary,Burglary,criminal_offenses,noncampus,,,not_reported,73,73,46,https://www.hupd.harvard.edu/sites/g/files/omnuum12486/files/2025-10/2025%20ASR%20VF%20Compressed.pdf#page=73,c52024d2154a422a975890555ad0e11fd19790bcfc5d9cf405305edfa6031c3a
2025,2022,166027,166027003,Concord Field Station,burglary,Burglary,criminal_offenses,publicproperty,0,0,reported_numeric,73,73,46,https://www.hupd.harvard.edu/sites/g/files/omnuum12486/files/2025-10/2025%20ASR%20VF%20Compressed.pdf#page=73,c52024d2154a422a975890555ad0e11fd19790bcfc5d9cf405305edfa6031c3a
2025,2023,166027,166027003,Concord Field Station,burglary,Burglary,criminal_offenses,residential,,,not_reported,73,73,46,https://www.hupd.harvard.edu/sites/g/files/omnuum12486/files/2025-10/2025%20ASR%20VF%20Compressed.pdf#page=73,c52024d2154a422a975890555ad0e11fd19790bcfc5d9cf405305edfa6031c3a
2025,2023,166027,166027003,Concord Field Station,burglary,Burglary,criminal_offenses,oncampus,0,0,reported_numeric,73,73,46,https://www.hupd.harvard.edu/sites/g/files/omnuum12486/files/2025-10/2025%20ASR%20VF%20Compressed.pdf#page=73,c52024d2154a422a975890555ad0e11fd19790bcfc5d9cf405305edfa6031c3a
2025,2023,166027,166027003,Concord Field Station,burglary,Burglary,criminal_offenses,noncampus,,,not_reported,73,73,46,https://www.hupd.harvard.edu/sites/g/files/omnuum12486/files/2025-10/2025%20ASR%20VF%20Compressed.pdf#page=73,c52024d2154a422a975890555ad0e11fd19790bcfc5d9cf405305edfa6031c3a
2025,2023,166027,166027003,Concord Field Station,burglary,Burglary,criminal_offenses,publicproperty,0,0,reported_numeric,73,73,46,https://www.hupd.harvard.edu/sites/g/files/omnuum12486/files/2025-10/2025%20ASR%20VF%20Compressed.pdf#page=73,c52024d2154a422a975890555ad0e11fd19790bcfc5d9cf405305edfa6031c3a
2025,2024,166027,166027003,Concord Field Station,burglary,Burglary,criminal_offenses,residential,,,not_reported,73,73,46,https://www.hupd.harvard.edu/sites/g/files/omnuum12486/files/2025-10/2025%20ASR%20VF%20Compressed.pdf#page=73,c52024d2154a422a975890555ad0e11fd19790bcfc5d9cf405305edfa6031c3a
2025,2024,166027,166027003,Concord Field Station,burglary,Burglary,criminal_offenses,oncampus,0,0,reported_numeric,73,73,46,https://www.hupd.harvard.edu/sites/g/files/omnuum12486/files/2025-10/2025%20ASR%20VF%20Compressed.pdf#page=73,c52024d2154a422a975890555ad0e11fd19790bcfc5d9cf405305edfa6031c3a
2025,2024,166027,166027003,Concord Field Station,burglary,Burglary,criminal_offenses,noncampus,,,not_reported,73,73,46,https://www.hupd.harvard.edu/sites/g/files/omnuum12486/files/2025-10/2025%20ASR%20VF%20Compressed.pdf#page=73,c52024d2154a422a975890555ad0e11fd19790bcfc5d9cf405305edfa6031c3a
2025,2024,166027,166027003,Concord Field Station,burglary,Burglary,criminal_offenses,publicproperty,0,0,reported_numeric,73,73,46,https://www.hupd.harvard.edu/sites/g/files/omnuum12486/files/2025-10/2025%20ASR%20VF%20Compressed.pdf#page=73,c52024d2154a422a975890555ad0e11fd19790bcfc5d9cf405305edfa6031c3a
2025,2022,166027,166027003,Concord Field Station,motor_vehicle_theft,Motor Vehicle Theft,criminal_offenses,residential,,,not_reported,73,73,47,https://www.hupd.harvard.edu/sites/g/files/omnuum12486/files/2025-10/2025%20ASR%20VF%20Compressed.pdf#page=73,c52024d2154a422a975890555ad0e11fd19790bcfc5d9cf405305edfa6031c3a
2025,2022,166027,166027003,Concord Field Station,motor_vehicle_theft,Motor Vehicle Theft,criminal_offenses,oncampus,0,0,reported_numeric,73,73,47,https://www.hupd.harvard.edu/sites/g/files/omnuum12486/files/2025-10/2025%20ASR%20VF%20Compressed.pdf#page=73,c52024d2154a422a975890555ad0e11fd19790bcfc5d9cf405305edfa6031c3a
2025,2022,166027,166027003,Concord Field Station,motor_vehicle_theft,Motor Vehicle Theft,criminal_offenses,noncampus,,,not_reported,73,73,47,https://www.hupd.harvard.edu/sites/g/files/omnuum12486/files/2025-10/2025%20ASR%20VF%20Compressed.pdf#page=73,c52024d2154a422a975890555ad0e11fd19790bcfc5d9cf405305edfa6031c3a
2025,2022,166027,166027003,Concord Field Station,motor_vehicle_theft,Motor Vehicle Theft,criminal_offenses,publicproperty,0,0,reported_numeric,73,73,47,https://www.hupd.harvard.edu/sites/g/files/omnuum12486/files/2025-10/2025%20ASR%20VF%20Compressed.pdf#page=73,c52024d2154a422a975890555ad0e11fd19790bcfc5d9cf405305edfa6031c3a
2025,2023,166027,166027003,Concord Field Station,motor_vehicle_theft,Motor Vehicle Theft,criminal_offenses,residential,,,not_reported,73,73,47,https://www.hupd.harvard.edu/sites/g/files/omnuum12486/files/2025-10/2025%20ASR%20VF%20Compressed.pdf#page=73,c52024d2154a422a975890555ad0e11fd19790bcfc5d9cf405305edfa6031c3a
2025,2023,166027,166027003,Concord Field Station,motor_vehicle_theft,Motor Vehicle Theft,criminal_offenses,oncampus,0,0,reported_numeric,73,73,47,https://www.hupd.harvard.edu/sites/g/files/omnuum12486/files/2025-10/2025%20ASR%20VF%20Compressed.pdf#page=73,c52024d2154a422a975890555ad0e11fd19790bcfc5d9cf405305edfa6031c3a
2025,2023,166027,166027003,Concord Field Station,motor_vehicle_theft,Motor Vehicle Theft,criminal_offenses,noncampus,,,not_reported,73,73,47,https://www.hupd.harvard.edu/sites/g/files/omnuum12486/files/2025-10/2025%20ASR%20VF%20Compressed.pdf#page=73,c52024d2154a422a975890555ad0e11fd19790bcfc5d9cf405305edfa6031c3a
2025,2023,166027,166027003,Concord Field Station,motor_vehicle_theft,Motor Vehicle Theft,criminal_offenses,publicproperty,0,0,reported_numeric,73,73,47,https://www.hupd.harvard.edu/sites/g/files/omnuum12486/files/2025-10/2025%20ASR%20VF%20Compressed.pdf#page=73,c52024d2154a422a975890555ad0e11fd19790bcfc5d9cf405305edfa6031c3a
2025,2024,166027,166027003,Concord Field Station,motor_vehicle_theft,Motor Vehicle Theft,criminal_offenses,residential,,,not_reported,73,73,47,https://www.hupd.harvard.edu/sites/g/files/omnuum12486/files/2025-10/2025%20ASR%20VF%20Compressed.pdf#page=73,c52024d2154a422a975890555ad0e11fd19790bcfc5d9cf405305edfa6031c3a
2025,2024,166027,166027003,Concord Field Station,motor_vehicle_theft,Motor Vehicle Theft,criminal_offenses,oncampus,0,0,reported_numeric,73,73,47,https://www.hupd.harvard.edu/sites/g/files/omnuum12486/files/2025-10/2025%20ASR%20VF%20Compressed.pdf#page=73,c52024d2154a422a975890555ad0e11fd19790bcfc5d9cf405305edfa6031c3a
2025,2024,166027,166027003,Concord Field Station,motor_vehicle_theft,Motor Vehicle Theft,criminal_offenses,noncampus,,,not_reported,73,73,47,https://www.hupd.harvard.edu/sites/g/files/omnuum12486/files/2025-10/2025%20ASR%20VF%20Compressed.pdf#page=73,c52024d2154a422a975890555ad0e11fd19790bcfc5d9cf405305edfa6031c3a
2025,2024,166027,166027003,Concord Field Station,motor_vehicle_theft,Motor Vehicle Theft,criminal_offenses,publicproperty,0,0,reported_numeric,73,73,47,https://www.hupd.harvard.edu/sites/g/files/omnuum12486/files/2025-10/2025%20ASR%20VF%20Compressed.pdf#page=73,c52024d2154a422a975890555ad0e11fd19790bcfc5d9cf405305edfa6031c3a
2025,2022,166027,166027003,Concord Field Station,arson,Arson,criminal_offenses,residential,,,not_reported,73,73,48,https://www.hupd.harvard.edu/sites/g/files/omnuum12486/files/2025-10/2025%20ASR%20VF%20Compressed.pdf#page=73,c52024d2154a422a975890555ad0e11fd19790bcfc5d9cf405305edfa6031c3a
2025,2022,166027,166027003,Concord Field Station,arson,Arson,criminal_offenses,oncampus,0,0,reported_numeric,73,73,48,https://www.hupd.harvard.edu/sites/g/files/omnuum12486/files/2025-10/2025%20ASR%20VF%20Compressed.pdf#page=73,c52024d2154a422a975890555ad0e11fd19790bcfc5d9cf405305edfa6031c3a
2025,2022,166027,166027003,Concord Field Station,arson,Arson,criminal_offenses,noncampus,,,not_reported,73,73,48,https://www.hupd.harvard.edu/sites/g/files/omnuum12486/files/2025-10/2025%20ASR%20VF%20Compressed.pdf#page=73,c52024d2154a422a975890555ad0e11fd19790bcfc5d9cf405305edfa6031c3a
2025,2022,166027,166027003,Concord Field Station,arson,Arson,criminal_offenses,publicproperty,0,0,reported_numeric,73,73,48,https://www.hupd.harvard.edu/sites/g/files/omnuum12486/files/2025-10/2025%20ASR%20VF%20Compressed.pdf#page=73,c52024d2154a422a975890555ad0e11fd19790bcfc5d9cf405305edfa6031c3a
2025,2023,166027,166027003,Concord Field Station,arson,Arson,criminal_offenses,residential,,,not_reported,73,73,48,https://www.hupd.harvard.edu/sites/g/files/omnuum12486/files/2025-10/2025%20ASR%20VF%20Compressed.pdf#page=73,c52024d2154a422a975890555ad0e11fd19790bcfc5d9cf405305edfa6031c3a
2025,2023,166027,166027003,Concord Field Station,arson,Arson,criminal_offenses,oncampus,0,0,reported_numeric,73,73,48,https://www.hupd.harvard.edu/sites/g/files/omnuum12486/files/2025-10/2025%20ASR%20VF%20Compressed.pdf#page=73,c52024d2154a422a975890555ad0e11fd19790bcfc5d9cf405305edfa6031c3a
2025,2023,166027,166027003,Concord Field Station,arson,Arson,criminal_offenses,noncampus,,,not_reported,73,73,48,https://www.hupd.harvard.edu/sites/g/files/omnuum12486/files/2025-10/2025%20ASR%20VF%20Compressed.pdf#page=73,c52024d2154a422a975890555ad0e11fd19790bcfc5d9cf405305edfa6031c3a
2025,2023,166027,166027003,Concord Field Station,arson,Arson,criminal_offenses,publicproperty,0,0,reported_numeric,73,73,48,https://www.hupd.harvard.edu/sites/g/files/omnuum12486/files/2025-10/2025%20ASR%20VF%20Compressed.pdf#page=73,c52024d2154a422a975890555ad0e11fd19790bcfc5d9cf405305edfa6031c3a
2025,2024,166027,166027003,Concord Field Station,arson,Arson,criminal_offenses,residential,,,not_reported,73,73,48,https://www.hupd.harvard.edu/sites/g/files/omnuum12486/files/2025-10/2025%20ASR%20VF%20Compressed.pdf#page=73,c52024d2154a422a975890555ad0e11fd19790bcfc5d9cf405305edfa6031c3a
2025,2024,166027,166027003,Concord Field Station,arson,Arson,criminal_offenses,oncampus,0,0,reported_numeric,73,73,48,https://www.hupd.harvard.edu/sites/g/files/omnuum12486/files/2025-10/2025%20ASR%20VF%20Compressed.pdf#page=73,c52024d2154a422a975890555ad0e11fd19790bcfc5d9cf405305edfa6031c3a
2025,2024,166027,166027003,Concord Field Station,arson,Arson,criminal_offenses,noncampus,,,not_reported,73,73,48,https://www.hupd.harvard.edu/sites/g/files/omnuum12486/files/2025-10/2025%20ASR%20VF%20Compressed.pdf#page=73,c52024d2154a422a975890555ad0e11fd19790bcfc5d9cf405305edfa6031c3a
2025,2024,166027,166027003,Concord Field Station,arson,Arson,criminal_offenses,publicproperty,0,0,reported_numeric,73,73,48,https://www.hupd.harvard.edu/sites/g/files/omnuum12486/files/2025-10/2025%20ASR%20VF%20Compressed.pdf#page=73,c52024d2154a422a975890555ad0e11fd19790bcfc5d9cf405305edfa6031c3a
2025,2022,166027,166027003,Concord Field Station,domestic_violence,Domestic Violence,vawa,residential,,,not_reported,73,73,49,https://www.hupd.harvard.edu/sites/g/files/omnuum12486/files/2025-10/2025%20ASR%20VF%20Compressed.pdf#page=73,c52024d2154a422a975890555ad0e11fd19790bcfc5d9cf405305edfa6031c3a
2025,2022,166027,166027003,Concord Field Station,domestic_violence,Domestic Violence,vawa,oncampus,0,0,reported_numeric,73,73,49,https://www.hupd.harvard.edu/sites/g/files/omnuum12486/files/2025-10/2025%20ASR%20VF%20Compressed.pdf#page=73,c52024d2154a422a975890555ad0e11fd19790bcfc5d9cf405305edfa6031c3a
2025,2022,166027,166027003,Concord Field Station,domestic_violence,Domestic Violence,vawa,noncampus,,,not_reported,73,73,49,https://www.hupd.harvard.edu/sites/g/files/omnuum12486/files/2025-10/2025%20ASR%20VF%20Compressed.pdf#page=73,c52024d2154a422a975890555ad0e11fd19790bcfc5d9cf405305edfa6031c3a
2025,2022,166027,166027003,Concord Field Station,domestic_violence,Domestic Violence,vawa,publicproperty,0,0,reported_numeric,73,73,49,https://www.hupd.harvard.edu/sites/g/files/omnuum12486/files/2025-10/2025%20ASR%20VF%20Compressed.pdf#page=73,c52024d2154a422a975890555ad0e11fd19790bcfc5d9cf405305edfa6031c3a
2025,2023,166027,166027003,Concord Field Station,domestic_violence,Domestic Violence,vawa,residential,,,not_reported,73,73,49,https://www.hupd.harvard.edu/sites/g/files/omnuum12486/files/2025-10/2025%20ASR%20VF%20Compressed.pdf#page=73,c52024d2154a422a975890555ad0e11fd19790bcfc5d9cf405305edfa6031c3a
2025,2023,166027,166027003,Concord Field Station,domestic_violence,Domestic Violence,vawa,oncampus,0,0,reported_numeric,73,73,49,https://www.hupd.harvard.edu/sites/g/files/omnuum12486/files/2025-10/2025%20ASR%20VF%20Compressed.pdf#page=73,c52024d2154a422a975890555ad0e11fd19790bcfc5d9cf405305edfa6031c3a
2025,2023,166027,166027003,Concord Field Station,domestic_violence,Domestic Violence,vawa,noncampus,,,not_reported,73,73,49,https://www.hupd.harvard.edu/sites/g/files/omnuum12486/files/2025-10/2025%20ASR%20VF%20Compressed.pdf#page=73,c52024d2154a422a975890555ad0e11fd19790bcfc5d9cf405305edfa6031c3a
2025,2023,166027,166027003,Concord Field Station,domestic_violence,Domestic Violence,vawa,publicproperty,0,0,reported_numeric,73,73,49,https://www.hupd.harvard.edu/sites/g/files/omnuum12486/files/2025-10/2025%20ASR%20VF%20Compressed.pdf#page=73,c52024d2154a422a975890555ad0e11fd19790bcfc5d9cf405305edfa6031c3a
2025,2024,166027,166027003,Concord Field Station,domestic_violence,Domestic Violence,vawa,residential,,,not_reported,73,73,49,https://www.hupd.harvard.edu/sites/g/files/omnuum12486/files/2025-10/2025%20ASR%20VF%20Compressed.pdf#page=73,c52024d2154a422a975890555ad0e11fd19790bcfc5d9cf405305edfa6031c3a
2025,2024,166027,166027003,Concord Field Station,domestic_violence,Domestic Violence,vawa,oncampus,0,0,reported_numeric,73,73,49,https://www.hupd.harvard.edu/sites/g/files/omnuum12486/files/2025-10/2025%20ASR%20VF%20Compressed.pdf#page=73,c52024d2154a422a975890555ad0e11fd19790bcfc5d9cf405305edfa6031c3a
2025,2024,166027,166027003,Concord Field Station,domestic_violence,Domestic Violence,vawa,noncampus,,,not_reported,73,73,49,https://www.hupd.harvard.edu/sites/g/files/omnuum12486/files/2025-10/2025%20ASR%20VF%20Compressed.pdf#page=73,c52024d2154a422a975890555ad0e11fd19790bcfc5d9cf405305edfa6031c3a
2025,2024,166027,166027003,Concord Field Station,domestic_violence,Domestic Violence,vawa,publicproperty,0,0,reported_numeric,73,73,49,https://www.hupd.harvard.edu/sites/g/files/omnuum12486/files/2025-10/2025%20ASR%20VF%20Compressed.pdf#page=73,c52024d2154a422a975890555ad0e11fd19790bcfc5d9cf405305edfa6031c3a
2025,2022,166027,166027003,Concord Field Station,dating_violence,Dating Violence,vawa,residential,,,not_reported,73,73,50,https://www.hupd.harvard.edu/sites/g/files/omnuum12486/files/2025-10/2025%20ASR%20VF%20Compressed.pdf#page=73,c52024d2154a422a975890555ad0e11fd19790bcfc5d9cf405305edfa6031c3a
2025,2022,166027,166027003,Concord Field Station,dating_violence,Dating Violence,vawa,oncampus,0,0,reported_numeric,73,73,50,https://www.hupd.harvard.edu/sites/g/files/omnuum12486/files/2025-10/2025%20ASR%20VF%20Compressed.pdf#page=73,c52024d2154a422a975890555ad0e11fd19790bcfc5d9cf405305edfa6031c3a
2025,2022,166027,166027003,Concord Field Station,dating_violence,Dating Violence,vawa,noncampus,,,not_reported,73,73,50,https://www.hupd.harvard.edu/sites/g/files/omnuum12486/files/2025-10/2025%20ASR%20VF%20Compressed.pdf#page=73,c52024d2154a422a975890555ad0e11fd19790bcfc5d9cf405305edfa6031c3a
2025,2022,166027,166027003,Concord Field Station,dating_violence,Dating Violence,vawa,publicproperty,0,0,reported_numeric,73,73,50,https://www.hupd.harvard.edu/sites/g/files/omnuum12486/files/2025-10/2025%20ASR%20VF%20Compressed.pdf#page=73,c52024d2154a422a975890555ad0e11fd19790bcfc5d9cf405305edfa6031c3a
2025,2023,166027,166027003,Concord Field Station,dating_violence,Dating Violence,vawa,residential,,,not_reported,73,73,50,https://www.hupd.harvard.edu/sites/g/files/omnuum12486/files/2025-10/2025%20ASR%20VF%20Compressed.pdf#page=73,c52024d2154a422a975890555ad0e11fd19790bcfc5d9cf405305edfa6031c3a
2025,2023,166027,166027003,Concord Field Station,dating_violence,Dating Violence,vawa,oncampus,0,0,reported_numeric,73,73,50,https://www.hupd.harvard.edu/sites/g/files/omnuum12486/files/2025-10/2025%20ASR%20VF%20Compressed.pdf#page=73,c52024d2154a422a975890555ad0e11fd19790bcfc5d9cf405305edfa6031c3a
2025,2023,166027,166027003,Concord Field Station,dating_violence,Dating Violence,vawa,noncampus,,,not_reported,73,73,50,https://www.hupd.harvard.edu/sites/g/files/omnuum12486/files/2025-10/2025%20ASR%20VF%20Compressed.pdf#page=73,c52024d2154a422a975890555ad0e11fd19790bcfc5d9cf405305edfa6031c3a
2025,2023,166027,166027003,Concord Field Station,dating_violence,Dating Violence,vawa,publicproperty,0,0,reported_numeric,73,73,50,https://www.hupd.harvard.edu/sites/g/files/omnuum12486/files/2025-10/2025%20ASR%20VF%20Compressed.pdf#page=73,c52024d2154a422a975890555ad0e11fd19790bcfc5d9cf405305edfa6031c3a
2025,2024,166027,166027003,Concord Field Station,dating_violence,Dating Violence,vawa,residential,,,not_reported,73,73,50,https://www.hupd.harvard.edu/sites/g/files/omnuum12486/files/2025-10/2025%20ASR%20VF%20Compressed.pdf#page=73,c52024d2154a422a975890555ad0e11fd19790bcfc5d9cf405305edfa6031c3a
2025,2024,166027,166027003,Concord Field Station,dating_violence,Dating Violence,vawa,oncampus,0,0,reported_numeric,73,73,50,https://www.hupd.harvard.edu/sites/g/files/omnuum12486/files/2025-10/2025%20ASR%20VF%20Compressed.pdf#page=73,c52024d2154a422a975890555ad0e11fd19790bcfc5d9cf405305edfa6031c3a
2025,2024,166027,166027003,Concord Field Station,dating_violence,Dating Violence,vawa,noncampus,,,not_reported,73,73,50,https://www.hupd.harvard.edu/sites/g/files/omnuum12486/files/2025-10/2025%20ASR%20VF%20Compressed.pdf#page=73,c52024d2154a422a975890555ad0e11fd19790bcfc5d9cf405305edfa6031c3a
2025,2024,166027,166027003,Concord Field Station,dating_violence,Dating Violence,vawa,publicproperty,0,0,reported_numeric,73,73,50,https://www.hupd.harvard.edu/sites/g/files/omnuum12486/files/2025-10/2025%20ASR%20VF%20Compressed.pdf#page=73,c52024d2154a422a975890555ad0e11fd19790bcfc5d9cf405305edfa6031c3a
2025,2022,166027,166027003,Concord Field Station,stalking,Stalking,vawa,residential,,,not_reported,73,73,51,https://www.hupd.harvard.edu/sites/g/files/omnuum12486/files/2025-10/2025%20ASR%20VF%20Compressed.pdf#page=73,c52024d2154a422a975890555ad0e11fd19790bcfc5d9cf405305edfa6031c3a
2025,2022,166027,166027003,Concord Field Station,stalking,Stalking,vawa,oncampus,0,0,reported_numeric,73,73,51,https://www.hupd.harvard.edu/sites/g/files/omnuum12486/files/2025-10/2025%20ASR%20VF%20Compressed.pdf#page=73,c52024d2154a422a975890555ad0e11fd19790bcfc5d9cf405305edfa6031c3a
2025,2022,166027,166027003,Concord Field Station,stalking,Stalking,vawa,noncampus,,,not_reported,73,73,51,https://www.hupd.harvard.edu/sites/g/files/omnuum12486/files/2025-10/2025%20ASR%20VF%20Compressed.pdf#page=73,c52024d2154a422a975890555ad0e11fd19790bcfc5d9cf405305edfa6031c3a
2025,2022,166027,166027003,Concord Field Station,stalking,Stalking,vawa,publicproperty,0,0,reported_numeric,73,73,51,https://www.hupd.harvard.edu/sites/g/files/omnuum12486/files/2025-10/2025%20ASR%20VF%20Compressed.pdf#page=73,c52024d2154a422a975890555ad0e11fd19790bcfc5d9cf405305edfa6031c3a
2025,2023,166027,166027003,Concord Field Station,stalking,Stalking,vawa,residential,,,not_reported,73,73,51,https://www.hupd.harvard.edu/sites/g/files/omnuum12486/files/2025-10/2025%20ASR%20VF%20Compressed.pdf#page=73,c52024d2154a422a975890555ad0e11fd19790bcfc5d9cf405305edfa6031c3a
2025,2023,166027,166027003,Concord Field Station,stalking,Stalking,vawa,oncampus,0,0,reported_numeric,73,73,51,https://www.hupd.harvard.edu/sites/g/files/omnuum12486/files/2025-10/2025%20ASR%20VF%20Compressed.pdf#page=73,c52024d2154a422a975890555ad0e11fd19790bcfc5d9cf405305edfa6031c3a
2025,2023,166027,166027003,Concord Field Station,stalking,Stalking,vawa,noncampus,,,not_reported,73,73,51,https://www.hupd.harvard.edu/sites/g/files/omnuum12486/files/2025-10/2025%20ASR%20VF%20Compressed.pdf#page=73,c52024d2154a422a975890555ad0e11fd19790bcfc5d9cf405305edfa6031c3a
2025,2023,166027,166027003,Concord Field Station,stalking,Stalking,vawa,publicproperty,0,0,reported_numeric,73,73,51,https://www.hupd.harvard.edu/sites/g/files/omnuum12486/files/2025-10/2025%20ASR%20VF%20Compressed.pdf#page=73,c52024d2154a422a975890555ad0e11fd19790bcfc5d9cf405305edfa6031c3a
2025,2024,166027,166027003,Concord Field Station,stalking,Stalking,vawa,residential,,,not_reported,73,73,51,https://www.hupd.harvard.edu/sites/g/files/omnuum12486/files/2025-10/2025%20ASR%20VF%20Compressed.pdf#page=73,c52024d2154a422a975890555ad0e11fd19790bcfc5d9cf405305edfa6031c3a
2025,2024,166027,166027003,Concord Field Station,stalking,Stalking,vawa,oncampus,0,0,reported_numeric,73,73,51,https://www.hupd.harvard.edu/sites/g/files/omnuum12486/files/2025-10/2025%20ASR%20VF%20Compressed.pdf#page=73,c52024d2154a422a975890555ad0e11fd19790bcfc5d9cf405305edfa6031c3a
2025,2024,166027,166027003,Concord Field Station,stalking,Stalking,vawa,noncampus,,,not_reported,73,73,51,https://www.hupd.harvard.edu/sites/g/files/omnuum12486/files/2025-10/2025%20ASR%20VF%20Compressed.pdf#page=73,c52024d2154a422a975890555ad0e11fd19790bcfc5d9cf405305edfa6031c3a
2025,2024,166027,166027003,Concord Field Station,stalking,Stalking,vawa,publicproperty,0,0,reported_numeric,73,73,51,https://www.hupd.harvard.edu/sites/g/files/omnuum12486/files/2025-10/2025%20ASR%20VF%20Compressed.pdf#page=73,c52024d2154a422a975890555ad0e11fd19790bcfc5d9cf405305edfa6031c3a
2025,2022,166027,166027006,Harvard Forest,murder,Murder/Nonnegligent Manslaughter,criminal_offenses,residential,0,0,reported_numeric,74,74,38,https://www.hupd.harvard.edu/sites/g/files/omnuum12486/files/2025-10/2025%20ASR%20VF%20Compressed.pdf#page=74,c52024d2154a422a975890555ad0e11fd19790bcfc5d9cf405305edfa6031c3a
2025,2022,166027,166027006,Harvard Forest,murder,Murder/Nonnegligent Manslaughter,criminal_offenses,oncampus,0,0,reported_numeric,74,74,38,https://www.hupd.harvard.edu/sites/g/files/omnuum12486/files/2025-10/2025%20ASR%20VF%20Compressed.pdf#page=74,c52024d2154a422a975890555ad0e11fd19790bcfc5d9cf405305edfa6031c3a
2025,2022,166027,166027006,Harvard Forest,murder,Murder/Nonnegligent Manslaughter,criminal_offenses,noncampus,,,not_reported,74,74,38,https://www.hupd.harvard.edu/sites/g/files/omnuum12486/files/2025-10/2025%20ASR%20VF%20Compressed.pdf#page=74,c52024d2154a422a975890555ad0e11fd19790bcfc5d9cf405305edfa6031c3a
2025,2022,166027,166027006,Harvard Forest,murder,Murder/Nonnegligent Manslaughter,criminal_offenses,publicproperty,0,0,reported_numeric,74,74,38,https://www.hupd.harvard.edu/sites/g/files/omnuum12486/files/2025-10/2025%20ASR%20VF%20Compressed.pdf#page=74,c52024d2154a422a975890555ad0e11fd19790bcfc5d9cf405305edfa6031c3a
2025,2023,166027,166027006,Harvard Forest,murder,Murder/Nonnegligent Manslaughter,criminal_offenses,residential,0,0,reported_numeric,74,74,38,https://www.hupd.harvard.edu/sites/g/files/omnuum12486/files/2025-10/2025%20ASR%20VF%20Compressed.pdf#page=74,c52024d2154a422a975890555ad0e11fd19790bcfc5d9cf405305edfa6031c3a
2025,2023,166027,166027006,Harvard Forest,murder,Murder/Nonnegligent Manslaughter,criminal_offenses,oncampus,0,0,reported_numeric,74,74,38,https://www.hupd.harvard.edu/sites/g/files/omnuum12486/files/2025-10/2025%20ASR%20VF%20Compressed.pdf#page=74,c52024d2154a422a975890555ad0e11fd19790bcfc5d9cf405305edfa6031c3a
2025,2023,166027,166027006,Harvard Forest,murder,Murder/Nonnegligent Manslaughter,criminal_offenses,noncampus,,,not_reported,74,74,38,https://www.hupd.harvard.edu/sites/g/files/omnuum12486/files/2025-10/2025%20ASR%20VF%20Compressed.pdf#page=74,c52024d2154a422a975890555ad0e11fd19790bcfc5d9cf405305edfa6031c3a
2025,2023,166027,166027006,Harvard Forest,murder,Murder/Nonnegligent Manslaughter,criminal_offenses,publicproperty,0,0,reported_numeric,74,74,38,https://www.hupd.harvard.edu/sites/g/files/omnuum12486/files/2025-10/2025%20ASR%20VF%20Compressed.pdf#page=74,c52024d2154a422a975890555ad0e11fd19790bcfc5d9cf405305edfa6031c3a
2025,2024,166027,166027006,Harvard Forest,murder,Murder/Nonnegligent Manslaughter,criminal_offenses,residential,0,0,reported_numeric,74,74,38,https://www.hupd.harvard.edu/sites/g/files/omnuum12486/files/2025-10/2025%20ASR%20VF%20Compressed.pdf#page=74,c52024d2154a422a975890555ad0e11fd19790bcfc5d9cf405305edfa6031c3a
2025,2024,166027,166027006,Harvard Forest,murder,Murder/Nonnegligent Manslaughter,criminal_offenses,oncampus,0,0,reported_numeric,74,74,38,https://www.hupd.harvard.edu/sites/g/files/omnuum12486/files/2025-10/2025%20ASR%20VF%20Compressed.pdf#page=74,c52024d2154a422a975890555ad0e11fd19790bcfc5d9cf405305edfa6031c3a
2025,2024,166027,166027006,Harvard Forest,murder,Murder/Nonnegligent Manslaughter,criminal_offenses,noncampus,,,not_reported,74,74,38,https://www.hupd.harvard.edu/sites/g/files/omnuum12486/files/2025-10/2025%20ASR%20VF%20Compressed.pdf#page=74,c52024d2154a422a975890555ad0e11fd19790bcfc5d9cf405305edfa6031c3a
2025,2024,166027,166027006,Harvard Forest,murder,Murder/Nonnegligent Manslaughter,criminal_offenses,publicproperty,0,0,reported_numeric,74,74,38,https://www.hupd.harvard.edu/sites/g/files/omnuum12486/files/2025-10/2025%20ASR%20VF%20Compressed.pdf#page=74,c52024d2154a422a975890555ad0e11fd19790bcfc5d9cf405305edfa6031c3a
2025,2022,166027,166027006,Harvard Forest,negligent_manslaughter,Negligent Manslaughter,criminal_offenses,residential,0,0,reported_numeric,74,74,39,https://www.hupd.harvard.edu/sites/g/files/omnuum12486/files/2025-10/2025%20ASR%20VF%20Compressed.pdf#page=74,c52024d2154a422a975890555ad0e11fd19790bcfc5d9cf405305edfa6031c3a
2025,2022,166027,166027006,Harvard Forest,negligent_manslaughter,Negligent Manslaughter,criminal_offenses,oncampus,0,0,reported_numeric,74,74,39,https://www.hupd.harvard.edu/sites/g/files/omnuum12486/files/2025-10/2025%20ASR%20VF%20Compressed.pdf#page=74,c52024d2154a422a975890555ad0e11fd19790bcfc5d9cf405305edfa6031c3a
2025,2022,166027,166027006,Harvard Forest,negligent_manslaughter,Negligent Manslaughter,criminal_offenses,noncampus,,,not_reported,74,74,39,https://www.hupd.harvard.edu/sites/g/files/omnuum12486/files/2025-10/2025%20ASR%20VF%20Compressed.pdf#page=74,c52024d2154a422a975890555ad0e11fd19790bcfc5d9cf405305edfa6031c3a
2025,2022,166027,166027006,Harvard Forest,negligent_manslaughter,Negligent Manslaughter,criminal_offenses,publicproperty,0,0,reported_numeric,74,74,39,https://www.hupd.harvard.edu/sites/g/files/omnuum12486/files/2025-10/2025%20ASR%20VF%20Compressed.pdf#page=74,c52024d2154a422a975890555ad0e11fd19790bcfc5d9cf405305edfa6031c3a
2025,2023,166027,166027006,Harvard Forest,negligent_manslaughter,Negligent Manslaughter,criminal_offenses,residential,0,0,reported_numeric,74,74,39,https://www.hupd.harvard.edu/sites/g/files/omnuum12486/files/2025-10/2025%20ASR%20VF%20Compressed.pdf#page=74,c52024d2154a422a975890555ad0e11fd19790bcfc5d9cf405305edfa6031c3a
2025,2023,166027,166027006,Harvard Forest,negligent_manslaughter,Negligent Manslaughter,criminal_offenses,oncampus,0,0,reported_numeric,74,74,39,https://www.hupd.harvard.edu/sites/g/files/omnuum12486/files/2025-10/2025%20ASR%20VF%20Compressed.pdf#page=74,c52024d2154a422a975890555ad0e11fd19790bcfc5d9cf405305edfa6031c3a
2025,2023,166027,166027006,Harvard Forest,negligent_manslaughter,Negligent Manslaughter,criminal_offenses,noncampus,,,not_reported,74,74,39,https://www.hupd.harvard.edu/sites/g/files/omnuum12486/files/2025-10/2025%20ASR%20VF%20Compressed.pdf#page=74,c52024d2154a422a975890555ad0e11fd19790bcfc5d9cf405305edfa6031c3a
2025,2023,166027,166027006,Harvard Forest,negligent_manslaughter,Negligent Manslaughter,criminal_offenses,publicproperty,0,0,reported_numeric,74,74,39,https://www.hupd.harvard.edu/sites/g/files/omnuum12486/files/2025-10/2025%20ASR%20VF%20Compressed.pdf#page=74,c52024d2154a422a975890555ad0e11fd19790bcfc5d9cf405305edfa6031c3a
2025,2024,166027,166027006,Harvard Forest,negligent_manslaughter,Negligent Manslaughter,criminal_offenses,residential,0,0,reported_numeric,74,74,39,https://www.hupd.harvard.edu/sites/g/files/omnuum12486/files/2025-10/2025%20ASR%20VF%20Compressed.pdf#page=74,c52024d2154a422a975890555ad0e11fd19790bcfc5d9cf405305edfa6031c3a
2025,2024,166027,166027006,Harvard Forest,negligent_manslaughter,Negligent Manslaughter,criminal_offenses,oncampus,0,0,reported_numeric,74,74,39,https://www.hupd.harvard.edu/sites/g/files/omnuum12486/files/2025-10/2025%20ASR%20VF%20Compressed.pdf#page=74,c52024d2154a422a975890555ad0e11fd19790bcfc5d9cf405305edfa6031c3a
2025,2024,166027,166027006,Harvard Forest,negligent_manslaughter,Negligent Manslaughter,criminal_offenses,noncampus,,,not_reported,74,74,39,https://www.hupd.harvard.edu/sites/g/files/omnuum12486/files/2025-10/2025%20ASR%20VF%20Compressed.pdf#page=74,c52024d2154a422a975890555ad0e11fd19790bcfc5d9cf405305edfa6031c3a
2025,2024,166027,166027006,Harvard Forest,negligent_manslaughter,Negligent Manslaughter,criminal_offenses,publicproperty,0,0,reported_numeric,74,74,39,https://www.hupd.harvard.edu/sites/g/files/omnuum12486/files/2025-10/2025%20ASR%20VF%20Compressed.pdf#page=74,c52024d2154a422a975890555ad0e11fd19790bcfc5d9cf405305edfa6031c3a
2025,2022,166027,166027006,Harvard Forest,rape,Rape,criminal_offenses,residential,0,0,reported_numeric,74,74,40,https://www.hupd.harvard.edu/sites/g/files/omnuum12486/files/2025-10/2025%20ASR%20VF%20Compressed.pdf#page=74,c52024d2154a422a975890555ad0e11fd19790bcfc5d9cf405305edfa6031c3a
2025,2022,166027,166027006,Harvard Forest,rape,Rape,criminal_offenses,oncampus,0,0,reported_numeric,74,74,40,https://www.hupd.harvard.edu/sites/g/files/omnuum12486/files/2025-10/2025%20ASR%20VF%20Compressed.pdf#page=74,c52024d2154a422a975890555ad0e11fd19790bcfc5d9cf405305edfa6031c3a
2025,2022,166027,166027006,Harvard Forest,rape,Rape,criminal_offenses,noncampus,,,not_reported,74,74,40,https://www.hupd.harvard.edu/sites/g/files/omnuum12486/files/2025-10/2025%20ASR%20VF%20Compressed.pdf#page=74,c52024d2154a422a975890555ad0e11fd19790bcfc5d9cf405305edfa6031c3a
2025,2022,166027,166027006,Harvard Forest,rape,Rape,criminal_offenses,publicproperty,0,0,reported_numeric,74,74,40,https://www.hupd.harvard.edu/sites/g/files/omnuum12486/files/2025-10/2025%20ASR%20VF%20Compressed.pdf#page=74,c52024d2154a422a975890555ad0e11fd19790bcfc5d9cf405305edfa6031c3a
2025,2023,166027,166027006,Harvard Forest,rape,Rape,criminal_offenses,residential,0,0,reported_numeric,74,74,40,https://www.hupd.harvard.edu/sites/g/files/omnuum12486/files/2025-10/2025%20ASR%20VF%20Compressed.pdf#page=74,c52024d2154a422a975890555ad0e11fd19790bcfc5d9cf405305edfa6031c3a
2025,2023,166027,166027006,Harvard Forest,rape,Rape,criminal_offenses,oncampus,0,0,reported_numeric,74,74,40,https://www.hupd.harvard.edu/sites/g/files/omnuum12486/files/2025-10/2025%20ASR%20VF%20Compressed.pdf#page=74,c52024d2154a422a975890555ad0e11fd19790bcfc5d9cf405305edfa6031c3a
2025,2023,166027,166027006,Harvard Forest,rape,Rape,criminal_offenses,noncampus,,,not_reported,74,74,40,https://www.hupd.harvard.edu/sites/g/files/omnuum12486/files/2025-10/2025%20ASR%20VF%20Compressed.pdf#page=74,c52024d2154a422a975890555ad0e11fd19790bcfc5d9cf405305edfa6031c3a
2025,2023,166027,166027006,Harvard Forest,rape,Rape,criminal_offenses,publicproperty,0,0,reported_numeric,74,74,40,https://www.hupd.harvard.edu/sites/g/files/omnuum12486/files/2025-10/2025%20ASR%20VF%20Compressed.pdf#page=74,c52024d2154a422a975890555ad0e11fd19790bcfc5d9cf405305edfa6031c3a
2025,2024,166027,166027006,Harvard Forest,rape,Rape,criminal_offenses,residential,0,0,reported_numeric,74,74,40,https://www.hupd.harvard.edu/sites/g/files/omnuum12486/files/2025-10/2025%20ASR%20VF%20Compressed.pdf#page=74,c52024d2154a422a975890555ad0e11fd19790bcfc5d9cf405305edfa6031c3a
2025,2024,166027,166027006,Harvard Forest,rape,Rape,criminal_offenses,oncampus,0,0,reported_numeric,74,74,40,https://www.hupd.harvard.edu/sites/g/files/omnuum12486/files/2025-10/2025%20ASR%20VF%20Compressed.pdf#page=74,c52024d2154a422a975890555ad0e11fd19790bcfc5d9cf405305edfa6031c3a
2025,2024,166027,166027006,Harvard Forest,rape,Rape,criminal_offenses,noncampus,,,not_reported,74,74,40,https://www.hupd.harvard.edu/sites/g/files/omnuum12486/files/2025-10/2025%20ASR%20VF%20Compressed.pdf#page=74,c52024d2154a422a975890555ad0e11fd19790bcfc5d9cf405305edfa6031c3a
2025,2024,166027,166027006,Harvard Forest,rape,Rape,criminal_offenses,publicproperty,0,0,reported_numeric,74,74,40,https://www.hupd.harvard.edu/sites/g/files/omnuum12486/files/2025-10/2025%20ASR%20VF%20Compressed.pdf#page=74,c52024d2154a422a975890555ad0e11fd19790bcfc5d9cf405305edfa6031c3a
2025,2022,166027,166027006,Harvard Forest,fondling,Fondling,criminal_offenses,residential,0,0,reported_numeric,74,74,41,https://www.hupd.harvard.edu/sites/g/files/omnuum12486/files/2025-10/2025%20ASR%20VF%20Compressed.pdf#page=74,c52024d2154a422a975890555ad0e11fd19790bcfc5d9cf405305edfa6031c3a
2025,2022,166027,166027006,Harvard Forest,fondling,Fondling,criminal_offenses,oncampus,0,0,reported_numeric,74,74,41,https://www.hupd.harvard.edu/sites/g/files/omnuum12486/files/2025-10/2025%20ASR%20VF%20Compressed.pdf#page=74,c52024d2154a422a975890555ad0e11fd19790bcfc5d9cf405305edfa6031c3a
2025,2022,166027,166027006,Harvard Forest,fondling,Fondling,criminal_offenses,noncampus,,,not_reported,74,74,41,https://www.hupd.harvard.edu/sites/g/files/omnuum12486/files/2025-10/2025%20ASR%20VF%20Compressed.pdf#page=74,c52024d2154a422a975890555ad0e11fd19790bcfc5d9cf405305edfa6031c3a
2025,2022,166027,166027006,Harvard Forest,fondling,Fondling,criminal_offenses,publicproperty,0,0,reported_numeric,74,74,41,https://www.hupd.harvard.edu/sites/g/files/omnuum12486/files/2025-10/2025%20ASR%20VF%20Compressed.pdf#page=74,c52024d2154a422a975890555ad0e11fd19790bcfc5d9cf405305edfa6031c3a
2025,2023,166027,166027006,Harvard Forest,fondling,Fondling,criminal_offenses,residential,0,0,reported_numeric,74,74,41,https://www.hupd.harvard.edu/sites/g/files/omnuum12486/files/2025-10/2025%20ASR%20VF%20Compressed.pdf#page=74,c52024d2154a422a975890555ad0e11fd19790bcfc5d9cf405305edfa6031c3a
2025,2023,166027,166027006,Harvard Forest,fondling,Fondling,criminal_offenses,oncampus,0,0,reported_numeric,74,74,41,https://www.hupd.harvard.edu/sites/g/files/omnuum12486/files/2025-10/2025%20ASR%20VF%20Compressed.pdf#page=74,c52024d2154a422a975890555ad0e11fd19790bcfc5d9cf405305edfa6031c3a
2025,2023,166027,166027006,Harvard Forest,fondling,Fondling,criminal_offenses,noncampus,,,not_reported,74,74,41,https://www.hupd.harvard.edu/sites/g/files/omnuum12486/files/2025-10/2025%20ASR%20VF%20Compressed.pdf#page=74,c52024d2154a422a975890555ad0e11fd19790bcfc5d9cf405305edfa6031c3a
2025,2023,166027,166027006,Harvard Forest,fondling,Fondling,criminal_offenses,publicproperty,0,0,reported_numeric,74,74,41,https://www.hupd.harvard.edu/sites/g/files/omnuum12486/files/2025-10/2025%20ASR%20VF%20Compressed.pdf#page=74,c52024d2154a422a975890555ad0e11fd19790bcfc5d9cf405305edfa6031c3a
2025,2024,166027,166027006,Harvard Forest,fondling,Fondling,criminal_offenses,residential,0,0,reported_numeric,74,74,41,https://www.hupd.harvard.edu/sites/g/files/omnuum12486/files/2025-10/2025%20ASR%20VF%20Compressed.pdf#page=74,c52024d2154a422a975890555ad0e11fd19790bcfc5d9cf405305edfa6031c3a
2025,2024,166027,166027006,Harvard Forest,fondling,Fondling,criminal_offenses,oncampus,0,0,reported_numeric,74,74,41,https://www.hupd.harvard.edu/sites/g/files/omnuum12486/files/2025-10/2025%20ASR%20VF%20Compressed.pdf#page=74,c52024d2154a422a975890555ad0e11fd19790bcfc5d9cf405305edfa6031c3a
2025,2024,166027,166027006,Harvard Forest,fondling,Fondling,criminal_offenses,noncampus,,,not_reported,74,74,41,https://www.hupd.harvard.edu/sites/g/files/omnuum12486/files/2025-10/2025%20ASR%20VF%20Compressed.pdf#page=74,c52024d2154a422a975890555ad0e11fd19790bcfc5d9cf405305edfa6031c3a
2025,2024,166027,166027006,Harvard Forest,fondling,Fondling,criminal_offenses,publicproperty,0,0,reported_numeric,74,74,41,https://www.hupd.harvard.edu/sites/g/files/omnuum12486/files/2025-10/2025%20ASR%20VF%20Compressed.pdf#page=74,c52024d2154a422a975890555ad0e11fd19790bcfc5d9cf405305edfa6031c3a
2025,2022,166027,166027006,Harvard Forest,incest,Incest,criminal_offenses,residential,0,0,reported_numeric,74,74,42,https://www.hupd.harvard.edu/sites/g/files/omnuum12486/files/2025-10/2025%20ASR%20VF%20Compressed.pdf#page=74,c52024d2154a422a975890555ad0e11fd19790bcfc5d9cf405305edfa6031c3a
2025,2022,166027,166027006,Harvard Forest,incest,Incest,criminal_offenses,oncampus,0,0,reported_numeric,74,74,42,https://www.hupd.harvard.edu/sites/g/files/omnuum12486/files/2025-10/2025%20ASR%20VF%20Compressed.pdf#page=74,c52024d2154a422a975890555ad0e11fd19790bcfc5d9cf405305edfa6031c3a
2025,2022,166027,166027006,Harvard Forest,incest,Incest,criminal_offenses,noncampus,,,not_reported,74,74,42,https://www.hupd.harvard.edu/sites/g/files/omnuum12486/files/2025-10/2025%20ASR%20VF%20Compressed.pdf#page=74,c52024d2154a422a975890555ad0e11fd19790bcfc5d9cf405305edfa6031c3a
2025,2022,166027,166027006,Harvard Forest,incest,Incest,criminal_offenses,publicproperty,0,0,reported_numeric,74,74,42,https://www.hupd.harvard.edu/sites/g/files/omnuum12486/files/2025-10/2025%20ASR%20VF%20Compressed.pdf#page=74,c52024d2154a422a975890555ad0e11fd19790bcfc5d9cf405305edfa6031c3a
2025,2023,166027,166027006,Harvard Forest,incest,Incest,criminal_offenses,residential,0,0,reported_numeric,74,74,42,https://www.hupd.harvard.edu/sites/g/files/omnuum12486/files/2025-10/2025%20ASR%20VF%20Compressed.pdf#page=74,c52024d2154a422a975890555ad0e11fd19790bcfc5d9cf405305edfa6031c3a
2025,2023,166027,166027006,Harvard Forest,incest,Incest,criminal_offenses,oncampus,0,0,reported_numeric,74,74,42,https://www.hupd.harvard.edu/sites/g/files/omnuum12486/files/2025-10/2025%20ASR%20VF%20Compressed.pdf#page=74,c52024d2154a422a975890555ad0e11fd19790bcfc5d9cf405305edfa6031c3a
2025,2023,166027,166027006,Harvard Forest,incest,Incest,criminal_offenses,noncampus,,,not_reported,74,74,42,https://www.hupd.harvard.edu/sites/g/files/omnuum12486/files/2025-10/2025%20ASR%20VF%20Compressed.pdf#page=74,c52024d2154a422a975890555ad0e11fd19790bcfc5d9cf405305edfa6031c3a
2025,2023,166027,166027006,Harvard Forest,incest,Incest,criminal_offenses,publicproperty,0,0,reported_numeric,74,74,42,https://www.hupd.harvard.edu/sites/g/files/omnuum12486/files/2025-10/2025%20ASR%20VF%20Compressed.pdf#page=74,c52024d2154a422a975890555ad0e11fd19790bcfc5d9cf405305edfa6031c3a
2025,2024,166027,166027006,Harvard Forest,incest,Incest,criminal_offenses,residential,0,0,reported_numeric,74,74,42,https://www.hupd.harvard.edu/sites/g/files/omnuum12486/files/2025-10/2025%20ASR%20VF%20Compressed.pdf#page=74,c52024d2154a422a975890555ad0e11fd19790bcfc5d9cf405305edfa6031c3a
2025,2024,166027,166027006,Harvard Forest,incest,Incest,criminal_offenses,oncampus,0,0,reported_numeric,74,74,42,https://www.hupd.harvard.edu/sites/g/files/omnuum12486/files/2025-10/2025%20ASR%20VF%20Compressed.pdf#page=74,c52024d2154a422a975890555ad0e11fd19790bcfc5d9cf405305edfa6031c3a
2025,2024,166027,166027006,Harvard Forest,incest,Incest,criminal_offenses,noncampus,,,not_reported,74,74,42,https://www.hupd.harvard.edu/sites/g/files/omnuum12486/files/2025-10/2025%20ASR%20VF%20Compressed.pdf#page=74,c52024d2154a422a975890555ad0e11fd19790bcfc5d9cf405305edfa6031c3a
2025,2024,166027,166027006,Harvard Forest,incest,Incest,criminal_offenses,publicproperty,0,0,reported_numeric,74,74,42,https://www.hupd.harvard.edu/sites/g/files/omnuum12486/files/2025-10/2025%20ASR%20VF%20Compressed.pdf#page=74,c52024d2154a422a975890555ad0e11fd19790bcfc5d9cf405305edfa6031c3a
2025,2022,166027,166027006,Harvard Forest,statutory_rape,Statutory Rape,criminal_offenses,residential,0,0,reported_numeric,74,74,43,https://www.hupd.harvard.edu/sites/g/files/omnuum12486/files/2025-10/2025%20ASR%20VF%20Compressed.pdf#page=74,c52024d2154a422a975890555ad0e11fd19790bcfc5d9cf405305edfa6031c3a
2025,2022,166027,166027006,Harvard Forest,statutory_rape,Statutory Rape,criminal_offenses,oncampus,0,0,reported_numeric,74,74,43,https://www.hupd.harvard.edu/sites/g/files/omnuum12486/files/2025-10/2025%20ASR%20VF%20Compressed.pdf#page=74,c52024d2154a422a975890555ad0e11fd19790bcfc5d9cf405305edfa6031c3a
2025,2022,166027,166027006,Harvard Forest,statutory_rape,Statutory Rape,criminal_offenses,noncampus,,,not_reported,74,74,43,https://www.hupd.harvard.edu/sites/g/files/omnuum12486/files/2025-10/2025%20ASR%20VF%20Compressed.pdf#page=74,c52024d2154a422a975890555ad0e11fd19790bcfc5d9cf405305edfa6031c3a
2025,2022,166027,166027006,Harvard Forest,statutory_rape,Statutory Rape,criminal_offenses,publicproperty,0,0,reported_numeric,74,74,43,https://www.hupd.harvard.edu/sites/g/files/omnuum12486/files/2025-10/2025%20ASR%20VF%20Compressed.pdf#page=74,c52024d2154a422a975890555ad0e11fd19790bcfc5d9cf405305edfa6031c3a
2025,2023,166027,166027006,Harvard Forest,statutory_rape,Statutory Rape,criminal_offenses,residential,0,0,reported_numeric,74,74,43,https://www.hupd.harvard.edu/sites/g/files/omnuum12486/files/2025-10/2025%20ASR%20VF%20Compressed.pdf#page=74,c52024d2154a422a975890555ad0e11fd19790bcfc5d9cf405305edfa6031c3a
2025,2023,166027,166027006,Harvard Forest,statutory_rape,Statutory Rape,criminal_offenses,oncampus,0,0,reported_numeric,74,74,43,https://www.hupd.harvard.edu/sites/g/files/omnuum12486/files/2025-10/2025%20ASR%20VF%20Compressed.pdf#page=74,c52024d2154a422a975890555ad0e11fd19790bcfc5d9cf405305edfa6031c3a
2025,2023,166027,166027006,Harvard Forest,statutory_rape,Statutory Rape,criminal_offenses,noncampus,,,not_reported,74,74,43,https://www.hupd.harvard.edu/sites/g/files/omnuum12486/files/2025-10/2025%20ASR%20VF%20Compressed.pdf#page=74,c52024d2154a422a975890555ad0e11fd19790bcfc5d9cf405305edfa6031c3a
2025,2023,166027,166027006,Harvard Forest,statutory_rape,Statutory Rape,criminal_offenses,publicproperty,0,0,reported_numeric,74,74,43,https://www.hupd.harvard.edu/sites/g/files/omnuum12486/files/2025-10/2025%20ASR%20VF%20Compressed.pdf#page=74,c52024d2154a422a975890555ad0e11fd19790bcfc5d9cf405305edfa6031c3a
2025,2024,166027,166027006,Harvard Forest,statutory_rape,Statutory Rape,criminal_offenses,residential,0,0,reported_numeric,74,74,43,https://www.hupd.harvard.edu/sites/g/files/omnuum12486/files/2025-10/2025%20ASR%20VF%20Compressed.pdf#page=74,c52024d2154a422a975890555ad0e11fd19790bcfc5d9cf405305edfa6031c3a
2025,2024,166027,166027006,Harvard Forest,statutory_rape,Statutory Rape,criminal_offenses,oncampus,0,0,reported_numeric,74,74,43,https://www.hupd.harvard.edu/sites/g/files/omnuum12486/files/2025-10/2025%20ASR%20VF%20Compressed.pdf#page=74,c52024d2154a422a975890555ad0e11fd19790bcfc5d9cf405305edfa6031c3a
2025,2024,166027,166027006,Harvard Forest,statutory_rape,Statutory Rape,criminal_offenses,noncampus,,,not_reported,74,74,43,https://www.hupd.harvard.edu/sites/g/files/omnuum12486/files/2025-10/2025%20ASR%20VF%20Compressed.pdf#page=74,c52024d2154a422a975890555ad0e11fd19790bcfc5d9cf405305edfa6031c3a
2025,2024,166027,166027006,Harvard Forest,statutory_rape,Statutory Rape,criminal_offenses,publicproperty,0,0,reported_numeric,74,74,43,https://www.hupd.harvard.edu/sites/g/files/omnuum12486/files/2025-10/2025%20ASR%20VF%20Compressed.pdf#page=74,c52024d2154a422a975890555ad0e11fd19790bcfc5d9cf405305edfa6031c3a
2025,2022,166027,166027006,Harvard Forest,robbery,Robbery,criminal_offenses,residential,0,0,reported_numeric,74,74,44,https://www.hupd.harvard.edu/sites/g/files/omnuum12486/files/2025-10/2025%20ASR%20VF%20Compressed.pdf#page=74,c52024d2154a422a975890555ad0e11fd19790bcfc5d9cf405305edfa6031c3a
2025,2022,166027,166027006,Harvard Forest,robbery,Robbery,criminal_offenses,oncampus,0,0,reported_numeric,74,74,44,https://www.hupd.harvard.edu/sites/g/files/omnuum12486/files/2025-10/2025%20ASR%20VF%20Compressed.pdf#page=74,c52024d2154a422a975890555ad0e11fd19790bcfc5d9cf405305edfa6031c3a
2025,2022,166027,166027006,Harvard Forest,robbery,Robbery,criminal_offenses,noncampus,,,not_reported,74,74,44,https://www.hupd.harvard.edu/sites/g/files/omnuum12486/files/2025-10/2025%20ASR%20VF%20Compressed.pdf#page=74,c52024d2154a422a975890555ad0e11fd19790bcfc5d9cf405305edfa6031c3a
2025,2022,166027,166027006,Harvard Forest,robbery,Robbery,criminal_offenses,publicproperty,0,0,reported_numeric,74,74,44,https://www.hupd.harvard.edu/sites/g/files/omnuum12486/files/2025-10/2025%20ASR%20VF%20Compressed.pdf#page=74,c52024d2154a422a975890555ad0e11fd19790bcfc5d9cf405305edfa6031c3a
2025,2023,166027,166027006,Harvard Forest,robbery,Robbery,criminal_offenses,residential,0,0,reported_numeric,74,74,44,https://www.hupd.harvard.edu/sites/g/files/omnuum12486/files/2025-10/2025%20ASR%20VF%20Compressed.pdf#page=74,c52024d2154a422a975890555ad0e11fd19790bcfc5d9cf405305edfa6031c3a
2025,2023,166027,166027006,Harvard Forest,robbery,Robbery,criminal_offenses,oncampus,0,0,reported_numeric,74,74,44,https://www.hupd.harvard.edu/sites/g/files/omnuum12486/files/2025-10/2025%20ASR%20VF%20Compressed.pdf#page=74,c52024d2154a422a975890555ad0e11fd19790bcfc5d9cf405305edfa6031c3a
2025,2023,166027,166027006,Harvard Forest,robbery,Robbery,criminal_offenses,noncampus,,,not_reported,74,74,44,https://www.hupd.harvard.edu/sites/g/files/omnuum12486/files/2025-10/2025%20ASR%20VF%20Compressed.pdf#page=74,c52024d2154a422a975890555ad0e11fd19790bcfc5d9cf405305edfa6031c3a
2025,2023,166027,166027006,Harvard Forest,robbery,Robbery,criminal_offenses,publicproperty,0,0,reported_numeric,74,74,44,https://www.hupd.harvard.edu/sites/g/files/omnuum12486/files/2025-10/2025%20ASR%20VF%20Compressed.pdf#page=74,c52024d2154a422a975890555ad0e11fd19790bcfc5d9cf405305edfa6031c3a
2025,2024,166027,166027006,Harvard Forest,robbery,Robbery,criminal_offenses,residential,0,0,reported_numeric,74,74,44,https://www.hupd.harvard.edu/sites/g/files/omnuum12486/files/2025-10/2025%20ASR%20VF%20Compressed.pdf#page=74,c52024d2154a422a975890555ad0e11fd19790bcfc5d9cf405305edfa6031c3a
2025,2024,166027,166027006,Harvard Forest,robbery,Robbery,criminal_offenses,oncampus,0,0,reported_numeric,74,74,44,https://www.hupd.harvard.edu/sites/g/files/omnuum12486/files/2025-10/2025%20ASR%20VF%20Compressed.pdf#page=74,c52024d2154a422a975890555ad0e11fd19790bcfc5d9cf405305edfa6031c3a
2025,2024,166027,166027006,Harvard Forest,robbery,Robbery,criminal_offenses,noncampus,,,not_reported,74,74,44,https://www.hupd.harvard.edu/sites/g/files/omnuum12486/files/2025-10/2025%20ASR%20VF%20Compressed.pdf#page=74,c52024d2154a422a975890555ad0e11fd19790bcfc5d9cf405305edfa6031c3a
2025,2024,166027,166027006,Harvard Forest,robbery,Robbery,criminal_offenses,publicproperty,0,0,reported_numeric,74,74,44,https://www.hupd.harvard.edu/sites/g/files/omnuum12486/files/2025-10/2025%20ASR%20VF%20Compressed.pdf#page=74,c52024d2154a422a975890555ad0e11fd19790bcfc5d9cf405305edfa6031c3a
2025,2022,166027,166027006,Harvard Forest,aggravated_assault,Aggravated Assault,criminal_offenses,residential,0,0,reported_numeric,74,74,45,https://www.hupd.harvard.edu/sites/g/files/omnuum12486/files/2025-10/2025%20ASR%20VF%20Compressed.pdf#page=74,c52024d2154a422a975890555ad0e11fd19790bcfc5d9cf405305edfa6031c3a
2025,2022,166027,166027006,Harvard Forest,aggravated_assault,Aggravated Assault,criminal_offenses,oncampus,0,0,reported_numeric,74,74,45,https://www.hupd.harvard.edu/sites/g/files/omnuum12486/files/2025-10/2025%20ASR%20VF%20Compressed.pdf#page=74,c52024d2154a422a975890555ad0e11fd19790bcfc5d9cf405305edfa6031c3a
2025,2022,166027,166027006,Harvard Forest,aggravated_assault,Aggravated Assault,criminal_offenses,noncampus,,,not_reported,74,74,45,https://www.hupd.harvard.edu/sites/g/files/omnuum12486/files/2025-10/2025%20ASR%20VF%20Compressed.pdf#page=74,c52024d2154a422a975890555ad0e11fd19790bcfc5d9cf405305edfa6031c3a
2025,2022,166027,166027006,Harvard Forest,aggravated_assault,Aggravated Assault,criminal_offenses,publicproperty,0,0,reported_numeric,74,74,45,https://www.hupd.harvard.edu/sites/g/files/omnuum12486/files/2025-10/2025%20ASR%20VF%20Compressed.pdf#page=74,c52024d2154a422a975890555ad0e11fd19790bcfc5d9cf405305edfa6031c3a
2025,2023,166027,166027006,Harvard Forest,aggravated_assault,Aggravated Assault,criminal_offenses,residential,0,0,reported_numeric,74,74,45,https://www.hupd.harvard.edu/sites/g/files/omnuum12486/files/2025-10/2025%20ASR%20VF%20Compressed.pdf#page=74,c52024d2154a422a975890555ad0e11fd19790bcfc5d9cf405305edfa6031c3a
2025,2023,166027,166027006,Harvard Forest,aggravated_assault,Aggravated Assault,criminal_offenses,oncampus,0,0,reported_numeric,74,74,45,https://www.hupd.harvard.edu/sites/g/files/omnuum12486/files/2025-10/2025%20ASR%20VF%20Compressed.pdf#page=74,c52024d2154a422a975890555ad0e11fd19790bcfc5d9cf405305edfa6031c3a
2025,2023,166027,166027006,Harvard Forest,aggravated_assault,Aggravated Assault,criminal_offenses,noncampus,,,not_reported,74,74,45,https://www.hupd.harvard.edu/sites/g/files/omnuum12486/files/2025-10/2025%20ASR%20VF%20Compressed.pdf#page=74,c52024d2154a422a975890555ad0e11fd19790bcfc5d9cf405305edfa6031c3a
2025,2023,166027,166027006,Harvard Forest,aggravated_assault,Aggravated Assault,criminal_offenses,publicproperty,0,0,reported_numeric,74,74,45,https://www.hupd.harvard.edu/sites/g/files/omnuum12486/files/2025-10/2025%20ASR%20VF%20Compressed.pdf#page=74,c52024d2154a422a975890555ad0e11fd19790bcfc5d9cf405305edfa6031c3a
2025,2024,166027,166027006,Harvard Forest,aggravated_assault,Aggravated Assault,criminal_offenses,residential,0,0,reported_numeric,74,74,45,https://www.hupd.harvard.edu/sites/g/files/omnuum12486/files/2025-10/2025%20ASR%20VF%20Compressed.pdf#page=74,c52024d2154a422a975890555ad0e11fd19790bcfc5d9cf405305edfa6031c3a
2025,2024,166027,166027006,Harvard Forest,aggravated_assault,Aggravated Assault,criminal_offenses,oncampus,0,0,reported_numeric,74,74,45,https://www.hupd.harvard.edu/sites/g/files/omnuum12486/files/2025-10/2025%20ASR%20VF%20Compressed.pdf#page=74,c52024d2154a422a975890555ad0e11fd19790bcfc5d9cf405305edfa6031c3a
2025,2024,166027,166027006,Harvard Forest,aggravated_assault,Aggravated Assault,criminal_offenses,noncampus,,,not_reported,74,74,45,https://www.hupd.harvard.edu/sites/g/files/omnuum12486/files/2025-10/2025%20ASR%20VF%20Compressed.pdf#page=74,c52024d2154a422a975890555ad0e11fd19790bcfc5d9cf405305edfa6031c3a
2025,2024,166027,166027006,Harvard Forest,aggravated_assault,Aggravated Assault,criminal_offenses,publicproperty,0,0,reported_numeric,74,74,45,https://www.hupd.harvard.edu/sites/g/files/omnuum12486/files/2025-10/2025%20ASR%20VF%20Compressed.pdf#page=74,c52024d2154a422a975890555ad0e11fd19790bcfc5d9cf405305edfa6031c3a
2025,2022,166027,166027006,Harvard Forest,burglary,Burglary,criminal_offenses,residential,0,0,reported_numeric,74,74,46,https://www.hupd.harvard.edu/sites/g/files/omnuum12486/files/2025-10/2025%20ASR%20VF%20Compressed.pdf#page=74,c52024d2154a422a975890555ad0e11fd19790bcfc5d9cf405305edfa6031c3a
2025,2022,166027,166027006,Harvard Forest,burglary,Burglary,criminal_offenses,oncampus,0,0,reported_numeric,74,74,46,https://www.hupd.harvard.edu/sites/g/files/omnuum12486/files/2025-10/2025%20ASR%20VF%20Compressed.pdf#page=74,c52024d2154a422a975890555ad0e11fd19790bcfc5d9cf405305edfa6031c3a
2025,2022,166027,166027006,Harvard Forest,burglary,Burglary,criminal_offenses,noncampus,,,not_reported,74,74,46,https://www.hupd.harvard.edu/sites/g/files/omnuum12486/files/2025-10/2025%20ASR%20VF%20Compressed.pdf#page=74,c52024d2154a422a975890555ad0e11fd19790bcfc5d9cf405305edfa6031c3a
2025,2022,166027,166027006,Harvard Forest,burglary,Burglary,criminal_offenses,publicproperty,0,0,reported_numeric,74,74,46,https://www.hupd.harvard.edu/sites/g/files/omnuum12486/files/2025-10/2025%20ASR%20VF%20Compressed.pdf#page=74,c52024d2154a422a975890555ad0e11fd19790bcfc5d9cf405305edfa6031c3a
2025,2023,166027,166027006,Harvard Forest,burglary,Burglary,criminal_offenses,residential,0,0,reported_numeric,74,74,46,https://www.hupd.harvard.edu/sites/g/files/omnuum12486/files/2025-10/2025%20ASR%20VF%20Compressed.pdf#page=74,c52024d2154a422a975890555ad0e11fd19790bcfc5d9cf405305edfa6031c3a
2025,2023,166027,166027006,Harvard Forest,burglary,Burglary,criminal_offenses,oncampus,0,0,reported_numeric,74,74,46,https://www.hupd.harvard.edu/sites/g/files/omnuum12486/files/2025-10/2025%20ASR%20VF%20Compressed.pdf#page=74,c52024d2154a422a975890555ad0e11fd19790bcfc5d9cf405305edfa6031c3a
2025,2023,166027,166027006,Harvard Forest,burglary,Burglary,criminal_offenses,noncampus,,,not_reported,74,74,46,https://www.hupd.harvard.edu/sites/g/files/omnuum12486/files/2025-10/2025%20ASR%20VF%20Compressed.pdf#page=74,c52024d2154a422a975890555ad0e11fd19790bcfc5d9cf405305edfa6031c3a
2025,2023,166027,166027006,Harvard Forest,burglary,Burglary,criminal_offenses,publicproperty,0,0,reported_numeric,74,74,46,https://www.hupd.harvard.edu/sites/g/files/omnuum12486/files/2025-10/2025%20ASR%20VF%20Compressed.pdf#page=74,c52024d2154a422a975890555ad0e11fd19790bcfc5d9cf405305edfa6031c3a
2025,2024,166027,166027006,Harvard Forest,burglary,Burglary,criminal_offenses,residential,0,0,reported_numeric,74,74,46,https://www.hupd.harvard.edu/sites/g/files/omnuum12486/files/2025-10/2025%20ASR%20VF%20Compressed.pdf#page=74,c52024d2154a422a975890555ad0e11fd19790bcfc5d9cf405305edfa6031c3a
2025,2024,166027,166027006,Harvard Forest,burglary,Burglary,criminal_offenses,oncampus,0,0,reported_numeric,74,74,46,https://www.hupd.harvard.edu/sites/g/files/omnuum12486/files/2025-10/2025%20ASR%20VF%20Compressed.pdf#page=74,c52024d2154a422a975890555ad0e11fd19790bcfc5d9cf405305edfa6031c3a
2025,2024,166027,166027006,Harvard Forest,burglary,Burglary,criminal_offenses,noncampus,,,not_reported,74,74,46,https://www.hupd.harvard.edu/sites/g/files/omnuum12486/files/2025-10/2025%20ASR%20VF%20Compressed.pdf#page=74,c52024d2154a422a975890555ad0e11fd19790bcfc5d9cf405305edfa6031c3a
2025,2024,166027,166027006,Harvard Forest,burglary,Burglary,criminal_offenses,publicproperty,0,0,reported_numeric,74,74,46,https://www.hupd.harvard.edu/sites/g/files/omnuum12486/files/2025-10/2025%20ASR%20VF%20Compressed.pdf#page=74,c52024d2154a422a975890555ad0e11fd19790bcfc5d9cf405305edfa6031c3a
2025,2022,166027,166027006,Harvard Forest,motor_vehicle_theft,Motor Vehicle Theft,criminal_offenses,residential,0,0,reported_numeric,74,74,47,https://www.hupd.harvard.edu/sites/g/files/omnuum12486/files/2025-10/2025%20ASR%20VF%20Compressed.pdf#page=74,c52024d2154a422a975890555ad0e11fd19790bcfc5d9cf405305edfa6031c3a
2025,2022,166027,166027006,Harvard Forest,motor_vehicle_theft,Motor Vehicle Theft,criminal_offenses,oncampus,0,0,reported_numeric,74,74,47,https://www.hupd.harvard.edu/sites/g/files/omnuum12486/files/2025-10/2025%20ASR%20VF%20Compressed.pdf#page=74,c52024d2154a422a975890555ad0e11fd19790bcfc5d9cf405305edfa6031c3a
2025,2022,166027,166027006,Harvard Forest,motor_vehicle_theft,Motor Vehicle Theft,criminal_offenses,noncampus,,,not_reported,74,74,47,https://www.hupd.harvard.edu/sites/g/files/omnuum12486/files/2025-10/2025%20ASR%20VF%20Compressed.pdf#page=74,c52024d2154a422a975890555ad0e11fd19790bcfc5d9cf405305edfa6031c3a
2025,2022,166027,166027006,Harvard Forest,motor_vehicle_theft,Motor Vehicle Theft,criminal_offenses,publicproperty,0,0,reported_numeric,74,74,47,https://www.hupd.harvard.edu/sites/g/files/omnuum12486/files/2025-10/2025%20ASR%20VF%20Compressed.pdf#page=74,c52024d2154a422a975890555ad0e11fd19790bcfc5d9cf405305edfa6031c3a
2025,2023,166027,166027006,Harvard Forest,motor_vehicle_theft,Motor Vehicle Theft,criminal_offenses,residential,0,0,reported_numeric,74,74,47,https://www.hupd.harvard.edu/sites/g/files/omnuum12486/files/2025-10/2025%20ASR%20VF%20Compressed.pdf#page=74,c52024d2154a422a975890555ad0e11fd19790bcfc5d9cf405305edfa6031c3a
2025,2023,166027,166027006,Harvard Forest,motor_vehicle_theft,Motor Vehicle Theft,criminal_offenses,oncampus,0,0,reported_numeric,74,74,47,https://www.hupd.harvard.edu/sites/g/files/omnuum12486/files/2025-10/2025%20ASR%20VF%20Compressed.pdf#page=74,c52024d2154a422a975890555ad0e11fd19790bcfc5d9cf405305edfa6031c3a
2025,2023,166027,166027006,Harvard Forest,motor_vehicle_theft,Motor Vehicle Theft,criminal_offenses,noncampus,,,not_reported,74,74,47,https://www.hupd.harvard.edu/sites/g/files/omnuum12486/files/2025-10/2025%20ASR%20VF%20Compressed.pdf#page=74,c52024d2154a422a975890555ad0e11fd19790bcfc5d9cf405305edfa6031c3a
2025,2023,166027,166027006,Harvard Forest,motor_vehicle_theft,Motor Vehicle Theft,criminal_offenses,publicproperty,0,0,reported_numeric,74,74,47,https://www.hupd.harvard.edu/sites/g/files/omnuum12486/files/2025-10/2025%20ASR%20VF%20Compressed.pdf#page=74,c52024d2154a422a975890555ad0e11fd19790bcfc5d9cf405305edfa6031c3a
2025,2024,166027,166027006,Harvard Forest,motor_vehicle_theft,Motor Vehicle Theft,criminal_offenses,residential,0,0,reported_numeric,74,74,47,https://www.hupd.harvard.edu/sites/g/files/omnuum12486/files/2025-10/2025%20ASR%20VF%20Compressed.pdf#page=74,c52024d2154a422a975890555ad0e11fd19790bcfc5d9cf405305edfa6031c3a
2025,2024,166027,166027006,Harvard Forest,motor_vehicle_theft,Motor Vehicle Theft,criminal_offenses,oncampus,0,0,reported_numeric,74,74,47,https://www.hupd.harvard.edu/sites/g/files/omnuum12486/files/2025-10/2025%20ASR%20VF%20Compressed.pdf#page=74,c52024d2154a422a975890555ad0e11fd19790bcfc5d9cf405305edfa6031c3a
2025,2024,166027,166027006,Harvard Forest,motor_vehicle_theft,Motor Vehicle Theft,criminal_offenses,noncampus,,,not_reported,74,74,47,https://www.hupd.harvard.edu/sites/g/files/omnuum12486/files/2025-10/2025%20ASR%20VF%20Compressed.pdf#page=74,c52024d2154a422a975890555ad0e11fd19790bcfc5d9cf405305edfa6031c3a
2025,2024,166027,166027006,Harvard Forest,motor_vehicle_theft,Motor Vehicle Theft,criminal_offenses,publicproperty,0,0,reported_numeric,74,74,47,https://www.hupd.harvard.edu/sites/g/files/omnuum12486/files/2025-10/2025%20ASR%20VF%20Compressed.pdf#page=74,c52024d2154a422a975890555ad0e11fd19790bcfc5d9cf405305edfa6031c3a
2025,2022,166027,166027006,Harvard Forest,arson,Arson,criminal_offenses,residential,0,0,reported_numeric,74,74,48,https://www.hupd.harvard.edu/sites/g/files/omnuum12486/files/2025-10/2025%20ASR%20VF%20Compressed.pdf#page=74,c52024d2154a422a975890555ad0e11fd19790bcfc5d9cf405305edfa6031c3a
2025,2022,166027,166027006,Harvard Forest,arson,Arson,criminal_offenses,oncampus,0,0,reported_numeric,74,74,48,https://www.hupd.harvard.edu/sites/g/files/omnuum12486/files/2025-10/2025%20ASR%20VF%20Compressed.pdf#page=74,c52024d2154a422a975890555ad0e11fd19790bcfc5d9cf405305edfa6031c3a
2025,2022,166027,166027006,Harvard Forest,arson,Arson,criminal_offenses,noncampus,,,not_reported,74,74,48,https://www.hupd.harvard.edu/sites/g/files/omnuum12486/files/2025-10/2025%20ASR%20VF%20Compressed.pdf#page=74,c52024d2154a422a975890555ad0e11fd19790bcfc5d9cf405305edfa6031c3a
2025,2022,166027,166027006,Harvard Forest,arson,Arson,criminal_offenses,publicproperty,0,0,reported_numeric,74,74,48,https://www.hupd.harvard.edu/sites/g/files/omnuum12486/files/2025-10/2025%20ASR%20VF%20Compressed.pdf#page=74,c52024d2154a422a975890555ad0e11fd19790bcfc5d9cf405305edfa6031c3a
2025,2023,166027,166027006,Harvard Forest,arson,Arson,criminal_offenses,residential,0,0,reported_numeric,74,74,48,https://www.hupd.harvard.edu/sites/g/files/omnuum12486/files/2025-10/2025%20ASR%20VF%20Compressed.pdf#page=74,c52024d2154a422a975890555ad0e11fd19790bcfc5d9cf405305edfa6031c3a
2025,2023,166027,166027006,Harvard Forest,arson,Arson,criminal_offenses,oncampus,0,0,reported_numeric,74,74,48,https://www.hupd.harvard.edu/sites/g/files/omnuum12486/files/2025-10/2025%20ASR%20VF%20Compressed.pdf#page=74,c52024d2154a422a975890555ad0e11fd19790bcfc5d9cf405305edfa6031c3a
2025,2023,166027,166027006,Harvard Forest,arson,Arson,criminal_offenses,noncampus,,,not_reported,74,74,48,https://www.hupd.harvard.edu/sites/g/files/omnuum12486/files/2025-10/2025%20ASR%20VF%20Compressed.pdf#page=74,c52024d2154a422a975890555ad0e11fd19790bcfc5d9cf405305edfa6031c3a
2025,2023,166027,166027006,Harvard Forest,arson,Arson,criminal_offenses,publicproperty,0,0,reported_numeric,74,74,48,https://www.hupd.harvard.edu/sites/g/files/omnuum12486/files/2025-10/2025%20ASR%20VF%20Compressed.pdf#page=74,c52024d2154a422a975890555ad0e11fd19790bcfc5d9cf405305edfa6031c3a
2025,2024,166027,166027006,Harvard Forest,arson,Arson,criminal_offenses,residential,0,0,reported_numeric,74,74,48,https://www.hupd.harvard.edu/sites/g/files/omnuum12486/files/2025-10/2025%20ASR%20VF%20Compressed.pdf#page=74,c52024d2154a422a975890555ad0e11fd19790bcfc5d9cf405305edfa6031c3a
2025,2024,166027,166027006,Harvard Forest,arson,Arson,criminal_offenses,oncampus,0,0,reported_numeric,74,74,48,https://www.hupd.harvard.edu/sites/g/files/omnuum12486/files/2025-10/2025%20ASR%20VF%20Compressed.pdf#page=74,c52024d2154a422a975890555ad0e11fd19790bcfc5d9cf405305edfa6031c3a
2025,2024,166027,166027006,Harvard Forest,arson,Arson,criminal_offenses,noncampus,,,not_reported,74,74,48,https://www.hupd.harvard.edu/sites/g/files/omnuum12486/files/2025-10/2025%20ASR%20VF%20Compressed.pdf#page=74,c52024d2154a422a975890555ad0e11fd19790bcfc5d9cf405305edfa6031c3a
2025,2024,166027,166027006,Harvard Forest,arson,Arson,criminal_offenses,publicproperty,0,0,reported_numeric,74,74,48,https://www.hupd.harvard.edu/sites/g/files/omnuum12486/files/2025-10/2025%20ASR%20VF%20Compressed.pdf#page=74,c52024d2154a422a975890555ad0e11fd19790bcfc5d9cf405305edfa6031c3a
2025,2022,166027,166027006,Harvard Forest,domestic_violence,Domestic Violence,vawa,residential,0,0,reported_numeric,74,74,49,https://www.hupd.harvard.edu/sites/g/files/omnuum12486/files/2025-10/2025%20ASR%20VF%20Compressed.pdf#page=74,c52024d2154a422a975890555ad0e11fd19790bcfc5d9cf405305edfa6031c3a
2025,2022,166027,166027006,Harvard Forest,domestic_violence,Domestic Violence,vawa,oncampus,0,0,reported_numeric,74,74,49,https://www.hupd.harvard.edu/sites/g/files/omnuum12486/files/2025-10/2025%20ASR%20VF%20Compressed.pdf#page=74,c52024d2154a422a975890555ad0e11fd19790bcfc5d9cf405305edfa6031c3a
2025,2022,166027,166027006,Harvard Forest,domestic_violence,Domestic Violence,vawa,noncampus,,,not_reported,74,74,49,https://www.hupd.harvard.edu/sites/g/files/omnuum12486/files/2025-10/2025%20ASR%20VF%20Compressed.pdf#page=74,c52024d2154a422a975890555ad0e11fd19790bcfc5d9cf405305edfa6031c3a
2025,2022,166027,166027006,Harvard Forest,domestic_violence,Domestic Violence,vawa,publicproperty,0,0,reported_numeric,74,74,49,https://www.hupd.harvard.edu/sites/g/files/omnuum12486/files/2025-10/2025%20ASR%20VF%20Compressed.pdf#page=74,c52024d2154a422a975890555ad0e11fd19790bcfc5d9cf405305edfa6031c3a
2025,2023,166027,166027006,Harvard Forest,domestic_violence,Domestic Violence,vawa,residential,0,0,reported_numeric,74,74,49,https://www.hupd.harvard.edu/sites/g/files/omnuum12486/files/2025-10/2025%20ASR%20VF%20Compressed.pdf#page=74,c52024d2154a422a975890555ad0e11fd19790bcfc5d9cf405305edfa6031c3a
2025,2023,166027,166027006,Harvard Forest,domestic_violence,Domestic Violence,vawa,oncampus,0,0,reported_numeric,74,74,49,https://www.hupd.harvard.edu/sites/g/files/omnuum12486/files/2025-10/2025%20ASR%20VF%20Compressed.pdf#page=74,c52024d2154a422a975890555ad0e11fd19790bcfc5d9cf405305edfa6031c3a
2025,2023,166027,166027006,Harvard Forest,domestic_violence,Domestic Violence,vawa,noncampus,,,not_reported,74,74,49,https://www.hupd.harvard.edu/sites/g/files/omnuum12486/files/2025-10/2025%20ASR%20VF%20Compressed.pdf#page=74,c52024d2154a422a975890555ad0e11fd19790bcfc5d9cf405305edfa6031c3a
2025,2023,166027,166027006,Harvard Forest,domestic_violence,Domestic Violence,vawa,publicproperty,0,0,reported_numeric,74,74,49,https://www.hupd.harvard.edu/sites/g/files/omnuum12486/files/2025-10/2025%20ASR%20VF%20Compressed.pdf#page=74,c52024d2154a422a975890555ad0e11fd19790bcfc5d9cf405305edfa6031c3a
2025,2024,166027,166027006,Harvard Forest,domestic_violence,Domestic Violence,vawa,residential,0,0,reported_numeric,74,74,49,https://www.hupd.harvard.edu/sites/g/files/omnuum12486/files/2025-10/2025%20ASR%20VF%20Compressed.pdf#page=74,c52024d2154a422a975890555ad0e11fd19790bcfc5d9cf405305edfa6031c3a
2025,2024,166027,166027006,Harvard Forest,domestic_violence,Domestic Violence,vawa,oncampus,0,0,reported_numeric,74,74,49,https://www.hupd.harvard.edu/sites/g/files/omnuum12486/files/2025-10/2025%20ASR%20VF%20Compressed.pdf#page=74,c52024d2154a422a975890555ad0e11fd19790bcfc5d9cf405305edfa6031c3a
2025,2024,166027,166027006,Harvard Forest,domestic_violence,Domestic Violence,vawa,noncampus,,,not_reported,74,74,49,https://www.hupd.harvard.edu/sites/g/files/omnuum12486/files/2025-10/2025%20ASR%20VF%20Compressed.pdf#page=74,c52024d2154a422a975890555ad0e11fd19790bcfc5d9cf405305edfa6031c3a
2025,2024,166027,166027006,Harvard Forest,domestic_violence,Domestic Violence,vawa,publicproperty,0,0,reported_numeric,74,74,49,https://www.hupd.harvard.edu/sites/g/files/omnuum12486/files/2025-10/2025%20ASR%20VF%20Compressed.pdf#page=74,c52024d2154a422a975890555ad0e11fd19790bcfc5d9cf405305edfa6031c3a
2025,2022,166027,166027006,Harvard Forest,dating_violence,Dating Violence,vawa,residential,0,0,reported_numeric,74,74,50,https://www.hupd.harvard.edu/sites/g/files/omnuum12486/files/2025-10/2025%20ASR%20VF%20Compressed.pdf#page=74,c52024d2154a422a975890555ad0e11fd19790bcfc5d9cf405305edfa6031c3a
2025,2022,166027,166027006,Harvard Forest,dating_violence,Dating Violence,vawa,oncampus,0,0,reported_numeric,74,74,50,https://www.hupd.harvard.edu/sites/g/files/omnuum12486/files/2025-10/2025%20ASR%20VF%20Compressed.pdf#page=74,c52024d2154a422a975890555ad0e11fd19790bcfc5d9cf405305edfa6031c3a
2025,2022,166027,166027006,Harvard Forest,dating_violence,Dating Violence,vawa,noncampus,,,not_reported,74,74,50,https://www.hupd.harvard.edu/sites/g/files/omnuum12486/files/2025-10/2025%20ASR%20VF%20Compressed.pdf#page=74,c52024d2154a422a975890555ad0e11fd19790bcfc5d9cf405305edfa6031c3a
2025,2022,166027,166027006,Harvard Forest,dating_violence,Dating Violence,vawa,publicproperty,0,0,reported_numeric,74,74,50,https://www.hupd.harvard.edu/sites/g/files/omnuum12486/files/2025-10/2025%20ASR%20VF%20Compressed.pdf#page=74,c52024d2154a422a975890555ad0e11fd19790bcfc5d9cf405305edfa6031c3a
2025,2023,166027,166027006,Harvard Forest,dating_violence,Dating Violence,vawa,residential,0,0,reported_numeric,74,74,50,https://www.hupd.harvard.edu/sites/g/files/omnuum12486/files/2025-10/2025%20ASR%20VF%20Compressed.pdf#page=74,c52024d2154a422a975890555ad0e11fd19790bcfc5d9cf405305edfa6031c3a
2025,2023,166027,166027006,Harvard Forest,dating_violence,Dating Violence,vawa,oncampus,0,0,reported_numeric,74,74,50,https://www.hupd.harvard.edu/sites/g/files/omnuum12486/files/2025-10/2025%20ASR%20VF%20Compressed.pdf#page=74,c52024d2154a422a975890555ad0e11fd19790bcfc5d9cf405305edfa6031c3a
2025,2023,166027,166027006,Harvard Forest,dating_violence,Dating Violence,vawa,noncampus,,,not_reported,74,74,50,https://www.hupd.harvard.edu/sites/g/files/omnuum12486/files/2025-10/2025%20ASR%20VF%20Compressed.pdf#page=74,c52024d2154a422a975890555ad0e11fd19790bcfc5d9cf405305edfa6031c3a
2025,2023,166027,166027006,Harvard Forest,dating_violence,Dating Violence,vawa,publicproperty,0,0,reported_numeric,74,74,50,https://www.hupd.harvard.edu/sites/g/files/omnuum12486/files/2025-10/2025%20ASR%20VF%20Compressed.pdf#page=74,c52024d2154a422a975890555ad0e11fd19790bcfc5d9cf405305edfa6031c3a
2025,2024,166027,166027006,Harvard Forest,dating_violence,Dating Violence,vawa,residential,0,0,reported_numeric,74,74,50,https://www.hupd.harvard.edu/sites/g/files/omnuum12486/files/2025-10/2025%20ASR%20VF%20Compressed.pdf#page=74,c52024d2154a422a975890555ad0e11fd19790bcfc5d9cf405305edfa6031c3a
2025,2024,166027,166027006,Harvard Forest,dating_violence,Dating Violence,vawa,oncampus,0,0,reported_numeric,74,74,50,https://www.hupd.harvard.edu/sites/g/files/omnuum12486/files/2025-10/2025%20ASR%20VF%20Compressed.pdf#page=74,c52024d2154a422a975890555ad0e11fd19790bcfc5d9cf405305edfa6031c3a
2025,2024,166027,166027006,Harvard Forest,dating_violence,Dating Violence,vawa,noncampus,,,not_reported,74,74,50,https://www.hupd.harvard.edu/sites/g/files/omnuum12486/files/2025-10/2025%20ASR%20VF%20Compressed.pdf#page=74,c52024d2154a422a975890555ad0e11fd19790bcfc5d9cf405305edfa6031c3a
2025,2024,166027,166027006,Harvard Forest,dating_violence,Dating Violence,vawa,publicproperty,0,0,reported_numeric,74,74,50,https://www.hupd.harvard.edu/sites/g/files/omnuum12486/files/2025-10/2025%20ASR%20VF%20Compressed.pdf#page=74,c52024d2154a422a975890555ad0e11fd19790bcfc5d9cf405305edfa6031c3a
2025,2022,166027,166027006,Harvard Forest,stalking,Stalking,vawa,residential,0,0,reported_numeric,74,74,51,https://www.hupd.harvard.edu/sites/g/files/omnuum12486/files/2025-10/2025%20ASR%20VF%20Compressed.pdf#page=74,c52024d2154a422a975890555ad0e11fd19790bcfc5d9cf405305edfa6031c3a
2025,2022,166027,166027006,Harvard Forest,stalking,Stalking,vawa,oncampus,0,0,reported_numeric,74,74,51,https://www.hupd.harvard.edu/sites/g/files/omnuum12486/files/2025-10/2025%20ASR%20VF%20Compressed.pdf#page=74,c52024d2154a422a975890555ad0e11fd19790bcfc5d9cf405305edfa6031c3a
2025,2022,166027,166027006,Harvard Forest,stalking,Stalking,vawa,noncampus,,,not_reported,74,74,51,https://www.hupd.harvard.edu/sites/g/files/omnuum12486/files/2025-10/2025%20ASR%20VF%20Compressed.pdf#page=74,c52024d2154a422a975890555ad0e11fd19790bcfc5d9cf405305edfa6031c3a
2025,2022,166027,166027006,Harvard Forest,stalking,Stalking,vawa,publicproperty,0,0,reported_numeric,74,74,51,https://www.hupd.harvard.edu/sites/g/files/omnuum12486/files/2025-10/2025%20ASR%20VF%20Compressed.pdf#page=74,c52024d2154a422a975890555ad0e11fd19790bcfc5d9cf405305edfa6031c3a
2025,2023,166027,166027006,Harvard Forest,stalking,Stalking,vawa,residential,0,0,reported_numeric,74,74,51,https://www.hupd.harvard.edu/sites/g/files/omnuum12486/files/2025-10/2025%20ASR%20VF%20Compressed.pdf#page=74,c52024d2154a422a975890555ad0e11fd19790bcfc5d9cf405305edfa6031c3a
2025,2023,166027,166027006,Harvard Forest,stalking,Stalking,vawa,oncampus,0,0,reported_numeric,74,74,51,https://www.hupd.harvard.edu/sites/g/files/omnuum12486/files/2025-10/2025%20ASR%20VF%20Compressed.pdf#page=74,c52024d2154a422a975890555ad0e11fd19790bcfc5d9cf405305edfa6031c3a
2025,2023,166027,166027006,Harvard Forest,stalking,Stalking,vawa,noncampus,,,not_reported,74,74,51,https://www.hupd.harvard.edu/sites/g/files/omnuum12486/files/2025-10/2025%20ASR%20VF%20Compressed.pdf#page=74,c52024d2154a422a975890555ad0e11fd19790bcfc5d9cf405305edfa6031c3a
2025,2023,166027,166027006,Harvard Forest,stalking,Stalking,vawa,publicproperty,0,0,reported_numeric,74,74,51,https://www.hupd.harvard.edu/sites/g/files/omnuum12486/files/2025-10/2025%20ASR%20VF%20Compressed.pdf#page=74,c52024d2154a422a975890555ad0e11fd19790bcfc5d9cf405305edfa6031c3a
2025,2024,166027,166027006,Harvard Forest,stalking,Stalking,vawa,residential,0,0,reported_numeric,74,74,51,https://www.hupd.harvard.edu/sites/g/files/omnuum12486/files/2025-10/2025%20ASR%20VF%20Compressed.pdf#page=74,c52024d2154a422a975890555ad0e11fd19790bcfc5d9cf405305edfa6031c3a
2025,2024,166027,166027006,Harvard Forest,stalking,Stalking,vawa,oncampus,0,0,reported_numeric,74,74,51,https://www.hupd.harvard.edu/sites/g/files/omnuum12486/files/2025-10/2025%20ASR%20VF%20Compressed.pdf#page=74,c52024d2154a422a975890555ad0e11fd19790bcfc5d9cf405305edfa6031c3a
2025,2024,166027,166027006,Harvard Forest,stalking,Stalking,vawa,noncampus,,,not_reported,74,74,51,https://www.hupd.harvard.edu/sites/g/files/omnuum12486/files/2025-10/2025%20ASR%20VF%20Compressed.pdf#page=74,c52024d2154a422a975890555ad0e11fd19790bcfc5d9cf405305edfa6031c3a
2025,2024,166027,166027006,Harvard Forest,stalking,Stalking,vawa,publicproperty,0,0,reported_numeric,74,74,51,https://www.hupd.harvard.edu/sites/g/files/omnuum12486/files/2025-10/2025%20ASR%20VF%20Compressed.pdf#page=74,c52024d2154a422a975890555ad0e11fd19790bcfc5d9cf405305edfa6031c3a
2025,2022,166027,166027008,"Center for Hellenic Studies - Nafplion, Greece",murder,Murder/Nonnegligent Manslaughter,criminal_offenses,residential,,,not_reported,75,75,32,https://www.hupd.harvard.edu/sites/g/files/omnuum12486/files/2025-10/2025%20ASR%20VF%20Compressed.pdf#page=75,c52024d2154a422a975890555ad0e11fd19790bcfc5d9cf405305edfa6031c3a
2025,2022,166027,166027008,"Center for Hellenic Studies - Nafplion, Greece",murder,Murder/Nonnegligent Manslaughter,criminal_offenses,oncampus,0,0,reported_numeric,75,75,32,https://www.hupd.harvard.edu/sites/g/files/omnuum12486/files/2025-10/2025%20ASR%20VF%20Compressed.pdf#page=75,c52024d2154a422a975890555ad0e11fd19790bcfc5d9cf405305edfa6031c3a
2025,2022,166027,166027008,"Center for Hellenic Studies - Nafplion, Greece",murder,Murder/Nonnegligent Manslaughter,criminal_offenses,noncampus,,,not_reported,75,75,32,https://www.hupd.harvard.edu/sites/g/files/omnuum12486/files/2025-10/2025%20ASR%20VF%20Compressed.pdf#page=75,c52024d2154a422a975890555ad0e11fd19790bcfc5d9cf405305edfa6031c3a
2025,2022,166027,166027008,"Center for Hellenic Studies - Nafplion, Greece",murder,Murder/Nonnegligent Manslaughter,criminal_offenses,publicproperty,0,0,reported_numeric,75,75,32,https://www.hupd.harvard.edu/sites/g/files/omnuum12486/files/2025-10/2025%20ASR%20VF%20Compressed.pdf#page=75,c52024d2154a422a975890555ad0e11fd19790bcfc5d9cf405305edfa6031c3a
2025,2023,166027,166027008,"Center for Hellenic Studies - Nafplion, Greece",murder,Murder/Nonnegligent Manslaughter,criminal_offenses,residential,,,not_reported,75,75,32,https://www.hupd.harvard.edu/sites/g/files/omnuum12486/files/2025-10/2025%20ASR%20VF%20Compressed.pdf#page=75,c52024d2154a422a975890555ad0e11fd19790bcfc5d9cf405305edfa6031c3a
2025,2023,166027,166027008,"Center for Hellenic Studies - Nafplion, Greece",murder,Murder/Nonnegligent Manslaughter,criminal_offenses,oncampus,0,0,reported_numeric,75,75,32,https://www.hupd.harvard.edu/sites/g/files/omnuum12486/files/2025-10/2025%20ASR%20VF%20Compressed.pdf#page=75,c52024d2154a422a975890555ad0e11fd19790bcfc5d9cf405305edfa6031c3a
2025,2023,166027,166027008,"Center for Hellenic Studies - Nafplion, Greece",murder,Murder/Nonnegligent Manslaughter,criminal_offenses,noncampus,,,not_reported,75,75,32,https://www.hupd.harvard.edu/sites/g/files/omnuum12486/files/2025-10/2025%20ASR%20VF%20Compressed.pdf#page=75,c52024d2154a422a975890555ad0e11fd19790bcfc5d9cf405305edfa6031c3a
2025,2023,166027,166027008,"Center for Hellenic Studies - Nafplion, Greece",murder,Murder/Nonnegligent Manslaughter,criminal_offenses,publicproperty,0,0,reported_numeric,75,75,32,https://www.hupd.harvard.edu/sites/g/files/omnuum12486/files/2025-10/2025%20ASR%20VF%20Compressed.pdf#page=75,c52024d2154a422a975890555ad0e11fd19790bcfc5d9cf405305edfa6031c3a
2025,2024,166027,166027008,"Center for Hellenic Studies - Nafplion, Greece",murder,Murder/Nonnegligent Manslaughter,criminal_offenses,residential,,,not_reported,75,75,32,https://www.hupd.harvard.edu/sites/g/files/omnuum12486/files/2025-10/2025%20ASR%20VF%20Compressed.pdf#page=75,c52024d2154a422a975890555ad0e11fd19790bcfc5d9cf405305edfa6031c3a
2025,2024,166027,166027008,"Center for Hellenic Studies - Nafplion, Greece",murder,Murder/Nonnegligent Manslaughter,criminal_offenses,oncampus,0,0,reported_numeric,75,75,32,https://www.hupd.harvard.edu/sites/g/files/omnuum12486/files/2025-10/2025%20ASR%20VF%20Compressed.pdf#page=75,c52024d2154a422a975890555ad0e11fd19790bcfc5d9cf405305edfa6031c3a
2025,2024,166027,166027008,"Center for Hellenic Studies - Nafplion, Greece",murder,Murder/Nonnegligent Manslaughter,criminal_offenses,noncampus,,,not_reported,75,75,32,https://www.hupd.harvard.edu/sites/g/files/omnuum12486/files/2025-10/2025%20ASR%20VF%20Compressed.pdf#page=75,c52024d2154a422a975890555ad0e11fd19790bcfc5d9cf405305edfa6031c3a
2025,2024,166027,166027008,"Center for Hellenic Studies - Nafplion, Greece",murder,Murder/Nonnegligent Manslaughter,criminal_offenses,publicproperty,0,0,reported_numeric,75,75,32,https://www.hupd.harvard.edu/sites/g/files/omnuum12486/files/2025-10/2025%20ASR%20VF%20Compressed.pdf#page=75,c52024d2154a422a975890555ad0e11fd19790bcfc5d9cf405305edfa6031c3a
2025,2022,166027,166027008,"Center for Hellenic Studies - Nafplion, Greece",negligent_manslaughter,Negligent Manslaughter,criminal_offenses,residential,,,not_reported,75,75,33,https://www.hupd.harvard.edu/sites/g/files/omnuum12486/files/2025-10/2025%20ASR%20VF%20Compressed.pdf#page=75,c52024d2154a422a975890555ad0e11fd19790bcfc5d9cf405305edfa6031c3a
2025,2022,166027,166027008,"Center for Hellenic Studies - Nafplion, Greece",negligent_manslaughter,Negligent Manslaughter,criminal_offenses,oncampus,0,0,reported_numeric,75,75,33,https://www.hupd.harvard.edu/sites/g/files/omnuum12486/files/2025-10/2025%20ASR%20VF%20Compressed.pdf#page=75,c52024d2154a422a975890555ad0e11fd19790bcfc5d9cf405305edfa6031c3a
2025,2022,166027,166027008,"Center for Hellenic Studies - Nafplion, Greece",negligent_manslaughter,Negligent Manslaughter,criminal_offenses,noncampus,,,not_reported,75,75,33,https://www.hupd.harvard.edu/sites/g/files/omnuum12486/files/2025-10/2025%20ASR%20VF%20Compressed.pdf#page=75,c52024d2154a422a975890555ad0e11fd19790bcfc5d9cf405305edfa6031c3a
2025,2022,166027,166027008,"Center for Hellenic Studies - Nafplion, Greece",negligent_manslaughter,Negligent Manslaughter,criminal_offenses,publicproperty,0,0,reported_numeric,75,75,33,https://www.hupd.harvard.edu/sites/g/files/omnuum12486/files/2025-10/2025%20ASR%20VF%20Compressed.pdf#page=75,c52024d2154a422a975890555ad0e11fd19790bcfc5d9cf405305edfa6031c3a
2025,2023,166027,166027008,"Center for Hellenic Studies - Nafplion, Greece",negligent_manslaughter,Negligent Manslaughter,criminal_offenses,residential,,,not_reported,75,75,33,https://www.hupd.harvard.edu/sites/g/files/omnuum12486/files/2025-10/2025%20ASR%20VF%20Compressed.pdf#page=75,c52024d2154a422a975890555ad0e11fd19790bcfc5d9cf405305edfa6031c3a
2025,2023,166027,166027008,"Center for Hellenic Studies - Nafplion, Greece",negligent_manslaughter,Negligent Manslaughter,criminal_offenses,oncampus,0,0,reported_numeric,75,75,33,https://www.hupd.harvard.edu/sites/g/files/omnuum12486/files/2025-10/2025%20ASR%20VF%20Compressed.pdf#page=75,c52024d2154a422a975890555ad0e11fd19790bcfc5d9cf405305edfa6031c3a
2025,2023,166027,166027008,"Center for Hellenic Studies - Nafplion, Greece",negligent_manslaughter,Negligent Manslaughter,criminal_offenses,noncampus,,,not_reported,75,75,33,https://www.hupd.harvard.edu/sites/g/files/omnuum12486/files/2025-10/2025%20ASR%20VF%20Compressed.pdf#page=75,c52024d2154a422a975890555ad0e11fd19790bcfc5d9cf405305edfa6031c3a
2025,2023,166027,166027008,"Center for Hellenic Studies - Nafplion, Greece",negligent_manslaughter,Negligent Manslaughter,criminal_offenses,publicproperty,0,0,reported_numeric,75,75,33,https://www.hupd.harvard.edu/sites/g/files/omnuum12486/files/2025-10/2025%20ASR%20VF%20Compressed.pdf#page=75,c52024d2154a422a975890555ad0e11fd19790bcfc5d9cf405305edfa6031c3a
2025,2024,166027,166027008,"Center for Hellenic Studies - Nafplion, Greece",negligent_manslaughter,Negligent Manslaughter,criminal_offenses,residential,,,not_reported,75,75,33,https://www.hupd.harvard.edu/sites/g/files/omnuum12486/files/2025-10/2025%20ASR%20VF%20Compressed.pdf#page=75,c52024d2154a422a975890555ad0e11fd19790bcfc5d9cf405305edfa6031c3a
2025,2024,166027,166027008,"Center for Hellenic Studies - Nafplion, Greece",negligent_manslaughter,Negligent Manslaughter,criminal_offenses,oncampus,0,0,reported_numeric,75,75,33,https://www.hupd.harvard.edu/sites/g/files/omnuum12486/files/2025-10/2025%20ASR%20VF%20Compressed.pdf#page=75,c52024d2154a422a975890555ad0e11fd19790bcfc5d9cf405305edfa6031c3a
2025,2024,166027,166027008,"Center for Hellenic Studies - Nafplion, Greece",negligent_manslaughter,Negligent Manslaughter,criminal_offenses,noncampus,,,not_reported,75,75,33,https://www.hupd.harvard.edu/sites/g/files/omnuum12486/files/2025-10/2025%20ASR%20VF%20Compressed.pdf#page=75,c52024d2154a422a975890555ad0e11fd19790bcfc5d9cf405305edfa6031c3a
2025,2024,166027,166027008,"Center for Hellenic Studies - Nafplion, Greece",negligent_manslaughter,Negligent Manslaughter,criminal_offenses,publicproperty,0,0,reported_numeric,75,75,33,https://www.hupd.harvard.edu/sites/g/files/omnuum12486/files/2025-10/2025%20ASR%20VF%20Compressed.pdf#page=75,c52024d2154a422a975890555ad0e11fd19790bcfc5d9cf405305edfa6031c3a
2025,2022,166027,166027008,"Center for Hellenic Studies - Nafplion, Greece",rape,Rape,criminal_offenses,residential,,,not_reported,75,75,34,https://www.hupd.harvard.edu/sites/g/files/omnuum12486/files/2025-10/2025%20ASR%20VF%20Compressed.pdf#page=75,c52024d2154a422a975890555ad0e11fd19790bcfc5d9cf405305edfa6031c3a
2025,2022,166027,166027008,"Center for Hellenic Studies - Nafplion, Greece",rape,Rape,criminal_offenses,oncampus,0,0,reported_numeric,75,75,34,https://www.hupd.harvard.edu/sites/g/files/omnuum12486/files/2025-10/2025%20ASR%20VF%20Compressed.pdf#page=75,c52024d2154a422a975890555ad0e11fd19790bcfc5d9cf405305edfa6031c3a
2025,2022,166027,166027008,"Center for Hellenic Studies - Nafplion, Greece",rape,Rape,criminal_offenses,noncampus,,,not_reported,75,75,34,https://www.hupd.harvard.edu/sites/g/files/omnuum12486/files/2025-10/2025%20ASR%20VF%20Compressed.pdf#page=75,c52024d2154a422a975890555ad0e11fd19790bcfc5d9cf405305edfa6031c3a
2025,2022,166027,166027008,"Center for Hellenic Studies - Nafplion, Greece",rape,Rape,criminal_offenses,publicproperty,0,0,reported_numeric,75,75,34,https://www.hupd.harvard.edu/sites/g/files/omnuum12486/files/2025-10/2025%20ASR%20VF%20Compressed.pdf#page=75,c52024d2154a422a975890555ad0e11fd19790bcfc5d9cf405305edfa6031c3a
2025,2023,166027,166027008,"Center for Hellenic Studies - Nafplion, Greece",rape,Rape,criminal_offenses,residential,,,not_reported,75,75,34,https://www.hupd.harvard.edu/sites/g/files/omnuum12486/files/2025-10/2025%20ASR%20VF%20Compressed.pdf#page=75,c52024d2154a422a975890555ad0e11fd19790bcfc5d9cf405305edfa6031c3a
2025,2023,166027,166027008,"Center for Hellenic Studies - Nafplion, Greece",rape,Rape,criminal_offenses,oncampus,0,0,reported_numeric,75,75,34,https://www.hupd.harvard.edu/sites/g/files/omnuum12486/files/2025-10/2025%20ASR%20VF%20Compressed.pdf#page=75,c52024d2154a422a975890555ad0e11fd19790bcfc5d9cf405305edfa6031c3a
2025,2023,166027,166027008,"Center for Hellenic Studies - Nafplion, Greece",rape,Rape,criminal_offenses,noncampus,,,not_reported,75,75,34,https://www.hupd.harvard.edu/sites/g/files/omnuum12486/files/2025-10/2025%20ASR%20VF%20Compressed.pdf#page=75,c52024d2154a422a975890555ad0e11fd19790bcfc5d9cf405305edfa6031c3a
2025,2023,166027,166027008,"Center for Hellenic Studies - Nafplion, Greece",rape,Rape,criminal_offenses,publicproperty,0,0,reported_numeric,75,75,34,https://www.hupd.harvard.edu/sites/g/files/omnuum12486/files/2025-10/2025%20ASR%20VF%20Compressed.pdf#page=75,c52024d2154a422a975890555ad0e11fd19790bcfc5d9cf405305edfa6031c3a
2025,2024,166027,166027008,"Center for Hellenic Studies - Nafplion, Greece",rape,Rape,criminal_offenses,residential,,,not_reported,75,75,34,https://www.hupd.harvard.edu/sites/g/files/omnuum12486/files/2025-10/2025%20ASR%20VF%20Compressed.pdf#page=75,c52024d2154a422a975890555ad0e11fd19790bcfc5d9cf405305edfa6031c3a
2025,2024,166027,166027008,"Center for Hellenic Studies - Nafplion, Greece",rape,Rape,criminal_offenses,oncampus,0,0,reported_numeric,75,75,34,https://www.hupd.harvard.edu/sites/g/files/omnuum12486/files/2025-10/2025%20ASR%20VF%20Compressed.pdf#page=75,c52024d2154a422a975890555ad0e11fd19790bcfc5d9cf405305edfa6031c3a
2025,2024,166027,166027008,"Center for Hellenic Studies - Nafplion, Greece",rape,Rape,criminal_offenses,noncampus,,,not_reported,75,75,34,https://www.hupd.harvard.edu/sites/g/files/omnuum12486/files/2025-10/2025%20ASR%20VF%20Compressed.pdf#page=75,c52024d2154a422a975890555ad0e11fd19790bcfc5d9cf405305edfa6031c3a
2025,2024,166027,166027008,"Center for Hellenic Studies - Nafplion, Greece",rape,Rape,criminal_offenses,publicproperty,0,0,reported_numeric,75,75,34,https://www.hupd.harvard.edu/sites/g/files/omnuum12486/files/2025-10/2025%20ASR%20VF%20Compressed.pdf#page=75,c52024d2154a422a975890555ad0e11fd19790bcfc5d9cf405305edfa6031c3a
2025,2022,166027,166027008,"Center for Hellenic Studies - Nafplion, Greece",fondling,Fondling,criminal_offenses,residential,,,not_reported,75,75,35,https://www.hupd.harvard.edu/sites/g/files/omnuum12486/files/2025-10/2025%20ASR%20VF%20Compressed.pdf#page=75,c52024d2154a422a975890555ad0e11fd19790bcfc5d9cf405305edfa6031c3a
2025,2022,166027,166027008,"Center for Hellenic Studies - Nafplion, Greece",fondling,Fondling,criminal_offenses,oncampus,0,0,reported_numeric,75,75,35,https://www.hupd.harvard.edu/sites/g/files/omnuum12486/files/2025-10/2025%20ASR%20VF%20Compressed.pdf#page=75,c52024d2154a422a975890555ad0e11fd19790bcfc5d9cf405305edfa6031c3a
2025,2022,166027,166027008,"Center for Hellenic Studies - Nafplion, Greece",fondling,Fondling,criminal_offenses,noncampus,,,not_reported,75,75,35,https://www.hupd.harvard.edu/sites/g/files/omnuum12486/files/2025-10/2025%20ASR%20VF%20Compressed.pdf#page=75,c52024d2154a422a975890555ad0e11fd19790bcfc5d9cf405305edfa6031c3a
2025,2022,166027,166027008,"Center for Hellenic Studies - Nafplion, Greece",fondling,Fondling,criminal_offenses,publicproperty,0,0,reported_numeric,75,75,35,https://www.hupd.harvard.edu/sites/g/files/omnuum12486/files/2025-10/2025%20ASR%20VF%20Compressed.pdf#page=75,c52024d2154a422a975890555ad0e11fd19790bcfc5d9cf405305edfa6031c3a
2025,2023,166027,166027008,"Center for Hellenic Studies - Nafplion, Greece",fondling,Fondling,criminal_offenses,residential,,,not_reported,75,75,35,https://www.hupd.harvard.edu/sites/g/files/omnuum12486/files/2025-10/2025%20ASR%20VF%20Compressed.pdf#page=75,c52024d2154a422a975890555ad0e11fd19790bcfc5d9cf405305edfa6031c3a
2025,2023,166027,166027008,"Center for Hellenic Studies - Nafplion, Greece",fondling,Fondling,criminal_offenses,oncampus,0,0,reported_numeric,75,75,35,https://www.hupd.harvard.edu/sites/g/files/omnuum12486/files/2025-10/2025%20ASR%20VF%20Compressed.pdf#page=75,c52024d2154a422a975890555ad0e11fd19790bcfc5d9cf405305edfa6031c3a
2025,2023,166027,166027008,"Center for Hellenic Studies - Nafplion, Greece",fondling,Fondling,criminal_offenses,noncampus,,,not_reported,75,75,35,https://www.hupd.harvard.edu/sites/g/files/omnuum12486/files/2025-10/2025%20ASR%20VF%20Compressed.pdf#page=75,c52024d2154a422a975890555ad0e11fd19790bcfc5d9cf405305edfa6031c3a
2025,2023,166027,166027008,"Center for Hellenic Studies - Nafplion, Greece",fondling,Fondling,criminal_offenses,publicproperty,0,0,reported_numeric,75,75,35,https://www.hupd.harvard.edu/sites/g/files/omnuum12486/files/2025-10/2025%20ASR%20VF%20Compressed.pdf#page=75,c52024d2154a422a975890555ad0e11fd19790bcfc5d9cf405305edfa6031c3a
2025,2024,166027,166027008,"Center for Hellenic Studies - Nafplion, Greece",fondling,Fondling,criminal_offenses,residential,,,not_reported,75,75,35,https://www.hupd.harvard.edu/sites/g/files/omnuum12486/files/2025-10/2025%20ASR%20VF%20Compressed.pdf#page=75,c52024d2154a422a975890555ad0e11fd19790bcfc5d9cf405305edfa6031c3a
2025,2024,166027,166027008,"Center for Hellenic Studies - Nafplion, Greece",fondling,Fondling,criminal_offenses,oncampus,0,0,reported_numeric,75,75,35,https://www.hupd.harvard.edu/sites/g/files/omnuum12486/files/2025-10/2025%20ASR%20VF%20Compressed.pdf#page=75,c52024d2154a422a975890555ad0e11fd19790bcfc5d9cf405305edfa6031c3a
2025,2024,166027,166027008,"Center for Hellenic Studies - Nafplion, Greece",fondling,Fondling,criminal_offenses,noncampus,,,not_reported,75,75,35,https://www.hupd.harvard.edu/sites/g/files/omnuum12486/files/2025-10/2025%20ASR%20VF%20Compressed.pdf#page=75,c52024d2154a422a975890555ad0e11fd19790bcfc5d9cf405305edfa6031c3a
2025,2024,166027,166027008,"Center for Hellenic Studies - Nafplion, Greece",fondling,Fondling,criminal_offenses,publicproperty,0,0,reported_numeric,75,75,35,https://www.hupd.harvard.edu/sites/g/files/omnuum12486/files/2025-10/2025%20ASR%20VF%20Compressed.pdf#page=75,c52024d2154a422a975890555ad0e11fd19790bcfc5d9cf405305edfa6031c3a
2025,2022,166027,166027008,"Center for Hellenic Studies - Nafplion, Greece",incest,Incest,criminal_offenses,residential,,,not_reported,75,75,36,https://www.hupd.harvard.edu/sites/g/files/omnuum12486/files/2025-10/2025%20ASR%20VF%20Compressed.pdf#page=75,c52024d2154a422a975890555ad0e11fd19790bcfc5d9cf405305edfa6031c3a
2025,2022,166027,166027008,"Center for Hellenic Studies - Nafplion, Greece",incest,Incest,criminal_offenses,oncampus,0,0,reported_numeric,75,75,36,https://www.hupd.harvard.edu/sites/g/files/omnuum12486/files/2025-10/2025%20ASR%20VF%20Compressed.pdf#page=75,c52024d2154a422a975890555ad0e11fd19790bcfc5d9cf405305edfa6031c3a
2025,2022,166027,166027008,"Center for Hellenic Studies - Nafplion, Greece",incest,Incest,criminal_offenses,noncampus,,,not_reported,75,75,36,https://www.hupd.harvard.edu/sites/g/files/omnuum12486/files/2025-10/2025%20ASR%20VF%20Compressed.pdf#page=75,c52024d2154a422a975890555ad0e11fd19790bcfc5d9cf405305edfa6031c3a
2025,2022,166027,166027008,"Center for Hellenic Studies - Nafplion, Greece",incest,Incest,criminal_offenses,publicproperty,0,0,reported_numeric,75,75,36,https://www.hupd.harvard.edu/sites/g/files/omnuum12486/files/2025-10/2025%20ASR%20VF%20Compressed.pdf#page=75,c52024d2154a422a975890555ad0e11fd19790bcfc5d9cf405305edfa6031c3a
2025,2023,166027,166027008,"Center for Hellenic Studies - Nafplion, Greece",incest,Incest,criminal_offenses,residential,,,not_reported,75,75,36,https://www.hupd.harvard.edu/sites/g/files/omnuum12486/files/2025-10/2025%20ASR%20VF%20Compressed.pdf#page=75,c52024d2154a422a975890555ad0e11fd19790bcfc5d9cf405305edfa6031c3a
2025,2023,166027,166027008,"Center for Hellenic Studies - Nafplion, Greece",incest,Incest,criminal_offenses,oncampus,0,0,reported_numeric,75,75,36,https://www.hupd.harvard.edu/sites/g/files/omnuum12486/files/2025-10/2025%20ASR%20VF%20Compressed.pdf#page=75,c52024d2154a422a975890555ad0e11fd19790bcfc5d9cf405305edfa6031c3a
2025,2023,166027,166027008,"Center for Hellenic Studies - Nafplion, Greece",incest,Incest,criminal_offenses,noncampus,,,not_reported,75,75,36,https://www.hupd.harvard.edu/sites/g/files/omnuum12486/files/2025-10/2025%20ASR%20VF%20Compressed.pdf#page=75,c52024d2154a422a975890555ad0e11fd19790bcfc5d9cf405305edfa6031c3a
2025,2023,166027,166027008,"Center for Hellenic Studies - Nafplion, Greece",incest,Incest,criminal_offenses,publicproperty,0,0,reported_numeric,75,75,36,https://www.hupd.harvard.edu/sites/g/files/omnuum12486/files/2025-10/2025%20ASR%20VF%20Compressed.pdf#page=75,c52024d2154a422a975890555ad0e11fd19790bcfc5d9cf405305edfa6031c3a
2025,2024,166027,166027008,"Center for Hellenic Studies - Nafplion, Greece",incest,Incest,criminal_offenses,residential,,,not_reported,75,75,36,https://www.hupd.harvard.edu/sites/g/files/omnuum12486/files/2025-10/2025%20ASR%20VF%20Compressed.pdf#page=75,c52024d2154a422a975890555ad0e11fd19790bcfc5d9cf405305edfa6031c3a
2025,2024,166027,166027008,"Center for Hellenic Studies - Nafplion, Greece",incest,Incest,criminal_offenses,oncampus,0,0,reported_numeric,75,75,36,https://www.hupd.harvard.edu/sites/g/files/omnuum12486/files/2025-10/2025%20ASR%20VF%20Compressed.pdf#page=75,c52024d2154a422a975890555ad0e11fd19790bcfc5d9cf405305edfa6031c3a
2025,2024,166027,166027008,"Center for Hellenic Studies - Nafplion, Greece",incest,Incest,criminal_offenses,noncampus,,,not_reported,75,75,36,https://www.hupd.harvard.edu/sites/g/files/omnuum12486/files/2025-10/2025%20ASR%20VF%20Compressed.pdf#page=75,c52024d2154a422a975890555ad0e11fd19790bcfc5d9cf405305edfa6031c3a
2025,2024,166027,166027008,"Center for Hellenic Studies - Nafplion, Greece",incest,Incest,criminal_offenses,publicproperty,0,0,reported_numeric,75,75,36,https://www.hupd.harvard.edu/sites/g/files/omnuum12486/files/2025-10/2025%20ASR%20VF%20Compressed.pdf#page=75,c52024d2154a422a975890555ad0e11fd19790bcfc5d9cf405305edfa6031c3a
2025,2022,166027,166027008,"Center for Hellenic Studies - Nafplion, Greece",statutory_rape,Statutory Rape,criminal_offenses,residential,,,not_reported,75,75,37,https://www.hupd.harvard.edu/sites/g/files/omnuum12486/files/2025-10/2025%20ASR%20VF%20Compressed.pdf#page=75,c52024d2154a422a975890555ad0e11fd19790bcfc5d9cf405305edfa6031c3a
2025,2022,166027,166027008,"Center for Hellenic Studies - Nafplion, Greece",statutory_rape,Statutory Rape,criminal_offenses,oncampus,0,0,reported_numeric,75,75,37,https://www.hupd.harvard.edu/sites/g/files/omnuum12486/files/2025-10/2025%20ASR%20VF%20Compressed.pdf#page=75,c52024d2154a422a975890555ad0e11fd19790bcfc5d9cf405305edfa6031c3a
2025,2022,166027,166027008,"Center for Hellenic Studies - Nafplion, Greece",statutory_rape,Statutory Rape,criminal_offenses,noncampus,,,not_reported,75,75,37,https://www.hupd.harvard.edu/sites/g/files/omnuum12486/files/2025-10/2025%20ASR%20VF%20Compressed.pdf#page=75,c52024d2154a422a975890555ad0e11fd19790bcfc5d9cf405305edfa6031c3a
2025,2022,166027,166027008,"Center for Hellenic Studies - Nafplion, Greece",statutory_rape,Statutory Rape,criminal_offenses,publicproperty,0,0,reported_numeric,75,75,37,https://www.hupd.harvard.edu/sites/g/files/omnuum12486/files/2025-10/2025%20ASR%20VF%20Compressed.pdf#page=75,c52024d2154a422a975890555ad0e11fd19790bcfc5d9cf405305edfa6031c3a
2025,2023,166027,166027008,"Center for Hellenic Studies - Nafplion, Greece",statutory_rape,Statutory Rape,criminal_offenses,residential,,,not_reported,75,75,37,https://www.hupd.harvard.edu/sites/g/files/omnuum12486/files/2025-10/2025%20ASR%20VF%20Compressed.pdf#page=75,c52024d2154a422a975890555ad0e11fd19790bcfc5d9cf405305edfa6031c3a
2025,2023,166027,166027008,"Center for Hellenic Studies - Nafplion, Greece",statutory_rape,Statutory Rape,criminal_offenses,oncampus,0,0,reported_numeric,75,75,37,https://www.hupd.harvard.edu/sites/g/files/omnuum12486/files/2025-10/2025%20ASR%20VF%20Compressed.pdf#page=75,c52024d2154a422a975890555ad0e11fd19790bcfc5d9cf405305edfa6031c3a
2025,2023,166027,166027008,"Center for Hellenic Studies - Nafplion, Greece",statutory_rape,Statutory Rape,criminal_offenses,noncampus,,,not_reported,75,75,37,https://www.hupd.harvard.edu/sites/g/files/omnuum12486/files/2025-10/2025%20ASR%20VF%20Compressed.pdf#page=75,c52024d2154a422a975890555ad0e11fd19790bcfc5d9cf405305edfa6031c3a
2025,2023,166027,166027008,"Center for Hellenic Studies - Nafplion, Greece",statutory_rape,Statutory Rape,criminal_offenses,publicproperty,0,0,reported_numeric,75,75,37,https://www.hupd.harvard.edu/sites/g/files/omnuum12486/files/2025-10/2025%20ASR%20VF%20Compressed.pdf#page=75,c52024d2154a422a975890555ad0e11fd19790bcfc5d9cf405305edfa6031c3a
2025,2024,166027,166027008,"Center for Hellenic Studies - Nafplion, Greece",statutory_rape,Statutory Rape,criminal_offenses,residential,,,not_reported,75,75,37,https://www.hupd.harvard.edu/sites/g/files/omnuum12486/files/2025-10/2025%20ASR%20VF%20Compressed.pdf#page=75,c52024d2154a422a975890555ad0e11fd19790bcfc5d9cf405305edfa6031c3a
2025,2024,166027,166027008,"Center for Hellenic Studies - Nafplion, Greece",statutory_rape,Statutory Rape,criminal_offenses,oncampus,0,0,reported_numeric,75,75,37,https://www.hupd.harvard.edu/sites/g/files/omnuum12486/files/2025-10/2025%20ASR%20VF%20Compressed.pdf#page=75,c52024d2154a422a975890555ad0e11fd19790bcfc5d9cf405305edfa6031c3a
2025,2024,166027,166027008,"Center for Hellenic Studies - Nafplion, Greece",statutory_rape,Statutory Rape,criminal_offenses,noncampus,,,not_reported,75,75,37,https://www.hupd.harvard.edu/sites/g/files/omnuum12486/files/2025-10/2025%20ASR%20VF%20Compressed.pdf#page=75,c52024d2154a422a975890555ad0e11fd19790bcfc5d9cf405305edfa6031c3a
2025,2024,166027,166027008,"Center for Hellenic Studies - Nafplion, Greece",statutory_rape,Statutory Rape,criminal_offenses,publicproperty,0,0,reported_numeric,75,75,37,https://www.hupd.harvard.edu/sites/g/files/omnuum12486/files/2025-10/2025%20ASR%20VF%20Compressed.pdf#page=75,c52024d2154a422a975890555ad0e11fd19790bcfc5d9cf405305edfa6031c3a
2025,2022,166027,166027008,"Center for Hellenic Studies - Nafplion, Greece",robbery,Robbery,criminal_offenses,residential,,,not_reported,75,75,38,https://www.hupd.harvard.edu/sites/g/files/omnuum12486/files/2025-10/2025%20ASR%20VF%20Compressed.pdf#page=75,c52024d2154a422a975890555ad0e11fd19790bcfc5d9cf405305edfa6031c3a
2025,2022,166027,166027008,"Center for Hellenic Studies - Nafplion, Greece",robbery,Robbery,criminal_offenses,oncampus,0,0,reported_numeric,75,75,38,https://www.hupd.harvard.edu/sites/g/files/omnuum12486/files/2025-10/2025%20ASR%20VF%20Compressed.pdf#page=75,c52024d2154a422a975890555ad0e11fd19790bcfc5d9cf405305edfa6031c3a
2025,2022,166027,166027008,"Center for Hellenic Studies - Nafplion, Greece",robbery,Robbery,criminal_offenses,noncampus,,,not_reported,75,75,38,https://www.hupd.harvard.edu/sites/g/files/omnuum12486/files/2025-10/2025%20ASR%20VF%20Compressed.pdf#page=75,c52024d2154a422a975890555ad0e11fd19790bcfc5d9cf405305edfa6031c3a
2025,2022,166027,166027008,"Center for Hellenic Studies - Nafplion, Greece",robbery,Robbery,criminal_offenses,publicproperty,0,0,reported_numeric,75,75,38,https://www.hupd.harvard.edu/sites/g/files/omnuum12486/files/2025-10/2025%20ASR%20VF%20Compressed.pdf#page=75,c52024d2154a422a975890555ad0e11fd19790bcfc5d9cf405305edfa6031c3a
2025,2023,166027,166027008,"Center for Hellenic Studies - Nafplion, Greece",robbery,Robbery,criminal_offenses,residential,,,not_reported,75,75,38,https://www.hupd.harvard.edu/sites/g/files/omnuum12486/files/2025-10/2025%20ASR%20VF%20Compressed.pdf#page=75,c52024d2154a422a975890555ad0e11fd19790bcfc5d9cf405305edfa6031c3a
2025,2023,166027,166027008,"Center for Hellenic Studies - Nafplion, Greece",robbery,Robbery,criminal_offenses,oncampus,0,0,reported_numeric,75,75,38,https://www.hupd.harvard.edu/sites/g/files/omnuum12486/files/2025-10/2025%20ASR%20VF%20Compressed.pdf#page=75,c52024d2154a422a975890555ad0e11fd19790bcfc5d9cf405305edfa6031c3a
2025,2023,166027,166027008,"Center for Hellenic Studies - Nafplion, Greece",robbery,Robbery,criminal_offenses,noncampus,,,not_reported,75,75,38,https://www.hupd.harvard.edu/sites/g/files/omnuum12486/files/2025-10/2025%20ASR%20VF%20Compressed.pdf#page=75,c52024d2154a422a975890555ad0e11fd19790bcfc5d9cf405305edfa6031c3a
2025,2023,166027,166027008,"Center for Hellenic Studies - Nafplion, Greece",robbery,Robbery,criminal_offenses,publicproperty,0,0,reported_numeric,75,75,38,https://www.hupd.harvard.edu/sites/g/files/omnuum12486/files/2025-10/2025%20ASR%20VF%20Compressed.pdf#page=75,c52024d2154a422a975890555ad0e11fd19790bcfc5d9cf405305edfa6031c3a
2025,2024,166027,166027008,"Center for Hellenic Studies - Nafplion, Greece",robbery,Robbery,criminal_offenses,residential,,,not_reported,75,75,38,https://www.hupd.harvard.edu/sites/g/files/omnuum12486/files/2025-10/2025%20ASR%20VF%20Compressed.pdf#page=75,c52024d2154a422a975890555ad0e11fd19790bcfc5d9cf405305edfa6031c3a
2025,2024,166027,166027008,"Center for Hellenic Studies - Nafplion, Greece",robbery,Robbery,criminal_offenses,oncampus,0,0,reported_numeric,75,75,38,https://www.hupd.harvard.edu/sites/g/files/omnuum12486/files/2025-10/2025%20ASR%20VF%20Compressed.pdf#page=75,c52024d2154a422a975890555ad0e11fd19790bcfc5d9cf405305edfa6031c3a
2025,2024,166027,166027008,"Center for Hellenic Studies - Nafplion, Greece",robbery,Robbery,criminal_offenses,noncampus,,,not_reported,75,75,38,https://www.hupd.harvard.edu/sites/g/files/omnuum12486/files/2025-10/2025%20ASR%20VF%20Compressed.pdf#page=75,c52024d2154a422a975890555ad0e11fd19790bcfc5d9cf405305edfa6031c3a
2025,2024,166027,166027008,"Center for Hellenic Studies - Nafplion, Greece",robbery,Robbery,criminal_offenses,publicproperty,0,0,reported_numeric,75,75,38,https://www.hupd.harvard.edu/sites/g/files/omnuum12486/files/2025-10/2025%20ASR%20VF%20Compressed.pdf#page=75,c52024d2154a422a975890555ad0e11fd19790bcfc5d9cf405305edfa6031c3a
2025,2022,166027,166027008,"Center for Hellenic Studies - Nafplion, Greece",aggravated_assault,Aggravated Assault,criminal_offenses,residential,,,not_reported,75,75,39,https://www.hupd.harvard.edu/sites/g/files/omnuum12486/files/2025-10/2025%20ASR%20VF%20Compressed.pdf#page=75,c52024d2154a422a975890555ad0e11fd19790bcfc5d9cf405305edfa6031c3a
2025,2022,166027,166027008,"Center for Hellenic Studies - Nafplion, Greece",aggravated_assault,Aggravated Assault,criminal_offenses,oncampus,0,0,reported_numeric,75,75,39,https://www.hupd.harvard.edu/sites/g/files/omnuum12486/files/2025-10/2025%20ASR%20VF%20Compressed.pdf#page=75,c52024d2154a422a975890555ad0e11fd19790bcfc5d9cf405305edfa6031c3a
2025,2022,166027,166027008,"Center for Hellenic Studies - Nafplion, Greece",aggravated_assault,Aggravated Assault,criminal_offenses,noncampus,,,not_reported,75,75,39,https://www.hupd.harvard.edu/sites/g/files/omnuum12486/files/2025-10/2025%20ASR%20VF%20Compressed.pdf#page=75,c52024d2154a422a975890555ad0e11fd19790bcfc5d9cf405305edfa6031c3a
2025,2022,166027,166027008,"Center for Hellenic Studies - Nafplion, Greece",aggravated_assault,Aggravated Assault,criminal_offenses,publicproperty,0,0,reported_numeric,75,75,39,https://www.hupd.harvard.edu/sites/g/files/omnuum12486/files/2025-10/2025%20ASR%20VF%20Compressed.pdf#page=75,c52024d2154a422a975890555ad0e11fd19790bcfc5d9cf405305edfa6031c3a
2025,2023,166027,166027008,"Center for Hellenic Studies - Nafplion, Greece",aggravated_assault,Aggravated Assault,criminal_offenses,residential,,,not_reported,75,75,39,https://www.hupd.harvard.edu/sites/g/files/omnuum12486/files/2025-10/2025%20ASR%20VF%20Compressed.pdf#page=75,c52024d2154a422a975890555ad0e11fd19790bcfc5d9cf405305edfa6031c3a
2025,2023,166027,166027008,"Center for Hellenic Studies - Nafplion, Greece",aggravated_assault,Aggravated Assault,criminal_offenses,oncampus,0,0,reported_numeric,75,75,39,https://www.hupd.harvard.edu/sites/g/files/omnuum12486/files/2025-10/2025%20ASR%20VF%20Compressed.pdf#page=75,c52024d2154a422a975890555ad0e11fd19790bcfc5d9cf405305edfa6031c3a
2025,2023,166027,166027008,"Center for Hellenic Studies - Nafplion, Greece",aggravated_assault,Aggravated Assault,criminal_offenses,noncampus,,,not_reported,75,75,39,https://www.hupd.harvard.edu/sites/g/files/omnuum12486/files/2025-10/2025%20ASR%20VF%20Compressed.pdf#page=75,c52024d2154a422a975890555ad0e11fd19790bcfc5d9cf405305edfa6031c3a
2025,2023,166027,166027008,"Center for Hellenic Studies - Nafplion, Greece",aggravated_assault,Aggravated Assault,criminal_offenses,publicproperty,0,0,reported_numeric,75,75,39,https://www.hupd.harvard.edu/sites/g/files/omnuum12486/files/2025-10/2025%20ASR%20VF%20Compressed.pdf#page=75,c52024d2154a422a975890555ad0e11fd19790bcfc5d9cf405305edfa6031c3a
2025,2024,166027,166027008,"Center for Hellenic Studies - Nafplion, Greece",aggravated_assault,Aggravated Assault,criminal_offenses,residential,,,not_reported,75,75,39,https://www.hupd.harvard.edu/sites/g/files/omnuum12486/files/2025-10/2025%20ASR%20VF%20Compressed.pdf#page=75,c52024d2154a422a975890555ad0e11fd19790bcfc5d9cf405305edfa6031c3a
2025,2024,166027,166027008,"Center for Hellenic Studies - Nafplion, Greece",aggravated_assault,Aggravated Assault,criminal_offenses,oncampus,0,0,reported_numeric,75,75,39,https://www.hupd.harvard.edu/sites/g/files/omnuum12486/files/2025-10/2025%20ASR%20VF%20Compressed.pdf#page=75,c52024d2154a422a975890555ad0e11fd19790bcfc5d9cf405305edfa6031c3a
2025,2024,166027,166027008,"Center for Hellenic Studies - Nafplion, Greece",aggravated_assault,Aggravated Assault,criminal_offenses,noncampus,,,not_reported,75,75,39,https://www.hupd.harvard.edu/sites/g/files/omnuum12486/files/2025-10/2025%20ASR%20VF%20Compressed.pdf#page=75,c52024d2154a422a975890555ad0e11fd19790bcfc5d9cf405305edfa6031c3a
2025,2024,166027,166027008,"Center for Hellenic Studies - Nafplion, Greece",aggravated_assault,Aggravated Assault,criminal_offenses,publicproperty,0,0,reported_numeric,75,75,39,https://www.hupd.harvard.edu/sites/g/files/omnuum12486/files/2025-10/2025%20ASR%20VF%20Compressed.pdf#page=75,c52024d2154a422a975890555ad0e11fd19790bcfc5d9cf405305edfa6031c3a
2025,2022,166027,166027008,"Center for Hellenic Studies - Nafplion, Greece",burglary,Burglary,criminal_offenses,residential,,,not_reported,75,75,40,https://www.hupd.harvard.edu/sites/g/files/omnuum12486/files/2025-10/2025%20ASR%20VF%20Compressed.pdf#page=75,c52024d2154a422a975890555ad0e11fd19790bcfc5d9cf405305edfa6031c3a
2025,2022,166027,166027008,"Center for Hellenic Studies - Nafplion, Greece",burglary,Burglary,criminal_offenses,oncampus,0,0,reported_numeric,75,75,40,https://www.hupd.harvard.edu/sites/g/files/omnuum12486/files/2025-10/2025%20ASR%20VF%20Compressed.pdf#page=75,c52024d2154a422a975890555ad0e11fd19790bcfc5d9cf405305edfa6031c3a
2025,2022,166027,166027008,"Center for Hellenic Studies - Nafplion, Greece",burglary,Burglary,criminal_offenses,noncampus,,,not_reported,75,75,40,https://www.hupd.harvard.edu/sites/g/files/omnuum12486/files/2025-10/2025%20ASR%20VF%20Compressed.pdf#page=75,c52024d2154a422a975890555ad0e11fd19790bcfc5d9cf405305edfa6031c3a
2025,2022,166027,166027008,"Center for Hellenic Studies - Nafplion, Greece",burglary,Burglary,criminal_offenses,publicproperty,0,0,reported_numeric,75,75,40,https://www.hupd.harvard.edu/sites/g/files/omnuum12486/files/2025-10/2025%20ASR%20VF%20Compressed.pdf#page=75,c52024d2154a422a975890555ad0e11fd19790bcfc5d9cf405305edfa6031c3a
2025,2023,166027,166027008,"Center for Hellenic Studies - Nafplion, Greece",burglary,Burglary,criminal_offenses,residential,,,not_reported,75,75,40,https://www.hupd.harvard.edu/sites/g/files/omnuum12486/files/2025-10/2025%20ASR%20VF%20Compressed.pdf#page=75,c52024d2154a422a975890555ad0e11fd19790bcfc5d9cf405305edfa6031c3a
2025,2023,166027,166027008,"Center for Hellenic Studies - Nafplion, Greece",burglary,Burglary,criminal_offenses,oncampus,0,0,reported_numeric,75,75,40,https://www.hupd.harvard.edu/sites/g/files/omnuum12486/files/2025-10/2025%20ASR%20VF%20Compressed.pdf#page=75,c52024d2154a422a975890555ad0e11fd19790bcfc5d9cf405305edfa6031c3a
2025,2023,166027,166027008,"Center for Hellenic Studies - Nafplion, Greece",burglary,Burglary,criminal_offenses,noncampus,,,not_reported,75,75,40,https://www.hupd.harvard.edu/sites/g/files/omnuum12486/files/2025-10/2025%20ASR%20VF%20Compressed.pdf#page=75,c52024d2154a422a975890555ad0e11fd19790bcfc5d9cf405305edfa6031c3a
2025,2023,166027,166027008,"Center for Hellenic Studies - Nafplion, Greece",burglary,Burglary,criminal_offenses,publicproperty,0,0,reported_numeric,75,75,40,https://www.hupd.harvard.edu/sites/g/files/omnuum12486/files/2025-10/2025%20ASR%20VF%20Compressed.pdf#page=75,c52024d2154a422a975890555ad0e11fd19790bcfc5d9cf405305edfa6031c3a
2025,2024,166027,166027008,"Center for Hellenic Studies - Nafplion, Greece",burglary,Burglary,criminal_offenses,residential,,,not_reported,75,75,40,https://www.hupd.harvard.edu/sites/g/files/omnuum12486/files/2025-10/2025%20ASR%20VF%20Compressed.pdf#page=75,c52024d2154a422a975890555ad0e11fd19790bcfc5d9cf405305edfa6031c3a
2025,2024,166027,166027008,"Center for Hellenic Studies - Nafplion, Greece",burglary,Burglary,criminal_offenses,oncampus,0,0,reported_numeric,75,75,40,https://www.hupd.harvard.edu/sites/g/files/omnuum12486/files/2025-10/2025%20ASR%20VF%20Compressed.pdf#page=75,c52024d2154a422a975890555ad0e11fd19790bcfc5d9cf405305edfa6031c3a
2025,2024,166027,166027008,"Center for Hellenic Studies - Nafplion, Greece",burglary,Burglary,criminal_offenses,noncampus,,,not_reported,75,75,40,https://www.hupd.harvard.edu/sites/g/files/omnuum12486/files/2025-10/2025%20ASR%20VF%20Compressed.pdf#page=75,c52024d2154a422a975890555ad0e11fd19790bcfc5d9cf405305edfa6031c3a
2025,2024,166027,166027008,"Center for Hellenic Studies - Nafplion, Greece",burglary,Burglary,criminal_offenses,publicproperty,0,0,reported_numeric,75,75,40,https://www.hupd.harvard.edu/sites/g/files/omnuum12486/files/2025-10/2025%20ASR%20VF%20Compressed.pdf#page=75,c52024d2154a422a975890555ad0e11fd19790bcfc5d9cf405305edfa6031c3a
2025,2022,166027,166027008,"Center for Hellenic Studies - Nafplion, Greece",motor_vehicle_theft,Motor Vehicle Theft,criminal_offenses,residential,,,not_reported,75,75,41,https://www.hupd.harvard.edu/sites/g/files/omnuum12486/files/2025-10/2025%20ASR%20VF%20Compressed.pdf#page=75,c52024d2154a422a975890555ad0e11fd19790bcfc5d9cf405305edfa6031c3a
2025,2022,166027,166027008,"Center for Hellenic Studies - Nafplion, Greece",motor_vehicle_theft,Motor Vehicle Theft,criminal_offenses,oncampus,0,0,reported_numeric,75,75,41,https://www.hupd.harvard.edu/sites/g/files/omnuum12486/files/2025-10/2025%20ASR%20VF%20Compressed.pdf#page=75,c52024d2154a422a975890555ad0e11fd19790bcfc5d9cf405305edfa6031c3a
2025,2022,166027,166027008,"Center for Hellenic Studies - Nafplion, Greece",motor_vehicle_theft,Motor Vehicle Theft,criminal_offenses,noncampus,,,not_reported,75,75,41,https://www.hupd.harvard.edu/sites/g/files/omnuum12486/files/2025-10/2025%20ASR%20VF%20Compressed.pdf#page=75,c52024d2154a422a975890555ad0e11fd19790bcfc5d9cf405305edfa6031c3a
2025,2022,166027,166027008,"Center for Hellenic Studies - Nafplion, Greece",motor_vehicle_theft,Motor Vehicle Theft,criminal_offenses,publicproperty,0,0,reported_numeric,75,75,41,https://www.hupd.harvard.edu/sites/g/files/omnuum12486/files/2025-10/2025%20ASR%20VF%20Compressed.pdf#page=75,c52024d2154a422a975890555ad0e11fd19790bcfc5d9cf405305edfa6031c3a
2025,2023,166027,166027008,"Center for Hellenic Studies - Nafplion, Greece",motor_vehicle_theft,Motor Vehicle Theft,criminal_offenses,residential,,,not_reported,75,75,41,https://www.hupd.harvard.edu/sites/g/files/omnuum12486/files/2025-10/2025%20ASR%20VF%20Compressed.pdf#page=75,c52024d2154a422a975890555ad0e11fd19790bcfc5d9cf405305edfa6031c3a
2025,2023,166027,166027008,"Center for Hellenic Studies - Nafplion, Greece",motor_vehicle_theft,Motor Vehicle Theft,criminal_offenses,oncampus,0,0,reported_numeric,75,75,41,https://www.hupd.harvard.edu/sites/g/files/omnuum12486/files/2025-10/2025%20ASR%20VF%20Compressed.pdf#page=75,c52024d2154a422a975890555ad0e11fd19790bcfc5d9cf405305edfa6031c3a
2025,2023,166027,166027008,"Center for Hellenic Studies - Nafplion, Greece",motor_vehicle_theft,Motor Vehicle Theft,criminal_offenses,noncampus,,,not_reported,75,75,41,https://www.hupd.harvard.edu/sites/g/files/omnuum12486/files/2025-10/2025%20ASR%20VF%20Compressed.pdf#page=75,c52024d2154a422a975890555ad0e11fd19790bcfc5d9cf405305edfa6031c3a
2025,2023,166027,166027008,"Center for Hellenic Studies - Nafplion, Greece",motor_vehicle_theft,Motor Vehicle Theft,criminal_offenses,publicproperty,0,0,reported_numeric,75,75,41,https://www.hupd.harvard.edu/sites/g/files/omnuum12486/files/2025-10/2025%20ASR%20VF%20Compressed.pdf#page=75,c52024d2154a422a975890555ad0e11fd19790bcfc5d9cf405305edfa6031c3a
2025,2024,166027,166027008,"Center for Hellenic Studies - Nafplion, Greece",motor_vehicle_theft,Motor Vehicle Theft,criminal_offenses,residential,,,not_reported,75,75,41,https://www.hupd.harvard.edu/sites/g/files/omnuum12486/files/2025-10/2025%20ASR%20VF%20Compressed.pdf#page=75,c52024d2154a422a975890555ad0e11fd19790bcfc5d9cf405305edfa6031c3a
2025,2024,166027,166027008,"Center for Hellenic Studies - Nafplion, Greece",motor_vehicle_theft,Motor Vehicle Theft,criminal_offenses,oncampus,0,0,reported_numeric,75,75,41,https://www.hupd.harvard.edu/sites/g/files/omnuum12486/files/2025-10/2025%20ASR%20VF%20Compressed.pdf#page=75,c52024d2154a422a975890555ad0e11fd19790bcfc5d9cf405305edfa6031c3a
2025,2024,166027,166027008,"Center for Hellenic Studies - Nafplion, Greece",motor_vehicle_theft,Motor Vehicle Theft,criminal_offenses,noncampus,,,not_reported,75,75,41,https://www.hupd.harvard.edu/sites/g/files/omnuum12486/files/2025-10/2025%20ASR%20VF%20Compressed.pdf#page=75,c52024d2154a422a975890555ad0e11fd19790bcfc5d9cf405305edfa6031c3a
2025,2024,166027,166027008,"Center for Hellenic Studies - Nafplion, Greece",motor_vehicle_theft,Motor Vehicle Theft,criminal_offenses,publicproperty,0,0,reported_numeric,75,75,41,https://www.hupd.harvard.edu/sites/g/files/omnuum12486/files/2025-10/2025%20ASR%20VF%20Compressed.pdf#page=75,c52024d2154a422a975890555ad0e11fd19790bcfc5d9cf405305edfa6031c3a
2025,2022,166027,166027008,"Center for Hellenic Studies - Nafplion, Greece",arson,Arson,criminal_offenses,residential,,,not_reported,75,75,42,https://www.hupd.harvard.edu/sites/g/files/omnuum12486/files/2025-10/2025%20ASR%20VF%20Compressed.pdf#page=75,c52024d2154a422a975890555ad0e11fd19790bcfc5d9cf405305edfa6031c3a
2025,2022,166027,166027008,"Center for Hellenic Studies - Nafplion, Greece",arson,Arson,criminal_offenses,oncampus,0,0,reported_numeric,75,75,42,https://www.hupd.harvard.edu/sites/g/files/omnuum12486/files/2025-10/2025%20ASR%20VF%20Compressed.pdf#page=75,c52024d2154a422a975890555ad0e11fd19790bcfc5d9cf405305edfa6031c3a
2025,2022,166027,166027008,"Center for Hellenic Studies - Nafplion, Greece",arson,Arson,criminal_offenses,noncampus,,,not_reported,75,75,42,https://www.hupd.harvard.edu/sites/g/files/omnuum12486/files/2025-10/2025%20ASR%20VF%20Compressed.pdf#page=75,c52024d2154a422a975890555ad0e11fd19790bcfc5d9cf405305edfa6031c3a
2025,2022,166027,166027008,"Center for Hellenic Studies - Nafplion, Greece",arson,Arson,criminal_offenses,publicproperty,0,0,reported_numeric,75,75,42,https://www.hupd.harvard.edu/sites/g/files/omnuum12486/files/2025-10/2025%20ASR%20VF%20Compressed.pdf#page=75,c52024d2154a422a975890555ad0e11fd19790bcfc5d9cf405305edfa6031c3a
2025,2023,166027,166027008,"Center for Hellenic Studies - Nafplion, Greece",arson,Arson,criminal_offenses,residential,,,not_reported,75,75,42,https://www.hupd.harvard.edu/sites/g/files/omnuum12486/files/2025-10/2025%20ASR%20VF%20Compressed.pdf#page=75,c52024d2154a422a975890555ad0e11fd19790bcfc5d9cf405305edfa6031c3a
2025,2023,166027,166027008,"Center for Hellenic Studies - Nafplion, Greece",arson,Arson,criminal_offenses,oncampus,0,0,reported_numeric,75,75,42,https://www.hupd.harvard.edu/sites/g/files/omnuum12486/files/2025-10/2025%20ASR%20VF%20Compressed.pdf#page=75,c52024d2154a422a975890555ad0e11fd19790bcfc5d9cf405305edfa6031c3a
2025,2023,166027,166027008,"Center for Hellenic Studies - Nafplion, Greece",arson,Arson,criminal_offenses,noncampus,,,not_reported,75,75,42,https://www.hupd.harvard.edu/sites/g/files/omnuum12486/files/2025-10/2025%20ASR%20VF%20Compressed.pdf#page=75,c52024d2154a422a975890555ad0e11fd19790bcfc5d9cf405305edfa6031c3a
2025,2023,166027,166027008,"Center for Hellenic Studies - Nafplion, Greece",arson,Arson,criminal_offenses,publicproperty,0,0,reported_numeric,75,75,42,https://www.hupd.harvard.edu/sites/g/files/omnuum12486/files/2025-10/2025%20ASR%20VF%20Compressed.pdf#page=75,c52024d2154a422a975890555ad0e11fd19790bcfc5d9cf405305edfa6031c3a
2025,2024,166027,166027008,"Center for Hellenic Studies - Nafplion, Greece",arson,Arson,criminal_offenses,residential,,,not_reported,75,75,42,https://www.hupd.harvard.edu/sites/g/files/omnuum12486/files/2025-10/2025%20ASR%20VF%20Compressed.pdf#page=75,c52024d2154a422a975890555ad0e11fd19790bcfc5d9cf405305edfa6031c3a
2025,2024,166027,166027008,"Center for Hellenic Studies - Nafplion, Greece",arson,Arson,criminal_offenses,oncampus,0,0,reported_numeric,75,75,42,https://www.hupd.harvard.edu/sites/g/files/omnuum12486/files/2025-10/2025%20ASR%20VF%20Compressed.pdf#page=75,c52024d2154a422a975890555ad0e11fd19790bcfc5d9cf405305edfa6031c3a
2025,2024,166027,166027008,"Center for Hellenic Studies - Nafplion, Greece",arson,Arson,criminal_offenses,noncampus,,,not_reported,75,75,42,https://www.hupd.harvard.edu/sites/g/files/omnuum12486/files/2025-10/2025%20ASR%20VF%20Compressed.pdf#page=75,c52024d2154a422a975890555ad0e11fd19790bcfc5d9cf405305edfa6031c3a
2025,2024,166027,166027008,"Center for Hellenic Studies - Nafplion, Greece",arson,Arson,criminal_offenses,publicproperty,0,0,reported_numeric,75,75,42,https://www.hupd.harvard.edu/sites/g/files/omnuum12486/files/2025-10/2025%20ASR%20VF%20Compressed.pdf#page=75,c52024d2154a422a975890555ad0e11fd19790bcfc5d9cf405305edfa6031c3a
2025,2022,166027,166027008,"Center for Hellenic Studies - Nafplion, Greece",domestic_violence,Domestic Violence,vawa,residential,,,not_reported,75,75,43,https://www.hupd.harvard.edu/sites/g/files/omnuum12486/files/2025-10/2025%20ASR%20VF%20Compressed.pdf#page=75,c52024d2154a422a975890555ad0e11fd19790bcfc5d9cf405305edfa6031c3a
2025,2022,166027,166027008,"Center for Hellenic Studies - Nafplion, Greece",domestic_violence,Domestic Violence,vawa,oncampus,0,0,reported_numeric,75,75,43,https://www.hupd.harvard.edu/sites/g/files/omnuum12486/files/2025-10/2025%20ASR%20VF%20Compressed.pdf#page=75,c52024d2154a422a975890555ad0e11fd19790bcfc5d9cf405305edfa6031c3a
2025,2022,166027,166027008,"Center for Hellenic Studies - Nafplion, Greece",domestic_violence,Domestic Violence,vawa,noncampus,,,not_reported,75,75,43,https://www.hupd.harvard.edu/sites/g/files/omnuum12486/files/2025-10/2025%20ASR%20VF%20Compressed.pdf#page=75,c52024d2154a422a975890555ad0e11fd19790bcfc5d9cf405305edfa6031c3a
2025,2022,166027,166027008,"Center for Hellenic Studies - Nafplion, Greece",domestic_violence,Domestic Violence,vawa,publicproperty,0,0,reported_numeric,75,75,43,https://www.hupd.harvard.edu/sites/g/files/omnuum12486/files/2025-10/2025%20ASR%20VF%20Compressed.pdf#page=75,c52024d2154a422a975890555ad0e11fd19790bcfc5d9cf405305edfa6031c3a
2025,2023,166027,166027008,"Center for Hellenic Studies - Nafplion, Greece",domestic_violence,Domestic Violence,vawa,residential,,,not_reported,75,75,43,https://www.hupd.harvard.edu/sites/g/files/omnuum12486/files/2025-10/2025%20ASR%20VF%20Compressed.pdf#page=75,c52024d2154a422a975890555ad0e11fd19790bcfc5d9cf405305edfa6031c3a
2025,2023,166027,166027008,"Center for Hellenic Studies - Nafplion, Greece",domestic_violence,Domestic Violence,vawa,oncampus,0,0,reported_numeric,75,75,43,https://www.hupd.harvard.edu/sites/g/files/omnuum12486/files/2025-10/2025%20ASR%20VF%20Compressed.pdf#page=75,c52024d2154a422a975890555ad0e11fd19790bcfc5d9cf405305edfa6031c3a
2025,2023,166027,166027008,"Center for Hellenic Studies - Nafplion, Greece",domestic_violence,Domestic Violence,vawa,noncampus,,,not_reported,75,75,43,https://www.hupd.harvard.edu/sites/g/files/omnuum12486/files/2025-10/2025%20ASR%20VF%20Compressed.pdf#page=75,c52024d2154a422a975890555ad0e11fd19790bcfc5d9cf405305edfa6031c3a
2025,2023,166027,166027008,"Center for Hellenic Studies - Nafplion, Greece",domestic_violence,Domestic Violence,vawa,publicproperty,0,0,reported_numeric,75,75,43,https://www.hupd.harvard.edu/sites/g/files/omnuum12486/files/2025-10/2025%20ASR%20VF%20Compressed.pdf#page=75,c52024d2154a422a975890555ad0e11fd19790bcfc5d9cf405305edfa6031c3a
2025,2024,166027,166027008,"Center for Hellenic Studies - Nafplion, Greece",domestic_violence,Domestic Violence,vawa,residential,,,not_reported,75,75,43,https://www.hupd.harvard.edu/sites/g/files/omnuum12486/files/2025-10/2025%20ASR%20VF%20Compressed.pdf#page=75,c52024d2154a422a975890555ad0e11fd19790bcfc5d9cf405305edfa6031c3a
2025,2024,166027,166027008,"Center for Hellenic Studies - Nafplion, Greece",domestic_violence,Domestic Violence,vawa,oncampus,0,0,reported_numeric,75,75,43,https://www.hupd.harvard.edu/sites/g/files/omnuum12486/files/2025-10/2025%20ASR%20VF%20Compressed.pdf#page=75,c52024d2154a422a975890555ad0e11fd19790bcfc5d9cf405305edfa6031c3a
2025,2024,166027,166027008,"Center for Hellenic Studies - Nafplion, Greece",domestic_violence,Domestic Violence,vawa,noncampus,,,not_reported,75,75,43,https://www.hupd.harvard.edu/sites/g/files/omnuum12486/files/2025-10/2025%20ASR%20VF%20Compressed.pdf#page=75,c52024d2154a422a975890555ad0e11fd19790bcfc5d9cf405305edfa6031c3a
2025,2024,166027,166027008,"Center for Hellenic Studies - Nafplion, Greece",domestic_violence,Domestic Violence,vawa,publicproperty,0,0,reported_numeric,75,75,43,https://www.hupd.harvard.edu/sites/g/files/omnuum12486/files/2025-10/2025%20ASR%20VF%20Compressed.pdf#page=75,c52024d2154a422a975890555ad0e11fd19790bcfc5d9cf405305edfa6031c3a
2025,2022,166027,166027008,"Center for Hellenic Studies - Nafplion, Greece",dating_violence,Dating Violence,vawa,residential,,,not_reported,75,75,44,https://www.hupd.harvard.edu/sites/g/files/omnuum12486/files/2025-10/2025%20ASR%20VF%20Compressed.pdf#page=75,c52024d2154a422a975890555ad0e11fd19790bcfc5d9cf405305edfa6031c3a
2025,2022,166027,166027008,"Center for Hellenic Studies - Nafplion, Greece",dating_violence,Dating Violence,vawa,oncampus,0,0,reported_numeric,75,75,44,https://www.hupd.harvard.edu/sites/g/files/omnuum12486/files/2025-10/2025%20ASR%20VF%20Compressed.pdf#page=75,c52024d2154a422a975890555ad0e11fd19790bcfc5d9cf405305edfa6031c3a
2025,2022,166027,166027008,"Center for Hellenic Studies - Nafplion, Greece",dating_violence,Dating Violence,vawa,noncampus,,,not_reported,75,75,44,https://www.hupd.harvard.edu/sites/g/files/omnuum12486/files/2025-10/2025%20ASR%20VF%20Compressed.pdf#page=75,c52024d2154a422a975890555ad0e11fd19790bcfc5d9cf405305edfa6031c3a
2025,2022,166027,166027008,"Center for Hellenic Studies - Nafplion, Greece",dating_violence,Dating Violence,vawa,publicproperty,0,0,reported_numeric,75,75,44,https://www.hupd.harvard.edu/sites/g/files/omnuum12486/files/2025-10/2025%20ASR%20VF%20Compressed.pdf#page=75,c52024d2154a422a975890555ad0e11fd19790bcfc5d9cf405305edfa6031c3a
2025,2023,166027,166027008,"Center for Hellenic Studies - Nafplion, Greece",dating_violence,Dating Violence,vawa,residential,,,not_reported,75,75,44,https://www.hupd.harvard.edu/sites/g/files/omnuum12486/files/2025-10/2025%20ASR%20VF%20Compressed.pdf#page=75,c52024d2154a422a975890555ad0e11fd19790bcfc5d9cf405305edfa6031c3a
2025,2023,166027,166027008,"Center for Hellenic Studies - Nafplion, Greece",dating_violence,Dating Violence,vawa,oncampus,0,0,reported_numeric,75,75,44,https://www.hupd.harvard.edu/sites/g/files/omnuum12486/files/2025-10/2025%20ASR%20VF%20Compressed.pdf#page=75,c52024d2154a422a975890555ad0e11fd19790bcfc5d9cf405305edfa6031c3a
2025,2023,166027,166027008,"Center for Hellenic Studies - Nafplion, Greece",dating_violence,Dating Violence,vawa,noncampus,,,not_reported,75,75,44,https://www.hupd.harvard.edu/sites/g/files/omnuum12486/files/2025-10/2025%20ASR%20VF%20Compressed.pdf#page=75,c52024d2154a422a975890555ad0e11fd19790bcfc5d9cf405305edfa6031c3a
2025,2023,166027,166027008,"Center for Hellenic Studies - Nafplion, Greece",dating_violence,Dating Violence,vawa,publicproperty,0,0,reported_numeric,75,75,44,https://www.hupd.harvard.edu/sites/g/files/omnuum12486/files/2025-10/2025%20ASR%20VF%20Compressed.pdf#page=75,c52024d2154a422a975890555ad0e11fd19790bcfc5d9cf405305edfa6031c3a
2025,2024,166027,166027008,"Center for Hellenic Studies - Nafplion, Greece",dating_violence,Dating Violence,vawa,residential,,,not_reported,75,75,44,https://www.hupd.harvard.edu/sites/g/files/omnuum12486/files/2025-10/2025%20ASR%20VF%20Compressed.pdf#page=75,c52024d2154a422a975890555ad0e11fd19790bcfc5d9cf405305edfa6031c3a
2025,2024,166027,166027008,"Center for Hellenic Studies - Nafplion, Greece",dating_violence,Dating Violence,vawa,oncampus,0,0,reported_numeric,75,75,44,https://www.hupd.harvard.edu/sites/g/files/omnuum12486/files/2025-10/2025%20ASR%20VF%20Compressed.pdf#page=75,c52024d2154a422a975890555ad0e11fd19790bcfc5d9cf405305edfa6031c3a
2025,2024,166027,166027008,"Center for Hellenic Studies - Nafplion, Greece",dating_violence,Dating Violence,vawa,noncampus,,,not_reported,75,75,44,https://www.hupd.harvard.edu/sites/g/files/omnuum12486/files/2025-10/2025%20ASR%20VF%20Compressed.pdf#page=75,c52024d2154a422a975890555ad0e11fd19790bcfc5d9cf405305edfa6031c3a
2025,2024,166027,166027008,"Center for Hellenic Studies - Nafplion, Greece",dating_violence,Dating Violence,vawa,publicproperty,0,0,reported_numeric,75,75,44,https://www.hupd.harvard.edu/sites/g/files/omnuum12486/files/2025-10/2025%20ASR%20VF%20Compressed.pdf#page=75,c52024d2154a422a975890555ad0e11fd19790bcfc5d9cf405305edfa6031c3a
2025,2022,166027,166027008,"Center for Hellenic Studies - Nafplion, Greece",stalking,Stalking,vawa,residential,,,not_reported,75,75,45,https://www.hupd.harvard.edu/sites/g/files/omnuum12486/files/2025-10/2025%20ASR%20VF%20Compressed.pdf#page=75,c52024d2154a422a975890555ad0e11fd19790bcfc5d9cf405305edfa6031c3a
2025,2022,166027,166027008,"Center for Hellenic Studies - Nafplion, Greece",stalking,Stalking,vawa,oncampus,0,0,reported_numeric,75,75,45,https://www.hupd.harvard.edu/sites/g/files/omnuum12486/files/2025-10/2025%20ASR%20VF%20Compressed.pdf#page=75,c52024d2154a422a975890555ad0e11fd19790bcfc5d9cf405305edfa6031c3a
2025,2022,166027,166027008,"Center for Hellenic Studies - Nafplion, Greece",stalking,Stalking,vawa,noncampus,,,not_reported,75,75,45,https://www.hupd.harvard.edu/sites/g/files/omnuum12486/files/2025-10/2025%20ASR%20VF%20Compressed.pdf#page=75,c52024d2154a422a975890555ad0e11fd19790bcfc5d9cf405305edfa6031c3a
2025,2022,166027,166027008,"Center for Hellenic Studies - Nafplion, Greece",stalking,Stalking,vawa,publicproperty,0,0,reported_numeric,75,75,45,https://www.hupd.harvard.edu/sites/g/files/omnuum12486/files/2025-10/2025%20ASR%20VF%20Compressed.pdf#page=75,c52024d2154a422a975890555ad0e11fd19790bcfc5d9cf405305edfa6031c3a
2025,2023,166027,166027008,"Center for Hellenic Studies - Nafplion, Greece",stalking,Stalking,vawa,residential,,,not_reported,75,75,45,https://www.hupd.harvard.edu/sites/g/files/omnuum12486/files/2025-10/2025%20ASR%20VF%20Compressed.pdf#page=75,c52024d2154a422a975890555ad0e11fd19790bcfc5d9cf405305edfa6031c3a
2025,2023,166027,166027008,"Center for Hellenic Studies - Nafplion, Greece",stalking,Stalking,vawa,oncampus,0,0,reported_numeric,75,75,45,https://www.hupd.harvard.edu/sites/g/files/omnuum12486/files/2025-10/2025%20ASR%20VF%20Compressed.pdf#page=75,c52024d2154a422a975890555ad0e11fd19790bcfc5d9cf405305edfa6031c3a
2025,2023,166027,166027008,"Center for Hellenic Studies - Nafplion, Greece",stalking,Stalking,vawa,noncampus,,,not_reported,75,75,45,https://www.hupd.harvard.edu/sites/g/files/omnuum12486/files/2025-10/2025%20ASR%20VF%20Compressed.pdf#page=75,c52024d2154a422a975890555ad0e11fd19790bcfc5d9cf405305edfa6031c3a
2025,2023,166027,166027008,"Center for Hellenic Studies - Nafplion, Greece",stalking,Stalking,vawa,publicproperty,0,0,reported_numeric,75,75,45,https://www.hupd.harvard.edu/sites/g/files/omnuum12486/files/2025-10/2025%20ASR%20VF%20Compressed.pdf#page=75,c52024d2154a422a975890555ad0e11fd19790bcfc5d9cf405305edfa6031c3a
2025,2024,166027,166027008,"Center for Hellenic Studies - Nafplion, Greece",stalking,Stalking,vawa,residential,,,not_reported,75,75,45,https://www.hupd.harvard.edu/sites/g/files/omnuum12486/files/2025-10/2025%20ASR%20VF%20Compressed.pdf#page=75,c52024d2154a422a975890555ad0e11fd19790bcfc5d9cf405305edfa6031c3a
2025,2024,166027,166027008,"Center for Hellenic Studies - Nafplion, Greece",stalking,Stalking,vawa,oncampus,0,0,reported_numeric,75,75,45,https://www.hupd.harvard.edu/sites/g/files/omnuum12486/files/2025-10/2025%20ASR%20VF%20Compressed.pdf#page=75,c52024d2154a422a975890555ad0e11fd19790bcfc5d9cf405305edfa6031c3a
2025,2024,166027,166027008,"Center for Hellenic Studies - Nafplion, Greece",stalking,Stalking,vawa,noncampus,,,not_reported,75,75,45,https://www.hupd.harvard.edu/sites/g/files/omnuum12486/files/2025-10/2025%20ASR%20VF%20Compressed.pdf#page=75,c52024d2154a422a975890555ad0e11fd19790bcfc5d9cf405305edfa6031c3a
2025,2024,166027,166027008,"Center for Hellenic Studies - Nafplion, Greece",stalking,Stalking,vawa,publicproperty,0,0,reported_numeric,75,75,45,https://www.hupd.harvard.edu/sites/g/files/omnuum12486/files/2025-10/2025%20ASR%20VF%20Compressed.pdf#page=75,c52024d2154a422a975890555ad0e11fd19790bcfc5d9cf405305edfa6031c3a
2025,2022,166027,166027009,DRCLAS - Chile,murder,Murder/Nonnegligent Manslaughter,criminal_offenses,residential,,,not_reported,76,76,32,https://www.hupd.harvard.edu/sites/g/files/omnuum12486/files/2025-10/2025%20ASR%20VF%20Compressed.pdf#page=76,c52024d2154a422a975890555ad0e11fd19790bcfc5d9cf405305edfa6031c3a
2025,2022,166027,166027009,DRCLAS - Chile,murder,Murder/Nonnegligent Manslaughter,criminal_offenses,oncampus,0,0,reported_numeric,76,76,32,https://www.hupd.harvard.edu/sites/g/files/omnuum12486/files/2025-10/2025%20ASR%20VF%20Compressed.pdf#page=76,c52024d2154a422a975890555ad0e11fd19790bcfc5d9cf405305edfa6031c3a
2025,2022,166027,166027009,DRCLAS - Chile,murder,Murder/Nonnegligent Manslaughter,criminal_offenses,noncampus,,,not_reported,76,76,32,https://www.hupd.harvard.edu/sites/g/files/omnuum12486/files/2025-10/2025%20ASR%20VF%20Compressed.pdf#page=76,c52024d2154a422a975890555ad0e11fd19790bcfc5d9cf405305edfa6031c3a
2025,2022,166027,166027009,DRCLAS - Chile,murder,Murder/Nonnegligent Manslaughter,criminal_offenses,publicproperty,0,0,reported_numeric,76,76,32,https://www.hupd.harvard.edu/sites/g/files/omnuum12486/files/2025-10/2025%20ASR%20VF%20Compressed.pdf#page=76,c52024d2154a422a975890555ad0e11fd19790bcfc5d9cf405305edfa6031c3a
2025,2023,166027,166027009,DRCLAS - Chile,murder,Murder/Nonnegligent Manslaughter,criminal_offenses,residential,,,not_reported,76,76,32,https://www.hupd.harvard.edu/sites/g/files/omnuum12486/files/2025-10/2025%20ASR%20VF%20Compressed.pdf#page=76,c52024d2154a422a975890555ad0e11fd19790bcfc5d9cf405305edfa6031c3a
2025,2023,166027,166027009,DRCLAS - Chile,murder,Murder/Nonnegligent Manslaughter,criminal_offenses,oncampus,0,0,reported_numeric,76,76,32,https://www.hupd.harvard.edu/sites/g/files/omnuum12486/files/2025-10/2025%20ASR%20VF%20Compressed.pdf#page=76,c52024d2154a422a975890555ad0e11fd19790bcfc5d9cf405305edfa6031c3a
2025,2023,166027,166027009,DRCLAS - Chile,murder,Murder/Nonnegligent Manslaughter,criminal_offenses,noncampus,,,not_reported,76,76,32,https://www.hupd.harvard.edu/sites/g/files/omnuum12486/files/2025-10/2025%20ASR%20VF%20Compressed.pdf#page=76,c52024d2154a422a975890555ad0e11fd19790bcfc5d9cf405305edfa6031c3a
2025,2023,166027,166027009,DRCLAS - Chile,murder,Murder/Nonnegligent Manslaughter,criminal_offenses,publicproperty,0,0,reported_numeric,76,76,32,https://www.hupd.harvard.edu/sites/g/files/omnuum12486/files/2025-10/2025%20ASR%20VF%20Compressed.pdf#page=76,c52024d2154a422a975890555ad0e11fd19790bcfc5d9cf405305edfa6031c3a
2025,2024,166027,166027009,DRCLAS - Chile,murder,Murder/Nonnegligent Manslaughter,criminal_offenses,residential,,,not_reported,76,76,32,https://www.hupd.harvard.edu/sites/g/files/omnuum12486/files/2025-10/2025%20ASR%20VF%20Compressed.pdf#page=76,c52024d2154a422a975890555ad0e11fd19790bcfc5d9cf405305edfa6031c3a
2025,2024,166027,166027009,DRCLAS - Chile,murder,Murder/Nonnegligent Manslaughter,criminal_offenses,oncampus,0,0,reported_numeric,76,76,32,https://www.hupd.harvard.edu/sites/g/files/omnuum12486/files/2025-10/2025%20ASR%20VF%20Compressed.pdf#page=76,c52024d2154a422a975890555ad0e11fd19790bcfc5d9cf405305edfa6031c3a
2025,2024,166027,166027009,DRCLAS - Chile,murder,Murder/Nonnegligent Manslaughter,criminal_offenses,noncampus,,,not_reported,76,76,32,https://www.hupd.harvard.edu/sites/g/files/omnuum12486/files/2025-10/2025%20ASR%20VF%20Compressed.pdf#page=76,c52024d2154a422a975890555ad0e11fd19790bcfc5d9cf405305edfa6031c3a
2025,2024,166027,166027009,DRCLAS - Chile,murder,Murder/Nonnegligent Manslaughter,criminal_offenses,publicproperty,0,0,reported_numeric,76,76,32,https://www.hupd.harvard.edu/sites/g/files/omnuum12486/files/2025-10/2025%20ASR%20VF%20Compressed.pdf#page=76,c52024d2154a422a975890555ad0e11fd19790bcfc5d9cf405305edfa6031c3a
2025,2022,166027,166027009,DRCLAS - Chile,negligent_manslaughter,Negligent Manslaughter,criminal_offenses,residential,,,not_reported,76,76,33,https://www.hupd.harvard.edu/sites/g/files/omnuum12486/files/2025-10/2025%20ASR%20VF%20Compressed.pdf#page=76,c52024d2154a422a975890555ad0e11fd19790bcfc5d9cf405305edfa6031c3a
2025,2022,166027,166027009,DRCLAS - Chile,negligent_manslaughter,Negligent Manslaughter,criminal_offenses,oncampus,0,0,reported_numeric,76,76,33,https://www.hupd.harvard.edu/sites/g/files/omnuum12486/files/2025-10/2025%20ASR%20VF%20Compressed.pdf#page=76,c52024d2154a422a975890555ad0e11fd19790bcfc5d9cf405305edfa6031c3a
2025,2022,166027,166027009,DRCLAS - Chile,negligent_manslaughter,Negligent Manslaughter,criminal_offenses,noncampus,,,not_reported,76,76,33,https://www.hupd.harvard.edu/sites/g/files/omnuum12486/files/2025-10/2025%20ASR%20VF%20Compressed.pdf#page=76,c52024d2154a422a975890555ad0e11fd19790bcfc5d9cf405305edfa6031c3a
2025,2022,166027,166027009,DRCLAS - Chile,negligent_manslaughter,Negligent Manslaughter,criminal_offenses,publicproperty,0,0,reported_numeric,76,76,33,https://www.hupd.harvard.edu/sites/g/files/omnuum12486/files/2025-10/2025%20ASR%20VF%20Compressed.pdf#page=76,c52024d2154a422a975890555ad0e11fd19790bcfc5d9cf405305edfa6031c3a
2025,2023,166027,166027009,DRCLAS - Chile,negligent_manslaughter,Negligent Manslaughter,criminal_offenses,residential,,,not_reported,76,76,33,https://www.hupd.harvard.edu/sites/g/files/omnuum12486/files/2025-10/2025%20ASR%20VF%20Compressed.pdf#page=76,c52024d2154a422a975890555ad0e11fd19790bcfc5d9cf405305edfa6031c3a
2025,2023,166027,166027009,DRCLAS - Chile,negligent_manslaughter,Negligent Manslaughter,criminal_offenses,oncampus,0,0,reported_numeric,76,76,33,https://www.hupd.harvard.edu/sites/g/files/omnuum12486/files/2025-10/2025%20ASR%20VF%20Compressed.pdf#page=76,c52024d2154a422a975890555ad0e11fd19790bcfc5d9cf405305edfa6031c3a
2025,2023,166027,166027009,DRCLAS - Chile,negligent_manslaughter,Negligent Manslaughter,criminal_offenses,noncampus,,,not_reported,76,76,33,https://www.hupd.harvard.edu/sites/g/files/omnuum12486/files/2025-10/2025%20ASR%20VF%20Compressed.pdf#page=76,c52024d2154a422a975890555ad0e11fd19790bcfc5d9cf405305edfa6031c3a
2025,2023,166027,166027009,DRCLAS - Chile,negligent_manslaughter,Negligent Manslaughter,criminal_offenses,publicproperty,0,0,reported_numeric,76,76,33,https://www.hupd.harvard.edu/sites/g/files/omnuum12486/files/2025-10/2025%20ASR%20VF%20Compressed.pdf#page=76,c52024d2154a422a975890555ad0e11fd19790bcfc5d9cf405305edfa6031c3a
2025,2024,166027,166027009,DRCLAS - Chile,negligent_manslaughter,Negligent Manslaughter,criminal_offenses,residential,,,not_reported,76,76,33,https://www.hupd.harvard.edu/sites/g/files/omnuum12486/files/2025-10/2025%20ASR%20VF%20Compressed.pdf#page=76,c52024d2154a422a975890555ad0e11fd19790bcfc5d9cf405305edfa6031c3a
2025,2024,166027,166027009,DRCLAS - Chile,negligent_manslaughter,Negligent Manslaughter,criminal_offenses,oncampus,0,0,reported_numeric,76,76,33,https://www.hupd.harvard.edu/sites/g/files/omnuum12486/files/2025-10/2025%20ASR%20VF%20Compressed.pdf#page=76,c52024d2154a422a975890555ad0e11fd19790bcfc5d9cf405305edfa6031c3a
2025,2024,166027,166027009,DRCLAS - Chile,negligent_manslaughter,Negligent Manslaughter,criminal_offenses,noncampus,,,not_reported,76,76,33,https://www.hupd.harvard.edu/sites/g/files/omnuum12486/files/2025-10/2025%20ASR%20VF%20Compressed.pdf#page=76,c52024d2154a422a975890555ad0e11fd19790bcfc5d9cf405305edfa6031c3a
2025,2024,166027,166027009,DRCLAS - Chile,negligent_manslaughter,Negligent Manslaughter,criminal_offenses,publicproperty,0,0,reported_numeric,76,76,33,https://www.hupd.harvard.edu/sites/g/files/omnuum12486/files/2025-10/2025%20ASR%20VF%20Compressed.pdf#page=76,c52024d2154a422a975890555ad0e11fd19790bcfc5d9cf405305edfa6031c3a
2025,2022,166027,166027009,DRCLAS - Chile,rape,Rape,criminal_offenses,residential,,,not_reported,76,76,34,https://www.hupd.harvard.edu/sites/g/files/omnuum12486/files/2025-10/2025%20ASR%20VF%20Compressed.pdf#page=76,c52024d2154a422a975890555ad0e11fd19790bcfc5d9cf405305edfa6031c3a
2025,2022,166027,166027009,DRCLAS - Chile,rape,Rape,criminal_offenses,oncampus,0,0,reported_numeric,76,76,34,https://www.hupd.harvard.edu/sites/g/files/omnuum12486/files/2025-10/2025%20ASR%20VF%20Compressed.pdf#page=76,c52024d2154a422a975890555ad0e11fd19790bcfc5d9cf405305edfa6031c3a
2025,2022,166027,166027009,DRCLAS - Chile,rape,Rape,criminal_offenses,noncampus,,,not_reported,76,76,34,https://www.hupd.harvard.edu/sites/g/files/omnuum12486/files/2025-10/2025%20ASR%20VF%20Compressed.pdf#page=76,c52024d2154a422a975890555ad0e11fd19790bcfc5d9cf405305edfa6031c3a
2025,2022,166027,166027009,DRCLAS - Chile,rape,Rape,criminal_offenses,publicproperty,0,0,reported_numeric,76,76,34,https://www.hupd.harvard.edu/sites/g/files/omnuum12486/files/2025-10/2025%20ASR%20VF%20Compressed.pdf#page=76,c52024d2154a422a975890555ad0e11fd19790bcfc5d9cf405305edfa6031c3a
2025,2023,166027,166027009,DRCLAS - Chile,rape,Rape,criminal_offenses,residential,,,not_reported,76,76,34,https://www.hupd.harvard.edu/sites/g/files/omnuum12486/files/2025-10/2025%20ASR%20VF%20Compressed.pdf#page=76,c52024d2154a422a975890555ad0e11fd19790bcfc5d9cf405305edfa6031c3a
2025,2023,166027,166027009,DRCLAS - Chile,rape,Rape,criminal_offenses,oncampus,0,0,reported_numeric,76,76,34,https://www.hupd.harvard.edu/sites/g/files/omnuum12486/files/2025-10/2025%20ASR%20VF%20Compressed.pdf#page=76,c52024d2154a422a975890555ad0e11fd19790bcfc5d9cf405305edfa6031c3a
2025,2023,166027,166027009,DRCLAS - Chile,rape,Rape,criminal_offenses,noncampus,,,not_reported,76,76,34,https://www.hupd.harvard.edu/sites/g/files/omnuum12486/files/2025-10/2025%20ASR%20VF%20Compressed.pdf#page=76,c52024d2154a422a975890555ad0e11fd19790bcfc5d9cf405305edfa6031c3a
2025,2023,166027,166027009,DRCLAS - Chile,rape,Rape,criminal_offenses,publicproperty,0,0,reported_numeric,76,76,34,https://www.hupd.harvard.edu/sites/g/files/omnuum12486/files/2025-10/2025%20ASR%20VF%20Compressed.pdf#page=76,c52024d2154a422a975890555ad0e11fd19790bcfc5d9cf405305edfa6031c3a
2025,2024,166027,166027009,DRCLAS - Chile,rape,Rape,criminal_offenses,residential,,,not_reported,76,76,34,https://www.hupd.harvard.edu/sites/g/files/omnuum12486/files/2025-10/2025%20ASR%20VF%20Compressed.pdf#page=76,c52024d2154a422a975890555ad0e11fd19790bcfc5d9cf405305edfa6031c3a
2025,2024,166027,166027009,DRCLAS - Chile,rape,Rape,criminal_offenses,oncampus,0,0,reported_numeric,76,76,34,https://www.hupd.harvard.edu/sites/g/files/omnuum12486/files/2025-10/2025%20ASR%20VF%20Compressed.pdf#page=76,c52024d2154a422a975890555ad0e11fd19790bcfc5d9cf405305edfa6031c3a
2025,2024,166027,166027009,DRCLAS - Chile,rape,Rape,criminal_offenses,noncampus,,,not_reported,76,76,34,https://www.hupd.harvard.edu/sites/g/files/omnuum12486/files/2025-10/2025%20ASR%20VF%20Compressed.pdf#page=76,c52024d2154a422a975890555ad0e11fd19790bcfc5d9cf405305edfa6031c3a
2025,2024,166027,166027009,DRCLAS - Chile,rape,Rape,criminal_offenses,publicproperty,0,0,reported_numeric,76,76,34,https://www.hupd.harvard.edu/sites/g/files/omnuum12486/files/2025-10/2025%20ASR%20VF%20Compressed.pdf#page=76,c52024d2154a422a975890555ad0e11fd19790bcfc5d9cf405305edfa6031c3a
2025,2022,166027,166027009,DRCLAS - Chile,fondling,Fondling,criminal_offenses,residential,,,not_reported,76,76,35,https://www.hupd.harvard.edu/sites/g/files/omnuum12486/files/2025-10/2025%20ASR%20VF%20Compressed.pdf#page=76,c52024d2154a422a975890555ad0e11fd19790bcfc5d9cf405305edfa6031c3a
2025,2022,166027,166027009,DRCLAS - Chile,fondling,Fondling,criminal_offenses,oncampus,0,0,reported_numeric,76,76,35,https://www.hupd.harvard.edu/sites/g/files/omnuum12486/files/2025-10/2025%20ASR%20VF%20Compressed.pdf#page=76,c52024d2154a422a975890555ad0e11fd19790bcfc5d9cf405305edfa6031c3a
2025,2022,166027,166027009,DRCLAS - Chile,fondling,Fondling,criminal_offenses,noncampus,,,not_reported,76,76,35,https://www.hupd.harvard.edu/sites/g/files/omnuum12486/files/2025-10/2025%20ASR%20VF%20Compressed.pdf#page=76,c52024d2154a422a975890555ad0e11fd19790bcfc5d9cf405305edfa6031c3a
2025,2022,166027,166027009,DRCLAS - Chile,fondling,Fondling,criminal_offenses,publicproperty,0,0,reported_numeric,76,76,35,https://www.hupd.harvard.edu/sites/g/files/omnuum12486/files/2025-10/2025%20ASR%20VF%20Compressed.pdf#page=76,c52024d2154a422a975890555ad0e11fd19790bcfc5d9cf405305edfa6031c3a
2025,2023,166027,166027009,DRCLAS - Chile,fondling,Fondling,criminal_offenses,residential,,,not_reported,76,76,35,https://www.hupd.harvard.edu/sites/g/files/omnuum12486/files/2025-10/2025%20ASR%20VF%20Compressed.pdf#page=76,c52024d2154a422a975890555ad0e11fd19790bcfc5d9cf405305edfa6031c3a
2025,2023,166027,166027009,DRCLAS - Chile,fondling,Fondling,criminal_offenses,oncampus,0,0,reported_numeric,76,76,35,https://www.hupd.harvard.edu/sites/g/files/omnuum12486/files/2025-10/2025%20ASR%20VF%20Compressed.pdf#page=76,c52024d2154a422a975890555ad0e11fd19790bcfc5d9cf405305edfa6031c3a
2025,2023,166027,166027009,DRCLAS - Chile,fondling,Fondling,criminal_offenses,noncampus,,,not_reported,76,76,35,https://www.hupd.harvard.edu/sites/g/files/omnuum12486/files/2025-10/2025%20ASR%20VF%20Compressed.pdf#page=76,c52024d2154a422a975890555ad0e11fd19790bcfc5d9cf405305edfa6031c3a
2025,2023,166027,166027009,DRCLAS - Chile,fondling,Fondling,criminal_offenses,publicproperty,0,0,reported_numeric,76,76,35,https://www.hupd.harvard.edu/sites/g/files/omnuum12486/files/2025-10/2025%20ASR%20VF%20Compressed.pdf#page=76,c52024d2154a422a975890555ad0e11fd19790bcfc5d9cf405305edfa6031c3a
2025,2024,166027,166027009,DRCLAS - Chile,fondling,Fondling,criminal_offenses,residential,,,not_reported,76,76,35,https://www.hupd.harvard.edu/sites/g/files/omnuum12486/files/2025-10/2025%20ASR%20VF%20Compressed.pdf#page=76,c52024d2154a422a975890555ad0e11fd19790bcfc5d9cf405305edfa6031c3a
2025,2024,166027,166027009,DRCLAS - Chile,fondling,Fondling,criminal_offenses,oncampus,0,0,reported_numeric,76,76,35,https://www.hupd.harvard.edu/sites/g/files/omnuum12486/files/2025-10/2025%20ASR%20VF%20Compressed.pdf#page=76,c52024d2154a422a975890555ad0e11fd19790bcfc5d9cf405305edfa6031c3a
2025,2024,166027,166027009,DRCLAS - Chile,fondling,Fondling,criminal_offenses,noncampus,,,not_reported,76,76,35,https://www.hupd.harvard.edu/sites/g/files/omnuum12486/files/2025-10/2025%20ASR%20VF%20Compressed.pdf#page=76,c52024d2154a422a975890555ad0e11fd19790bcfc5d9cf405305edfa6031c3a
2025,2024,166027,166027009,DRCLAS - Chile,fondling,Fondling,criminal_offenses,publicproperty,0,0,reported_numeric,76,76,35,https://www.hupd.harvard.edu/sites/g/files/omnuum12486/files/2025-10/2025%20ASR%20VF%20Compressed.pdf#page=76,c52024d2154a422a975890555ad0e11fd19790bcfc5d9cf405305edfa6031c3a
2025,2022,166027,166027009,DRCLAS - Chile,incest,Incest,criminal_offenses,residential,,,not_reported,76,76,36,https://www.hupd.harvard.edu/sites/g/files/omnuum12486/files/2025-10/2025%20ASR%20VF%20Compressed.pdf#page=76,c52024d2154a422a975890555ad0e11fd19790bcfc5d9cf405305edfa6031c3a
2025,2022,166027,166027009,DRCLAS - Chile,incest,Incest,criminal_offenses,oncampus,0,0,reported_numeric,76,76,36,https://www.hupd.harvard.edu/sites/g/files/omnuum12486/files/2025-10/2025%20ASR%20VF%20Compressed.pdf#page=76,c52024d2154a422a975890555ad0e11fd19790bcfc5d9cf405305edfa6031c3a
2025,2022,166027,166027009,DRCLAS - Chile,incest,Incest,criminal_offenses,noncampus,,,not_reported,76,76,36,https://www.hupd.harvard.edu/sites/g/files/omnuum12486/files/2025-10/2025%20ASR%20VF%20Compressed.pdf#page=76,c52024d2154a422a975890555ad0e11fd19790bcfc5d9cf405305edfa6031c3a
2025,2022,166027,166027009,DRCLAS - Chile,incest,Incest,criminal_offenses,publicproperty,0,0,reported_numeric,76,76,36,https://www.hupd.harvard.edu/sites/g/files/omnuum12486/files/2025-10/2025%20ASR%20VF%20Compressed.pdf#page=76,c52024d2154a422a975890555ad0e11fd19790bcfc5d9cf405305edfa6031c3a
2025,2023,166027,166027009,DRCLAS - Chile,incest,Incest,criminal_offenses,residential,,,not_reported,76,76,36,https://www.hupd.harvard.edu/sites/g/files/omnuum12486/files/2025-10/2025%20ASR%20VF%20Compressed.pdf#page=76,c52024d2154a422a975890555ad0e11fd19790bcfc5d9cf405305edfa6031c3a
2025,2023,166027,166027009,DRCLAS - Chile,incest,Incest,criminal_offenses,oncampus,0,0,reported_numeric,76,76,36,https://www.hupd.harvard.edu/sites/g/files/omnuum12486/files/2025-10/2025%20ASR%20VF%20Compressed.pdf#page=76,c52024d2154a422a975890555ad0e11fd19790bcfc5d9cf405305edfa6031c3a
2025,2023,166027,166027009,DRCLAS - Chile,incest,Incest,criminal_offenses,noncampus,,,not_reported,76,76,36,https://www.hupd.harvard.edu/sites/g/files/omnuum12486/files/2025-10/2025%20ASR%20VF%20Compressed.pdf#page=76,c52024d2154a422a975890555ad0e11fd19790bcfc5d9cf405305edfa6031c3a
2025,2023,166027,166027009,DRCLAS - Chile,incest,Incest,criminal_offenses,publicproperty,0,0,reported_numeric,76,76,36,https://www.hupd.harvard.edu/sites/g/files/omnuum12486/files/2025-10/2025%20ASR%20VF%20Compressed.pdf#page=76,c52024d2154a422a975890555ad0e11fd19790bcfc5d9cf405305edfa6031c3a
2025,2024,166027,166027009,DRCLAS - Chile,incest,Incest,criminal_offenses,residential,,,not_reported,76,76,36,https://www.hupd.harvard.edu/sites/g/files/omnuum12486/files/2025-10/2025%20ASR%20VF%20Compressed.pdf#page=76,c52024d2154a422a975890555ad0e11fd19790bcfc5d9cf405305edfa6031c3a
2025,2024,166027,166027009,DRCLAS - Chile,incest,Incest,criminal_offenses,oncampus,0,0,reported_numeric,76,76,36,https://www.hupd.harvard.edu/sites/g/files/omnuum12486/files/2025-10/2025%20ASR%20VF%20Compressed.pdf#page=76,c52024d2154a422a975890555ad0e11fd19790bcfc5d9cf405305edfa6031c3a
2025,2024,166027,166027009,DRCLAS - Chile,incest,Incest,criminal_offenses,noncampus,,,not_reported,76,76,36,https://www.hupd.harvard.edu/sites/g/files/omnuum12486/files/2025-10/2025%20ASR%20VF%20Compressed.pdf#page=76,c52024d2154a422a975890555ad0e11fd19790bcfc5d9cf405305edfa6031c3a
2025,2024,166027,166027009,DRCLAS - Chile,incest,Incest,criminal_offenses,publicproperty,0,0,reported_numeric,76,76,36,https://www.hupd.harvard.edu/sites/g/files/omnuum12486/files/2025-10/2025%20ASR%20VF%20Compressed.pdf#page=76,c52024d2154a422a975890555ad0e11fd19790bcfc5d9cf405305edfa6031c3a
2025,2022,166027,166027009,DRCLAS - Chile,statutory_rape,Statutory Rape,criminal_offenses,residential,,,not_reported,76,76,37,https://www.hupd.harvard.edu/sites/g/files/omnuum12486/files/2025-10/2025%20ASR%20VF%20Compressed.pdf#page=76,c52024d2154a422a975890555ad0e11fd19790bcfc5d9cf405305edfa6031c3a
2025,2022,166027,166027009,DRCLAS - Chile,statutory_rape,Statutory Rape,criminal_offenses,oncampus,0,0,reported_numeric,76,76,37,https://www.hupd.harvard.edu/sites/g/files/omnuum12486/files/2025-10/2025%20ASR%20VF%20Compressed.pdf#page=76,c52024d2154a422a975890555ad0e11fd19790bcfc5d9cf405305edfa6031c3a
2025,2022,166027,166027009,DRCLAS - Chile,statutory_rape,Statutory Rape,criminal_offenses,noncampus,,,not_reported,76,76,37,https://www.hupd.harvard.edu/sites/g/files/omnuum12486/files/2025-10/2025%20ASR%20VF%20Compressed.pdf#page=76,c52024d2154a422a975890555ad0e11fd19790bcfc5d9cf405305edfa6031c3a
2025,2022,166027,166027009,DRCLAS - Chile,statutory_rape,Statutory Rape,criminal_offenses,publicproperty,0,0,reported_numeric,76,76,37,https://www.hupd.harvard.edu/sites/g/files/omnuum12486/files/2025-10/2025%20ASR%20VF%20Compressed.pdf#page=76,c52024d2154a422a975890555ad0e11fd19790bcfc5d9cf405305edfa6031c3a
2025,2023,166027,166027009,DRCLAS - Chile,statutory_rape,Statutory Rape,criminal_offenses,residential,,,not_reported,76,76,37,https://www.hupd.harvard.edu/sites/g/files/omnuum12486/files/2025-10/2025%20ASR%20VF%20Compressed.pdf#page=76,c52024d2154a422a975890555ad0e11fd19790bcfc5d9cf405305edfa6031c3a
2025,2023,166027,166027009,DRCLAS - Chile,statutory_rape,Statutory Rape,criminal_offenses,oncampus,0,0,reported_numeric,76,76,37,https://www.hupd.harvard.edu/sites/g/files/omnuum12486/files/2025-10/2025%20ASR%20VF%20Compressed.pdf#page=76,c52024d2154a422a975890555ad0e11fd19790bcfc5d9cf405305edfa6031c3a
2025,2023,166027,166027009,DRCLAS - Chile,statutory_rape,Statutory Rape,criminal_offenses,noncampus,,,not_reported,76,76,37,https://www.hupd.harvard.edu/sites/g/files/omnuum12486/files/2025-10/2025%20ASR%20VF%20Compressed.pdf#page=76,c52024d2154a422a975890555ad0e11fd19790bcfc5d9cf405305edfa6031c3a
2025,2023,166027,166027009,DRCLAS - Chile,statutory_rape,Statutory Rape,criminal_offenses,publicproperty,0,0,reported_numeric,76,76,37,https://www.hupd.harvard.edu/sites/g/files/omnuum12486/files/2025-10/2025%20ASR%20VF%20Compressed.pdf#page=76,c52024d2154a422a975890555ad0e11fd19790bcfc5d9cf405305edfa6031c3a
2025,2024,166027,166027009,DRCLAS - Chile,statutory_rape,Statutory Rape,criminal_offenses,residential,,,not_reported,76,76,37,https://www.hupd.harvard.edu/sites/g/files/omnuum12486/files/2025-10/2025%20ASR%20VF%20Compressed.pdf#page=76,c52024d2154a422a975890555ad0e11fd19790bcfc5d9cf405305edfa6031c3a
2025,2024,166027,166027009,DRCLAS - Chile,statutory_rape,Statutory Rape,criminal_offenses,oncampus,0,0,reported_numeric,76,76,37,https://www.hupd.harvard.edu/sites/g/files/omnuum12486/files/2025-10/2025%20ASR%20VF%20Compressed.pdf#page=76,c52024d2154a422a975890555ad0e11fd19790bcfc5d9cf405305edfa6031c3a
2025,2024,166027,166027009,DRCLAS - Chile,statutory_rape,Statutory Rape,criminal_offenses,noncampus,,,not_reported,76,76,37,https://www.hupd.harvard.edu/sites/g/files/omnuum12486/files/2025-10/2025%20ASR%20VF%20Compressed.pdf#page=76,c52024d2154a422a975890555ad0e11fd19790bcfc5d9cf405305edfa6031c3a
2025,2024,166027,166027009,DRCLAS - Chile,statutory_rape,Statutory Rape,criminal_offenses,publicproperty,0,0,reported_numeric,76,76,37,https://www.hupd.harvard.edu/sites/g/files/omnuum12486/files/2025-10/2025%20ASR%20VF%20Compressed.pdf#page=76,c52024d2154a422a975890555ad0e11fd19790bcfc5d9cf405305edfa6031c3a
2025,2022,166027,166027009,DRCLAS - Chile,robbery,Robbery,criminal_offenses,residential,,,not_reported,76,76,38,https://www.hupd.harvard.edu/sites/g/files/omnuum12486/files/2025-10/2025%20ASR%20VF%20Compressed.pdf#page=76,c52024d2154a422a975890555ad0e11fd19790bcfc5d9cf405305edfa6031c3a
2025,2022,166027,166027009,DRCLAS - Chile,robbery,Robbery,criminal_offenses,oncampus,0,0,reported_numeric,76,76,38,https://www.hupd.harvard.edu/sites/g/files/omnuum12486/files/2025-10/2025%20ASR%20VF%20Compressed.pdf#page=76,c52024d2154a422a975890555ad0e11fd19790bcfc5d9cf405305edfa6031c3a
2025,2022,166027,166027009,DRCLAS - Chile,robbery,Robbery,criminal_offenses,noncampus,,,not_reported,76,76,38,https://www.hupd.harvard.edu/sites/g/files/omnuum12486/files/2025-10/2025%20ASR%20VF%20Compressed.pdf#page=76,c52024d2154a422a975890555ad0e11fd19790bcfc5d9cf405305edfa6031c3a
2025,2022,166027,166027009,DRCLAS - Chile,robbery,Robbery,criminal_offenses,publicproperty,0,0,reported_numeric,76,76,38,https://www.hupd.harvard.edu/sites/g/files/omnuum12486/files/2025-10/2025%20ASR%20VF%20Compressed.pdf#page=76,c52024d2154a422a975890555ad0e11fd19790bcfc5d9cf405305edfa6031c3a
2025,2023,166027,166027009,DRCLAS - Chile,robbery,Robbery,criminal_offenses,residential,,,not_reported,76,76,38,https://www.hupd.harvard.edu/sites/g/files/omnuum12486/files/2025-10/2025%20ASR%20VF%20Compressed.pdf#page=76,c52024d2154a422a975890555ad0e11fd19790bcfc5d9cf405305edfa6031c3a
2025,2023,166027,166027009,DRCLAS - Chile,robbery,Robbery,criminal_offenses,oncampus,0,0,reported_numeric,76,76,38,https://www.hupd.harvard.edu/sites/g/files/omnuum12486/files/2025-10/2025%20ASR%20VF%20Compressed.pdf#page=76,c52024d2154a422a975890555ad0e11fd19790bcfc5d9cf405305edfa6031c3a
2025,2023,166027,166027009,DRCLAS - Chile,robbery,Robbery,criminal_offenses,noncampus,,,not_reported,76,76,38,https://www.hupd.harvard.edu/sites/g/files/omnuum12486/files/2025-10/2025%20ASR%20VF%20Compressed.pdf#page=76,c52024d2154a422a975890555ad0e11fd19790bcfc5d9cf405305edfa6031c3a
2025,2023,166027,166027009,DRCLAS - Chile,robbery,Robbery,criminal_offenses,publicproperty,0,0,reported_numeric,76,76,38,https://www.hupd.harvard.edu/sites/g/files/omnuum12486/files/2025-10/2025%20ASR%20VF%20Compressed.pdf#page=76,c52024d2154a422a975890555ad0e11fd19790bcfc5d9cf405305edfa6031c3a
2025,2024,166027,166027009,DRCLAS - Chile,robbery,Robbery,criminal_offenses,residential,,,not_reported,76,76,38,https://www.hupd.harvard.edu/sites/g/files/omnuum12486/files/2025-10/2025%20ASR%20VF%20Compressed.pdf#page=76,c52024d2154a422a975890555ad0e11fd19790bcfc5d9cf405305edfa6031c3a
2025,2024,166027,166027009,DRCLAS - Chile,robbery,Robbery,criminal_offenses,oncampus,0,0,reported_numeric,76,76,38,https://www.hupd.harvard.edu/sites/g/files/omnuum12486/files/2025-10/2025%20ASR%20VF%20Compressed.pdf#page=76,c52024d2154a422a975890555ad0e11fd19790bcfc5d9cf405305edfa6031c3a
2025,2024,166027,166027009,DRCLAS - Chile,robbery,Robbery,criminal_offenses,noncampus,,,not_reported,76,76,38,https://www.hupd.harvard.edu/sites/g/files/omnuum12486/files/2025-10/2025%20ASR%20VF%20Compressed.pdf#page=76,c52024d2154a422a975890555ad0e11fd19790bcfc5d9cf405305edfa6031c3a
2025,2024,166027,166027009,DRCLAS - Chile,robbery,Robbery,criminal_offenses,publicproperty,0,0,reported_numeric,76,76,38,https://www.hupd.harvard.edu/sites/g/files/omnuum12486/files/2025-10/2025%20ASR%20VF%20Compressed.pdf#page=76,c52024d2154a422a975890555ad0e11fd19790bcfc5d9cf405305edfa6031c3a
2025,2022,166027,166027009,DRCLAS - Chile,aggravated_assault,Aggravated Assault,criminal_offenses,residential,,,not_reported,76,76,39,https://www.hupd.harvard.edu/sites/g/files/omnuum12486/files/2025-10/2025%20ASR%20VF%20Compressed.pdf#page=76,c52024d2154a422a975890555ad0e11fd19790bcfc5d9cf405305edfa6031c3a
2025,2022,166027,166027009,DRCLAS - Chile,aggravated_assault,Aggravated Assault,criminal_offenses,oncampus,0,0,reported_numeric,76,76,39,https://www.hupd.harvard.edu/sites/g/files/omnuum12486/files/2025-10/2025%20ASR%20VF%20Compressed.pdf#page=76,c52024d2154a422a975890555ad0e11fd19790bcfc5d9cf405305edfa6031c3a
2025,2022,166027,166027009,DRCLAS - Chile,aggravated_assault,Aggravated Assault,criminal_offenses,noncampus,,,not_reported,76,76,39,https://www.hupd.harvard.edu/sites/g/files/omnuum12486/files/2025-10/2025%20ASR%20VF%20Compressed.pdf#page=76,c52024d2154a422a975890555ad0e11fd19790bcfc5d9cf405305edfa6031c3a
2025,2022,166027,166027009,DRCLAS - Chile,aggravated_assault,Aggravated Assault,criminal_offenses,publicproperty,0,0,reported_numeric,76,76,39,https://www.hupd.harvard.edu/sites/g/files/omnuum12486/files/2025-10/2025%20ASR%20VF%20Compressed.pdf#page=76,c52024d2154a422a975890555ad0e11fd19790bcfc5d9cf405305edfa6031c3a
2025,2023,166027,166027009,DRCLAS - Chile,aggravated_assault,Aggravated Assault,criminal_offenses,residential,,,not_reported,76,76,39,https://www.hupd.harvard.edu/sites/g/files/omnuum12486/files/2025-10/2025%20ASR%20VF%20Compressed.pdf#page=76,c52024d2154a422a975890555ad0e11fd19790bcfc5d9cf405305edfa6031c3a
2025,2023,166027,166027009,DRCLAS - Chile,aggravated_assault,Aggravated Assault,criminal_offenses,oncampus,0,0,reported_numeric,76,76,39,https://www.hupd.harvard.edu/sites/g/files/omnuum12486/files/2025-10/2025%20ASR%20VF%20Compressed.pdf#page=76,c52024d2154a422a975890555ad0e11fd19790bcfc5d9cf405305edfa6031c3a
2025,2023,166027,166027009,DRCLAS - Chile,aggravated_assault,Aggravated Assault,criminal_offenses,noncampus,,,not_reported,76,76,39,https://www.hupd.harvard.edu/sites/g/files/omnuum12486/files/2025-10/2025%20ASR%20VF%20Compressed.pdf#page=76,c52024d2154a422a975890555ad0e11fd19790bcfc5d9cf405305edfa6031c3a
2025,2023,166027,166027009,DRCLAS - Chile,aggravated_assault,Aggravated Assault,criminal_offenses,publicproperty,0,0,reported_numeric,76,76,39,https://www.hupd.harvard.edu/sites/g/files/omnuum12486/files/2025-10/2025%20ASR%20VF%20Compressed.pdf#page=76,c52024d2154a422a975890555ad0e11fd19790bcfc5d9cf405305edfa6031c3a
2025,2024,166027,166027009,DRCLAS - Chile,aggravated_assault,Aggravated Assault,criminal_offenses,residential,,,not_reported,76,76,39,https://www.hupd.harvard.edu/sites/g/files/omnuum12486/files/2025-10/2025%20ASR%20VF%20Compressed.pdf#page=76,c52024d2154a422a975890555ad0e11fd19790bcfc5d9cf405305edfa6031c3a
2025,2024,166027,166027009,DRCLAS - Chile,aggravated_assault,Aggravated Assault,criminal_offenses,oncampus,0,0,reported_numeric,76,76,39,https://www.hupd.harvard.edu/sites/g/files/omnuum12486/files/2025-10/2025%20ASR%20VF%20Compressed.pdf#page=76,c52024d2154a422a975890555ad0e11fd19790bcfc5d9cf405305edfa6031c3a
2025,2024,166027,166027009,DRCLAS - Chile,aggravated_assault,Aggravated Assault,criminal_offenses,noncampus,,,not_reported,76,76,39,https://www.hupd.harvard.edu/sites/g/files/omnuum12486/files/2025-10/2025%20ASR%20VF%20Compressed.pdf#page=76,c52024d2154a422a975890555ad0e11fd19790bcfc5d9cf405305edfa6031c3a
2025,2024,166027,166027009,DRCLAS - Chile,aggravated_assault,Aggravated Assault,criminal_offenses,publicproperty,0,0,reported_numeric,76,76,39,https://www.hupd.harvard.edu/sites/g/files/omnuum12486/files/2025-10/2025%20ASR%20VF%20Compressed.pdf#page=76,c52024d2154a422a975890555ad0e11fd19790bcfc5d9cf405305edfa6031c3a
2025,2022,166027,166027009,DRCLAS - Chile,burglary,Burglary,criminal_offenses,residential,,,not_reported,76,76,40,https://www.hupd.harvard.edu/sites/g/files/omnuum12486/files/2025-10/2025%20ASR%20VF%20Compressed.pdf#page=76,c52024d2154a422a975890555ad0e11fd19790bcfc5d9cf405305edfa6031c3a
2025,2022,166027,166027009,DRCLAS - Chile,burglary,Burglary,criminal_offenses,oncampus,0,0,reported_numeric,76,76,40,https://www.hupd.harvard.edu/sites/g/files/omnuum12486/files/2025-10/2025%20ASR%20VF%20Compressed.pdf#page=76,c52024d2154a422a975890555ad0e11fd19790bcfc5d9cf405305edfa6031c3a
2025,2022,166027,166027009,DRCLAS - Chile,burglary,Burglary,criminal_offenses,noncampus,,,not_reported,76,76,40,https://www.hupd.harvard.edu/sites/g/files/omnuum12486/files/2025-10/2025%20ASR%20VF%20Compressed.pdf#page=76,c52024d2154a422a975890555ad0e11fd19790bcfc5d9cf405305edfa6031c3a
2025,2022,166027,166027009,DRCLAS - Chile,burglary,Burglary,criminal_offenses,publicproperty,0,0,reported_numeric,76,76,40,https://www.hupd.harvard.edu/sites/g/files/omnuum12486/files/2025-10/2025%20ASR%20VF%20Compressed.pdf#page=76,c52024d2154a422a975890555ad0e11fd19790bcfc5d9cf405305edfa6031c3a
2025,2023,166027,166027009,DRCLAS - Chile,burglary,Burglary,criminal_offenses,residential,,,not_reported,76,76,40,https://www.hupd.harvard.edu/sites/g/files/omnuum12486/files/2025-10/2025%20ASR%20VF%20Compressed.pdf#page=76,c52024d2154a422a975890555ad0e11fd19790bcfc5d9cf405305edfa6031c3a
2025,2023,166027,166027009,DRCLAS - Chile,burglary,Burglary,criminal_offenses,oncampus,0,0,reported_numeric,76,76,40,https://www.hupd.harvard.edu/sites/g/files/omnuum12486/files/2025-10/2025%20ASR%20VF%20Compressed.pdf#page=76,c52024d2154a422a975890555ad0e11fd19790bcfc5d9cf405305edfa6031c3a
2025,2023,166027,166027009,DRCLAS - Chile,burglary,Burglary,criminal_offenses,noncampus,,,not_reported,76,76,40,https://www.hupd.harvard.edu/sites/g/files/omnuum12486/files/2025-10/2025%20ASR%20VF%20Compressed.pdf#page=76,c52024d2154a422a975890555ad0e11fd19790bcfc5d9cf405305edfa6031c3a
2025,2023,166027,166027009,DRCLAS - Chile,burglary,Burglary,criminal_offenses,publicproperty,0,0,reported_numeric,76,76,40,https://www.hupd.harvard.edu/sites/g/files/omnuum12486/files/2025-10/2025%20ASR%20VF%20Compressed.pdf#page=76,c52024d2154a422a975890555ad0e11fd19790bcfc5d9cf405305edfa6031c3a
2025,2024,166027,166027009,DRCLAS - Chile,burglary,Burglary,criminal_offenses,residential,,,not_reported,76,76,40,https://www.hupd.harvard.edu/sites/g/files/omnuum12486/files/2025-10/2025%20ASR%20VF%20Compressed.pdf#page=76,c52024d2154a422a975890555ad0e11fd19790bcfc5d9cf405305edfa6031c3a
2025,2024,166027,166027009,DRCLAS - Chile,burglary,Burglary,criminal_offenses,oncampus,0,0,reported_numeric,76,76,40,https://www.hupd.harvard.edu/sites/g/files/omnuum12486/files/2025-10/2025%20ASR%20VF%20Compressed.pdf#page=76,c52024d2154a422a975890555ad0e11fd19790bcfc5d9cf405305edfa6031c3a
2025,2024,166027,166027009,DRCLAS - Chile,burglary,Burglary,criminal_offenses,noncampus,,,not_reported,76,76,40,https://www.hupd.harvard.edu/sites/g/files/omnuum12486/files/2025-10/2025%20ASR%20VF%20Compressed.pdf#page=76,c52024d2154a422a975890555ad0e11fd19790bcfc5d9cf405305edfa6031c3a
2025,2024,166027,166027009,DRCLAS - Chile,burglary,Burglary,criminal_offenses,publicproperty,0,0,reported_numeric,76,76,40,https://www.hupd.harvard.edu/sites/g/files/omnuum12486/files/2025-10/2025%20ASR%20VF%20Compressed.pdf#page=76,c52024d2154a422a975890555ad0e11fd19790bcfc5d9cf405305edfa6031c3a
2025,2022,166027,166027009,DRCLAS - Chile,motor_vehicle_theft,Motor Vehicle Theft,criminal_offenses,residential,,,not_reported,76,76,41,https://www.hupd.harvard.edu/sites/g/files/omnuum12486/files/2025-10/2025%20ASR%20VF%20Compressed.pdf#page=76,c52024d2154a422a975890555ad0e11fd19790bcfc5d9cf405305edfa6031c3a
2025,2022,166027,166027009,DRCLAS - Chile,motor_vehicle_theft,Motor Vehicle Theft,criminal_offenses,oncampus,0,0,reported_numeric,76,76,41,https://www.hupd.harvard.edu/sites/g/files/omnuum12486/files/2025-10/2025%20ASR%20VF%20Compressed.pdf#page=76,c52024d2154a422a975890555ad0e11fd19790bcfc5d9cf405305edfa6031c3a
2025,2022,166027,166027009,DRCLAS - Chile,motor_vehicle_theft,Motor Vehicle Theft,criminal_offenses,noncampus,,,not_reported,76,76,41,https://www.hupd.harvard.edu/sites/g/files/omnuum12486/files/2025-10/2025%20ASR%20VF%20Compressed.pdf#page=76,c52024d2154a422a975890555ad0e11fd19790bcfc5d9cf405305edfa6031c3a
2025,2022,166027,166027009,DRCLAS - Chile,motor_vehicle_theft,Motor Vehicle Theft,criminal_offenses,publicproperty,0,0,reported_numeric,76,76,41,https://www.hupd.harvard.edu/sites/g/files/omnuum12486/files/2025-10/2025%20ASR%20VF%20Compressed.pdf#page=76,c52024d2154a422a975890555ad0e11fd19790bcfc5d9cf405305edfa6031c3a
2025,2023,166027,166027009,DRCLAS - Chile,motor_vehicle_theft,Motor Vehicle Theft,criminal_offenses,residential,,,not_reported,76,76,41,https://www.hupd.harvard.edu/sites/g/files/omnuum12486/files/2025-10/2025%20ASR%20VF%20Compressed.pdf#page=76,c52024d2154a422a975890555ad0e11fd19790bcfc5d9cf405305edfa6031c3a
2025,2023,166027,166027009,DRCLAS - Chile,motor_vehicle_theft,Motor Vehicle Theft,criminal_offenses,oncampus,0,0,reported_numeric,76,76,41,https://www.hupd.harvard.edu/sites/g/files/omnuum12486/files/2025-10/2025%20ASR%20VF%20Compressed.pdf#page=76,c52024d2154a422a975890555ad0e11fd19790bcfc5d9cf405305edfa6031c3a
2025,2023,166027,166027009,DRCLAS - Chile,motor_vehicle_theft,Motor Vehicle Theft,criminal_offenses,noncampus,,,not_reported,76,76,41,https://www.hupd.harvard.edu/sites/g/files/omnuum12486/files/2025-10/2025%20ASR%20VF%20Compressed.pdf#page=76,c52024d2154a422a975890555ad0e11fd19790bcfc5d9cf405305edfa6031c3a
2025,2023,166027,166027009,DRCLAS - Chile,motor_vehicle_theft,Motor Vehicle Theft,criminal_offenses,publicproperty,0,0,reported_numeric,76,76,41,https://www.hupd.harvard.edu/sites/g/files/omnuum12486/files/2025-10/2025%20ASR%20VF%20Compressed.pdf#page=76,c52024d2154a422a975890555ad0e11fd19790bcfc5d9cf405305edfa6031c3a
2025,2024,166027,166027009,DRCLAS - Chile,motor_vehicle_theft,Motor Vehicle Theft,criminal_offenses,residential,,,not_reported,76,76,41,https://www.hupd.harvard.edu/sites/g/files/omnuum12486/files/2025-10/2025%20ASR%20VF%20Compressed.pdf#page=76,c52024d2154a422a975890555ad0e11fd19790bcfc5d9cf405305edfa6031c3a
2025,2024,166027,166027009,DRCLAS - Chile,motor_vehicle_theft,Motor Vehicle Theft,criminal_offenses,oncampus,0,0,reported_numeric,76,76,41,https://www.hupd.harvard.edu/sites/g/files/omnuum12486/files/2025-10/2025%20ASR%20VF%20Compressed.pdf#page=76,c52024d2154a422a975890555ad0e11fd19790bcfc5d9cf405305edfa6031c3a
2025,2024,166027,166027009,DRCLAS - Chile,motor_vehicle_theft,Motor Vehicle Theft,criminal_offenses,noncampus,,,not_reported,76,76,41,https://www.hupd.harvard.edu/sites/g/files/omnuum12486/files/2025-10/2025%20ASR%20VF%20Compressed.pdf#page=76,c52024d2154a422a975890555ad0e11fd19790bcfc5d9cf405305edfa6031c3a
2025,2024,166027,166027009,DRCLAS - Chile,motor_vehicle_theft,Motor Vehicle Theft,criminal_offenses,publicproperty,0,0,reported_numeric,76,76,41,https://www.hupd.harvard.edu/sites/g/files/omnuum12486/files/2025-10/2025%20ASR%20VF%20Compressed.pdf#page=76,c52024d2154a422a975890555ad0e11fd19790bcfc5d9cf405305edfa6031c3a
2025,2022,166027,166027009,DRCLAS - Chile,arson,Arson,criminal_offenses,residential,,,not_reported,76,76,42,https://www.hupd.harvard.edu/sites/g/files/omnuum12486/files/2025-10/2025%20ASR%20VF%20Compressed.pdf#page=76,c52024d2154a422a975890555ad0e11fd19790bcfc5d9cf405305edfa6031c3a
2025,2022,166027,166027009,DRCLAS - Chile,arson,Arson,criminal_offenses,oncampus,0,0,reported_numeric,76,76,42,https://www.hupd.harvard.edu/sites/g/files/omnuum12486/files/2025-10/2025%20ASR%20VF%20Compressed.pdf#page=76,c52024d2154a422a975890555ad0e11fd19790bcfc5d9cf405305edfa6031c3a
2025,2022,166027,166027009,DRCLAS - Chile,arson,Arson,criminal_offenses,noncampus,,,not_reported,76,76,42,https://www.hupd.harvard.edu/sites/g/files/omnuum12486/files/2025-10/2025%20ASR%20VF%20Compressed.pdf#page=76,c52024d2154a422a975890555ad0e11fd19790bcfc5d9cf405305edfa6031c3a
2025,2022,166027,166027009,DRCLAS - Chile,arson,Arson,criminal_offenses,publicproperty,0,0,reported_numeric,76,76,42,https://www.hupd.harvard.edu/sites/g/files/omnuum12486/files/2025-10/2025%20ASR%20VF%20Compressed.pdf#page=76,c52024d2154a422a975890555ad0e11fd19790bcfc5d9cf405305edfa6031c3a
2025,2023,166027,166027009,DRCLAS - Chile,arson,Arson,criminal_offenses,residential,,,not_reported,76,76,42,https://www.hupd.harvard.edu/sites/g/files/omnuum12486/files/2025-10/2025%20ASR%20VF%20Compressed.pdf#page=76,c52024d2154a422a975890555ad0e11fd19790bcfc5d9cf405305edfa6031c3a
2025,2023,166027,166027009,DRCLAS - Chile,arson,Arson,criminal_offenses,oncampus,0,0,reported_numeric,76,76,42,https://www.hupd.harvard.edu/sites/g/files/omnuum12486/files/2025-10/2025%20ASR%20VF%20Compressed.pdf#page=76,c52024d2154a422a975890555ad0e11fd19790bcfc5d9cf405305edfa6031c3a
2025,2023,166027,166027009,DRCLAS - Chile,arson,Arson,criminal_offenses,noncampus,,,not_reported,76,76,42,https://www.hupd.harvard.edu/sites/g/files/omnuum12486/files/2025-10/2025%20ASR%20VF%20Compressed.pdf#page=76,c52024d2154a422a975890555ad0e11fd19790bcfc5d9cf405305edfa6031c3a
2025,2023,166027,166027009,DRCLAS - Chile,arson,Arson,criminal_offenses,publicproperty,0,0,reported_numeric,76,76,42,https://www.hupd.harvard.edu/sites/g/files/omnuum12486/files/2025-10/2025%20ASR%20VF%20Compressed.pdf#page=76,c52024d2154a422a975890555ad0e11fd19790bcfc5d9cf405305edfa6031c3a
2025,2024,166027,166027009,DRCLAS - Chile,arson,Arson,criminal_offenses,residential,,,not_reported,76,76,42,https://www.hupd.harvard.edu/sites/g/files/omnuum12486/files/2025-10/2025%20ASR%20VF%20Compressed.pdf#page=76,c52024d2154a422a975890555ad0e11fd19790bcfc5d9cf405305edfa6031c3a
2025,2024,166027,166027009,DRCLAS - Chile,arson,Arson,criminal_offenses,oncampus,0,0,reported_numeric,76,76,42,https://www.hupd.harvard.edu/sites/g/files/omnuum12486/files/2025-10/2025%20ASR%20VF%20Compressed.pdf#page=76,c52024d2154a422a975890555ad0e11fd19790bcfc5d9cf405305edfa6031c3a
2025,2024,166027,166027009,DRCLAS - Chile,arson,Arson,criminal_offenses,noncampus,,,not_reported,76,76,42,https://www.hupd.harvard.edu/sites/g/files/omnuum12486/files/2025-10/2025%20ASR%20VF%20Compressed.pdf#page=76,c52024d2154a422a975890555ad0e11fd19790bcfc5d9cf405305edfa6031c3a
2025,2024,166027,166027009,DRCLAS - Chile,arson,Arson,criminal_offenses,publicproperty,0,0,reported_numeric,76,76,42,https://www.hupd.harvard.edu/sites/g/files/omnuum12486/files/2025-10/2025%20ASR%20VF%20Compressed.pdf#page=76,c52024d2154a422a975890555ad0e11fd19790bcfc5d9cf405305edfa6031c3a
2025,2022,166027,166027009,DRCLAS - Chile,domestic_violence,Domestic Violence,vawa,residential,,,not_reported,76,76,43,https://www.hupd.harvard.edu/sites/g/files/omnuum12486/files/2025-10/2025%20ASR%20VF%20Compressed.pdf#page=76,c52024d2154a422a975890555ad0e11fd19790bcfc5d9cf405305edfa6031c3a
2025,2022,166027,166027009,DRCLAS - Chile,domestic_violence,Domestic Violence,vawa,oncampus,0,0,reported_numeric,76,76,43,https://www.hupd.harvard.edu/sites/g/files/omnuum12486/files/2025-10/2025%20ASR%20VF%20Compressed.pdf#page=76,c52024d2154a422a975890555ad0e11fd19790bcfc5d9cf405305edfa6031c3a
2025,2022,166027,166027009,DRCLAS - Chile,domestic_violence,Domestic Violence,vawa,noncampus,,,not_reported,76,76,43,https://www.hupd.harvard.edu/sites/g/files/omnuum12486/files/2025-10/2025%20ASR%20VF%20Compressed.pdf#page=76,c52024d2154a422a975890555ad0e11fd19790bcfc5d9cf405305edfa6031c3a
2025,2022,166027,166027009,DRCLAS - Chile,domestic_violence,Domestic Violence,vawa,publicproperty,0,0,reported_numeric,76,76,43,https://www.hupd.harvard.edu/sites/g/files/omnuum12486/files/2025-10/2025%20ASR%20VF%20Compressed.pdf#page=76,c52024d2154a422a975890555ad0e11fd19790bcfc5d9cf405305edfa6031c3a
2025,2023,166027,166027009,DRCLAS - Chile,domestic_violence,Domestic Violence,vawa,residential,,,not_reported,76,76,43,https://www.hupd.harvard.edu/sites/g/files/omnuum12486/files/2025-10/2025%20ASR%20VF%20Compressed.pdf#page=76,c52024d2154a422a975890555ad0e11fd19790bcfc5d9cf405305edfa6031c3a
2025,2023,166027,166027009,DRCLAS - Chile,domestic_violence,Domestic Violence,vawa,oncampus,0,0,reported_numeric,76,76,43,https://www.hupd.harvard.edu/sites/g/files/omnuum12486/files/2025-10/2025%20ASR%20VF%20Compressed.pdf#page=76,c52024d2154a422a975890555ad0e11fd19790bcfc5d9cf405305edfa6031c3a
2025,2023,166027,166027009,DRCLAS - Chile,domestic_violence,Domestic Violence,vawa,noncampus,,,not_reported,76,76,43,https://www.hupd.harvard.edu/sites/g/files/omnuum12486/files/2025-10/2025%20ASR%20VF%20Compressed.pdf#page=76,c52024d2154a422a975890555ad0e11fd19790bcfc5d9cf405305edfa6031c3a
2025,2023,166027,166027009,DRCLAS - Chile,domestic_violence,Domestic Violence,vawa,publicproperty,0,0,reported_numeric,76,76,43,https://www.hupd.harvard.edu/sites/g/files/omnuum12486/files/2025-10/2025%20ASR%20VF%20Compressed.pdf#page=76,c52024d2154a422a975890555ad0e11fd19790bcfc5d9cf405305edfa6031c3a
2025,2024,166027,166027009,DRCLAS - Chile,domestic_violence,Domestic Violence,vawa,residential,,,not_reported,76,76,43,https://www.hupd.harvard.edu/sites/g/files/omnuum12486/files/2025-10/2025%20ASR%20VF%20Compressed.pdf#page=76,c52024d2154a422a975890555ad0e11fd19790bcfc5d9cf405305edfa6031c3a
2025,2024,166027,166027009,DRCLAS - Chile,domestic_violence,Domestic Violence,vawa,oncampus,0,0,reported_numeric,76,76,43,https://www.hupd.harvard.edu/sites/g/files/omnuum12486/files/2025-10/2025%20ASR%20VF%20Compressed.pdf#page=76,c52024d2154a422a975890555ad0e11fd19790bcfc5d9cf405305edfa6031c3a
2025,2024,166027,166027009,DRCLAS - Chile,domestic_violence,Domestic Violence,vawa,noncampus,,,not_reported,76,76,43,https://www.hupd.harvard.edu/sites/g/files/omnuum12486/files/2025-10/2025%20ASR%20VF%20Compressed.pdf#page=76,c52024d2154a422a975890555ad0e11fd19790bcfc5d9cf405305edfa6031c3a
2025,2024,166027,166027009,DRCLAS - Chile,domestic_violence,Domestic Violence,vawa,publicproperty,0,0,reported_numeric,76,76,43,https://www.hupd.harvard.edu/sites/g/files/omnuum12486/files/2025-10/2025%20ASR%20VF%20Compressed.pdf#page=76,c52024d2154a422a975890555ad0e11fd19790bcfc5d9cf405305edfa6031c3a
2025,2022,166027,166027009,DRCLAS - Chile,dating_violence,Dating Violence,vawa,residential,,,not_reported,76,76,44,https://www.hupd.harvard.edu/sites/g/files/omnuum12486/files/2025-10/2025%20ASR%20VF%20Compressed.pdf#page=76,c52024d2154a422a975890555ad0e11fd19790bcfc5d9cf405305edfa6031c3a
2025,2022,166027,166027009,DRCLAS - Chile,dating_violence,Dating Violence,vawa,oncampus,0,0,reported_numeric,76,76,44,https://www.hupd.harvard.edu/sites/g/files/omnuum12486/files/2025-10/2025%20ASR%20VF%20Compressed.pdf#page=76,c52024d2154a422a975890555ad0e11fd19790bcfc5d9cf405305edfa6031c3a
2025,2022,166027,166027009,DRCLAS - Chile,dating_violence,Dating Violence,vawa,noncampus,,,not_reported,76,76,44,https://www.hupd.harvard.edu/sites/g/files/omnuum12486/files/2025-10/2025%20ASR%20VF%20Compressed.pdf#page=76,c52024d2154a422a975890555ad0e11fd19790bcfc5d9cf405305edfa6031c3a
2025,2022,166027,166027009,DRCLAS - Chile,dating_violence,Dating Violence,vawa,publicproperty,0,0,reported_numeric,76,76,44,https://www.hupd.harvard.edu/sites/g/files/omnuum12486/files/2025-10/2025%20ASR%20VF%20Compressed.pdf#page=76,c52024d2154a422a975890555ad0e11fd19790bcfc5d9cf405305edfa6031c3a
2025,2023,166027,166027009,DRCLAS - Chile,dating_violence,Dating Violence,vawa,residential,,,not_reported,76,76,44,https://www.hupd.harvard.edu/sites/g/files/omnuum12486/files/2025-10/2025%20ASR%20VF%20Compressed.pdf#page=76,c52024d2154a422a975890555ad0e11fd19790bcfc5d9cf405305edfa6031c3a
2025,2023,166027,166027009,DRCLAS - Chile,dating_violence,Dating Violence,vawa,oncampus,0,0,reported_numeric,76,76,44,https://www.hupd.harvard.edu/sites/g/files/omnuum12486/files/2025-10/2025%20ASR%20VF%20Compressed.pdf#page=76,c52024d2154a422a975890555ad0e11fd19790bcfc5d9cf405305edfa6031c3a
2025,2023,166027,166027009,DRCLAS - Chile,dating_violence,Dating Violence,vawa,noncampus,,,not_reported,76,76,44,https://www.hupd.harvard.edu/sites/g/files/omnuum12486/files/2025-10/2025%20ASR%20VF%20Compressed.pdf#page=76,c52024d2154a422a975890555ad0e11fd19790bcfc5d9cf405305edfa6031c3a
2025,2023,166027,166027009,DRCLAS - Chile,dating_violence,Dating Violence,vawa,publicproperty,0,0,reported_numeric,76,76,44,https://www.hupd.harvard.edu/sites/g/files/omnuum12486/files/2025-10/2025%20ASR%20VF%20Compressed.pdf#page=76,c52024d2154a422a975890555ad0e11fd19790bcfc5d9cf405305edfa6031c3a
2025,2024,166027,166027009,DRCLAS - Chile,dating_violence,Dating Violence,vawa,residential,,,not_reported,76,76,44,https://www.hupd.harvard.edu/sites/g/files/omnuum12486/files/2025-10/2025%20ASR%20VF%20Compressed.pdf#page=76,c52024d2154a422a975890555ad0e11fd19790bcfc5d9cf405305edfa6031c3a
2025,2024,166027,166027009,DRCLAS - Chile,dating_violence,Dating Violence,vawa,oncampus,0,0,reported_numeric,76,76,44,https://www.hupd.harvard.edu/sites/g/files/omnuum12486/files/2025-10/2025%20ASR%20VF%20Compressed.pdf#page=76,c52024d2154a422a975890555ad0e11fd19790bcfc5d9cf405305edfa6031c3a
2025,2024,166027,166027009,DRCLAS - Chile,dating_violence,Dating Violence,vawa,noncampus,,,not_reported,76,76,44,https://www.hupd.harvard.edu/sites/g/files/omnuum12486/files/2025-10/2025%20ASR%20VF%20Compressed.pdf#page=76,c52024d2154a422a975890555ad0e11fd19790bcfc5d9cf405305edfa6031c3a
2025,2024,166027,166027009,DRCLAS - Chile,dating_violence,Dating Violence,vawa,publicproperty,0,0,reported_numeric,76,76,44,https://www.hupd.harvard.edu/sites/g/files/omnuum12486/files/2025-10/2025%20ASR%20VF%20Compressed.pdf#page=76,c52024d2154a422a975890555ad0e11fd19790bcfc5d9cf405305edfa6031c3a
2025,2022,166027,166027009,DRCLAS - Chile,stalking,Stalking,vawa,residential,,,not_reported,76,76,45,https://www.hupd.harvard.edu/sites/g/files/omnuum12486/files/2025-10/2025%20ASR%20VF%20Compressed.pdf#page=76,c52024d2154a422a975890555ad0e11fd19790bcfc5d9cf405305edfa6031c3a
2025,2022,166027,166027009,DRCLAS - Chile,stalking,Stalking,vawa,oncampus,0,0,reported_numeric,76,76,45,https://www.hupd.harvard.edu/sites/g/files/omnuum12486/files/2025-10/2025%20ASR%20VF%20Compressed.pdf#page=76,c52024d2154a422a975890555ad0e11fd19790bcfc5d9cf405305edfa6031c3a
2025,2022,166027,166027009,DRCLAS - Chile,stalking,Stalking,vawa,noncampus,,,not_reported,76,76,45,https://www.hupd.harvard.edu/sites/g/files/omnuum12486/files/2025-10/2025%20ASR%20VF%20Compressed.pdf#page=76,c52024d2154a422a975890555ad0e11fd19790bcfc5d9cf405305edfa6031c3a
2025,2022,166027,166027009,DRCLAS - Chile,stalking,Stalking,vawa,publicproperty,0,0,reported_numeric,76,76,45,https://www.hupd.harvard.edu/sites/g/files/omnuum12486/files/2025-10/2025%20ASR%20VF%20Compressed.pdf#page=76,c52024d2154a422a975890555ad0e11fd19790bcfc5d9cf405305edfa6031c3a
2025,2023,166027,166027009,DRCLAS - Chile,stalking,Stalking,vawa,residential,,,not_reported,76,76,45,https://www.hupd.harvard.edu/sites/g/files/omnuum12486/files/2025-10/2025%20ASR%20VF%20Compressed.pdf#page=76,c52024d2154a422a975890555ad0e11fd19790bcfc5d9cf405305edfa6031c3a
2025,2023,166027,166027009,DRCLAS - Chile,stalking,Stalking,vawa,oncampus,0,0,reported_numeric,76,76,45,https://www.hupd.harvard.edu/sites/g/files/omnuum12486/files/2025-10/2025%20ASR%20VF%20Compressed.pdf#page=76,c52024d2154a422a975890555ad0e11fd19790bcfc5d9cf405305edfa6031c3a
2025,2023,166027,166027009,DRCLAS - Chile,stalking,Stalking,vawa,noncampus,,,not_reported,76,76,45,https://www.hupd.harvard.edu/sites/g/files/omnuum12486/files/2025-10/2025%20ASR%20VF%20Compressed.pdf#page=76,c52024d2154a422a975890555ad0e11fd19790bcfc5d9cf405305edfa6031c3a
2025,2023,166027,166027009,DRCLAS - Chile,stalking,Stalking,vawa,publicproperty,0,0,reported_numeric,76,76,45,https://www.hupd.harvard.edu/sites/g/files/omnuum12486/files/2025-10/2025%20ASR%20VF%20Compressed.pdf#page=76,c52024d2154a422a975890555ad0e11fd19790bcfc5d9cf405305edfa6031c3a
2025,2024,166027,166027009,DRCLAS - Chile,stalking,Stalking,vawa,residential,,,not_reported,76,76,45,https://www.hupd.harvard.edu/sites/g/files/omnuum12486/files/2025-10/2025%20ASR%20VF%20Compressed.pdf#page=76,c52024d2154a422a975890555ad0e11fd19790bcfc5d9cf405305edfa6031c3a
2025,2024,166027,166027009,DRCLAS - Chile,stalking,Stalking,vawa,oncampus,0,0,reported_numeric,76,76,45,https://www.hupd.harvard.edu/sites/g/files/omnuum12486/files/2025-10/2025%20ASR%20VF%20Compressed.pdf#page=76,c52024d2154a422a975890555ad0e11fd19790bcfc5d9cf405305edfa6031c3a
2025,2024,166027,166027009,DRCLAS - Chile,stalking,Stalking,vawa,noncampus,,,not_reported,76,76,45,https://www.hupd.harvard.edu/sites/g/files/omnuum12486/files/2025-10/2025%20ASR%20VF%20Compressed.pdf#page=76,c52024d2154a422a975890555ad0e11fd19790bcfc5d9cf405305edfa6031c3a
2025,2024,166027,166027009,DRCLAS - Chile,stalking,Stalking,vawa,publicproperty,0,0,reported_numeric,76,76,45,https://www.hupd.harvard.edu/sites/g/files/omnuum12486/files/2025-10/2025%20ASR%20VF%20Compressed.pdf#page=76,c52024d2154a422a975890555ad0e11fd19790bcfc5d9cf405305edfa6031c3a
