report_edition,report_year,institution_unitid,campus_id,campus,category,category_label,family,geography,count,raw_value,status,pdf_page,printed_page,source_line,source_url,source_sha256,source_excerpt_file,source_excerpt_sha256,source_reported_total,source_unfounded,source_note,input_file
2026,2025,234076,234076001,Charlottesville,murder,Murder/Nonnegligent Manslaughter,criminal_offenses,residential,0,0,reported_numeric,113,106,L8251@P112: 0 0 0 0 0 0 0 0 0 0 0 0 0 1 0 0 1 0,https://cleryact.virginia.edu/report#page=113,,tables_1.txt,263254f49fdd723664b96fed366f545e4c1dd13301135532d206322e019cdf17,0,0,"Official web-reader extraction; no local PDF bytes/hash. Dashes retain source nonapplicability, not reported zero.",public/uva_web/current_core_counts.csv
2026,2025,234076,234076001,Charlottesville,murder,Murder/Nonnegligent Manslaughter,criminal_offenses,oncampus,0,0,reported_numeric,113,106,L8251@P112: 0 0 0 0 0 0 0 0 0 0 0 0 0 1 0 0 1 0,https://cleryact.virginia.edu/report#page=113,,tables_1.txt,263254f49fdd723664b96fed366f545e4c1dd13301135532d206322e019cdf17,0,0,"Official web-reader extraction; no local PDF bytes/hash. Dashes retain source nonapplicability, not reported zero.",public/uva_web/current_core_counts.csv
2026,2025,234076,234076001,Charlottesville,murder,Murder/Nonnegligent Manslaughter,criminal_offenses,noncampus,0,0,reported_numeric,113,106,L8251@P112: 0 0 0 0 0 0 0 0 0 0 0 0 0 1 0 0 1 0,https://cleryact.virginia.edu/report#page=113,,tables_1.txt,263254f49fdd723664b96fed366f545e4c1dd13301135532d206322e019cdf17,0,0,"Official web-reader extraction; no local PDF bytes/hash. Dashes retain source nonapplicability, not reported zero.",public/uva_web/current_core_counts.csv
2026,2025,234076,234076001,Charlottesville,murder,Murder/Nonnegligent Manslaughter,criminal_offenses,publicproperty,0,0,reported_numeric,113,106,L8251@P112: 0 0 0 0 0 0 0 0 0 0 0 0 0 1 0 0 1 0,https://cleryact.virginia.edu/report#page=113,,tables_1.txt,263254f49fdd723664b96fed366f545e4c1dd13301135532d206322e019cdf17,0,0,"Official web-reader extraction; no local PDF bytes/hash. Dashes retain source nonapplicability, not reported zero.",public/uva_web/current_core_counts.csv
2026,2024,234076,234076001,Charlottesville,murder,Murder/Nonnegligent Manslaughter,criminal_offenses,residential,0,0,reported_numeric,113,106,L8251@P112: 0 0 0 0 0 0 0 0 0 0 0 0 0 1 0 0 1 0,https://cleryact.virginia.edu/report#page=113,,tables_1.txt,263254f49fdd723664b96fed366f545e4c1dd13301135532d206322e019cdf17,0,0,"Official web-reader extraction; no local PDF bytes/hash. Dashes retain source nonapplicability, not reported zero.",public/uva_web/current_core_counts.csv
2026,2024,234076,234076001,Charlottesville,murder,Murder/Nonnegligent Manslaughter,criminal_offenses,oncampus,0,0,reported_numeric,113,106,L8251@P112: 0 0 0 0 0 0 0 0 0 0 0 0 0 1 0 0 1 0,https://cleryact.virginia.edu/report#page=113,,tables_1.txt,263254f49fdd723664b96fed366f545e4c1dd13301135532d206322e019cdf17,0,0,"Official web-reader extraction; no local PDF bytes/hash. Dashes retain source nonapplicability, not reported zero.",public/uva_web/current_core_counts.csv
2026,2024,234076,234076001,Charlottesville,murder,Murder/Nonnegligent Manslaughter,criminal_offenses,noncampus,0,0,reported_numeric,113,106,L8251@P112: 0 0 0 0 0 0 0 0 0 0 0 0 0 1 0 0 1 0,https://cleryact.virginia.edu/report#page=113,,tables_1.txt,263254f49fdd723664b96fed366f545e4c1dd13301135532d206322e019cdf17,0,0,"Official web-reader extraction; no local PDF bytes/hash. Dashes retain source nonapplicability, not reported zero.",public/uva_web/current_core_counts.csv
2026,2024,234076,234076001,Charlottesville,murder,Murder/Nonnegligent Manslaughter,criminal_offenses,publicproperty,0,0,reported_numeric,113,106,L8251@P112: 0 0 0 0 0 0 0 0 0 0 0 0 0 1 0 0 1 0,https://cleryact.virginia.edu/report#page=113,,tables_1.txt,263254f49fdd723664b96fed366f545e4c1dd13301135532d206322e019cdf17,0,0,"Official web-reader extraction; no local PDF bytes/hash. Dashes retain source nonapplicability, not reported zero.",public/uva_web/current_core_counts.csv
2026,2023,234076,234076001,Charlottesville,murder,Murder/Nonnegligent Manslaughter,criminal_offenses,residential,0,0,reported_numeric,113,106,L8251@P112: 0 0 0 0 0 0 0 0 0 0 0 0 0 1 0 0 1 0,https://cleryact.virginia.edu/report#page=113,,tables_1.txt,263254f49fdd723664b96fed366f545e4c1dd13301135532d206322e019cdf17,1,0,"Official web-reader extraction; no local PDF bytes/hash. Dashes retain source nonapplicability, not reported zero.",public/uva_web/current_core_counts.csv
2026,2023,234076,234076001,Charlottesville,murder,Murder/Nonnegligent Manslaughter,criminal_offenses,oncampus,1,1,reported_numeric,113,106,L8251@P112: 0 0 0 0 0 0 0 0 0 0 0 0 0 1 0 0 1 0,https://cleryact.virginia.edu/report#page=113,,tables_1.txt,263254f49fdd723664b96fed366f545e4c1dd13301135532d206322e019cdf17,1,0,"Official web-reader extraction; no local PDF bytes/hash. Dashes retain source nonapplicability, not reported zero.",public/uva_web/current_core_counts.csv
2026,2023,234076,234076001,Charlottesville,murder,Murder/Nonnegligent Manslaughter,criminal_offenses,noncampus,0,0,reported_numeric,113,106,L8251@P112: 0 0 0 0 0 0 0 0 0 0 0 0 0 1 0 0 1 0,https://cleryact.virginia.edu/report#page=113,,tables_1.txt,263254f49fdd723664b96fed366f545e4c1dd13301135532d206322e019cdf17,1,0,"Official web-reader extraction; no local PDF bytes/hash. Dashes retain source nonapplicability, not reported zero.",public/uva_web/current_core_counts.csv
2026,2023,234076,234076001,Charlottesville,murder,Murder/Nonnegligent Manslaughter,criminal_offenses,publicproperty,0,0,reported_numeric,113,106,L8251@P112: 0 0 0 0 0 0 0 0 0 0 0 0 0 1 0 0 1 0,https://cleryact.virginia.edu/report#page=113,,tables_1.txt,263254f49fdd723664b96fed366f545e4c1dd13301135532d206322e019cdf17,1,0,"Official web-reader extraction; no local PDF bytes/hash. Dashes retain source nonapplicability, not reported zero.",public/uva_web/current_core_counts.csv
2026,2025,234076,234076001,Charlottesville,negligent_manslaughter,Negligent Manslaughter,criminal_offenses,residential,0,0,reported_numeric,113,106,L8253@P112: Negligence 0 0 0 0 0 0 0 0 0 0 0 0 0 0 0 0 0 0,https://cleryact.virginia.edu/report#page=113,,tables_1.txt,263254f49fdd723664b96fed366f545e4c1dd13301135532d206322e019cdf17,0,0,"Official web-reader extraction; no local PDF bytes/hash. Dashes retain source nonapplicability, not reported zero.",public/uva_web/current_core_counts.csv
2026,2025,234076,234076001,Charlottesville,negligent_manslaughter,Negligent Manslaughter,criminal_offenses,oncampus,0,0,reported_numeric,113,106,L8253@P112: Negligence 0 0 0 0 0 0 0 0 0 0 0 0 0 0 0 0 0 0,https://cleryact.virginia.edu/report#page=113,,tables_1.txt,263254f49fdd723664b96fed366f545e4c1dd13301135532d206322e019cdf17,0,0,"Official web-reader extraction; no local PDF bytes/hash. Dashes retain source nonapplicability, not reported zero.",public/uva_web/current_core_counts.csv
2026,2025,234076,234076001,Charlottesville,negligent_manslaughter,Negligent Manslaughter,criminal_offenses,noncampus,0,0,reported_numeric,113,106,L8253@P112: Negligence 0 0 0 0 0 0 0 0 0 0 0 0 0 0 0 0 0 0,https://cleryact.virginia.edu/report#page=113,,tables_1.txt,263254f49fdd723664b96fed366f545e4c1dd13301135532d206322e019cdf17,0,0,"Official web-reader extraction; no local PDF bytes/hash. Dashes retain source nonapplicability, not reported zero.",public/uva_web/current_core_counts.csv
2026,2025,234076,234076001,Charlottesville,negligent_manslaughter,Negligent Manslaughter,criminal_offenses,publicproperty,0,0,reported_numeric,113,106,L8253@P112: Negligence 0 0 0 0 0 0 0 0 0 0 0 0 0 0 0 0 0 0,https://cleryact.virginia.edu/report#page=113,,tables_1.txt,263254f49fdd723664b96fed366f545e4c1dd13301135532d206322e019cdf17,0,0,"Official web-reader extraction; no local PDF bytes/hash. Dashes retain source nonapplicability, not reported zero.",public/uva_web/current_core_counts.csv
2026,2024,234076,234076001,Charlottesville,negligent_manslaughter,Negligent Manslaughter,criminal_offenses,residential,0,0,reported_numeric,113,106,L8253@P112: Negligence 0 0 0 0 0 0 0 0 0 0 0 0 0 0 0 0 0 0,https://cleryact.virginia.edu/report#page=113,,tables_1.txt,263254f49fdd723664b96fed366f545e4c1dd13301135532d206322e019cdf17,0,0,"Official web-reader extraction; no local PDF bytes/hash. Dashes retain source nonapplicability, not reported zero.",public/uva_web/current_core_counts.csv
2026,2024,234076,234076001,Charlottesville,negligent_manslaughter,Negligent Manslaughter,criminal_offenses,oncampus,0,0,reported_numeric,113,106,L8253@P112: Negligence 0 0 0 0 0 0 0 0 0 0 0 0 0 0 0 0 0 0,https://cleryact.virginia.edu/report#page=113,,tables_1.txt,263254f49fdd723664b96fed366f545e4c1dd13301135532d206322e019cdf17,0,0,"Official web-reader extraction; no local PDF bytes/hash. Dashes retain source nonapplicability, not reported zero.",public/uva_web/current_core_counts.csv
2026,2024,234076,234076001,Charlottesville,negligent_manslaughter,Negligent Manslaughter,criminal_offenses,noncampus,0,0,reported_numeric,113,106,L8253@P112: Negligence 0 0 0 0 0 0 0 0 0 0 0 0 0 0 0 0 0 0,https://cleryact.virginia.edu/report#page=113,,tables_1.txt,263254f49fdd723664b96fed366f545e4c1dd13301135532d206322e019cdf17,0,0,"Official web-reader extraction; no local PDF bytes/hash. Dashes retain source nonapplicability, not reported zero.",public/uva_web/current_core_counts.csv
2026,2024,234076,234076001,Charlottesville,negligent_manslaughter,Negligent Manslaughter,criminal_offenses,publicproperty,0,0,reported_numeric,113,106,L8253@P112: Negligence 0 0 0 0 0 0 0 0 0 0 0 0 0 0 0 0 0 0,https://cleryact.virginia.edu/report#page=113,,tables_1.txt,263254f49fdd723664b96fed366f545e4c1dd13301135532d206322e019cdf17,0,0,"Official web-reader extraction; no local PDF bytes/hash. Dashes retain source nonapplicability, not reported zero.",public/uva_web/current_core_counts.csv
2026,2023,234076,234076001,Charlottesville,negligent_manslaughter,Negligent Manslaughter,criminal_offenses,residential,0,0,reported_numeric,113,106,L8253@P112: Negligence 0 0 0 0 0 0 0 0 0 0 0 0 0 0 0 0 0 0,https://cleryact.virginia.edu/report#page=113,,tables_1.txt,263254f49fdd723664b96fed366f545e4c1dd13301135532d206322e019cdf17,0,0,"Official web-reader extraction; no local PDF bytes/hash. Dashes retain source nonapplicability, not reported zero.",public/uva_web/current_core_counts.csv
2026,2023,234076,234076001,Charlottesville,negligent_manslaughter,Negligent Manslaughter,criminal_offenses,oncampus,0,0,reported_numeric,113,106,L8253@P112: Negligence 0 0 0 0 0 0 0 0 0 0 0 0 0 0 0 0 0 0,https://cleryact.virginia.edu/report#page=113,,tables_1.txt,263254f49fdd723664b96fed366f545e4c1dd13301135532d206322e019cdf17,0,0,"Official web-reader extraction; no local PDF bytes/hash. Dashes retain source nonapplicability, not reported zero.",public/uva_web/current_core_counts.csv
2026,2023,234076,234076001,Charlottesville,negligent_manslaughter,Negligent Manslaughter,criminal_offenses,noncampus,0,0,reported_numeric,113,106,L8253@P112: Negligence 0 0 0 0 0 0 0 0 0 0 0 0 0 0 0 0 0 0,https://cleryact.virginia.edu/report#page=113,,tables_1.txt,263254f49fdd723664b96fed366f545e4c1dd13301135532d206322e019cdf17,0,0,"Official web-reader extraction; no local PDF bytes/hash. Dashes retain source nonapplicability, not reported zero.",public/uva_web/current_core_counts.csv
2026,2023,234076,234076001,Charlottesville,negligent_manslaughter,Negligent Manslaughter,criminal_offenses,publicproperty,0,0,reported_numeric,113,106,L8253@P112: Negligence 0 0 0 0 0 0 0 0 0 0 0 0 0 0 0 0 0 0,https://cleryact.virginia.edu/report#page=113,,tables_1.txt,263254f49fdd723664b96fed366f545e4c1dd13301135532d206322e019cdf17,0,0,"Official web-reader extraction; no local PDF bytes/hash. Dashes retain source nonapplicability, not reported zero.",public/uva_web/current_core_counts.csv
2026,2025,234076,234076001,Charlottesville,rape,Rape,criminal_offenses,residential,24,24,reported_numeric,113,106,L8254@P112: Rape 24 29 3 0 32 2 17 19 0 0 19 0 12 17 3 0 20 1,https://cleryact.virginia.edu/report#page=113,,tables_1.txt,263254f49fdd723664b96fed366f545e4c1dd13301135532d206322e019cdf17,32,2,"Official web-reader extraction; no local PDF bytes/hash. Dashes retain source nonapplicability, not reported zero.",public/uva_web/current_core_counts.csv
2026,2025,234076,234076001,Charlottesville,rape,Rape,criminal_offenses,oncampus,29,29,reported_numeric,113,106,L8254@P112: Rape 24 29 3 0 32 2 17 19 0 0 19 0 12 17 3 0 20 1,https://cleryact.virginia.edu/report#page=113,,tables_1.txt,263254f49fdd723664b96fed366f545e4c1dd13301135532d206322e019cdf17,32,2,"Official web-reader extraction; no local PDF bytes/hash. Dashes retain source nonapplicability, not reported zero.",public/uva_web/current_core_counts.csv
2026,2025,234076,234076001,Charlottesville,rape,Rape,criminal_offenses,noncampus,3,3,reported_numeric,113,106,L8254@P112: Rape 24 29 3 0 32 2 17 19 0 0 19 0 12 17 3 0 20 1,https://cleryact.virginia.edu/report#page=113,,tables_1.txt,263254f49fdd723664b96fed366f545e4c1dd13301135532d206322e019cdf17,32,2,"Official web-reader extraction; no local PDF bytes/hash. Dashes retain source nonapplicability, not reported zero.",public/uva_web/current_core_counts.csv
2026,2025,234076,234076001,Charlottesville,rape,Rape,criminal_offenses,publicproperty,0,0,reported_numeric,113,106,L8254@P112: Rape 24 29 3 0 32 2 17 19 0 0 19 0 12 17 3 0 20 1,https://cleryact.virginia.edu/report#page=113,,tables_1.txt,263254f49fdd723664b96fed366f545e4c1dd13301135532d206322e019cdf17,32,2,"Official web-reader extraction; no local PDF bytes/hash. Dashes retain source nonapplicability, not reported zero.",public/uva_web/current_core_counts.csv
2026,2024,234076,234076001,Charlottesville,rape,Rape,criminal_offenses,residential,17,17,reported_numeric,113,106,L8254@P112: Rape 24 29 3 0 32 2 17 19 0 0 19 0 12 17 3 0 20 1,https://cleryact.virginia.edu/report#page=113,,tables_1.txt,263254f49fdd723664b96fed366f545e4c1dd13301135532d206322e019cdf17,19,0,"Official web-reader extraction; no local PDF bytes/hash. Dashes retain source nonapplicability, not reported zero.",public/uva_web/current_core_counts.csv
2026,2024,234076,234076001,Charlottesville,rape,Rape,criminal_offenses,oncampus,19,19,reported_numeric,113,106,L8254@P112: Rape 24 29 3 0 32 2 17 19 0 0 19 0 12 17 3 0 20 1,https://cleryact.virginia.edu/report#page=113,,tables_1.txt,263254f49fdd723664b96fed366f545e4c1dd13301135532d206322e019cdf17,19,0,"Official web-reader extraction; no local PDF bytes/hash. Dashes retain source nonapplicability, not reported zero.",public/uva_web/current_core_counts.csv
2026,2024,234076,234076001,Charlottesville,rape,Rape,criminal_offenses,noncampus,0,0,reported_numeric,113,106,L8254@P112: Rape 24 29 3 0 32 2 17 19 0 0 19 0 12 17 3 0 20 1,https://cleryact.virginia.edu/report#page=113,,tables_1.txt,263254f49fdd723664b96fed366f545e4c1dd13301135532d206322e019cdf17,19,0,"Official web-reader extraction; no local PDF bytes/hash. Dashes retain source nonapplicability, not reported zero.",public/uva_web/current_core_counts.csv
2026,2024,234076,234076001,Charlottesville,rape,Rape,criminal_offenses,publicproperty,0,0,reported_numeric,113,106,L8254@P112: Rape 24 29 3 0 32 2 17 19 0 0 19 0 12 17 3 0 20 1,https://cleryact.virginia.edu/report#page=113,,tables_1.txt,263254f49fdd723664b96fed366f545e4c1dd13301135532d206322e019cdf17,19,0,"Official web-reader extraction; no local PDF bytes/hash. Dashes retain source nonapplicability, not reported zero.",public/uva_web/current_core_counts.csv
2026,2023,234076,234076001,Charlottesville,rape,Rape,criminal_offenses,residential,12,12,reported_numeric,113,106,L8254@P112: Rape 24 29 3 0 32 2 17 19 0 0 19 0 12 17 3 0 20 1,https://cleryact.virginia.edu/report#page=113,,tables_1.txt,263254f49fdd723664b96fed366f545e4c1dd13301135532d206322e019cdf17,20,1,"Official web-reader extraction; no local PDF bytes/hash. Dashes retain source nonapplicability, not reported zero.",public/uva_web/current_core_counts.csv
2026,2023,234076,234076001,Charlottesville,rape,Rape,criminal_offenses,oncampus,17,17,reported_numeric,113,106,L8254@P112: Rape 24 29 3 0 32 2 17 19 0 0 19 0 12 17 3 0 20 1,https://cleryact.virginia.edu/report#page=113,,tables_1.txt,263254f49fdd723664b96fed366f545e4c1dd13301135532d206322e019cdf17,20,1,"Official web-reader extraction; no local PDF bytes/hash. Dashes retain source nonapplicability, not reported zero.",public/uva_web/current_core_counts.csv
2026,2023,234076,234076001,Charlottesville,rape,Rape,criminal_offenses,noncampus,3,3,reported_numeric,113,106,L8254@P112: Rape 24 29 3 0 32 2 17 19 0 0 19 0 12 17 3 0 20 1,https://cleryact.virginia.edu/report#page=113,,tables_1.txt,263254f49fdd723664b96fed366f545e4c1dd13301135532d206322e019cdf17,20,1,"Official web-reader extraction; no local PDF bytes/hash. Dashes retain source nonapplicability, not reported zero.",public/uva_web/current_core_counts.csv
2026,2023,234076,234076001,Charlottesville,rape,Rape,criminal_offenses,publicproperty,0,0,reported_numeric,113,106,L8254@P112: Rape 24 29 3 0 32 2 17 19 0 0 19 0 12 17 3 0 20 1,https://cleryact.virginia.edu/report#page=113,,tables_1.txt,263254f49fdd723664b96fed366f545e4c1dd13301135532d206322e019cdf17,20,1,"Official web-reader extraction; no local PDF bytes/hash. Dashes retain source nonapplicability, not reported zero.",public/uva_web/current_core_counts.csv
2026,2025,234076,234076001,Charlottesville,fondling,Fondling,criminal_offenses,residential,1,1,reported_numeric,113,106,L8255@P112: Fondling2 1 28 0 1 29 1 2 62 1 1 64 1 1 18 5 0 23 2,https://cleryact.virginia.edu/report#page=113,,tables_1.txt,263254f49fdd723664b96fed366f545e4c1dd13301135532d206322e019cdf17,29,1,"Official web-reader extraction; no local PDF bytes/hash. Dashes retain source nonapplicability, not reported zero.",public/uva_web/current_core_counts.csv
2026,2025,234076,234076001,Charlottesville,fondling,Fondling,criminal_offenses,oncampus,28,28,reported_numeric,113,106,L8255@P112: Fondling2 1 28 0 1 29 1 2 62 1 1 64 1 1 18 5 0 23 2,https://cleryact.virginia.edu/report#page=113,,tables_1.txt,263254f49fdd723664b96fed366f545e4c1dd13301135532d206322e019cdf17,29,1,"Official web-reader extraction; no local PDF bytes/hash. Dashes retain source nonapplicability, not reported zero.",public/uva_web/current_core_counts.csv
2026,2025,234076,234076001,Charlottesville,fondling,Fondling,criminal_offenses,noncampus,0,0,reported_numeric,113,106,L8255@P112: Fondling2 1 28 0 1 29 1 2 62 1 1 64 1 1 18 5 0 23 2,https://cleryact.virginia.edu/report#page=113,,tables_1.txt,263254f49fdd723664b96fed366f545e4c1dd13301135532d206322e019cdf17,29,1,"Official web-reader extraction; no local PDF bytes/hash. Dashes retain source nonapplicability, not reported zero.",public/uva_web/current_core_counts.csv
2026,2025,234076,234076001,Charlottesville,fondling,Fondling,criminal_offenses,publicproperty,1,1,reported_numeric,113,106,L8255@P112: Fondling2 1 28 0 1 29 1 2 62 1 1 64 1 1 18 5 0 23 2,https://cleryact.virginia.edu/report#page=113,,tables_1.txt,263254f49fdd723664b96fed366f545e4c1dd13301135532d206322e019cdf17,29,1,"Official web-reader extraction; no local PDF bytes/hash. Dashes retain source nonapplicability, not reported zero.",public/uva_web/current_core_counts.csv
2026,2024,234076,234076001,Charlottesville,fondling,Fondling,criminal_offenses,residential,2,2,reported_numeric,113,106,L8255@P112: Fondling2 1 28 0 1 29 1 2 62 1 1 64 1 1 18 5 0 23 2,https://cleryact.virginia.edu/report#page=113,,tables_1.txt,263254f49fdd723664b96fed366f545e4c1dd13301135532d206322e019cdf17,64,1,"Official web-reader extraction; no local PDF bytes/hash. Dashes retain source nonapplicability, not reported zero.",public/uva_web/current_core_counts.csv
2026,2024,234076,234076001,Charlottesville,fondling,Fondling,criminal_offenses,oncampus,62,62,reported_numeric,113,106,L8255@P112: Fondling2 1 28 0 1 29 1 2 62 1 1 64 1 1 18 5 0 23 2,https://cleryact.virginia.edu/report#page=113,,tables_1.txt,263254f49fdd723664b96fed366f545e4c1dd13301135532d206322e019cdf17,64,1,"Official web-reader extraction; no local PDF bytes/hash. Dashes retain source nonapplicability, not reported zero.",public/uva_web/current_core_counts.csv
2026,2024,234076,234076001,Charlottesville,fondling,Fondling,criminal_offenses,noncampus,1,1,reported_numeric,113,106,L8255@P112: Fondling2 1 28 0 1 29 1 2 62 1 1 64 1 1 18 5 0 23 2,https://cleryact.virginia.edu/report#page=113,,tables_1.txt,263254f49fdd723664b96fed366f545e4c1dd13301135532d206322e019cdf17,64,1,"Official web-reader extraction; no local PDF bytes/hash. Dashes retain source nonapplicability, not reported zero.",public/uva_web/current_core_counts.csv
2026,2024,234076,234076001,Charlottesville,fondling,Fondling,criminal_offenses,publicproperty,1,1,reported_numeric,113,106,L8255@P112: Fondling2 1 28 0 1 29 1 2 62 1 1 64 1 1 18 5 0 23 2,https://cleryact.virginia.edu/report#page=113,,tables_1.txt,263254f49fdd723664b96fed366f545e4c1dd13301135532d206322e019cdf17,64,1,"Official web-reader extraction; no local PDF bytes/hash. Dashes retain source nonapplicability, not reported zero.",public/uva_web/current_core_counts.csv
2026,2023,234076,234076001,Charlottesville,fondling,Fondling,criminal_offenses,residential,1,1,reported_numeric,113,106,L8255@P112: Fondling2 1 28 0 1 29 1 2 62 1 1 64 1 1 18 5 0 23 2,https://cleryact.virginia.edu/report#page=113,,tables_1.txt,263254f49fdd723664b96fed366f545e4c1dd13301135532d206322e019cdf17,23,2,"Official web-reader extraction; no local PDF bytes/hash. Dashes retain source nonapplicability, not reported zero.",public/uva_web/current_core_counts.csv
2026,2023,234076,234076001,Charlottesville,fondling,Fondling,criminal_offenses,oncampus,18,18,reported_numeric,113,106,L8255@P112: Fondling2 1 28 0 1 29 1 2 62 1 1 64 1 1 18 5 0 23 2,https://cleryact.virginia.edu/report#page=113,,tables_1.txt,263254f49fdd723664b96fed366f545e4c1dd13301135532d206322e019cdf17,23,2,"Official web-reader extraction; no local PDF bytes/hash. Dashes retain source nonapplicability, not reported zero.",public/uva_web/current_core_counts.csv
2026,2023,234076,234076001,Charlottesville,fondling,Fondling,criminal_offenses,noncampus,5,5,reported_numeric,113,106,L8255@P112: Fondling2 1 28 0 1 29 1 2 62 1 1 64 1 1 18 5 0 23 2,https://cleryact.virginia.edu/report#page=113,,tables_1.txt,263254f49fdd723664b96fed366f545e4c1dd13301135532d206322e019cdf17,23,2,"Official web-reader extraction; no local PDF bytes/hash. Dashes retain source nonapplicability, not reported zero.",public/uva_web/current_core_counts.csv
2026,2023,234076,234076001,Charlottesville,fondling,Fondling,criminal_offenses,publicproperty,0,0,reported_numeric,113,106,L8255@P112: Fondling2 1 28 0 1 29 1 2 62 1 1 64 1 1 18 5 0 23 2,https://cleryact.virginia.edu/report#page=113,,tables_1.txt,263254f49fdd723664b96fed366f545e4c1dd13301135532d206322e019cdf17,23,2,"Official web-reader extraction; no local PDF bytes/hash. Dashes retain source nonapplicability, not reported zero.",public/uva_web/current_core_counts.csv
2026,2025,234076,234076001,Charlottesville,incest,Incest,criminal_offenses,residential,0,0,reported_numeric,113,106,L8256@P112: Incest 0 0 0 0 0 0 0 0 0 0 0 0 0 0 0 0 0 0,https://cleryact.virginia.edu/report#page=113,,tables_1.txt,263254f49fdd723664b96fed366f545e4c1dd13301135532d206322e019cdf17,0,0,"Official web-reader extraction; no local PDF bytes/hash. Dashes retain source nonapplicability, not reported zero.",public/uva_web/current_core_counts.csv
2026,2025,234076,234076001,Charlottesville,incest,Incest,criminal_offenses,oncampus,0,0,reported_numeric,113,106,L8256@P112: Incest 0 0 0 0 0 0 0 0 0 0 0 0 0 0 0 0 0 0,https://cleryact.virginia.edu/report#page=113,,tables_1.txt,263254f49fdd723664b96fed366f545e4c1dd13301135532d206322e019cdf17,0,0,"Official web-reader extraction; no local PDF bytes/hash. Dashes retain source nonapplicability, not reported zero.",public/uva_web/current_core_counts.csv
2026,2025,234076,234076001,Charlottesville,incest,Incest,criminal_offenses,noncampus,0,0,reported_numeric,113,106,L8256@P112: Incest 0 0 0 0 0 0 0 0 0 0 0 0 0 0 0 0 0 0,https://cleryact.virginia.edu/report#page=113,,tables_1.txt,263254f49fdd723664b96fed366f545e4c1dd13301135532d206322e019cdf17,0,0,"Official web-reader extraction; no local PDF bytes/hash. Dashes retain source nonapplicability, not reported zero.",public/uva_web/current_core_counts.csv
2026,2025,234076,234076001,Charlottesville,incest,Incest,criminal_offenses,publicproperty,0,0,reported_numeric,113,106,L8256@P112: Incest 0 0 0 0 0 0 0 0 0 0 0 0 0 0 0 0 0 0,https://cleryact.virginia.edu/report#page=113,,tables_1.txt,263254f49fdd723664b96fed366f545e4c1dd13301135532d206322e019cdf17,0,0,"Official web-reader extraction; no local PDF bytes/hash. Dashes retain source nonapplicability, not reported zero.",public/uva_web/current_core_counts.csv
2026,2024,234076,234076001,Charlottesville,incest,Incest,criminal_offenses,residential,0,0,reported_numeric,113,106,L8256@P112: Incest 0 0 0 0 0 0 0 0 0 0 0 0 0 0 0 0 0 0,https://cleryact.virginia.edu/report#page=113,,tables_1.txt,263254f49fdd723664b96fed366f545e4c1dd13301135532d206322e019cdf17,0,0,"Official web-reader extraction; no local PDF bytes/hash. Dashes retain source nonapplicability, not reported zero.",public/uva_web/current_core_counts.csv
2026,2024,234076,234076001,Charlottesville,incest,Incest,criminal_offenses,oncampus,0,0,reported_numeric,113,106,L8256@P112: Incest 0 0 0 0 0 0 0 0 0 0 0 0 0 0 0 0 0 0,https://cleryact.virginia.edu/report#page=113,,tables_1.txt,263254f49fdd723664b96fed366f545e4c1dd13301135532d206322e019cdf17,0,0,"Official web-reader extraction; no local PDF bytes/hash. Dashes retain source nonapplicability, not reported zero.",public/uva_web/current_core_counts.csv
2026,2024,234076,234076001,Charlottesville,incest,Incest,criminal_offenses,noncampus,0,0,reported_numeric,113,106,L8256@P112: Incest 0 0 0 0 0 0 0 0 0 0 0 0 0 0 0 0 0 0,https://cleryact.virginia.edu/report#page=113,,tables_1.txt,263254f49fdd723664b96fed366f545e4c1dd13301135532d206322e019cdf17,0,0,"Official web-reader extraction; no local PDF bytes/hash. Dashes retain source nonapplicability, not reported zero.",public/uva_web/current_core_counts.csv
2026,2024,234076,234076001,Charlottesville,incest,Incest,criminal_offenses,publicproperty,0,0,reported_numeric,113,106,L8256@P112: Incest 0 0 0 0 0 0 0 0 0 0 0 0 0 0 0 0 0 0,https://cleryact.virginia.edu/report#page=113,,tables_1.txt,263254f49fdd723664b96fed366f545e4c1dd13301135532d206322e019cdf17,0,0,"Official web-reader extraction; no local PDF bytes/hash. Dashes retain source nonapplicability, not reported zero.",public/uva_web/current_core_counts.csv
2026,2023,234076,234076001,Charlottesville,incest,Incest,criminal_offenses,residential,0,0,reported_numeric,113,106,L8256@P112: Incest 0 0 0 0 0 0 0 0 0 0 0 0 0 0 0 0 0 0,https://cleryact.virginia.edu/report#page=113,,tables_1.txt,263254f49fdd723664b96fed366f545e4c1dd13301135532d206322e019cdf17,0,0,"Official web-reader extraction; no local PDF bytes/hash. Dashes retain source nonapplicability, not reported zero.",public/uva_web/current_core_counts.csv
2026,2023,234076,234076001,Charlottesville,incest,Incest,criminal_offenses,oncampus,0,0,reported_numeric,113,106,L8256@P112: Incest 0 0 0 0 0 0 0 0 0 0 0 0 0 0 0 0 0 0,https://cleryact.virginia.edu/report#page=113,,tables_1.txt,263254f49fdd723664b96fed366f545e4c1dd13301135532d206322e019cdf17,0,0,"Official web-reader extraction; no local PDF bytes/hash. Dashes retain source nonapplicability, not reported zero.",public/uva_web/current_core_counts.csv
2026,2023,234076,234076001,Charlottesville,incest,Incest,criminal_offenses,noncampus,0,0,reported_numeric,113,106,L8256@P112: Incest 0 0 0 0 0 0 0 0 0 0 0 0 0 0 0 0 0 0,https://cleryact.virginia.edu/report#page=113,,tables_1.txt,263254f49fdd723664b96fed366f545e4c1dd13301135532d206322e019cdf17,0,0,"Official web-reader extraction; no local PDF bytes/hash. Dashes retain source nonapplicability, not reported zero.",public/uva_web/current_core_counts.csv
2026,2023,234076,234076001,Charlottesville,incest,Incest,criminal_offenses,publicproperty,0,0,reported_numeric,113,106,L8256@P112: Incest 0 0 0 0 0 0 0 0 0 0 0 0 0 0 0 0 0 0,https://cleryact.virginia.edu/report#page=113,,tables_1.txt,263254f49fdd723664b96fed366f545e4c1dd13301135532d206322e019cdf17,0,0,"Official web-reader extraction; no local PDF bytes/hash. Dashes retain source nonapplicability, not reported zero.",public/uva_web/current_core_counts.csv
2026,2025,234076,234076001,Charlottesville,statutory_rape,Statutory Rape,criminal_offenses,residential,0,0,reported_numeric,113,106,L8257@P112: Statutory Rape 0 0 0 0 0 0 0 0 0 0 0 0 0 0 0 0 0 0,https://cleryact.virginia.edu/report#page=113,,tables_1.txt,263254f49fdd723664b96fed366f545e4c1dd13301135532d206322e019cdf17,0,0,"Official web-reader extraction; no local PDF bytes/hash. Dashes retain source nonapplicability, not reported zero.",public/uva_web/current_core_counts.csv
2026,2025,234076,234076001,Charlottesville,statutory_rape,Statutory Rape,criminal_offenses,oncampus,0,0,reported_numeric,113,106,L8257@P112: Statutory Rape 0 0 0 0 0 0 0 0 0 0 0 0 0 0 0 0 0 0,https://cleryact.virginia.edu/report#page=113,,tables_1.txt,263254f49fdd723664b96fed366f545e4c1dd13301135532d206322e019cdf17,0,0,"Official web-reader extraction; no local PDF bytes/hash. Dashes retain source nonapplicability, not reported zero.",public/uva_web/current_core_counts.csv
2026,2025,234076,234076001,Charlottesville,statutory_rape,Statutory Rape,criminal_offenses,noncampus,0,0,reported_numeric,113,106,L8257@P112: Statutory Rape 0 0 0 0 0 0 0 0 0 0 0 0 0 0 0 0 0 0,https://cleryact.virginia.edu/report#page=113,,tables_1.txt,263254f49fdd723664b96fed366f545e4c1dd13301135532d206322e019cdf17,0,0,"Official web-reader extraction; no local PDF bytes/hash. Dashes retain source nonapplicability, not reported zero.",public/uva_web/current_core_counts.csv
2026,2025,234076,234076001,Charlottesville,statutory_rape,Statutory Rape,criminal_offenses,publicproperty,0,0,reported_numeric,113,106,L8257@P112: Statutory Rape 0 0 0 0 0 0 0 0 0 0 0 0 0 0 0 0 0 0,https://cleryact.virginia.edu/report#page=113,,tables_1.txt,263254f49fdd723664b96fed366f545e4c1dd13301135532d206322e019cdf17,0,0,"Official web-reader extraction; no local PDF bytes/hash. Dashes retain source nonapplicability, not reported zero.",public/uva_web/current_core_counts.csv
2026,2024,234076,234076001,Charlottesville,statutory_rape,Statutory Rape,criminal_offenses,residential,0,0,reported_numeric,113,106,L8257@P112: Statutory Rape 0 0 0 0 0 0 0 0 0 0 0 0 0 0 0 0 0 0,https://cleryact.virginia.edu/report#page=113,,tables_1.txt,263254f49fdd723664b96fed366f545e4c1dd13301135532d206322e019cdf17,0,0,"Official web-reader extraction; no local PDF bytes/hash. Dashes retain source nonapplicability, not reported zero.",public/uva_web/current_core_counts.csv
2026,2024,234076,234076001,Charlottesville,statutory_rape,Statutory Rape,criminal_offenses,oncampus,0,0,reported_numeric,113,106,L8257@P112: Statutory Rape 0 0 0 0 0 0 0 0 0 0 0 0 0 0 0 0 0 0,https://cleryact.virginia.edu/report#page=113,,tables_1.txt,263254f49fdd723664b96fed366f545e4c1dd13301135532d206322e019cdf17,0,0,"Official web-reader extraction; no local PDF bytes/hash. Dashes retain source nonapplicability, not reported zero.",public/uva_web/current_core_counts.csv
2026,2024,234076,234076001,Charlottesville,statutory_rape,Statutory Rape,criminal_offenses,noncampus,0,0,reported_numeric,113,106,L8257@P112: Statutory Rape 0 0 0 0 0 0 0 0 0 0 0 0 0 0 0 0 0 0,https://cleryact.virginia.edu/report#page=113,,tables_1.txt,263254f49fdd723664b96fed366f545e4c1dd13301135532d206322e019cdf17,0,0,"Official web-reader extraction; no local PDF bytes/hash. Dashes retain source nonapplicability, not reported zero.",public/uva_web/current_core_counts.csv
2026,2024,234076,234076001,Charlottesville,statutory_rape,Statutory Rape,criminal_offenses,publicproperty,0,0,reported_numeric,113,106,L8257@P112: Statutory Rape 0 0 0 0 0 0 0 0 0 0 0 0 0 0 0 0 0 0,https://cleryact.virginia.edu/report#page=113,,tables_1.txt,263254f49fdd723664b96fed366f545e4c1dd13301135532d206322e019cdf17,0,0,"Official web-reader extraction; no local PDF bytes/hash. Dashes retain source nonapplicability, not reported zero.",public/uva_web/current_core_counts.csv
2026,2023,234076,234076001,Charlottesville,statutory_rape,Statutory Rape,criminal_offenses,residential,0,0,reported_numeric,113,106,L8257@P112: Statutory Rape 0 0 0 0 0 0 0 0 0 0 0 0 0 0 0 0 0 0,https://cleryact.virginia.edu/report#page=113,,tables_1.txt,263254f49fdd723664b96fed366f545e4c1dd13301135532d206322e019cdf17,0,0,"Official web-reader extraction; no local PDF bytes/hash. Dashes retain source nonapplicability, not reported zero.",public/uva_web/current_core_counts.csv
2026,2023,234076,234076001,Charlottesville,statutory_rape,Statutory Rape,criminal_offenses,oncampus,0,0,reported_numeric,113,106,L8257@P112: Statutory Rape 0 0 0 0 0 0 0 0 0 0 0 0 0 0 0 0 0 0,https://cleryact.virginia.edu/report#page=113,,tables_1.txt,263254f49fdd723664b96fed366f545e4c1dd13301135532d206322e019cdf17,0,0,"Official web-reader extraction; no local PDF bytes/hash. Dashes retain source nonapplicability, not reported zero.",public/uva_web/current_core_counts.csv
2026,2023,234076,234076001,Charlottesville,statutory_rape,Statutory Rape,criminal_offenses,noncampus,0,0,reported_numeric,113,106,L8257@P112: Statutory Rape 0 0 0 0 0 0 0 0 0 0 0 0 0 0 0 0 0 0,https://cleryact.virginia.edu/report#page=113,,tables_1.txt,263254f49fdd723664b96fed366f545e4c1dd13301135532d206322e019cdf17,0,0,"Official web-reader extraction; no local PDF bytes/hash. Dashes retain source nonapplicability, not reported zero.",public/uva_web/current_core_counts.csv
2026,2023,234076,234076001,Charlottesville,statutory_rape,Statutory Rape,criminal_offenses,publicproperty,0,0,reported_numeric,113,106,L8257@P112: Statutory Rape 0 0 0 0 0 0 0 0 0 0 0 0 0 0 0 0 0 0,https://cleryact.virginia.edu/report#page=113,,tables_1.txt,263254f49fdd723664b96fed366f545e4c1dd13301135532d206322e019cdf17,0,0,"Official web-reader extraction; no local PDF bytes/hash. Dashes retain source nonapplicability, not reported zero.",public/uva_web/current_core_counts.csv
2026,2025,234076,234076001,Charlottesville,robbery,Robbery,criminal_offenses,residential,0,0,reported_numeric,113,106,L8258@P112: Robbery 0 1 0 0 1 0 0 0 0 0 0 0 0 2 0 0 2 0,https://cleryact.virginia.edu/report#page=113,,tables_1.txt,263254f49fdd723664b96fed366f545e4c1dd13301135532d206322e019cdf17,1,0,"Official web-reader extraction; no local PDF bytes/hash. Dashes retain source nonapplicability, not reported zero.",public/uva_web/current_core_counts.csv
2026,2025,234076,234076001,Charlottesville,robbery,Robbery,criminal_offenses,oncampus,1,1,reported_numeric,113,106,L8258@P112: Robbery 0 1 0 0 1 0 0 0 0 0 0 0 0 2 0 0 2 0,https://cleryact.virginia.edu/report#page=113,,tables_1.txt,263254f49fdd723664b96fed366f545e4c1dd13301135532d206322e019cdf17,1,0,"Official web-reader extraction; no local PDF bytes/hash. Dashes retain source nonapplicability, not reported zero.",public/uva_web/current_core_counts.csv
2026,2025,234076,234076001,Charlottesville,robbery,Robbery,criminal_offenses,noncampus,0,0,reported_numeric,113,106,L8258@P112: Robbery 0 1 0 0 1 0 0 0 0 0 0 0 0 2 0 0 2 0,https://cleryact.virginia.edu/report#page=113,,tables_1.txt,263254f49fdd723664b96fed366f545e4c1dd13301135532d206322e019cdf17,1,0,"Official web-reader extraction; no local PDF bytes/hash. Dashes retain source nonapplicability, not reported zero.",public/uva_web/current_core_counts.csv
2026,2025,234076,234076001,Charlottesville,robbery,Robbery,criminal_offenses,publicproperty,0,0,reported_numeric,113,106,L8258@P112: Robbery 0 1 0 0 1 0 0 0 0 0 0 0 0 2 0 0 2 0,https://cleryact.virginia.edu/report#page=113,,tables_1.txt,263254f49fdd723664b96fed366f545e4c1dd13301135532d206322e019cdf17,1,0,"Official web-reader extraction; no local PDF bytes/hash. Dashes retain source nonapplicability, not reported zero.",public/uva_web/current_core_counts.csv
2026,2024,234076,234076001,Charlottesville,robbery,Robbery,criminal_offenses,residential,0,0,reported_numeric,113,106,L8258@P112: Robbery 0 1 0 0 1 0 0 0 0 0 0 0 0 2 0 0 2 0,https://cleryact.virginia.edu/report#page=113,,tables_1.txt,263254f49fdd723664b96fed366f545e4c1dd13301135532d206322e019cdf17,0,0,"Official web-reader extraction; no local PDF bytes/hash. Dashes retain source nonapplicability, not reported zero.",public/uva_web/current_core_counts.csv
2026,2024,234076,234076001,Charlottesville,robbery,Robbery,criminal_offenses,oncampus,0,0,reported_numeric,113,106,L8258@P112: Robbery 0 1 0 0 1 0 0 0 0 0 0 0 0 2 0 0 2 0,https://cleryact.virginia.edu/report#page=113,,tables_1.txt,263254f49fdd723664b96fed366f545e4c1dd13301135532d206322e019cdf17,0,0,"Official web-reader extraction; no local PDF bytes/hash. Dashes retain source nonapplicability, not reported zero.",public/uva_web/current_core_counts.csv
2026,2024,234076,234076001,Charlottesville,robbery,Robbery,criminal_offenses,noncampus,0,0,reported_numeric,113,106,L8258@P112: Robbery 0 1 0 0 1 0 0 0 0 0 0 0 0 2 0 0 2 0,https://cleryact.virginia.edu/report#page=113,,tables_1.txt,263254f49fdd723664b96fed366f545e4c1dd13301135532d206322e019cdf17,0,0,"Official web-reader extraction; no local PDF bytes/hash. Dashes retain source nonapplicability, not reported zero.",public/uva_web/current_core_counts.csv
2026,2024,234076,234076001,Charlottesville,robbery,Robbery,criminal_offenses,publicproperty,0,0,reported_numeric,113,106,L8258@P112: Robbery 0 1 0 0 1 0 0 0 0 0 0 0 0 2 0 0 2 0,https://cleryact.virginia.edu/report#page=113,,tables_1.txt,263254f49fdd723664b96fed366f545e4c1dd13301135532d206322e019cdf17,0,0,"Official web-reader extraction; no local PDF bytes/hash. Dashes retain source nonapplicability, not reported zero.",public/uva_web/current_core_counts.csv
2026,2023,234076,234076001,Charlottesville,robbery,Robbery,criminal_offenses,residential,0,0,reported_numeric,113,106,L8258@P112: Robbery 0 1 0 0 1 0 0 0 0 0 0 0 0 2 0 0 2 0,https://cleryact.virginia.edu/report#page=113,,tables_1.txt,263254f49fdd723664b96fed366f545e4c1dd13301135532d206322e019cdf17,2,0,"Official web-reader extraction; no local PDF bytes/hash. Dashes retain source nonapplicability, not reported zero.",public/uva_web/current_core_counts.csv
2026,2023,234076,234076001,Charlottesville,robbery,Robbery,criminal_offenses,oncampus,2,2,reported_numeric,113,106,L8258@P112: Robbery 0 1 0 0 1 0 0 0 0 0 0 0 0 2 0 0 2 0,https://cleryact.virginia.edu/report#page=113,,tables_1.txt,263254f49fdd723664b96fed366f545e4c1dd13301135532d206322e019cdf17,2,0,"Official web-reader extraction; no local PDF bytes/hash. Dashes retain source nonapplicability, not reported zero.",public/uva_web/current_core_counts.csv
2026,2023,234076,234076001,Charlottesville,robbery,Robbery,criminal_offenses,noncampus,0,0,reported_numeric,113,106,L8258@P112: Robbery 0 1 0 0 1 0 0 0 0 0 0 0 0 2 0 0 2 0,https://cleryact.virginia.edu/report#page=113,,tables_1.txt,263254f49fdd723664b96fed366f545e4c1dd13301135532d206322e019cdf17,2,0,"Official web-reader extraction; no local PDF bytes/hash. Dashes retain source nonapplicability, not reported zero.",public/uva_web/current_core_counts.csv
2026,2023,234076,234076001,Charlottesville,robbery,Robbery,criminal_offenses,publicproperty,0,0,reported_numeric,113,106,L8258@P112: Robbery 0 1 0 0 1 0 0 0 0 0 0 0 0 2 0 0 2 0,https://cleryact.virginia.edu/report#page=113,,tables_1.txt,263254f49fdd723664b96fed366f545e4c1dd13301135532d206322e019cdf17,2,0,"Official web-reader extraction; no local PDF bytes/hash. Dashes retain source nonapplicability, not reported zero.",public/uva_web/current_core_counts.csv
2026,2025,234076,234076001,Charlottesville,aggravated_assault,Aggravated Assault,criminal_offenses,residential,3,3,reported_numeric,113,106,L8260@P112: Assault 3 25 3 7 35 2 0 17 5 5 27 0 2 16 2 3 21 0,https://cleryact.virginia.edu/report#page=113,,tables_1.txt,263254f49fdd723664b96fed366f545e4c1dd13301135532d206322e019cdf17,35,2,"Official web-reader extraction; no local PDF bytes/hash. Dashes retain source nonapplicability, not reported zero.",public/uva_web/current_core_counts.csv
2026,2025,234076,234076001,Charlottesville,aggravated_assault,Aggravated Assault,criminal_offenses,oncampus,25,25,reported_numeric,113,106,L8260@P112: Assault 3 25 3 7 35 2 0 17 5 5 27 0 2 16 2 3 21 0,https://cleryact.virginia.edu/report#page=113,,tables_1.txt,263254f49fdd723664b96fed366f545e4c1dd13301135532d206322e019cdf17,35,2,"Official web-reader extraction; no local PDF bytes/hash. Dashes retain source nonapplicability, not reported zero.",public/uva_web/current_core_counts.csv
2026,2025,234076,234076001,Charlottesville,aggravated_assault,Aggravated Assault,criminal_offenses,noncampus,3,3,reported_numeric,113,106,L8260@P112: Assault 3 25 3 7 35 2 0 17 5 5 27 0 2 16 2 3 21 0,https://cleryact.virginia.edu/report#page=113,,tables_1.txt,263254f49fdd723664b96fed366f545e4c1dd13301135532d206322e019cdf17,35,2,"Official web-reader extraction; no local PDF bytes/hash. Dashes retain source nonapplicability, not reported zero.",public/uva_web/current_core_counts.csv
2026,2025,234076,234076001,Charlottesville,aggravated_assault,Aggravated Assault,criminal_offenses,publicproperty,7,7,reported_numeric,113,106,L8260@P112: Assault 3 25 3 7 35 2 0 17 5 5 27 0 2 16 2 3 21 0,https://cleryact.virginia.edu/report#page=113,,tables_1.txt,263254f49fdd723664b96fed366f545e4c1dd13301135532d206322e019cdf17,35,2,"Official web-reader extraction; no local PDF bytes/hash. Dashes retain source nonapplicability, not reported zero.",public/uva_web/current_core_counts.csv
2026,2024,234076,234076001,Charlottesville,aggravated_assault,Aggravated Assault,criminal_offenses,residential,0,0,reported_numeric,113,106,L8260@P112: Assault 3 25 3 7 35 2 0 17 5 5 27 0 2 16 2 3 21 0,https://cleryact.virginia.edu/report#page=113,,tables_1.txt,263254f49fdd723664b96fed366f545e4c1dd13301135532d206322e019cdf17,27,0,"Official web-reader extraction; no local PDF bytes/hash. Dashes retain source nonapplicability, not reported zero.",public/uva_web/current_core_counts.csv
2026,2024,234076,234076001,Charlottesville,aggravated_assault,Aggravated Assault,criminal_offenses,oncampus,17,17,reported_numeric,113,106,L8260@P112: Assault 3 25 3 7 35 2 0 17 5 5 27 0 2 16 2 3 21 0,https://cleryact.virginia.edu/report#page=113,,tables_1.txt,263254f49fdd723664b96fed366f545e4c1dd13301135532d206322e019cdf17,27,0,"Official web-reader extraction; no local PDF bytes/hash. Dashes retain source nonapplicability, not reported zero.",public/uva_web/current_core_counts.csv
2026,2024,234076,234076001,Charlottesville,aggravated_assault,Aggravated Assault,criminal_offenses,noncampus,5,5,reported_numeric,113,106,L8260@P112: Assault 3 25 3 7 35 2 0 17 5 5 27 0 2 16 2 3 21 0,https://cleryact.virginia.edu/report#page=113,,tables_1.txt,263254f49fdd723664b96fed366f545e4c1dd13301135532d206322e019cdf17,27,0,"Official web-reader extraction; no local PDF bytes/hash. Dashes retain source nonapplicability, not reported zero.",public/uva_web/current_core_counts.csv
2026,2024,234076,234076001,Charlottesville,aggravated_assault,Aggravated Assault,criminal_offenses,publicproperty,5,5,reported_numeric,113,106,L8260@P112: Assault 3 25 3 7 35 2 0 17 5 5 27 0 2 16 2 3 21 0,https://cleryact.virginia.edu/report#page=113,,tables_1.txt,263254f49fdd723664b96fed366f545e4c1dd13301135532d206322e019cdf17,27,0,"Official web-reader extraction; no local PDF bytes/hash. Dashes retain source nonapplicability, not reported zero.",public/uva_web/current_core_counts.csv
2026,2023,234076,234076001,Charlottesville,aggravated_assault,Aggravated Assault,criminal_offenses,residential,2,2,reported_numeric,113,106,L8260@P112: Assault 3 25 3 7 35 2 0 17 5 5 27 0 2 16 2 3 21 0,https://cleryact.virginia.edu/report#page=113,,tables_1.txt,263254f49fdd723664b96fed366f545e4c1dd13301135532d206322e019cdf17,21,0,"Official web-reader extraction; no local PDF bytes/hash. Dashes retain source nonapplicability, not reported zero.",public/uva_web/current_core_counts.csv
2026,2023,234076,234076001,Charlottesville,aggravated_assault,Aggravated Assault,criminal_offenses,oncampus,16,16,reported_numeric,113,106,L8260@P112: Assault 3 25 3 7 35 2 0 17 5 5 27 0 2 16 2 3 21 0,https://cleryact.virginia.edu/report#page=113,,tables_1.txt,263254f49fdd723664b96fed366f545e4c1dd13301135532d206322e019cdf17,21,0,"Official web-reader extraction; no local PDF bytes/hash. Dashes retain source nonapplicability, not reported zero.",public/uva_web/current_core_counts.csv
2026,2023,234076,234076001,Charlottesville,aggravated_assault,Aggravated Assault,criminal_offenses,noncampus,2,2,reported_numeric,113,106,L8260@P112: Assault 3 25 3 7 35 2 0 17 5 5 27 0 2 16 2 3 21 0,https://cleryact.virginia.edu/report#page=113,,tables_1.txt,263254f49fdd723664b96fed366f545e4c1dd13301135532d206322e019cdf17,21,0,"Official web-reader extraction; no local PDF bytes/hash. Dashes retain source nonapplicability, not reported zero.",public/uva_web/current_core_counts.csv
2026,2023,234076,234076001,Charlottesville,aggravated_assault,Aggravated Assault,criminal_offenses,publicproperty,3,3,reported_numeric,113,106,L8260@P112: Assault 3 25 3 7 35 2 0 17 5 5 27 0 2 16 2 3 21 0,https://cleryact.virginia.edu/report#page=113,,tables_1.txt,263254f49fdd723664b96fed366f545e4c1dd13301135532d206322e019cdf17,21,0,"Official web-reader extraction; no local PDF bytes/hash. Dashes retain source nonapplicability, not reported zero.",public/uva_web/current_core_counts.csv
2026,2025,234076,234076001,Charlottesville,burglary,Burglary,criminal_offenses,residential,2,2,reported_numeric,113,106,L8261@P112: Burglary 2 2 2 0 4 0 5 13 4 0 17 0 2 13 6 0 19 0,https://cleryact.virginia.edu/report#page=113,,tables_1.txt,263254f49fdd723664b96fed366f545e4c1dd13301135532d206322e019cdf17,4,0,"Official web-reader extraction; no local PDF bytes/hash. Dashes retain source nonapplicability, not reported zero.",public/uva_web/current_core_counts.csv
2026,2025,234076,234076001,Charlottesville,burglary,Burglary,criminal_offenses,oncampus,2,2,reported_numeric,113,106,L8261@P112: Burglary 2 2 2 0 4 0 5 13 4 0 17 0 2 13 6 0 19 0,https://cleryact.virginia.edu/report#page=113,,tables_1.txt,263254f49fdd723664b96fed366f545e4c1dd13301135532d206322e019cdf17,4,0,"Official web-reader extraction; no local PDF bytes/hash. Dashes retain source nonapplicability, not reported zero.",public/uva_web/current_core_counts.csv
2026,2025,234076,234076001,Charlottesville,burglary,Burglary,criminal_offenses,noncampus,2,2,reported_numeric,113,106,L8261@P112: Burglary 2 2 2 0 4 0 5 13 4 0 17 0 2 13 6 0 19 0,https://cleryact.virginia.edu/report#page=113,,tables_1.txt,263254f49fdd723664b96fed366f545e4c1dd13301135532d206322e019cdf17,4,0,"Official web-reader extraction; no local PDF bytes/hash. Dashes retain source nonapplicability, not reported zero.",public/uva_web/current_core_counts.csv
2026,2025,234076,234076001,Charlottesville,burglary,Burglary,criminal_offenses,publicproperty,0,0,reported_numeric,113,106,L8261@P112: Burglary 2 2 2 0 4 0 5 13 4 0 17 0 2 13 6 0 19 0,https://cleryact.virginia.edu/report#page=113,,tables_1.txt,263254f49fdd723664b96fed366f545e4c1dd13301135532d206322e019cdf17,4,0,"Official web-reader extraction; no local PDF bytes/hash. Dashes retain source nonapplicability, not reported zero.",public/uva_web/current_core_counts.csv
2026,2024,234076,234076001,Charlottesville,burglary,Burglary,criminal_offenses,residential,5,5,reported_numeric,113,106,L8261@P112: Burglary 2 2 2 0 4 0 5 13 4 0 17 0 2 13 6 0 19 0,https://cleryact.virginia.edu/report#page=113,,tables_1.txt,263254f49fdd723664b96fed366f545e4c1dd13301135532d206322e019cdf17,17,0,"Official web-reader extraction; no local PDF bytes/hash. Dashes retain source nonapplicability, not reported zero.",public/uva_web/current_core_counts.csv
2026,2024,234076,234076001,Charlottesville,burglary,Burglary,criminal_offenses,oncampus,13,13,reported_numeric,113,106,L8261@P112: Burglary 2 2 2 0 4 0 5 13 4 0 17 0 2 13 6 0 19 0,https://cleryact.virginia.edu/report#page=113,,tables_1.txt,263254f49fdd723664b96fed366f545e4c1dd13301135532d206322e019cdf17,17,0,"Official web-reader extraction; no local PDF bytes/hash. Dashes retain source nonapplicability, not reported zero.",public/uva_web/current_core_counts.csv
2026,2024,234076,234076001,Charlottesville,burglary,Burglary,criminal_offenses,noncampus,4,4,reported_numeric,113,106,L8261@P112: Burglary 2 2 2 0 4 0 5 13 4 0 17 0 2 13 6 0 19 0,https://cleryact.virginia.edu/report#page=113,,tables_1.txt,263254f49fdd723664b96fed366f545e4c1dd13301135532d206322e019cdf17,17,0,"Official web-reader extraction; no local PDF bytes/hash. Dashes retain source nonapplicability, not reported zero.",public/uva_web/current_core_counts.csv
2026,2024,234076,234076001,Charlottesville,burglary,Burglary,criminal_offenses,publicproperty,0,0,reported_numeric,113,106,L8261@P112: Burglary 2 2 2 0 4 0 5 13 4 0 17 0 2 13 6 0 19 0,https://cleryact.virginia.edu/report#page=113,,tables_1.txt,263254f49fdd723664b96fed366f545e4c1dd13301135532d206322e019cdf17,17,0,"Official web-reader extraction; no local PDF bytes/hash. Dashes retain source nonapplicability, not reported zero.",public/uva_web/current_core_counts.csv
2026,2023,234076,234076001,Charlottesville,burglary,Burglary,criminal_offenses,residential,2,2,reported_numeric,113,106,L8261@P112: Burglary 2 2 2 0 4 0 5 13 4 0 17 0 2 13 6 0 19 0,https://cleryact.virginia.edu/report#page=113,,tables_1.txt,263254f49fdd723664b96fed366f545e4c1dd13301135532d206322e019cdf17,19,0,"Official web-reader extraction; no local PDF bytes/hash. Dashes retain source nonapplicability, not reported zero.",public/uva_web/current_core_counts.csv
2026,2023,234076,234076001,Charlottesville,burglary,Burglary,criminal_offenses,oncampus,13,13,reported_numeric,113,106,L8261@P112: Burglary 2 2 2 0 4 0 5 13 4 0 17 0 2 13 6 0 19 0,https://cleryact.virginia.edu/report#page=113,,tables_1.txt,263254f49fdd723664b96fed366f545e4c1dd13301135532d206322e019cdf17,19,0,"Official web-reader extraction; no local PDF bytes/hash. Dashes retain source nonapplicability, not reported zero.",public/uva_web/current_core_counts.csv
2026,2023,234076,234076001,Charlottesville,burglary,Burglary,criminal_offenses,noncampus,6,6,reported_numeric,113,106,L8261@P112: Burglary 2 2 2 0 4 0 5 13 4 0 17 0 2 13 6 0 19 0,https://cleryact.virginia.edu/report#page=113,,tables_1.txt,263254f49fdd723664b96fed366f545e4c1dd13301135532d206322e019cdf17,19,0,"Official web-reader extraction; no local PDF bytes/hash. Dashes retain source nonapplicability, not reported zero.",public/uva_web/current_core_counts.csv
2026,2023,234076,234076001,Charlottesville,burglary,Burglary,criminal_offenses,publicproperty,0,0,reported_numeric,113,106,L8261@P112: Burglary 2 2 2 0 4 0 5 13 4 0 17 0 2 13 6 0 19 0,https://cleryact.virginia.edu/report#page=113,,tables_1.txt,263254f49fdd723664b96fed366f545e4c1dd13301135532d206322e019cdf17,19,0,"Official web-reader extraction; no local PDF bytes/hash. Dashes retain source nonapplicability, not reported zero.",public/uva_web/current_core_counts.csv
2026,2025,234076,234076001,Charlottesville,motor_vehicle_theft,Motor Vehicle Theft,criminal_offenses,residential,3,3,reported_numeric,113,106,L8263@P112: Theft3 3 114 1 2 117 0 1 126 0 0 126 2 4 84 1 1 86 0,https://cleryact.virginia.edu/report#page=113,,tables_1.txt,263254f49fdd723664b96fed366f545e4c1dd13301135532d206322e019cdf17,117,0,"Official web-reader extraction; no local PDF bytes/hash. Dashes retain source nonapplicability, not reported zero.",public/uva_web/current_core_counts.csv
2026,2025,234076,234076001,Charlottesville,motor_vehicle_theft,Motor Vehicle Theft,criminal_offenses,oncampus,114,114,reported_numeric,113,106,L8263@P112: Theft3 3 114 1 2 117 0 1 126 0 0 126 2 4 84 1 1 86 0,https://cleryact.virginia.edu/report#page=113,,tables_1.txt,263254f49fdd723664b96fed366f545e4c1dd13301135532d206322e019cdf17,117,0,"Official web-reader extraction; no local PDF bytes/hash. Dashes retain source nonapplicability, not reported zero.",public/uva_web/current_core_counts.csv
2026,2025,234076,234076001,Charlottesville,motor_vehicle_theft,Motor Vehicle Theft,criminal_offenses,noncampus,1,1,reported_numeric,113,106,L8263@P112: Theft3 3 114 1 2 117 0 1 126 0 0 126 2 4 84 1 1 86 0,https://cleryact.virginia.edu/report#page=113,,tables_1.txt,263254f49fdd723664b96fed366f545e4c1dd13301135532d206322e019cdf17,117,0,"Official web-reader extraction; no local PDF bytes/hash. Dashes retain source nonapplicability, not reported zero.",public/uva_web/current_core_counts.csv
2026,2025,234076,234076001,Charlottesville,motor_vehicle_theft,Motor Vehicle Theft,criminal_offenses,publicproperty,2,2,reported_numeric,113,106,L8263@P112: Theft3 3 114 1 2 117 0 1 126 0 0 126 2 4 84 1 1 86 0,https://cleryact.virginia.edu/report#page=113,,tables_1.txt,263254f49fdd723664b96fed366f545e4c1dd13301135532d206322e019cdf17,117,0,"Official web-reader extraction; no local PDF bytes/hash. Dashes retain source nonapplicability, not reported zero.",public/uva_web/current_core_counts.csv
2026,2024,234076,234076001,Charlottesville,motor_vehicle_theft,Motor Vehicle Theft,criminal_offenses,residential,1,1,reported_numeric,113,106,L8263@P112: Theft3 3 114 1 2 117 0 1 126 0 0 126 2 4 84 1 1 86 0,https://cleryact.virginia.edu/report#page=113,,tables_1.txt,263254f49fdd723664b96fed366f545e4c1dd13301135532d206322e019cdf17,126,2,"Official web-reader extraction; no local PDF bytes/hash. Dashes retain source nonapplicability, not reported zero.",public/uva_web/current_core_counts.csv
2026,2024,234076,234076001,Charlottesville,motor_vehicle_theft,Motor Vehicle Theft,criminal_offenses,oncampus,126,126,reported_numeric,113,106,L8263@P112: Theft3 3 114 1 2 117 0 1 126 0 0 126 2 4 84 1 1 86 0,https://cleryact.virginia.edu/report#page=113,,tables_1.txt,263254f49fdd723664b96fed366f545e4c1dd13301135532d206322e019cdf17,126,2,"Official web-reader extraction; no local PDF bytes/hash. Dashes retain source nonapplicability, not reported zero.",public/uva_web/current_core_counts.csv
2026,2024,234076,234076001,Charlottesville,motor_vehicle_theft,Motor Vehicle Theft,criminal_offenses,noncampus,0,0,reported_numeric,113,106,L8263@P112: Theft3 3 114 1 2 117 0 1 126 0 0 126 2 4 84 1 1 86 0,https://cleryact.virginia.edu/report#page=113,,tables_1.txt,263254f49fdd723664b96fed366f545e4c1dd13301135532d206322e019cdf17,126,2,"Official web-reader extraction; no local PDF bytes/hash. Dashes retain source nonapplicability, not reported zero.",public/uva_web/current_core_counts.csv
2026,2024,234076,234076001,Charlottesville,motor_vehicle_theft,Motor Vehicle Theft,criminal_offenses,publicproperty,0,0,reported_numeric,113,106,L8263@P112: Theft3 3 114 1 2 117 0 1 126 0 0 126 2 4 84 1 1 86 0,https://cleryact.virginia.edu/report#page=113,,tables_1.txt,263254f49fdd723664b96fed366f545e4c1dd13301135532d206322e019cdf17,126,2,"Official web-reader extraction; no local PDF bytes/hash. Dashes retain source nonapplicability, not reported zero.",public/uva_web/current_core_counts.csv
2026,2023,234076,234076001,Charlottesville,motor_vehicle_theft,Motor Vehicle Theft,criminal_offenses,residential,4,4,reported_numeric,113,106,L8263@P112: Theft3 3 114 1 2 117 0 1 126 0 0 126 2 4 84 1 1 86 0,https://cleryact.virginia.edu/report#page=113,,tables_1.txt,263254f49fdd723664b96fed366f545e4c1dd13301135532d206322e019cdf17,86,0,"Official web-reader extraction; no local PDF bytes/hash. Dashes retain source nonapplicability, not reported zero.",public/uva_web/current_core_counts.csv
2026,2023,234076,234076001,Charlottesville,motor_vehicle_theft,Motor Vehicle Theft,criminal_offenses,oncampus,84,84,reported_numeric,113,106,L8263@P112: Theft3 3 114 1 2 117 0 1 126 0 0 126 2 4 84 1 1 86 0,https://cleryact.virginia.edu/report#page=113,,tables_1.txt,263254f49fdd723664b96fed366f545e4c1dd13301135532d206322e019cdf17,86,0,"Official web-reader extraction; no local PDF bytes/hash. Dashes retain source nonapplicability, not reported zero.",public/uva_web/current_core_counts.csv
2026,2023,234076,234076001,Charlottesville,motor_vehicle_theft,Motor Vehicle Theft,criminal_offenses,noncampus,1,1,reported_numeric,113,106,L8263@P112: Theft3 3 114 1 2 117 0 1 126 0 0 126 2 4 84 1 1 86 0,https://cleryact.virginia.edu/report#page=113,,tables_1.txt,263254f49fdd723664b96fed366f545e4c1dd13301135532d206322e019cdf17,86,0,"Official web-reader extraction; no local PDF bytes/hash. Dashes retain source nonapplicability, not reported zero.",public/uva_web/current_core_counts.csv
2026,2023,234076,234076001,Charlottesville,motor_vehicle_theft,Motor Vehicle Theft,criminal_offenses,publicproperty,1,1,reported_numeric,113,106,L8263@P112: Theft3 3 114 1 2 117 0 1 126 0 0 126 2 4 84 1 1 86 0,https://cleryact.virginia.edu/report#page=113,,tables_1.txt,263254f49fdd723664b96fed366f545e4c1dd13301135532d206322e019cdf17,86,0,"Official web-reader extraction; no local PDF bytes/hash. Dashes retain source nonapplicability, not reported zero.",public/uva_web/current_core_counts.csv
2026,2025,234076,234076001,Charlottesville,arson,Arson,criminal_offenses,residential,0,0,reported_numeric,113,106,L8264@P112: Arson 0 0 0 0 0 0 0 1 0 0 1 0 0 2 0 0 2 0,https://cleryact.virginia.edu/report#page=113,,tables_1.txt,263254f49fdd723664b96fed366f545e4c1dd13301135532d206322e019cdf17,0,0,"Official web-reader extraction; no local PDF bytes/hash. Dashes retain source nonapplicability, not reported zero.",public/uva_web/current_core_counts.csv
2026,2025,234076,234076001,Charlottesville,arson,Arson,criminal_offenses,oncampus,0,0,reported_numeric,113,106,L8264@P112: Arson 0 0 0 0 0 0 0 1 0 0 1 0 0 2 0 0 2 0,https://cleryact.virginia.edu/report#page=113,,tables_1.txt,263254f49fdd723664b96fed366f545e4c1dd13301135532d206322e019cdf17,0,0,"Official web-reader extraction; no local PDF bytes/hash. Dashes retain source nonapplicability, not reported zero.",public/uva_web/current_core_counts.csv
2026,2025,234076,234076001,Charlottesville,arson,Arson,criminal_offenses,noncampus,0,0,reported_numeric,113,106,L8264@P112: Arson 0 0 0 0 0 0 0 1 0 0 1 0 0 2 0 0 2 0,https://cleryact.virginia.edu/report#page=113,,tables_1.txt,263254f49fdd723664b96fed366f545e4c1dd13301135532d206322e019cdf17,0,0,"Official web-reader extraction; no local PDF bytes/hash. Dashes retain source nonapplicability, not reported zero.",public/uva_web/current_core_counts.csv
2026,2025,234076,234076001,Charlottesville,arson,Arson,criminal_offenses,publicproperty,0,0,reported_numeric,113,106,L8264@P112: Arson 0 0 0 0 0 0 0 1 0 0 1 0 0 2 0 0 2 0,https://cleryact.virginia.edu/report#page=113,,tables_1.txt,263254f49fdd723664b96fed366f545e4c1dd13301135532d206322e019cdf17,0,0,"Official web-reader extraction; no local PDF bytes/hash. Dashes retain source nonapplicability, not reported zero.",public/uva_web/current_core_counts.csv
2026,2024,234076,234076001,Charlottesville,arson,Arson,criminal_offenses,residential,0,0,reported_numeric,113,106,L8264@P112: Arson 0 0 0 0 0 0 0 1 0 0 1 0 0 2 0 0 2 0,https://cleryact.virginia.edu/report#page=113,,tables_1.txt,263254f49fdd723664b96fed366f545e4c1dd13301135532d206322e019cdf17,1,0,"Official web-reader extraction; no local PDF bytes/hash. Dashes retain source nonapplicability, not reported zero.",public/uva_web/current_core_counts.csv
2026,2024,234076,234076001,Charlottesville,arson,Arson,criminal_offenses,oncampus,1,1,reported_numeric,113,106,L8264@P112: Arson 0 0 0 0 0 0 0 1 0 0 1 0 0 2 0 0 2 0,https://cleryact.virginia.edu/report#page=113,,tables_1.txt,263254f49fdd723664b96fed366f545e4c1dd13301135532d206322e019cdf17,1,0,"Official web-reader extraction; no local PDF bytes/hash. Dashes retain source nonapplicability, not reported zero.",public/uva_web/current_core_counts.csv
2026,2024,234076,234076001,Charlottesville,arson,Arson,criminal_offenses,noncampus,0,0,reported_numeric,113,106,L8264@P112: Arson 0 0 0 0 0 0 0 1 0 0 1 0 0 2 0 0 2 0,https://cleryact.virginia.edu/report#page=113,,tables_1.txt,263254f49fdd723664b96fed366f545e4c1dd13301135532d206322e019cdf17,1,0,"Official web-reader extraction; no local PDF bytes/hash. Dashes retain source nonapplicability, not reported zero.",public/uva_web/current_core_counts.csv
2026,2024,234076,234076001,Charlottesville,arson,Arson,criminal_offenses,publicproperty,0,0,reported_numeric,113,106,L8264@P112: Arson 0 0 0 0 0 0 0 1 0 0 1 0 0 2 0 0 2 0,https://cleryact.virginia.edu/report#page=113,,tables_1.txt,263254f49fdd723664b96fed366f545e4c1dd13301135532d206322e019cdf17,1,0,"Official web-reader extraction; no local PDF bytes/hash. Dashes retain source nonapplicability, not reported zero.",public/uva_web/current_core_counts.csv
2026,2023,234076,234076001,Charlottesville,arson,Arson,criminal_offenses,residential,0,0,reported_numeric,113,106,L8264@P112: Arson 0 0 0 0 0 0 0 1 0 0 1 0 0 2 0 0 2 0,https://cleryact.virginia.edu/report#page=113,,tables_1.txt,263254f49fdd723664b96fed366f545e4c1dd13301135532d206322e019cdf17,2,0,"Official web-reader extraction; no local PDF bytes/hash. Dashes retain source nonapplicability, not reported zero.",public/uva_web/current_core_counts.csv
2026,2023,234076,234076001,Charlottesville,arson,Arson,criminal_offenses,oncampus,2,2,reported_numeric,113,106,L8264@P112: Arson 0 0 0 0 0 0 0 1 0 0 1 0 0 2 0 0 2 0,https://cleryact.virginia.edu/report#page=113,,tables_1.txt,263254f49fdd723664b96fed366f545e4c1dd13301135532d206322e019cdf17,2,0,"Official web-reader extraction; no local PDF bytes/hash. Dashes retain source nonapplicability, not reported zero.",public/uva_web/current_core_counts.csv
2026,2023,234076,234076001,Charlottesville,arson,Arson,criminal_offenses,noncampus,0,0,reported_numeric,113,106,L8264@P112: Arson 0 0 0 0 0 0 0 1 0 0 1 0 0 2 0 0 2 0,https://cleryact.virginia.edu/report#page=113,,tables_1.txt,263254f49fdd723664b96fed366f545e4c1dd13301135532d206322e019cdf17,2,0,"Official web-reader extraction; no local PDF bytes/hash. Dashes retain source nonapplicability, not reported zero.",public/uva_web/current_core_counts.csv
2026,2023,234076,234076001,Charlottesville,arson,Arson,criminal_offenses,publicproperty,0,0,reported_numeric,113,106,L8264@P112: Arson 0 0 0 0 0 0 0 1 0 0 1 0 0 2 0 0 2 0,https://cleryact.virginia.edu/report#page=113,,tables_1.txt,263254f49fdd723664b96fed366f545e4c1dd13301135532d206322e019cdf17,2,0,"Official web-reader extraction; no local PDF bytes/hash. Dashes retain source nonapplicability, not reported zero.",public/uva_web/current_core_counts.csv
2026,2025,234076,234076001,Charlottesville,dating_violence,Dating Violence,vawa,residential,6,6,reported_numeric,113,106,L8266@P112: Dating Violence 6 12 2 1 15 1 8 14 0 0 14 0 10 16 0 0 16 0,https://cleryact.virginia.edu/report#page=113,,tables_1.txt,263254f49fdd723664b96fed366f545e4c1dd13301135532d206322e019cdf17,15,1,"Official web-reader extraction; no local PDF bytes/hash. Dashes retain source nonapplicability, not reported zero.",public/uva_web/current_core_counts.csv
2026,2025,234076,234076001,Charlottesville,dating_violence,Dating Violence,vawa,oncampus,12,12,reported_numeric,113,106,L8266@P112: Dating Violence 6 12 2 1 15 1 8 14 0 0 14 0 10 16 0 0 16 0,https://cleryact.virginia.edu/report#page=113,,tables_1.txt,263254f49fdd723664b96fed366f545e4c1dd13301135532d206322e019cdf17,15,1,"Official web-reader extraction; no local PDF bytes/hash. Dashes retain source nonapplicability, not reported zero.",public/uva_web/current_core_counts.csv
2026,2025,234076,234076001,Charlottesville,dating_violence,Dating Violence,vawa,noncampus,2,2,reported_numeric,113,106,L8266@P112: Dating Violence 6 12 2 1 15 1 8 14 0 0 14 0 10 16 0 0 16 0,https://cleryact.virginia.edu/report#page=113,,tables_1.txt,263254f49fdd723664b96fed366f545e4c1dd13301135532d206322e019cdf17,15,1,"Official web-reader extraction; no local PDF bytes/hash. Dashes retain source nonapplicability, not reported zero.",public/uva_web/current_core_counts.csv
2026,2025,234076,234076001,Charlottesville,dating_violence,Dating Violence,vawa,publicproperty,1,1,reported_numeric,113,106,L8266@P112: Dating Violence 6 12 2 1 15 1 8 14 0 0 14 0 10 16 0 0 16 0,https://cleryact.virginia.edu/report#page=113,,tables_1.txt,263254f49fdd723664b96fed366f545e4c1dd13301135532d206322e019cdf17,15,1,"Official web-reader extraction; no local PDF bytes/hash. Dashes retain source nonapplicability, not reported zero.",public/uva_web/current_core_counts.csv
2026,2024,234076,234076001,Charlottesville,dating_violence,Dating Violence,vawa,residential,8,8,reported_numeric,113,106,L8266@P112: Dating Violence 6 12 2 1 15 1 8 14 0 0 14 0 10 16 0 0 16 0,https://cleryact.virginia.edu/report#page=113,,tables_1.txt,263254f49fdd723664b96fed366f545e4c1dd13301135532d206322e019cdf17,14,0,"Official web-reader extraction; no local PDF bytes/hash. Dashes retain source nonapplicability, not reported zero.",public/uva_web/current_core_counts.csv
2026,2024,234076,234076001,Charlottesville,dating_violence,Dating Violence,vawa,oncampus,14,14,reported_numeric,113,106,L8266@P112: Dating Violence 6 12 2 1 15 1 8 14 0 0 14 0 10 16 0 0 16 0,https://cleryact.virginia.edu/report#page=113,,tables_1.txt,263254f49fdd723664b96fed366f545e4c1dd13301135532d206322e019cdf17,14,0,"Official web-reader extraction; no local PDF bytes/hash. Dashes retain source nonapplicability, not reported zero.",public/uva_web/current_core_counts.csv
2026,2024,234076,234076001,Charlottesville,dating_violence,Dating Violence,vawa,noncampus,0,0,reported_numeric,113,106,L8266@P112: Dating Violence 6 12 2 1 15 1 8 14 0 0 14 0 10 16 0 0 16 0,https://cleryact.virginia.edu/report#page=113,,tables_1.txt,263254f49fdd723664b96fed366f545e4c1dd13301135532d206322e019cdf17,14,0,"Official web-reader extraction; no local PDF bytes/hash. Dashes retain source nonapplicability, not reported zero.",public/uva_web/current_core_counts.csv
2026,2024,234076,234076001,Charlottesville,dating_violence,Dating Violence,vawa,publicproperty,0,0,reported_numeric,113,106,L8266@P112: Dating Violence 6 12 2 1 15 1 8 14 0 0 14 0 10 16 0 0 16 0,https://cleryact.virginia.edu/report#page=113,,tables_1.txt,263254f49fdd723664b96fed366f545e4c1dd13301135532d206322e019cdf17,14,0,"Official web-reader extraction; no local PDF bytes/hash. Dashes retain source nonapplicability, not reported zero.",public/uva_web/current_core_counts.csv
2026,2023,234076,234076001,Charlottesville,dating_violence,Dating Violence,vawa,residential,10,10,reported_numeric,113,106,L8266@P112: Dating Violence 6 12 2 1 15 1 8 14 0 0 14 0 10 16 0 0 16 0,https://cleryact.virginia.edu/report#page=113,,tables_1.txt,263254f49fdd723664b96fed366f545e4c1dd13301135532d206322e019cdf17,16,0,"Official web-reader extraction; no local PDF bytes/hash. Dashes retain source nonapplicability, not reported zero.",public/uva_web/current_core_counts.csv
2026,2023,234076,234076001,Charlottesville,dating_violence,Dating Violence,vawa,oncampus,16,16,reported_numeric,113,106,L8266@P112: Dating Violence 6 12 2 1 15 1 8 14 0 0 14 0 10 16 0 0 16 0,https://cleryact.virginia.edu/report#page=113,,tables_1.txt,263254f49fdd723664b96fed366f545e4c1dd13301135532d206322e019cdf17,16,0,"Official web-reader extraction; no local PDF bytes/hash. Dashes retain source nonapplicability, not reported zero.",public/uva_web/current_core_counts.csv
2026,2023,234076,234076001,Charlottesville,dating_violence,Dating Violence,vawa,noncampus,0,0,reported_numeric,113,106,L8266@P112: Dating Violence 6 12 2 1 15 1 8 14 0 0 14 0 10 16 0 0 16 0,https://cleryact.virginia.edu/report#page=113,,tables_1.txt,263254f49fdd723664b96fed366f545e4c1dd13301135532d206322e019cdf17,16,0,"Official web-reader extraction; no local PDF bytes/hash. Dashes retain source nonapplicability, not reported zero.",public/uva_web/current_core_counts.csv
2026,2023,234076,234076001,Charlottesville,dating_violence,Dating Violence,vawa,publicproperty,0,0,reported_numeric,113,106,L8266@P112: Dating Violence 6 12 2 1 15 1 8 14 0 0 14 0 10 16 0 0 16 0,https://cleryact.virginia.edu/report#page=113,,tables_1.txt,263254f49fdd723664b96fed366f545e4c1dd13301135532d206322e019cdf17,16,0,"Official web-reader extraction; no local PDF bytes/hash. Dashes retain source nonapplicability, not reported zero.",public/uva_web/current_core_counts.csv
2026,2025,234076,234076001,Charlottesville,domestic_violence,Domestic Violence,vawa,residential,0,0,reported_numeric,113,106,L8268@P112: Violence 0 15 1 1 17 0 0 7 7 0 14 1 0 9 3 0 12 0,https://cleryact.virginia.edu/report#page=113,,tables_1.txt,263254f49fdd723664b96fed366f545e4c1dd13301135532d206322e019cdf17,17,0,"Official web-reader extraction; no local PDF bytes/hash. Dashes retain source nonapplicability, not reported zero.",public/uva_web/current_core_counts.csv
2026,2025,234076,234076001,Charlottesville,domestic_violence,Domestic Violence,vawa,oncampus,15,15,reported_numeric,113,106,L8268@P112: Violence 0 15 1 1 17 0 0 7 7 0 14 1 0 9 3 0 12 0,https://cleryact.virginia.edu/report#page=113,,tables_1.txt,263254f49fdd723664b96fed366f545e4c1dd13301135532d206322e019cdf17,17,0,"Official web-reader extraction; no local PDF bytes/hash. Dashes retain source nonapplicability, not reported zero.",public/uva_web/current_core_counts.csv
2026,2025,234076,234076001,Charlottesville,domestic_violence,Domestic Violence,vawa,noncampus,1,1,reported_numeric,113,106,L8268@P112: Violence 0 15 1 1 17 0 0 7 7 0 14 1 0 9 3 0 12 0,https://cleryact.virginia.edu/report#page=113,,tables_1.txt,263254f49fdd723664b96fed366f545e4c1dd13301135532d206322e019cdf17,17,0,"Official web-reader extraction; no local PDF bytes/hash. Dashes retain source nonapplicability, not reported zero.",public/uva_web/current_core_counts.csv
2026,2025,234076,234076001,Charlottesville,domestic_violence,Domestic Violence,vawa,publicproperty,1,1,reported_numeric,113,106,L8268@P112: Violence 0 15 1 1 17 0 0 7 7 0 14 1 0 9 3 0 12 0,https://cleryact.virginia.edu/report#page=113,,tables_1.txt,263254f49fdd723664b96fed366f545e4c1dd13301135532d206322e019cdf17,17,0,"Official web-reader extraction; no local PDF bytes/hash. Dashes retain source nonapplicability, not reported zero.",public/uva_web/current_core_counts.csv
2026,2024,234076,234076001,Charlottesville,domestic_violence,Domestic Violence,vawa,residential,0,0,reported_numeric,113,106,L8268@P112: Violence 0 15 1 1 17 0 0 7 7 0 14 1 0 9 3 0 12 0,https://cleryact.virginia.edu/report#page=113,,tables_1.txt,263254f49fdd723664b96fed366f545e4c1dd13301135532d206322e019cdf17,14,1,"Official web-reader extraction; no local PDF bytes/hash. Dashes retain source nonapplicability, not reported zero.",public/uva_web/current_core_counts.csv
2026,2024,234076,234076001,Charlottesville,domestic_violence,Domestic Violence,vawa,oncampus,7,7,reported_numeric,113,106,L8268@P112: Violence 0 15 1 1 17 0 0 7 7 0 14 1 0 9 3 0 12 0,https://cleryact.virginia.edu/report#page=113,,tables_1.txt,263254f49fdd723664b96fed366f545e4c1dd13301135532d206322e019cdf17,14,1,"Official web-reader extraction; no local PDF bytes/hash. Dashes retain source nonapplicability, not reported zero.",public/uva_web/current_core_counts.csv
2026,2024,234076,234076001,Charlottesville,domestic_violence,Domestic Violence,vawa,noncampus,7,7,reported_numeric,113,106,L8268@P112: Violence 0 15 1 1 17 0 0 7 7 0 14 1 0 9 3 0 12 0,https://cleryact.virginia.edu/report#page=113,,tables_1.txt,263254f49fdd723664b96fed366f545e4c1dd13301135532d206322e019cdf17,14,1,"Official web-reader extraction; no local PDF bytes/hash. Dashes retain source nonapplicability, not reported zero.",public/uva_web/current_core_counts.csv
2026,2024,234076,234076001,Charlottesville,domestic_violence,Domestic Violence,vawa,publicproperty,0,0,reported_numeric,113,106,L8268@P112: Violence 0 15 1 1 17 0 0 7 7 0 14 1 0 9 3 0 12 0,https://cleryact.virginia.edu/report#page=113,,tables_1.txt,263254f49fdd723664b96fed366f545e4c1dd13301135532d206322e019cdf17,14,1,"Official web-reader extraction; no local PDF bytes/hash. Dashes retain source nonapplicability, not reported zero.",public/uva_web/current_core_counts.csv
2026,2023,234076,234076001,Charlottesville,domestic_violence,Domestic Violence,vawa,residential,0,0,reported_numeric,113,106,L8268@P112: Violence 0 15 1 1 17 0 0 7 7 0 14 1 0 9 3 0 12 0,https://cleryact.virginia.edu/report#page=113,,tables_1.txt,263254f49fdd723664b96fed366f545e4c1dd13301135532d206322e019cdf17,12,0,"Official web-reader extraction; no local PDF bytes/hash. Dashes retain source nonapplicability, not reported zero.",public/uva_web/current_core_counts.csv
2026,2023,234076,234076001,Charlottesville,domestic_violence,Domestic Violence,vawa,oncampus,9,9,reported_numeric,113,106,L8268@P112: Violence 0 15 1 1 17 0 0 7 7 0 14 1 0 9 3 0 12 0,https://cleryact.virginia.edu/report#page=113,,tables_1.txt,263254f49fdd723664b96fed366f545e4c1dd13301135532d206322e019cdf17,12,0,"Official web-reader extraction; no local PDF bytes/hash. Dashes retain source nonapplicability, not reported zero.",public/uva_web/current_core_counts.csv
2026,2023,234076,234076001,Charlottesville,domestic_violence,Domestic Violence,vawa,noncampus,3,3,reported_numeric,113,106,L8268@P112: Violence 0 15 1 1 17 0 0 7 7 0 14 1 0 9 3 0 12 0,https://cleryact.virginia.edu/report#page=113,,tables_1.txt,263254f49fdd723664b96fed366f545e4c1dd13301135532d206322e019cdf17,12,0,"Official web-reader extraction; no local PDF bytes/hash. Dashes retain source nonapplicability, not reported zero.",public/uva_web/current_core_counts.csv
2026,2023,234076,234076001,Charlottesville,domestic_violence,Domestic Violence,vawa,publicproperty,0,0,reported_numeric,113,106,L8268@P112: Violence 0 15 1 1 17 0 0 7 7 0 14 1 0 9 3 0 12 0,https://cleryact.virginia.edu/report#page=113,,tables_1.txt,263254f49fdd723664b96fed366f545e4c1dd13301135532d206322e019cdf17,12,0,"Official web-reader extraction; no local PDF bytes/hash. Dashes retain source nonapplicability, not reported zero.",public/uva_web/current_core_counts.csv
2026,2025,234076,234076001,Charlottesville,stalking,Stalking,vawa,residential,10,10,reported_numeric,113,106,L8269@P112: Stalking 10 69 2 1 72 1 20 85 3 1 89 0 16 40 1 0 41 1,https://cleryact.virginia.edu/report#page=113,,tables_1.txt,263254f49fdd723664b96fed366f545e4c1dd13301135532d206322e019cdf17,72,1,"Official web-reader extraction; no local PDF bytes/hash. Dashes retain source nonapplicability, not reported zero.",public/uva_web/current_core_counts.csv
2026,2025,234076,234076001,Charlottesville,stalking,Stalking,vawa,oncampus,69,69,reported_numeric,113,106,L8269@P112: Stalking 10 69 2 1 72 1 20 85 3 1 89 0 16 40 1 0 41 1,https://cleryact.virginia.edu/report#page=113,,tables_1.txt,263254f49fdd723664b96fed366f545e4c1dd13301135532d206322e019cdf17,72,1,"Official web-reader extraction; no local PDF bytes/hash. Dashes retain source nonapplicability, not reported zero.",public/uva_web/current_core_counts.csv
2026,2025,234076,234076001,Charlottesville,stalking,Stalking,vawa,noncampus,2,2,reported_numeric,113,106,L8269@P112: Stalking 10 69 2 1 72 1 20 85 3 1 89 0 16 40 1 0 41 1,https://cleryact.virginia.edu/report#page=113,,tables_1.txt,263254f49fdd723664b96fed366f545e4c1dd13301135532d206322e019cdf17,72,1,"Official web-reader extraction; no local PDF bytes/hash. Dashes retain source nonapplicability, not reported zero.",public/uva_web/current_core_counts.csv
2026,2025,234076,234076001,Charlottesville,stalking,Stalking,vawa,publicproperty,1,1,reported_numeric,113,106,L8269@P112: Stalking 10 69 2 1 72 1 20 85 3 1 89 0 16 40 1 0 41 1,https://cleryact.virginia.edu/report#page=113,,tables_1.txt,263254f49fdd723664b96fed366f545e4c1dd13301135532d206322e019cdf17,72,1,"Official web-reader extraction; no local PDF bytes/hash. Dashes retain source nonapplicability, not reported zero.",public/uva_web/current_core_counts.csv
2026,2024,234076,234076001,Charlottesville,stalking,Stalking,vawa,residential,20,20,reported_numeric,113,106,L8269@P112: Stalking 10 69 2 1 72 1 20 85 3 1 89 0 16 40 1 0 41 1,https://cleryact.virginia.edu/report#page=113,,tables_1.txt,263254f49fdd723664b96fed366f545e4c1dd13301135532d206322e019cdf17,89,0,"Official web-reader extraction; no local PDF bytes/hash. Dashes retain source nonapplicability, not reported zero.",public/uva_web/current_core_counts.csv
2026,2024,234076,234076001,Charlottesville,stalking,Stalking,vawa,oncampus,85,85,reported_numeric,113,106,L8269@P112: Stalking 10 69 2 1 72 1 20 85 3 1 89 0 16 40 1 0 41 1,https://cleryact.virginia.edu/report#page=113,,tables_1.txt,263254f49fdd723664b96fed366f545e4c1dd13301135532d206322e019cdf17,89,0,"Official web-reader extraction; no local PDF bytes/hash. Dashes retain source nonapplicability, not reported zero.",public/uva_web/current_core_counts.csv
2026,2024,234076,234076001,Charlottesville,stalking,Stalking,vawa,noncampus,3,3,reported_numeric,113,106,L8269@P112: Stalking 10 69 2 1 72 1 20 85 3 1 89 0 16 40 1 0 41 1,https://cleryact.virginia.edu/report#page=113,,tables_1.txt,263254f49fdd723664b96fed366f545e4c1dd13301135532d206322e019cdf17,89,0,"Official web-reader extraction; no local PDF bytes/hash. Dashes retain source nonapplicability, not reported zero.",public/uva_web/current_core_counts.csv
2026,2024,234076,234076001,Charlottesville,stalking,Stalking,vawa,publicproperty,1,1,reported_numeric,113,106,L8269@P112: Stalking 10 69 2 1 72 1 20 85 3 1 89 0 16 40 1 0 41 1,https://cleryact.virginia.edu/report#page=113,,tables_1.txt,263254f49fdd723664b96fed366f545e4c1dd13301135532d206322e019cdf17,89,0,"Official web-reader extraction; no local PDF bytes/hash. Dashes retain source nonapplicability, not reported zero.",public/uva_web/current_core_counts.csv
2026,2023,234076,234076001,Charlottesville,stalking,Stalking,vawa,residential,16,16,reported_numeric,113,106,L8269@P112: Stalking 10 69 2 1 72 1 20 85 3 1 89 0 16 40 1 0 41 1,https://cleryact.virginia.edu/report#page=113,,tables_1.txt,263254f49fdd723664b96fed366f545e4c1dd13301135532d206322e019cdf17,41,1,"Official web-reader extraction; no local PDF bytes/hash. Dashes retain source nonapplicability, not reported zero.",public/uva_web/current_core_counts.csv
2026,2023,234076,234076001,Charlottesville,stalking,Stalking,vawa,oncampus,40,40,reported_numeric,113,106,L8269@P112: Stalking 10 69 2 1 72 1 20 85 3 1 89 0 16 40 1 0 41 1,https://cleryact.virginia.edu/report#page=113,,tables_1.txt,263254f49fdd723664b96fed366f545e4c1dd13301135532d206322e019cdf17,41,1,"Official web-reader extraction; no local PDF bytes/hash. Dashes retain source nonapplicability, not reported zero.",public/uva_web/current_core_counts.csv
2026,2023,234076,234076001,Charlottesville,stalking,Stalking,vawa,noncampus,1,1,reported_numeric,113,106,L8269@P112: Stalking 10 69 2 1 72 1 20 85 3 1 89 0 16 40 1 0 41 1,https://cleryact.virginia.edu/report#page=113,,tables_1.txt,263254f49fdd723664b96fed366f545e4c1dd13301135532d206322e019cdf17,41,1,"Official web-reader extraction; no local PDF bytes/hash. Dashes retain source nonapplicability, not reported zero.",public/uva_web/current_core_counts.csv
2026,2023,234076,234076001,Charlottesville,stalking,Stalking,vawa,publicproperty,0,0,reported_numeric,113,106,L8269@P112: Stalking 10 69 2 1 72 1 20 85 3 1 89 0 16 40 1 0 41 1,https://cleryact.virginia.edu/report#page=113,,tables_1.txt,263254f49fdd723664b96fed366f545e4c1dd13301135532d206322e019cdf17,41,1,"Official web-reader extraction; no local PDF bytes/hash. Dashes retain source nonapplicability, not reported zero.",public/uva_web/current_core_counts.csv
2026,2025,234076,234076012,Darden Sands Family Grounds,murder,Murder/Nonnegligent Manslaughter,criminal_offenses,residential,,–,source_not_applicable,123,116,L8830@P122: – 0 0 0 0 0 – 0 0 0 0 0 – 0 0 0 0 0,https://cleryact.virginia.edu/report#page=123,,tables_1.txt,263254f49fdd723664b96fed366f545e4c1dd13301135532d206322e019cdf17,0,0,"Official web-reader extraction; no local PDF bytes/hash. Dashes retain source nonapplicability, not reported zero.",public/uva_web/current_core_counts.csv
2026,2025,234076,234076012,Darden Sands Family Grounds,murder,Murder/Nonnegligent Manslaughter,criminal_offenses,oncampus,0,0,reported_numeric,123,116,L8830@P122: – 0 0 0 0 0 – 0 0 0 0 0 – 0 0 0 0 0,https://cleryact.virginia.edu/report#page=123,,tables_1.txt,263254f49fdd723664b96fed366f545e4c1dd13301135532d206322e019cdf17,0,0,"Official web-reader extraction; no local PDF bytes/hash. Dashes retain source nonapplicability, not reported zero.",public/uva_web/current_core_counts.csv
2026,2025,234076,234076012,Darden Sands Family Grounds,murder,Murder/Nonnegligent Manslaughter,criminal_offenses,noncampus,0,0,reported_numeric,123,116,L8830@P122: – 0 0 0 0 0 – 0 0 0 0 0 – 0 0 0 0 0,https://cleryact.virginia.edu/report#page=123,,tables_1.txt,263254f49fdd723664b96fed366f545e4c1dd13301135532d206322e019cdf17,0,0,"Official web-reader extraction; no local PDF bytes/hash. Dashes retain source nonapplicability, not reported zero.",public/uva_web/current_core_counts.csv
2026,2025,234076,234076012,Darden Sands Family Grounds,murder,Murder/Nonnegligent Manslaughter,criminal_offenses,publicproperty,0,0,reported_numeric,123,116,L8830@P122: – 0 0 0 0 0 – 0 0 0 0 0 – 0 0 0 0 0,https://cleryact.virginia.edu/report#page=123,,tables_1.txt,263254f49fdd723664b96fed366f545e4c1dd13301135532d206322e019cdf17,0,0,"Official web-reader extraction; no local PDF bytes/hash. Dashes retain source nonapplicability, not reported zero.",public/uva_web/current_core_counts.csv
2026,2024,234076,234076012,Darden Sands Family Grounds,murder,Murder/Nonnegligent Manslaughter,criminal_offenses,residential,,–,source_not_applicable,123,116,L8830@P122: – 0 0 0 0 0 – 0 0 0 0 0 – 0 0 0 0 0,https://cleryact.virginia.edu/report#page=123,,tables_1.txt,263254f49fdd723664b96fed366f545e4c1dd13301135532d206322e019cdf17,0,0,"Official web-reader extraction; no local PDF bytes/hash. Dashes retain source nonapplicability, not reported zero.",public/uva_web/current_core_counts.csv
2026,2024,234076,234076012,Darden Sands Family Grounds,murder,Murder/Nonnegligent Manslaughter,criminal_offenses,oncampus,0,0,reported_numeric,123,116,L8830@P122: – 0 0 0 0 0 – 0 0 0 0 0 – 0 0 0 0 0,https://cleryact.virginia.edu/report#page=123,,tables_1.txt,263254f49fdd723664b96fed366f545e4c1dd13301135532d206322e019cdf17,0,0,"Official web-reader extraction; no local PDF bytes/hash. Dashes retain source nonapplicability, not reported zero.",public/uva_web/current_core_counts.csv
2026,2024,234076,234076012,Darden Sands Family Grounds,murder,Murder/Nonnegligent Manslaughter,criminal_offenses,noncampus,0,0,reported_numeric,123,116,L8830@P122: – 0 0 0 0 0 – 0 0 0 0 0 – 0 0 0 0 0,https://cleryact.virginia.edu/report#page=123,,tables_1.txt,263254f49fdd723664b96fed366f545e4c1dd13301135532d206322e019cdf17,0,0,"Official web-reader extraction; no local PDF bytes/hash. Dashes retain source nonapplicability, not reported zero.",public/uva_web/current_core_counts.csv
2026,2024,234076,234076012,Darden Sands Family Grounds,murder,Murder/Nonnegligent Manslaughter,criminal_offenses,publicproperty,0,0,reported_numeric,123,116,L8830@P122: – 0 0 0 0 0 – 0 0 0 0 0 – 0 0 0 0 0,https://cleryact.virginia.edu/report#page=123,,tables_1.txt,263254f49fdd723664b96fed366f545e4c1dd13301135532d206322e019cdf17,0,0,"Official web-reader extraction; no local PDF bytes/hash. Dashes retain source nonapplicability, not reported zero.",public/uva_web/current_core_counts.csv
2026,2023,234076,234076012,Darden Sands Family Grounds,murder,Murder/Nonnegligent Manslaughter,criminal_offenses,residential,,–,source_not_applicable,123,116,L8830@P122: – 0 0 0 0 0 – 0 0 0 0 0 – 0 0 0 0 0,https://cleryact.virginia.edu/report#page=123,,tables_1.txt,263254f49fdd723664b96fed366f545e4c1dd13301135532d206322e019cdf17,0,0,"Official web-reader extraction; no local PDF bytes/hash. Dashes retain source nonapplicability, not reported zero.",public/uva_web/current_core_counts.csv
2026,2023,234076,234076012,Darden Sands Family Grounds,murder,Murder/Nonnegligent Manslaughter,criminal_offenses,oncampus,0,0,reported_numeric,123,116,L8830@P122: – 0 0 0 0 0 – 0 0 0 0 0 – 0 0 0 0 0,https://cleryact.virginia.edu/report#page=123,,tables_1.txt,263254f49fdd723664b96fed366f545e4c1dd13301135532d206322e019cdf17,0,0,"Official web-reader extraction; no local PDF bytes/hash. Dashes retain source nonapplicability, not reported zero.",public/uva_web/current_core_counts.csv
2026,2023,234076,234076012,Darden Sands Family Grounds,murder,Murder/Nonnegligent Manslaughter,criminal_offenses,noncampus,0,0,reported_numeric,123,116,L8830@P122: – 0 0 0 0 0 – 0 0 0 0 0 – 0 0 0 0 0,https://cleryact.virginia.edu/report#page=123,,tables_1.txt,263254f49fdd723664b96fed366f545e4c1dd13301135532d206322e019cdf17,0,0,"Official web-reader extraction; no local PDF bytes/hash. Dashes retain source nonapplicability, not reported zero.",public/uva_web/current_core_counts.csv
2026,2023,234076,234076012,Darden Sands Family Grounds,murder,Murder/Nonnegligent Manslaughter,criminal_offenses,publicproperty,0,0,reported_numeric,123,116,L8830@P122: – 0 0 0 0 0 – 0 0 0 0 0 – 0 0 0 0 0,https://cleryact.virginia.edu/report#page=123,,tables_1.txt,263254f49fdd723664b96fed366f545e4c1dd13301135532d206322e019cdf17,0,0,"Official web-reader extraction; no local PDF bytes/hash. Dashes retain source nonapplicability, not reported zero.",public/uva_web/current_core_counts.csv
2026,2025,234076,234076012,Darden Sands Family Grounds,negligent_manslaughter,Negligent Manslaughter,criminal_offenses,residential,,–,source_not_applicable,123,116,L8832@P122: Manslaughter – 0 0 0 0 0 – 0 0 0 0 0 – 0 0 0 0 0,https://cleryact.virginia.edu/report#page=123,,tables_1.txt,263254f49fdd723664b96fed366f545e4c1dd13301135532d206322e019cdf17,0,0,"Official web-reader extraction; no local PDF bytes/hash. Dashes retain source nonapplicability, not reported zero.",public/uva_web/current_core_counts.csv
2026,2025,234076,234076012,Darden Sands Family Grounds,negligent_manslaughter,Negligent Manslaughter,criminal_offenses,oncampus,0,0,reported_numeric,123,116,L8832@P122: Manslaughter – 0 0 0 0 0 – 0 0 0 0 0 – 0 0 0 0 0,https://cleryact.virginia.edu/report#page=123,,tables_1.txt,263254f49fdd723664b96fed366f545e4c1dd13301135532d206322e019cdf17,0,0,"Official web-reader extraction; no local PDF bytes/hash. Dashes retain source nonapplicability, not reported zero.",public/uva_web/current_core_counts.csv
2026,2025,234076,234076012,Darden Sands Family Grounds,negligent_manslaughter,Negligent Manslaughter,criminal_offenses,noncampus,0,0,reported_numeric,123,116,L8832@P122: Manslaughter – 0 0 0 0 0 – 0 0 0 0 0 – 0 0 0 0 0,https://cleryact.virginia.edu/report#page=123,,tables_1.txt,263254f49fdd723664b96fed366f545e4c1dd13301135532d206322e019cdf17,0,0,"Official web-reader extraction; no local PDF bytes/hash. Dashes retain source nonapplicability, not reported zero.",public/uva_web/current_core_counts.csv
2026,2025,234076,234076012,Darden Sands Family Grounds,negligent_manslaughter,Negligent Manslaughter,criminal_offenses,publicproperty,0,0,reported_numeric,123,116,L8832@P122: Manslaughter – 0 0 0 0 0 – 0 0 0 0 0 – 0 0 0 0 0,https://cleryact.virginia.edu/report#page=123,,tables_1.txt,263254f49fdd723664b96fed366f545e4c1dd13301135532d206322e019cdf17,0,0,"Official web-reader extraction; no local PDF bytes/hash. Dashes retain source nonapplicability, not reported zero.",public/uva_web/current_core_counts.csv
2026,2024,234076,234076012,Darden Sands Family Grounds,negligent_manslaughter,Negligent Manslaughter,criminal_offenses,residential,,–,source_not_applicable,123,116,L8832@P122: Manslaughter – 0 0 0 0 0 – 0 0 0 0 0 – 0 0 0 0 0,https://cleryact.virginia.edu/report#page=123,,tables_1.txt,263254f49fdd723664b96fed366f545e4c1dd13301135532d206322e019cdf17,0,0,"Official web-reader extraction; no local PDF bytes/hash. Dashes retain source nonapplicability, not reported zero.",public/uva_web/current_core_counts.csv
2026,2024,234076,234076012,Darden Sands Family Grounds,negligent_manslaughter,Negligent Manslaughter,criminal_offenses,oncampus,0,0,reported_numeric,123,116,L8832@P122: Manslaughter – 0 0 0 0 0 – 0 0 0 0 0 – 0 0 0 0 0,https://cleryact.virginia.edu/report#page=123,,tables_1.txt,263254f49fdd723664b96fed366f545e4c1dd13301135532d206322e019cdf17,0,0,"Official web-reader extraction; no local PDF bytes/hash. Dashes retain source nonapplicability, not reported zero.",public/uva_web/current_core_counts.csv
2026,2024,234076,234076012,Darden Sands Family Grounds,negligent_manslaughter,Negligent Manslaughter,criminal_offenses,noncampus,0,0,reported_numeric,123,116,L8832@P122: Manslaughter – 0 0 0 0 0 – 0 0 0 0 0 – 0 0 0 0 0,https://cleryact.virginia.edu/report#page=123,,tables_1.txt,263254f49fdd723664b96fed366f545e4c1dd13301135532d206322e019cdf17,0,0,"Official web-reader extraction; no local PDF bytes/hash. Dashes retain source nonapplicability, not reported zero.",public/uva_web/current_core_counts.csv
2026,2024,234076,234076012,Darden Sands Family Grounds,negligent_manslaughter,Negligent Manslaughter,criminal_offenses,publicproperty,0,0,reported_numeric,123,116,L8832@P122: Manslaughter – 0 0 0 0 0 – 0 0 0 0 0 – 0 0 0 0 0,https://cleryact.virginia.edu/report#page=123,,tables_1.txt,263254f49fdd723664b96fed366f545e4c1dd13301135532d206322e019cdf17,0,0,"Official web-reader extraction; no local PDF bytes/hash. Dashes retain source nonapplicability, not reported zero.",public/uva_web/current_core_counts.csv
2026,2023,234076,234076012,Darden Sands Family Grounds,negligent_manslaughter,Negligent Manslaughter,criminal_offenses,residential,,–,source_not_applicable,123,116,L8832@P122: Manslaughter – 0 0 0 0 0 – 0 0 0 0 0 – 0 0 0 0 0,https://cleryact.virginia.edu/report#page=123,,tables_1.txt,263254f49fdd723664b96fed366f545e4c1dd13301135532d206322e019cdf17,0,0,"Official web-reader extraction; no local PDF bytes/hash. Dashes retain source nonapplicability, not reported zero.",public/uva_web/current_core_counts.csv
2026,2023,234076,234076012,Darden Sands Family Grounds,negligent_manslaughter,Negligent Manslaughter,criminal_offenses,oncampus,0,0,reported_numeric,123,116,L8832@P122: Manslaughter – 0 0 0 0 0 – 0 0 0 0 0 – 0 0 0 0 0,https://cleryact.virginia.edu/report#page=123,,tables_1.txt,263254f49fdd723664b96fed366f545e4c1dd13301135532d206322e019cdf17,0,0,"Official web-reader extraction; no local PDF bytes/hash. Dashes retain source nonapplicability, not reported zero.",public/uva_web/current_core_counts.csv
2026,2023,234076,234076012,Darden Sands Family Grounds,negligent_manslaughter,Negligent Manslaughter,criminal_offenses,noncampus,0,0,reported_numeric,123,116,L8832@P122: Manslaughter – 0 0 0 0 0 – 0 0 0 0 0 – 0 0 0 0 0,https://cleryact.virginia.edu/report#page=123,,tables_1.txt,263254f49fdd723664b96fed366f545e4c1dd13301135532d206322e019cdf17,0,0,"Official web-reader extraction; no local PDF bytes/hash. Dashes retain source nonapplicability, not reported zero.",public/uva_web/current_core_counts.csv
2026,2023,234076,234076012,Darden Sands Family Grounds,negligent_manslaughter,Negligent Manslaughter,criminal_offenses,publicproperty,0,0,reported_numeric,123,116,L8832@P122: Manslaughter – 0 0 0 0 0 – 0 0 0 0 0 – 0 0 0 0 0,https://cleryact.virginia.edu/report#page=123,,tables_1.txt,263254f49fdd723664b96fed366f545e4c1dd13301135532d206322e019cdf17,0,0,"Official web-reader extraction; no local PDF bytes/hash. Dashes retain source nonapplicability, not reported zero.",public/uva_web/current_core_counts.csv
2026,2025,234076,234076012,Darden Sands Family Grounds,rape,Rape,criminal_offenses,residential,,–,source_not_applicable,123,116,L8833@P122: Rape – 0 0 0 0 0 – 0 0 0 0 0 – 0 0 0 0 0,https://cleryact.virginia.edu/report#page=123,,tables_1.txt,263254f49fdd723664b96fed366f545e4c1dd13301135532d206322e019cdf17,0,0,"Official web-reader extraction; no local PDF bytes/hash. Dashes retain source nonapplicability, not reported zero.",public/uva_web/current_core_counts.csv
2026,2025,234076,234076012,Darden Sands Family Grounds,rape,Rape,criminal_offenses,oncampus,0,0,reported_numeric,123,116,L8833@P122: Rape – 0 0 0 0 0 – 0 0 0 0 0 – 0 0 0 0 0,https://cleryact.virginia.edu/report#page=123,,tables_1.txt,263254f49fdd723664b96fed366f545e4c1dd13301135532d206322e019cdf17,0,0,"Official web-reader extraction; no local PDF bytes/hash. Dashes retain source nonapplicability, not reported zero.",public/uva_web/current_core_counts.csv
2026,2025,234076,234076012,Darden Sands Family Grounds,rape,Rape,criminal_offenses,noncampus,0,0,reported_numeric,123,116,L8833@P122: Rape – 0 0 0 0 0 – 0 0 0 0 0 – 0 0 0 0 0,https://cleryact.virginia.edu/report#page=123,,tables_1.txt,263254f49fdd723664b96fed366f545e4c1dd13301135532d206322e019cdf17,0,0,"Official web-reader extraction; no local PDF bytes/hash. Dashes retain source nonapplicability, not reported zero.",public/uva_web/current_core_counts.csv
2026,2025,234076,234076012,Darden Sands Family Grounds,rape,Rape,criminal_offenses,publicproperty,0,0,reported_numeric,123,116,L8833@P122: Rape – 0 0 0 0 0 – 0 0 0 0 0 – 0 0 0 0 0,https://cleryact.virginia.edu/report#page=123,,tables_1.txt,263254f49fdd723664b96fed366f545e4c1dd13301135532d206322e019cdf17,0,0,"Official web-reader extraction; no local PDF bytes/hash. Dashes retain source nonapplicability, not reported zero.",public/uva_web/current_core_counts.csv
2026,2024,234076,234076012,Darden Sands Family Grounds,rape,Rape,criminal_offenses,residential,,–,source_not_applicable,123,116,L8833@P122: Rape – 0 0 0 0 0 – 0 0 0 0 0 – 0 0 0 0 0,https://cleryact.virginia.edu/report#page=123,,tables_1.txt,263254f49fdd723664b96fed366f545e4c1dd13301135532d206322e019cdf17,0,0,"Official web-reader extraction; no local PDF bytes/hash. Dashes retain source nonapplicability, not reported zero.",public/uva_web/current_core_counts.csv
2026,2024,234076,234076012,Darden Sands Family Grounds,rape,Rape,criminal_offenses,oncampus,0,0,reported_numeric,123,116,L8833@P122: Rape – 0 0 0 0 0 – 0 0 0 0 0 – 0 0 0 0 0,https://cleryact.virginia.edu/report#page=123,,tables_1.txt,263254f49fdd723664b96fed366f545e4c1dd13301135532d206322e019cdf17,0,0,"Official web-reader extraction; no local PDF bytes/hash. Dashes retain source nonapplicability, not reported zero.",public/uva_web/current_core_counts.csv
2026,2024,234076,234076012,Darden Sands Family Grounds,rape,Rape,criminal_offenses,noncampus,0,0,reported_numeric,123,116,L8833@P122: Rape – 0 0 0 0 0 – 0 0 0 0 0 – 0 0 0 0 0,https://cleryact.virginia.edu/report#page=123,,tables_1.txt,263254f49fdd723664b96fed366f545e4c1dd13301135532d206322e019cdf17,0,0,"Official web-reader extraction; no local PDF bytes/hash. Dashes retain source nonapplicability, not reported zero.",public/uva_web/current_core_counts.csv
2026,2024,234076,234076012,Darden Sands Family Grounds,rape,Rape,criminal_offenses,publicproperty,0,0,reported_numeric,123,116,L8833@P122: Rape – 0 0 0 0 0 – 0 0 0 0 0 – 0 0 0 0 0,https://cleryact.virginia.edu/report#page=123,,tables_1.txt,263254f49fdd723664b96fed366f545e4c1dd13301135532d206322e019cdf17,0,0,"Official web-reader extraction; no local PDF bytes/hash. Dashes retain source nonapplicability, not reported zero.",public/uva_web/current_core_counts.csv
2026,2023,234076,234076012,Darden Sands Family Grounds,rape,Rape,criminal_offenses,residential,,–,source_not_applicable,123,116,L8833@P122: Rape – 0 0 0 0 0 – 0 0 0 0 0 – 0 0 0 0 0,https://cleryact.virginia.edu/report#page=123,,tables_1.txt,263254f49fdd723664b96fed366f545e4c1dd13301135532d206322e019cdf17,0,0,"Official web-reader extraction; no local PDF bytes/hash. Dashes retain source nonapplicability, not reported zero.",public/uva_web/current_core_counts.csv
2026,2023,234076,234076012,Darden Sands Family Grounds,rape,Rape,criminal_offenses,oncampus,0,0,reported_numeric,123,116,L8833@P122: Rape – 0 0 0 0 0 – 0 0 0 0 0 – 0 0 0 0 0,https://cleryact.virginia.edu/report#page=123,,tables_1.txt,263254f49fdd723664b96fed366f545e4c1dd13301135532d206322e019cdf17,0,0,"Official web-reader extraction; no local PDF bytes/hash. Dashes retain source nonapplicability, not reported zero.",public/uva_web/current_core_counts.csv
2026,2023,234076,234076012,Darden Sands Family Grounds,rape,Rape,criminal_offenses,noncampus,0,0,reported_numeric,123,116,L8833@P122: Rape – 0 0 0 0 0 – 0 0 0 0 0 – 0 0 0 0 0,https://cleryact.virginia.edu/report#page=123,,tables_1.txt,263254f49fdd723664b96fed366f545e4c1dd13301135532d206322e019cdf17,0,0,"Official web-reader extraction; no local PDF bytes/hash. Dashes retain source nonapplicability, not reported zero.",public/uva_web/current_core_counts.csv
2026,2023,234076,234076012,Darden Sands Family Grounds,rape,Rape,criminal_offenses,publicproperty,0,0,reported_numeric,123,116,L8833@P122: Rape – 0 0 0 0 0 – 0 0 0 0 0 – 0 0 0 0 0,https://cleryact.virginia.edu/report#page=123,,tables_1.txt,263254f49fdd723664b96fed366f545e4c1dd13301135532d206322e019cdf17,0,0,"Official web-reader extraction; no local PDF bytes/hash. Dashes retain source nonapplicability, not reported zero.",public/uva_web/current_core_counts.csv
2026,2025,234076,234076012,Darden Sands Family Grounds,fondling,Fondling,criminal_offenses,residential,,–,source_not_applicable,123,116,L8834@P122: Fondling – 0 0 0 0 0 – 0 0 0 0 0 – 0 0 0 0 0,https://cleryact.virginia.edu/report#page=123,,tables_1.txt,263254f49fdd723664b96fed366f545e4c1dd13301135532d206322e019cdf17,0,0,"Official web-reader extraction; no local PDF bytes/hash. Dashes retain source nonapplicability, not reported zero.",public/uva_web/current_core_counts.csv
2026,2025,234076,234076012,Darden Sands Family Grounds,fondling,Fondling,criminal_offenses,oncampus,0,0,reported_numeric,123,116,L8834@P122: Fondling – 0 0 0 0 0 – 0 0 0 0 0 – 0 0 0 0 0,https://cleryact.virginia.edu/report#page=123,,tables_1.txt,263254f49fdd723664b96fed366f545e4c1dd13301135532d206322e019cdf17,0,0,"Official web-reader extraction; no local PDF bytes/hash. Dashes retain source nonapplicability, not reported zero.",public/uva_web/current_core_counts.csv
2026,2025,234076,234076012,Darden Sands Family Grounds,fondling,Fondling,criminal_offenses,noncampus,0,0,reported_numeric,123,116,L8834@P122: Fondling – 0 0 0 0 0 – 0 0 0 0 0 – 0 0 0 0 0,https://cleryact.virginia.edu/report#page=123,,tables_1.txt,263254f49fdd723664b96fed366f545e4c1dd13301135532d206322e019cdf17,0,0,"Official web-reader extraction; no local PDF bytes/hash. Dashes retain source nonapplicability, not reported zero.",public/uva_web/current_core_counts.csv
2026,2025,234076,234076012,Darden Sands Family Grounds,fondling,Fondling,criminal_offenses,publicproperty,0,0,reported_numeric,123,116,L8834@P122: Fondling – 0 0 0 0 0 – 0 0 0 0 0 – 0 0 0 0 0,https://cleryact.virginia.edu/report#page=123,,tables_1.txt,263254f49fdd723664b96fed366f545e4c1dd13301135532d206322e019cdf17,0,0,"Official web-reader extraction; no local PDF bytes/hash. Dashes retain source nonapplicability, not reported zero.",public/uva_web/current_core_counts.csv
2026,2024,234076,234076012,Darden Sands Family Grounds,fondling,Fondling,criminal_offenses,residential,,–,source_not_applicable,123,116,L8834@P122: Fondling – 0 0 0 0 0 – 0 0 0 0 0 – 0 0 0 0 0,https://cleryact.virginia.edu/report#page=123,,tables_1.txt,263254f49fdd723664b96fed366f545e4c1dd13301135532d206322e019cdf17,0,0,"Official web-reader extraction; no local PDF bytes/hash. Dashes retain source nonapplicability, not reported zero.",public/uva_web/current_core_counts.csv
2026,2024,234076,234076012,Darden Sands Family Grounds,fondling,Fondling,criminal_offenses,oncampus,0,0,reported_numeric,123,116,L8834@P122: Fondling – 0 0 0 0 0 – 0 0 0 0 0 – 0 0 0 0 0,https://cleryact.virginia.edu/report#page=123,,tables_1.txt,263254f49fdd723664b96fed366f545e4c1dd13301135532d206322e019cdf17,0,0,"Official web-reader extraction; no local PDF bytes/hash. Dashes retain source nonapplicability, not reported zero.",public/uva_web/current_core_counts.csv
2026,2024,234076,234076012,Darden Sands Family Grounds,fondling,Fondling,criminal_offenses,noncampus,0,0,reported_numeric,123,116,L8834@P122: Fondling – 0 0 0 0 0 – 0 0 0 0 0 – 0 0 0 0 0,https://cleryact.virginia.edu/report#page=123,,tables_1.txt,263254f49fdd723664b96fed366f545e4c1dd13301135532d206322e019cdf17,0,0,"Official web-reader extraction; no local PDF bytes/hash. Dashes retain source nonapplicability, not reported zero.",public/uva_web/current_core_counts.csv
2026,2024,234076,234076012,Darden Sands Family Grounds,fondling,Fondling,criminal_offenses,publicproperty,0,0,reported_numeric,123,116,L8834@P122: Fondling – 0 0 0 0 0 – 0 0 0 0 0 – 0 0 0 0 0,https://cleryact.virginia.edu/report#page=123,,tables_1.txt,263254f49fdd723664b96fed366f545e4c1dd13301135532d206322e019cdf17,0,0,"Official web-reader extraction; no local PDF bytes/hash. Dashes retain source nonapplicability, not reported zero.",public/uva_web/current_core_counts.csv
2026,2023,234076,234076012,Darden Sands Family Grounds,fondling,Fondling,criminal_offenses,residential,,–,source_not_applicable,123,116,L8834@P122: Fondling – 0 0 0 0 0 – 0 0 0 0 0 – 0 0 0 0 0,https://cleryact.virginia.edu/report#page=123,,tables_1.txt,263254f49fdd723664b96fed366f545e4c1dd13301135532d206322e019cdf17,0,0,"Official web-reader extraction; no local PDF bytes/hash. Dashes retain source nonapplicability, not reported zero.",public/uva_web/current_core_counts.csv
2026,2023,234076,234076012,Darden Sands Family Grounds,fondling,Fondling,criminal_offenses,oncampus,0,0,reported_numeric,123,116,L8834@P122: Fondling – 0 0 0 0 0 – 0 0 0 0 0 – 0 0 0 0 0,https://cleryact.virginia.edu/report#page=123,,tables_1.txt,263254f49fdd723664b96fed366f545e4c1dd13301135532d206322e019cdf17,0,0,"Official web-reader extraction; no local PDF bytes/hash. Dashes retain source nonapplicability, not reported zero.",public/uva_web/current_core_counts.csv
2026,2023,234076,234076012,Darden Sands Family Grounds,fondling,Fondling,criminal_offenses,noncampus,0,0,reported_numeric,123,116,L8834@P122: Fondling – 0 0 0 0 0 – 0 0 0 0 0 – 0 0 0 0 0,https://cleryact.virginia.edu/report#page=123,,tables_1.txt,263254f49fdd723664b96fed366f545e4c1dd13301135532d206322e019cdf17,0,0,"Official web-reader extraction; no local PDF bytes/hash. Dashes retain source nonapplicability, not reported zero.",public/uva_web/current_core_counts.csv
2026,2023,234076,234076012,Darden Sands Family Grounds,fondling,Fondling,criminal_offenses,publicproperty,0,0,reported_numeric,123,116,L8834@P122: Fondling – 0 0 0 0 0 – 0 0 0 0 0 – 0 0 0 0 0,https://cleryact.virginia.edu/report#page=123,,tables_1.txt,263254f49fdd723664b96fed366f545e4c1dd13301135532d206322e019cdf17,0,0,"Official web-reader extraction; no local PDF bytes/hash. Dashes retain source nonapplicability, not reported zero.",public/uva_web/current_core_counts.csv
2026,2025,234076,234076012,Darden Sands Family Grounds,incest,Incest,criminal_offenses,residential,,–,source_not_applicable,123,116,L8835@P122: Incest – 0 0 0 0 0 – 0 0 0 0 0 – 0 0 0 0 0,https://cleryact.virginia.edu/report#page=123,,tables_1.txt,263254f49fdd723664b96fed366f545e4c1dd13301135532d206322e019cdf17,0,0,"Official web-reader extraction; no local PDF bytes/hash. Dashes retain source nonapplicability, not reported zero.",public/uva_web/current_core_counts.csv
2026,2025,234076,234076012,Darden Sands Family Grounds,incest,Incest,criminal_offenses,oncampus,0,0,reported_numeric,123,116,L8835@P122: Incest – 0 0 0 0 0 – 0 0 0 0 0 – 0 0 0 0 0,https://cleryact.virginia.edu/report#page=123,,tables_1.txt,263254f49fdd723664b96fed366f545e4c1dd13301135532d206322e019cdf17,0,0,"Official web-reader extraction; no local PDF bytes/hash. Dashes retain source nonapplicability, not reported zero.",public/uva_web/current_core_counts.csv
2026,2025,234076,234076012,Darden Sands Family Grounds,incest,Incest,criminal_offenses,noncampus,0,0,reported_numeric,123,116,L8835@P122: Incest – 0 0 0 0 0 – 0 0 0 0 0 – 0 0 0 0 0,https://cleryact.virginia.edu/report#page=123,,tables_1.txt,263254f49fdd723664b96fed366f545e4c1dd13301135532d206322e019cdf17,0,0,"Official web-reader extraction; no local PDF bytes/hash. Dashes retain source nonapplicability, not reported zero.",public/uva_web/current_core_counts.csv
2026,2025,234076,234076012,Darden Sands Family Grounds,incest,Incest,criminal_offenses,publicproperty,0,0,reported_numeric,123,116,L8835@P122: Incest – 0 0 0 0 0 – 0 0 0 0 0 – 0 0 0 0 0,https://cleryact.virginia.edu/report#page=123,,tables_1.txt,263254f49fdd723664b96fed366f545e4c1dd13301135532d206322e019cdf17,0,0,"Official web-reader extraction; no local PDF bytes/hash. Dashes retain source nonapplicability, not reported zero.",public/uva_web/current_core_counts.csv
2026,2024,234076,234076012,Darden Sands Family Grounds,incest,Incest,criminal_offenses,residential,,–,source_not_applicable,123,116,L8835@P122: Incest – 0 0 0 0 0 – 0 0 0 0 0 – 0 0 0 0 0,https://cleryact.virginia.edu/report#page=123,,tables_1.txt,263254f49fdd723664b96fed366f545e4c1dd13301135532d206322e019cdf17,0,0,"Official web-reader extraction; no local PDF bytes/hash. Dashes retain source nonapplicability, not reported zero.",public/uva_web/current_core_counts.csv
2026,2024,234076,234076012,Darden Sands Family Grounds,incest,Incest,criminal_offenses,oncampus,0,0,reported_numeric,123,116,L8835@P122: Incest – 0 0 0 0 0 – 0 0 0 0 0 – 0 0 0 0 0,https://cleryact.virginia.edu/report#page=123,,tables_1.txt,263254f49fdd723664b96fed366f545e4c1dd13301135532d206322e019cdf17,0,0,"Official web-reader extraction; no local PDF bytes/hash. Dashes retain source nonapplicability, not reported zero.",public/uva_web/current_core_counts.csv
2026,2024,234076,234076012,Darden Sands Family Grounds,incest,Incest,criminal_offenses,noncampus,0,0,reported_numeric,123,116,L8835@P122: Incest – 0 0 0 0 0 – 0 0 0 0 0 – 0 0 0 0 0,https://cleryact.virginia.edu/report#page=123,,tables_1.txt,263254f49fdd723664b96fed366f545e4c1dd13301135532d206322e019cdf17,0,0,"Official web-reader extraction; no local PDF bytes/hash. Dashes retain source nonapplicability, not reported zero.",public/uva_web/current_core_counts.csv
2026,2024,234076,234076012,Darden Sands Family Grounds,incest,Incest,criminal_offenses,publicproperty,0,0,reported_numeric,123,116,L8835@P122: Incest – 0 0 0 0 0 – 0 0 0 0 0 – 0 0 0 0 0,https://cleryact.virginia.edu/report#page=123,,tables_1.txt,263254f49fdd723664b96fed366f545e4c1dd13301135532d206322e019cdf17,0,0,"Official web-reader extraction; no local PDF bytes/hash. Dashes retain source nonapplicability, not reported zero.",public/uva_web/current_core_counts.csv
2026,2023,234076,234076012,Darden Sands Family Grounds,incest,Incest,criminal_offenses,residential,,–,source_not_applicable,123,116,L8835@P122: Incest – 0 0 0 0 0 – 0 0 0 0 0 – 0 0 0 0 0,https://cleryact.virginia.edu/report#page=123,,tables_1.txt,263254f49fdd723664b96fed366f545e4c1dd13301135532d206322e019cdf17,0,0,"Official web-reader extraction; no local PDF bytes/hash. Dashes retain source nonapplicability, not reported zero.",public/uva_web/current_core_counts.csv
2026,2023,234076,234076012,Darden Sands Family Grounds,incest,Incest,criminal_offenses,oncampus,0,0,reported_numeric,123,116,L8835@P122: Incest – 0 0 0 0 0 – 0 0 0 0 0 – 0 0 0 0 0,https://cleryact.virginia.edu/report#page=123,,tables_1.txt,263254f49fdd723664b96fed366f545e4c1dd13301135532d206322e019cdf17,0,0,"Official web-reader extraction; no local PDF bytes/hash. Dashes retain source nonapplicability, not reported zero.",public/uva_web/current_core_counts.csv
2026,2023,234076,234076012,Darden Sands Family Grounds,incest,Incest,criminal_offenses,noncampus,0,0,reported_numeric,123,116,L8835@P122: Incest – 0 0 0 0 0 – 0 0 0 0 0 – 0 0 0 0 0,https://cleryact.virginia.edu/report#page=123,,tables_1.txt,263254f49fdd723664b96fed366f545e4c1dd13301135532d206322e019cdf17,0,0,"Official web-reader extraction; no local PDF bytes/hash. Dashes retain source nonapplicability, not reported zero.",public/uva_web/current_core_counts.csv
2026,2023,234076,234076012,Darden Sands Family Grounds,incest,Incest,criminal_offenses,publicproperty,0,0,reported_numeric,123,116,L8835@P122: Incest – 0 0 0 0 0 – 0 0 0 0 0 – 0 0 0 0 0,https://cleryact.virginia.edu/report#page=123,,tables_1.txt,263254f49fdd723664b96fed366f545e4c1dd13301135532d206322e019cdf17,0,0,"Official web-reader extraction; no local PDF bytes/hash. Dashes retain source nonapplicability, not reported zero.",public/uva_web/current_core_counts.csv
2026,2025,234076,234076012,Darden Sands Family Grounds,statutory_rape,Statutory Rape,criminal_offenses,residential,,–,source_not_applicable,123,116,L8836@P122: Statutory Rape – 0 0 0 0 0 – 0 0 0 0 0 – 0 0 0 0 0,https://cleryact.virginia.edu/report#page=123,,tables_1.txt,263254f49fdd723664b96fed366f545e4c1dd13301135532d206322e019cdf17,0,0,"Official web-reader extraction; no local PDF bytes/hash. Dashes retain source nonapplicability, not reported zero.",public/uva_web/current_core_counts.csv
2026,2025,234076,234076012,Darden Sands Family Grounds,statutory_rape,Statutory Rape,criminal_offenses,oncampus,0,0,reported_numeric,123,116,L8836@P122: Statutory Rape – 0 0 0 0 0 – 0 0 0 0 0 – 0 0 0 0 0,https://cleryact.virginia.edu/report#page=123,,tables_1.txt,263254f49fdd723664b96fed366f545e4c1dd13301135532d206322e019cdf17,0,0,"Official web-reader extraction; no local PDF bytes/hash. Dashes retain source nonapplicability, not reported zero.",public/uva_web/current_core_counts.csv
2026,2025,234076,234076012,Darden Sands Family Grounds,statutory_rape,Statutory Rape,criminal_offenses,noncampus,0,0,reported_numeric,123,116,L8836@P122: Statutory Rape – 0 0 0 0 0 – 0 0 0 0 0 – 0 0 0 0 0,https://cleryact.virginia.edu/report#page=123,,tables_1.txt,263254f49fdd723664b96fed366f545e4c1dd13301135532d206322e019cdf17,0,0,"Official web-reader extraction; no local PDF bytes/hash. Dashes retain source nonapplicability, not reported zero.",public/uva_web/current_core_counts.csv
2026,2025,234076,234076012,Darden Sands Family Grounds,statutory_rape,Statutory Rape,criminal_offenses,publicproperty,0,0,reported_numeric,123,116,L8836@P122: Statutory Rape – 0 0 0 0 0 – 0 0 0 0 0 – 0 0 0 0 0,https://cleryact.virginia.edu/report#page=123,,tables_1.txt,263254f49fdd723664b96fed366f545e4c1dd13301135532d206322e019cdf17,0,0,"Official web-reader extraction; no local PDF bytes/hash. Dashes retain source nonapplicability, not reported zero.",public/uva_web/current_core_counts.csv
2026,2024,234076,234076012,Darden Sands Family Grounds,statutory_rape,Statutory Rape,criminal_offenses,residential,,–,source_not_applicable,123,116,L8836@P122: Statutory Rape – 0 0 0 0 0 – 0 0 0 0 0 – 0 0 0 0 0,https://cleryact.virginia.edu/report#page=123,,tables_1.txt,263254f49fdd723664b96fed366f545e4c1dd13301135532d206322e019cdf17,0,0,"Official web-reader extraction; no local PDF bytes/hash. Dashes retain source nonapplicability, not reported zero.",public/uva_web/current_core_counts.csv
2026,2024,234076,234076012,Darden Sands Family Grounds,statutory_rape,Statutory Rape,criminal_offenses,oncampus,0,0,reported_numeric,123,116,L8836@P122: Statutory Rape – 0 0 0 0 0 – 0 0 0 0 0 – 0 0 0 0 0,https://cleryact.virginia.edu/report#page=123,,tables_1.txt,263254f49fdd723664b96fed366f545e4c1dd13301135532d206322e019cdf17,0,0,"Official web-reader extraction; no local PDF bytes/hash. Dashes retain source nonapplicability, not reported zero.",public/uva_web/current_core_counts.csv
2026,2024,234076,234076012,Darden Sands Family Grounds,statutory_rape,Statutory Rape,criminal_offenses,noncampus,0,0,reported_numeric,123,116,L8836@P122: Statutory Rape – 0 0 0 0 0 – 0 0 0 0 0 – 0 0 0 0 0,https://cleryact.virginia.edu/report#page=123,,tables_1.txt,263254f49fdd723664b96fed366f545e4c1dd13301135532d206322e019cdf17,0,0,"Official web-reader extraction; no local PDF bytes/hash. Dashes retain source nonapplicability, not reported zero.",public/uva_web/current_core_counts.csv
2026,2024,234076,234076012,Darden Sands Family Grounds,statutory_rape,Statutory Rape,criminal_offenses,publicproperty,0,0,reported_numeric,123,116,L8836@P122: Statutory Rape – 0 0 0 0 0 – 0 0 0 0 0 – 0 0 0 0 0,https://cleryact.virginia.edu/report#page=123,,tables_1.txt,263254f49fdd723664b96fed366f545e4c1dd13301135532d206322e019cdf17,0,0,"Official web-reader extraction; no local PDF bytes/hash. Dashes retain source nonapplicability, not reported zero.",public/uva_web/current_core_counts.csv
2026,2023,234076,234076012,Darden Sands Family Grounds,statutory_rape,Statutory Rape,criminal_offenses,residential,,–,source_not_applicable,123,116,L8836@P122: Statutory Rape – 0 0 0 0 0 – 0 0 0 0 0 – 0 0 0 0 0,https://cleryact.virginia.edu/report#page=123,,tables_1.txt,263254f49fdd723664b96fed366f545e4c1dd13301135532d206322e019cdf17,0,0,"Official web-reader extraction; no local PDF bytes/hash. Dashes retain source nonapplicability, not reported zero.",public/uva_web/current_core_counts.csv
2026,2023,234076,234076012,Darden Sands Family Grounds,statutory_rape,Statutory Rape,criminal_offenses,oncampus,0,0,reported_numeric,123,116,L8836@P122: Statutory Rape – 0 0 0 0 0 – 0 0 0 0 0 – 0 0 0 0 0,https://cleryact.virginia.edu/report#page=123,,tables_1.txt,263254f49fdd723664b96fed366f545e4c1dd13301135532d206322e019cdf17,0,0,"Official web-reader extraction; no local PDF bytes/hash. Dashes retain source nonapplicability, not reported zero.",public/uva_web/current_core_counts.csv
2026,2023,234076,234076012,Darden Sands Family Grounds,statutory_rape,Statutory Rape,criminal_offenses,noncampus,0,0,reported_numeric,123,116,L8836@P122: Statutory Rape – 0 0 0 0 0 – 0 0 0 0 0 – 0 0 0 0 0,https://cleryact.virginia.edu/report#page=123,,tables_1.txt,263254f49fdd723664b96fed366f545e4c1dd13301135532d206322e019cdf17,0,0,"Official web-reader extraction; no local PDF bytes/hash. Dashes retain source nonapplicability, not reported zero.",public/uva_web/current_core_counts.csv
2026,2023,234076,234076012,Darden Sands Family Grounds,statutory_rape,Statutory Rape,criminal_offenses,publicproperty,0,0,reported_numeric,123,116,L8836@P122: Statutory Rape – 0 0 0 0 0 – 0 0 0 0 0 – 0 0 0 0 0,https://cleryact.virginia.edu/report#page=123,,tables_1.txt,263254f49fdd723664b96fed366f545e4c1dd13301135532d206322e019cdf17,0,0,"Official web-reader extraction; no local PDF bytes/hash. Dashes retain source nonapplicability, not reported zero.",public/uva_web/current_core_counts.csv
2026,2025,234076,234076012,Darden Sands Family Grounds,robbery,Robbery,criminal_offenses,residential,,–,source_not_applicable,123,116,L8837@P122: Robbery – 0 0 0 0 0 – 0 0 0 0 0 – 0 0 0 0 0,https://cleryact.virginia.edu/report#page=123,,tables_1.txt,263254f49fdd723664b96fed366f545e4c1dd13301135532d206322e019cdf17,0,0,"Official web-reader extraction; no local PDF bytes/hash. Dashes retain source nonapplicability, not reported zero.",public/uva_web/current_core_counts.csv
2026,2025,234076,234076012,Darden Sands Family Grounds,robbery,Robbery,criminal_offenses,oncampus,0,0,reported_numeric,123,116,L8837@P122: Robbery – 0 0 0 0 0 – 0 0 0 0 0 – 0 0 0 0 0,https://cleryact.virginia.edu/report#page=123,,tables_1.txt,263254f49fdd723664b96fed366f545e4c1dd13301135532d206322e019cdf17,0,0,"Official web-reader extraction; no local PDF bytes/hash. Dashes retain source nonapplicability, not reported zero.",public/uva_web/current_core_counts.csv
2026,2025,234076,234076012,Darden Sands Family Grounds,robbery,Robbery,criminal_offenses,noncampus,0,0,reported_numeric,123,116,L8837@P122: Robbery – 0 0 0 0 0 – 0 0 0 0 0 – 0 0 0 0 0,https://cleryact.virginia.edu/report#page=123,,tables_1.txt,263254f49fdd723664b96fed366f545e4c1dd13301135532d206322e019cdf17,0,0,"Official web-reader extraction; no local PDF bytes/hash. Dashes retain source nonapplicability, not reported zero.",public/uva_web/current_core_counts.csv
2026,2025,234076,234076012,Darden Sands Family Grounds,robbery,Robbery,criminal_offenses,publicproperty,0,0,reported_numeric,123,116,L8837@P122: Robbery – 0 0 0 0 0 – 0 0 0 0 0 – 0 0 0 0 0,https://cleryact.virginia.edu/report#page=123,,tables_1.txt,263254f49fdd723664b96fed366f545e4c1dd13301135532d206322e019cdf17,0,0,"Official web-reader extraction; no local PDF bytes/hash. Dashes retain source nonapplicability, not reported zero.",public/uva_web/current_core_counts.csv
2026,2024,234076,234076012,Darden Sands Family Grounds,robbery,Robbery,criminal_offenses,residential,,–,source_not_applicable,123,116,L8837@P122: Robbery – 0 0 0 0 0 – 0 0 0 0 0 – 0 0 0 0 0,https://cleryact.virginia.edu/report#page=123,,tables_1.txt,263254f49fdd723664b96fed366f545e4c1dd13301135532d206322e019cdf17,0,0,"Official web-reader extraction; no local PDF bytes/hash. Dashes retain source nonapplicability, not reported zero.",public/uva_web/current_core_counts.csv
2026,2024,234076,234076012,Darden Sands Family Grounds,robbery,Robbery,criminal_offenses,oncampus,0,0,reported_numeric,123,116,L8837@P122: Robbery – 0 0 0 0 0 – 0 0 0 0 0 – 0 0 0 0 0,https://cleryact.virginia.edu/report#page=123,,tables_1.txt,263254f49fdd723664b96fed366f545e4c1dd13301135532d206322e019cdf17,0,0,"Official web-reader extraction; no local PDF bytes/hash. Dashes retain source nonapplicability, not reported zero.",public/uva_web/current_core_counts.csv
2026,2024,234076,234076012,Darden Sands Family Grounds,robbery,Robbery,criminal_offenses,noncampus,0,0,reported_numeric,123,116,L8837@P122: Robbery – 0 0 0 0 0 – 0 0 0 0 0 – 0 0 0 0 0,https://cleryact.virginia.edu/report#page=123,,tables_1.txt,263254f49fdd723664b96fed366f545e4c1dd13301135532d206322e019cdf17,0,0,"Official web-reader extraction; no local PDF bytes/hash. Dashes retain source nonapplicability, not reported zero.",public/uva_web/current_core_counts.csv
2026,2024,234076,234076012,Darden Sands Family Grounds,robbery,Robbery,criminal_offenses,publicproperty,0,0,reported_numeric,123,116,L8837@P122: Robbery – 0 0 0 0 0 – 0 0 0 0 0 – 0 0 0 0 0,https://cleryact.virginia.edu/report#page=123,,tables_1.txt,263254f49fdd723664b96fed366f545e4c1dd13301135532d206322e019cdf17,0,0,"Official web-reader extraction; no local PDF bytes/hash. Dashes retain source nonapplicability, not reported zero.",public/uva_web/current_core_counts.csv
2026,2023,234076,234076012,Darden Sands Family Grounds,robbery,Robbery,criminal_offenses,residential,,–,source_not_applicable,123,116,L8837@P122: Robbery – 0 0 0 0 0 – 0 0 0 0 0 – 0 0 0 0 0,https://cleryact.virginia.edu/report#page=123,,tables_1.txt,263254f49fdd723664b96fed366f545e4c1dd13301135532d206322e019cdf17,0,0,"Official web-reader extraction; no local PDF bytes/hash. Dashes retain source nonapplicability, not reported zero.",public/uva_web/current_core_counts.csv
2026,2023,234076,234076012,Darden Sands Family Grounds,robbery,Robbery,criminal_offenses,oncampus,0,0,reported_numeric,123,116,L8837@P122: Robbery – 0 0 0 0 0 – 0 0 0 0 0 – 0 0 0 0 0,https://cleryact.virginia.edu/report#page=123,,tables_1.txt,263254f49fdd723664b96fed366f545e4c1dd13301135532d206322e019cdf17,0,0,"Official web-reader extraction; no local PDF bytes/hash. Dashes retain source nonapplicability, not reported zero.",public/uva_web/current_core_counts.csv
2026,2023,234076,234076012,Darden Sands Family Grounds,robbery,Robbery,criminal_offenses,noncampus,0,0,reported_numeric,123,116,L8837@P122: Robbery – 0 0 0 0 0 – 0 0 0 0 0 – 0 0 0 0 0,https://cleryact.virginia.edu/report#page=123,,tables_1.txt,263254f49fdd723664b96fed366f545e4c1dd13301135532d206322e019cdf17,0,0,"Official web-reader extraction; no local PDF bytes/hash. Dashes retain source nonapplicability, not reported zero.",public/uva_web/current_core_counts.csv
2026,2023,234076,234076012,Darden Sands Family Grounds,robbery,Robbery,criminal_offenses,publicproperty,0,0,reported_numeric,123,116,L8837@P122: Robbery – 0 0 0 0 0 – 0 0 0 0 0 – 0 0 0 0 0,https://cleryact.virginia.edu/report#page=123,,tables_1.txt,263254f49fdd723664b96fed366f545e4c1dd13301135532d206322e019cdf17,0,0,"Official web-reader extraction; no local PDF bytes/hash. Dashes retain source nonapplicability, not reported zero.",public/uva_web/current_core_counts.csv
2026,2025,234076,234076012,Darden Sands Family Grounds,aggravated_assault,Aggravated Assault,criminal_offenses,residential,,–,source_not_applicable,123,116,L8839@P122: Assault – 0 0 0 0 0 – 0 0 0 0 0 – 0 0 0 0 0,https://cleryact.virginia.edu/report#page=123,,tables_1.txt,263254f49fdd723664b96fed366f545e4c1dd13301135532d206322e019cdf17,0,0,"Official web-reader extraction; no local PDF bytes/hash. Dashes retain source nonapplicability, not reported zero.",public/uva_web/current_core_counts.csv
2026,2025,234076,234076012,Darden Sands Family Grounds,aggravated_assault,Aggravated Assault,criminal_offenses,oncampus,0,0,reported_numeric,123,116,L8839@P122: Assault – 0 0 0 0 0 – 0 0 0 0 0 – 0 0 0 0 0,https://cleryact.virginia.edu/report#page=123,,tables_1.txt,263254f49fdd723664b96fed366f545e4c1dd13301135532d206322e019cdf17,0,0,"Official web-reader extraction; no local PDF bytes/hash. Dashes retain source nonapplicability, not reported zero.",public/uva_web/current_core_counts.csv
2026,2025,234076,234076012,Darden Sands Family Grounds,aggravated_assault,Aggravated Assault,criminal_offenses,noncampus,0,0,reported_numeric,123,116,L8839@P122: Assault – 0 0 0 0 0 – 0 0 0 0 0 – 0 0 0 0 0,https://cleryact.virginia.edu/report#page=123,,tables_1.txt,263254f49fdd723664b96fed366f545e4c1dd13301135532d206322e019cdf17,0,0,"Official web-reader extraction; no local PDF bytes/hash. Dashes retain source nonapplicability, not reported zero.",public/uva_web/current_core_counts.csv
2026,2025,234076,234076012,Darden Sands Family Grounds,aggravated_assault,Aggravated Assault,criminal_offenses,publicproperty,0,0,reported_numeric,123,116,L8839@P122: Assault – 0 0 0 0 0 – 0 0 0 0 0 – 0 0 0 0 0,https://cleryact.virginia.edu/report#page=123,,tables_1.txt,263254f49fdd723664b96fed366f545e4c1dd13301135532d206322e019cdf17,0,0,"Official web-reader extraction; no local PDF bytes/hash. Dashes retain source nonapplicability, not reported zero.",public/uva_web/current_core_counts.csv
2026,2024,234076,234076012,Darden Sands Family Grounds,aggravated_assault,Aggravated Assault,criminal_offenses,residential,,–,source_not_applicable,123,116,L8839@P122: Assault – 0 0 0 0 0 – 0 0 0 0 0 – 0 0 0 0 0,https://cleryact.virginia.edu/report#page=123,,tables_1.txt,263254f49fdd723664b96fed366f545e4c1dd13301135532d206322e019cdf17,0,0,"Official web-reader extraction; no local PDF bytes/hash. Dashes retain source nonapplicability, not reported zero.",public/uva_web/current_core_counts.csv
2026,2024,234076,234076012,Darden Sands Family Grounds,aggravated_assault,Aggravated Assault,criminal_offenses,oncampus,0,0,reported_numeric,123,116,L8839@P122: Assault – 0 0 0 0 0 – 0 0 0 0 0 – 0 0 0 0 0,https://cleryact.virginia.edu/report#page=123,,tables_1.txt,263254f49fdd723664b96fed366f545e4c1dd13301135532d206322e019cdf17,0,0,"Official web-reader extraction; no local PDF bytes/hash. Dashes retain source nonapplicability, not reported zero.",public/uva_web/current_core_counts.csv
2026,2024,234076,234076012,Darden Sands Family Grounds,aggravated_assault,Aggravated Assault,criminal_offenses,noncampus,0,0,reported_numeric,123,116,L8839@P122: Assault – 0 0 0 0 0 – 0 0 0 0 0 – 0 0 0 0 0,https://cleryact.virginia.edu/report#page=123,,tables_1.txt,263254f49fdd723664b96fed366f545e4c1dd13301135532d206322e019cdf17,0,0,"Official web-reader extraction; no local PDF bytes/hash. Dashes retain source nonapplicability, not reported zero.",public/uva_web/current_core_counts.csv
2026,2024,234076,234076012,Darden Sands Family Grounds,aggravated_assault,Aggravated Assault,criminal_offenses,publicproperty,0,0,reported_numeric,123,116,L8839@P122: Assault – 0 0 0 0 0 – 0 0 0 0 0 – 0 0 0 0 0,https://cleryact.virginia.edu/report#page=123,,tables_1.txt,263254f49fdd723664b96fed366f545e4c1dd13301135532d206322e019cdf17,0,0,"Official web-reader extraction; no local PDF bytes/hash. Dashes retain source nonapplicability, not reported zero.",public/uva_web/current_core_counts.csv
2026,2023,234076,234076012,Darden Sands Family Grounds,aggravated_assault,Aggravated Assault,criminal_offenses,residential,,–,source_not_applicable,123,116,L8839@P122: Assault – 0 0 0 0 0 – 0 0 0 0 0 – 0 0 0 0 0,https://cleryact.virginia.edu/report#page=123,,tables_1.txt,263254f49fdd723664b96fed366f545e4c1dd13301135532d206322e019cdf17,0,0,"Official web-reader extraction; no local PDF bytes/hash. Dashes retain source nonapplicability, not reported zero.",public/uva_web/current_core_counts.csv
2026,2023,234076,234076012,Darden Sands Family Grounds,aggravated_assault,Aggravated Assault,criminal_offenses,oncampus,0,0,reported_numeric,123,116,L8839@P122: Assault – 0 0 0 0 0 – 0 0 0 0 0 – 0 0 0 0 0,https://cleryact.virginia.edu/report#page=123,,tables_1.txt,263254f49fdd723664b96fed366f545e4c1dd13301135532d206322e019cdf17,0,0,"Official web-reader extraction; no local PDF bytes/hash. Dashes retain source nonapplicability, not reported zero.",public/uva_web/current_core_counts.csv
2026,2023,234076,234076012,Darden Sands Family Grounds,aggravated_assault,Aggravated Assault,criminal_offenses,noncampus,0,0,reported_numeric,123,116,L8839@P122: Assault – 0 0 0 0 0 – 0 0 0 0 0 – 0 0 0 0 0,https://cleryact.virginia.edu/report#page=123,,tables_1.txt,263254f49fdd723664b96fed366f545e4c1dd13301135532d206322e019cdf17,0,0,"Official web-reader extraction; no local PDF bytes/hash. Dashes retain source nonapplicability, not reported zero.",public/uva_web/current_core_counts.csv
2026,2023,234076,234076012,Darden Sands Family Grounds,aggravated_assault,Aggravated Assault,criminal_offenses,publicproperty,0,0,reported_numeric,123,116,L8839@P122: Assault – 0 0 0 0 0 – 0 0 0 0 0 – 0 0 0 0 0,https://cleryact.virginia.edu/report#page=123,,tables_1.txt,263254f49fdd723664b96fed366f545e4c1dd13301135532d206322e019cdf17,0,0,"Official web-reader extraction; no local PDF bytes/hash. Dashes retain source nonapplicability, not reported zero.",public/uva_web/current_core_counts.csv
2026,2025,234076,234076012,Darden Sands Family Grounds,burglary,Burglary,criminal_offenses,residential,,–,source_not_applicable,123,116,L8840@P122: Burglary – 0 0 0 0 0 – 0 0 0 0 0 – 0 0 0 0 0,https://cleryact.virginia.edu/report#page=123,,tables_1.txt,263254f49fdd723664b96fed366f545e4c1dd13301135532d206322e019cdf17,0,0,"Official web-reader extraction; no local PDF bytes/hash. Dashes retain source nonapplicability, not reported zero.",public/uva_web/current_core_counts.csv
2026,2025,234076,234076012,Darden Sands Family Grounds,burglary,Burglary,criminal_offenses,oncampus,0,0,reported_numeric,123,116,L8840@P122: Burglary – 0 0 0 0 0 – 0 0 0 0 0 – 0 0 0 0 0,https://cleryact.virginia.edu/report#page=123,,tables_1.txt,263254f49fdd723664b96fed366f545e4c1dd13301135532d206322e019cdf17,0,0,"Official web-reader extraction; no local PDF bytes/hash. Dashes retain source nonapplicability, not reported zero.",public/uva_web/current_core_counts.csv
2026,2025,234076,234076012,Darden Sands Family Grounds,burglary,Burglary,criminal_offenses,noncampus,0,0,reported_numeric,123,116,L8840@P122: Burglary – 0 0 0 0 0 – 0 0 0 0 0 – 0 0 0 0 0,https://cleryact.virginia.edu/report#page=123,,tables_1.txt,263254f49fdd723664b96fed366f545e4c1dd13301135532d206322e019cdf17,0,0,"Official web-reader extraction; no local PDF bytes/hash. Dashes retain source nonapplicability, not reported zero.",public/uva_web/current_core_counts.csv
2026,2025,234076,234076012,Darden Sands Family Grounds,burglary,Burglary,criminal_offenses,publicproperty,0,0,reported_numeric,123,116,L8840@P122: Burglary – 0 0 0 0 0 – 0 0 0 0 0 – 0 0 0 0 0,https://cleryact.virginia.edu/report#page=123,,tables_1.txt,263254f49fdd723664b96fed366f545e4c1dd13301135532d206322e019cdf17,0,0,"Official web-reader extraction; no local PDF bytes/hash. Dashes retain source nonapplicability, not reported zero.",public/uva_web/current_core_counts.csv
2026,2024,234076,234076012,Darden Sands Family Grounds,burglary,Burglary,criminal_offenses,residential,,–,source_not_applicable,123,116,L8840@P122: Burglary – 0 0 0 0 0 – 0 0 0 0 0 – 0 0 0 0 0,https://cleryact.virginia.edu/report#page=123,,tables_1.txt,263254f49fdd723664b96fed366f545e4c1dd13301135532d206322e019cdf17,0,0,"Official web-reader extraction; no local PDF bytes/hash. Dashes retain source nonapplicability, not reported zero.",public/uva_web/current_core_counts.csv
2026,2024,234076,234076012,Darden Sands Family Grounds,burglary,Burglary,criminal_offenses,oncampus,0,0,reported_numeric,123,116,L8840@P122: Burglary – 0 0 0 0 0 – 0 0 0 0 0 – 0 0 0 0 0,https://cleryact.virginia.edu/report#page=123,,tables_1.txt,263254f49fdd723664b96fed366f545e4c1dd13301135532d206322e019cdf17,0,0,"Official web-reader extraction; no local PDF bytes/hash. Dashes retain source nonapplicability, not reported zero.",public/uva_web/current_core_counts.csv
2026,2024,234076,234076012,Darden Sands Family Grounds,burglary,Burglary,criminal_offenses,noncampus,0,0,reported_numeric,123,116,L8840@P122: Burglary – 0 0 0 0 0 – 0 0 0 0 0 – 0 0 0 0 0,https://cleryact.virginia.edu/report#page=123,,tables_1.txt,263254f49fdd723664b96fed366f545e4c1dd13301135532d206322e019cdf17,0,0,"Official web-reader extraction; no local PDF bytes/hash. Dashes retain source nonapplicability, not reported zero.",public/uva_web/current_core_counts.csv
2026,2024,234076,234076012,Darden Sands Family Grounds,burglary,Burglary,criminal_offenses,publicproperty,0,0,reported_numeric,123,116,L8840@P122: Burglary – 0 0 0 0 0 – 0 0 0 0 0 – 0 0 0 0 0,https://cleryact.virginia.edu/report#page=123,,tables_1.txt,263254f49fdd723664b96fed366f545e4c1dd13301135532d206322e019cdf17,0,0,"Official web-reader extraction; no local PDF bytes/hash. Dashes retain source nonapplicability, not reported zero.",public/uva_web/current_core_counts.csv
2026,2023,234076,234076012,Darden Sands Family Grounds,burglary,Burglary,criminal_offenses,residential,,–,source_not_applicable,123,116,L8840@P122: Burglary – 0 0 0 0 0 – 0 0 0 0 0 – 0 0 0 0 0,https://cleryact.virginia.edu/report#page=123,,tables_1.txt,263254f49fdd723664b96fed366f545e4c1dd13301135532d206322e019cdf17,0,0,"Official web-reader extraction; no local PDF bytes/hash. Dashes retain source nonapplicability, not reported zero.",public/uva_web/current_core_counts.csv
2026,2023,234076,234076012,Darden Sands Family Grounds,burglary,Burglary,criminal_offenses,oncampus,0,0,reported_numeric,123,116,L8840@P122: Burglary – 0 0 0 0 0 – 0 0 0 0 0 – 0 0 0 0 0,https://cleryact.virginia.edu/report#page=123,,tables_1.txt,263254f49fdd723664b96fed366f545e4c1dd13301135532d206322e019cdf17,0,0,"Official web-reader extraction; no local PDF bytes/hash. Dashes retain source nonapplicability, not reported zero.",public/uva_web/current_core_counts.csv
2026,2023,234076,234076012,Darden Sands Family Grounds,burglary,Burglary,criminal_offenses,noncampus,0,0,reported_numeric,123,116,L8840@P122: Burglary – 0 0 0 0 0 – 0 0 0 0 0 – 0 0 0 0 0,https://cleryact.virginia.edu/report#page=123,,tables_1.txt,263254f49fdd723664b96fed366f545e4c1dd13301135532d206322e019cdf17,0,0,"Official web-reader extraction; no local PDF bytes/hash. Dashes retain source nonapplicability, not reported zero.",public/uva_web/current_core_counts.csv
2026,2023,234076,234076012,Darden Sands Family Grounds,burglary,Burglary,criminal_offenses,publicproperty,0,0,reported_numeric,123,116,L8840@P122: Burglary – 0 0 0 0 0 – 0 0 0 0 0 – 0 0 0 0 0,https://cleryact.virginia.edu/report#page=123,,tables_1.txt,263254f49fdd723664b96fed366f545e4c1dd13301135532d206322e019cdf17,0,0,"Official web-reader extraction; no local PDF bytes/hash. Dashes retain source nonapplicability, not reported zero.",public/uva_web/current_core_counts.csv
2026,2025,234076,234076012,Darden Sands Family Grounds,motor_vehicle_theft,Motor Vehicle Theft,criminal_offenses,residential,,–,source_not_applicable,123,116,L8842@P122: Theft – 0 0 0 0 0 – 0 0 0 0 0 – 0 0 0 0 0,https://cleryact.virginia.edu/report#page=123,,tables_1.txt,263254f49fdd723664b96fed366f545e4c1dd13301135532d206322e019cdf17,0,0,"Official web-reader extraction; no local PDF bytes/hash. Dashes retain source nonapplicability, not reported zero.",public/uva_web/current_core_counts.csv
2026,2025,234076,234076012,Darden Sands Family Grounds,motor_vehicle_theft,Motor Vehicle Theft,criminal_offenses,oncampus,0,0,reported_numeric,123,116,L8842@P122: Theft – 0 0 0 0 0 – 0 0 0 0 0 – 0 0 0 0 0,https://cleryact.virginia.edu/report#page=123,,tables_1.txt,263254f49fdd723664b96fed366f545e4c1dd13301135532d206322e019cdf17,0,0,"Official web-reader extraction; no local PDF bytes/hash. Dashes retain source nonapplicability, not reported zero.",public/uva_web/current_core_counts.csv
2026,2025,234076,234076012,Darden Sands Family Grounds,motor_vehicle_theft,Motor Vehicle Theft,criminal_offenses,noncampus,0,0,reported_numeric,123,116,L8842@P122: Theft – 0 0 0 0 0 – 0 0 0 0 0 – 0 0 0 0 0,https://cleryact.virginia.edu/report#page=123,,tables_1.txt,263254f49fdd723664b96fed366f545e4c1dd13301135532d206322e019cdf17,0,0,"Official web-reader extraction; no local PDF bytes/hash. Dashes retain source nonapplicability, not reported zero.",public/uva_web/current_core_counts.csv
2026,2025,234076,234076012,Darden Sands Family Grounds,motor_vehicle_theft,Motor Vehicle Theft,criminal_offenses,publicproperty,0,0,reported_numeric,123,116,L8842@P122: Theft – 0 0 0 0 0 – 0 0 0 0 0 – 0 0 0 0 0,https://cleryact.virginia.edu/report#page=123,,tables_1.txt,263254f49fdd723664b96fed366f545e4c1dd13301135532d206322e019cdf17,0,0,"Official web-reader extraction; no local PDF bytes/hash. Dashes retain source nonapplicability, not reported zero.",public/uva_web/current_core_counts.csv
2026,2024,234076,234076012,Darden Sands Family Grounds,motor_vehicle_theft,Motor Vehicle Theft,criminal_offenses,residential,,–,source_not_applicable,123,116,L8842@P122: Theft – 0 0 0 0 0 – 0 0 0 0 0 – 0 0 0 0 0,https://cleryact.virginia.edu/report#page=123,,tables_1.txt,263254f49fdd723664b96fed366f545e4c1dd13301135532d206322e019cdf17,0,0,"Official web-reader extraction; no local PDF bytes/hash. Dashes retain source nonapplicability, not reported zero.",public/uva_web/current_core_counts.csv
2026,2024,234076,234076012,Darden Sands Family Grounds,motor_vehicle_theft,Motor Vehicle Theft,criminal_offenses,oncampus,0,0,reported_numeric,123,116,L8842@P122: Theft – 0 0 0 0 0 – 0 0 0 0 0 – 0 0 0 0 0,https://cleryact.virginia.edu/report#page=123,,tables_1.txt,263254f49fdd723664b96fed366f545e4c1dd13301135532d206322e019cdf17,0,0,"Official web-reader extraction; no local PDF bytes/hash. Dashes retain source nonapplicability, not reported zero.",public/uva_web/current_core_counts.csv
2026,2024,234076,234076012,Darden Sands Family Grounds,motor_vehicle_theft,Motor Vehicle Theft,criminal_offenses,noncampus,0,0,reported_numeric,123,116,L8842@P122: Theft – 0 0 0 0 0 – 0 0 0 0 0 – 0 0 0 0 0,https://cleryact.virginia.edu/report#page=123,,tables_1.txt,263254f49fdd723664b96fed366f545e4c1dd13301135532d206322e019cdf17,0,0,"Official web-reader extraction; no local PDF bytes/hash. Dashes retain source nonapplicability, not reported zero.",public/uva_web/current_core_counts.csv
2026,2024,234076,234076012,Darden Sands Family Grounds,motor_vehicle_theft,Motor Vehicle Theft,criminal_offenses,publicproperty,0,0,reported_numeric,123,116,L8842@P122: Theft – 0 0 0 0 0 – 0 0 0 0 0 – 0 0 0 0 0,https://cleryact.virginia.edu/report#page=123,,tables_1.txt,263254f49fdd723664b96fed366f545e4c1dd13301135532d206322e019cdf17,0,0,"Official web-reader extraction; no local PDF bytes/hash. Dashes retain source nonapplicability, not reported zero.",public/uva_web/current_core_counts.csv
2026,2023,234076,234076012,Darden Sands Family Grounds,motor_vehicle_theft,Motor Vehicle Theft,criminal_offenses,residential,,–,source_not_applicable,123,116,L8842@P122: Theft – 0 0 0 0 0 – 0 0 0 0 0 – 0 0 0 0 0,https://cleryact.virginia.edu/report#page=123,,tables_1.txt,263254f49fdd723664b96fed366f545e4c1dd13301135532d206322e019cdf17,0,0,"Official web-reader extraction; no local PDF bytes/hash. Dashes retain source nonapplicability, not reported zero.",public/uva_web/current_core_counts.csv
2026,2023,234076,234076012,Darden Sands Family Grounds,motor_vehicle_theft,Motor Vehicle Theft,criminal_offenses,oncampus,0,0,reported_numeric,123,116,L8842@P122: Theft – 0 0 0 0 0 – 0 0 0 0 0 – 0 0 0 0 0,https://cleryact.virginia.edu/report#page=123,,tables_1.txt,263254f49fdd723664b96fed366f545e4c1dd13301135532d206322e019cdf17,0,0,"Official web-reader extraction; no local PDF bytes/hash. Dashes retain source nonapplicability, not reported zero.",public/uva_web/current_core_counts.csv
2026,2023,234076,234076012,Darden Sands Family Grounds,motor_vehicle_theft,Motor Vehicle Theft,criminal_offenses,noncampus,0,0,reported_numeric,123,116,L8842@P122: Theft – 0 0 0 0 0 – 0 0 0 0 0 – 0 0 0 0 0,https://cleryact.virginia.edu/report#page=123,,tables_1.txt,263254f49fdd723664b96fed366f545e4c1dd13301135532d206322e019cdf17,0,0,"Official web-reader extraction; no local PDF bytes/hash. Dashes retain source nonapplicability, not reported zero.",public/uva_web/current_core_counts.csv
2026,2023,234076,234076012,Darden Sands Family Grounds,motor_vehicle_theft,Motor Vehicle Theft,criminal_offenses,publicproperty,0,0,reported_numeric,123,116,L8842@P122: Theft – 0 0 0 0 0 – 0 0 0 0 0 – 0 0 0 0 0,https://cleryact.virginia.edu/report#page=123,,tables_1.txt,263254f49fdd723664b96fed366f545e4c1dd13301135532d206322e019cdf17,0,0,"Official web-reader extraction; no local PDF bytes/hash. Dashes retain source nonapplicability, not reported zero.",public/uva_web/current_core_counts.csv
2026,2025,234076,234076012,Darden Sands Family Grounds,arson,Arson,criminal_offenses,residential,,–,source_not_applicable,123,116,L8843@P122: Arson – 0 0 0 0 0 – 0 0 0 0 0 – 0 0 0 0 0,https://cleryact.virginia.edu/report#page=123,,tables_1.txt,263254f49fdd723664b96fed366f545e4c1dd13301135532d206322e019cdf17,0,0,"Official web-reader extraction; no local PDF bytes/hash. Dashes retain source nonapplicability, not reported zero.",public/uva_web/current_core_counts.csv
2026,2025,234076,234076012,Darden Sands Family Grounds,arson,Arson,criminal_offenses,oncampus,0,0,reported_numeric,123,116,L8843@P122: Arson – 0 0 0 0 0 – 0 0 0 0 0 – 0 0 0 0 0,https://cleryact.virginia.edu/report#page=123,,tables_1.txt,263254f49fdd723664b96fed366f545e4c1dd13301135532d206322e019cdf17,0,0,"Official web-reader extraction; no local PDF bytes/hash. Dashes retain source nonapplicability, not reported zero.",public/uva_web/current_core_counts.csv
2026,2025,234076,234076012,Darden Sands Family Grounds,arson,Arson,criminal_offenses,noncampus,0,0,reported_numeric,123,116,L8843@P122: Arson – 0 0 0 0 0 – 0 0 0 0 0 – 0 0 0 0 0,https://cleryact.virginia.edu/report#page=123,,tables_1.txt,263254f49fdd723664b96fed366f545e4c1dd13301135532d206322e019cdf17,0,0,"Official web-reader extraction; no local PDF bytes/hash. Dashes retain source nonapplicability, not reported zero.",public/uva_web/current_core_counts.csv
2026,2025,234076,234076012,Darden Sands Family Grounds,arson,Arson,criminal_offenses,publicproperty,0,0,reported_numeric,123,116,L8843@P122: Arson – 0 0 0 0 0 – 0 0 0 0 0 – 0 0 0 0 0,https://cleryact.virginia.edu/report#page=123,,tables_1.txt,263254f49fdd723664b96fed366f545e4c1dd13301135532d206322e019cdf17,0,0,"Official web-reader extraction; no local PDF bytes/hash. Dashes retain source nonapplicability, not reported zero.",public/uva_web/current_core_counts.csv
2026,2024,234076,234076012,Darden Sands Family Grounds,arson,Arson,criminal_offenses,residential,,–,source_not_applicable,123,116,L8843@P122: Arson – 0 0 0 0 0 – 0 0 0 0 0 – 0 0 0 0 0,https://cleryact.virginia.edu/report#page=123,,tables_1.txt,263254f49fdd723664b96fed366f545e4c1dd13301135532d206322e019cdf17,0,0,"Official web-reader extraction; no local PDF bytes/hash. Dashes retain source nonapplicability, not reported zero.",public/uva_web/current_core_counts.csv
2026,2024,234076,234076012,Darden Sands Family Grounds,arson,Arson,criminal_offenses,oncampus,0,0,reported_numeric,123,116,L8843@P122: Arson – 0 0 0 0 0 – 0 0 0 0 0 – 0 0 0 0 0,https://cleryact.virginia.edu/report#page=123,,tables_1.txt,263254f49fdd723664b96fed366f545e4c1dd13301135532d206322e019cdf17,0,0,"Official web-reader extraction; no local PDF bytes/hash. Dashes retain source nonapplicability, not reported zero.",public/uva_web/current_core_counts.csv
2026,2024,234076,234076012,Darden Sands Family Grounds,arson,Arson,criminal_offenses,noncampus,0,0,reported_numeric,123,116,L8843@P122: Arson – 0 0 0 0 0 – 0 0 0 0 0 – 0 0 0 0 0,https://cleryact.virginia.edu/report#page=123,,tables_1.txt,263254f49fdd723664b96fed366f545e4c1dd13301135532d206322e019cdf17,0,0,"Official web-reader extraction; no local PDF bytes/hash. Dashes retain source nonapplicability, not reported zero.",public/uva_web/current_core_counts.csv
2026,2024,234076,234076012,Darden Sands Family Grounds,arson,Arson,criminal_offenses,publicproperty,0,0,reported_numeric,123,116,L8843@P122: Arson – 0 0 0 0 0 – 0 0 0 0 0 – 0 0 0 0 0,https://cleryact.virginia.edu/report#page=123,,tables_1.txt,263254f49fdd723664b96fed366f545e4c1dd13301135532d206322e019cdf17,0,0,"Official web-reader extraction; no local PDF bytes/hash. Dashes retain source nonapplicability, not reported zero.",public/uva_web/current_core_counts.csv
2026,2023,234076,234076012,Darden Sands Family Grounds,arson,Arson,criminal_offenses,residential,,–,source_not_applicable,123,116,L8843@P122: Arson – 0 0 0 0 0 – 0 0 0 0 0 – 0 0 0 0 0,https://cleryact.virginia.edu/report#page=123,,tables_1.txt,263254f49fdd723664b96fed366f545e4c1dd13301135532d206322e019cdf17,0,0,"Official web-reader extraction; no local PDF bytes/hash. Dashes retain source nonapplicability, not reported zero.",public/uva_web/current_core_counts.csv
2026,2023,234076,234076012,Darden Sands Family Grounds,arson,Arson,criminal_offenses,oncampus,0,0,reported_numeric,123,116,L8843@P122: Arson – 0 0 0 0 0 – 0 0 0 0 0 – 0 0 0 0 0,https://cleryact.virginia.edu/report#page=123,,tables_1.txt,263254f49fdd723664b96fed366f545e4c1dd13301135532d206322e019cdf17,0,0,"Official web-reader extraction; no local PDF bytes/hash. Dashes retain source nonapplicability, not reported zero.",public/uva_web/current_core_counts.csv
2026,2023,234076,234076012,Darden Sands Family Grounds,arson,Arson,criminal_offenses,noncampus,0,0,reported_numeric,123,116,L8843@P122: Arson – 0 0 0 0 0 – 0 0 0 0 0 – 0 0 0 0 0,https://cleryact.virginia.edu/report#page=123,,tables_1.txt,263254f49fdd723664b96fed366f545e4c1dd13301135532d206322e019cdf17,0,0,"Official web-reader extraction; no local PDF bytes/hash. Dashes retain source nonapplicability, not reported zero.",public/uva_web/current_core_counts.csv
2026,2023,234076,234076012,Darden Sands Family Grounds,arson,Arson,criminal_offenses,publicproperty,0,0,reported_numeric,123,116,L8843@P122: Arson – 0 0 0 0 0 – 0 0 0 0 0 – 0 0 0 0 0,https://cleryact.virginia.edu/report#page=123,,tables_1.txt,263254f49fdd723664b96fed366f545e4c1dd13301135532d206322e019cdf17,0,0,"Official web-reader extraction; no local PDF bytes/hash. Dashes retain source nonapplicability, not reported zero.",public/uva_web/current_core_counts.csv
2026,2025,234076,234076012,Darden Sands Family Grounds,dating_violence,Dating Violence,vawa,residential,,–,source_not_applicable,123,116,L8845@P122: Dating Violence – 0 0 0 0 0 – 0 0 0 0 0 – 0 0 0 0 0,https://cleryact.virginia.edu/report#page=123,,tables_1.txt,263254f49fdd723664b96fed366f545e4c1dd13301135532d206322e019cdf17,0,0,"Official web-reader extraction; no local PDF bytes/hash. Dashes retain source nonapplicability, not reported zero.",public/uva_web/current_core_counts.csv
2026,2025,234076,234076012,Darden Sands Family Grounds,dating_violence,Dating Violence,vawa,oncampus,0,0,reported_numeric,123,116,L8845@P122: Dating Violence – 0 0 0 0 0 – 0 0 0 0 0 – 0 0 0 0 0,https://cleryact.virginia.edu/report#page=123,,tables_1.txt,263254f49fdd723664b96fed366f545e4c1dd13301135532d206322e019cdf17,0,0,"Official web-reader extraction; no local PDF bytes/hash. Dashes retain source nonapplicability, not reported zero.",public/uva_web/current_core_counts.csv
2026,2025,234076,234076012,Darden Sands Family Grounds,dating_violence,Dating Violence,vawa,noncampus,0,0,reported_numeric,123,116,L8845@P122: Dating Violence – 0 0 0 0 0 – 0 0 0 0 0 – 0 0 0 0 0,https://cleryact.virginia.edu/report#page=123,,tables_1.txt,263254f49fdd723664b96fed366f545e4c1dd13301135532d206322e019cdf17,0,0,"Official web-reader extraction; no local PDF bytes/hash. Dashes retain source nonapplicability, not reported zero.",public/uva_web/current_core_counts.csv
2026,2025,234076,234076012,Darden Sands Family Grounds,dating_violence,Dating Violence,vawa,publicproperty,0,0,reported_numeric,123,116,L8845@P122: Dating Violence – 0 0 0 0 0 – 0 0 0 0 0 – 0 0 0 0 0,https://cleryact.virginia.edu/report#page=123,,tables_1.txt,263254f49fdd723664b96fed366f545e4c1dd13301135532d206322e019cdf17,0,0,"Official web-reader extraction; no local PDF bytes/hash. Dashes retain source nonapplicability, not reported zero.",public/uva_web/current_core_counts.csv
2026,2024,234076,234076012,Darden Sands Family Grounds,dating_violence,Dating Violence,vawa,residential,,–,source_not_applicable,123,116,L8845@P122: Dating Violence – 0 0 0 0 0 – 0 0 0 0 0 – 0 0 0 0 0,https://cleryact.virginia.edu/report#page=123,,tables_1.txt,263254f49fdd723664b96fed366f545e4c1dd13301135532d206322e019cdf17,0,0,"Official web-reader extraction; no local PDF bytes/hash. Dashes retain source nonapplicability, not reported zero.",public/uva_web/current_core_counts.csv
2026,2024,234076,234076012,Darden Sands Family Grounds,dating_violence,Dating Violence,vawa,oncampus,0,0,reported_numeric,123,116,L8845@P122: Dating Violence – 0 0 0 0 0 – 0 0 0 0 0 – 0 0 0 0 0,https://cleryact.virginia.edu/report#page=123,,tables_1.txt,263254f49fdd723664b96fed366f545e4c1dd13301135532d206322e019cdf17,0,0,"Official web-reader extraction; no local PDF bytes/hash. Dashes retain source nonapplicability, not reported zero.",public/uva_web/current_core_counts.csv
2026,2024,234076,234076012,Darden Sands Family Grounds,dating_violence,Dating Violence,vawa,noncampus,0,0,reported_numeric,123,116,L8845@P122: Dating Violence – 0 0 0 0 0 – 0 0 0 0 0 – 0 0 0 0 0,https://cleryact.virginia.edu/report#page=123,,tables_1.txt,263254f49fdd723664b96fed366f545e4c1dd13301135532d206322e019cdf17,0,0,"Official web-reader extraction; no local PDF bytes/hash. Dashes retain source nonapplicability, not reported zero.",public/uva_web/current_core_counts.csv
2026,2024,234076,234076012,Darden Sands Family Grounds,dating_violence,Dating Violence,vawa,publicproperty,0,0,reported_numeric,123,116,L8845@P122: Dating Violence – 0 0 0 0 0 – 0 0 0 0 0 – 0 0 0 0 0,https://cleryact.virginia.edu/report#page=123,,tables_1.txt,263254f49fdd723664b96fed366f545e4c1dd13301135532d206322e019cdf17,0,0,"Official web-reader extraction; no local PDF bytes/hash. Dashes retain source nonapplicability, not reported zero.",public/uva_web/current_core_counts.csv
2026,2023,234076,234076012,Darden Sands Family Grounds,dating_violence,Dating Violence,vawa,residential,,–,source_not_applicable,123,116,L8845@P122: Dating Violence – 0 0 0 0 0 – 0 0 0 0 0 – 0 0 0 0 0,https://cleryact.virginia.edu/report#page=123,,tables_1.txt,263254f49fdd723664b96fed366f545e4c1dd13301135532d206322e019cdf17,0,0,"Official web-reader extraction; no local PDF bytes/hash. Dashes retain source nonapplicability, not reported zero.",public/uva_web/current_core_counts.csv
2026,2023,234076,234076012,Darden Sands Family Grounds,dating_violence,Dating Violence,vawa,oncampus,0,0,reported_numeric,123,116,L8845@P122: Dating Violence – 0 0 0 0 0 – 0 0 0 0 0 – 0 0 0 0 0,https://cleryact.virginia.edu/report#page=123,,tables_1.txt,263254f49fdd723664b96fed366f545e4c1dd13301135532d206322e019cdf17,0,0,"Official web-reader extraction; no local PDF bytes/hash. Dashes retain source nonapplicability, not reported zero.",public/uva_web/current_core_counts.csv
2026,2023,234076,234076012,Darden Sands Family Grounds,dating_violence,Dating Violence,vawa,noncampus,0,0,reported_numeric,123,116,L8845@P122: Dating Violence – 0 0 0 0 0 – 0 0 0 0 0 – 0 0 0 0 0,https://cleryact.virginia.edu/report#page=123,,tables_1.txt,263254f49fdd723664b96fed366f545e4c1dd13301135532d206322e019cdf17,0,0,"Official web-reader extraction; no local PDF bytes/hash. Dashes retain source nonapplicability, not reported zero.",public/uva_web/current_core_counts.csv
2026,2023,234076,234076012,Darden Sands Family Grounds,dating_violence,Dating Violence,vawa,publicproperty,0,0,reported_numeric,123,116,L8845@P122: Dating Violence – 0 0 0 0 0 – 0 0 0 0 0 – 0 0 0 0 0,https://cleryact.virginia.edu/report#page=123,,tables_1.txt,263254f49fdd723664b96fed366f545e4c1dd13301135532d206322e019cdf17,0,0,"Official web-reader extraction; no local PDF bytes/hash. Dashes retain source nonapplicability, not reported zero.",public/uva_web/current_core_counts.csv
2026,2025,234076,234076012,Darden Sands Family Grounds,domestic_violence,Domestic Violence,vawa,residential,,–,source_not_applicable,123,116,L8847@P122: Violence – 0 0 0 0 0 – 0 0 0 0 0 – 0 0 0 0 0,https://cleryact.virginia.edu/report#page=123,,tables_1.txt,263254f49fdd723664b96fed366f545e4c1dd13301135532d206322e019cdf17,0,0,"Official web-reader extraction; no local PDF bytes/hash. Dashes retain source nonapplicability, not reported zero.",public/uva_web/current_core_counts.csv
2026,2025,234076,234076012,Darden Sands Family Grounds,domestic_violence,Domestic Violence,vawa,oncampus,0,0,reported_numeric,123,116,L8847@P122: Violence – 0 0 0 0 0 – 0 0 0 0 0 – 0 0 0 0 0,https://cleryact.virginia.edu/report#page=123,,tables_1.txt,263254f49fdd723664b96fed366f545e4c1dd13301135532d206322e019cdf17,0,0,"Official web-reader extraction; no local PDF bytes/hash. Dashes retain source nonapplicability, not reported zero.",public/uva_web/current_core_counts.csv
2026,2025,234076,234076012,Darden Sands Family Grounds,domestic_violence,Domestic Violence,vawa,noncampus,0,0,reported_numeric,123,116,L8847@P122: Violence – 0 0 0 0 0 – 0 0 0 0 0 – 0 0 0 0 0,https://cleryact.virginia.edu/report#page=123,,tables_1.txt,263254f49fdd723664b96fed366f545e4c1dd13301135532d206322e019cdf17,0,0,"Official web-reader extraction; no local PDF bytes/hash. Dashes retain source nonapplicability, not reported zero.",public/uva_web/current_core_counts.csv
2026,2025,234076,234076012,Darden Sands Family Grounds,domestic_violence,Domestic Violence,vawa,publicproperty,0,0,reported_numeric,123,116,L8847@P122: Violence – 0 0 0 0 0 – 0 0 0 0 0 – 0 0 0 0 0,https://cleryact.virginia.edu/report#page=123,,tables_1.txt,263254f49fdd723664b96fed366f545e4c1dd13301135532d206322e019cdf17,0,0,"Official web-reader extraction; no local PDF bytes/hash. Dashes retain source nonapplicability, not reported zero.",public/uva_web/current_core_counts.csv
2026,2024,234076,234076012,Darden Sands Family Grounds,domestic_violence,Domestic Violence,vawa,residential,,–,source_not_applicable,123,116,L8847@P122: Violence – 0 0 0 0 0 – 0 0 0 0 0 – 0 0 0 0 0,https://cleryact.virginia.edu/report#page=123,,tables_1.txt,263254f49fdd723664b96fed366f545e4c1dd13301135532d206322e019cdf17,0,0,"Official web-reader extraction; no local PDF bytes/hash. Dashes retain source nonapplicability, not reported zero.",public/uva_web/current_core_counts.csv
2026,2024,234076,234076012,Darden Sands Family Grounds,domestic_violence,Domestic Violence,vawa,oncampus,0,0,reported_numeric,123,116,L8847@P122: Violence – 0 0 0 0 0 – 0 0 0 0 0 – 0 0 0 0 0,https://cleryact.virginia.edu/report#page=123,,tables_1.txt,263254f49fdd723664b96fed366f545e4c1dd13301135532d206322e019cdf17,0,0,"Official web-reader extraction; no local PDF bytes/hash. Dashes retain source nonapplicability, not reported zero.",public/uva_web/current_core_counts.csv
2026,2024,234076,234076012,Darden Sands Family Grounds,domestic_violence,Domestic Violence,vawa,noncampus,0,0,reported_numeric,123,116,L8847@P122: Violence – 0 0 0 0 0 – 0 0 0 0 0 – 0 0 0 0 0,https://cleryact.virginia.edu/report#page=123,,tables_1.txt,263254f49fdd723664b96fed366f545e4c1dd13301135532d206322e019cdf17,0,0,"Official web-reader extraction; no local PDF bytes/hash. Dashes retain source nonapplicability, not reported zero.",public/uva_web/current_core_counts.csv
2026,2024,234076,234076012,Darden Sands Family Grounds,domestic_violence,Domestic Violence,vawa,publicproperty,0,0,reported_numeric,123,116,L8847@P122: Violence – 0 0 0 0 0 – 0 0 0 0 0 – 0 0 0 0 0,https://cleryact.virginia.edu/report#page=123,,tables_1.txt,263254f49fdd723664b96fed366f545e4c1dd13301135532d206322e019cdf17,0,0,"Official web-reader extraction; no local PDF bytes/hash. Dashes retain source nonapplicability, not reported zero.",public/uva_web/current_core_counts.csv
2026,2023,234076,234076012,Darden Sands Family Grounds,domestic_violence,Domestic Violence,vawa,residential,,–,source_not_applicable,123,116,L8847@P122: Violence – 0 0 0 0 0 – 0 0 0 0 0 – 0 0 0 0 0,https://cleryact.virginia.edu/report#page=123,,tables_1.txt,263254f49fdd723664b96fed366f545e4c1dd13301135532d206322e019cdf17,0,0,"Official web-reader extraction; no local PDF bytes/hash. Dashes retain source nonapplicability, not reported zero.",public/uva_web/current_core_counts.csv
2026,2023,234076,234076012,Darden Sands Family Grounds,domestic_violence,Domestic Violence,vawa,oncampus,0,0,reported_numeric,123,116,L8847@P122: Violence – 0 0 0 0 0 – 0 0 0 0 0 – 0 0 0 0 0,https://cleryact.virginia.edu/report#page=123,,tables_1.txt,263254f49fdd723664b96fed366f545e4c1dd13301135532d206322e019cdf17,0,0,"Official web-reader extraction; no local PDF bytes/hash. Dashes retain source nonapplicability, not reported zero.",public/uva_web/current_core_counts.csv
2026,2023,234076,234076012,Darden Sands Family Grounds,domestic_violence,Domestic Violence,vawa,noncampus,0,0,reported_numeric,123,116,L8847@P122: Violence – 0 0 0 0 0 – 0 0 0 0 0 – 0 0 0 0 0,https://cleryact.virginia.edu/report#page=123,,tables_1.txt,263254f49fdd723664b96fed366f545e4c1dd13301135532d206322e019cdf17,0,0,"Official web-reader extraction; no local PDF bytes/hash. Dashes retain source nonapplicability, not reported zero.",public/uva_web/current_core_counts.csv
2026,2023,234076,234076012,Darden Sands Family Grounds,domestic_violence,Domestic Violence,vawa,publicproperty,0,0,reported_numeric,123,116,L8847@P122: Violence – 0 0 0 0 0 – 0 0 0 0 0 – 0 0 0 0 0,https://cleryact.virginia.edu/report#page=123,,tables_1.txt,263254f49fdd723664b96fed366f545e4c1dd13301135532d206322e019cdf17,0,0,"Official web-reader extraction; no local PDF bytes/hash. Dashes retain source nonapplicability, not reported zero.",public/uva_web/current_core_counts.csv
2026,2025,234076,234076012,Darden Sands Family Grounds,stalking,Stalking,vawa,residential,,–,source_not_applicable,123,116,L8848@P122: Stalking – 0 0 0 0 0 – 0 0 0 0 0 – 0 0 0 0 0,https://cleryact.virginia.edu/report#page=123,,tables_1.txt,263254f49fdd723664b96fed366f545e4c1dd13301135532d206322e019cdf17,0,0,"Official web-reader extraction; no local PDF bytes/hash. Dashes retain source nonapplicability, not reported zero.",public/uva_web/current_core_counts.csv
2026,2025,234076,234076012,Darden Sands Family Grounds,stalking,Stalking,vawa,oncampus,0,0,reported_numeric,123,116,L8848@P122: Stalking – 0 0 0 0 0 – 0 0 0 0 0 – 0 0 0 0 0,https://cleryact.virginia.edu/report#page=123,,tables_1.txt,263254f49fdd723664b96fed366f545e4c1dd13301135532d206322e019cdf17,0,0,"Official web-reader extraction; no local PDF bytes/hash. Dashes retain source nonapplicability, not reported zero.",public/uva_web/current_core_counts.csv
2026,2025,234076,234076012,Darden Sands Family Grounds,stalking,Stalking,vawa,noncampus,0,0,reported_numeric,123,116,L8848@P122: Stalking – 0 0 0 0 0 – 0 0 0 0 0 – 0 0 0 0 0,https://cleryact.virginia.edu/report#page=123,,tables_1.txt,263254f49fdd723664b96fed366f545e4c1dd13301135532d206322e019cdf17,0,0,"Official web-reader extraction; no local PDF bytes/hash. Dashes retain source nonapplicability, not reported zero.",public/uva_web/current_core_counts.csv
2026,2025,234076,234076012,Darden Sands Family Grounds,stalking,Stalking,vawa,publicproperty,0,0,reported_numeric,123,116,L8848@P122: Stalking – 0 0 0 0 0 – 0 0 0 0 0 – 0 0 0 0 0,https://cleryact.virginia.edu/report#page=123,,tables_1.txt,263254f49fdd723664b96fed366f545e4c1dd13301135532d206322e019cdf17,0,0,"Official web-reader extraction; no local PDF bytes/hash. Dashes retain source nonapplicability, not reported zero.",public/uva_web/current_core_counts.csv
2026,2024,234076,234076012,Darden Sands Family Grounds,stalking,Stalking,vawa,residential,,–,source_not_applicable,123,116,L8848@P122: Stalking – 0 0 0 0 0 – 0 0 0 0 0 – 0 0 0 0 0,https://cleryact.virginia.edu/report#page=123,,tables_1.txt,263254f49fdd723664b96fed366f545e4c1dd13301135532d206322e019cdf17,0,0,"Official web-reader extraction; no local PDF bytes/hash. Dashes retain source nonapplicability, not reported zero.",public/uva_web/current_core_counts.csv
2026,2024,234076,234076012,Darden Sands Family Grounds,stalking,Stalking,vawa,oncampus,0,0,reported_numeric,123,116,L8848@P122: Stalking – 0 0 0 0 0 – 0 0 0 0 0 – 0 0 0 0 0,https://cleryact.virginia.edu/report#page=123,,tables_1.txt,263254f49fdd723664b96fed366f545e4c1dd13301135532d206322e019cdf17,0,0,"Official web-reader extraction; no local PDF bytes/hash. Dashes retain source nonapplicability, not reported zero.",public/uva_web/current_core_counts.csv
2026,2024,234076,234076012,Darden Sands Family Grounds,stalking,Stalking,vawa,noncampus,0,0,reported_numeric,123,116,L8848@P122: Stalking – 0 0 0 0 0 – 0 0 0 0 0 – 0 0 0 0 0,https://cleryact.virginia.edu/report#page=123,,tables_1.txt,263254f49fdd723664b96fed366f545e4c1dd13301135532d206322e019cdf17,0,0,"Official web-reader extraction; no local PDF bytes/hash. Dashes retain source nonapplicability, not reported zero.",public/uva_web/current_core_counts.csv
2026,2024,234076,234076012,Darden Sands Family Grounds,stalking,Stalking,vawa,publicproperty,0,0,reported_numeric,123,116,L8848@P122: Stalking – 0 0 0 0 0 – 0 0 0 0 0 – 0 0 0 0 0,https://cleryact.virginia.edu/report#page=123,,tables_1.txt,263254f49fdd723664b96fed366f545e4c1dd13301135532d206322e019cdf17,0,0,"Official web-reader extraction; no local PDF bytes/hash. Dashes retain source nonapplicability, not reported zero.",public/uva_web/current_core_counts.csv
2026,2023,234076,234076012,Darden Sands Family Grounds,stalking,Stalking,vawa,residential,,–,source_not_applicable,123,116,L8848@P122: Stalking – 0 0 0 0 0 – 0 0 0 0 0 – 0 0 0 0 0,https://cleryact.virginia.edu/report#page=123,,tables_1.txt,263254f49fdd723664b96fed366f545e4c1dd13301135532d206322e019cdf17,0,0,"Official web-reader extraction; no local PDF bytes/hash. Dashes retain source nonapplicability, not reported zero.",public/uva_web/current_core_counts.csv
2026,2023,234076,234076012,Darden Sands Family Grounds,stalking,Stalking,vawa,oncampus,0,0,reported_numeric,123,116,L8848@P122: Stalking – 0 0 0 0 0 – 0 0 0 0 0 – 0 0 0 0 0,https://cleryact.virginia.edu/report#page=123,,tables_1.txt,263254f49fdd723664b96fed366f545e4c1dd13301135532d206322e019cdf17,0,0,"Official web-reader extraction; no local PDF bytes/hash. Dashes retain source nonapplicability, not reported zero.",public/uva_web/current_core_counts.csv
2026,2023,234076,234076012,Darden Sands Family Grounds,stalking,Stalking,vawa,noncampus,0,0,reported_numeric,123,116,L8848@P122: Stalking – 0 0 0 0 0 – 0 0 0 0 0 – 0 0 0 0 0,https://cleryact.virginia.edu/report#page=123,,tables_1.txt,263254f49fdd723664b96fed366f545e4c1dd13301135532d206322e019cdf17,0,0,"Official web-reader extraction; no local PDF bytes/hash. Dashes retain source nonapplicability, not reported zero.",public/uva_web/current_core_counts.csv
2026,2023,234076,234076012,Darden Sands Family Grounds,stalking,Stalking,vawa,publicproperty,0,0,reported_numeric,123,116,L8848@P122: Stalking – 0 0 0 0 0 – 0 0 0 0 0 – 0 0 0 0 0,https://cleryact.virginia.edu/report#page=123,,tables_1.txt,263254f49fdd723664b96fed366f545e4c1dd13301135532d206322e019cdf17,0,0,"Official web-reader extraction; no local PDF bytes/hash. Dashes retain source nonapplicability, not reported zero.",public/uva_web/current_core_counts.csv
2026,2025,234076,234076009,Mountain Lake Biological Station,murder,Murder/Nonnegligent Manslaughter,criminal_offenses,residential,0,0,reported_numeric,131,124,L9241@P130: 0 0 – 0 0 0 0 0 – 0 0 0 0 0 – 0 0 0,https://cleryact.virginia.edu/report#page=131,,tables_1.txt,263254f49fdd723664b96fed366f545e4c1dd13301135532d206322e019cdf17,0,0,"Official web-reader extraction; no local PDF bytes/hash. Dashes retain source nonapplicability, not reported zero.",public/uva_web/current_core_counts.csv
2026,2025,234076,234076009,Mountain Lake Biological Station,murder,Murder/Nonnegligent Manslaughter,criminal_offenses,oncampus,0,0,reported_numeric,131,124,L9241@P130: 0 0 – 0 0 0 0 0 – 0 0 0 0 0 – 0 0 0,https://cleryact.virginia.edu/report#page=131,,tables_1.txt,263254f49fdd723664b96fed366f545e4c1dd13301135532d206322e019cdf17,0,0,"Official web-reader extraction; no local PDF bytes/hash. Dashes retain source nonapplicability, not reported zero.",public/uva_web/current_core_counts.csv
2026,2025,234076,234076009,Mountain Lake Biological Station,murder,Murder/Nonnegligent Manslaughter,criminal_offenses,noncampus,,–,source_not_applicable,131,124,L9241@P130: 0 0 – 0 0 0 0 0 – 0 0 0 0 0 – 0 0 0,https://cleryact.virginia.edu/report#page=131,,tables_1.txt,263254f49fdd723664b96fed366f545e4c1dd13301135532d206322e019cdf17,0,0,"Official web-reader extraction; no local PDF bytes/hash. Dashes retain source nonapplicability, not reported zero.",public/uva_web/current_core_counts.csv
2026,2025,234076,234076009,Mountain Lake Biological Station,murder,Murder/Nonnegligent Manslaughter,criminal_offenses,publicproperty,0,0,reported_numeric,131,124,L9241@P130: 0 0 – 0 0 0 0 0 – 0 0 0 0 0 – 0 0 0,https://cleryact.virginia.edu/report#page=131,,tables_1.txt,263254f49fdd723664b96fed366f545e4c1dd13301135532d206322e019cdf17,0,0,"Official web-reader extraction; no local PDF bytes/hash. Dashes retain source nonapplicability, not reported zero.",public/uva_web/current_core_counts.csv
2026,2024,234076,234076009,Mountain Lake Biological Station,murder,Murder/Nonnegligent Manslaughter,criminal_offenses,residential,0,0,reported_numeric,131,124,L9241@P130: 0 0 – 0 0 0 0 0 – 0 0 0 0 0 – 0 0 0,https://cleryact.virginia.edu/report#page=131,,tables_1.txt,263254f49fdd723664b96fed366f545e4c1dd13301135532d206322e019cdf17,0,0,"Official web-reader extraction; no local PDF bytes/hash. Dashes retain source nonapplicability, not reported zero.",public/uva_web/current_core_counts.csv
2026,2024,234076,234076009,Mountain Lake Biological Station,murder,Murder/Nonnegligent Manslaughter,criminal_offenses,oncampus,0,0,reported_numeric,131,124,L9241@P130: 0 0 – 0 0 0 0 0 – 0 0 0 0 0 – 0 0 0,https://cleryact.virginia.edu/report#page=131,,tables_1.txt,263254f49fdd723664b96fed366f545e4c1dd13301135532d206322e019cdf17,0,0,"Official web-reader extraction; no local PDF bytes/hash. Dashes retain source nonapplicability, not reported zero.",public/uva_web/current_core_counts.csv
2026,2024,234076,234076009,Mountain Lake Biological Station,murder,Murder/Nonnegligent Manslaughter,criminal_offenses,noncampus,,–,source_not_applicable,131,124,L9241@P130: 0 0 – 0 0 0 0 0 – 0 0 0 0 0 – 0 0 0,https://cleryact.virginia.edu/report#page=131,,tables_1.txt,263254f49fdd723664b96fed366f545e4c1dd13301135532d206322e019cdf17,0,0,"Official web-reader extraction; no local PDF bytes/hash. Dashes retain source nonapplicability, not reported zero.",public/uva_web/current_core_counts.csv
2026,2024,234076,234076009,Mountain Lake Biological Station,murder,Murder/Nonnegligent Manslaughter,criminal_offenses,publicproperty,0,0,reported_numeric,131,124,L9241@P130: 0 0 – 0 0 0 0 0 – 0 0 0 0 0 – 0 0 0,https://cleryact.virginia.edu/report#page=131,,tables_1.txt,263254f49fdd723664b96fed366f545e4c1dd13301135532d206322e019cdf17,0,0,"Official web-reader extraction; no local PDF bytes/hash. Dashes retain source nonapplicability, not reported zero.",public/uva_web/current_core_counts.csv
2026,2023,234076,234076009,Mountain Lake Biological Station,murder,Murder/Nonnegligent Manslaughter,criminal_offenses,residential,0,0,reported_numeric,131,124,L9241@P130: 0 0 – 0 0 0 0 0 – 0 0 0 0 0 – 0 0 0,https://cleryact.virginia.edu/report#page=131,,tables_1.txt,263254f49fdd723664b96fed366f545e4c1dd13301135532d206322e019cdf17,0,0,"Official web-reader extraction; no local PDF bytes/hash. Dashes retain source nonapplicability, not reported zero.",public/uva_web/current_core_counts.csv
2026,2023,234076,234076009,Mountain Lake Biological Station,murder,Murder/Nonnegligent Manslaughter,criminal_offenses,oncampus,0,0,reported_numeric,131,124,L9241@P130: 0 0 – 0 0 0 0 0 – 0 0 0 0 0 – 0 0 0,https://cleryact.virginia.edu/report#page=131,,tables_1.txt,263254f49fdd723664b96fed366f545e4c1dd13301135532d206322e019cdf17,0,0,"Official web-reader extraction; no local PDF bytes/hash. Dashes retain source nonapplicability, not reported zero.",public/uva_web/current_core_counts.csv
2026,2023,234076,234076009,Mountain Lake Biological Station,murder,Murder/Nonnegligent Manslaughter,criminal_offenses,noncampus,,–,source_not_applicable,131,124,L9241@P130: 0 0 – 0 0 0 0 0 – 0 0 0 0 0 – 0 0 0,https://cleryact.virginia.edu/report#page=131,,tables_1.txt,263254f49fdd723664b96fed366f545e4c1dd13301135532d206322e019cdf17,0,0,"Official web-reader extraction; no local PDF bytes/hash. Dashes retain source nonapplicability, not reported zero.",public/uva_web/current_core_counts.csv
2026,2023,234076,234076009,Mountain Lake Biological Station,murder,Murder/Nonnegligent Manslaughter,criminal_offenses,publicproperty,0,0,reported_numeric,131,124,L9241@P130: 0 0 – 0 0 0 0 0 – 0 0 0 0 0 – 0 0 0,https://cleryact.virginia.edu/report#page=131,,tables_1.txt,263254f49fdd723664b96fed366f545e4c1dd13301135532d206322e019cdf17,0,0,"Official web-reader extraction; no local PDF bytes/hash. Dashes retain source nonapplicability, not reported zero.",public/uva_web/current_core_counts.csv
2026,2025,234076,234076009,Mountain Lake Biological Station,negligent_manslaughter,Negligent Manslaughter,criminal_offenses,residential,0,0,reported_numeric,131,124,L9243@P130: Negligence 0 0 – 0 0 0 0 0 – 0 0 0 0 0 – 0 0 0,https://cleryact.virginia.edu/report#page=131,,tables_1.txt,263254f49fdd723664b96fed366f545e4c1dd13301135532d206322e019cdf17,0,0,"Official web-reader extraction; no local PDF bytes/hash. Dashes retain source nonapplicability, not reported zero.",public/uva_web/current_core_counts.csv
2026,2025,234076,234076009,Mountain Lake Biological Station,negligent_manslaughter,Negligent Manslaughter,criminal_offenses,oncampus,0,0,reported_numeric,131,124,L9243@P130: Negligence 0 0 – 0 0 0 0 0 – 0 0 0 0 0 – 0 0 0,https://cleryact.virginia.edu/report#page=131,,tables_1.txt,263254f49fdd723664b96fed366f545e4c1dd13301135532d206322e019cdf17,0,0,"Official web-reader extraction; no local PDF bytes/hash. Dashes retain source nonapplicability, not reported zero.",public/uva_web/current_core_counts.csv
2026,2025,234076,234076009,Mountain Lake Biological Station,negligent_manslaughter,Negligent Manslaughter,criminal_offenses,noncampus,,–,source_not_applicable,131,124,L9243@P130: Negligence 0 0 – 0 0 0 0 0 – 0 0 0 0 0 – 0 0 0,https://cleryact.virginia.edu/report#page=131,,tables_1.txt,263254f49fdd723664b96fed366f545e4c1dd13301135532d206322e019cdf17,0,0,"Official web-reader extraction; no local PDF bytes/hash. Dashes retain source nonapplicability, not reported zero.",public/uva_web/current_core_counts.csv
2026,2025,234076,234076009,Mountain Lake Biological Station,negligent_manslaughter,Negligent Manslaughter,criminal_offenses,publicproperty,0,0,reported_numeric,131,124,L9243@P130: Negligence 0 0 – 0 0 0 0 0 – 0 0 0 0 0 – 0 0 0,https://cleryact.virginia.edu/report#page=131,,tables_1.txt,263254f49fdd723664b96fed366f545e4c1dd13301135532d206322e019cdf17,0,0,"Official web-reader extraction; no local PDF bytes/hash. Dashes retain source nonapplicability, not reported zero.",public/uva_web/current_core_counts.csv
2026,2024,234076,234076009,Mountain Lake Biological Station,negligent_manslaughter,Negligent Manslaughter,criminal_offenses,residential,0,0,reported_numeric,131,124,L9243@P130: Negligence 0 0 – 0 0 0 0 0 – 0 0 0 0 0 – 0 0 0,https://cleryact.virginia.edu/report#page=131,,tables_1.txt,263254f49fdd723664b96fed366f545e4c1dd13301135532d206322e019cdf17,0,0,"Official web-reader extraction; no local PDF bytes/hash. Dashes retain source nonapplicability, not reported zero.",public/uva_web/current_core_counts.csv
2026,2024,234076,234076009,Mountain Lake Biological Station,negligent_manslaughter,Negligent Manslaughter,criminal_offenses,oncampus,0,0,reported_numeric,131,124,L9243@P130: Negligence 0 0 – 0 0 0 0 0 – 0 0 0 0 0 – 0 0 0,https://cleryact.virginia.edu/report#page=131,,tables_1.txt,263254f49fdd723664b96fed366f545e4c1dd13301135532d206322e019cdf17,0,0,"Official web-reader extraction; no local PDF bytes/hash. Dashes retain source nonapplicability, not reported zero.",public/uva_web/current_core_counts.csv
2026,2024,234076,234076009,Mountain Lake Biological Station,negligent_manslaughter,Negligent Manslaughter,criminal_offenses,noncampus,,–,source_not_applicable,131,124,L9243@P130: Negligence 0 0 – 0 0 0 0 0 – 0 0 0 0 0 – 0 0 0,https://cleryact.virginia.edu/report#page=131,,tables_1.txt,263254f49fdd723664b96fed366f545e4c1dd13301135532d206322e019cdf17,0,0,"Official web-reader extraction; no local PDF bytes/hash. Dashes retain source nonapplicability, not reported zero.",public/uva_web/current_core_counts.csv
2026,2024,234076,234076009,Mountain Lake Biological Station,negligent_manslaughter,Negligent Manslaughter,criminal_offenses,publicproperty,0,0,reported_numeric,131,124,L9243@P130: Negligence 0 0 – 0 0 0 0 0 – 0 0 0 0 0 – 0 0 0,https://cleryact.virginia.edu/report#page=131,,tables_1.txt,263254f49fdd723664b96fed366f545e4c1dd13301135532d206322e019cdf17,0,0,"Official web-reader extraction; no local PDF bytes/hash. Dashes retain source nonapplicability, not reported zero.",public/uva_web/current_core_counts.csv
2026,2023,234076,234076009,Mountain Lake Biological Station,negligent_manslaughter,Negligent Manslaughter,criminal_offenses,residential,0,0,reported_numeric,131,124,L9243@P130: Negligence 0 0 – 0 0 0 0 0 – 0 0 0 0 0 – 0 0 0,https://cleryact.virginia.edu/report#page=131,,tables_1.txt,263254f49fdd723664b96fed366f545e4c1dd13301135532d206322e019cdf17,0,0,"Official web-reader extraction; no local PDF bytes/hash. Dashes retain source nonapplicability, not reported zero.",public/uva_web/current_core_counts.csv
2026,2023,234076,234076009,Mountain Lake Biological Station,negligent_manslaughter,Negligent Manslaughter,criminal_offenses,oncampus,0,0,reported_numeric,131,124,L9243@P130: Negligence 0 0 – 0 0 0 0 0 – 0 0 0 0 0 – 0 0 0,https://cleryact.virginia.edu/report#page=131,,tables_1.txt,263254f49fdd723664b96fed366f545e4c1dd13301135532d206322e019cdf17,0,0,"Official web-reader extraction; no local PDF bytes/hash. Dashes retain source nonapplicability, not reported zero.",public/uva_web/current_core_counts.csv
2026,2023,234076,234076009,Mountain Lake Biological Station,negligent_manslaughter,Negligent Manslaughter,criminal_offenses,noncampus,,–,source_not_applicable,131,124,L9243@P130: Negligence 0 0 – 0 0 0 0 0 – 0 0 0 0 0 – 0 0 0,https://cleryact.virginia.edu/report#page=131,,tables_1.txt,263254f49fdd723664b96fed366f545e4c1dd13301135532d206322e019cdf17,0,0,"Official web-reader extraction; no local PDF bytes/hash. Dashes retain source nonapplicability, not reported zero.",public/uva_web/current_core_counts.csv
2026,2023,234076,234076009,Mountain Lake Biological Station,negligent_manslaughter,Negligent Manslaughter,criminal_offenses,publicproperty,0,0,reported_numeric,131,124,L9243@P130: Negligence 0 0 – 0 0 0 0 0 – 0 0 0 0 0 – 0 0 0,https://cleryact.virginia.edu/report#page=131,,tables_1.txt,263254f49fdd723664b96fed366f545e4c1dd13301135532d206322e019cdf17,0,0,"Official web-reader extraction; no local PDF bytes/hash. Dashes retain source nonapplicability, not reported zero.",public/uva_web/current_core_counts.csv
2026,2025,234076,234076009,Mountain Lake Biological Station,rape,Rape,criminal_offenses,residential,0,0,reported_numeric,131,124,L9244@P130: Rape 0 0 – 0 0 0 0 0 – 0 0 0 0 0 – 0 0 0,https://cleryact.virginia.edu/report#page=131,,tables_1.txt,263254f49fdd723664b96fed366f545e4c1dd13301135532d206322e019cdf17,0,0,"Official web-reader extraction; no local PDF bytes/hash. Dashes retain source nonapplicability, not reported zero.",public/uva_web/current_core_counts.csv
2026,2025,234076,234076009,Mountain Lake Biological Station,rape,Rape,criminal_offenses,oncampus,0,0,reported_numeric,131,124,L9244@P130: Rape 0 0 – 0 0 0 0 0 – 0 0 0 0 0 – 0 0 0,https://cleryact.virginia.edu/report#page=131,,tables_1.txt,263254f49fdd723664b96fed366f545e4c1dd13301135532d206322e019cdf17,0,0,"Official web-reader extraction; no local PDF bytes/hash. Dashes retain source nonapplicability, not reported zero.",public/uva_web/current_core_counts.csv
2026,2025,234076,234076009,Mountain Lake Biological Station,rape,Rape,criminal_offenses,noncampus,,–,source_not_applicable,131,124,L9244@P130: Rape 0 0 – 0 0 0 0 0 – 0 0 0 0 0 – 0 0 0,https://cleryact.virginia.edu/report#page=131,,tables_1.txt,263254f49fdd723664b96fed366f545e4c1dd13301135532d206322e019cdf17,0,0,"Official web-reader extraction; no local PDF bytes/hash. Dashes retain source nonapplicability, not reported zero.",public/uva_web/current_core_counts.csv
2026,2025,234076,234076009,Mountain Lake Biological Station,rape,Rape,criminal_offenses,publicproperty,0,0,reported_numeric,131,124,L9244@P130: Rape 0 0 – 0 0 0 0 0 – 0 0 0 0 0 – 0 0 0,https://cleryact.virginia.edu/report#page=131,,tables_1.txt,263254f49fdd723664b96fed366f545e4c1dd13301135532d206322e019cdf17,0,0,"Official web-reader extraction; no local PDF bytes/hash. Dashes retain source nonapplicability, not reported zero.",public/uva_web/current_core_counts.csv
2026,2024,234076,234076009,Mountain Lake Biological Station,rape,Rape,criminal_offenses,residential,0,0,reported_numeric,131,124,L9244@P130: Rape 0 0 – 0 0 0 0 0 – 0 0 0 0 0 – 0 0 0,https://cleryact.virginia.edu/report#page=131,,tables_1.txt,263254f49fdd723664b96fed366f545e4c1dd13301135532d206322e019cdf17,0,0,"Official web-reader extraction; no local PDF bytes/hash. Dashes retain source nonapplicability, not reported zero.",public/uva_web/current_core_counts.csv
2026,2024,234076,234076009,Mountain Lake Biological Station,rape,Rape,criminal_offenses,oncampus,0,0,reported_numeric,131,124,L9244@P130: Rape 0 0 – 0 0 0 0 0 – 0 0 0 0 0 – 0 0 0,https://cleryact.virginia.edu/report#page=131,,tables_1.txt,263254f49fdd723664b96fed366f545e4c1dd13301135532d206322e019cdf17,0,0,"Official web-reader extraction; no local PDF bytes/hash. Dashes retain source nonapplicability, not reported zero.",public/uva_web/current_core_counts.csv
2026,2024,234076,234076009,Mountain Lake Biological Station,rape,Rape,criminal_offenses,noncampus,,–,source_not_applicable,131,124,L9244@P130: Rape 0 0 – 0 0 0 0 0 – 0 0 0 0 0 – 0 0 0,https://cleryact.virginia.edu/report#page=131,,tables_1.txt,263254f49fdd723664b96fed366f545e4c1dd13301135532d206322e019cdf17,0,0,"Official web-reader extraction; no local PDF bytes/hash. Dashes retain source nonapplicability, not reported zero.",public/uva_web/current_core_counts.csv
2026,2024,234076,234076009,Mountain Lake Biological Station,rape,Rape,criminal_offenses,publicproperty,0,0,reported_numeric,131,124,L9244@P130: Rape 0 0 – 0 0 0 0 0 – 0 0 0 0 0 – 0 0 0,https://cleryact.virginia.edu/report#page=131,,tables_1.txt,263254f49fdd723664b96fed366f545e4c1dd13301135532d206322e019cdf17,0,0,"Official web-reader extraction; no local PDF bytes/hash. Dashes retain source nonapplicability, not reported zero.",public/uva_web/current_core_counts.csv
2026,2023,234076,234076009,Mountain Lake Biological Station,rape,Rape,criminal_offenses,residential,0,0,reported_numeric,131,124,L9244@P130: Rape 0 0 – 0 0 0 0 0 – 0 0 0 0 0 – 0 0 0,https://cleryact.virginia.edu/report#page=131,,tables_1.txt,263254f49fdd723664b96fed366f545e4c1dd13301135532d206322e019cdf17,0,0,"Official web-reader extraction; no local PDF bytes/hash. Dashes retain source nonapplicability, not reported zero.",public/uva_web/current_core_counts.csv
2026,2023,234076,234076009,Mountain Lake Biological Station,rape,Rape,criminal_offenses,oncampus,0,0,reported_numeric,131,124,L9244@P130: Rape 0 0 – 0 0 0 0 0 – 0 0 0 0 0 – 0 0 0,https://cleryact.virginia.edu/report#page=131,,tables_1.txt,263254f49fdd723664b96fed366f545e4c1dd13301135532d206322e019cdf17,0,0,"Official web-reader extraction; no local PDF bytes/hash. Dashes retain source nonapplicability, not reported zero.",public/uva_web/current_core_counts.csv
2026,2023,234076,234076009,Mountain Lake Biological Station,rape,Rape,criminal_offenses,noncampus,,–,source_not_applicable,131,124,L9244@P130: Rape 0 0 – 0 0 0 0 0 – 0 0 0 0 0 – 0 0 0,https://cleryact.virginia.edu/report#page=131,,tables_1.txt,263254f49fdd723664b96fed366f545e4c1dd13301135532d206322e019cdf17,0,0,"Official web-reader extraction; no local PDF bytes/hash. Dashes retain source nonapplicability, not reported zero.",public/uva_web/current_core_counts.csv
2026,2023,234076,234076009,Mountain Lake Biological Station,rape,Rape,criminal_offenses,publicproperty,0,0,reported_numeric,131,124,L9244@P130: Rape 0 0 – 0 0 0 0 0 – 0 0 0 0 0 – 0 0 0,https://cleryact.virginia.edu/report#page=131,,tables_1.txt,263254f49fdd723664b96fed366f545e4c1dd13301135532d206322e019cdf17,0,0,"Official web-reader extraction; no local PDF bytes/hash. Dashes retain source nonapplicability, not reported zero.",public/uva_web/current_core_counts.csv
2026,2025,234076,234076009,Mountain Lake Biological Station,fondling,Fondling,criminal_offenses,residential,0,0,reported_numeric,131,124,L9245@P130: Fondling 0 0 – 0 0 0 0 0 – 0 0 0 0 0 – 0 0 0,https://cleryact.virginia.edu/report#page=131,,tables_1.txt,263254f49fdd723664b96fed366f545e4c1dd13301135532d206322e019cdf17,0,0,"Official web-reader extraction; no local PDF bytes/hash. Dashes retain source nonapplicability, not reported zero.",public/uva_web/current_core_counts.csv
2026,2025,234076,234076009,Mountain Lake Biological Station,fondling,Fondling,criminal_offenses,oncampus,0,0,reported_numeric,131,124,L9245@P130: Fondling 0 0 – 0 0 0 0 0 – 0 0 0 0 0 – 0 0 0,https://cleryact.virginia.edu/report#page=131,,tables_1.txt,263254f49fdd723664b96fed366f545e4c1dd13301135532d206322e019cdf17,0,0,"Official web-reader extraction; no local PDF bytes/hash. Dashes retain source nonapplicability, not reported zero.",public/uva_web/current_core_counts.csv
2026,2025,234076,234076009,Mountain Lake Biological Station,fondling,Fondling,criminal_offenses,noncampus,,–,source_not_applicable,131,124,L9245@P130: Fondling 0 0 – 0 0 0 0 0 – 0 0 0 0 0 – 0 0 0,https://cleryact.virginia.edu/report#page=131,,tables_1.txt,263254f49fdd723664b96fed366f545e4c1dd13301135532d206322e019cdf17,0,0,"Official web-reader extraction; no local PDF bytes/hash. Dashes retain source nonapplicability, not reported zero.",public/uva_web/current_core_counts.csv
2026,2025,234076,234076009,Mountain Lake Biological Station,fondling,Fondling,criminal_offenses,publicproperty,0,0,reported_numeric,131,124,L9245@P130: Fondling 0 0 – 0 0 0 0 0 – 0 0 0 0 0 – 0 0 0,https://cleryact.virginia.edu/report#page=131,,tables_1.txt,263254f49fdd723664b96fed366f545e4c1dd13301135532d206322e019cdf17,0,0,"Official web-reader extraction; no local PDF bytes/hash. Dashes retain source nonapplicability, not reported zero.",public/uva_web/current_core_counts.csv
2026,2024,234076,234076009,Mountain Lake Biological Station,fondling,Fondling,criminal_offenses,residential,0,0,reported_numeric,131,124,L9245@P130: Fondling 0 0 – 0 0 0 0 0 – 0 0 0 0 0 – 0 0 0,https://cleryact.virginia.edu/report#page=131,,tables_1.txt,263254f49fdd723664b96fed366f545e4c1dd13301135532d206322e019cdf17,0,0,"Official web-reader extraction; no local PDF bytes/hash. Dashes retain source nonapplicability, not reported zero.",public/uva_web/current_core_counts.csv
2026,2024,234076,234076009,Mountain Lake Biological Station,fondling,Fondling,criminal_offenses,oncampus,0,0,reported_numeric,131,124,L9245@P130: Fondling 0 0 – 0 0 0 0 0 – 0 0 0 0 0 – 0 0 0,https://cleryact.virginia.edu/report#page=131,,tables_1.txt,263254f49fdd723664b96fed366f545e4c1dd13301135532d206322e019cdf17,0,0,"Official web-reader extraction; no local PDF bytes/hash. Dashes retain source nonapplicability, not reported zero.",public/uva_web/current_core_counts.csv
2026,2024,234076,234076009,Mountain Lake Biological Station,fondling,Fondling,criminal_offenses,noncampus,,–,source_not_applicable,131,124,L9245@P130: Fondling 0 0 – 0 0 0 0 0 – 0 0 0 0 0 – 0 0 0,https://cleryact.virginia.edu/report#page=131,,tables_1.txt,263254f49fdd723664b96fed366f545e4c1dd13301135532d206322e019cdf17,0,0,"Official web-reader extraction; no local PDF bytes/hash. Dashes retain source nonapplicability, not reported zero.",public/uva_web/current_core_counts.csv
2026,2024,234076,234076009,Mountain Lake Biological Station,fondling,Fondling,criminal_offenses,publicproperty,0,0,reported_numeric,131,124,L9245@P130: Fondling 0 0 – 0 0 0 0 0 – 0 0 0 0 0 – 0 0 0,https://cleryact.virginia.edu/report#page=131,,tables_1.txt,263254f49fdd723664b96fed366f545e4c1dd13301135532d206322e019cdf17,0,0,"Official web-reader extraction; no local PDF bytes/hash. Dashes retain source nonapplicability, not reported zero.",public/uva_web/current_core_counts.csv
2026,2023,234076,234076009,Mountain Lake Biological Station,fondling,Fondling,criminal_offenses,residential,0,0,reported_numeric,131,124,L9245@P130: Fondling 0 0 – 0 0 0 0 0 – 0 0 0 0 0 – 0 0 0,https://cleryact.virginia.edu/report#page=131,,tables_1.txt,263254f49fdd723664b96fed366f545e4c1dd13301135532d206322e019cdf17,0,0,"Official web-reader extraction; no local PDF bytes/hash. Dashes retain source nonapplicability, not reported zero.",public/uva_web/current_core_counts.csv
2026,2023,234076,234076009,Mountain Lake Biological Station,fondling,Fondling,criminal_offenses,oncampus,0,0,reported_numeric,131,124,L9245@P130: Fondling 0 0 – 0 0 0 0 0 – 0 0 0 0 0 – 0 0 0,https://cleryact.virginia.edu/report#page=131,,tables_1.txt,263254f49fdd723664b96fed366f545e4c1dd13301135532d206322e019cdf17,0,0,"Official web-reader extraction; no local PDF bytes/hash. Dashes retain source nonapplicability, not reported zero.",public/uva_web/current_core_counts.csv
2026,2023,234076,234076009,Mountain Lake Biological Station,fondling,Fondling,criminal_offenses,noncampus,,–,source_not_applicable,131,124,L9245@P130: Fondling 0 0 – 0 0 0 0 0 – 0 0 0 0 0 – 0 0 0,https://cleryact.virginia.edu/report#page=131,,tables_1.txt,263254f49fdd723664b96fed366f545e4c1dd13301135532d206322e019cdf17,0,0,"Official web-reader extraction; no local PDF bytes/hash. Dashes retain source nonapplicability, not reported zero.",public/uva_web/current_core_counts.csv
2026,2023,234076,234076009,Mountain Lake Biological Station,fondling,Fondling,criminal_offenses,publicproperty,0,0,reported_numeric,131,124,L9245@P130: Fondling 0 0 – 0 0 0 0 0 – 0 0 0 0 0 – 0 0 0,https://cleryact.virginia.edu/report#page=131,,tables_1.txt,263254f49fdd723664b96fed366f545e4c1dd13301135532d206322e019cdf17,0,0,"Official web-reader extraction; no local PDF bytes/hash. Dashes retain source nonapplicability, not reported zero.",public/uva_web/current_core_counts.csv
2026,2025,234076,234076009,Mountain Lake Biological Station,incest,Incest,criminal_offenses,residential,0,0,reported_numeric,131,124,L9246@P130: Incest 0 0 – 0 0 0 0 0 – 0 0 0 0 0 – 0 0 0,https://cleryact.virginia.edu/report#page=131,,tables_1.txt,263254f49fdd723664b96fed366f545e4c1dd13301135532d206322e019cdf17,0,0,"Official web-reader extraction; no local PDF bytes/hash. Dashes retain source nonapplicability, not reported zero.",public/uva_web/current_core_counts.csv
2026,2025,234076,234076009,Mountain Lake Biological Station,incest,Incest,criminal_offenses,oncampus,0,0,reported_numeric,131,124,L9246@P130: Incest 0 0 – 0 0 0 0 0 – 0 0 0 0 0 – 0 0 0,https://cleryact.virginia.edu/report#page=131,,tables_1.txt,263254f49fdd723664b96fed366f545e4c1dd13301135532d206322e019cdf17,0,0,"Official web-reader extraction; no local PDF bytes/hash. Dashes retain source nonapplicability, not reported zero.",public/uva_web/current_core_counts.csv
2026,2025,234076,234076009,Mountain Lake Biological Station,incest,Incest,criminal_offenses,noncampus,,–,source_not_applicable,131,124,L9246@P130: Incest 0 0 – 0 0 0 0 0 – 0 0 0 0 0 – 0 0 0,https://cleryact.virginia.edu/report#page=131,,tables_1.txt,263254f49fdd723664b96fed366f545e4c1dd13301135532d206322e019cdf17,0,0,"Official web-reader extraction; no local PDF bytes/hash. Dashes retain source nonapplicability, not reported zero.",public/uva_web/current_core_counts.csv
2026,2025,234076,234076009,Mountain Lake Biological Station,incest,Incest,criminal_offenses,publicproperty,0,0,reported_numeric,131,124,L9246@P130: Incest 0 0 – 0 0 0 0 0 – 0 0 0 0 0 – 0 0 0,https://cleryact.virginia.edu/report#page=131,,tables_1.txt,263254f49fdd723664b96fed366f545e4c1dd13301135532d206322e019cdf17,0,0,"Official web-reader extraction; no local PDF bytes/hash. Dashes retain source nonapplicability, not reported zero.",public/uva_web/current_core_counts.csv
2026,2024,234076,234076009,Mountain Lake Biological Station,incest,Incest,criminal_offenses,residential,0,0,reported_numeric,131,124,L9246@P130: Incest 0 0 – 0 0 0 0 0 – 0 0 0 0 0 – 0 0 0,https://cleryact.virginia.edu/report#page=131,,tables_1.txt,263254f49fdd723664b96fed366f545e4c1dd13301135532d206322e019cdf17,0,0,"Official web-reader extraction; no local PDF bytes/hash. Dashes retain source nonapplicability, not reported zero.",public/uva_web/current_core_counts.csv
2026,2024,234076,234076009,Mountain Lake Biological Station,incest,Incest,criminal_offenses,oncampus,0,0,reported_numeric,131,124,L9246@P130: Incest 0 0 – 0 0 0 0 0 – 0 0 0 0 0 – 0 0 0,https://cleryact.virginia.edu/report#page=131,,tables_1.txt,263254f49fdd723664b96fed366f545e4c1dd13301135532d206322e019cdf17,0,0,"Official web-reader extraction; no local PDF bytes/hash. Dashes retain source nonapplicability, not reported zero.",public/uva_web/current_core_counts.csv
2026,2024,234076,234076009,Mountain Lake Biological Station,incest,Incest,criminal_offenses,noncampus,,–,source_not_applicable,131,124,L9246@P130: Incest 0 0 – 0 0 0 0 0 – 0 0 0 0 0 – 0 0 0,https://cleryact.virginia.edu/report#page=131,,tables_1.txt,263254f49fdd723664b96fed366f545e4c1dd13301135532d206322e019cdf17,0,0,"Official web-reader extraction; no local PDF bytes/hash. Dashes retain source nonapplicability, not reported zero.",public/uva_web/current_core_counts.csv
2026,2024,234076,234076009,Mountain Lake Biological Station,incest,Incest,criminal_offenses,publicproperty,0,0,reported_numeric,131,124,L9246@P130: Incest 0 0 – 0 0 0 0 0 – 0 0 0 0 0 – 0 0 0,https://cleryact.virginia.edu/report#page=131,,tables_1.txt,263254f49fdd723664b96fed366f545e4c1dd13301135532d206322e019cdf17,0,0,"Official web-reader extraction; no local PDF bytes/hash. Dashes retain source nonapplicability, not reported zero.",public/uva_web/current_core_counts.csv
2026,2023,234076,234076009,Mountain Lake Biological Station,incest,Incest,criminal_offenses,residential,0,0,reported_numeric,131,124,L9246@P130: Incest 0 0 – 0 0 0 0 0 – 0 0 0 0 0 – 0 0 0,https://cleryact.virginia.edu/report#page=131,,tables_1.txt,263254f49fdd723664b96fed366f545e4c1dd13301135532d206322e019cdf17,0,0,"Official web-reader extraction; no local PDF bytes/hash. Dashes retain source nonapplicability, not reported zero.",public/uva_web/current_core_counts.csv
2026,2023,234076,234076009,Mountain Lake Biological Station,incest,Incest,criminal_offenses,oncampus,0,0,reported_numeric,131,124,L9246@P130: Incest 0 0 – 0 0 0 0 0 – 0 0 0 0 0 – 0 0 0,https://cleryact.virginia.edu/report#page=131,,tables_1.txt,263254f49fdd723664b96fed366f545e4c1dd13301135532d206322e019cdf17,0,0,"Official web-reader extraction; no local PDF bytes/hash. Dashes retain source nonapplicability, not reported zero.",public/uva_web/current_core_counts.csv
2026,2023,234076,234076009,Mountain Lake Biological Station,incest,Incest,criminal_offenses,noncampus,,–,source_not_applicable,131,124,L9246@P130: Incest 0 0 – 0 0 0 0 0 – 0 0 0 0 0 – 0 0 0,https://cleryact.virginia.edu/report#page=131,,tables_1.txt,263254f49fdd723664b96fed366f545e4c1dd13301135532d206322e019cdf17,0,0,"Official web-reader extraction; no local PDF bytes/hash. Dashes retain source nonapplicability, not reported zero.",public/uva_web/current_core_counts.csv
2026,2023,234076,234076009,Mountain Lake Biological Station,incest,Incest,criminal_offenses,publicproperty,0,0,reported_numeric,131,124,L9246@P130: Incest 0 0 – 0 0 0 0 0 – 0 0 0 0 0 – 0 0 0,https://cleryact.virginia.edu/report#page=131,,tables_1.txt,263254f49fdd723664b96fed366f545e4c1dd13301135532d206322e019cdf17,0,0,"Official web-reader extraction; no local PDF bytes/hash. Dashes retain source nonapplicability, not reported zero.",public/uva_web/current_core_counts.csv
2026,2025,234076,234076009,Mountain Lake Biological Station,statutory_rape,Statutory Rape,criminal_offenses,residential,0,0,reported_numeric,131,124,L9247@P130: Statutory Rape 0 0 – 0 0 0 0 0 – 0 0 0 0 0 – 0 0 0,https://cleryact.virginia.edu/report#page=131,,tables_1.txt,263254f49fdd723664b96fed366f545e4c1dd13301135532d206322e019cdf17,0,0,"Official web-reader extraction; no local PDF bytes/hash. Dashes retain source nonapplicability, not reported zero.",public/uva_web/current_core_counts.csv
2026,2025,234076,234076009,Mountain Lake Biological Station,statutory_rape,Statutory Rape,criminal_offenses,oncampus,0,0,reported_numeric,131,124,L9247@P130: Statutory Rape 0 0 – 0 0 0 0 0 – 0 0 0 0 0 – 0 0 0,https://cleryact.virginia.edu/report#page=131,,tables_1.txt,263254f49fdd723664b96fed366f545e4c1dd13301135532d206322e019cdf17,0,0,"Official web-reader extraction; no local PDF bytes/hash. Dashes retain source nonapplicability, not reported zero.",public/uva_web/current_core_counts.csv
2026,2025,234076,234076009,Mountain Lake Biological Station,statutory_rape,Statutory Rape,criminal_offenses,noncampus,,–,source_not_applicable,131,124,L9247@P130: Statutory Rape 0 0 – 0 0 0 0 0 – 0 0 0 0 0 – 0 0 0,https://cleryact.virginia.edu/report#page=131,,tables_1.txt,263254f49fdd723664b96fed366f545e4c1dd13301135532d206322e019cdf17,0,0,"Official web-reader extraction; no local PDF bytes/hash. Dashes retain source nonapplicability, not reported zero.",public/uva_web/current_core_counts.csv
2026,2025,234076,234076009,Mountain Lake Biological Station,statutory_rape,Statutory Rape,criminal_offenses,publicproperty,0,0,reported_numeric,131,124,L9247@P130: Statutory Rape 0 0 – 0 0 0 0 0 – 0 0 0 0 0 – 0 0 0,https://cleryact.virginia.edu/report#page=131,,tables_1.txt,263254f49fdd723664b96fed366f545e4c1dd13301135532d206322e019cdf17,0,0,"Official web-reader extraction; no local PDF bytes/hash. Dashes retain source nonapplicability, not reported zero.",public/uva_web/current_core_counts.csv
2026,2024,234076,234076009,Mountain Lake Biological Station,statutory_rape,Statutory Rape,criminal_offenses,residential,0,0,reported_numeric,131,124,L9247@P130: Statutory Rape 0 0 – 0 0 0 0 0 – 0 0 0 0 0 – 0 0 0,https://cleryact.virginia.edu/report#page=131,,tables_1.txt,263254f49fdd723664b96fed366f545e4c1dd13301135532d206322e019cdf17,0,0,"Official web-reader extraction; no local PDF bytes/hash. Dashes retain source nonapplicability, not reported zero.",public/uva_web/current_core_counts.csv
2026,2024,234076,234076009,Mountain Lake Biological Station,statutory_rape,Statutory Rape,criminal_offenses,oncampus,0,0,reported_numeric,131,124,L9247@P130: Statutory Rape 0 0 – 0 0 0 0 0 – 0 0 0 0 0 – 0 0 0,https://cleryact.virginia.edu/report#page=131,,tables_1.txt,263254f49fdd723664b96fed366f545e4c1dd13301135532d206322e019cdf17,0,0,"Official web-reader extraction; no local PDF bytes/hash. Dashes retain source nonapplicability, not reported zero.",public/uva_web/current_core_counts.csv
2026,2024,234076,234076009,Mountain Lake Biological Station,statutory_rape,Statutory Rape,criminal_offenses,noncampus,,–,source_not_applicable,131,124,L9247@P130: Statutory Rape 0 0 – 0 0 0 0 0 – 0 0 0 0 0 – 0 0 0,https://cleryact.virginia.edu/report#page=131,,tables_1.txt,263254f49fdd723664b96fed366f545e4c1dd13301135532d206322e019cdf17,0,0,"Official web-reader extraction; no local PDF bytes/hash. Dashes retain source nonapplicability, not reported zero.",public/uva_web/current_core_counts.csv
2026,2024,234076,234076009,Mountain Lake Biological Station,statutory_rape,Statutory Rape,criminal_offenses,publicproperty,0,0,reported_numeric,131,124,L9247@P130: Statutory Rape 0 0 – 0 0 0 0 0 – 0 0 0 0 0 – 0 0 0,https://cleryact.virginia.edu/report#page=131,,tables_1.txt,263254f49fdd723664b96fed366f545e4c1dd13301135532d206322e019cdf17,0,0,"Official web-reader extraction; no local PDF bytes/hash. Dashes retain source nonapplicability, not reported zero.",public/uva_web/current_core_counts.csv
2026,2023,234076,234076009,Mountain Lake Biological Station,statutory_rape,Statutory Rape,criminal_offenses,residential,0,0,reported_numeric,131,124,L9247@P130: Statutory Rape 0 0 – 0 0 0 0 0 – 0 0 0 0 0 – 0 0 0,https://cleryact.virginia.edu/report#page=131,,tables_1.txt,263254f49fdd723664b96fed366f545e4c1dd13301135532d206322e019cdf17,0,0,"Official web-reader extraction; no local PDF bytes/hash. Dashes retain source nonapplicability, not reported zero.",public/uva_web/current_core_counts.csv
2026,2023,234076,234076009,Mountain Lake Biological Station,statutory_rape,Statutory Rape,criminal_offenses,oncampus,0,0,reported_numeric,131,124,L9247@P130: Statutory Rape 0 0 – 0 0 0 0 0 – 0 0 0 0 0 – 0 0 0,https://cleryact.virginia.edu/report#page=131,,tables_1.txt,263254f49fdd723664b96fed366f545e4c1dd13301135532d206322e019cdf17,0,0,"Official web-reader extraction; no local PDF bytes/hash. Dashes retain source nonapplicability, not reported zero.",public/uva_web/current_core_counts.csv
2026,2023,234076,234076009,Mountain Lake Biological Station,statutory_rape,Statutory Rape,criminal_offenses,noncampus,,–,source_not_applicable,131,124,L9247@P130: Statutory Rape 0 0 – 0 0 0 0 0 – 0 0 0 0 0 – 0 0 0,https://cleryact.virginia.edu/report#page=131,,tables_1.txt,263254f49fdd723664b96fed366f545e4c1dd13301135532d206322e019cdf17,0,0,"Official web-reader extraction; no local PDF bytes/hash. Dashes retain source nonapplicability, not reported zero.",public/uva_web/current_core_counts.csv
2026,2023,234076,234076009,Mountain Lake Biological Station,statutory_rape,Statutory Rape,criminal_offenses,publicproperty,0,0,reported_numeric,131,124,L9247@P130: Statutory Rape 0 0 – 0 0 0 0 0 – 0 0 0 0 0 – 0 0 0,https://cleryact.virginia.edu/report#page=131,,tables_1.txt,263254f49fdd723664b96fed366f545e4c1dd13301135532d206322e019cdf17,0,0,"Official web-reader extraction; no local PDF bytes/hash. Dashes retain source nonapplicability, not reported zero.",public/uva_web/current_core_counts.csv
2026,2025,234076,234076009,Mountain Lake Biological Station,robbery,Robbery,criminal_offenses,residential,0,0,reported_numeric,131,124,L9248@P130: Robbery 0 0 – 0 0 0 0 0 – 0 0 0 0 0 – 0 0 0,https://cleryact.virginia.edu/report#page=131,,tables_1.txt,263254f49fdd723664b96fed366f545e4c1dd13301135532d206322e019cdf17,0,0,"Official web-reader extraction; no local PDF bytes/hash. Dashes retain source nonapplicability, not reported zero.",public/uva_web/current_core_counts.csv
2026,2025,234076,234076009,Mountain Lake Biological Station,robbery,Robbery,criminal_offenses,oncampus,0,0,reported_numeric,131,124,L9248@P130: Robbery 0 0 – 0 0 0 0 0 – 0 0 0 0 0 – 0 0 0,https://cleryact.virginia.edu/report#page=131,,tables_1.txt,263254f49fdd723664b96fed366f545e4c1dd13301135532d206322e019cdf17,0,0,"Official web-reader extraction; no local PDF bytes/hash. Dashes retain source nonapplicability, not reported zero.",public/uva_web/current_core_counts.csv
2026,2025,234076,234076009,Mountain Lake Biological Station,robbery,Robbery,criminal_offenses,noncampus,,–,source_not_applicable,131,124,L9248@P130: Robbery 0 0 – 0 0 0 0 0 – 0 0 0 0 0 – 0 0 0,https://cleryact.virginia.edu/report#page=131,,tables_1.txt,263254f49fdd723664b96fed366f545e4c1dd13301135532d206322e019cdf17,0,0,"Official web-reader extraction; no local PDF bytes/hash. Dashes retain source nonapplicability, not reported zero.",public/uva_web/current_core_counts.csv
2026,2025,234076,234076009,Mountain Lake Biological Station,robbery,Robbery,criminal_offenses,publicproperty,0,0,reported_numeric,131,124,L9248@P130: Robbery 0 0 – 0 0 0 0 0 – 0 0 0 0 0 – 0 0 0,https://cleryact.virginia.edu/report#page=131,,tables_1.txt,263254f49fdd723664b96fed366f545e4c1dd13301135532d206322e019cdf17,0,0,"Official web-reader extraction; no local PDF bytes/hash. Dashes retain source nonapplicability, not reported zero.",public/uva_web/current_core_counts.csv
2026,2024,234076,234076009,Mountain Lake Biological Station,robbery,Robbery,criminal_offenses,residential,0,0,reported_numeric,131,124,L9248@P130: Robbery 0 0 – 0 0 0 0 0 – 0 0 0 0 0 – 0 0 0,https://cleryact.virginia.edu/report#page=131,,tables_1.txt,263254f49fdd723664b96fed366f545e4c1dd13301135532d206322e019cdf17,0,0,"Official web-reader extraction; no local PDF bytes/hash. Dashes retain source nonapplicability, not reported zero.",public/uva_web/current_core_counts.csv
2026,2024,234076,234076009,Mountain Lake Biological Station,robbery,Robbery,criminal_offenses,oncampus,0,0,reported_numeric,131,124,L9248@P130: Robbery 0 0 – 0 0 0 0 0 – 0 0 0 0 0 – 0 0 0,https://cleryact.virginia.edu/report#page=131,,tables_1.txt,263254f49fdd723664b96fed366f545e4c1dd13301135532d206322e019cdf17,0,0,"Official web-reader extraction; no local PDF bytes/hash. Dashes retain source nonapplicability, not reported zero.",public/uva_web/current_core_counts.csv
2026,2024,234076,234076009,Mountain Lake Biological Station,robbery,Robbery,criminal_offenses,noncampus,,–,source_not_applicable,131,124,L9248@P130: Robbery 0 0 – 0 0 0 0 0 – 0 0 0 0 0 – 0 0 0,https://cleryact.virginia.edu/report#page=131,,tables_1.txt,263254f49fdd723664b96fed366f545e4c1dd13301135532d206322e019cdf17,0,0,"Official web-reader extraction; no local PDF bytes/hash. Dashes retain source nonapplicability, not reported zero.",public/uva_web/current_core_counts.csv
2026,2024,234076,234076009,Mountain Lake Biological Station,robbery,Robbery,criminal_offenses,publicproperty,0,0,reported_numeric,131,124,L9248@P130: Robbery 0 0 – 0 0 0 0 0 – 0 0 0 0 0 – 0 0 0,https://cleryact.virginia.edu/report#page=131,,tables_1.txt,263254f49fdd723664b96fed366f545e4c1dd13301135532d206322e019cdf17,0,0,"Official web-reader extraction; no local PDF bytes/hash. Dashes retain source nonapplicability, not reported zero.",public/uva_web/current_core_counts.csv
2026,2023,234076,234076009,Mountain Lake Biological Station,robbery,Robbery,criminal_offenses,residential,0,0,reported_numeric,131,124,L9248@P130: Robbery 0 0 – 0 0 0 0 0 – 0 0 0 0 0 – 0 0 0,https://cleryact.virginia.edu/report#page=131,,tables_1.txt,263254f49fdd723664b96fed366f545e4c1dd13301135532d206322e019cdf17,0,0,"Official web-reader extraction; no local PDF bytes/hash. Dashes retain source nonapplicability, not reported zero.",public/uva_web/current_core_counts.csv
2026,2023,234076,234076009,Mountain Lake Biological Station,robbery,Robbery,criminal_offenses,oncampus,0,0,reported_numeric,131,124,L9248@P130: Robbery 0 0 – 0 0 0 0 0 – 0 0 0 0 0 – 0 0 0,https://cleryact.virginia.edu/report#page=131,,tables_1.txt,263254f49fdd723664b96fed366f545e4c1dd13301135532d206322e019cdf17,0,0,"Official web-reader extraction; no local PDF bytes/hash. Dashes retain source nonapplicability, not reported zero.",public/uva_web/current_core_counts.csv
2026,2023,234076,234076009,Mountain Lake Biological Station,robbery,Robbery,criminal_offenses,noncampus,,–,source_not_applicable,131,124,L9248@P130: Robbery 0 0 – 0 0 0 0 0 – 0 0 0 0 0 – 0 0 0,https://cleryact.virginia.edu/report#page=131,,tables_1.txt,263254f49fdd723664b96fed366f545e4c1dd13301135532d206322e019cdf17,0,0,"Official web-reader extraction; no local PDF bytes/hash. Dashes retain source nonapplicability, not reported zero.",public/uva_web/current_core_counts.csv
2026,2023,234076,234076009,Mountain Lake Biological Station,robbery,Robbery,criminal_offenses,publicproperty,0,0,reported_numeric,131,124,L9248@P130: Robbery 0 0 – 0 0 0 0 0 – 0 0 0 0 0 – 0 0 0,https://cleryact.virginia.edu/report#page=131,,tables_1.txt,263254f49fdd723664b96fed366f545e4c1dd13301135532d206322e019cdf17,0,0,"Official web-reader extraction; no local PDF bytes/hash. Dashes retain source nonapplicability, not reported zero.",public/uva_web/current_core_counts.csv
2026,2025,234076,234076009,Mountain Lake Biological Station,aggravated_assault,Aggravated Assault,criminal_offenses,residential,0,0,reported_numeric,131,124,L9250@P130: Assault 0 0 – 0 0 0 0 0 – 0 0 0 0 0 – 0 0 0,https://cleryact.virginia.edu/report#page=131,,tables_1.txt,263254f49fdd723664b96fed366f545e4c1dd13301135532d206322e019cdf17,0,0,"Official web-reader extraction; no local PDF bytes/hash. Dashes retain source nonapplicability, not reported zero.",public/uva_web/current_core_counts.csv
2026,2025,234076,234076009,Mountain Lake Biological Station,aggravated_assault,Aggravated Assault,criminal_offenses,oncampus,0,0,reported_numeric,131,124,L9250@P130: Assault 0 0 – 0 0 0 0 0 – 0 0 0 0 0 – 0 0 0,https://cleryact.virginia.edu/report#page=131,,tables_1.txt,263254f49fdd723664b96fed366f545e4c1dd13301135532d206322e019cdf17,0,0,"Official web-reader extraction; no local PDF bytes/hash. Dashes retain source nonapplicability, not reported zero.",public/uva_web/current_core_counts.csv
2026,2025,234076,234076009,Mountain Lake Biological Station,aggravated_assault,Aggravated Assault,criminal_offenses,noncampus,,–,source_not_applicable,131,124,L9250@P130: Assault 0 0 – 0 0 0 0 0 – 0 0 0 0 0 – 0 0 0,https://cleryact.virginia.edu/report#page=131,,tables_1.txt,263254f49fdd723664b96fed366f545e4c1dd13301135532d206322e019cdf17,0,0,"Official web-reader extraction; no local PDF bytes/hash. Dashes retain source nonapplicability, not reported zero.",public/uva_web/current_core_counts.csv
2026,2025,234076,234076009,Mountain Lake Biological Station,aggravated_assault,Aggravated Assault,criminal_offenses,publicproperty,0,0,reported_numeric,131,124,L9250@P130: Assault 0 0 – 0 0 0 0 0 – 0 0 0 0 0 – 0 0 0,https://cleryact.virginia.edu/report#page=131,,tables_1.txt,263254f49fdd723664b96fed366f545e4c1dd13301135532d206322e019cdf17,0,0,"Official web-reader extraction; no local PDF bytes/hash. Dashes retain source nonapplicability, not reported zero.",public/uva_web/current_core_counts.csv
2026,2024,234076,234076009,Mountain Lake Biological Station,aggravated_assault,Aggravated Assault,criminal_offenses,residential,0,0,reported_numeric,131,124,L9250@P130: Assault 0 0 – 0 0 0 0 0 – 0 0 0 0 0 – 0 0 0,https://cleryact.virginia.edu/report#page=131,,tables_1.txt,263254f49fdd723664b96fed366f545e4c1dd13301135532d206322e019cdf17,0,0,"Official web-reader extraction; no local PDF bytes/hash. Dashes retain source nonapplicability, not reported zero.",public/uva_web/current_core_counts.csv
2026,2024,234076,234076009,Mountain Lake Biological Station,aggravated_assault,Aggravated Assault,criminal_offenses,oncampus,0,0,reported_numeric,131,124,L9250@P130: Assault 0 0 – 0 0 0 0 0 – 0 0 0 0 0 – 0 0 0,https://cleryact.virginia.edu/report#page=131,,tables_1.txt,263254f49fdd723664b96fed366f545e4c1dd13301135532d206322e019cdf17,0,0,"Official web-reader extraction; no local PDF bytes/hash. Dashes retain source nonapplicability, not reported zero.",public/uva_web/current_core_counts.csv
2026,2024,234076,234076009,Mountain Lake Biological Station,aggravated_assault,Aggravated Assault,criminal_offenses,noncampus,,–,source_not_applicable,131,124,L9250@P130: Assault 0 0 – 0 0 0 0 0 – 0 0 0 0 0 – 0 0 0,https://cleryact.virginia.edu/report#page=131,,tables_1.txt,263254f49fdd723664b96fed366f545e4c1dd13301135532d206322e019cdf17,0,0,"Official web-reader extraction; no local PDF bytes/hash. Dashes retain source nonapplicability, not reported zero.",public/uva_web/current_core_counts.csv
2026,2024,234076,234076009,Mountain Lake Biological Station,aggravated_assault,Aggravated Assault,criminal_offenses,publicproperty,0,0,reported_numeric,131,124,L9250@P130: Assault 0 0 – 0 0 0 0 0 – 0 0 0 0 0 – 0 0 0,https://cleryact.virginia.edu/report#page=131,,tables_1.txt,263254f49fdd723664b96fed366f545e4c1dd13301135532d206322e019cdf17,0,0,"Official web-reader extraction; no local PDF bytes/hash. Dashes retain source nonapplicability, not reported zero.",public/uva_web/current_core_counts.csv
2026,2023,234076,234076009,Mountain Lake Biological Station,aggravated_assault,Aggravated Assault,criminal_offenses,residential,0,0,reported_numeric,131,124,L9250@P130: Assault 0 0 – 0 0 0 0 0 – 0 0 0 0 0 – 0 0 0,https://cleryact.virginia.edu/report#page=131,,tables_1.txt,263254f49fdd723664b96fed366f545e4c1dd13301135532d206322e019cdf17,0,0,"Official web-reader extraction; no local PDF bytes/hash. Dashes retain source nonapplicability, not reported zero.",public/uva_web/current_core_counts.csv
2026,2023,234076,234076009,Mountain Lake Biological Station,aggravated_assault,Aggravated Assault,criminal_offenses,oncampus,0,0,reported_numeric,131,124,L9250@P130: Assault 0 0 – 0 0 0 0 0 – 0 0 0 0 0 – 0 0 0,https://cleryact.virginia.edu/report#page=131,,tables_1.txt,263254f49fdd723664b96fed366f545e4c1dd13301135532d206322e019cdf17,0,0,"Official web-reader extraction; no local PDF bytes/hash. Dashes retain source nonapplicability, not reported zero.",public/uva_web/current_core_counts.csv
2026,2023,234076,234076009,Mountain Lake Biological Station,aggravated_assault,Aggravated Assault,criminal_offenses,noncampus,,–,source_not_applicable,131,124,L9250@P130: Assault 0 0 – 0 0 0 0 0 – 0 0 0 0 0 – 0 0 0,https://cleryact.virginia.edu/report#page=131,,tables_1.txt,263254f49fdd723664b96fed366f545e4c1dd13301135532d206322e019cdf17,0,0,"Official web-reader extraction; no local PDF bytes/hash. Dashes retain source nonapplicability, not reported zero.",public/uva_web/current_core_counts.csv
2026,2023,234076,234076009,Mountain Lake Biological Station,aggravated_assault,Aggravated Assault,criminal_offenses,publicproperty,0,0,reported_numeric,131,124,L9250@P130: Assault 0 0 – 0 0 0 0 0 – 0 0 0 0 0 – 0 0 0,https://cleryact.virginia.edu/report#page=131,,tables_1.txt,263254f49fdd723664b96fed366f545e4c1dd13301135532d206322e019cdf17,0,0,"Official web-reader extraction; no local PDF bytes/hash. Dashes retain source nonapplicability, not reported zero.",public/uva_web/current_core_counts.csv
2026,2025,234076,234076009,Mountain Lake Biological Station,burglary,Burglary,criminal_offenses,residential,0,0,reported_numeric,131,124,L9251@P130: Burglary 0 0 – 0 0 0 0 0 – 0 0 0 0 1 – 0 1 0,https://cleryact.virginia.edu/report#page=131,,tables_1.txt,263254f49fdd723664b96fed366f545e4c1dd13301135532d206322e019cdf17,0,0,"Official web-reader extraction; no local PDF bytes/hash. Dashes retain source nonapplicability, not reported zero.",public/uva_web/current_core_counts.csv
2026,2025,234076,234076009,Mountain Lake Biological Station,burglary,Burglary,criminal_offenses,oncampus,0,0,reported_numeric,131,124,L9251@P130: Burglary 0 0 – 0 0 0 0 0 – 0 0 0 0 1 – 0 1 0,https://cleryact.virginia.edu/report#page=131,,tables_1.txt,263254f49fdd723664b96fed366f545e4c1dd13301135532d206322e019cdf17,0,0,"Official web-reader extraction; no local PDF bytes/hash. Dashes retain source nonapplicability, not reported zero.",public/uva_web/current_core_counts.csv
2026,2025,234076,234076009,Mountain Lake Biological Station,burglary,Burglary,criminal_offenses,noncampus,,–,source_not_applicable,131,124,L9251@P130: Burglary 0 0 – 0 0 0 0 0 – 0 0 0 0 1 – 0 1 0,https://cleryact.virginia.edu/report#page=131,,tables_1.txt,263254f49fdd723664b96fed366f545e4c1dd13301135532d206322e019cdf17,0,0,"Official web-reader extraction; no local PDF bytes/hash. Dashes retain source nonapplicability, not reported zero.",public/uva_web/current_core_counts.csv
2026,2025,234076,234076009,Mountain Lake Biological Station,burglary,Burglary,criminal_offenses,publicproperty,0,0,reported_numeric,131,124,L9251@P130: Burglary 0 0 – 0 0 0 0 0 – 0 0 0 0 1 – 0 1 0,https://cleryact.virginia.edu/report#page=131,,tables_1.txt,263254f49fdd723664b96fed366f545e4c1dd13301135532d206322e019cdf17,0,0,"Official web-reader extraction; no local PDF bytes/hash. Dashes retain source nonapplicability, not reported zero.",public/uva_web/current_core_counts.csv
2026,2024,234076,234076009,Mountain Lake Biological Station,burglary,Burglary,criminal_offenses,residential,0,0,reported_numeric,131,124,L9251@P130: Burglary 0 0 – 0 0 0 0 0 – 0 0 0 0 1 – 0 1 0,https://cleryact.virginia.edu/report#page=131,,tables_1.txt,263254f49fdd723664b96fed366f545e4c1dd13301135532d206322e019cdf17,0,0,"Official web-reader extraction; no local PDF bytes/hash. Dashes retain source nonapplicability, not reported zero.",public/uva_web/current_core_counts.csv
2026,2024,234076,234076009,Mountain Lake Biological Station,burglary,Burglary,criminal_offenses,oncampus,0,0,reported_numeric,131,124,L9251@P130: Burglary 0 0 – 0 0 0 0 0 – 0 0 0 0 1 – 0 1 0,https://cleryact.virginia.edu/report#page=131,,tables_1.txt,263254f49fdd723664b96fed366f545e4c1dd13301135532d206322e019cdf17,0,0,"Official web-reader extraction; no local PDF bytes/hash. Dashes retain source nonapplicability, not reported zero.",public/uva_web/current_core_counts.csv
2026,2024,234076,234076009,Mountain Lake Biological Station,burglary,Burglary,criminal_offenses,noncampus,,–,source_not_applicable,131,124,L9251@P130: Burglary 0 0 – 0 0 0 0 0 – 0 0 0 0 1 – 0 1 0,https://cleryact.virginia.edu/report#page=131,,tables_1.txt,263254f49fdd723664b96fed366f545e4c1dd13301135532d206322e019cdf17,0,0,"Official web-reader extraction; no local PDF bytes/hash. Dashes retain source nonapplicability, not reported zero.",public/uva_web/current_core_counts.csv
2026,2024,234076,234076009,Mountain Lake Biological Station,burglary,Burglary,criminal_offenses,publicproperty,0,0,reported_numeric,131,124,L9251@P130: Burglary 0 0 – 0 0 0 0 0 – 0 0 0 0 1 – 0 1 0,https://cleryact.virginia.edu/report#page=131,,tables_1.txt,263254f49fdd723664b96fed366f545e4c1dd13301135532d206322e019cdf17,0,0,"Official web-reader extraction; no local PDF bytes/hash. Dashes retain source nonapplicability, not reported zero.",public/uva_web/current_core_counts.csv
2026,2023,234076,234076009,Mountain Lake Biological Station,burglary,Burglary,criminal_offenses,residential,0,0,reported_numeric,131,124,L9251@P130: Burglary 0 0 – 0 0 0 0 0 – 0 0 0 0 1 – 0 1 0,https://cleryact.virginia.edu/report#page=131,,tables_1.txt,263254f49fdd723664b96fed366f545e4c1dd13301135532d206322e019cdf17,1,0,"Official web-reader extraction; no local PDF bytes/hash. Dashes retain source nonapplicability, not reported zero.",public/uva_web/current_core_counts.csv
2026,2023,234076,234076009,Mountain Lake Biological Station,burglary,Burglary,criminal_offenses,oncampus,1,1,reported_numeric,131,124,L9251@P130: Burglary 0 0 – 0 0 0 0 0 – 0 0 0 0 1 – 0 1 0,https://cleryact.virginia.edu/report#page=131,,tables_1.txt,263254f49fdd723664b96fed366f545e4c1dd13301135532d206322e019cdf17,1,0,"Official web-reader extraction; no local PDF bytes/hash. Dashes retain source nonapplicability, not reported zero.",public/uva_web/current_core_counts.csv
2026,2023,234076,234076009,Mountain Lake Biological Station,burglary,Burglary,criminal_offenses,noncampus,,–,source_not_applicable,131,124,L9251@P130: Burglary 0 0 – 0 0 0 0 0 – 0 0 0 0 1 – 0 1 0,https://cleryact.virginia.edu/report#page=131,,tables_1.txt,263254f49fdd723664b96fed366f545e4c1dd13301135532d206322e019cdf17,1,0,"Official web-reader extraction; no local PDF bytes/hash. Dashes retain source nonapplicability, not reported zero.",public/uva_web/current_core_counts.csv
2026,2023,234076,234076009,Mountain Lake Biological Station,burglary,Burglary,criminal_offenses,publicproperty,0,0,reported_numeric,131,124,L9251@P130: Burglary 0 0 – 0 0 0 0 0 – 0 0 0 0 1 – 0 1 0,https://cleryact.virginia.edu/report#page=131,,tables_1.txt,263254f49fdd723664b96fed366f545e4c1dd13301135532d206322e019cdf17,1,0,"Official web-reader extraction; no local PDF bytes/hash. Dashes retain source nonapplicability, not reported zero.",public/uva_web/current_core_counts.csv
2026,2025,234076,234076009,Mountain Lake Biological Station,motor_vehicle_theft,Motor Vehicle Theft,criminal_offenses,residential,0,0,reported_numeric,131,124,L9253@P130: Theft 0 0 – 0 0 0 0 0 – 0 0 0 0 0 – 0 0 0,https://cleryact.virginia.edu/report#page=131,,tables_1.txt,263254f49fdd723664b96fed366f545e4c1dd13301135532d206322e019cdf17,0,0,"Official web-reader extraction; no local PDF bytes/hash. Dashes retain source nonapplicability, not reported zero.",public/uva_web/current_core_counts.csv
2026,2025,234076,234076009,Mountain Lake Biological Station,motor_vehicle_theft,Motor Vehicle Theft,criminal_offenses,oncampus,0,0,reported_numeric,131,124,L9253@P130: Theft 0 0 – 0 0 0 0 0 – 0 0 0 0 0 – 0 0 0,https://cleryact.virginia.edu/report#page=131,,tables_1.txt,263254f49fdd723664b96fed366f545e4c1dd13301135532d206322e019cdf17,0,0,"Official web-reader extraction; no local PDF bytes/hash. Dashes retain source nonapplicability, not reported zero.",public/uva_web/current_core_counts.csv
2026,2025,234076,234076009,Mountain Lake Biological Station,motor_vehicle_theft,Motor Vehicle Theft,criminal_offenses,noncampus,,–,source_not_applicable,131,124,L9253@P130: Theft 0 0 – 0 0 0 0 0 – 0 0 0 0 0 – 0 0 0,https://cleryact.virginia.edu/report#page=131,,tables_1.txt,263254f49fdd723664b96fed366f545e4c1dd13301135532d206322e019cdf17,0,0,"Official web-reader extraction; no local PDF bytes/hash. Dashes retain source nonapplicability, not reported zero.",public/uva_web/current_core_counts.csv
2026,2025,234076,234076009,Mountain Lake Biological Station,motor_vehicle_theft,Motor Vehicle Theft,criminal_offenses,publicproperty,0,0,reported_numeric,131,124,L9253@P130: Theft 0 0 – 0 0 0 0 0 – 0 0 0 0 0 – 0 0 0,https://cleryact.virginia.edu/report#page=131,,tables_1.txt,263254f49fdd723664b96fed366f545e4c1dd13301135532d206322e019cdf17,0,0,"Official web-reader extraction; no local PDF bytes/hash. Dashes retain source nonapplicability, not reported zero.",public/uva_web/current_core_counts.csv
2026,2024,234076,234076009,Mountain Lake Biological Station,motor_vehicle_theft,Motor Vehicle Theft,criminal_offenses,residential,0,0,reported_numeric,131,124,L9253@P130: Theft 0 0 – 0 0 0 0 0 – 0 0 0 0 0 – 0 0 0,https://cleryact.virginia.edu/report#page=131,,tables_1.txt,263254f49fdd723664b96fed366f545e4c1dd13301135532d206322e019cdf17,0,0,"Official web-reader extraction; no local PDF bytes/hash. Dashes retain source nonapplicability, not reported zero.",public/uva_web/current_core_counts.csv
2026,2024,234076,234076009,Mountain Lake Biological Station,motor_vehicle_theft,Motor Vehicle Theft,criminal_offenses,oncampus,0,0,reported_numeric,131,124,L9253@P130: Theft 0 0 – 0 0 0 0 0 – 0 0 0 0 0 – 0 0 0,https://cleryact.virginia.edu/report#page=131,,tables_1.txt,263254f49fdd723664b96fed366f545e4c1dd13301135532d206322e019cdf17,0,0,"Official web-reader extraction; no local PDF bytes/hash. Dashes retain source nonapplicability, not reported zero.",public/uva_web/current_core_counts.csv
2026,2024,234076,234076009,Mountain Lake Biological Station,motor_vehicle_theft,Motor Vehicle Theft,criminal_offenses,noncampus,,–,source_not_applicable,131,124,L9253@P130: Theft 0 0 – 0 0 0 0 0 – 0 0 0 0 0 – 0 0 0,https://cleryact.virginia.edu/report#page=131,,tables_1.txt,263254f49fdd723664b96fed366f545e4c1dd13301135532d206322e019cdf17,0,0,"Official web-reader extraction; no local PDF bytes/hash. Dashes retain source nonapplicability, not reported zero.",public/uva_web/current_core_counts.csv
2026,2024,234076,234076009,Mountain Lake Biological Station,motor_vehicle_theft,Motor Vehicle Theft,criminal_offenses,publicproperty,0,0,reported_numeric,131,124,L9253@P130: Theft 0 0 – 0 0 0 0 0 – 0 0 0 0 0 – 0 0 0,https://cleryact.virginia.edu/report#page=131,,tables_1.txt,263254f49fdd723664b96fed366f545e4c1dd13301135532d206322e019cdf17,0,0,"Official web-reader extraction; no local PDF bytes/hash. Dashes retain source nonapplicability, not reported zero.",public/uva_web/current_core_counts.csv
2026,2023,234076,234076009,Mountain Lake Biological Station,motor_vehicle_theft,Motor Vehicle Theft,criminal_offenses,residential,0,0,reported_numeric,131,124,L9253@P130: Theft 0 0 – 0 0 0 0 0 – 0 0 0 0 0 – 0 0 0,https://cleryact.virginia.edu/report#page=131,,tables_1.txt,263254f49fdd723664b96fed366f545e4c1dd13301135532d206322e019cdf17,0,0,"Official web-reader extraction; no local PDF bytes/hash. Dashes retain source nonapplicability, not reported zero.",public/uva_web/current_core_counts.csv
2026,2023,234076,234076009,Mountain Lake Biological Station,motor_vehicle_theft,Motor Vehicle Theft,criminal_offenses,oncampus,0,0,reported_numeric,131,124,L9253@P130: Theft 0 0 – 0 0 0 0 0 – 0 0 0 0 0 – 0 0 0,https://cleryact.virginia.edu/report#page=131,,tables_1.txt,263254f49fdd723664b96fed366f545e4c1dd13301135532d206322e019cdf17,0,0,"Official web-reader extraction; no local PDF bytes/hash. Dashes retain source nonapplicability, not reported zero.",public/uva_web/current_core_counts.csv
2026,2023,234076,234076009,Mountain Lake Biological Station,motor_vehicle_theft,Motor Vehicle Theft,criminal_offenses,noncampus,,–,source_not_applicable,131,124,L9253@P130: Theft 0 0 – 0 0 0 0 0 – 0 0 0 0 0 – 0 0 0,https://cleryact.virginia.edu/report#page=131,,tables_1.txt,263254f49fdd723664b96fed366f545e4c1dd13301135532d206322e019cdf17,0,0,"Official web-reader extraction; no local PDF bytes/hash. Dashes retain source nonapplicability, not reported zero.",public/uva_web/current_core_counts.csv
2026,2023,234076,234076009,Mountain Lake Biological Station,motor_vehicle_theft,Motor Vehicle Theft,criminal_offenses,publicproperty,0,0,reported_numeric,131,124,L9253@P130: Theft 0 0 – 0 0 0 0 0 – 0 0 0 0 0 – 0 0 0,https://cleryact.virginia.edu/report#page=131,,tables_1.txt,263254f49fdd723664b96fed366f545e4c1dd13301135532d206322e019cdf17,0,0,"Official web-reader extraction; no local PDF bytes/hash. Dashes retain source nonapplicability, not reported zero.",public/uva_web/current_core_counts.csv
2026,2025,234076,234076009,Mountain Lake Biological Station,arson,Arson,criminal_offenses,residential,0,0,reported_numeric,131,124,L9254@P130: Arson 0 0 – 0 0 0 0 0 – 0 0 0 0 0 – 0 0 0,https://cleryact.virginia.edu/report#page=131,,tables_1.txt,263254f49fdd723664b96fed366f545e4c1dd13301135532d206322e019cdf17,0,0,"Official web-reader extraction; no local PDF bytes/hash. Dashes retain source nonapplicability, not reported zero.",public/uva_web/current_core_counts.csv
2026,2025,234076,234076009,Mountain Lake Biological Station,arson,Arson,criminal_offenses,oncampus,0,0,reported_numeric,131,124,L9254@P130: Arson 0 0 – 0 0 0 0 0 – 0 0 0 0 0 – 0 0 0,https://cleryact.virginia.edu/report#page=131,,tables_1.txt,263254f49fdd723664b96fed366f545e4c1dd13301135532d206322e019cdf17,0,0,"Official web-reader extraction; no local PDF bytes/hash. Dashes retain source nonapplicability, not reported zero.",public/uva_web/current_core_counts.csv
2026,2025,234076,234076009,Mountain Lake Biological Station,arson,Arson,criminal_offenses,noncampus,,–,source_not_applicable,131,124,L9254@P130: Arson 0 0 – 0 0 0 0 0 – 0 0 0 0 0 – 0 0 0,https://cleryact.virginia.edu/report#page=131,,tables_1.txt,263254f49fdd723664b96fed366f545e4c1dd13301135532d206322e019cdf17,0,0,"Official web-reader extraction; no local PDF bytes/hash. Dashes retain source nonapplicability, not reported zero.",public/uva_web/current_core_counts.csv
2026,2025,234076,234076009,Mountain Lake Biological Station,arson,Arson,criminal_offenses,publicproperty,0,0,reported_numeric,131,124,L9254@P130: Arson 0 0 – 0 0 0 0 0 – 0 0 0 0 0 – 0 0 0,https://cleryact.virginia.edu/report#page=131,,tables_1.txt,263254f49fdd723664b96fed366f545e4c1dd13301135532d206322e019cdf17,0,0,"Official web-reader extraction; no local PDF bytes/hash. Dashes retain source nonapplicability, not reported zero.",public/uva_web/current_core_counts.csv
2026,2024,234076,234076009,Mountain Lake Biological Station,arson,Arson,criminal_offenses,residential,0,0,reported_numeric,131,124,L9254@P130: Arson 0 0 – 0 0 0 0 0 – 0 0 0 0 0 – 0 0 0,https://cleryact.virginia.edu/report#page=131,,tables_1.txt,263254f49fdd723664b96fed366f545e4c1dd13301135532d206322e019cdf17,0,0,"Official web-reader extraction; no local PDF bytes/hash. Dashes retain source nonapplicability, not reported zero.",public/uva_web/current_core_counts.csv
2026,2024,234076,234076009,Mountain Lake Biological Station,arson,Arson,criminal_offenses,oncampus,0,0,reported_numeric,131,124,L9254@P130: Arson 0 0 – 0 0 0 0 0 – 0 0 0 0 0 – 0 0 0,https://cleryact.virginia.edu/report#page=131,,tables_1.txt,263254f49fdd723664b96fed366f545e4c1dd13301135532d206322e019cdf17,0,0,"Official web-reader extraction; no local PDF bytes/hash. Dashes retain source nonapplicability, not reported zero.",public/uva_web/current_core_counts.csv
2026,2024,234076,234076009,Mountain Lake Biological Station,arson,Arson,criminal_offenses,noncampus,,–,source_not_applicable,131,124,L9254@P130: Arson 0 0 – 0 0 0 0 0 – 0 0 0 0 0 – 0 0 0,https://cleryact.virginia.edu/report#page=131,,tables_1.txt,263254f49fdd723664b96fed366f545e4c1dd13301135532d206322e019cdf17,0,0,"Official web-reader extraction; no local PDF bytes/hash. Dashes retain source nonapplicability, not reported zero.",public/uva_web/current_core_counts.csv
2026,2024,234076,234076009,Mountain Lake Biological Station,arson,Arson,criminal_offenses,publicproperty,0,0,reported_numeric,131,124,L9254@P130: Arson 0 0 – 0 0 0 0 0 – 0 0 0 0 0 – 0 0 0,https://cleryact.virginia.edu/report#page=131,,tables_1.txt,263254f49fdd723664b96fed366f545e4c1dd13301135532d206322e019cdf17,0,0,"Official web-reader extraction; no local PDF bytes/hash. Dashes retain source nonapplicability, not reported zero.",public/uva_web/current_core_counts.csv
2026,2023,234076,234076009,Mountain Lake Biological Station,arson,Arson,criminal_offenses,residential,0,0,reported_numeric,131,124,L9254@P130: Arson 0 0 – 0 0 0 0 0 – 0 0 0 0 0 – 0 0 0,https://cleryact.virginia.edu/report#page=131,,tables_1.txt,263254f49fdd723664b96fed366f545e4c1dd13301135532d206322e019cdf17,0,0,"Official web-reader extraction; no local PDF bytes/hash. Dashes retain source nonapplicability, not reported zero.",public/uva_web/current_core_counts.csv
2026,2023,234076,234076009,Mountain Lake Biological Station,arson,Arson,criminal_offenses,oncampus,0,0,reported_numeric,131,124,L9254@P130: Arson 0 0 – 0 0 0 0 0 – 0 0 0 0 0 – 0 0 0,https://cleryact.virginia.edu/report#page=131,,tables_1.txt,263254f49fdd723664b96fed366f545e4c1dd13301135532d206322e019cdf17,0,0,"Official web-reader extraction; no local PDF bytes/hash. Dashes retain source nonapplicability, not reported zero.",public/uva_web/current_core_counts.csv
2026,2023,234076,234076009,Mountain Lake Biological Station,arson,Arson,criminal_offenses,noncampus,,–,source_not_applicable,131,124,L9254@P130: Arson 0 0 – 0 0 0 0 0 – 0 0 0 0 0 – 0 0 0,https://cleryact.virginia.edu/report#page=131,,tables_1.txt,263254f49fdd723664b96fed366f545e4c1dd13301135532d206322e019cdf17,0,0,"Official web-reader extraction; no local PDF bytes/hash. Dashes retain source nonapplicability, not reported zero.",public/uva_web/current_core_counts.csv
2026,2023,234076,234076009,Mountain Lake Biological Station,arson,Arson,criminal_offenses,publicproperty,0,0,reported_numeric,131,124,L9254@P130: Arson 0 0 – 0 0 0 0 0 – 0 0 0 0 0 – 0 0 0,https://cleryact.virginia.edu/report#page=131,,tables_1.txt,263254f49fdd723664b96fed366f545e4c1dd13301135532d206322e019cdf17,0,0,"Official web-reader extraction; no local PDF bytes/hash. Dashes retain source nonapplicability, not reported zero.",public/uva_web/current_core_counts.csv
2026,2025,234076,234076009,Mountain Lake Biological Station,dating_violence,Dating Violence,vawa,residential,0,0,reported_numeric,131,124,L9256@P130: Dating Violence 0 0 – 0 0 0 0 0 – 0 0 0 0 0 – 0 0 0,https://cleryact.virginia.edu/report#page=131,,tables_1.txt,263254f49fdd723664b96fed366f545e4c1dd13301135532d206322e019cdf17,0,0,"Official web-reader extraction; no local PDF bytes/hash. Dashes retain source nonapplicability, not reported zero.",public/uva_web/current_core_counts.csv
2026,2025,234076,234076009,Mountain Lake Biological Station,dating_violence,Dating Violence,vawa,oncampus,0,0,reported_numeric,131,124,L9256@P130: Dating Violence 0 0 – 0 0 0 0 0 – 0 0 0 0 0 – 0 0 0,https://cleryact.virginia.edu/report#page=131,,tables_1.txt,263254f49fdd723664b96fed366f545e4c1dd13301135532d206322e019cdf17,0,0,"Official web-reader extraction; no local PDF bytes/hash. Dashes retain source nonapplicability, not reported zero.",public/uva_web/current_core_counts.csv
2026,2025,234076,234076009,Mountain Lake Biological Station,dating_violence,Dating Violence,vawa,noncampus,,–,source_not_applicable,131,124,L9256@P130: Dating Violence 0 0 – 0 0 0 0 0 – 0 0 0 0 0 – 0 0 0,https://cleryact.virginia.edu/report#page=131,,tables_1.txt,263254f49fdd723664b96fed366f545e4c1dd13301135532d206322e019cdf17,0,0,"Official web-reader extraction; no local PDF bytes/hash. Dashes retain source nonapplicability, not reported zero.",public/uva_web/current_core_counts.csv
2026,2025,234076,234076009,Mountain Lake Biological Station,dating_violence,Dating Violence,vawa,publicproperty,0,0,reported_numeric,131,124,L9256@P130: Dating Violence 0 0 – 0 0 0 0 0 – 0 0 0 0 0 – 0 0 0,https://cleryact.virginia.edu/report#page=131,,tables_1.txt,263254f49fdd723664b96fed366f545e4c1dd13301135532d206322e019cdf17,0,0,"Official web-reader extraction; no local PDF bytes/hash. Dashes retain source nonapplicability, not reported zero.",public/uva_web/current_core_counts.csv
2026,2024,234076,234076009,Mountain Lake Biological Station,dating_violence,Dating Violence,vawa,residential,0,0,reported_numeric,131,124,L9256@P130: Dating Violence 0 0 – 0 0 0 0 0 – 0 0 0 0 0 – 0 0 0,https://cleryact.virginia.edu/report#page=131,,tables_1.txt,263254f49fdd723664b96fed366f545e4c1dd13301135532d206322e019cdf17,0,0,"Official web-reader extraction; no local PDF bytes/hash. Dashes retain source nonapplicability, not reported zero.",public/uva_web/current_core_counts.csv
2026,2024,234076,234076009,Mountain Lake Biological Station,dating_violence,Dating Violence,vawa,oncampus,0,0,reported_numeric,131,124,L9256@P130: Dating Violence 0 0 – 0 0 0 0 0 – 0 0 0 0 0 – 0 0 0,https://cleryact.virginia.edu/report#page=131,,tables_1.txt,263254f49fdd723664b96fed366f545e4c1dd13301135532d206322e019cdf17,0,0,"Official web-reader extraction; no local PDF bytes/hash. Dashes retain source nonapplicability, not reported zero.",public/uva_web/current_core_counts.csv
2026,2024,234076,234076009,Mountain Lake Biological Station,dating_violence,Dating Violence,vawa,noncampus,,–,source_not_applicable,131,124,L9256@P130: Dating Violence 0 0 – 0 0 0 0 0 – 0 0 0 0 0 – 0 0 0,https://cleryact.virginia.edu/report#page=131,,tables_1.txt,263254f49fdd723664b96fed366f545e4c1dd13301135532d206322e019cdf17,0,0,"Official web-reader extraction; no local PDF bytes/hash. Dashes retain source nonapplicability, not reported zero.",public/uva_web/current_core_counts.csv
2026,2024,234076,234076009,Mountain Lake Biological Station,dating_violence,Dating Violence,vawa,publicproperty,0,0,reported_numeric,131,124,L9256@P130: Dating Violence 0 0 – 0 0 0 0 0 – 0 0 0 0 0 – 0 0 0,https://cleryact.virginia.edu/report#page=131,,tables_1.txt,263254f49fdd723664b96fed366f545e4c1dd13301135532d206322e019cdf17,0,0,"Official web-reader extraction; no local PDF bytes/hash. Dashes retain source nonapplicability, not reported zero.",public/uva_web/current_core_counts.csv
2026,2023,234076,234076009,Mountain Lake Biological Station,dating_violence,Dating Violence,vawa,residential,0,0,reported_numeric,131,124,L9256@P130: Dating Violence 0 0 – 0 0 0 0 0 – 0 0 0 0 0 – 0 0 0,https://cleryact.virginia.edu/report#page=131,,tables_1.txt,263254f49fdd723664b96fed366f545e4c1dd13301135532d206322e019cdf17,0,0,"Official web-reader extraction; no local PDF bytes/hash. Dashes retain source nonapplicability, not reported zero.",public/uva_web/current_core_counts.csv
2026,2023,234076,234076009,Mountain Lake Biological Station,dating_violence,Dating Violence,vawa,oncampus,0,0,reported_numeric,131,124,L9256@P130: Dating Violence 0 0 – 0 0 0 0 0 – 0 0 0 0 0 – 0 0 0,https://cleryact.virginia.edu/report#page=131,,tables_1.txt,263254f49fdd723664b96fed366f545e4c1dd13301135532d206322e019cdf17,0,0,"Official web-reader extraction; no local PDF bytes/hash. Dashes retain source nonapplicability, not reported zero.",public/uva_web/current_core_counts.csv
2026,2023,234076,234076009,Mountain Lake Biological Station,dating_violence,Dating Violence,vawa,noncampus,,–,source_not_applicable,131,124,L9256@P130: Dating Violence 0 0 – 0 0 0 0 0 – 0 0 0 0 0 – 0 0 0,https://cleryact.virginia.edu/report#page=131,,tables_1.txt,263254f49fdd723664b96fed366f545e4c1dd13301135532d206322e019cdf17,0,0,"Official web-reader extraction; no local PDF bytes/hash. Dashes retain source nonapplicability, not reported zero.",public/uva_web/current_core_counts.csv
2026,2023,234076,234076009,Mountain Lake Biological Station,dating_violence,Dating Violence,vawa,publicproperty,0,0,reported_numeric,131,124,L9256@P130: Dating Violence 0 0 – 0 0 0 0 0 – 0 0 0 0 0 – 0 0 0,https://cleryact.virginia.edu/report#page=131,,tables_1.txt,263254f49fdd723664b96fed366f545e4c1dd13301135532d206322e019cdf17,0,0,"Official web-reader extraction; no local PDF bytes/hash. Dashes retain source nonapplicability, not reported zero.",public/uva_web/current_core_counts.csv
2026,2025,234076,234076009,Mountain Lake Biological Station,domestic_violence,Domestic Violence,vawa,residential,0,0,reported_numeric,131,124,L9258@P130: Violence 0 0 – 0 0 0 0 0 – 0 0 0 0 0 – 0 0 0,https://cleryact.virginia.edu/report#page=131,,tables_1.txt,263254f49fdd723664b96fed366f545e4c1dd13301135532d206322e019cdf17,0,0,"Official web-reader extraction; no local PDF bytes/hash. Dashes retain source nonapplicability, not reported zero.",public/uva_web/current_core_counts.csv
2026,2025,234076,234076009,Mountain Lake Biological Station,domestic_violence,Domestic Violence,vawa,oncampus,0,0,reported_numeric,131,124,L9258@P130: Violence 0 0 – 0 0 0 0 0 – 0 0 0 0 0 – 0 0 0,https://cleryact.virginia.edu/report#page=131,,tables_1.txt,263254f49fdd723664b96fed366f545e4c1dd13301135532d206322e019cdf17,0,0,"Official web-reader extraction; no local PDF bytes/hash. Dashes retain source nonapplicability, not reported zero.",public/uva_web/current_core_counts.csv
2026,2025,234076,234076009,Mountain Lake Biological Station,domestic_violence,Domestic Violence,vawa,noncampus,,–,source_not_applicable,131,124,L9258@P130: Violence 0 0 – 0 0 0 0 0 – 0 0 0 0 0 – 0 0 0,https://cleryact.virginia.edu/report#page=131,,tables_1.txt,263254f49fdd723664b96fed366f545e4c1dd13301135532d206322e019cdf17,0,0,"Official web-reader extraction; no local PDF bytes/hash. Dashes retain source nonapplicability, not reported zero.",public/uva_web/current_core_counts.csv
2026,2025,234076,234076009,Mountain Lake Biological Station,domestic_violence,Domestic Violence,vawa,publicproperty,0,0,reported_numeric,131,124,L9258@P130: Violence 0 0 – 0 0 0 0 0 – 0 0 0 0 0 – 0 0 0,https://cleryact.virginia.edu/report#page=131,,tables_1.txt,263254f49fdd723664b96fed366f545e4c1dd13301135532d206322e019cdf17,0,0,"Official web-reader extraction; no local PDF bytes/hash. Dashes retain source nonapplicability, not reported zero.",public/uva_web/current_core_counts.csv
2026,2024,234076,234076009,Mountain Lake Biological Station,domestic_violence,Domestic Violence,vawa,residential,0,0,reported_numeric,131,124,L9258@P130: Violence 0 0 – 0 0 0 0 0 – 0 0 0 0 0 – 0 0 0,https://cleryact.virginia.edu/report#page=131,,tables_1.txt,263254f49fdd723664b96fed366f545e4c1dd13301135532d206322e019cdf17,0,0,"Official web-reader extraction; no local PDF bytes/hash. Dashes retain source nonapplicability, not reported zero.",public/uva_web/current_core_counts.csv
2026,2024,234076,234076009,Mountain Lake Biological Station,domestic_violence,Domestic Violence,vawa,oncampus,0,0,reported_numeric,131,124,L9258@P130: Violence 0 0 – 0 0 0 0 0 – 0 0 0 0 0 – 0 0 0,https://cleryact.virginia.edu/report#page=131,,tables_1.txt,263254f49fdd723664b96fed366f545e4c1dd13301135532d206322e019cdf17,0,0,"Official web-reader extraction; no local PDF bytes/hash. Dashes retain source nonapplicability, not reported zero.",public/uva_web/current_core_counts.csv
2026,2024,234076,234076009,Mountain Lake Biological Station,domestic_violence,Domestic Violence,vawa,noncampus,,–,source_not_applicable,131,124,L9258@P130: Violence 0 0 – 0 0 0 0 0 – 0 0 0 0 0 – 0 0 0,https://cleryact.virginia.edu/report#page=131,,tables_1.txt,263254f49fdd723664b96fed366f545e4c1dd13301135532d206322e019cdf17,0,0,"Official web-reader extraction; no local PDF bytes/hash. Dashes retain source nonapplicability, not reported zero.",public/uva_web/current_core_counts.csv
2026,2024,234076,234076009,Mountain Lake Biological Station,domestic_violence,Domestic Violence,vawa,publicproperty,0,0,reported_numeric,131,124,L9258@P130: Violence 0 0 – 0 0 0 0 0 – 0 0 0 0 0 – 0 0 0,https://cleryact.virginia.edu/report#page=131,,tables_1.txt,263254f49fdd723664b96fed366f545e4c1dd13301135532d206322e019cdf17,0,0,"Official web-reader extraction; no local PDF bytes/hash. Dashes retain source nonapplicability, not reported zero.",public/uva_web/current_core_counts.csv
2026,2023,234076,234076009,Mountain Lake Biological Station,domestic_violence,Domestic Violence,vawa,residential,0,0,reported_numeric,131,124,L9258@P130: Violence 0 0 – 0 0 0 0 0 – 0 0 0 0 0 – 0 0 0,https://cleryact.virginia.edu/report#page=131,,tables_1.txt,263254f49fdd723664b96fed366f545e4c1dd13301135532d206322e019cdf17,0,0,"Official web-reader extraction; no local PDF bytes/hash. Dashes retain source nonapplicability, not reported zero.",public/uva_web/current_core_counts.csv
2026,2023,234076,234076009,Mountain Lake Biological Station,domestic_violence,Domestic Violence,vawa,oncampus,0,0,reported_numeric,131,124,L9258@P130: Violence 0 0 – 0 0 0 0 0 – 0 0 0 0 0 – 0 0 0,https://cleryact.virginia.edu/report#page=131,,tables_1.txt,263254f49fdd723664b96fed366f545e4c1dd13301135532d206322e019cdf17,0,0,"Official web-reader extraction; no local PDF bytes/hash. Dashes retain source nonapplicability, not reported zero.",public/uva_web/current_core_counts.csv
2026,2023,234076,234076009,Mountain Lake Biological Station,domestic_violence,Domestic Violence,vawa,noncampus,,–,source_not_applicable,131,124,L9258@P130: Violence 0 0 – 0 0 0 0 0 – 0 0 0 0 0 – 0 0 0,https://cleryact.virginia.edu/report#page=131,,tables_1.txt,263254f49fdd723664b96fed366f545e4c1dd13301135532d206322e019cdf17,0,0,"Official web-reader extraction; no local PDF bytes/hash. Dashes retain source nonapplicability, not reported zero.",public/uva_web/current_core_counts.csv
2026,2023,234076,234076009,Mountain Lake Biological Station,domestic_violence,Domestic Violence,vawa,publicproperty,0,0,reported_numeric,131,124,L9258@P130: Violence 0 0 – 0 0 0 0 0 – 0 0 0 0 0 – 0 0 0,https://cleryact.virginia.edu/report#page=131,,tables_1.txt,263254f49fdd723664b96fed366f545e4c1dd13301135532d206322e019cdf17,0,0,"Official web-reader extraction; no local PDF bytes/hash. Dashes retain source nonapplicability, not reported zero.",public/uva_web/current_core_counts.csv
2026,2025,234076,234076009,Mountain Lake Biological Station,stalking,Stalking,vawa,residential,0,0,reported_numeric,131,124,L9259@P130: Stalking 0 0 – 0 0 0 0 0 – 0 0 0 0 0 – 0 0 0,https://cleryact.virginia.edu/report#page=131,,tables_1.txt,263254f49fdd723664b96fed366f545e4c1dd13301135532d206322e019cdf17,0,0,"Official web-reader extraction; no local PDF bytes/hash. Dashes retain source nonapplicability, not reported zero.",public/uva_web/current_core_counts.csv
2026,2025,234076,234076009,Mountain Lake Biological Station,stalking,Stalking,vawa,oncampus,0,0,reported_numeric,131,124,L9259@P130: Stalking 0 0 – 0 0 0 0 0 – 0 0 0 0 0 – 0 0 0,https://cleryact.virginia.edu/report#page=131,,tables_1.txt,263254f49fdd723664b96fed366f545e4c1dd13301135532d206322e019cdf17,0,0,"Official web-reader extraction; no local PDF bytes/hash. Dashes retain source nonapplicability, not reported zero.",public/uva_web/current_core_counts.csv
2026,2025,234076,234076009,Mountain Lake Biological Station,stalking,Stalking,vawa,noncampus,,–,source_not_applicable,131,124,L9259@P130: Stalking 0 0 – 0 0 0 0 0 – 0 0 0 0 0 – 0 0 0,https://cleryact.virginia.edu/report#page=131,,tables_1.txt,263254f49fdd723664b96fed366f545e4c1dd13301135532d206322e019cdf17,0,0,"Official web-reader extraction; no local PDF bytes/hash. Dashes retain source nonapplicability, not reported zero.",public/uva_web/current_core_counts.csv
2026,2025,234076,234076009,Mountain Lake Biological Station,stalking,Stalking,vawa,publicproperty,0,0,reported_numeric,131,124,L9259@P130: Stalking 0 0 – 0 0 0 0 0 – 0 0 0 0 0 – 0 0 0,https://cleryact.virginia.edu/report#page=131,,tables_1.txt,263254f49fdd723664b96fed366f545e4c1dd13301135532d206322e019cdf17,0,0,"Official web-reader extraction; no local PDF bytes/hash. Dashes retain source nonapplicability, not reported zero.",public/uva_web/current_core_counts.csv
2026,2024,234076,234076009,Mountain Lake Biological Station,stalking,Stalking,vawa,residential,0,0,reported_numeric,131,124,L9259@P130: Stalking 0 0 – 0 0 0 0 0 – 0 0 0 0 0 – 0 0 0,https://cleryact.virginia.edu/report#page=131,,tables_1.txt,263254f49fdd723664b96fed366f545e4c1dd13301135532d206322e019cdf17,0,0,"Official web-reader extraction; no local PDF bytes/hash. Dashes retain source nonapplicability, not reported zero.",public/uva_web/current_core_counts.csv
2026,2024,234076,234076009,Mountain Lake Biological Station,stalking,Stalking,vawa,oncampus,0,0,reported_numeric,131,124,L9259@P130: Stalking 0 0 – 0 0 0 0 0 – 0 0 0 0 0 – 0 0 0,https://cleryact.virginia.edu/report#page=131,,tables_1.txt,263254f49fdd723664b96fed366f545e4c1dd13301135532d206322e019cdf17,0,0,"Official web-reader extraction; no local PDF bytes/hash. Dashes retain source nonapplicability, not reported zero.",public/uva_web/current_core_counts.csv
2026,2024,234076,234076009,Mountain Lake Biological Station,stalking,Stalking,vawa,noncampus,,–,source_not_applicable,131,124,L9259@P130: Stalking 0 0 – 0 0 0 0 0 – 0 0 0 0 0 – 0 0 0,https://cleryact.virginia.edu/report#page=131,,tables_1.txt,263254f49fdd723664b96fed366f545e4c1dd13301135532d206322e019cdf17,0,0,"Official web-reader extraction; no local PDF bytes/hash. Dashes retain source nonapplicability, not reported zero.",public/uva_web/current_core_counts.csv
2026,2024,234076,234076009,Mountain Lake Biological Station,stalking,Stalking,vawa,publicproperty,0,0,reported_numeric,131,124,L9259@P130: Stalking 0 0 – 0 0 0 0 0 – 0 0 0 0 0 – 0 0 0,https://cleryact.virginia.edu/report#page=131,,tables_1.txt,263254f49fdd723664b96fed366f545e4c1dd13301135532d206322e019cdf17,0,0,"Official web-reader extraction; no local PDF bytes/hash. Dashes retain source nonapplicability, not reported zero.",public/uva_web/current_core_counts.csv
2026,2023,234076,234076009,Mountain Lake Biological Station,stalking,Stalking,vawa,residential,0,0,reported_numeric,131,124,L9259@P130: Stalking 0 0 – 0 0 0 0 0 – 0 0 0 0 0 – 0 0 0,https://cleryact.virginia.edu/report#page=131,,tables_1.txt,263254f49fdd723664b96fed366f545e4c1dd13301135532d206322e019cdf17,0,0,"Official web-reader extraction; no local PDF bytes/hash. Dashes retain source nonapplicability, not reported zero.",public/uva_web/current_core_counts.csv
2026,2023,234076,234076009,Mountain Lake Biological Station,stalking,Stalking,vawa,oncampus,0,0,reported_numeric,131,124,L9259@P130: Stalking 0 0 – 0 0 0 0 0 – 0 0 0 0 0 – 0 0 0,https://cleryact.virginia.edu/report#page=131,,tables_1.txt,263254f49fdd723664b96fed366f545e4c1dd13301135532d206322e019cdf17,0,0,"Official web-reader extraction; no local PDF bytes/hash. Dashes retain source nonapplicability, not reported zero.",public/uva_web/current_core_counts.csv
2026,2023,234076,234076009,Mountain Lake Biological Station,stalking,Stalking,vawa,noncampus,,–,source_not_applicable,131,124,L9259@P130: Stalking 0 0 – 0 0 0 0 0 – 0 0 0 0 0 – 0 0 0,https://cleryact.virginia.edu/report#page=131,,tables_1.txt,263254f49fdd723664b96fed366f545e4c1dd13301135532d206322e019cdf17,0,0,"Official web-reader extraction; no local PDF bytes/hash. Dashes retain source nonapplicability, not reported zero.",public/uva_web/current_core_counts.csv
2026,2023,234076,234076009,Mountain Lake Biological Station,stalking,Stalking,vawa,publicproperty,0,0,reported_numeric,131,124,L9259@P130: Stalking 0 0 – 0 0 0 0 0 – 0 0 0 0 0 – 0 0 0,https://cleryact.virginia.edu/report#page=131,,tables_1.txt,263254f49fdd723664b96fed366f545e4c1dd13301135532d206322e019cdf17,0,0,"Official web-reader extraction; no local PDF bytes/hash. Dashes retain source nonapplicability, not reported zero.",public/uva_web/current_core_counts.csv
2026,2025,234076,234076005,Richmond Center: School of Nursing,murder,Murder/Nonnegligent Manslaughter,criminal_offenses,residential,,–,source_not_applicable,140,133,L9740@P139: – 0 – 0 0 0 – 0 – 0 0 0 – 0 – 0 0 0,https://cleryact.virginia.edu/report#page=140,,tables_2.txt,57be6e7a05b30e0eb10436197d65ffa6b7d3ad2b573887328433551a2d3c5c35,0,0,"Official web-reader extraction; no local PDF bytes/hash. Dashes retain source nonapplicability, not reported zero.",public/uva_web/current_core_counts.csv
2026,2025,234076,234076005,Richmond Center: School of Nursing,murder,Murder/Nonnegligent Manslaughter,criminal_offenses,oncampus,0,0,reported_numeric,140,133,L9740@P139: – 0 – 0 0 0 – 0 – 0 0 0 – 0 – 0 0 0,https://cleryact.virginia.edu/report#page=140,,tables_2.txt,57be6e7a05b30e0eb10436197d65ffa6b7d3ad2b573887328433551a2d3c5c35,0,0,"Official web-reader extraction; no local PDF bytes/hash. Dashes retain source nonapplicability, not reported zero.",public/uva_web/current_core_counts.csv
2026,2025,234076,234076005,Richmond Center: School of Nursing,murder,Murder/Nonnegligent Manslaughter,criminal_offenses,noncampus,,–,source_not_applicable,140,133,L9740@P139: – 0 – 0 0 0 – 0 – 0 0 0 – 0 – 0 0 0,https://cleryact.virginia.edu/report#page=140,,tables_2.txt,57be6e7a05b30e0eb10436197d65ffa6b7d3ad2b573887328433551a2d3c5c35,0,0,"Official web-reader extraction; no local PDF bytes/hash. Dashes retain source nonapplicability, not reported zero.",public/uva_web/current_core_counts.csv
2026,2025,234076,234076005,Richmond Center: School of Nursing,murder,Murder/Nonnegligent Manslaughter,criminal_offenses,publicproperty,0,0,reported_numeric,140,133,L9740@P139: – 0 – 0 0 0 – 0 – 0 0 0 – 0 – 0 0 0,https://cleryact.virginia.edu/report#page=140,,tables_2.txt,57be6e7a05b30e0eb10436197d65ffa6b7d3ad2b573887328433551a2d3c5c35,0,0,"Official web-reader extraction; no local PDF bytes/hash. Dashes retain source nonapplicability, not reported zero.",public/uva_web/current_core_counts.csv
2026,2024,234076,234076005,Richmond Center: School of Nursing,murder,Murder/Nonnegligent Manslaughter,criminal_offenses,residential,,–,source_not_applicable,140,133,L9740@P139: – 0 – 0 0 0 – 0 – 0 0 0 – 0 – 0 0 0,https://cleryact.virginia.edu/report#page=140,,tables_2.txt,57be6e7a05b30e0eb10436197d65ffa6b7d3ad2b573887328433551a2d3c5c35,0,0,"Official web-reader extraction; no local PDF bytes/hash. Dashes retain source nonapplicability, not reported zero.",public/uva_web/current_core_counts.csv
2026,2024,234076,234076005,Richmond Center: School of Nursing,murder,Murder/Nonnegligent Manslaughter,criminal_offenses,oncampus,0,0,reported_numeric,140,133,L9740@P139: – 0 – 0 0 0 – 0 – 0 0 0 – 0 – 0 0 0,https://cleryact.virginia.edu/report#page=140,,tables_2.txt,57be6e7a05b30e0eb10436197d65ffa6b7d3ad2b573887328433551a2d3c5c35,0,0,"Official web-reader extraction; no local PDF bytes/hash. Dashes retain source nonapplicability, not reported zero.",public/uva_web/current_core_counts.csv
2026,2024,234076,234076005,Richmond Center: School of Nursing,murder,Murder/Nonnegligent Manslaughter,criminal_offenses,noncampus,,–,source_not_applicable,140,133,L9740@P139: – 0 – 0 0 0 – 0 – 0 0 0 – 0 – 0 0 0,https://cleryact.virginia.edu/report#page=140,,tables_2.txt,57be6e7a05b30e0eb10436197d65ffa6b7d3ad2b573887328433551a2d3c5c35,0,0,"Official web-reader extraction; no local PDF bytes/hash. Dashes retain source nonapplicability, not reported zero.",public/uva_web/current_core_counts.csv
2026,2024,234076,234076005,Richmond Center: School of Nursing,murder,Murder/Nonnegligent Manslaughter,criminal_offenses,publicproperty,0,0,reported_numeric,140,133,L9740@P139: – 0 – 0 0 0 – 0 – 0 0 0 – 0 – 0 0 0,https://cleryact.virginia.edu/report#page=140,,tables_2.txt,57be6e7a05b30e0eb10436197d65ffa6b7d3ad2b573887328433551a2d3c5c35,0,0,"Official web-reader extraction; no local PDF bytes/hash. Dashes retain source nonapplicability, not reported zero.",public/uva_web/current_core_counts.csv
2026,2023,234076,234076005,Richmond Center: School of Nursing,murder,Murder/Nonnegligent Manslaughter,criminal_offenses,residential,,–,source_not_applicable,140,133,L9740@P139: – 0 – 0 0 0 – 0 – 0 0 0 – 0 – 0 0 0,https://cleryact.virginia.edu/report#page=140,,tables_2.txt,57be6e7a05b30e0eb10436197d65ffa6b7d3ad2b573887328433551a2d3c5c35,0,0,"Official web-reader extraction; no local PDF bytes/hash. Dashes retain source nonapplicability, not reported zero.",public/uva_web/current_core_counts.csv
2026,2023,234076,234076005,Richmond Center: School of Nursing,murder,Murder/Nonnegligent Manslaughter,criminal_offenses,oncampus,0,0,reported_numeric,140,133,L9740@P139: – 0 – 0 0 0 – 0 – 0 0 0 – 0 – 0 0 0,https://cleryact.virginia.edu/report#page=140,,tables_2.txt,57be6e7a05b30e0eb10436197d65ffa6b7d3ad2b573887328433551a2d3c5c35,0,0,"Official web-reader extraction; no local PDF bytes/hash. Dashes retain source nonapplicability, not reported zero.",public/uva_web/current_core_counts.csv
2026,2023,234076,234076005,Richmond Center: School of Nursing,murder,Murder/Nonnegligent Manslaughter,criminal_offenses,noncampus,,–,source_not_applicable,140,133,L9740@P139: – 0 – 0 0 0 – 0 – 0 0 0 – 0 – 0 0 0,https://cleryact.virginia.edu/report#page=140,,tables_2.txt,57be6e7a05b30e0eb10436197d65ffa6b7d3ad2b573887328433551a2d3c5c35,0,0,"Official web-reader extraction; no local PDF bytes/hash. Dashes retain source nonapplicability, not reported zero.",public/uva_web/current_core_counts.csv
2026,2023,234076,234076005,Richmond Center: School of Nursing,murder,Murder/Nonnegligent Manslaughter,criminal_offenses,publicproperty,0,0,reported_numeric,140,133,L9740@P139: – 0 – 0 0 0 – 0 – 0 0 0 – 0 – 0 0 0,https://cleryact.virginia.edu/report#page=140,,tables_2.txt,57be6e7a05b30e0eb10436197d65ffa6b7d3ad2b573887328433551a2d3c5c35,0,0,"Official web-reader extraction; no local PDF bytes/hash. Dashes retain source nonapplicability, not reported zero.",public/uva_web/current_core_counts.csv
2026,2025,234076,234076005,Richmond Center: School of Nursing,negligent_manslaughter,Negligent Manslaughter,criminal_offenses,residential,,–,source_not_applicable,140,133,L9742@P139: Manslaughter – 0 – 0 0 0 – 0 – 0 0 0 – 0 – 0 0 0,https://cleryact.virginia.edu/report#page=140,,tables_2.txt,57be6e7a05b30e0eb10436197d65ffa6b7d3ad2b573887328433551a2d3c5c35,0,0,"Official web-reader extraction; no local PDF bytes/hash. Dashes retain source nonapplicability, not reported zero.",public/uva_web/current_core_counts.csv
2026,2025,234076,234076005,Richmond Center: School of Nursing,negligent_manslaughter,Negligent Manslaughter,criminal_offenses,oncampus,0,0,reported_numeric,140,133,L9742@P139: Manslaughter – 0 – 0 0 0 – 0 – 0 0 0 – 0 – 0 0 0,https://cleryact.virginia.edu/report#page=140,,tables_2.txt,57be6e7a05b30e0eb10436197d65ffa6b7d3ad2b573887328433551a2d3c5c35,0,0,"Official web-reader extraction; no local PDF bytes/hash. Dashes retain source nonapplicability, not reported zero.",public/uva_web/current_core_counts.csv
2026,2025,234076,234076005,Richmond Center: School of Nursing,negligent_manslaughter,Negligent Manslaughter,criminal_offenses,noncampus,,–,source_not_applicable,140,133,L9742@P139: Manslaughter – 0 – 0 0 0 – 0 – 0 0 0 – 0 – 0 0 0,https://cleryact.virginia.edu/report#page=140,,tables_2.txt,57be6e7a05b30e0eb10436197d65ffa6b7d3ad2b573887328433551a2d3c5c35,0,0,"Official web-reader extraction; no local PDF bytes/hash. Dashes retain source nonapplicability, not reported zero.",public/uva_web/current_core_counts.csv
2026,2025,234076,234076005,Richmond Center: School of Nursing,negligent_manslaughter,Negligent Manslaughter,criminal_offenses,publicproperty,0,0,reported_numeric,140,133,L9742@P139: Manslaughter – 0 – 0 0 0 – 0 – 0 0 0 – 0 – 0 0 0,https://cleryact.virginia.edu/report#page=140,,tables_2.txt,57be6e7a05b30e0eb10436197d65ffa6b7d3ad2b573887328433551a2d3c5c35,0,0,"Official web-reader extraction; no local PDF bytes/hash. Dashes retain source nonapplicability, not reported zero.",public/uva_web/current_core_counts.csv
2026,2024,234076,234076005,Richmond Center: School of Nursing,negligent_manslaughter,Negligent Manslaughter,criminal_offenses,residential,,–,source_not_applicable,140,133,L9742@P139: Manslaughter – 0 – 0 0 0 – 0 – 0 0 0 – 0 – 0 0 0,https://cleryact.virginia.edu/report#page=140,,tables_2.txt,57be6e7a05b30e0eb10436197d65ffa6b7d3ad2b573887328433551a2d3c5c35,0,0,"Official web-reader extraction; no local PDF bytes/hash. Dashes retain source nonapplicability, not reported zero.",public/uva_web/current_core_counts.csv
2026,2024,234076,234076005,Richmond Center: School of Nursing,negligent_manslaughter,Negligent Manslaughter,criminal_offenses,oncampus,0,0,reported_numeric,140,133,L9742@P139: Manslaughter – 0 – 0 0 0 – 0 – 0 0 0 – 0 – 0 0 0,https://cleryact.virginia.edu/report#page=140,,tables_2.txt,57be6e7a05b30e0eb10436197d65ffa6b7d3ad2b573887328433551a2d3c5c35,0,0,"Official web-reader extraction; no local PDF bytes/hash. Dashes retain source nonapplicability, not reported zero.",public/uva_web/current_core_counts.csv
2026,2024,234076,234076005,Richmond Center: School of Nursing,negligent_manslaughter,Negligent Manslaughter,criminal_offenses,noncampus,,–,source_not_applicable,140,133,L9742@P139: Manslaughter – 0 – 0 0 0 – 0 – 0 0 0 – 0 – 0 0 0,https://cleryact.virginia.edu/report#page=140,,tables_2.txt,57be6e7a05b30e0eb10436197d65ffa6b7d3ad2b573887328433551a2d3c5c35,0,0,"Official web-reader extraction; no local PDF bytes/hash. Dashes retain source nonapplicability, not reported zero.",public/uva_web/current_core_counts.csv
2026,2024,234076,234076005,Richmond Center: School of Nursing,negligent_manslaughter,Negligent Manslaughter,criminal_offenses,publicproperty,0,0,reported_numeric,140,133,L9742@P139: Manslaughter – 0 – 0 0 0 – 0 – 0 0 0 – 0 – 0 0 0,https://cleryact.virginia.edu/report#page=140,,tables_2.txt,57be6e7a05b30e0eb10436197d65ffa6b7d3ad2b573887328433551a2d3c5c35,0,0,"Official web-reader extraction; no local PDF bytes/hash. Dashes retain source nonapplicability, not reported zero.",public/uva_web/current_core_counts.csv
2026,2023,234076,234076005,Richmond Center: School of Nursing,negligent_manslaughter,Negligent Manslaughter,criminal_offenses,residential,,–,source_not_applicable,140,133,L9742@P139: Manslaughter – 0 – 0 0 0 – 0 – 0 0 0 – 0 – 0 0 0,https://cleryact.virginia.edu/report#page=140,,tables_2.txt,57be6e7a05b30e0eb10436197d65ffa6b7d3ad2b573887328433551a2d3c5c35,0,0,"Official web-reader extraction; no local PDF bytes/hash. Dashes retain source nonapplicability, not reported zero.",public/uva_web/current_core_counts.csv
2026,2023,234076,234076005,Richmond Center: School of Nursing,negligent_manslaughter,Negligent Manslaughter,criminal_offenses,oncampus,0,0,reported_numeric,140,133,L9742@P139: Manslaughter – 0 – 0 0 0 – 0 – 0 0 0 – 0 – 0 0 0,https://cleryact.virginia.edu/report#page=140,,tables_2.txt,57be6e7a05b30e0eb10436197d65ffa6b7d3ad2b573887328433551a2d3c5c35,0,0,"Official web-reader extraction; no local PDF bytes/hash. Dashes retain source nonapplicability, not reported zero.",public/uva_web/current_core_counts.csv
2026,2023,234076,234076005,Richmond Center: School of Nursing,negligent_manslaughter,Negligent Manslaughter,criminal_offenses,noncampus,,–,source_not_applicable,140,133,L9742@P139: Manslaughter – 0 – 0 0 0 – 0 – 0 0 0 – 0 – 0 0 0,https://cleryact.virginia.edu/report#page=140,,tables_2.txt,57be6e7a05b30e0eb10436197d65ffa6b7d3ad2b573887328433551a2d3c5c35,0,0,"Official web-reader extraction; no local PDF bytes/hash. Dashes retain source nonapplicability, not reported zero.",public/uva_web/current_core_counts.csv
2026,2023,234076,234076005,Richmond Center: School of Nursing,negligent_manslaughter,Negligent Manslaughter,criminal_offenses,publicproperty,0,0,reported_numeric,140,133,L9742@P139: Manslaughter – 0 – 0 0 0 – 0 – 0 0 0 – 0 – 0 0 0,https://cleryact.virginia.edu/report#page=140,,tables_2.txt,57be6e7a05b30e0eb10436197d65ffa6b7d3ad2b573887328433551a2d3c5c35,0,0,"Official web-reader extraction; no local PDF bytes/hash. Dashes retain source nonapplicability, not reported zero.",public/uva_web/current_core_counts.csv
2026,2025,234076,234076005,Richmond Center: School of Nursing,rape,Rape,criminal_offenses,residential,,–,source_not_applicable,140,133,L9743@P139: Rape – 0 – 0 0 0 – 0 – 0 0 0 – 0 – 0 0 0,https://cleryact.virginia.edu/report#page=140,,tables_2.txt,57be6e7a05b30e0eb10436197d65ffa6b7d3ad2b573887328433551a2d3c5c35,0,0,"Official web-reader extraction; no local PDF bytes/hash. Dashes retain source nonapplicability, not reported zero.",public/uva_web/current_core_counts.csv
2026,2025,234076,234076005,Richmond Center: School of Nursing,rape,Rape,criminal_offenses,oncampus,0,0,reported_numeric,140,133,L9743@P139: Rape – 0 – 0 0 0 – 0 – 0 0 0 – 0 – 0 0 0,https://cleryact.virginia.edu/report#page=140,,tables_2.txt,57be6e7a05b30e0eb10436197d65ffa6b7d3ad2b573887328433551a2d3c5c35,0,0,"Official web-reader extraction; no local PDF bytes/hash. Dashes retain source nonapplicability, not reported zero.",public/uva_web/current_core_counts.csv
2026,2025,234076,234076005,Richmond Center: School of Nursing,rape,Rape,criminal_offenses,noncampus,,–,source_not_applicable,140,133,L9743@P139: Rape – 0 – 0 0 0 – 0 – 0 0 0 – 0 – 0 0 0,https://cleryact.virginia.edu/report#page=140,,tables_2.txt,57be6e7a05b30e0eb10436197d65ffa6b7d3ad2b573887328433551a2d3c5c35,0,0,"Official web-reader extraction; no local PDF bytes/hash. Dashes retain source nonapplicability, not reported zero.",public/uva_web/current_core_counts.csv
2026,2025,234076,234076005,Richmond Center: School of Nursing,rape,Rape,criminal_offenses,publicproperty,0,0,reported_numeric,140,133,L9743@P139: Rape – 0 – 0 0 0 – 0 – 0 0 0 – 0 – 0 0 0,https://cleryact.virginia.edu/report#page=140,,tables_2.txt,57be6e7a05b30e0eb10436197d65ffa6b7d3ad2b573887328433551a2d3c5c35,0,0,"Official web-reader extraction; no local PDF bytes/hash. Dashes retain source nonapplicability, not reported zero.",public/uva_web/current_core_counts.csv
2026,2024,234076,234076005,Richmond Center: School of Nursing,rape,Rape,criminal_offenses,residential,,–,source_not_applicable,140,133,L9743@P139: Rape – 0 – 0 0 0 – 0 – 0 0 0 – 0 – 0 0 0,https://cleryact.virginia.edu/report#page=140,,tables_2.txt,57be6e7a05b30e0eb10436197d65ffa6b7d3ad2b573887328433551a2d3c5c35,0,0,"Official web-reader extraction; no local PDF bytes/hash. Dashes retain source nonapplicability, not reported zero.",public/uva_web/current_core_counts.csv
2026,2024,234076,234076005,Richmond Center: School of Nursing,rape,Rape,criminal_offenses,oncampus,0,0,reported_numeric,140,133,L9743@P139: Rape – 0 – 0 0 0 – 0 – 0 0 0 – 0 – 0 0 0,https://cleryact.virginia.edu/report#page=140,,tables_2.txt,57be6e7a05b30e0eb10436197d65ffa6b7d3ad2b573887328433551a2d3c5c35,0,0,"Official web-reader extraction; no local PDF bytes/hash. Dashes retain source nonapplicability, not reported zero.",public/uva_web/current_core_counts.csv
2026,2024,234076,234076005,Richmond Center: School of Nursing,rape,Rape,criminal_offenses,noncampus,,–,source_not_applicable,140,133,L9743@P139: Rape – 0 – 0 0 0 – 0 – 0 0 0 – 0 – 0 0 0,https://cleryact.virginia.edu/report#page=140,,tables_2.txt,57be6e7a05b30e0eb10436197d65ffa6b7d3ad2b573887328433551a2d3c5c35,0,0,"Official web-reader extraction; no local PDF bytes/hash. Dashes retain source nonapplicability, not reported zero.",public/uva_web/current_core_counts.csv
2026,2024,234076,234076005,Richmond Center: School of Nursing,rape,Rape,criminal_offenses,publicproperty,0,0,reported_numeric,140,133,L9743@P139: Rape – 0 – 0 0 0 – 0 – 0 0 0 – 0 – 0 0 0,https://cleryact.virginia.edu/report#page=140,,tables_2.txt,57be6e7a05b30e0eb10436197d65ffa6b7d3ad2b573887328433551a2d3c5c35,0,0,"Official web-reader extraction; no local PDF bytes/hash. Dashes retain source nonapplicability, not reported zero.",public/uva_web/current_core_counts.csv
2026,2023,234076,234076005,Richmond Center: School of Nursing,rape,Rape,criminal_offenses,residential,,–,source_not_applicable,140,133,L9743@P139: Rape – 0 – 0 0 0 – 0 – 0 0 0 – 0 – 0 0 0,https://cleryact.virginia.edu/report#page=140,,tables_2.txt,57be6e7a05b30e0eb10436197d65ffa6b7d3ad2b573887328433551a2d3c5c35,0,0,"Official web-reader extraction; no local PDF bytes/hash. Dashes retain source nonapplicability, not reported zero.",public/uva_web/current_core_counts.csv
2026,2023,234076,234076005,Richmond Center: School of Nursing,rape,Rape,criminal_offenses,oncampus,0,0,reported_numeric,140,133,L9743@P139: Rape – 0 – 0 0 0 – 0 – 0 0 0 – 0 – 0 0 0,https://cleryact.virginia.edu/report#page=140,,tables_2.txt,57be6e7a05b30e0eb10436197d65ffa6b7d3ad2b573887328433551a2d3c5c35,0,0,"Official web-reader extraction; no local PDF bytes/hash. Dashes retain source nonapplicability, not reported zero.",public/uva_web/current_core_counts.csv
2026,2023,234076,234076005,Richmond Center: School of Nursing,rape,Rape,criminal_offenses,noncampus,,–,source_not_applicable,140,133,L9743@P139: Rape – 0 – 0 0 0 – 0 – 0 0 0 – 0 – 0 0 0,https://cleryact.virginia.edu/report#page=140,,tables_2.txt,57be6e7a05b30e0eb10436197d65ffa6b7d3ad2b573887328433551a2d3c5c35,0,0,"Official web-reader extraction; no local PDF bytes/hash. Dashes retain source nonapplicability, not reported zero.",public/uva_web/current_core_counts.csv
2026,2023,234076,234076005,Richmond Center: School of Nursing,rape,Rape,criminal_offenses,publicproperty,0,0,reported_numeric,140,133,L9743@P139: Rape – 0 – 0 0 0 – 0 – 0 0 0 – 0 – 0 0 0,https://cleryact.virginia.edu/report#page=140,,tables_2.txt,57be6e7a05b30e0eb10436197d65ffa6b7d3ad2b573887328433551a2d3c5c35,0,0,"Official web-reader extraction; no local PDF bytes/hash. Dashes retain source nonapplicability, not reported zero.",public/uva_web/current_core_counts.csv
2026,2025,234076,234076005,Richmond Center: School of Nursing,fondling,Fondling,criminal_offenses,residential,,–,source_not_applicable,140,133,L9744@P139: Fondling – 0 – 0 0 0 – 0 – 0 0 0 – 0 – 0 0 0,https://cleryact.virginia.edu/report#page=140,,tables_2.txt,57be6e7a05b30e0eb10436197d65ffa6b7d3ad2b573887328433551a2d3c5c35,0,0,"Official web-reader extraction; no local PDF bytes/hash. Dashes retain source nonapplicability, not reported zero.",public/uva_web/current_core_counts.csv
2026,2025,234076,234076005,Richmond Center: School of Nursing,fondling,Fondling,criminal_offenses,oncampus,0,0,reported_numeric,140,133,L9744@P139: Fondling – 0 – 0 0 0 – 0 – 0 0 0 – 0 – 0 0 0,https://cleryact.virginia.edu/report#page=140,,tables_2.txt,57be6e7a05b30e0eb10436197d65ffa6b7d3ad2b573887328433551a2d3c5c35,0,0,"Official web-reader extraction; no local PDF bytes/hash. Dashes retain source nonapplicability, not reported zero.",public/uva_web/current_core_counts.csv
2026,2025,234076,234076005,Richmond Center: School of Nursing,fondling,Fondling,criminal_offenses,noncampus,,–,source_not_applicable,140,133,L9744@P139: Fondling – 0 – 0 0 0 – 0 – 0 0 0 – 0 – 0 0 0,https://cleryact.virginia.edu/report#page=140,,tables_2.txt,57be6e7a05b30e0eb10436197d65ffa6b7d3ad2b573887328433551a2d3c5c35,0,0,"Official web-reader extraction; no local PDF bytes/hash. Dashes retain source nonapplicability, not reported zero.",public/uva_web/current_core_counts.csv
2026,2025,234076,234076005,Richmond Center: School of Nursing,fondling,Fondling,criminal_offenses,publicproperty,0,0,reported_numeric,140,133,L9744@P139: Fondling – 0 – 0 0 0 – 0 – 0 0 0 – 0 – 0 0 0,https://cleryact.virginia.edu/report#page=140,,tables_2.txt,57be6e7a05b30e0eb10436197d65ffa6b7d3ad2b573887328433551a2d3c5c35,0,0,"Official web-reader extraction; no local PDF bytes/hash. Dashes retain source nonapplicability, not reported zero.",public/uva_web/current_core_counts.csv
2026,2024,234076,234076005,Richmond Center: School of Nursing,fondling,Fondling,criminal_offenses,residential,,–,source_not_applicable,140,133,L9744@P139: Fondling – 0 – 0 0 0 – 0 – 0 0 0 – 0 – 0 0 0,https://cleryact.virginia.edu/report#page=140,,tables_2.txt,57be6e7a05b30e0eb10436197d65ffa6b7d3ad2b573887328433551a2d3c5c35,0,0,"Official web-reader extraction; no local PDF bytes/hash. Dashes retain source nonapplicability, not reported zero.",public/uva_web/current_core_counts.csv
2026,2024,234076,234076005,Richmond Center: School of Nursing,fondling,Fondling,criminal_offenses,oncampus,0,0,reported_numeric,140,133,L9744@P139: Fondling – 0 – 0 0 0 – 0 – 0 0 0 – 0 – 0 0 0,https://cleryact.virginia.edu/report#page=140,,tables_2.txt,57be6e7a05b30e0eb10436197d65ffa6b7d3ad2b573887328433551a2d3c5c35,0,0,"Official web-reader extraction; no local PDF bytes/hash. Dashes retain source nonapplicability, not reported zero.",public/uva_web/current_core_counts.csv
2026,2024,234076,234076005,Richmond Center: School of Nursing,fondling,Fondling,criminal_offenses,noncampus,,–,source_not_applicable,140,133,L9744@P139: Fondling – 0 – 0 0 0 – 0 – 0 0 0 – 0 – 0 0 0,https://cleryact.virginia.edu/report#page=140,,tables_2.txt,57be6e7a05b30e0eb10436197d65ffa6b7d3ad2b573887328433551a2d3c5c35,0,0,"Official web-reader extraction; no local PDF bytes/hash. Dashes retain source nonapplicability, not reported zero.",public/uva_web/current_core_counts.csv
2026,2024,234076,234076005,Richmond Center: School of Nursing,fondling,Fondling,criminal_offenses,publicproperty,0,0,reported_numeric,140,133,L9744@P139: Fondling – 0 – 0 0 0 – 0 – 0 0 0 – 0 – 0 0 0,https://cleryact.virginia.edu/report#page=140,,tables_2.txt,57be6e7a05b30e0eb10436197d65ffa6b7d3ad2b573887328433551a2d3c5c35,0,0,"Official web-reader extraction; no local PDF bytes/hash. Dashes retain source nonapplicability, not reported zero.",public/uva_web/current_core_counts.csv
2026,2023,234076,234076005,Richmond Center: School of Nursing,fondling,Fondling,criminal_offenses,residential,,–,source_not_applicable,140,133,L9744@P139: Fondling – 0 – 0 0 0 – 0 – 0 0 0 – 0 – 0 0 0,https://cleryact.virginia.edu/report#page=140,,tables_2.txt,57be6e7a05b30e0eb10436197d65ffa6b7d3ad2b573887328433551a2d3c5c35,0,0,"Official web-reader extraction; no local PDF bytes/hash. Dashes retain source nonapplicability, not reported zero.",public/uva_web/current_core_counts.csv
2026,2023,234076,234076005,Richmond Center: School of Nursing,fondling,Fondling,criminal_offenses,oncampus,0,0,reported_numeric,140,133,L9744@P139: Fondling – 0 – 0 0 0 – 0 – 0 0 0 – 0 – 0 0 0,https://cleryact.virginia.edu/report#page=140,,tables_2.txt,57be6e7a05b30e0eb10436197d65ffa6b7d3ad2b573887328433551a2d3c5c35,0,0,"Official web-reader extraction; no local PDF bytes/hash. Dashes retain source nonapplicability, not reported zero.",public/uva_web/current_core_counts.csv
2026,2023,234076,234076005,Richmond Center: School of Nursing,fondling,Fondling,criminal_offenses,noncampus,,–,source_not_applicable,140,133,L9744@P139: Fondling – 0 – 0 0 0 – 0 – 0 0 0 – 0 – 0 0 0,https://cleryact.virginia.edu/report#page=140,,tables_2.txt,57be6e7a05b30e0eb10436197d65ffa6b7d3ad2b573887328433551a2d3c5c35,0,0,"Official web-reader extraction; no local PDF bytes/hash. Dashes retain source nonapplicability, not reported zero.",public/uva_web/current_core_counts.csv
2026,2023,234076,234076005,Richmond Center: School of Nursing,fondling,Fondling,criminal_offenses,publicproperty,0,0,reported_numeric,140,133,L9744@P139: Fondling – 0 – 0 0 0 – 0 – 0 0 0 – 0 – 0 0 0,https://cleryact.virginia.edu/report#page=140,,tables_2.txt,57be6e7a05b30e0eb10436197d65ffa6b7d3ad2b573887328433551a2d3c5c35,0,0,"Official web-reader extraction; no local PDF bytes/hash. Dashes retain source nonapplicability, not reported zero.",public/uva_web/current_core_counts.csv
2026,2025,234076,234076005,Richmond Center: School of Nursing,incest,Incest,criminal_offenses,residential,,–,source_not_applicable,140,133,L9745@P139: Incest – 0 – 0 0 0 – 0 – 0 0 0 – 0 – 0 0 0,https://cleryact.virginia.edu/report#page=140,,tables_2.txt,57be6e7a05b30e0eb10436197d65ffa6b7d3ad2b573887328433551a2d3c5c35,0,0,"Official web-reader extraction; no local PDF bytes/hash. Dashes retain source nonapplicability, not reported zero.",public/uva_web/current_core_counts.csv
2026,2025,234076,234076005,Richmond Center: School of Nursing,incest,Incest,criminal_offenses,oncampus,0,0,reported_numeric,140,133,L9745@P139: Incest – 0 – 0 0 0 – 0 – 0 0 0 – 0 – 0 0 0,https://cleryact.virginia.edu/report#page=140,,tables_2.txt,57be6e7a05b30e0eb10436197d65ffa6b7d3ad2b573887328433551a2d3c5c35,0,0,"Official web-reader extraction; no local PDF bytes/hash. Dashes retain source nonapplicability, not reported zero.",public/uva_web/current_core_counts.csv
2026,2025,234076,234076005,Richmond Center: School of Nursing,incest,Incest,criminal_offenses,noncampus,,–,source_not_applicable,140,133,L9745@P139: Incest – 0 – 0 0 0 – 0 – 0 0 0 – 0 – 0 0 0,https://cleryact.virginia.edu/report#page=140,,tables_2.txt,57be6e7a05b30e0eb10436197d65ffa6b7d3ad2b573887328433551a2d3c5c35,0,0,"Official web-reader extraction; no local PDF bytes/hash. Dashes retain source nonapplicability, not reported zero.",public/uva_web/current_core_counts.csv
2026,2025,234076,234076005,Richmond Center: School of Nursing,incest,Incest,criminal_offenses,publicproperty,0,0,reported_numeric,140,133,L9745@P139: Incest – 0 – 0 0 0 – 0 – 0 0 0 – 0 – 0 0 0,https://cleryact.virginia.edu/report#page=140,,tables_2.txt,57be6e7a05b30e0eb10436197d65ffa6b7d3ad2b573887328433551a2d3c5c35,0,0,"Official web-reader extraction; no local PDF bytes/hash. Dashes retain source nonapplicability, not reported zero.",public/uva_web/current_core_counts.csv
2026,2024,234076,234076005,Richmond Center: School of Nursing,incest,Incest,criminal_offenses,residential,,–,source_not_applicable,140,133,L9745@P139: Incest – 0 – 0 0 0 – 0 – 0 0 0 – 0 – 0 0 0,https://cleryact.virginia.edu/report#page=140,,tables_2.txt,57be6e7a05b30e0eb10436197d65ffa6b7d3ad2b573887328433551a2d3c5c35,0,0,"Official web-reader extraction; no local PDF bytes/hash. Dashes retain source nonapplicability, not reported zero.",public/uva_web/current_core_counts.csv
2026,2024,234076,234076005,Richmond Center: School of Nursing,incest,Incest,criminal_offenses,oncampus,0,0,reported_numeric,140,133,L9745@P139: Incest – 0 – 0 0 0 – 0 – 0 0 0 – 0 – 0 0 0,https://cleryact.virginia.edu/report#page=140,,tables_2.txt,57be6e7a05b30e0eb10436197d65ffa6b7d3ad2b573887328433551a2d3c5c35,0,0,"Official web-reader extraction; no local PDF bytes/hash. Dashes retain source nonapplicability, not reported zero.",public/uva_web/current_core_counts.csv
2026,2024,234076,234076005,Richmond Center: School of Nursing,incest,Incest,criminal_offenses,noncampus,,–,source_not_applicable,140,133,L9745@P139: Incest – 0 – 0 0 0 – 0 – 0 0 0 – 0 – 0 0 0,https://cleryact.virginia.edu/report#page=140,,tables_2.txt,57be6e7a05b30e0eb10436197d65ffa6b7d3ad2b573887328433551a2d3c5c35,0,0,"Official web-reader extraction; no local PDF bytes/hash. Dashes retain source nonapplicability, not reported zero.",public/uva_web/current_core_counts.csv
2026,2024,234076,234076005,Richmond Center: School of Nursing,incest,Incest,criminal_offenses,publicproperty,0,0,reported_numeric,140,133,L9745@P139: Incest – 0 – 0 0 0 – 0 – 0 0 0 – 0 – 0 0 0,https://cleryact.virginia.edu/report#page=140,,tables_2.txt,57be6e7a05b30e0eb10436197d65ffa6b7d3ad2b573887328433551a2d3c5c35,0,0,"Official web-reader extraction; no local PDF bytes/hash. Dashes retain source nonapplicability, not reported zero.",public/uva_web/current_core_counts.csv
2026,2023,234076,234076005,Richmond Center: School of Nursing,incest,Incest,criminal_offenses,residential,,–,source_not_applicable,140,133,L9745@P139: Incest – 0 – 0 0 0 – 0 – 0 0 0 – 0 – 0 0 0,https://cleryact.virginia.edu/report#page=140,,tables_2.txt,57be6e7a05b30e0eb10436197d65ffa6b7d3ad2b573887328433551a2d3c5c35,0,0,"Official web-reader extraction; no local PDF bytes/hash. Dashes retain source nonapplicability, not reported zero.",public/uva_web/current_core_counts.csv
2026,2023,234076,234076005,Richmond Center: School of Nursing,incest,Incest,criminal_offenses,oncampus,0,0,reported_numeric,140,133,L9745@P139: Incest – 0 – 0 0 0 – 0 – 0 0 0 – 0 – 0 0 0,https://cleryact.virginia.edu/report#page=140,,tables_2.txt,57be6e7a05b30e0eb10436197d65ffa6b7d3ad2b573887328433551a2d3c5c35,0,0,"Official web-reader extraction; no local PDF bytes/hash. Dashes retain source nonapplicability, not reported zero.",public/uva_web/current_core_counts.csv
2026,2023,234076,234076005,Richmond Center: School of Nursing,incest,Incest,criminal_offenses,noncampus,,–,source_not_applicable,140,133,L9745@P139: Incest – 0 – 0 0 0 – 0 – 0 0 0 – 0 – 0 0 0,https://cleryact.virginia.edu/report#page=140,,tables_2.txt,57be6e7a05b30e0eb10436197d65ffa6b7d3ad2b573887328433551a2d3c5c35,0,0,"Official web-reader extraction; no local PDF bytes/hash. Dashes retain source nonapplicability, not reported zero.",public/uva_web/current_core_counts.csv
2026,2023,234076,234076005,Richmond Center: School of Nursing,incest,Incest,criminal_offenses,publicproperty,0,0,reported_numeric,140,133,L9745@P139: Incest – 0 – 0 0 0 – 0 – 0 0 0 – 0 – 0 0 0,https://cleryact.virginia.edu/report#page=140,,tables_2.txt,57be6e7a05b30e0eb10436197d65ffa6b7d3ad2b573887328433551a2d3c5c35,0,0,"Official web-reader extraction; no local PDF bytes/hash. Dashes retain source nonapplicability, not reported zero.",public/uva_web/current_core_counts.csv
2026,2025,234076,234076005,Richmond Center: School of Nursing,statutory_rape,Statutory Rape,criminal_offenses,residential,,–,source_not_applicable,140,133,L9746@P139: Statutory Rape – 0 – 0 0 0 – 0 – 0 0 0 – 0 – 0 0 0,https://cleryact.virginia.edu/report#page=140,,tables_2.txt,57be6e7a05b30e0eb10436197d65ffa6b7d3ad2b573887328433551a2d3c5c35,0,0,"Official web-reader extraction; no local PDF bytes/hash. Dashes retain source nonapplicability, not reported zero.",public/uva_web/current_core_counts.csv
2026,2025,234076,234076005,Richmond Center: School of Nursing,statutory_rape,Statutory Rape,criminal_offenses,oncampus,0,0,reported_numeric,140,133,L9746@P139: Statutory Rape – 0 – 0 0 0 – 0 – 0 0 0 – 0 – 0 0 0,https://cleryact.virginia.edu/report#page=140,,tables_2.txt,57be6e7a05b30e0eb10436197d65ffa6b7d3ad2b573887328433551a2d3c5c35,0,0,"Official web-reader extraction; no local PDF bytes/hash. Dashes retain source nonapplicability, not reported zero.",public/uva_web/current_core_counts.csv
2026,2025,234076,234076005,Richmond Center: School of Nursing,statutory_rape,Statutory Rape,criminal_offenses,noncampus,,–,source_not_applicable,140,133,L9746@P139: Statutory Rape – 0 – 0 0 0 – 0 – 0 0 0 – 0 – 0 0 0,https://cleryact.virginia.edu/report#page=140,,tables_2.txt,57be6e7a05b30e0eb10436197d65ffa6b7d3ad2b573887328433551a2d3c5c35,0,0,"Official web-reader extraction; no local PDF bytes/hash. Dashes retain source nonapplicability, not reported zero.",public/uva_web/current_core_counts.csv
2026,2025,234076,234076005,Richmond Center: School of Nursing,statutory_rape,Statutory Rape,criminal_offenses,publicproperty,0,0,reported_numeric,140,133,L9746@P139: Statutory Rape – 0 – 0 0 0 – 0 – 0 0 0 – 0 – 0 0 0,https://cleryact.virginia.edu/report#page=140,,tables_2.txt,57be6e7a05b30e0eb10436197d65ffa6b7d3ad2b573887328433551a2d3c5c35,0,0,"Official web-reader extraction; no local PDF bytes/hash. Dashes retain source nonapplicability, not reported zero.",public/uva_web/current_core_counts.csv
2026,2024,234076,234076005,Richmond Center: School of Nursing,statutory_rape,Statutory Rape,criminal_offenses,residential,,–,source_not_applicable,140,133,L9746@P139: Statutory Rape – 0 – 0 0 0 – 0 – 0 0 0 – 0 – 0 0 0,https://cleryact.virginia.edu/report#page=140,,tables_2.txt,57be6e7a05b30e0eb10436197d65ffa6b7d3ad2b573887328433551a2d3c5c35,0,0,"Official web-reader extraction; no local PDF bytes/hash. Dashes retain source nonapplicability, not reported zero.",public/uva_web/current_core_counts.csv
2026,2024,234076,234076005,Richmond Center: School of Nursing,statutory_rape,Statutory Rape,criminal_offenses,oncampus,0,0,reported_numeric,140,133,L9746@P139: Statutory Rape – 0 – 0 0 0 – 0 – 0 0 0 – 0 – 0 0 0,https://cleryact.virginia.edu/report#page=140,,tables_2.txt,57be6e7a05b30e0eb10436197d65ffa6b7d3ad2b573887328433551a2d3c5c35,0,0,"Official web-reader extraction; no local PDF bytes/hash. Dashes retain source nonapplicability, not reported zero.",public/uva_web/current_core_counts.csv
2026,2024,234076,234076005,Richmond Center: School of Nursing,statutory_rape,Statutory Rape,criminal_offenses,noncampus,,–,source_not_applicable,140,133,L9746@P139: Statutory Rape – 0 – 0 0 0 – 0 – 0 0 0 – 0 – 0 0 0,https://cleryact.virginia.edu/report#page=140,,tables_2.txt,57be6e7a05b30e0eb10436197d65ffa6b7d3ad2b573887328433551a2d3c5c35,0,0,"Official web-reader extraction; no local PDF bytes/hash. Dashes retain source nonapplicability, not reported zero.",public/uva_web/current_core_counts.csv
2026,2024,234076,234076005,Richmond Center: School of Nursing,statutory_rape,Statutory Rape,criminal_offenses,publicproperty,0,0,reported_numeric,140,133,L9746@P139: Statutory Rape – 0 – 0 0 0 – 0 – 0 0 0 – 0 – 0 0 0,https://cleryact.virginia.edu/report#page=140,,tables_2.txt,57be6e7a05b30e0eb10436197d65ffa6b7d3ad2b573887328433551a2d3c5c35,0,0,"Official web-reader extraction; no local PDF bytes/hash. Dashes retain source nonapplicability, not reported zero.",public/uva_web/current_core_counts.csv
2026,2023,234076,234076005,Richmond Center: School of Nursing,statutory_rape,Statutory Rape,criminal_offenses,residential,,–,source_not_applicable,140,133,L9746@P139: Statutory Rape – 0 – 0 0 0 – 0 – 0 0 0 – 0 – 0 0 0,https://cleryact.virginia.edu/report#page=140,,tables_2.txt,57be6e7a05b30e0eb10436197d65ffa6b7d3ad2b573887328433551a2d3c5c35,0,0,"Official web-reader extraction; no local PDF bytes/hash. Dashes retain source nonapplicability, not reported zero.",public/uva_web/current_core_counts.csv
2026,2023,234076,234076005,Richmond Center: School of Nursing,statutory_rape,Statutory Rape,criminal_offenses,oncampus,0,0,reported_numeric,140,133,L9746@P139: Statutory Rape – 0 – 0 0 0 – 0 – 0 0 0 – 0 – 0 0 0,https://cleryact.virginia.edu/report#page=140,,tables_2.txt,57be6e7a05b30e0eb10436197d65ffa6b7d3ad2b573887328433551a2d3c5c35,0,0,"Official web-reader extraction; no local PDF bytes/hash. Dashes retain source nonapplicability, not reported zero.",public/uva_web/current_core_counts.csv
2026,2023,234076,234076005,Richmond Center: School of Nursing,statutory_rape,Statutory Rape,criminal_offenses,noncampus,,–,source_not_applicable,140,133,L9746@P139: Statutory Rape – 0 – 0 0 0 – 0 – 0 0 0 – 0 – 0 0 0,https://cleryact.virginia.edu/report#page=140,,tables_2.txt,57be6e7a05b30e0eb10436197d65ffa6b7d3ad2b573887328433551a2d3c5c35,0,0,"Official web-reader extraction; no local PDF bytes/hash. Dashes retain source nonapplicability, not reported zero.",public/uva_web/current_core_counts.csv
2026,2023,234076,234076005,Richmond Center: School of Nursing,statutory_rape,Statutory Rape,criminal_offenses,publicproperty,0,0,reported_numeric,140,133,L9746@P139: Statutory Rape – 0 – 0 0 0 – 0 – 0 0 0 – 0 – 0 0 0,https://cleryact.virginia.edu/report#page=140,,tables_2.txt,57be6e7a05b30e0eb10436197d65ffa6b7d3ad2b573887328433551a2d3c5c35,0,0,"Official web-reader extraction; no local PDF bytes/hash. Dashes retain source nonapplicability, not reported zero.",public/uva_web/current_core_counts.csv
2026,2025,234076,234076005,Richmond Center: School of Nursing,robbery,Robbery,criminal_offenses,residential,,–,source_not_applicable,140,133,L9747@P139: Robbery – 1 – 0 1 0 – 0 – 0 0 0 – 0 – 0 0 0,https://cleryact.virginia.edu/report#page=140,,tables_2.txt,57be6e7a05b30e0eb10436197d65ffa6b7d3ad2b573887328433551a2d3c5c35,1,0,"Official web-reader extraction; no local PDF bytes/hash. Dashes retain source nonapplicability, not reported zero.",public/uva_web/current_core_counts.csv
2026,2025,234076,234076005,Richmond Center: School of Nursing,robbery,Robbery,criminal_offenses,oncampus,1,1,reported_numeric,140,133,L9747@P139: Robbery – 1 – 0 1 0 – 0 – 0 0 0 – 0 – 0 0 0,https://cleryact.virginia.edu/report#page=140,,tables_2.txt,57be6e7a05b30e0eb10436197d65ffa6b7d3ad2b573887328433551a2d3c5c35,1,0,"Official web-reader extraction; no local PDF bytes/hash. Dashes retain source nonapplicability, not reported zero.",public/uva_web/current_core_counts.csv
2026,2025,234076,234076005,Richmond Center: School of Nursing,robbery,Robbery,criminal_offenses,noncampus,,–,source_not_applicable,140,133,L9747@P139: Robbery – 1 – 0 1 0 – 0 – 0 0 0 – 0 – 0 0 0,https://cleryact.virginia.edu/report#page=140,,tables_2.txt,57be6e7a05b30e0eb10436197d65ffa6b7d3ad2b573887328433551a2d3c5c35,1,0,"Official web-reader extraction; no local PDF bytes/hash. Dashes retain source nonapplicability, not reported zero.",public/uva_web/current_core_counts.csv
2026,2025,234076,234076005,Richmond Center: School of Nursing,robbery,Robbery,criminal_offenses,publicproperty,0,0,reported_numeric,140,133,L9747@P139: Robbery – 1 – 0 1 0 – 0 – 0 0 0 – 0 – 0 0 0,https://cleryact.virginia.edu/report#page=140,,tables_2.txt,57be6e7a05b30e0eb10436197d65ffa6b7d3ad2b573887328433551a2d3c5c35,1,0,"Official web-reader extraction; no local PDF bytes/hash. Dashes retain source nonapplicability, not reported zero.",public/uva_web/current_core_counts.csv
2026,2024,234076,234076005,Richmond Center: School of Nursing,robbery,Robbery,criminal_offenses,residential,,–,source_not_applicable,140,133,L9747@P139: Robbery – 1 – 0 1 0 – 0 – 0 0 0 – 0 – 0 0 0,https://cleryact.virginia.edu/report#page=140,,tables_2.txt,57be6e7a05b30e0eb10436197d65ffa6b7d3ad2b573887328433551a2d3c5c35,0,0,"Official web-reader extraction; no local PDF bytes/hash. Dashes retain source nonapplicability, not reported zero.",public/uva_web/current_core_counts.csv
2026,2024,234076,234076005,Richmond Center: School of Nursing,robbery,Robbery,criminal_offenses,oncampus,0,0,reported_numeric,140,133,L9747@P139: Robbery – 1 – 0 1 0 – 0 – 0 0 0 – 0 – 0 0 0,https://cleryact.virginia.edu/report#page=140,,tables_2.txt,57be6e7a05b30e0eb10436197d65ffa6b7d3ad2b573887328433551a2d3c5c35,0,0,"Official web-reader extraction; no local PDF bytes/hash. Dashes retain source nonapplicability, not reported zero.",public/uva_web/current_core_counts.csv
2026,2024,234076,234076005,Richmond Center: School of Nursing,robbery,Robbery,criminal_offenses,noncampus,,–,source_not_applicable,140,133,L9747@P139: Robbery – 1 – 0 1 0 – 0 – 0 0 0 – 0 – 0 0 0,https://cleryact.virginia.edu/report#page=140,,tables_2.txt,57be6e7a05b30e0eb10436197d65ffa6b7d3ad2b573887328433551a2d3c5c35,0,0,"Official web-reader extraction; no local PDF bytes/hash. Dashes retain source nonapplicability, not reported zero.",public/uva_web/current_core_counts.csv
2026,2024,234076,234076005,Richmond Center: School of Nursing,robbery,Robbery,criminal_offenses,publicproperty,0,0,reported_numeric,140,133,L9747@P139: Robbery – 1 – 0 1 0 – 0 – 0 0 0 – 0 – 0 0 0,https://cleryact.virginia.edu/report#page=140,,tables_2.txt,57be6e7a05b30e0eb10436197d65ffa6b7d3ad2b573887328433551a2d3c5c35,0,0,"Official web-reader extraction; no local PDF bytes/hash. Dashes retain source nonapplicability, not reported zero.",public/uva_web/current_core_counts.csv
2026,2023,234076,234076005,Richmond Center: School of Nursing,robbery,Robbery,criminal_offenses,residential,,–,source_not_applicable,140,133,L9747@P139: Robbery – 1 – 0 1 0 – 0 – 0 0 0 – 0 – 0 0 0,https://cleryact.virginia.edu/report#page=140,,tables_2.txt,57be6e7a05b30e0eb10436197d65ffa6b7d3ad2b573887328433551a2d3c5c35,0,0,"Official web-reader extraction; no local PDF bytes/hash. Dashes retain source nonapplicability, not reported zero.",public/uva_web/current_core_counts.csv
2026,2023,234076,234076005,Richmond Center: School of Nursing,robbery,Robbery,criminal_offenses,oncampus,0,0,reported_numeric,140,133,L9747@P139: Robbery – 1 – 0 1 0 – 0 – 0 0 0 – 0 – 0 0 0,https://cleryact.virginia.edu/report#page=140,,tables_2.txt,57be6e7a05b30e0eb10436197d65ffa6b7d3ad2b573887328433551a2d3c5c35,0,0,"Official web-reader extraction; no local PDF bytes/hash. Dashes retain source nonapplicability, not reported zero.",public/uva_web/current_core_counts.csv
2026,2023,234076,234076005,Richmond Center: School of Nursing,robbery,Robbery,criminal_offenses,noncampus,,–,source_not_applicable,140,133,L9747@P139: Robbery – 1 – 0 1 0 – 0 – 0 0 0 – 0 – 0 0 0,https://cleryact.virginia.edu/report#page=140,,tables_2.txt,57be6e7a05b30e0eb10436197d65ffa6b7d3ad2b573887328433551a2d3c5c35,0,0,"Official web-reader extraction; no local PDF bytes/hash. Dashes retain source nonapplicability, not reported zero.",public/uva_web/current_core_counts.csv
2026,2023,234076,234076005,Richmond Center: School of Nursing,robbery,Robbery,criminal_offenses,publicproperty,0,0,reported_numeric,140,133,L9747@P139: Robbery – 1 – 0 1 0 – 0 – 0 0 0 – 0 – 0 0 0,https://cleryact.virginia.edu/report#page=140,,tables_2.txt,57be6e7a05b30e0eb10436197d65ffa6b7d3ad2b573887328433551a2d3c5c35,0,0,"Official web-reader extraction; no local PDF bytes/hash. Dashes retain source nonapplicability, not reported zero.",public/uva_web/current_core_counts.csv
2026,2025,234076,234076005,Richmond Center: School of Nursing,aggravated_assault,Aggravated Assault,criminal_offenses,residential,,–,source_not_applicable,140,133,L9749@P139: Assault – 0 – 0 0 0 – 0 – 0 0 0 – 0 – 0 0 0,https://cleryact.virginia.edu/report#page=140,,tables_2.txt,57be6e7a05b30e0eb10436197d65ffa6b7d3ad2b573887328433551a2d3c5c35,0,0,"Official web-reader extraction; no local PDF bytes/hash. Dashes retain source nonapplicability, not reported zero.",public/uva_web/current_core_counts.csv
2026,2025,234076,234076005,Richmond Center: School of Nursing,aggravated_assault,Aggravated Assault,criminal_offenses,oncampus,0,0,reported_numeric,140,133,L9749@P139: Assault – 0 – 0 0 0 – 0 – 0 0 0 – 0 – 0 0 0,https://cleryact.virginia.edu/report#page=140,,tables_2.txt,57be6e7a05b30e0eb10436197d65ffa6b7d3ad2b573887328433551a2d3c5c35,0,0,"Official web-reader extraction; no local PDF bytes/hash. Dashes retain source nonapplicability, not reported zero.",public/uva_web/current_core_counts.csv
2026,2025,234076,234076005,Richmond Center: School of Nursing,aggravated_assault,Aggravated Assault,criminal_offenses,noncampus,,–,source_not_applicable,140,133,L9749@P139: Assault – 0 – 0 0 0 – 0 – 0 0 0 – 0 – 0 0 0,https://cleryact.virginia.edu/report#page=140,,tables_2.txt,57be6e7a05b30e0eb10436197d65ffa6b7d3ad2b573887328433551a2d3c5c35,0,0,"Official web-reader extraction; no local PDF bytes/hash. Dashes retain source nonapplicability, not reported zero.",public/uva_web/current_core_counts.csv
2026,2025,234076,234076005,Richmond Center: School of Nursing,aggravated_assault,Aggravated Assault,criminal_offenses,publicproperty,0,0,reported_numeric,140,133,L9749@P139: Assault – 0 – 0 0 0 – 0 – 0 0 0 – 0 – 0 0 0,https://cleryact.virginia.edu/report#page=140,,tables_2.txt,57be6e7a05b30e0eb10436197d65ffa6b7d3ad2b573887328433551a2d3c5c35,0,0,"Official web-reader extraction; no local PDF bytes/hash. Dashes retain source nonapplicability, not reported zero.",public/uva_web/current_core_counts.csv
2026,2024,234076,234076005,Richmond Center: School of Nursing,aggravated_assault,Aggravated Assault,criminal_offenses,residential,,–,source_not_applicable,140,133,L9749@P139: Assault – 0 – 0 0 0 – 0 – 0 0 0 – 0 – 0 0 0,https://cleryact.virginia.edu/report#page=140,,tables_2.txt,57be6e7a05b30e0eb10436197d65ffa6b7d3ad2b573887328433551a2d3c5c35,0,0,"Official web-reader extraction; no local PDF bytes/hash. Dashes retain source nonapplicability, not reported zero.",public/uva_web/current_core_counts.csv
2026,2024,234076,234076005,Richmond Center: School of Nursing,aggravated_assault,Aggravated Assault,criminal_offenses,oncampus,0,0,reported_numeric,140,133,L9749@P139: Assault – 0 – 0 0 0 – 0 – 0 0 0 – 0 – 0 0 0,https://cleryact.virginia.edu/report#page=140,,tables_2.txt,57be6e7a05b30e0eb10436197d65ffa6b7d3ad2b573887328433551a2d3c5c35,0,0,"Official web-reader extraction; no local PDF bytes/hash. Dashes retain source nonapplicability, not reported zero.",public/uva_web/current_core_counts.csv
2026,2024,234076,234076005,Richmond Center: School of Nursing,aggravated_assault,Aggravated Assault,criminal_offenses,noncampus,,–,source_not_applicable,140,133,L9749@P139: Assault – 0 – 0 0 0 – 0 – 0 0 0 – 0 – 0 0 0,https://cleryact.virginia.edu/report#page=140,,tables_2.txt,57be6e7a05b30e0eb10436197d65ffa6b7d3ad2b573887328433551a2d3c5c35,0,0,"Official web-reader extraction; no local PDF bytes/hash. Dashes retain source nonapplicability, not reported zero.",public/uva_web/current_core_counts.csv
2026,2024,234076,234076005,Richmond Center: School of Nursing,aggravated_assault,Aggravated Assault,criminal_offenses,publicproperty,0,0,reported_numeric,140,133,L9749@P139: Assault – 0 – 0 0 0 – 0 – 0 0 0 – 0 – 0 0 0,https://cleryact.virginia.edu/report#page=140,,tables_2.txt,57be6e7a05b30e0eb10436197d65ffa6b7d3ad2b573887328433551a2d3c5c35,0,0,"Official web-reader extraction; no local PDF bytes/hash. Dashes retain source nonapplicability, not reported zero.",public/uva_web/current_core_counts.csv
2026,2023,234076,234076005,Richmond Center: School of Nursing,aggravated_assault,Aggravated Assault,criminal_offenses,residential,,–,source_not_applicable,140,133,L9749@P139: Assault – 0 – 0 0 0 – 0 – 0 0 0 – 0 – 0 0 0,https://cleryact.virginia.edu/report#page=140,,tables_2.txt,57be6e7a05b30e0eb10436197d65ffa6b7d3ad2b573887328433551a2d3c5c35,0,0,"Official web-reader extraction; no local PDF bytes/hash. Dashes retain source nonapplicability, not reported zero.",public/uva_web/current_core_counts.csv
2026,2023,234076,234076005,Richmond Center: School of Nursing,aggravated_assault,Aggravated Assault,criminal_offenses,oncampus,0,0,reported_numeric,140,133,L9749@P139: Assault – 0 – 0 0 0 – 0 – 0 0 0 – 0 – 0 0 0,https://cleryact.virginia.edu/report#page=140,,tables_2.txt,57be6e7a05b30e0eb10436197d65ffa6b7d3ad2b573887328433551a2d3c5c35,0,0,"Official web-reader extraction; no local PDF bytes/hash. Dashes retain source nonapplicability, not reported zero.",public/uva_web/current_core_counts.csv
2026,2023,234076,234076005,Richmond Center: School of Nursing,aggravated_assault,Aggravated Assault,criminal_offenses,noncampus,,–,source_not_applicable,140,133,L9749@P139: Assault – 0 – 0 0 0 – 0 – 0 0 0 – 0 – 0 0 0,https://cleryact.virginia.edu/report#page=140,,tables_2.txt,57be6e7a05b30e0eb10436197d65ffa6b7d3ad2b573887328433551a2d3c5c35,0,0,"Official web-reader extraction; no local PDF bytes/hash. Dashes retain source nonapplicability, not reported zero.",public/uva_web/current_core_counts.csv
2026,2023,234076,234076005,Richmond Center: School of Nursing,aggravated_assault,Aggravated Assault,criminal_offenses,publicproperty,0,0,reported_numeric,140,133,L9749@P139: Assault – 0 – 0 0 0 – 0 – 0 0 0 – 0 – 0 0 0,https://cleryact.virginia.edu/report#page=140,,tables_2.txt,57be6e7a05b30e0eb10436197d65ffa6b7d3ad2b573887328433551a2d3c5c35,0,0,"Official web-reader extraction; no local PDF bytes/hash. Dashes retain source nonapplicability, not reported zero.",public/uva_web/current_core_counts.csv
2026,2025,234076,234076005,Richmond Center: School of Nursing,burglary,Burglary,criminal_offenses,residential,,–,source_not_applicable,140,133,L9750@P139: Burglary – 0 – 0 0 0 – 0 – 0 0 0 – 0 – 0 0 0,https://cleryact.virginia.edu/report#page=140,,tables_2.txt,57be6e7a05b30e0eb10436197d65ffa6b7d3ad2b573887328433551a2d3c5c35,0,0,"Official web-reader extraction; no local PDF bytes/hash. Dashes retain source nonapplicability, not reported zero.",public/uva_web/current_core_counts.csv
2026,2025,234076,234076005,Richmond Center: School of Nursing,burglary,Burglary,criminal_offenses,oncampus,0,0,reported_numeric,140,133,L9750@P139: Burglary – 0 – 0 0 0 – 0 – 0 0 0 – 0 – 0 0 0,https://cleryact.virginia.edu/report#page=140,,tables_2.txt,57be6e7a05b30e0eb10436197d65ffa6b7d3ad2b573887328433551a2d3c5c35,0,0,"Official web-reader extraction; no local PDF bytes/hash. Dashes retain source nonapplicability, not reported zero.",public/uva_web/current_core_counts.csv
2026,2025,234076,234076005,Richmond Center: School of Nursing,burglary,Burglary,criminal_offenses,noncampus,,–,source_not_applicable,140,133,L9750@P139: Burglary – 0 – 0 0 0 – 0 – 0 0 0 – 0 – 0 0 0,https://cleryact.virginia.edu/report#page=140,,tables_2.txt,57be6e7a05b30e0eb10436197d65ffa6b7d3ad2b573887328433551a2d3c5c35,0,0,"Official web-reader extraction; no local PDF bytes/hash. Dashes retain source nonapplicability, not reported zero.",public/uva_web/current_core_counts.csv
2026,2025,234076,234076005,Richmond Center: School of Nursing,burglary,Burglary,criminal_offenses,publicproperty,0,0,reported_numeric,140,133,L9750@P139: Burglary – 0 – 0 0 0 – 0 – 0 0 0 – 0 – 0 0 0,https://cleryact.virginia.edu/report#page=140,,tables_2.txt,57be6e7a05b30e0eb10436197d65ffa6b7d3ad2b573887328433551a2d3c5c35,0,0,"Official web-reader extraction; no local PDF bytes/hash. Dashes retain source nonapplicability, not reported zero.",public/uva_web/current_core_counts.csv
2026,2024,234076,234076005,Richmond Center: School of Nursing,burglary,Burglary,criminal_offenses,residential,,–,source_not_applicable,140,133,L9750@P139: Burglary – 0 – 0 0 0 – 0 – 0 0 0 – 0 – 0 0 0,https://cleryact.virginia.edu/report#page=140,,tables_2.txt,57be6e7a05b30e0eb10436197d65ffa6b7d3ad2b573887328433551a2d3c5c35,0,0,"Official web-reader extraction; no local PDF bytes/hash. Dashes retain source nonapplicability, not reported zero.",public/uva_web/current_core_counts.csv
2026,2024,234076,234076005,Richmond Center: School of Nursing,burglary,Burglary,criminal_offenses,oncampus,0,0,reported_numeric,140,133,L9750@P139: Burglary – 0 – 0 0 0 – 0 – 0 0 0 – 0 – 0 0 0,https://cleryact.virginia.edu/report#page=140,,tables_2.txt,57be6e7a05b30e0eb10436197d65ffa6b7d3ad2b573887328433551a2d3c5c35,0,0,"Official web-reader extraction; no local PDF bytes/hash. Dashes retain source nonapplicability, not reported zero.",public/uva_web/current_core_counts.csv
2026,2024,234076,234076005,Richmond Center: School of Nursing,burglary,Burglary,criminal_offenses,noncampus,,–,source_not_applicable,140,133,L9750@P139: Burglary – 0 – 0 0 0 – 0 – 0 0 0 – 0 – 0 0 0,https://cleryact.virginia.edu/report#page=140,,tables_2.txt,57be6e7a05b30e0eb10436197d65ffa6b7d3ad2b573887328433551a2d3c5c35,0,0,"Official web-reader extraction; no local PDF bytes/hash. Dashes retain source nonapplicability, not reported zero.",public/uva_web/current_core_counts.csv
2026,2024,234076,234076005,Richmond Center: School of Nursing,burglary,Burglary,criminal_offenses,publicproperty,0,0,reported_numeric,140,133,L9750@P139: Burglary – 0 – 0 0 0 – 0 – 0 0 0 – 0 – 0 0 0,https://cleryact.virginia.edu/report#page=140,,tables_2.txt,57be6e7a05b30e0eb10436197d65ffa6b7d3ad2b573887328433551a2d3c5c35,0,0,"Official web-reader extraction; no local PDF bytes/hash. Dashes retain source nonapplicability, not reported zero.",public/uva_web/current_core_counts.csv
2026,2023,234076,234076005,Richmond Center: School of Nursing,burglary,Burglary,criminal_offenses,residential,,–,source_not_applicable,140,133,L9750@P139: Burglary – 0 – 0 0 0 – 0 – 0 0 0 – 0 – 0 0 0,https://cleryact.virginia.edu/report#page=140,,tables_2.txt,57be6e7a05b30e0eb10436197d65ffa6b7d3ad2b573887328433551a2d3c5c35,0,0,"Official web-reader extraction; no local PDF bytes/hash. Dashes retain source nonapplicability, not reported zero.",public/uva_web/current_core_counts.csv
2026,2023,234076,234076005,Richmond Center: School of Nursing,burglary,Burglary,criminal_offenses,oncampus,0,0,reported_numeric,140,133,L9750@P139: Burglary – 0 – 0 0 0 – 0 – 0 0 0 – 0 – 0 0 0,https://cleryact.virginia.edu/report#page=140,,tables_2.txt,57be6e7a05b30e0eb10436197d65ffa6b7d3ad2b573887328433551a2d3c5c35,0,0,"Official web-reader extraction; no local PDF bytes/hash. Dashes retain source nonapplicability, not reported zero.",public/uva_web/current_core_counts.csv
2026,2023,234076,234076005,Richmond Center: School of Nursing,burglary,Burglary,criminal_offenses,noncampus,,–,source_not_applicable,140,133,L9750@P139: Burglary – 0 – 0 0 0 – 0 – 0 0 0 – 0 – 0 0 0,https://cleryact.virginia.edu/report#page=140,,tables_2.txt,57be6e7a05b30e0eb10436197d65ffa6b7d3ad2b573887328433551a2d3c5c35,0,0,"Official web-reader extraction; no local PDF bytes/hash. Dashes retain source nonapplicability, not reported zero.",public/uva_web/current_core_counts.csv
2026,2023,234076,234076005,Richmond Center: School of Nursing,burglary,Burglary,criminal_offenses,publicproperty,0,0,reported_numeric,140,133,L9750@P139: Burglary – 0 – 0 0 0 – 0 – 0 0 0 – 0 – 0 0 0,https://cleryact.virginia.edu/report#page=140,,tables_2.txt,57be6e7a05b30e0eb10436197d65ffa6b7d3ad2b573887328433551a2d3c5c35,0,0,"Official web-reader extraction; no local PDF bytes/hash. Dashes retain source nonapplicability, not reported zero.",public/uva_web/current_core_counts.csv
2026,2025,234076,234076005,Richmond Center: School of Nursing,motor_vehicle_theft,Motor Vehicle Theft,criminal_offenses,residential,,–,source_not_applicable,140,133,L9752@P139: Theft – 0 – 0 0 0 – 0 – 0 0 0 – 0 – 0 0 0,https://cleryact.virginia.edu/report#page=140,,tables_2.txt,57be6e7a05b30e0eb10436197d65ffa6b7d3ad2b573887328433551a2d3c5c35,0,0,"Official web-reader extraction; no local PDF bytes/hash. Dashes retain source nonapplicability, not reported zero.",public/uva_web/current_core_counts.csv
2026,2025,234076,234076005,Richmond Center: School of Nursing,motor_vehicle_theft,Motor Vehicle Theft,criminal_offenses,oncampus,0,0,reported_numeric,140,133,L9752@P139: Theft – 0 – 0 0 0 – 0 – 0 0 0 – 0 – 0 0 0,https://cleryact.virginia.edu/report#page=140,,tables_2.txt,57be6e7a05b30e0eb10436197d65ffa6b7d3ad2b573887328433551a2d3c5c35,0,0,"Official web-reader extraction; no local PDF bytes/hash. Dashes retain source nonapplicability, not reported zero.",public/uva_web/current_core_counts.csv
2026,2025,234076,234076005,Richmond Center: School of Nursing,motor_vehicle_theft,Motor Vehicle Theft,criminal_offenses,noncampus,,–,source_not_applicable,140,133,L9752@P139: Theft – 0 – 0 0 0 – 0 – 0 0 0 – 0 – 0 0 0,https://cleryact.virginia.edu/report#page=140,,tables_2.txt,57be6e7a05b30e0eb10436197d65ffa6b7d3ad2b573887328433551a2d3c5c35,0,0,"Official web-reader extraction; no local PDF bytes/hash. Dashes retain source nonapplicability, not reported zero.",public/uva_web/current_core_counts.csv
2026,2025,234076,234076005,Richmond Center: School of Nursing,motor_vehicle_theft,Motor Vehicle Theft,criminal_offenses,publicproperty,0,0,reported_numeric,140,133,L9752@P139: Theft – 0 – 0 0 0 – 0 – 0 0 0 – 0 – 0 0 0,https://cleryact.virginia.edu/report#page=140,,tables_2.txt,57be6e7a05b30e0eb10436197d65ffa6b7d3ad2b573887328433551a2d3c5c35,0,0,"Official web-reader extraction; no local PDF bytes/hash. Dashes retain source nonapplicability, not reported zero.",public/uva_web/current_core_counts.csv
2026,2024,234076,234076005,Richmond Center: School of Nursing,motor_vehicle_theft,Motor Vehicle Theft,criminal_offenses,residential,,–,source_not_applicable,140,133,L9752@P139: Theft – 0 – 0 0 0 – 0 – 0 0 0 – 0 – 0 0 0,https://cleryact.virginia.edu/report#page=140,,tables_2.txt,57be6e7a05b30e0eb10436197d65ffa6b7d3ad2b573887328433551a2d3c5c35,0,0,"Official web-reader extraction; no local PDF bytes/hash. Dashes retain source nonapplicability, not reported zero.",public/uva_web/current_core_counts.csv
2026,2024,234076,234076005,Richmond Center: School of Nursing,motor_vehicle_theft,Motor Vehicle Theft,criminal_offenses,oncampus,0,0,reported_numeric,140,133,L9752@P139: Theft – 0 – 0 0 0 – 0 – 0 0 0 – 0 – 0 0 0,https://cleryact.virginia.edu/report#page=140,,tables_2.txt,57be6e7a05b30e0eb10436197d65ffa6b7d3ad2b573887328433551a2d3c5c35,0,0,"Official web-reader extraction; no local PDF bytes/hash. Dashes retain source nonapplicability, not reported zero.",public/uva_web/current_core_counts.csv
2026,2024,234076,234076005,Richmond Center: School of Nursing,motor_vehicle_theft,Motor Vehicle Theft,criminal_offenses,noncampus,,–,source_not_applicable,140,133,L9752@P139: Theft – 0 – 0 0 0 – 0 – 0 0 0 – 0 – 0 0 0,https://cleryact.virginia.edu/report#page=140,,tables_2.txt,57be6e7a05b30e0eb10436197d65ffa6b7d3ad2b573887328433551a2d3c5c35,0,0,"Official web-reader extraction; no local PDF bytes/hash. Dashes retain source nonapplicability, not reported zero.",public/uva_web/current_core_counts.csv
2026,2024,234076,234076005,Richmond Center: School of Nursing,motor_vehicle_theft,Motor Vehicle Theft,criminal_offenses,publicproperty,0,0,reported_numeric,140,133,L9752@P139: Theft – 0 – 0 0 0 – 0 – 0 0 0 – 0 – 0 0 0,https://cleryact.virginia.edu/report#page=140,,tables_2.txt,57be6e7a05b30e0eb10436197d65ffa6b7d3ad2b573887328433551a2d3c5c35,0,0,"Official web-reader extraction; no local PDF bytes/hash. Dashes retain source nonapplicability, not reported zero.",public/uva_web/current_core_counts.csv
2026,2023,234076,234076005,Richmond Center: School of Nursing,motor_vehicle_theft,Motor Vehicle Theft,criminal_offenses,residential,,–,source_not_applicable,140,133,L9752@P139: Theft – 0 – 0 0 0 – 0 – 0 0 0 – 0 – 0 0 0,https://cleryact.virginia.edu/report#page=140,,tables_2.txt,57be6e7a05b30e0eb10436197d65ffa6b7d3ad2b573887328433551a2d3c5c35,0,0,"Official web-reader extraction; no local PDF bytes/hash. Dashes retain source nonapplicability, not reported zero.",public/uva_web/current_core_counts.csv
2026,2023,234076,234076005,Richmond Center: School of Nursing,motor_vehicle_theft,Motor Vehicle Theft,criminal_offenses,oncampus,0,0,reported_numeric,140,133,L9752@P139: Theft – 0 – 0 0 0 – 0 – 0 0 0 – 0 – 0 0 0,https://cleryact.virginia.edu/report#page=140,,tables_2.txt,57be6e7a05b30e0eb10436197d65ffa6b7d3ad2b573887328433551a2d3c5c35,0,0,"Official web-reader extraction; no local PDF bytes/hash. Dashes retain source nonapplicability, not reported zero.",public/uva_web/current_core_counts.csv
2026,2023,234076,234076005,Richmond Center: School of Nursing,motor_vehicle_theft,Motor Vehicle Theft,criminal_offenses,noncampus,,–,source_not_applicable,140,133,L9752@P139: Theft – 0 – 0 0 0 – 0 – 0 0 0 – 0 – 0 0 0,https://cleryact.virginia.edu/report#page=140,,tables_2.txt,57be6e7a05b30e0eb10436197d65ffa6b7d3ad2b573887328433551a2d3c5c35,0,0,"Official web-reader extraction; no local PDF bytes/hash. Dashes retain source nonapplicability, not reported zero.",public/uva_web/current_core_counts.csv
2026,2023,234076,234076005,Richmond Center: School of Nursing,motor_vehicle_theft,Motor Vehicle Theft,criminal_offenses,publicproperty,0,0,reported_numeric,140,133,L9752@P139: Theft – 0 – 0 0 0 – 0 – 0 0 0 – 0 – 0 0 0,https://cleryact.virginia.edu/report#page=140,,tables_2.txt,57be6e7a05b30e0eb10436197d65ffa6b7d3ad2b573887328433551a2d3c5c35,0,0,"Official web-reader extraction; no local PDF bytes/hash. Dashes retain source nonapplicability, not reported zero.",public/uva_web/current_core_counts.csv
2026,2025,234076,234076005,Richmond Center: School of Nursing,arson,Arson,criminal_offenses,residential,,–,source_not_applicable,140,133,L9753@P139: Arson – 0 – 0 0 0 – 0 – 0 0 0 – 0 – 0 0 0,https://cleryact.virginia.edu/report#page=140,,tables_2.txt,57be6e7a05b30e0eb10436197d65ffa6b7d3ad2b573887328433551a2d3c5c35,0,0,"Official web-reader extraction; no local PDF bytes/hash. Dashes retain source nonapplicability, not reported zero.",public/uva_web/current_core_counts.csv
2026,2025,234076,234076005,Richmond Center: School of Nursing,arson,Arson,criminal_offenses,oncampus,0,0,reported_numeric,140,133,L9753@P139: Arson – 0 – 0 0 0 – 0 – 0 0 0 – 0 – 0 0 0,https://cleryact.virginia.edu/report#page=140,,tables_2.txt,57be6e7a05b30e0eb10436197d65ffa6b7d3ad2b573887328433551a2d3c5c35,0,0,"Official web-reader extraction; no local PDF bytes/hash. Dashes retain source nonapplicability, not reported zero.",public/uva_web/current_core_counts.csv
2026,2025,234076,234076005,Richmond Center: School of Nursing,arson,Arson,criminal_offenses,noncampus,,–,source_not_applicable,140,133,L9753@P139: Arson – 0 – 0 0 0 – 0 – 0 0 0 – 0 – 0 0 0,https://cleryact.virginia.edu/report#page=140,,tables_2.txt,57be6e7a05b30e0eb10436197d65ffa6b7d3ad2b573887328433551a2d3c5c35,0,0,"Official web-reader extraction; no local PDF bytes/hash. Dashes retain source nonapplicability, not reported zero.",public/uva_web/current_core_counts.csv
2026,2025,234076,234076005,Richmond Center: School of Nursing,arson,Arson,criminal_offenses,publicproperty,0,0,reported_numeric,140,133,L9753@P139: Arson – 0 – 0 0 0 – 0 – 0 0 0 – 0 – 0 0 0,https://cleryact.virginia.edu/report#page=140,,tables_2.txt,57be6e7a05b30e0eb10436197d65ffa6b7d3ad2b573887328433551a2d3c5c35,0,0,"Official web-reader extraction; no local PDF bytes/hash. Dashes retain source nonapplicability, not reported zero.",public/uva_web/current_core_counts.csv
2026,2024,234076,234076005,Richmond Center: School of Nursing,arson,Arson,criminal_offenses,residential,,–,source_not_applicable,140,133,L9753@P139: Arson – 0 – 0 0 0 – 0 – 0 0 0 – 0 – 0 0 0,https://cleryact.virginia.edu/report#page=140,,tables_2.txt,57be6e7a05b30e0eb10436197d65ffa6b7d3ad2b573887328433551a2d3c5c35,0,0,"Official web-reader extraction; no local PDF bytes/hash. Dashes retain source nonapplicability, not reported zero.",public/uva_web/current_core_counts.csv
2026,2024,234076,234076005,Richmond Center: School of Nursing,arson,Arson,criminal_offenses,oncampus,0,0,reported_numeric,140,133,L9753@P139: Arson – 0 – 0 0 0 – 0 – 0 0 0 – 0 – 0 0 0,https://cleryact.virginia.edu/report#page=140,,tables_2.txt,57be6e7a05b30e0eb10436197d65ffa6b7d3ad2b573887328433551a2d3c5c35,0,0,"Official web-reader extraction; no local PDF bytes/hash. Dashes retain source nonapplicability, not reported zero.",public/uva_web/current_core_counts.csv
2026,2024,234076,234076005,Richmond Center: School of Nursing,arson,Arson,criminal_offenses,noncampus,,–,source_not_applicable,140,133,L9753@P139: Arson – 0 – 0 0 0 – 0 – 0 0 0 – 0 – 0 0 0,https://cleryact.virginia.edu/report#page=140,,tables_2.txt,57be6e7a05b30e0eb10436197d65ffa6b7d3ad2b573887328433551a2d3c5c35,0,0,"Official web-reader extraction; no local PDF bytes/hash. Dashes retain source nonapplicability, not reported zero.",public/uva_web/current_core_counts.csv
2026,2024,234076,234076005,Richmond Center: School of Nursing,arson,Arson,criminal_offenses,publicproperty,0,0,reported_numeric,140,133,L9753@P139: Arson – 0 – 0 0 0 – 0 – 0 0 0 – 0 – 0 0 0,https://cleryact.virginia.edu/report#page=140,,tables_2.txt,57be6e7a05b30e0eb10436197d65ffa6b7d3ad2b573887328433551a2d3c5c35,0,0,"Official web-reader extraction; no local PDF bytes/hash. Dashes retain source nonapplicability, not reported zero.",public/uva_web/current_core_counts.csv
2026,2023,234076,234076005,Richmond Center: School of Nursing,arson,Arson,criminal_offenses,residential,,–,source_not_applicable,140,133,L9753@P139: Arson – 0 – 0 0 0 – 0 – 0 0 0 – 0 – 0 0 0,https://cleryact.virginia.edu/report#page=140,,tables_2.txt,57be6e7a05b30e0eb10436197d65ffa6b7d3ad2b573887328433551a2d3c5c35,0,0,"Official web-reader extraction; no local PDF bytes/hash. Dashes retain source nonapplicability, not reported zero.",public/uva_web/current_core_counts.csv
2026,2023,234076,234076005,Richmond Center: School of Nursing,arson,Arson,criminal_offenses,oncampus,0,0,reported_numeric,140,133,L9753@P139: Arson – 0 – 0 0 0 – 0 – 0 0 0 – 0 – 0 0 0,https://cleryact.virginia.edu/report#page=140,,tables_2.txt,57be6e7a05b30e0eb10436197d65ffa6b7d3ad2b573887328433551a2d3c5c35,0,0,"Official web-reader extraction; no local PDF bytes/hash. Dashes retain source nonapplicability, not reported zero.",public/uva_web/current_core_counts.csv
2026,2023,234076,234076005,Richmond Center: School of Nursing,arson,Arson,criminal_offenses,noncampus,,–,source_not_applicable,140,133,L9753@P139: Arson – 0 – 0 0 0 – 0 – 0 0 0 – 0 – 0 0 0,https://cleryact.virginia.edu/report#page=140,,tables_2.txt,57be6e7a05b30e0eb10436197d65ffa6b7d3ad2b573887328433551a2d3c5c35,0,0,"Official web-reader extraction; no local PDF bytes/hash. Dashes retain source nonapplicability, not reported zero.",public/uva_web/current_core_counts.csv
2026,2023,234076,234076005,Richmond Center: School of Nursing,arson,Arson,criminal_offenses,publicproperty,0,0,reported_numeric,140,133,L9753@P139: Arson – 0 – 0 0 0 – 0 – 0 0 0 – 0 – 0 0 0,https://cleryact.virginia.edu/report#page=140,,tables_2.txt,57be6e7a05b30e0eb10436197d65ffa6b7d3ad2b573887328433551a2d3c5c35,0,0,"Official web-reader extraction; no local PDF bytes/hash. Dashes retain source nonapplicability, not reported zero.",public/uva_web/current_core_counts.csv
2026,2025,234076,234076005,Richmond Center: School of Nursing,dating_violence,Dating Violence,vawa,residential,,–,source_not_applicable,140,133,L9755@P139: Dating Violence – 0 – 0 0 0 – 0 – 0 0 0 – 0 – 0 0 0,https://cleryact.virginia.edu/report#page=140,,tables_2.txt,57be6e7a05b30e0eb10436197d65ffa6b7d3ad2b573887328433551a2d3c5c35,0,0,"Official web-reader extraction; no local PDF bytes/hash. Dashes retain source nonapplicability, not reported zero.",public/uva_web/current_core_counts.csv
2026,2025,234076,234076005,Richmond Center: School of Nursing,dating_violence,Dating Violence,vawa,oncampus,0,0,reported_numeric,140,133,L9755@P139: Dating Violence – 0 – 0 0 0 – 0 – 0 0 0 – 0 – 0 0 0,https://cleryact.virginia.edu/report#page=140,,tables_2.txt,57be6e7a05b30e0eb10436197d65ffa6b7d3ad2b573887328433551a2d3c5c35,0,0,"Official web-reader extraction; no local PDF bytes/hash. Dashes retain source nonapplicability, not reported zero.",public/uva_web/current_core_counts.csv
2026,2025,234076,234076005,Richmond Center: School of Nursing,dating_violence,Dating Violence,vawa,noncampus,,–,source_not_applicable,140,133,L9755@P139: Dating Violence – 0 – 0 0 0 – 0 – 0 0 0 – 0 – 0 0 0,https://cleryact.virginia.edu/report#page=140,,tables_2.txt,57be6e7a05b30e0eb10436197d65ffa6b7d3ad2b573887328433551a2d3c5c35,0,0,"Official web-reader extraction; no local PDF bytes/hash. Dashes retain source nonapplicability, not reported zero.",public/uva_web/current_core_counts.csv
2026,2025,234076,234076005,Richmond Center: School of Nursing,dating_violence,Dating Violence,vawa,publicproperty,0,0,reported_numeric,140,133,L9755@P139: Dating Violence – 0 – 0 0 0 – 0 – 0 0 0 – 0 – 0 0 0,https://cleryact.virginia.edu/report#page=140,,tables_2.txt,57be6e7a05b30e0eb10436197d65ffa6b7d3ad2b573887328433551a2d3c5c35,0,0,"Official web-reader extraction; no local PDF bytes/hash. Dashes retain source nonapplicability, not reported zero.",public/uva_web/current_core_counts.csv
2026,2024,234076,234076005,Richmond Center: School of Nursing,dating_violence,Dating Violence,vawa,residential,,–,source_not_applicable,140,133,L9755@P139: Dating Violence – 0 – 0 0 0 – 0 – 0 0 0 – 0 – 0 0 0,https://cleryact.virginia.edu/report#page=140,,tables_2.txt,57be6e7a05b30e0eb10436197d65ffa6b7d3ad2b573887328433551a2d3c5c35,0,0,"Official web-reader extraction; no local PDF bytes/hash. Dashes retain source nonapplicability, not reported zero.",public/uva_web/current_core_counts.csv
2026,2024,234076,234076005,Richmond Center: School of Nursing,dating_violence,Dating Violence,vawa,oncampus,0,0,reported_numeric,140,133,L9755@P139: Dating Violence – 0 – 0 0 0 – 0 – 0 0 0 – 0 – 0 0 0,https://cleryact.virginia.edu/report#page=140,,tables_2.txt,57be6e7a05b30e0eb10436197d65ffa6b7d3ad2b573887328433551a2d3c5c35,0,0,"Official web-reader extraction; no local PDF bytes/hash. Dashes retain source nonapplicability, not reported zero.",public/uva_web/current_core_counts.csv
2026,2024,234076,234076005,Richmond Center: School of Nursing,dating_violence,Dating Violence,vawa,noncampus,,–,source_not_applicable,140,133,L9755@P139: Dating Violence – 0 – 0 0 0 – 0 – 0 0 0 – 0 – 0 0 0,https://cleryact.virginia.edu/report#page=140,,tables_2.txt,57be6e7a05b30e0eb10436197d65ffa6b7d3ad2b573887328433551a2d3c5c35,0,0,"Official web-reader extraction; no local PDF bytes/hash. Dashes retain source nonapplicability, not reported zero.",public/uva_web/current_core_counts.csv
2026,2024,234076,234076005,Richmond Center: School of Nursing,dating_violence,Dating Violence,vawa,publicproperty,0,0,reported_numeric,140,133,L9755@P139: Dating Violence – 0 – 0 0 0 – 0 – 0 0 0 – 0 – 0 0 0,https://cleryact.virginia.edu/report#page=140,,tables_2.txt,57be6e7a05b30e0eb10436197d65ffa6b7d3ad2b573887328433551a2d3c5c35,0,0,"Official web-reader extraction; no local PDF bytes/hash. Dashes retain source nonapplicability, not reported zero.",public/uva_web/current_core_counts.csv
2026,2023,234076,234076005,Richmond Center: School of Nursing,dating_violence,Dating Violence,vawa,residential,,–,source_not_applicable,140,133,L9755@P139: Dating Violence – 0 – 0 0 0 – 0 – 0 0 0 – 0 – 0 0 0,https://cleryact.virginia.edu/report#page=140,,tables_2.txt,57be6e7a05b30e0eb10436197d65ffa6b7d3ad2b573887328433551a2d3c5c35,0,0,"Official web-reader extraction; no local PDF bytes/hash. Dashes retain source nonapplicability, not reported zero.",public/uva_web/current_core_counts.csv
2026,2023,234076,234076005,Richmond Center: School of Nursing,dating_violence,Dating Violence,vawa,oncampus,0,0,reported_numeric,140,133,L9755@P139: Dating Violence – 0 – 0 0 0 – 0 – 0 0 0 – 0 – 0 0 0,https://cleryact.virginia.edu/report#page=140,,tables_2.txt,57be6e7a05b30e0eb10436197d65ffa6b7d3ad2b573887328433551a2d3c5c35,0,0,"Official web-reader extraction; no local PDF bytes/hash. Dashes retain source nonapplicability, not reported zero.",public/uva_web/current_core_counts.csv
2026,2023,234076,234076005,Richmond Center: School of Nursing,dating_violence,Dating Violence,vawa,noncampus,,–,source_not_applicable,140,133,L9755@P139: Dating Violence – 0 – 0 0 0 – 0 – 0 0 0 – 0 – 0 0 0,https://cleryact.virginia.edu/report#page=140,,tables_2.txt,57be6e7a05b30e0eb10436197d65ffa6b7d3ad2b573887328433551a2d3c5c35,0,0,"Official web-reader extraction; no local PDF bytes/hash. Dashes retain source nonapplicability, not reported zero.",public/uva_web/current_core_counts.csv
2026,2023,234076,234076005,Richmond Center: School of Nursing,dating_violence,Dating Violence,vawa,publicproperty,0,0,reported_numeric,140,133,L9755@P139: Dating Violence – 0 – 0 0 0 – 0 – 0 0 0 – 0 – 0 0 0,https://cleryact.virginia.edu/report#page=140,,tables_2.txt,57be6e7a05b30e0eb10436197d65ffa6b7d3ad2b573887328433551a2d3c5c35,0,0,"Official web-reader extraction; no local PDF bytes/hash. Dashes retain source nonapplicability, not reported zero.",public/uva_web/current_core_counts.csv
2026,2025,234076,234076005,Richmond Center: School of Nursing,domestic_violence,Domestic Violence,vawa,residential,,–,source_not_applicable,140,133,L9757@P139: Violence – 0 – 0 0 0 – 0 – 0 0 0 – 0 – 0 0 0,https://cleryact.virginia.edu/report#page=140,,tables_2.txt,57be6e7a05b30e0eb10436197d65ffa6b7d3ad2b573887328433551a2d3c5c35,0,0,"Official web-reader extraction; no local PDF bytes/hash. Dashes retain source nonapplicability, not reported zero.",public/uva_web/current_core_counts.csv
2026,2025,234076,234076005,Richmond Center: School of Nursing,domestic_violence,Domestic Violence,vawa,oncampus,0,0,reported_numeric,140,133,L9757@P139: Violence – 0 – 0 0 0 – 0 – 0 0 0 – 0 – 0 0 0,https://cleryact.virginia.edu/report#page=140,,tables_2.txt,57be6e7a05b30e0eb10436197d65ffa6b7d3ad2b573887328433551a2d3c5c35,0,0,"Official web-reader extraction; no local PDF bytes/hash. Dashes retain source nonapplicability, not reported zero.",public/uva_web/current_core_counts.csv
2026,2025,234076,234076005,Richmond Center: School of Nursing,domestic_violence,Domestic Violence,vawa,noncampus,,–,source_not_applicable,140,133,L9757@P139: Violence – 0 – 0 0 0 – 0 – 0 0 0 – 0 – 0 0 0,https://cleryact.virginia.edu/report#page=140,,tables_2.txt,57be6e7a05b30e0eb10436197d65ffa6b7d3ad2b573887328433551a2d3c5c35,0,0,"Official web-reader extraction; no local PDF bytes/hash. Dashes retain source nonapplicability, not reported zero.",public/uva_web/current_core_counts.csv
2026,2025,234076,234076005,Richmond Center: School of Nursing,domestic_violence,Domestic Violence,vawa,publicproperty,0,0,reported_numeric,140,133,L9757@P139: Violence – 0 – 0 0 0 – 0 – 0 0 0 – 0 – 0 0 0,https://cleryact.virginia.edu/report#page=140,,tables_2.txt,57be6e7a05b30e0eb10436197d65ffa6b7d3ad2b573887328433551a2d3c5c35,0,0,"Official web-reader extraction; no local PDF bytes/hash. Dashes retain source nonapplicability, not reported zero.",public/uva_web/current_core_counts.csv
2026,2024,234076,234076005,Richmond Center: School of Nursing,domestic_violence,Domestic Violence,vawa,residential,,–,source_not_applicable,140,133,L9757@P139: Violence – 0 – 0 0 0 – 0 – 0 0 0 – 0 – 0 0 0,https://cleryact.virginia.edu/report#page=140,,tables_2.txt,57be6e7a05b30e0eb10436197d65ffa6b7d3ad2b573887328433551a2d3c5c35,0,0,"Official web-reader extraction; no local PDF bytes/hash. Dashes retain source nonapplicability, not reported zero.",public/uva_web/current_core_counts.csv
2026,2024,234076,234076005,Richmond Center: School of Nursing,domestic_violence,Domestic Violence,vawa,oncampus,0,0,reported_numeric,140,133,L9757@P139: Violence – 0 – 0 0 0 – 0 – 0 0 0 – 0 – 0 0 0,https://cleryact.virginia.edu/report#page=140,,tables_2.txt,57be6e7a05b30e0eb10436197d65ffa6b7d3ad2b573887328433551a2d3c5c35,0,0,"Official web-reader extraction; no local PDF bytes/hash. Dashes retain source nonapplicability, not reported zero.",public/uva_web/current_core_counts.csv
2026,2024,234076,234076005,Richmond Center: School of Nursing,domestic_violence,Domestic Violence,vawa,noncampus,,–,source_not_applicable,140,133,L9757@P139: Violence – 0 – 0 0 0 – 0 – 0 0 0 – 0 – 0 0 0,https://cleryact.virginia.edu/report#page=140,,tables_2.txt,57be6e7a05b30e0eb10436197d65ffa6b7d3ad2b573887328433551a2d3c5c35,0,0,"Official web-reader extraction; no local PDF bytes/hash. Dashes retain source nonapplicability, not reported zero.",public/uva_web/current_core_counts.csv
2026,2024,234076,234076005,Richmond Center: School of Nursing,domestic_violence,Domestic Violence,vawa,publicproperty,0,0,reported_numeric,140,133,L9757@P139: Violence – 0 – 0 0 0 – 0 – 0 0 0 – 0 – 0 0 0,https://cleryact.virginia.edu/report#page=140,,tables_2.txt,57be6e7a05b30e0eb10436197d65ffa6b7d3ad2b573887328433551a2d3c5c35,0,0,"Official web-reader extraction; no local PDF bytes/hash. Dashes retain source nonapplicability, not reported zero.",public/uva_web/current_core_counts.csv
2026,2023,234076,234076005,Richmond Center: School of Nursing,domestic_violence,Domestic Violence,vawa,residential,,–,source_not_applicable,140,133,L9757@P139: Violence – 0 – 0 0 0 – 0 – 0 0 0 – 0 – 0 0 0,https://cleryact.virginia.edu/report#page=140,,tables_2.txt,57be6e7a05b30e0eb10436197d65ffa6b7d3ad2b573887328433551a2d3c5c35,0,0,"Official web-reader extraction; no local PDF bytes/hash. Dashes retain source nonapplicability, not reported zero.",public/uva_web/current_core_counts.csv
2026,2023,234076,234076005,Richmond Center: School of Nursing,domestic_violence,Domestic Violence,vawa,oncampus,0,0,reported_numeric,140,133,L9757@P139: Violence – 0 – 0 0 0 – 0 – 0 0 0 – 0 – 0 0 0,https://cleryact.virginia.edu/report#page=140,,tables_2.txt,57be6e7a05b30e0eb10436197d65ffa6b7d3ad2b573887328433551a2d3c5c35,0,0,"Official web-reader extraction; no local PDF bytes/hash. Dashes retain source nonapplicability, not reported zero.",public/uva_web/current_core_counts.csv
2026,2023,234076,234076005,Richmond Center: School of Nursing,domestic_violence,Domestic Violence,vawa,noncampus,,–,source_not_applicable,140,133,L9757@P139: Violence – 0 – 0 0 0 – 0 – 0 0 0 – 0 – 0 0 0,https://cleryact.virginia.edu/report#page=140,,tables_2.txt,57be6e7a05b30e0eb10436197d65ffa6b7d3ad2b573887328433551a2d3c5c35,0,0,"Official web-reader extraction; no local PDF bytes/hash. Dashes retain source nonapplicability, not reported zero.",public/uva_web/current_core_counts.csv
2026,2023,234076,234076005,Richmond Center: School of Nursing,domestic_violence,Domestic Violence,vawa,publicproperty,0,0,reported_numeric,140,133,L9757@P139: Violence – 0 – 0 0 0 – 0 – 0 0 0 – 0 – 0 0 0,https://cleryact.virginia.edu/report#page=140,,tables_2.txt,57be6e7a05b30e0eb10436197d65ffa6b7d3ad2b573887328433551a2d3c5c35,0,0,"Official web-reader extraction; no local PDF bytes/hash. Dashes retain source nonapplicability, not reported zero.",public/uva_web/current_core_counts.csv
2026,2025,234076,234076005,Richmond Center: School of Nursing,stalking,Stalking,vawa,residential,,–,source_not_applicable,140,133,L9758@P139: Stalking – 0 – 0 0 0 – 0 – 0 0 0 – 0 – 0 0 0,https://cleryact.virginia.edu/report#page=140,,tables_2.txt,57be6e7a05b30e0eb10436197d65ffa6b7d3ad2b573887328433551a2d3c5c35,0,0,"Official web-reader extraction; no local PDF bytes/hash. Dashes retain source nonapplicability, not reported zero.",public/uva_web/current_core_counts.csv
2026,2025,234076,234076005,Richmond Center: School of Nursing,stalking,Stalking,vawa,oncampus,0,0,reported_numeric,140,133,L9758@P139: Stalking – 0 – 0 0 0 – 0 – 0 0 0 – 0 – 0 0 0,https://cleryact.virginia.edu/report#page=140,,tables_2.txt,57be6e7a05b30e0eb10436197d65ffa6b7d3ad2b573887328433551a2d3c5c35,0,0,"Official web-reader extraction; no local PDF bytes/hash. Dashes retain source nonapplicability, not reported zero.",public/uva_web/current_core_counts.csv
2026,2025,234076,234076005,Richmond Center: School of Nursing,stalking,Stalking,vawa,noncampus,,–,source_not_applicable,140,133,L9758@P139: Stalking – 0 – 0 0 0 – 0 – 0 0 0 – 0 – 0 0 0,https://cleryact.virginia.edu/report#page=140,,tables_2.txt,57be6e7a05b30e0eb10436197d65ffa6b7d3ad2b573887328433551a2d3c5c35,0,0,"Official web-reader extraction; no local PDF bytes/hash. Dashes retain source nonapplicability, not reported zero.",public/uva_web/current_core_counts.csv
2026,2025,234076,234076005,Richmond Center: School of Nursing,stalking,Stalking,vawa,publicproperty,0,0,reported_numeric,140,133,L9758@P139: Stalking – 0 – 0 0 0 – 0 – 0 0 0 – 0 – 0 0 0,https://cleryact.virginia.edu/report#page=140,,tables_2.txt,57be6e7a05b30e0eb10436197d65ffa6b7d3ad2b573887328433551a2d3c5c35,0,0,"Official web-reader extraction; no local PDF bytes/hash. Dashes retain source nonapplicability, not reported zero.",public/uva_web/current_core_counts.csv
2026,2024,234076,234076005,Richmond Center: School of Nursing,stalking,Stalking,vawa,residential,,–,source_not_applicable,140,133,L9758@P139: Stalking – 0 – 0 0 0 – 0 – 0 0 0 – 0 – 0 0 0,https://cleryact.virginia.edu/report#page=140,,tables_2.txt,57be6e7a05b30e0eb10436197d65ffa6b7d3ad2b573887328433551a2d3c5c35,0,0,"Official web-reader extraction; no local PDF bytes/hash. Dashes retain source nonapplicability, not reported zero.",public/uva_web/current_core_counts.csv
2026,2024,234076,234076005,Richmond Center: School of Nursing,stalking,Stalking,vawa,oncampus,0,0,reported_numeric,140,133,L9758@P139: Stalking – 0 – 0 0 0 – 0 – 0 0 0 – 0 – 0 0 0,https://cleryact.virginia.edu/report#page=140,,tables_2.txt,57be6e7a05b30e0eb10436197d65ffa6b7d3ad2b573887328433551a2d3c5c35,0,0,"Official web-reader extraction; no local PDF bytes/hash. Dashes retain source nonapplicability, not reported zero.",public/uva_web/current_core_counts.csv
2026,2024,234076,234076005,Richmond Center: School of Nursing,stalking,Stalking,vawa,noncampus,,–,source_not_applicable,140,133,L9758@P139: Stalking – 0 – 0 0 0 – 0 – 0 0 0 – 0 – 0 0 0,https://cleryact.virginia.edu/report#page=140,,tables_2.txt,57be6e7a05b30e0eb10436197d65ffa6b7d3ad2b573887328433551a2d3c5c35,0,0,"Official web-reader extraction; no local PDF bytes/hash. Dashes retain source nonapplicability, not reported zero.",public/uva_web/current_core_counts.csv
2026,2024,234076,234076005,Richmond Center: School of Nursing,stalking,Stalking,vawa,publicproperty,0,0,reported_numeric,140,133,L9758@P139: Stalking – 0 – 0 0 0 – 0 – 0 0 0 – 0 – 0 0 0,https://cleryact.virginia.edu/report#page=140,,tables_2.txt,57be6e7a05b30e0eb10436197d65ffa6b7d3ad2b573887328433551a2d3c5c35,0,0,"Official web-reader extraction; no local PDF bytes/hash. Dashes retain source nonapplicability, not reported zero.",public/uva_web/current_core_counts.csv
2026,2023,234076,234076005,Richmond Center: School of Nursing,stalking,Stalking,vawa,residential,,–,source_not_applicable,140,133,L9758@P139: Stalking – 0 – 0 0 0 – 0 – 0 0 0 – 0 – 0 0 0,https://cleryact.virginia.edu/report#page=140,,tables_2.txt,57be6e7a05b30e0eb10436197d65ffa6b7d3ad2b573887328433551a2d3c5c35,0,0,"Official web-reader extraction; no local PDF bytes/hash. Dashes retain source nonapplicability, not reported zero.",public/uva_web/current_core_counts.csv
2026,2023,234076,234076005,Richmond Center: School of Nursing,stalking,Stalking,vawa,oncampus,0,0,reported_numeric,140,133,L9758@P139: Stalking – 0 – 0 0 0 – 0 – 0 0 0 – 0 – 0 0 0,https://cleryact.virginia.edu/report#page=140,,tables_2.txt,57be6e7a05b30e0eb10436197d65ffa6b7d3ad2b573887328433551a2d3c5c35,0,0,"Official web-reader extraction; no local PDF bytes/hash. Dashes retain source nonapplicability, not reported zero.",public/uva_web/current_core_counts.csv
2026,2023,234076,234076005,Richmond Center: School of Nursing,stalking,Stalking,vawa,noncampus,,–,source_not_applicable,140,133,L9758@P139: Stalking – 0 – 0 0 0 – 0 – 0 0 0 – 0 – 0 0 0,https://cleryact.virginia.edu/report#page=140,,tables_2.txt,57be6e7a05b30e0eb10436197d65ffa6b7d3ad2b573887328433551a2d3c5c35,0,0,"Official web-reader extraction; no local PDF bytes/hash. Dashes retain source nonapplicability, not reported zero.",public/uva_web/current_core_counts.csv
2026,2023,234076,234076005,Richmond Center: School of Nursing,stalking,Stalking,vawa,publicproperty,0,0,reported_numeric,140,133,L9758@P139: Stalking – 0 – 0 0 0 – 0 – 0 0 0 – 0 – 0 0 0,https://cleryact.virginia.edu/report#page=140,,tables_2.txt,57be6e7a05b30e0eb10436197d65ffa6b7d3ad2b573887328433551a2d3c5c35,0,0,"Official web-reader extraction; no local PDF bytes/hash. Dashes retain source nonapplicability, not reported zero.",public/uva_web/current_core_counts.csv
2026,2025,234076,234076013,UVA-Inova Fairfax Campus,murder,Murder/Nonnegligent Manslaughter,criminal_offenses,residential,,–,source_not_applicable,149,142,L10249@P148: – 0 – 0 0 0 – 0 – 0 0 0 – 0 – 0 0 0,https://cleryact.virginia.edu/report#page=149,,tables_2.txt,57be6e7a05b30e0eb10436197d65ffa6b7d3ad2b573887328433551a2d3c5c35,0,0,"Official web-reader extraction; no local PDF bytes/hash. Dashes retain source nonapplicability, not reported zero.",public/uva_web/current_core_counts.csv
2026,2025,234076,234076013,UVA-Inova Fairfax Campus,murder,Murder/Nonnegligent Manslaughter,criminal_offenses,oncampus,0,0,reported_numeric,149,142,L10249@P148: – 0 – 0 0 0 – 0 – 0 0 0 – 0 – 0 0 0,https://cleryact.virginia.edu/report#page=149,,tables_2.txt,57be6e7a05b30e0eb10436197d65ffa6b7d3ad2b573887328433551a2d3c5c35,0,0,"Official web-reader extraction; no local PDF bytes/hash. Dashes retain source nonapplicability, not reported zero.",public/uva_web/current_core_counts.csv
2026,2025,234076,234076013,UVA-Inova Fairfax Campus,murder,Murder/Nonnegligent Manslaughter,criminal_offenses,noncampus,,–,source_not_applicable,149,142,L10249@P148: – 0 – 0 0 0 – 0 – 0 0 0 – 0 – 0 0 0,https://cleryact.virginia.edu/report#page=149,,tables_2.txt,57be6e7a05b30e0eb10436197d65ffa6b7d3ad2b573887328433551a2d3c5c35,0,0,"Official web-reader extraction; no local PDF bytes/hash. Dashes retain source nonapplicability, not reported zero.",public/uva_web/current_core_counts.csv
2026,2025,234076,234076013,UVA-Inova Fairfax Campus,murder,Murder/Nonnegligent Manslaughter,criminal_offenses,publicproperty,0,0,reported_numeric,149,142,L10249@P148: – 0 – 0 0 0 – 0 – 0 0 0 – 0 – 0 0 0,https://cleryact.virginia.edu/report#page=149,,tables_2.txt,57be6e7a05b30e0eb10436197d65ffa6b7d3ad2b573887328433551a2d3c5c35,0,0,"Official web-reader extraction; no local PDF bytes/hash. Dashes retain source nonapplicability, not reported zero.",public/uva_web/current_core_counts.csv
2026,2024,234076,234076013,UVA-Inova Fairfax Campus,murder,Murder/Nonnegligent Manslaughter,criminal_offenses,residential,,–,source_not_applicable,149,142,L10249@P148: – 0 – 0 0 0 – 0 – 0 0 0 – 0 – 0 0 0,https://cleryact.virginia.edu/report#page=149,,tables_2.txt,57be6e7a05b30e0eb10436197d65ffa6b7d3ad2b573887328433551a2d3c5c35,0,0,"Official web-reader extraction; no local PDF bytes/hash. Dashes retain source nonapplicability, not reported zero.",public/uva_web/current_core_counts.csv
2026,2024,234076,234076013,UVA-Inova Fairfax Campus,murder,Murder/Nonnegligent Manslaughter,criminal_offenses,oncampus,0,0,reported_numeric,149,142,L10249@P148: – 0 – 0 0 0 – 0 – 0 0 0 – 0 – 0 0 0,https://cleryact.virginia.edu/report#page=149,,tables_2.txt,57be6e7a05b30e0eb10436197d65ffa6b7d3ad2b573887328433551a2d3c5c35,0,0,"Official web-reader extraction; no local PDF bytes/hash. Dashes retain source nonapplicability, not reported zero.",public/uva_web/current_core_counts.csv
2026,2024,234076,234076013,UVA-Inova Fairfax Campus,murder,Murder/Nonnegligent Manslaughter,criminal_offenses,noncampus,,–,source_not_applicable,149,142,L10249@P148: – 0 – 0 0 0 – 0 – 0 0 0 – 0 – 0 0 0,https://cleryact.virginia.edu/report#page=149,,tables_2.txt,57be6e7a05b30e0eb10436197d65ffa6b7d3ad2b573887328433551a2d3c5c35,0,0,"Official web-reader extraction; no local PDF bytes/hash. Dashes retain source nonapplicability, not reported zero.",public/uva_web/current_core_counts.csv
2026,2024,234076,234076013,UVA-Inova Fairfax Campus,murder,Murder/Nonnegligent Manslaughter,criminal_offenses,publicproperty,0,0,reported_numeric,149,142,L10249@P148: – 0 – 0 0 0 – 0 – 0 0 0 – 0 – 0 0 0,https://cleryact.virginia.edu/report#page=149,,tables_2.txt,57be6e7a05b30e0eb10436197d65ffa6b7d3ad2b573887328433551a2d3c5c35,0,0,"Official web-reader extraction; no local PDF bytes/hash. Dashes retain source nonapplicability, not reported zero.",public/uva_web/current_core_counts.csv
2026,2023,234076,234076013,UVA-Inova Fairfax Campus,murder,Murder/Nonnegligent Manslaughter,criminal_offenses,residential,,–,source_not_applicable,149,142,L10249@P148: – 0 – 0 0 0 – 0 – 0 0 0 – 0 – 0 0 0,https://cleryact.virginia.edu/report#page=149,,tables_2.txt,57be6e7a05b30e0eb10436197d65ffa6b7d3ad2b573887328433551a2d3c5c35,0,0,"Official web-reader extraction; no local PDF bytes/hash. Dashes retain source nonapplicability, not reported zero.",public/uva_web/current_core_counts.csv
2026,2023,234076,234076013,UVA-Inova Fairfax Campus,murder,Murder/Nonnegligent Manslaughter,criminal_offenses,oncampus,0,0,reported_numeric,149,142,L10249@P148: – 0 – 0 0 0 – 0 – 0 0 0 – 0 – 0 0 0,https://cleryact.virginia.edu/report#page=149,,tables_2.txt,57be6e7a05b30e0eb10436197d65ffa6b7d3ad2b573887328433551a2d3c5c35,0,0,"Official web-reader extraction; no local PDF bytes/hash. Dashes retain source nonapplicability, not reported zero.",public/uva_web/current_core_counts.csv
2026,2023,234076,234076013,UVA-Inova Fairfax Campus,murder,Murder/Nonnegligent Manslaughter,criminal_offenses,noncampus,,–,source_not_applicable,149,142,L10249@P148: – 0 – 0 0 0 – 0 – 0 0 0 – 0 – 0 0 0,https://cleryact.virginia.edu/report#page=149,,tables_2.txt,57be6e7a05b30e0eb10436197d65ffa6b7d3ad2b573887328433551a2d3c5c35,0,0,"Official web-reader extraction; no local PDF bytes/hash. Dashes retain source nonapplicability, not reported zero.",public/uva_web/current_core_counts.csv
2026,2023,234076,234076013,UVA-Inova Fairfax Campus,murder,Murder/Nonnegligent Manslaughter,criminal_offenses,publicproperty,0,0,reported_numeric,149,142,L10249@P148: – 0 – 0 0 0 – 0 – 0 0 0 – 0 – 0 0 0,https://cleryact.virginia.edu/report#page=149,,tables_2.txt,57be6e7a05b30e0eb10436197d65ffa6b7d3ad2b573887328433551a2d3c5c35,0,0,"Official web-reader extraction; no local PDF bytes/hash. Dashes retain source nonapplicability, not reported zero.",public/uva_web/current_core_counts.csv
2026,2025,234076,234076013,UVA-Inova Fairfax Campus,negligent_manslaughter,Negligent Manslaughter,criminal_offenses,residential,,–,source_not_applicable,149,142,L10251@P148: Manslaughter – 0 – 0 0 0 – 0 – 0 0 0 – 0 – 0 0 0,https://cleryact.virginia.edu/report#page=149,,tables_2.txt,57be6e7a05b30e0eb10436197d65ffa6b7d3ad2b573887328433551a2d3c5c35,0,0,"Official web-reader extraction; no local PDF bytes/hash. Dashes retain source nonapplicability, not reported zero.",public/uva_web/current_core_counts.csv
2026,2025,234076,234076013,UVA-Inova Fairfax Campus,negligent_manslaughter,Negligent Manslaughter,criminal_offenses,oncampus,0,0,reported_numeric,149,142,L10251@P148: Manslaughter – 0 – 0 0 0 – 0 – 0 0 0 – 0 – 0 0 0,https://cleryact.virginia.edu/report#page=149,,tables_2.txt,57be6e7a05b30e0eb10436197d65ffa6b7d3ad2b573887328433551a2d3c5c35,0,0,"Official web-reader extraction; no local PDF bytes/hash. Dashes retain source nonapplicability, not reported zero.",public/uva_web/current_core_counts.csv
2026,2025,234076,234076013,UVA-Inova Fairfax Campus,negligent_manslaughter,Negligent Manslaughter,criminal_offenses,noncampus,,–,source_not_applicable,149,142,L10251@P148: Manslaughter – 0 – 0 0 0 – 0 – 0 0 0 – 0 – 0 0 0,https://cleryact.virginia.edu/report#page=149,,tables_2.txt,57be6e7a05b30e0eb10436197d65ffa6b7d3ad2b573887328433551a2d3c5c35,0,0,"Official web-reader extraction; no local PDF bytes/hash. Dashes retain source nonapplicability, not reported zero.",public/uva_web/current_core_counts.csv
2026,2025,234076,234076013,UVA-Inova Fairfax Campus,negligent_manslaughter,Negligent Manslaughter,criminal_offenses,publicproperty,0,0,reported_numeric,149,142,L10251@P148: Manslaughter – 0 – 0 0 0 – 0 – 0 0 0 – 0 – 0 0 0,https://cleryact.virginia.edu/report#page=149,,tables_2.txt,57be6e7a05b30e0eb10436197d65ffa6b7d3ad2b573887328433551a2d3c5c35,0,0,"Official web-reader extraction; no local PDF bytes/hash. Dashes retain source nonapplicability, not reported zero.",public/uva_web/current_core_counts.csv
2026,2024,234076,234076013,UVA-Inova Fairfax Campus,negligent_manslaughter,Negligent Manslaughter,criminal_offenses,residential,,–,source_not_applicable,149,142,L10251@P148: Manslaughter – 0 – 0 0 0 – 0 – 0 0 0 – 0 – 0 0 0,https://cleryact.virginia.edu/report#page=149,,tables_2.txt,57be6e7a05b30e0eb10436197d65ffa6b7d3ad2b573887328433551a2d3c5c35,0,0,"Official web-reader extraction; no local PDF bytes/hash. Dashes retain source nonapplicability, not reported zero.",public/uva_web/current_core_counts.csv
2026,2024,234076,234076013,UVA-Inova Fairfax Campus,negligent_manslaughter,Negligent Manslaughter,criminal_offenses,oncampus,0,0,reported_numeric,149,142,L10251@P148: Manslaughter – 0 – 0 0 0 – 0 – 0 0 0 – 0 – 0 0 0,https://cleryact.virginia.edu/report#page=149,,tables_2.txt,57be6e7a05b30e0eb10436197d65ffa6b7d3ad2b573887328433551a2d3c5c35,0,0,"Official web-reader extraction; no local PDF bytes/hash. Dashes retain source nonapplicability, not reported zero.",public/uva_web/current_core_counts.csv
2026,2024,234076,234076013,UVA-Inova Fairfax Campus,negligent_manslaughter,Negligent Manslaughter,criminal_offenses,noncampus,,–,source_not_applicable,149,142,L10251@P148: Manslaughter – 0 – 0 0 0 – 0 – 0 0 0 – 0 – 0 0 0,https://cleryact.virginia.edu/report#page=149,,tables_2.txt,57be6e7a05b30e0eb10436197d65ffa6b7d3ad2b573887328433551a2d3c5c35,0,0,"Official web-reader extraction; no local PDF bytes/hash. Dashes retain source nonapplicability, not reported zero.",public/uva_web/current_core_counts.csv
2026,2024,234076,234076013,UVA-Inova Fairfax Campus,negligent_manslaughter,Negligent Manslaughter,criminal_offenses,publicproperty,0,0,reported_numeric,149,142,L10251@P148: Manslaughter – 0 – 0 0 0 – 0 – 0 0 0 – 0 – 0 0 0,https://cleryact.virginia.edu/report#page=149,,tables_2.txt,57be6e7a05b30e0eb10436197d65ffa6b7d3ad2b573887328433551a2d3c5c35,0,0,"Official web-reader extraction; no local PDF bytes/hash. Dashes retain source nonapplicability, not reported zero.",public/uva_web/current_core_counts.csv
2026,2023,234076,234076013,UVA-Inova Fairfax Campus,negligent_manslaughter,Negligent Manslaughter,criminal_offenses,residential,,–,source_not_applicable,149,142,L10251@P148: Manslaughter – 0 – 0 0 0 – 0 – 0 0 0 – 0 – 0 0 0,https://cleryact.virginia.edu/report#page=149,,tables_2.txt,57be6e7a05b30e0eb10436197d65ffa6b7d3ad2b573887328433551a2d3c5c35,0,0,"Official web-reader extraction; no local PDF bytes/hash. Dashes retain source nonapplicability, not reported zero.",public/uva_web/current_core_counts.csv
2026,2023,234076,234076013,UVA-Inova Fairfax Campus,negligent_manslaughter,Negligent Manslaughter,criminal_offenses,oncampus,0,0,reported_numeric,149,142,L10251@P148: Manslaughter – 0 – 0 0 0 – 0 – 0 0 0 – 0 – 0 0 0,https://cleryact.virginia.edu/report#page=149,,tables_2.txt,57be6e7a05b30e0eb10436197d65ffa6b7d3ad2b573887328433551a2d3c5c35,0,0,"Official web-reader extraction; no local PDF bytes/hash. Dashes retain source nonapplicability, not reported zero.",public/uva_web/current_core_counts.csv
2026,2023,234076,234076013,UVA-Inova Fairfax Campus,negligent_manslaughter,Negligent Manslaughter,criminal_offenses,noncampus,,–,source_not_applicable,149,142,L10251@P148: Manslaughter – 0 – 0 0 0 – 0 – 0 0 0 – 0 – 0 0 0,https://cleryact.virginia.edu/report#page=149,,tables_2.txt,57be6e7a05b30e0eb10436197d65ffa6b7d3ad2b573887328433551a2d3c5c35,0,0,"Official web-reader extraction; no local PDF bytes/hash. Dashes retain source nonapplicability, not reported zero.",public/uva_web/current_core_counts.csv
2026,2023,234076,234076013,UVA-Inova Fairfax Campus,negligent_manslaughter,Negligent Manslaughter,criminal_offenses,publicproperty,0,0,reported_numeric,149,142,L10251@P148: Manslaughter – 0 – 0 0 0 – 0 – 0 0 0 – 0 – 0 0 0,https://cleryact.virginia.edu/report#page=149,,tables_2.txt,57be6e7a05b30e0eb10436197d65ffa6b7d3ad2b573887328433551a2d3c5c35,0,0,"Official web-reader extraction; no local PDF bytes/hash. Dashes retain source nonapplicability, not reported zero.",public/uva_web/current_core_counts.csv
2026,2025,234076,234076013,UVA-Inova Fairfax Campus,rape,Rape,criminal_offenses,residential,,–,source_not_applicable,149,142,L10252@P148: Rape – 3 – 0 3 0 – 2 – 0 2 0 – 4 – 0 4 0,https://cleryact.virginia.edu/report#page=149,,tables_2.txt,57be6e7a05b30e0eb10436197d65ffa6b7d3ad2b573887328433551a2d3c5c35,3,0,"Official web-reader extraction; no local PDF bytes/hash. Dashes retain source nonapplicability, not reported zero.",public/uva_web/current_core_counts.csv
2026,2025,234076,234076013,UVA-Inova Fairfax Campus,rape,Rape,criminal_offenses,oncampus,3,3,reported_numeric,149,142,L10252@P148: Rape – 3 – 0 3 0 – 2 – 0 2 0 – 4 – 0 4 0,https://cleryact.virginia.edu/report#page=149,,tables_2.txt,57be6e7a05b30e0eb10436197d65ffa6b7d3ad2b573887328433551a2d3c5c35,3,0,"Official web-reader extraction; no local PDF bytes/hash. Dashes retain source nonapplicability, not reported zero.",public/uva_web/current_core_counts.csv
2026,2025,234076,234076013,UVA-Inova Fairfax Campus,rape,Rape,criminal_offenses,noncampus,,–,source_not_applicable,149,142,L10252@P148: Rape – 3 – 0 3 0 – 2 – 0 2 0 – 4 – 0 4 0,https://cleryact.virginia.edu/report#page=149,,tables_2.txt,57be6e7a05b30e0eb10436197d65ffa6b7d3ad2b573887328433551a2d3c5c35,3,0,"Official web-reader extraction; no local PDF bytes/hash. Dashes retain source nonapplicability, not reported zero.",public/uva_web/current_core_counts.csv
2026,2025,234076,234076013,UVA-Inova Fairfax Campus,rape,Rape,criminal_offenses,publicproperty,0,0,reported_numeric,149,142,L10252@P148: Rape – 3 – 0 3 0 – 2 – 0 2 0 – 4 – 0 4 0,https://cleryact.virginia.edu/report#page=149,,tables_2.txt,57be6e7a05b30e0eb10436197d65ffa6b7d3ad2b573887328433551a2d3c5c35,3,0,"Official web-reader extraction; no local PDF bytes/hash. Dashes retain source nonapplicability, not reported zero.",public/uva_web/current_core_counts.csv
2026,2024,234076,234076013,UVA-Inova Fairfax Campus,rape,Rape,criminal_offenses,residential,,–,source_not_applicable,149,142,L10252@P148: Rape – 3 – 0 3 0 – 2 – 0 2 0 – 4 – 0 4 0,https://cleryact.virginia.edu/report#page=149,,tables_2.txt,57be6e7a05b30e0eb10436197d65ffa6b7d3ad2b573887328433551a2d3c5c35,2,0,"Official web-reader extraction; no local PDF bytes/hash. Dashes retain source nonapplicability, not reported zero.",public/uva_web/current_core_counts.csv
2026,2024,234076,234076013,UVA-Inova Fairfax Campus,rape,Rape,criminal_offenses,oncampus,2,2,reported_numeric,149,142,L10252@P148: Rape – 3 – 0 3 0 – 2 – 0 2 0 – 4 – 0 4 0,https://cleryact.virginia.edu/report#page=149,,tables_2.txt,57be6e7a05b30e0eb10436197d65ffa6b7d3ad2b573887328433551a2d3c5c35,2,0,"Official web-reader extraction; no local PDF bytes/hash. Dashes retain source nonapplicability, not reported zero.",public/uva_web/current_core_counts.csv
2026,2024,234076,234076013,UVA-Inova Fairfax Campus,rape,Rape,criminal_offenses,noncampus,,–,source_not_applicable,149,142,L10252@P148: Rape – 3 – 0 3 0 – 2 – 0 2 0 – 4 – 0 4 0,https://cleryact.virginia.edu/report#page=149,,tables_2.txt,57be6e7a05b30e0eb10436197d65ffa6b7d3ad2b573887328433551a2d3c5c35,2,0,"Official web-reader extraction; no local PDF bytes/hash. Dashes retain source nonapplicability, not reported zero.",public/uva_web/current_core_counts.csv
2026,2024,234076,234076013,UVA-Inova Fairfax Campus,rape,Rape,criminal_offenses,publicproperty,0,0,reported_numeric,149,142,L10252@P148: Rape – 3 – 0 3 0 – 2 – 0 2 0 – 4 – 0 4 0,https://cleryact.virginia.edu/report#page=149,,tables_2.txt,57be6e7a05b30e0eb10436197d65ffa6b7d3ad2b573887328433551a2d3c5c35,2,0,"Official web-reader extraction; no local PDF bytes/hash. Dashes retain source nonapplicability, not reported zero.",public/uva_web/current_core_counts.csv
2026,2023,234076,234076013,UVA-Inova Fairfax Campus,rape,Rape,criminal_offenses,residential,,–,source_not_applicable,149,142,L10252@P148: Rape – 3 – 0 3 0 – 2 – 0 2 0 – 4 – 0 4 0,https://cleryact.virginia.edu/report#page=149,,tables_2.txt,57be6e7a05b30e0eb10436197d65ffa6b7d3ad2b573887328433551a2d3c5c35,4,0,"Official web-reader extraction; no local PDF bytes/hash. Dashes retain source nonapplicability, not reported zero.",public/uva_web/current_core_counts.csv
2026,2023,234076,234076013,UVA-Inova Fairfax Campus,rape,Rape,criminal_offenses,oncampus,4,4,reported_numeric,149,142,L10252@P148: Rape – 3 – 0 3 0 – 2 – 0 2 0 – 4 – 0 4 0,https://cleryact.virginia.edu/report#page=149,,tables_2.txt,57be6e7a05b30e0eb10436197d65ffa6b7d3ad2b573887328433551a2d3c5c35,4,0,"Official web-reader extraction; no local PDF bytes/hash. Dashes retain source nonapplicability, not reported zero.",public/uva_web/current_core_counts.csv
2026,2023,234076,234076013,UVA-Inova Fairfax Campus,rape,Rape,criminal_offenses,noncampus,,–,source_not_applicable,149,142,L10252@P148: Rape – 3 – 0 3 0 – 2 – 0 2 0 – 4 – 0 4 0,https://cleryact.virginia.edu/report#page=149,,tables_2.txt,57be6e7a05b30e0eb10436197d65ffa6b7d3ad2b573887328433551a2d3c5c35,4,0,"Official web-reader extraction; no local PDF bytes/hash. Dashes retain source nonapplicability, not reported zero.",public/uva_web/current_core_counts.csv
2026,2023,234076,234076013,UVA-Inova Fairfax Campus,rape,Rape,criminal_offenses,publicproperty,0,0,reported_numeric,149,142,L10252@P148: Rape – 3 – 0 3 0 – 2 – 0 2 0 – 4 – 0 4 0,https://cleryact.virginia.edu/report#page=149,,tables_2.txt,57be6e7a05b30e0eb10436197d65ffa6b7d3ad2b573887328433551a2d3c5c35,4,0,"Official web-reader extraction; no local PDF bytes/hash. Dashes retain source nonapplicability, not reported zero.",public/uva_web/current_core_counts.csv
2026,2025,234076,234076013,UVA-Inova Fairfax Campus,fondling,Fondling,criminal_offenses,residential,,–,source_not_applicable,149,142,L10253@P148: Fondling – 3 – 0 3 0 – 6 – 0 6 0 – 7 – 0 7 0,https://cleryact.virginia.edu/report#page=149,,tables_2.txt,57be6e7a05b30e0eb10436197d65ffa6b7d3ad2b573887328433551a2d3c5c35,3,0,"Official web-reader extraction; no local PDF bytes/hash. Dashes retain source nonapplicability, not reported zero.",public/uva_web/current_core_counts.csv
2026,2025,234076,234076013,UVA-Inova Fairfax Campus,fondling,Fondling,criminal_offenses,oncampus,3,3,reported_numeric,149,142,L10253@P148: Fondling – 3 – 0 3 0 – 6 – 0 6 0 – 7 – 0 7 0,https://cleryact.virginia.edu/report#page=149,,tables_2.txt,57be6e7a05b30e0eb10436197d65ffa6b7d3ad2b573887328433551a2d3c5c35,3,0,"Official web-reader extraction; no local PDF bytes/hash. Dashes retain source nonapplicability, not reported zero.",public/uva_web/current_core_counts.csv
2026,2025,234076,234076013,UVA-Inova Fairfax Campus,fondling,Fondling,criminal_offenses,noncampus,,–,source_not_applicable,149,142,L10253@P148: Fondling – 3 – 0 3 0 – 6 – 0 6 0 – 7 – 0 7 0,https://cleryact.virginia.edu/report#page=149,,tables_2.txt,57be6e7a05b30e0eb10436197d65ffa6b7d3ad2b573887328433551a2d3c5c35,3,0,"Official web-reader extraction; no local PDF bytes/hash. Dashes retain source nonapplicability, not reported zero.",public/uva_web/current_core_counts.csv
2026,2025,234076,234076013,UVA-Inova Fairfax Campus,fondling,Fondling,criminal_offenses,publicproperty,0,0,reported_numeric,149,142,L10253@P148: Fondling – 3 – 0 3 0 – 6 – 0 6 0 – 7 – 0 7 0,https://cleryact.virginia.edu/report#page=149,,tables_2.txt,57be6e7a05b30e0eb10436197d65ffa6b7d3ad2b573887328433551a2d3c5c35,3,0,"Official web-reader extraction; no local PDF bytes/hash. Dashes retain source nonapplicability, not reported zero.",public/uva_web/current_core_counts.csv
2026,2024,234076,234076013,UVA-Inova Fairfax Campus,fondling,Fondling,criminal_offenses,residential,,–,source_not_applicable,149,142,L10253@P148: Fondling – 3 – 0 3 0 – 6 – 0 6 0 – 7 – 0 7 0,https://cleryact.virginia.edu/report#page=149,,tables_2.txt,57be6e7a05b30e0eb10436197d65ffa6b7d3ad2b573887328433551a2d3c5c35,6,0,"Official web-reader extraction; no local PDF bytes/hash. Dashes retain source nonapplicability, not reported zero.",public/uva_web/current_core_counts.csv
2026,2024,234076,234076013,UVA-Inova Fairfax Campus,fondling,Fondling,criminal_offenses,oncampus,6,6,reported_numeric,149,142,L10253@P148: Fondling – 3 – 0 3 0 – 6 – 0 6 0 – 7 – 0 7 0,https://cleryact.virginia.edu/report#page=149,,tables_2.txt,57be6e7a05b30e0eb10436197d65ffa6b7d3ad2b573887328433551a2d3c5c35,6,0,"Official web-reader extraction; no local PDF bytes/hash. Dashes retain source nonapplicability, not reported zero.",public/uva_web/current_core_counts.csv
2026,2024,234076,234076013,UVA-Inova Fairfax Campus,fondling,Fondling,criminal_offenses,noncampus,,–,source_not_applicable,149,142,L10253@P148: Fondling – 3 – 0 3 0 – 6 – 0 6 0 – 7 – 0 7 0,https://cleryact.virginia.edu/report#page=149,,tables_2.txt,57be6e7a05b30e0eb10436197d65ffa6b7d3ad2b573887328433551a2d3c5c35,6,0,"Official web-reader extraction; no local PDF bytes/hash. Dashes retain source nonapplicability, not reported zero.",public/uva_web/current_core_counts.csv
2026,2024,234076,234076013,UVA-Inova Fairfax Campus,fondling,Fondling,criminal_offenses,publicproperty,0,0,reported_numeric,149,142,L10253@P148: Fondling – 3 – 0 3 0 – 6 – 0 6 0 – 7 – 0 7 0,https://cleryact.virginia.edu/report#page=149,,tables_2.txt,57be6e7a05b30e0eb10436197d65ffa6b7d3ad2b573887328433551a2d3c5c35,6,0,"Official web-reader extraction; no local PDF bytes/hash. Dashes retain source nonapplicability, not reported zero.",public/uva_web/current_core_counts.csv
2026,2023,234076,234076013,UVA-Inova Fairfax Campus,fondling,Fondling,criminal_offenses,residential,,–,source_not_applicable,149,142,L10253@P148: Fondling – 3 – 0 3 0 – 6 – 0 6 0 – 7 – 0 7 0,https://cleryact.virginia.edu/report#page=149,,tables_2.txt,57be6e7a05b30e0eb10436197d65ffa6b7d3ad2b573887328433551a2d3c5c35,7,0,"Official web-reader extraction; no local PDF bytes/hash. Dashes retain source nonapplicability, not reported zero.",public/uva_web/current_core_counts.csv
2026,2023,234076,234076013,UVA-Inova Fairfax Campus,fondling,Fondling,criminal_offenses,oncampus,7,7,reported_numeric,149,142,L10253@P148: Fondling – 3 – 0 3 0 – 6 – 0 6 0 – 7 – 0 7 0,https://cleryact.virginia.edu/report#page=149,,tables_2.txt,57be6e7a05b30e0eb10436197d65ffa6b7d3ad2b573887328433551a2d3c5c35,7,0,"Official web-reader extraction; no local PDF bytes/hash. Dashes retain source nonapplicability, not reported zero.",public/uva_web/current_core_counts.csv
2026,2023,234076,234076013,UVA-Inova Fairfax Campus,fondling,Fondling,criminal_offenses,noncampus,,–,source_not_applicable,149,142,L10253@P148: Fondling – 3 – 0 3 0 – 6 – 0 6 0 – 7 – 0 7 0,https://cleryact.virginia.edu/report#page=149,,tables_2.txt,57be6e7a05b30e0eb10436197d65ffa6b7d3ad2b573887328433551a2d3c5c35,7,0,"Official web-reader extraction; no local PDF bytes/hash. Dashes retain source nonapplicability, not reported zero.",public/uva_web/current_core_counts.csv
2026,2023,234076,234076013,UVA-Inova Fairfax Campus,fondling,Fondling,criminal_offenses,publicproperty,0,0,reported_numeric,149,142,L10253@P148: Fondling – 3 – 0 3 0 – 6 – 0 6 0 – 7 – 0 7 0,https://cleryact.virginia.edu/report#page=149,,tables_2.txt,57be6e7a05b30e0eb10436197d65ffa6b7d3ad2b573887328433551a2d3c5c35,7,0,"Official web-reader extraction; no local PDF bytes/hash. Dashes retain source nonapplicability, not reported zero.",public/uva_web/current_core_counts.csv
2026,2025,234076,234076013,UVA-Inova Fairfax Campus,incest,Incest,criminal_offenses,residential,,–,source_not_applicable,149,142,L10254@P148: Incest – 0 – 0 0 0 – 0 – 0 0 0 – 0 – 0 0 0,https://cleryact.virginia.edu/report#page=149,,tables_2.txt,57be6e7a05b30e0eb10436197d65ffa6b7d3ad2b573887328433551a2d3c5c35,0,0,"Official web-reader extraction; no local PDF bytes/hash. Dashes retain source nonapplicability, not reported zero.",public/uva_web/current_core_counts.csv
2026,2025,234076,234076013,UVA-Inova Fairfax Campus,incest,Incest,criminal_offenses,oncampus,0,0,reported_numeric,149,142,L10254@P148: Incest – 0 – 0 0 0 – 0 – 0 0 0 – 0 – 0 0 0,https://cleryact.virginia.edu/report#page=149,,tables_2.txt,57be6e7a05b30e0eb10436197d65ffa6b7d3ad2b573887328433551a2d3c5c35,0,0,"Official web-reader extraction; no local PDF bytes/hash. Dashes retain source nonapplicability, not reported zero.",public/uva_web/current_core_counts.csv
2026,2025,234076,234076013,UVA-Inova Fairfax Campus,incest,Incest,criminal_offenses,noncampus,,–,source_not_applicable,149,142,L10254@P148: Incest – 0 – 0 0 0 – 0 – 0 0 0 – 0 – 0 0 0,https://cleryact.virginia.edu/report#page=149,,tables_2.txt,57be6e7a05b30e0eb10436197d65ffa6b7d3ad2b573887328433551a2d3c5c35,0,0,"Official web-reader extraction; no local PDF bytes/hash. Dashes retain source nonapplicability, not reported zero.",public/uva_web/current_core_counts.csv
2026,2025,234076,234076013,UVA-Inova Fairfax Campus,incest,Incest,criminal_offenses,publicproperty,0,0,reported_numeric,149,142,L10254@P148: Incest – 0 – 0 0 0 – 0 – 0 0 0 – 0 – 0 0 0,https://cleryact.virginia.edu/report#page=149,,tables_2.txt,57be6e7a05b30e0eb10436197d65ffa6b7d3ad2b573887328433551a2d3c5c35,0,0,"Official web-reader extraction; no local PDF bytes/hash. Dashes retain source nonapplicability, not reported zero.",public/uva_web/current_core_counts.csv
2026,2024,234076,234076013,UVA-Inova Fairfax Campus,incest,Incest,criminal_offenses,residential,,–,source_not_applicable,149,142,L10254@P148: Incest – 0 – 0 0 0 – 0 – 0 0 0 – 0 – 0 0 0,https://cleryact.virginia.edu/report#page=149,,tables_2.txt,57be6e7a05b30e0eb10436197d65ffa6b7d3ad2b573887328433551a2d3c5c35,0,0,"Official web-reader extraction; no local PDF bytes/hash. Dashes retain source nonapplicability, not reported zero.",public/uva_web/current_core_counts.csv
2026,2024,234076,234076013,UVA-Inova Fairfax Campus,incest,Incest,criminal_offenses,oncampus,0,0,reported_numeric,149,142,L10254@P148: Incest – 0 – 0 0 0 – 0 – 0 0 0 – 0 – 0 0 0,https://cleryact.virginia.edu/report#page=149,,tables_2.txt,57be6e7a05b30e0eb10436197d65ffa6b7d3ad2b573887328433551a2d3c5c35,0,0,"Official web-reader extraction; no local PDF bytes/hash. Dashes retain source nonapplicability, not reported zero.",public/uva_web/current_core_counts.csv
2026,2024,234076,234076013,UVA-Inova Fairfax Campus,incest,Incest,criminal_offenses,noncampus,,–,source_not_applicable,149,142,L10254@P148: Incest – 0 – 0 0 0 – 0 – 0 0 0 – 0 – 0 0 0,https://cleryact.virginia.edu/report#page=149,,tables_2.txt,57be6e7a05b30e0eb10436197d65ffa6b7d3ad2b573887328433551a2d3c5c35,0,0,"Official web-reader extraction; no local PDF bytes/hash. Dashes retain source nonapplicability, not reported zero.",public/uva_web/current_core_counts.csv
2026,2024,234076,234076013,UVA-Inova Fairfax Campus,incest,Incest,criminal_offenses,publicproperty,0,0,reported_numeric,149,142,L10254@P148: Incest – 0 – 0 0 0 – 0 – 0 0 0 – 0 – 0 0 0,https://cleryact.virginia.edu/report#page=149,,tables_2.txt,57be6e7a05b30e0eb10436197d65ffa6b7d3ad2b573887328433551a2d3c5c35,0,0,"Official web-reader extraction; no local PDF bytes/hash. Dashes retain source nonapplicability, not reported zero.",public/uva_web/current_core_counts.csv
2026,2023,234076,234076013,UVA-Inova Fairfax Campus,incest,Incest,criminal_offenses,residential,,–,source_not_applicable,149,142,L10254@P148: Incest – 0 – 0 0 0 – 0 – 0 0 0 – 0 – 0 0 0,https://cleryact.virginia.edu/report#page=149,,tables_2.txt,57be6e7a05b30e0eb10436197d65ffa6b7d3ad2b573887328433551a2d3c5c35,0,0,"Official web-reader extraction; no local PDF bytes/hash. Dashes retain source nonapplicability, not reported zero.",public/uva_web/current_core_counts.csv
2026,2023,234076,234076013,UVA-Inova Fairfax Campus,incest,Incest,criminal_offenses,oncampus,0,0,reported_numeric,149,142,L10254@P148: Incest – 0 – 0 0 0 – 0 – 0 0 0 – 0 – 0 0 0,https://cleryact.virginia.edu/report#page=149,,tables_2.txt,57be6e7a05b30e0eb10436197d65ffa6b7d3ad2b573887328433551a2d3c5c35,0,0,"Official web-reader extraction; no local PDF bytes/hash. Dashes retain source nonapplicability, not reported zero.",public/uva_web/current_core_counts.csv
2026,2023,234076,234076013,UVA-Inova Fairfax Campus,incest,Incest,criminal_offenses,noncampus,,–,source_not_applicable,149,142,L10254@P148: Incest – 0 – 0 0 0 – 0 – 0 0 0 – 0 – 0 0 0,https://cleryact.virginia.edu/report#page=149,,tables_2.txt,57be6e7a05b30e0eb10436197d65ffa6b7d3ad2b573887328433551a2d3c5c35,0,0,"Official web-reader extraction; no local PDF bytes/hash. Dashes retain source nonapplicability, not reported zero.",public/uva_web/current_core_counts.csv
2026,2023,234076,234076013,UVA-Inova Fairfax Campus,incest,Incest,criminal_offenses,publicproperty,0,0,reported_numeric,149,142,L10254@P148: Incest – 0 – 0 0 0 – 0 – 0 0 0 – 0 – 0 0 0,https://cleryact.virginia.edu/report#page=149,,tables_2.txt,57be6e7a05b30e0eb10436197d65ffa6b7d3ad2b573887328433551a2d3c5c35,0,0,"Official web-reader extraction; no local PDF bytes/hash. Dashes retain source nonapplicability, not reported zero.",public/uva_web/current_core_counts.csv
2026,2025,234076,234076013,UVA-Inova Fairfax Campus,statutory_rape,Statutory Rape,criminal_offenses,residential,,–,source_not_applicable,149,142,L10255@P148: Statutory Rape – 0 – 0 0 0 – 0 – 0 0 0 – 0 – 0 0 0,https://cleryact.virginia.edu/report#page=149,,tables_2.txt,57be6e7a05b30e0eb10436197d65ffa6b7d3ad2b573887328433551a2d3c5c35,0,0,"Official web-reader extraction; no local PDF bytes/hash. Dashes retain source nonapplicability, not reported zero.",public/uva_web/current_core_counts.csv
2026,2025,234076,234076013,UVA-Inova Fairfax Campus,statutory_rape,Statutory Rape,criminal_offenses,oncampus,0,0,reported_numeric,149,142,L10255@P148: Statutory Rape – 0 – 0 0 0 – 0 – 0 0 0 – 0 – 0 0 0,https://cleryact.virginia.edu/report#page=149,,tables_2.txt,57be6e7a05b30e0eb10436197d65ffa6b7d3ad2b573887328433551a2d3c5c35,0,0,"Official web-reader extraction; no local PDF bytes/hash. Dashes retain source nonapplicability, not reported zero.",public/uva_web/current_core_counts.csv
2026,2025,234076,234076013,UVA-Inova Fairfax Campus,statutory_rape,Statutory Rape,criminal_offenses,noncampus,,–,source_not_applicable,149,142,L10255@P148: Statutory Rape – 0 – 0 0 0 – 0 – 0 0 0 – 0 – 0 0 0,https://cleryact.virginia.edu/report#page=149,,tables_2.txt,57be6e7a05b30e0eb10436197d65ffa6b7d3ad2b573887328433551a2d3c5c35,0,0,"Official web-reader extraction; no local PDF bytes/hash. Dashes retain source nonapplicability, not reported zero.",public/uva_web/current_core_counts.csv
2026,2025,234076,234076013,UVA-Inova Fairfax Campus,statutory_rape,Statutory Rape,criminal_offenses,publicproperty,0,0,reported_numeric,149,142,L10255@P148: Statutory Rape – 0 – 0 0 0 – 0 – 0 0 0 – 0 – 0 0 0,https://cleryact.virginia.edu/report#page=149,,tables_2.txt,57be6e7a05b30e0eb10436197d65ffa6b7d3ad2b573887328433551a2d3c5c35,0,0,"Official web-reader extraction; no local PDF bytes/hash. Dashes retain source nonapplicability, not reported zero.",public/uva_web/current_core_counts.csv
2026,2024,234076,234076013,UVA-Inova Fairfax Campus,statutory_rape,Statutory Rape,criminal_offenses,residential,,–,source_not_applicable,149,142,L10255@P148: Statutory Rape – 0 – 0 0 0 – 0 – 0 0 0 – 0 – 0 0 0,https://cleryact.virginia.edu/report#page=149,,tables_2.txt,57be6e7a05b30e0eb10436197d65ffa6b7d3ad2b573887328433551a2d3c5c35,0,0,"Official web-reader extraction; no local PDF bytes/hash. Dashes retain source nonapplicability, not reported zero.",public/uva_web/current_core_counts.csv
2026,2024,234076,234076013,UVA-Inova Fairfax Campus,statutory_rape,Statutory Rape,criminal_offenses,oncampus,0,0,reported_numeric,149,142,L10255@P148: Statutory Rape – 0 – 0 0 0 – 0 – 0 0 0 – 0 – 0 0 0,https://cleryact.virginia.edu/report#page=149,,tables_2.txt,57be6e7a05b30e0eb10436197d65ffa6b7d3ad2b573887328433551a2d3c5c35,0,0,"Official web-reader extraction; no local PDF bytes/hash. Dashes retain source nonapplicability, not reported zero.",public/uva_web/current_core_counts.csv
2026,2024,234076,234076013,UVA-Inova Fairfax Campus,statutory_rape,Statutory Rape,criminal_offenses,noncampus,,–,source_not_applicable,149,142,L10255@P148: Statutory Rape – 0 – 0 0 0 – 0 – 0 0 0 – 0 – 0 0 0,https://cleryact.virginia.edu/report#page=149,,tables_2.txt,57be6e7a05b30e0eb10436197d65ffa6b7d3ad2b573887328433551a2d3c5c35,0,0,"Official web-reader extraction; no local PDF bytes/hash. Dashes retain source nonapplicability, not reported zero.",public/uva_web/current_core_counts.csv
2026,2024,234076,234076013,UVA-Inova Fairfax Campus,statutory_rape,Statutory Rape,criminal_offenses,publicproperty,0,0,reported_numeric,149,142,L10255@P148: Statutory Rape – 0 – 0 0 0 – 0 – 0 0 0 – 0 – 0 0 0,https://cleryact.virginia.edu/report#page=149,,tables_2.txt,57be6e7a05b30e0eb10436197d65ffa6b7d3ad2b573887328433551a2d3c5c35,0,0,"Official web-reader extraction; no local PDF bytes/hash. Dashes retain source nonapplicability, not reported zero.",public/uva_web/current_core_counts.csv
2026,2023,234076,234076013,UVA-Inova Fairfax Campus,statutory_rape,Statutory Rape,criminal_offenses,residential,,–,source_not_applicable,149,142,L10255@P148: Statutory Rape – 0 – 0 0 0 – 0 – 0 0 0 – 0 – 0 0 0,https://cleryact.virginia.edu/report#page=149,,tables_2.txt,57be6e7a05b30e0eb10436197d65ffa6b7d3ad2b573887328433551a2d3c5c35,0,0,"Official web-reader extraction; no local PDF bytes/hash. Dashes retain source nonapplicability, not reported zero.",public/uva_web/current_core_counts.csv
2026,2023,234076,234076013,UVA-Inova Fairfax Campus,statutory_rape,Statutory Rape,criminal_offenses,oncampus,0,0,reported_numeric,149,142,L10255@P148: Statutory Rape – 0 – 0 0 0 – 0 – 0 0 0 – 0 – 0 0 0,https://cleryact.virginia.edu/report#page=149,,tables_2.txt,57be6e7a05b30e0eb10436197d65ffa6b7d3ad2b573887328433551a2d3c5c35,0,0,"Official web-reader extraction; no local PDF bytes/hash. Dashes retain source nonapplicability, not reported zero.",public/uva_web/current_core_counts.csv
2026,2023,234076,234076013,UVA-Inova Fairfax Campus,statutory_rape,Statutory Rape,criminal_offenses,noncampus,,–,source_not_applicable,149,142,L10255@P148: Statutory Rape – 0 – 0 0 0 – 0 – 0 0 0 – 0 – 0 0 0,https://cleryact.virginia.edu/report#page=149,,tables_2.txt,57be6e7a05b30e0eb10436197d65ffa6b7d3ad2b573887328433551a2d3c5c35,0,0,"Official web-reader extraction; no local PDF bytes/hash. Dashes retain source nonapplicability, not reported zero.",public/uva_web/current_core_counts.csv
2026,2023,234076,234076013,UVA-Inova Fairfax Campus,statutory_rape,Statutory Rape,criminal_offenses,publicproperty,0,0,reported_numeric,149,142,L10255@P148: Statutory Rape – 0 – 0 0 0 – 0 – 0 0 0 – 0 – 0 0 0,https://cleryact.virginia.edu/report#page=149,,tables_2.txt,57be6e7a05b30e0eb10436197d65ffa6b7d3ad2b573887328433551a2d3c5c35,0,0,"Official web-reader extraction; no local PDF bytes/hash. Dashes retain source nonapplicability, not reported zero.",public/uva_web/current_core_counts.csv
2026,2025,234076,234076013,UVA-Inova Fairfax Campus,robbery,Robbery,criminal_offenses,residential,,–,source_not_applicable,149,142,L10256@P148: Robbery – 0 – 0 0 0 – 0 – 0 0 0 – 2 – 0 2 0,https://cleryact.virginia.edu/report#page=149,,tables_2.txt,57be6e7a05b30e0eb10436197d65ffa6b7d3ad2b573887328433551a2d3c5c35,0,0,"Official web-reader extraction; no local PDF bytes/hash. Dashes retain source nonapplicability, not reported zero.",public/uva_web/current_core_counts.csv
2026,2025,234076,234076013,UVA-Inova Fairfax Campus,robbery,Robbery,criminal_offenses,oncampus,0,0,reported_numeric,149,142,L10256@P148: Robbery – 0 – 0 0 0 – 0 – 0 0 0 – 2 – 0 2 0,https://cleryact.virginia.edu/report#page=149,,tables_2.txt,57be6e7a05b30e0eb10436197d65ffa6b7d3ad2b573887328433551a2d3c5c35,0,0,"Official web-reader extraction; no local PDF bytes/hash. Dashes retain source nonapplicability, not reported zero.",public/uva_web/current_core_counts.csv
2026,2025,234076,234076013,UVA-Inova Fairfax Campus,robbery,Robbery,criminal_offenses,noncampus,,–,source_not_applicable,149,142,L10256@P148: Robbery – 0 – 0 0 0 – 0 – 0 0 0 – 2 – 0 2 0,https://cleryact.virginia.edu/report#page=149,,tables_2.txt,57be6e7a05b30e0eb10436197d65ffa6b7d3ad2b573887328433551a2d3c5c35,0,0,"Official web-reader extraction; no local PDF bytes/hash. Dashes retain source nonapplicability, not reported zero.",public/uva_web/current_core_counts.csv
2026,2025,234076,234076013,UVA-Inova Fairfax Campus,robbery,Robbery,criminal_offenses,publicproperty,0,0,reported_numeric,149,142,L10256@P148: Robbery – 0 – 0 0 0 – 0 – 0 0 0 – 2 – 0 2 0,https://cleryact.virginia.edu/report#page=149,,tables_2.txt,57be6e7a05b30e0eb10436197d65ffa6b7d3ad2b573887328433551a2d3c5c35,0,0,"Official web-reader extraction; no local PDF bytes/hash. Dashes retain source nonapplicability, not reported zero.",public/uva_web/current_core_counts.csv
2026,2024,234076,234076013,UVA-Inova Fairfax Campus,robbery,Robbery,criminal_offenses,residential,,–,source_not_applicable,149,142,L10256@P148: Robbery – 0 – 0 0 0 – 0 – 0 0 0 – 2 – 0 2 0,https://cleryact.virginia.edu/report#page=149,,tables_2.txt,57be6e7a05b30e0eb10436197d65ffa6b7d3ad2b573887328433551a2d3c5c35,0,0,"Official web-reader extraction; no local PDF bytes/hash. Dashes retain source nonapplicability, not reported zero.",public/uva_web/current_core_counts.csv
2026,2024,234076,234076013,UVA-Inova Fairfax Campus,robbery,Robbery,criminal_offenses,oncampus,0,0,reported_numeric,149,142,L10256@P148: Robbery – 0 – 0 0 0 – 0 – 0 0 0 – 2 – 0 2 0,https://cleryact.virginia.edu/report#page=149,,tables_2.txt,57be6e7a05b30e0eb10436197d65ffa6b7d3ad2b573887328433551a2d3c5c35,0,0,"Official web-reader extraction; no local PDF bytes/hash. Dashes retain source nonapplicability, not reported zero.",public/uva_web/current_core_counts.csv
2026,2024,234076,234076013,UVA-Inova Fairfax Campus,robbery,Robbery,criminal_offenses,noncampus,,–,source_not_applicable,149,142,L10256@P148: Robbery – 0 – 0 0 0 – 0 – 0 0 0 – 2 – 0 2 0,https://cleryact.virginia.edu/report#page=149,,tables_2.txt,57be6e7a05b30e0eb10436197d65ffa6b7d3ad2b573887328433551a2d3c5c35,0,0,"Official web-reader extraction; no local PDF bytes/hash. Dashes retain source nonapplicability, not reported zero.",public/uva_web/current_core_counts.csv
2026,2024,234076,234076013,UVA-Inova Fairfax Campus,robbery,Robbery,criminal_offenses,publicproperty,0,0,reported_numeric,149,142,L10256@P148: Robbery – 0 – 0 0 0 – 0 – 0 0 0 – 2 – 0 2 0,https://cleryact.virginia.edu/report#page=149,,tables_2.txt,57be6e7a05b30e0eb10436197d65ffa6b7d3ad2b573887328433551a2d3c5c35,0,0,"Official web-reader extraction; no local PDF bytes/hash. Dashes retain source nonapplicability, not reported zero.",public/uva_web/current_core_counts.csv
2026,2023,234076,234076013,UVA-Inova Fairfax Campus,robbery,Robbery,criminal_offenses,residential,,–,source_not_applicable,149,142,L10256@P148: Robbery – 0 – 0 0 0 – 0 – 0 0 0 – 2 – 0 2 0,https://cleryact.virginia.edu/report#page=149,,tables_2.txt,57be6e7a05b30e0eb10436197d65ffa6b7d3ad2b573887328433551a2d3c5c35,2,0,"Official web-reader extraction; no local PDF bytes/hash. Dashes retain source nonapplicability, not reported zero.",public/uva_web/current_core_counts.csv
2026,2023,234076,234076013,UVA-Inova Fairfax Campus,robbery,Robbery,criminal_offenses,oncampus,2,2,reported_numeric,149,142,L10256@P148: Robbery – 0 – 0 0 0 – 0 – 0 0 0 – 2 – 0 2 0,https://cleryact.virginia.edu/report#page=149,,tables_2.txt,57be6e7a05b30e0eb10436197d65ffa6b7d3ad2b573887328433551a2d3c5c35,2,0,"Official web-reader extraction; no local PDF bytes/hash. Dashes retain source nonapplicability, not reported zero.",public/uva_web/current_core_counts.csv
2026,2023,234076,234076013,UVA-Inova Fairfax Campus,robbery,Robbery,criminal_offenses,noncampus,,–,source_not_applicable,149,142,L10256@P148: Robbery – 0 – 0 0 0 – 0 – 0 0 0 – 2 – 0 2 0,https://cleryact.virginia.edu/report#page=149,,tables_2.txt,57be6e7a05b30e0eb10436197d65ffa6b7d3ad2b573887328433551a2d3c5c35,2,0,"Official web-reader extraction; no local PDF bytes/hash. Dashes retain source nonapplicability, not reported zero.",public/uva_web/current_core_counts.csv
2026,2023,234076,234076013,UVA-Inova Fairfax Campus,robbery,Robbery,criminal_offenses,publicproperty,0,0,reported_numeric,149,142,L10256@P148: Robbery – 0 – 0 0 0 – 0 – 0 0 0 – 2 – 0 2 0,https://cleryact.virginia.edu/report#page=149,,tables_2.txt,57be6e7a05b30e0eb10436197d65ffa6b7d3ad2b573887328433551a2d3c5c35,2,0,"Official web-reader extraction; no local PDF bytes/hash. Dashes retain source nonapplicability, not reported zero.",public/uva_web/current_core_counts.csv
2026,2025,234076,234076013,UVA-Inova Fairfax Campus,aggravated_assault,Aggravated Assault,criminal_offenses,residential,,–,source_not_applicable,149,142,L10258@P148: Assault – 3 – 0 3 0 – 7 – 0 7 0 – 8 – 0 8 0,https://cleryact.virginia.edu/report#page=149,,tables_2.txt,57be6e7a05b30e0eb10436197d65ffa6b7d3ad2b573887328433551a2d3c5c35,3,0,"Official web-reader extraction; no local PDF bytes/hash. Dashes retain source nonapplicability, not reported zero.",public/uva_web/current_core_counts.csv
2026,2025,234076,234076013,UVA-Inova Fairfax Campus,aggravated_assault,Aggravated Assault,criminal_offenses,oncampus,3,3,reported_numeric,149,142,L10258@P148: Assault – 3 – 0 3 0 – 7 – 0 7 0 – 8 – 0 8 0,https://cleryact.virginia.edu/report#page=149,,tables_2.txt,57be6e7a05b30e0eb10436197d65ffa6b7d3ad2b573887328433551a2d3c5c35,3,0,"Official web-reader extraction; no local PDF bytes/hash. Dashes retain source nonapplicability, not reported zero.",public/uva_web/current_core_counts.csv
2026,2025,234076,234076013,UVA-Inova Fairfax Campus,aggravated_assault,Aggravated Assault,criminal_offenses,noncampus,,–,source_not_applicable,149,142,L10258@P148: Assault – 3 – 0 3 0 – 7 – 0 7 0 – 8 – 0 8 0,https://cleryact.virginia.edu/report#page=149,,tables_2.txt,57be6e7a05b30e0eb10436197d65ffa6b7d3ad2b573887328433551a2d3c5c35,3,0,"Official web-reader extraction; no local PDF bytes/hash. Dashes retain source nonapplicability, not reported zero.",public/uva_web/current_core_counts.csv
2026,2025,234076,234076013,UVA-Inova Fairfax Campus,aggravated_assault,Aggravated Assault,criminal_offenses,publicproperty,0,0,reported_numeric,149,142,L10258@P148: Assault – 3 – 0 3 0 – 7 – 0 7 0 – 8 – 0 8 0,https://cleryact.virginia.edu/report#page=149,,tables_2.txt,57be6e7a05b30e0eb10436197d65ffa6b7d3ad2b573887328433551a2d3c5c35,3,0,"Official web-reader extraction; no local PDF bytes/hash. Dashes retain source nonapplicability, not reported zero.",public/uva_web/current_core_counts.csv
2026,2024,234076,234076013,UVA-Inova Fairfax Campus,aggravated_assault,Aggravated Assault,criminal_offenses,residential,,–,source_not_applicable,149,142,L10258@P148: Assault – 3 – 0 3 0 – 7 – 0 7 0 – 8 – 0 8 0,https://cleryact.virginia.edu/report#page=149,,tables_2.txt,57be6e7a05b30e0eb10436197d65ffa6b7d3ad2b573887328433551a2d3c5c35,7,0,"Official web-reader extraction; no local PDF bytes/hash. Dashes retain source nonapplicability, not reported zero.",public/uva_web/current_core_counts.csv
2026,2024,234076,234076013,UVA-Inova Fairfax Campus,aggravated_assault,Aggravated Assault,criminal_offenses,oncampus,7,7,reported_numeric,149,142,L10258@P148: Assault – 3 – 0 3 0 – 7 – 0 7 0 – 8 – 0 8 0,https://cleryact.virginia.edu/report#page=149,,tables_2.txt,57be6e7a05b30e0eb10436197d65ffa6b7d3ad2b573887328433551a2d3c5c35,7,0,"Official web-reader extraction; no local PDF bytes/hash. Dashes retain source nonapplicability, not reported zero.",public/uva_web/current_core_counts.csv
2026,2024,234076,234076013,UVA-Inova Fairfax Campus,aggravated_assault,Aggravated Assault,criminal_offenses,noncampus,,–,source_not_applicable,149,142,L10258@P148: Assault – 3 – 0 3 0 – 7 – 0 7 0 – 8 – 0 8 0,https://cleryact.virginia.edu/report#page=149,,tables_2.txt,57be6e7a05b30e0eb10436197d65ffa6b7d3ad2b573887328433551a2d3c5c35,7,0,"Official web-reader extraction; no local PDF bytes/hash. Dashes retain source nonapplicability, not reported zero.",public/uva_web/current_core_counts.csv
2026,2024,234076,234076013,UVA-Inova Fairfax Campus,aggravated_assault,Aggravated Assault,criminal_offenses,publicproperty,0,0,reported_numeric,149,142,L10258@P148: Assault – 3 – 0 3 0 – 7 – 0 7 0 – 8 – 0 8 0,https://cleryact.virginia.edu/report#page=149,,tables_2.txt,57be6e7a05b30e0eb10436197d65ffa6b7d3ad2b573887328433551a2d3c5c35,7,0,"Official web-reader extraction; no local PDF bytes/hash. Dashes retain source nonapplicability, not reported zero.",public/uva_web/current_core_counts.csv
2026,2023,234076,234076013,UVA-Inova Fairfax Campus,aggravated_assault,Aggravated Assault,criminal_offenses,residential,,–,source_not_applicable,149,142,L10258@P148: Assault – 3 – 0 3 0 – 7 – 0 7 0 – 8 – 0 8 0,https://cleryact.virginia.edu/report#page=149,,tables_2.txt,57be6e7a05b30e0eb10436197d65ffa6b7d3ad2b573887328433551a2d3c5c35,8,0,"Official web-reader extraction; no local PDF bytes/hash. Dashes retain source nonapplicability, not reported zero.",public/uva_web/current_core_counts.csv
2026,2023,234076,234076013,UVA-Inova Fairfax Campus,aggravated_assault,Aggravated Assault,criminal_offenses,oncampus,8,8,reported_numeric,149,142,L10258@P148: Assault – 3 – 0 3 0 – 7 – 0 7 0 – 8 – 0 8 0,https://cleryact.virginia.edu/report#page=149,,tables_2.txt,57be6e7a05b30e0eb10436197d65ffa6b7d3ad2b573887328433551a2d3c5c35,8,0,"Official web-reader extraction; no local PDF bytes/hash. Dashes retain source nonapplicability, not reported zero.",public/uva_web/current_core_counts.csv
2026,2023,234076,234076013,UVA-Inova Fairfax Campus,aggravated_assault,Aggravated Assault,criminal_offenses,noncampus,,–,source_not_applicable,149,142,L10258@P148: Assault – 3 – 0 3 0 – 7 – 0 7 0 – 8 – 0 8 0,https://cleryact.virginia.edu/report#page=149,,tables_2.txt,57be6e7a05b30e0eb10436197d65ffa6b7d3ad2b573887328433551a2d3c5c35,8,0,"Official web-reader extraction; no local PDF bytes/hash. Dashes retain source nonapplicability, not reported zero.",public/uva_web/current_core_counts.csv
2026,2023,234076,234076013,UVA-Inova Fairfax Campus,aggravated_assault,Aggravated Assault,criminal_offenses,publicproperty,0,0,reported_numeric,149,142,L10258@P148: Assault – 3 – 0 3 0 – 7 – 0 7 0 – 8 – 0 8 0,https://cleryact.virginia.edu/report#page=149,,tables_2.txt,57be6e7a05b30e0eb10436197d65ffa6b7d3ad2b573887328433551a2d3c5c35,8,0,"Official web-reader extraction; no local PDF bytes/hash. Dashes retain source nonapplicability, not reported zero.",public/uva_web/current_core_counts.csv
2026,2025,234076,234076013,UVA-Inova Fairfax Campus,burglary,Burglary,criminal_offenses,residential,,–,source_not_applicable,149,142,L10259@P148: Burglary – 0 – 0 0 0 – 0 – 0 0 0 – 0 – 0 0 0,https://cleryact.virginia.edu/report#page=149,,tables_2.txt,57be6e7a05b30e0eb10436197d65ffa6b7d3ad2b573887328433551a2d3c5c35,0,0,"Official web-reader extraction; no local PDF bytes/hash. Dashes retain source nonapplicability, not reported zero.",public/uva_web/current_core_counts.csv
2026,2025,234076,234076013,UVA-Inova Fairfax Campus,burglary,Burglary,criminal_offenses,oncampus,0,0,reported_numeric,149,142,L10259@P148: Burglary – 0 – 0 0 0 – 0 – 0 0 0 – 0 – 0 0 0,https://cleryact.virginia.edu/report#page=149,,tables_2.txt,57be6e7a05b30e0eb10436197d65ffa6b7d3ad2b573887328433551a2d3c5c35,0,0,"Official web-reader extraction; no local PDF bytes/hash. Dashes retain source nonapplicability, not reported zero.",public/uva_web/current_core_counts.csv
2026,2025,234076,234076013,UVA-Inova Fairfax Campus,burglary,Burglary,criminal_offenses,noncampus,,–,source_not_applicable,149,142,L10259@P148: Burglary – 0 – 0 0 0 – 0 – 0 0 0 – 0 – 0 0 0,https://cleryact.virginia.edu/report#page=149,,tables_2.txt,57be6e7a05b30e0eb10436197d65ffa6b7d3ad2b573887328433551a2d3c5c35,0,0,"Official web-reader extraction; no local PDF bytes/hash. Dashes retain source nonapplicability, not reported zero.",public/uva_web/current_core_counts.csv
2026,2025,234076,234076013,UVA-Inova Fairfax Campus,burglary,Burglary,criminal_offenses,publicproperty,0,0,reported_numeric,149,142,L10259@P148: Burglary – 0 – 0 0 0 – 0 – 0 0 0 – 0 – 0 0 0,https://cleryact.virginia.edu/report#page=149,,tables_2.txt,57be6e7a05b30e0eb10436197d65ffa6b7d3ad2b573887328433551a2d3c5c35,0,0,"Official web-reader extraction; no local PDF bytes/hash. Dashes retain source nonapplicability, not reported zero.",public/uva_web/current_core_counts.csv
2026,2024,234076,234076013,UVA-Inova Fairfax Campus,burglary,Burglary,criminal_offenses,residential,,–,source_not_applicable,149,142,L10259@P148: Burglary – 0 – 0 0 0 – 0 – 0 0 0 – 0 – 0 0 0,https://cleryact.virginia.edu/report#page=149,,tables_2.txt,57be6e7a05b30e0eb10436197d65ffa6b7d3ad2b573887328433551a2d3c5c35,0,0,"Official web-reader extraction; no local PDF bytes/hash. Dashes retain source nonapplicability, not reported zero.",public/uva_web/current_core_counts.csv
2026,2024,234076,234076013,UVA-Inova Fairfax Campus,burglary,Burglary,criminal_offenses,oncampus,0,0,reported_numeric,149,142,L10259@P148: Burglary – 0 – 0 0 0 – 0 – 0 0 0 – 0 – 0 0 0,https://cleryact.virginia.edu/report#page=149,,tables_2.txt,57be6e7a05b30e0eb10436197d65ffa6b7d3ad2b573887328433551a2d3c5c35,0,0,"Official web-reader extraction; no local PDF bytes/hash. Dashes retain source nonapplicability, not reported zero.",public/uva_web/current_core_counts.csv
2026,2024,234076,234076013,UVA-Inova Fairfax Campus,burglary,Burglary,criminal_offenses,noncampus,,–,source_not_applicable,149,142,L10259@P148: Burglary – 0 – 0 0 0 – 0 – 0 0 0 – 0 – 0 0 0,https://cleryact.virginia.edu/report#page=149,,tables_2.txt,57be6e7a05b30e0eb10436197d65ffa6b7d3ad2b573887328433551a2d3c5c35,0,0,"Official web-reader extraction; no local PDF bytes/hash. Dashes retain source nonapplicability, not reported zero.",public/uva_web/current_core_counts.csv
2026,2024,234076,234076013,UVA-Inova Fairfax Campus,burglary,Burglary,criminal_offenses,publicproperty,0,0,reported_numeric,149,142,L10259@P148: Burglary – 0 – 0 0 0 – 0 – 0 0 0 – 0 – 0 0 0,https://cleryact.virginia.edu/report#page=149,,tables_2.txt,57be6e7a05b30e0eb10436197d65ffa6b7d3ad2b573887328433551a2d3c5c35,0,0,"Official web-reader extraction; no local PDF bytes/hash. Dashes retain source nonapplicability, not reported zero.",public/uva_web/current_core_counts.csv
2026,2023,234076,234076013,UVA-Inova Fairfax Campus,burglary,Burglary,criminal_offenses,residential,,–,source_not_applicable,149,142,L10259@P148: Burglary – 0 – 0 0 0 – 0 – 0 0 0 – 0 – 0 0 0,https://cleryact.virginia.edu/report#page=149,,tables_2.txt,57be6e7a05b30e0eb10436197d65ffa6b7d3ad2b573887328433551a2d3c5c35,0,0,"Official web-reader extraction; no local PDF bytes/hash. Dashes retain source nonapplicability, not reported zero.",public/uva_web/current_core_counts.csv
2026,2023,234076,234076013,UVA-Inova Fairfax Campus,burglary,Burglary,criminal_offenses,oncampus,0,0,reported_numeric,149,142,L10259@P148: Burglary – 0 – 0 0 0 – 0 – 0 0 0 – 0 – 0 0 0,https://cleryact.virginia.edu/report#page=149,,tables_2.txt,57be6e7a05b30e0eb10436197d65ffa6b7d3ad2b573887328433551a2d3c5c35,0,0,"Official web-reader extraction; no local PDF bytes/hash. Dashes retain source nonapplicability, not reported zero.",public/uva_web/current_core_counts.csv
2026,2023,234076,234076013,UVA-Inova Fairfax Campus,burglary,Burglary,criminal_offenses,noncampus,,–,source_not_applicable,149,142,L10259@P148: Burglary – 0 – 0 0 0 – 0 – 0 0 0 – 0 – 0 0 0,https://cleryact.virginia.edu/report#page=149,,tables_2.txt,57be6e7a05b30e0eb10436197d65ffa6b7d3ad2b573887328433551a2d3c5c35,0,0,"Official web-reader extraction; no local PDF bytes/hash. Dashes retain source nonapplicability, not reported zero.",public/uva_web/current_core_counts.csv
2026,2023,234076,234076013,UVA-Inova Fairfax Campus,burglary,Burglary,criminal_offenses,publicproperty,0,0,reported_numeric,149,142,L10259@P148: Burglary – 0 – 0 0 0 – 0 – 0 0 0 – 0 – 0 0 0,https://cleryact.virginia.edu/report#page=149,,tables_2.txt,57be6e7a05b30e0eb10436197d65ffa6b7d3ad2b573887328433551a2d3c5c35,0,0,"Official web-reader extraction; no local PDF bytes/hash. Dashes retain source nonapplicability, not reported zero.",public/uva_web/current_core_counts.csv
2026,2025,234076,234076013,UVA-Inova Fairfax Campus,motor_vehicle_theft,Motor Vehicle Theft,criminal_offenses,residential,,–,source_not_applicable,149,142,L10261@P148: Theft – 2 – 0 2 0 – 1 – 0 1 0 – 2 – 0 2 0,https://cleryact.virginia.edu/report#page=149,,tables_2.txt,57be6e7a05b30e0eb10436197d65ffa6b7d3ad2b573887328433551a2d3c5c35,2,0,"Official web-reader extraction; no local PDF bytes/hash. Dashes retain source nonapplicability, not reported zero.",public/uva_web/current_core_counts.csv
2026,2025,234076,234076013,UVA-Inova Fairfax Campus,motor_vehicle_theft,Motor Vehicle Theft,criminal_offenses,oncampus,2,2,reported_numeric,149,142,L10261@P148: Theft – 2 – 0 2 0 – 1 – 0 1 0 – 2 – 0 2 0,https://cleryact.virginia.edu/report#page=149,,tables_2.txt,57be6e7a05b30e0eb10436197d65ffa6b7d3ad2b573887328433551a2d3c5c35,2,0,"Official web-reader extraction; no local PDF bytes/hash. Dashes retain source nonapplicability, not reported zero.",public/uva_web/current_core_counts.csv
2026,2025,234076,234076013,UVA-Inova Fairfax Campus,motor_vehicle_theft,Motor Vehicle Theft,criminal_offenses,noncampus,,–,source_not_applicable,149,142,L10261@P148: Theft – 2 – 0 2 0 – 1 – 0 1 0 – 2 – 0 2 0,https://cleryact.virginia.edu/report#page=149,,tables_2.txt,57be6e7a05b30e0eb10436197d65ffa6b7d3ad2b573887328433551a2d3c5c35,2,0,"Official web-reader extraction; no local PDF bytes/hash. Dashes retain source nonapplicability, not reported zero.",public/uva_web/current_core_counts.csv
2026,2025,234076,234076013,UVA-Inova Fairfax Campus,motor_vehicle_theft,Motor Vehicle Theft,criminal_offenses,publicproperty,0,0,reported_numeric,149,142,L10261@P148: Theft – 2 – 0 2 0 – 1 – 0 1 0 – 2 – 0 2 0,https://cleryact.virginia.edu/report#page=149,,tables_2.txt,57be6e7a05b30e0eb10436197d65ffa6b7d3ad2b573887328433551a2d3c5c35,2,0,"Official web-reader extraction; no local PDF bytes/hash. Dashes retain source nonapplicability, not reported zero.",public/uva_web/current_core_counts.csv
2026,2024,234076,234076013,UVA-Inova Fairfax Campus,motor_vehicle_theft,Motor Vehicle Theft,criminal_offenses,residential,,–,source_not_applicable,149,142,L10261@P148: Theft – 2 – 0 2 0 – 1 – 0 1 0 – 2 – 0 2 0,https://cleryact.virginia.edu/report#page=149,,tables_2.txt,57be6e7a05b30e0eb10436197d65ffa6b7d3ad2b573887328433551a2d3c5c35,1,0,"Official web-reader extraction; no local PDF bytes/hash. Dashes retain source nonapplicability, not reported zero.",public/uva_web/current_core_counts.csv
2026,2024,234076,234076013,UVA-Inova Fairfax Campus,motor_vehicle_theft,Motor Vehicle Theft,criminal_offenses,oncampus,1,1,reported_numeric,149,142,L10261@P148: Theft – 2 – 0 2 0 – 1 – 0 1 0 – 2 – 0 2 0,https://cleryact.virginia.edu/report#page=149,,tables_2.txt,57be6e7a05b30e0eb10436197d65ffa6b7d3ad2b573887328433551a2d3c5c35,1,0,"Official web-reader extraction; no local PDF bytes/hash. Dashes retain source nonapplicability, not reported zero.",public/uva_web/current_core_counts.csv
2026,2024,234076,234076013,UVA-Inova Fairfax Campus,motor_vehicle_theft,Motor Vehicle Theft,criminal_offenses,noncampus,,–,source_not_applicable,149,142,L10261@P148: Theft – 2 – 0 2 0 – 1 – 0 1 0 – 2 – 0 2 0,https://cleryact.virginia.edu/report#page=149,,tables_2.txt,57be6e7a05b30e0eb10436197d65ffa6b7d3ad2b573887328433551a2d3c5c35,1,0,"Official web-reader extraction; no local PDF bytes/hash. Dashes retain source nonapplicability, not reported zero.",public/uva_web/current_core_counts.csv
2026,2024,234076,234076013,UVA-Inova Fairfax Campus,motor_vehicle_theft,Motor Vehicle Theft,criminal_offenses,publicproperty,0,0,reported_numeric,149,142,L10261@P148: Theft – 2 – 0 2 0 – 1 – 0 1 0 – 2 – 0 2 0,https://cleryact.virginia.edu/report#page=149,,tables_2.txt,57be6e7a05b30e0eb10436197d65ffa6b7d3ad2b573887328433551a2d3c5c35,1,0,"Official web-reader extraction; no local PDF bytes/hash. Dashes retain source nonapplicability, not reported zero.",public/uva_web/current_core_counts.csv
2026,2023,234076,234076013,UVA-Inova Fairfax Campus,motor_vehicle_theft,Motor Vehicle Theft,criminal_offenses,residential,,–,source_not_applicable,149,142,L10261@P148: Theft – 2 – 0 2 0 – 1 – 0 1 0 – 2 – 0 2 0,https://cleryact.virginia.edu/report#page=149,,tables_2.txt,57be6e7a05b30e0eb10436197d65ffa6b7d3ad2b573887328433551a2d3c5c35,2,0,"Official web-reader extraction; no local PDF bytes/hash. Dashes retain source nonapplicability, not reported zero.",public/uva_web/current_core_counts.csv
2026,2023,234076,234076013,UVA-Inova Fairfax Campus,motor_vehicle_theft,Motor Vehicle Theft,criminal_offenses,oncampus,2,2,reported_numeric,149,142,L10261@P148: Theft – 2 – 0 2 0 – 1 – 0 1 0 – 2 – 0 2 0,https://cleryact.virginia.edu/report#page=149,,tables_2.txt,57be6e7a05b30e0eb10436197d65ffa6b7d3ad2b573887328433551a2d3c5c35,2,0,"Official web-reader extraction; no local PDF bytes/hash. Dashes retain source nonapplicability, not reported zero.",public/uva_web/current_core_counts.csv
2026,2023,234076,234076013,UVA-Inova Fairfax Campus,motor_vehicle_theft,Motor Vehicle Theft,criminal_offenses,noncampus,,–,source_not_applicable,149,142,L10261@P148: Theft – 2 – 0 2 0 – 1 – 0 1 0 – 2 – 0 2 0,https://cleryact.virginia.edu/report#page=149,,tables_2.txt,57be6e7a05b30e0eb10436197d65ffa6b7d3ad2b573887328433551a2d3c5c35,2,0,"Official web-reader extraction; no local PDF bytes/hash. Dashes retain source nonapplicability, not reported zero.",public/uva_web/current_core_counts.csv
2026,2023,234076,234076013,UVA-Inova Fairfax Campus,motor_vehicle_theft,Motor Vehicle Theft,criminal_offenses,publicproperty,0,0,reported_numeric,149,142,L10261@P148: Theft – 2 – 0 2 0 – 1 – 0 1 0 – 2 – 0 2 0,https://cleryact.virginia.edu/report#page=149,,tables_2.txt,57be6e7a05b30e0eb10436197d65ffa6b7d3ad2b573887328433551a2d3c5c35,2,0,"Official web-reader extraction; no local PDF bytes/hash. Dashes retain source nonapplicability, not reported zero.",public/uva_web/current_core_counts.csv
2026,2025,234076,234076013,UVA-Inova Fairfax Campus,arson,Arson,criminal_offenses,residential,,–,source_not_applicable,149,142,L10262@P148: Arson – 0 – 0 0 0 – 0 – 0 0 0 – 0 – 0 0 0,https://cleryact.virginia.edu/report#page=149,,tables_2.txt,57be6e7a05b30e0eb10436197d65ffa6b7d3ad2b573887328433551a2d3c5c35,0,0,"Official web-reader extraction; no local PDF bytes/hash. Dashes retain source nonapplicability, not reported zero.",public/uva_web/current_core_counts.csv
2026,2025,234076,234076013,UVA-Inova Fairfax Campus,arson,Arson,criminal_offenses,oncampus,0,0,reported_numeric,149,142,L10262@P148: Arson – 0 – 0 0 0 – 0 – 0 0 0 – 0 – 0 0 0,https://cleryact.virginia.edu/report#page=149,,tables_2.txt,57be6e7a05b30e0eb10436197d65ffa6b7d3ad2b573887328433551a2d3c5c35,0,0,"Official web-reader extraction; no local PDF bytes/hash. Dashes retain source nonapplicability, not reported zero.",public/uva_web/current_core_counts.csv
2026,2025,234076,234076013,UVA-Inova Fairfax Campus,arson,Arson,criminal_offenses,noncampus,,–,source_not_applicable,149,142,L10262@P148: Arson – 0 – 0 0 0 – 0 – 0 0 0 – 0 – 0 0 0,https://cleryact.virginia.edu/report#page=149,,tables_2.txt,57be6e7a05b30e0eb10436197d65ffa6b7d3ad2b573887328433551a2d3c5c35,0,0,"Official web-reader extraction; no local PDF bytes/hash. Dashes retain source nonapplicability, not reported zero.",public/uva_web/current_core_counts.csv
2026,2025,234076,234076013,UVA-Inova Fairfax Campus,arson,Arson,criminal_offenses,publicproperty,0,0,reported_numeric,149,142,L10262@P148: Arson – 0 – 0 0 0 – 0 – 0 0 0 – 0 – 0 0 0,https://cleryact.virginia.edu/report#page=149,,tables_2.txt,57be6e7a05b30e0eb10436197d65ffa6b7d3ad2b573887328433551a2d3c5c35,0,0,"Official web-reader extraction; no local PDF bytes/hash. Dashes retain source nonapplicability, not reported zero.",public/uva_web/current_core_counts.csv
2026,2024,234076,234076013,UVA-Inova Fairfax Campus,arson,Arson,criminal_offenses,residential,,–,source_not_applicable,149,142,L10262@P148: Arson – 0 – 0 0 0 – 0 – 0 0 0 – 0 – 0 0 0,https://cleryact.virginia.edu/report#page=149,,tables_2.txt,57be6e7a05b30e0eb10436197d65ffa6b7d3ad2b573887328433551a2d3c5c35,0,0,"Official web-reader extraction; no local PDF bytes/hash. Dashes retain source nonapplicability, not reported zero.",public/uva_web/current_core_counts.csv
2026,2024,234076,234076013,UVA-Inova Fairfax Campus,arson,Arson,criminal_offenses,oncampus,0,0,reported_numeric,149,142,L10262@P148: Arson – 0 – 0 0 0 – 0 – 0 0 0 – 0 – 0 0 0,https://cleryact.virginia.edu/report#page=149,,tables_2.txt,57be6e7a05b30e0eb10436197d65ffa6b7d3ad2b573887328433551a2d3c5c35,0,0,"Official web-reader extraction; no local PDF bytes/hash. Dashes retain source nonapplicability, not reported zero.",public/uva_web/current_core_counts.csv
2026,2024,234076,234076013,UVA-Inova Fairfax Campus,arson,Arson,criminal_offenses,noncampus,,–,source_not_applicable,149,142,L10262@P148: Arson – 0 – 0 0 0 – 0 – 0 0 0 – 0 – 0 0 0,https://cleryact.virginia.edu/report#page=149,,tables_2.txt,57be6e7a05b30e0eb10436197d65ffa6b7d3ad2b573887328433551a2d3c5c35,0,0,"Official web-reader extraction; no local PDF bytes/hash. Dashes retain source nonapplicability, not reported zero.",public/uva_web/current_core_counts.csv
2026,2024,234076,234076013,UVA-Inova Fairfax Campus,arson,Arson,criminal_offenses,publicproperty,0,0,reported_numeric,149,142,L10262@P148: Arson – 0 – 0 0 0 – 0 – 0 0 0 – 0 – 0 0 0,https://cleryact.virginia.edu/report#page=149,,tables_2.txt,57be6e7a05b30e0eb10436197d65ffa6b7d3ad2b573887328433551a2d3c5c35,0,0,"Official web-reader extraction; no local PDF bytes/hash. Dashes retain source nonapplicability, not reported zero.",public/uva_web/current_core_counts.csv
2026,2023,234076,234076013,UVA-Inova Fairfax Campus,arson,Arson,criminal_offenses,residential,,–,source_not_applicable,149,142,L10262@P148: Arson – 0 – 0 0 0 – 0 – 0 0 0 – 0 – 0 0 0,https://cleryact.virginia.edu/report#page=149,,tables_2.txt,57be6e7a05b30e0eb10436197d65ffa6b7d3ad2b573887328433551a2d3c5c35,0,0,"Official web-reader extraction; no local PDF bytes/hash. Dashes retain source nonapplicability, not reported zero.",public/uva_web/current_core_counts.csv
2026,2023,234076,234076013,UVA-Inova Fairfax Campus,arson,Arson,criminal_offenses,oncampus,0,0,reported_numeric,149,142,L10262@P148: Arson – 0 – 0 0 0 – 0 – 0 0 0 – 0 – 0 0 0,https://cleryact.virginia.edu/report#page=149,,tables_2.txt,57be6e7a05b30e0eb10436197d65ffa6b7d3ad2b573887328433551a2d3c5c35,0,0,"Official web-reader extraction; no local PDF bytes/hash. Dashes retain source nonapplicability, not reported zero.",public/uva_web/current_core_counts.csv
2026,2023,234076,234076013,UVA-Inova Fairfax Campus,arson,Arson,criminal_offenses,noncampus,,–,source_not_applicable,149,142,L10262@P148: Arson – 0 – 0 0 0 – 0 – 0 0 0 – 0 – 0 0 0,https://cleryact.virginia.edu/report#page=149,,tables_2.txt,57be6e7a05b30e0eb10436197d65ffa6b7d3ad2b573887328433551a2d3c5c35,0,0,"Official web-reader extraction; no local PDF bytes/hash. Dashes retain source nonapplicability, not reported zero.",public/uva_web/current_core_counts.csv
2026,2023,234076,234076013,UVA-Inova Fairfax Campus,arson,Arson,criminal_offenses,publicproperty,0,0,reported_numeric,149,142,L10262@P148: Arson – 0 – 0 0 0 – 0 – 0 0 0 – 0 – 0 0 0,https://cleryact.virginia.edu/report#page=149,,tables_2.txt,57be6e7a05b30e0eb10436197d65ffa6b7d3ad2b573887328433551a2d3c5c35,0,0,"Official web-reader extraction; no local PDF bytes/hash. Dashes retain source nonapplicability, not reported zero.",public/uva_web/current_core_counts.csv
2026,2025,234076,234076013,UVA-Inova Fairfax Campus,dating_violence,Dating Violence,vawa,residential,,–,source_not_applicable,149,142,L10264@P148: Dating Violence – 2 – 0 2 0 – 3 – 0 3 0 – 4 – 0 4 0,https://cleryact.virginia.edu/report#page=149,,tables_2.txt,57be6e7a05b30e0eb10436197d65ffa6b7d3ad2b573887328433551a2d3c5c35,2,0,"Official web-reader extraction; no local PDF bytes/hash. Dashes retain source nonapplicability, not reported zero.",public/uva_web/current_core_counts.csv
2026,2025,234076,234076013,UVA-Inova Fairfax Campus,dating_violence,Dating Violence,vawa,oncampus,2,2,reported_numeric,149,142,L10264@P148: Dating Violence – 2 – 0 2 0 – 3 – 0 3 0 – 4 – 0 4 0,https://cleryact.virginia.edu/report#page=149,,tables_2.txt,57be6e7a05b30e0eb10436197d65ffa6b7d3ad2b573887328433551a2d3c5c35,2,0,"Official web-reader extraction; no local PDF bytes/hash. Dashes retain source nonapplicability, not reported zero.",public/uva_web/current_core_counts.csv
2026,2025,234076,234076013,UVA-Inova Fairfax Campus,dating_violence,Dating Violence,vawa,noncampus,,–,source_not_applicable,149,142,L10264@P148: Dating Violence – 2 – 0 2 0 – 3 – 0 3 0 – 4 – 0 4 0,https://cleryact.virginia.edu/report#page=149,,tables_2.txt,57be6e7a05b30e0eb10436197d65ffa6b7d3ad2b573887328433551a2d3c5c35,2,0,"Official web-reader extraction; no local PDF bytes/hash. Dashes retain source nonapplicability, not reported zero.",public/uva_web/current_core_counts.csv
2026,2025,234076,234076013,UVA-Inova Fairfax Campus,dating_violence,Dating Violence,vawa,publicproperty,0,0,reported_numeric,149,142,L10264@P148: Dating Violence – 2 – 0 2 0 – 3 – 0 3 0 – 4 – 0 4 0,https://cleryact.virginia.edu/report#page=149,,tables_2.txt,57be6e7a05b30e0eb10436197d65ffa6b7d3ad2b573887328433551a2d3c5c35,2,0,"Official web-reader extraction; no local PDF bytes/hash. Dashes retain source nonapplicability, not reported zero.",public/uva_web/current_core_counts.csv
2026,2024,234076,234076013,UVA-Inova Fairfax Campus,dating_violence,Dating Violence,vawa,residential,,–,source_not_applicable,149,142,L10264@P148: Dating Violence – 2 – 0 2 0 – 3 – 0 3 0 – 4 – 0 4 0,https://cleryact.virginia.edu/report#page=149,,tables_2.txt,57be6e7a05b30e0eb10436197d65ffa6b7d3ad2b573887328433551a2d3c5c35,3,0,"Official web-reader extraction; no local PDF bytes/hash. Dashes retain source nonapplicability, not reported zero.",public/uva_web/current_core_counts.csv
2026,2024,234076,234076013,UVA-Inova Fairfax Campus,dating_violence,Dating Violence,vawa,oncampus,3,3,reported_numeric,149,142,L10264@P148: Dating Violence – 2 – 0 2 0 – 3 – 0 3 0 – 4 – 0 4 0,https://cleryact.virginia.edu/report#page=149,,tables_2.txt,57be6e7a05b30e0eb10436197d65ffa6b7d3ad2b573887328433551a2d3c5c35,3,0,"Official web-reader extraction; no local PDF bytes/hash. Dashes retain source nonapplicability, not reported zero.",public/uva_web/current_core_counts.csv
2026,2024,234076,234076013,UVA-Inova Fairfax Campus,dating_violence,Dating Violence,vawa,noncampus,,–,source_not_applicable,149,142,L10264@P148: Dating Violence – 2 – 0 2 0 – 3 – 0 3 0 – 4 – 0 4 0,https://cleryact.virginia.edu/report#page=149,,tables_2.txt,57be6e7a05b30e0eb10436197d65ffa6b7d3ad2b573887328433551a2d3c5c35,3,0,"Official web-reader extraction; no local PDF bytes/hash. Dashes retain source nonapplicability, not reported zero.",public/uva_web/current_core_counts.csv
2026,2024,234076,234076013,UVA-Inova Fairfax Campus,dating_violence,Dating Violence,vawa,publicproperty,0,0,reported_numeric,149,142,L10264@P148: Dating Violence – 2 – 0 2 0 – 3 – 0 3 0 – 4 – 0 4 0,https://cleryact.virginia.edu/report#page=149,,tables_2.txt,57be6e7a05b30e0eb10436197d65ffa6b7d3ad2b573887328433551a2d3c5c35,3,0,"Official web-reader extraction; no local PDF bytes/hash. Dashes retain source nonapplicability, not reported zero.",public/uva_web/current_core_counts.csv
2026,2023,234076,234076013,UVA-Inova Fairfax Campus,dating_violence,Dating Violence,vawa,residential,,–,source_not_applicable,149,142,L10264@P148: Dating Violence – 2 – 0 2 0 – 3 – 0 3 0 – 4 – 0 4 0,https://cleryact.virginia.edu/report#page=149,,tables_2.txt,57be6e7a05b30e0eb10436197d65ffa6b7d3ad2b573887328433551a2d3c5c35,4,0,"Official web-reader extraction; no local PDF bytes/hash. Dashes retain source nonapplicability, not reported zero.",public/uva_web/current_core_counts.csv
2026,2023,234076,234076013,UVA-Inova Fairfax Campus,dating_violence,Dating Violence,vawa,oncampus,4,4,reported_numeric,149,142,L10264@P148: Dating Violence – 2 – 0 2 0 – 3 – 0 3 0 – 4 – 0 4 0,https://cleryact.virginia.edu/report#page=149,,tables_2.txt,57be6e7a05b30e0eb10436197d65ffa6b7d3ad2b573887328433551a2d3c5c35,4,0,"Official web-reader extraction; no local PDF bytes/hash. Dashes retain source nonapplicability, not reported zero.",public/uva_web/current_core_counts.csv
2026,2023,234076,234076013,UVA-Inova Fairfax Campus,dating_violence,Dating Violence,vawa,noncampus,,–,source_not_applicable,149,142,L10264@P148: Dating Violence – 2 – 0 2 0 – 3 – 0 3 0 – 4 – 0 4 0,https://cleryact.virginia.edu/report#page=149,,tables_2.txt,57be6e7a05b30e0eb10436197d65ffa6b7d3ad2b573887328433551a2d3c5c35,4,0,"Official web-reader extraction; no local PDF bytes/hash. Dashes retain source nonapplicability, not reported zero.",public/uva_web/current_core_counts.csv
2026,2023,234076,234076013,UVA-Inova Fairfax Campus,dating_violence,Dating Violence,vawa,publicproperty,0,0,reported_numeric,149,142,L10264@P148: Dating Violence – 2 – 0 2 0 – 3 – 0 3 0 – 4 – 0 4 0,https://cleryact.virginia.edu/report#page=149,,tables_2.txt,57be6e7a05b30e0eb10436197d65ffa6b7d3ad2b573887328433551a2d3c5c35,4,0,"Official web-reader extraction; no local PDF bytes/hash. Dashes retain source nonapplicability, not reported zero.",public/uva_web/current_core_counts.csv
2026,2025,234076,234076013,UVA-Inova Fairfax Campus,domestic_violence,Domestic Violence,vawa,residential,,–,source_not_applicable,149,142,L10266@P148: Violence – 7 – 0 7 0 – 0 – 0 0 0 – 3 – 0 3 0,https://cleryact.virginia.edu/report#page=149,,tables_2.txt,57be6e7a05b30e0eb10436197d65ffa6b7d3ad2b573887328433551a2d3c5c35,7,0,"Official web-reader extraction; no local PDF bytes/hash. Dashes retain source nonapplicability, not reported zero.",public/uva_web/current_core_counts.csv
2026,2025,234076,234076013,UVA-Inova Fairfax Campus,domestic_violence,Domestic Violence,vawa,oncampus,7,7,reported_numeric,149,142,L10266@P148: Violence – 7 – 0 7 0 – 0 – 0 0 0 – 3 – 0 3 0,https://cleryact.virginia.edu/report#page=149,,tables_2.txt,57be6e7a05b30e0eb10436197d65ffa6b7d3ad2b573887328433551a2d3c5c35,7,0,"Official web-reader extraction; no local PDF bytes/hash. Dashes retain source nonapplicability, not reported zero.",public/uva_web/current_core_counts.csv
2026,2025,234076,234076013,UVA-Inova Fairfax Campus,domestic_violence,Domestic Violence,vawa,noncampus,,–,source_not_applicable,149,142,L10266@P148: Violence – 7 – 0 7 0 – 0 – 0 0 0 – 3 – 0 3 0,https://cleryact.virginia.edu/report#page=149,,tables_2.txt,57be6e7a05b30e0eb10436197d65ffa6b7d3ad2b573887328433551a2d3c5c35,7,0,"Official web-reader extraction; no local PDF bytes/hash. Dashes retain source nonapplicability, not reported zero.",public/uva_web/current_core_counts.csv
2026,2025,234076,234076013,UVA-Inova Fairfax Campus,domestic_violence,Domestic Violence,vawa,publicproperty,0,0,reported_numeric,149,142,L10266@P148: Violence – 7 – 0 7 0 – 0 – 0 0 0 – 3 – 0 3 0,https://cleryact.virginia.edu/report#page=149,,tables_2.txt,57be6e7a05b30e0eb10436197d65ffa6b7d3ad2b573887328433551a2d3c5c35,7,0,"Official web-reader extraction; no local PDF bytes/hash. Dashes retain source nonapplicability, not reported zero.",public/uva_web/current_core_counts.csv
2026,2024,234076,234076013,UVA-Inova Fairfax Campus,domestic_violence,Domestic Violence,vawa,residential,,–,source_not_applicable,149,142,L10266@P148: Violence – 7 – 0 7 0 – 0 – 0 0 0 – 3 – 0 3 0,https://cleryact.virginia.edu/report#page=149,,tables_2.txt,57be6e7a05b30e0eb10436197d65ffa6b7d3ad2b573887328433551a2d3c5c35,0,0,"Official web-reader extraction; no local PDF bytes/hash. Dashes retain source nonapplicability, not reported zero.",public/uva_web/current_core_counts.csv
2026,2024,234076,234076013,UVA-Inova Fairfax Campus,domestic_violence,Domestic Violence,vawa,oncampus,0,0,reported_numeric,149,142,L10266@P148: Violence – 7 – 0 7 0 – 0 – 0 0 0 – 3 – 0 3 0,https://cleryact.virginia.edu/report#page=149,,tables_2.txt,57be6e7a05b30e0eb10436197d65ffa6b7d3ad2b573887328433551a2d3c5c35,0,0,"Official web-reader extraction; no local PDF bytes/hash. Dashes retain source nonapplicability, not reported zero.",public/uva_web/current_core_counts.csv
2026,2024,234076,234076013,UVA-Inova Fairfax Campus,domestic_violence,Domestic Violence,vawa,noncampus,,–,source_not_applicable,149,142,L10266@P148: Violence – 7 – 0 7 0 – 0 – 0 0 0 – 3 – 0 3 0,https://cleryact.virginia.edu/report#page=149,,tables_2.txt,57be6e7a05b30e0eb10436197d65ffa6b7d3ad2b573887328433551a2d3c5c35,0,0,"Official web-reader extraction; no local PDF bytes/hash. Dashes retain source nonapplicability, not reported zero.",public/uva_web/current_core_counts.csv
2026,2024,234076,234076013,UVA-Inova Fairfax Campus,domestic_violence,Domestic Violence,vawa,publicproperty,0,0,reported_numeric,149,142,L10266@P148: Violence – 7 – 0 7 0 – 0 – 0 0 0 – 3 – 0 3 0,https://cleryact.virginia.edu/report#page=149,,tables_2.txt,57be6e7a05b30e0eb10436197d65ffa6b7d3ad2b573887328433551a2d3c5c35,0,0,"Official web-reader extraction; no local PDF bytes/hash. Dashes retain source nonapplicability, not reported zero.",public/uva_web/current_core_counts.csv
2026,2023,234076,234076013,UVA-Inova Fairfax Campus,domestic_violence,Domestic Violence,vawa,residential,,–,source_not_applicable,149,142,L10266@P148: Violence – 7 – 0 7 0 – 0 – 0 0 0 – 3 – 0 3 0,https://cleryact.virginia.edu/report#page=149,,tables_2.txt,57be6e7a05b30e0eb10436197d65ffa6b7d3ad2b573887328433551a2d3c5c35,3,0,"Official web-reader extraction; no local PDF bytes/hash. Dashes retain source nonapplicability, not reported zero.",public/uva_web/current_core_counts.csv
2026,2023,234076,234076013,UVA-Inova Fairfax Campus,domestic_violence,Domestic Violence,vawa,oncampus,3,3,reported_numeric,149,142,L10266@P148: Violence – 7 – 0 7 0 – 0 – 0 0 0 – 3 – 0 3 0,https://cleryact.virginia.edu/report#page=149,,tables_2.txt,57be6e7a05b30e0eb10436197d65ffa6b7d3ad2b573887328433551a2d3c5c35,3,0,"Official web-reader extraction; no local PDF bytes/hash. Dashes retain source nonapplicability, not reported zero.",public/uva_web/current_core_counts.csv
2026,2023,234076,234076013,UVA-Inova Fairfax Campus,domestic_violence,Domestic Violence,vawa,noncampus,,–,source_not_applicable,149,142,L10266@P148: Violence – 7 – 0 7 0 – 0 – 0 0 0 – 3 – 0 3 0,https://cleryact.virginia.edu/report#page=149,,tables_2.txt,57be6e7a05b30e0eb10436197d65ffa6b7d3ad2b573887328433551a2d3c5c35,3,0,"Official web-reader extraction; no local PDF bytes/hash. Dashes retain source nonapplicability, not reported zero.",public/uva_web/current_core_counts.csv
2026,2023,234076,234076013,UVA-Inova Fairfax Campus,domestic_violence,Domestic Violence,vawa,publicproperty,0,0,reported_numeric,149,142,L10266@P148: Violence – 7 – 0 7 0 – 0 – 0 0 0 – 3 – 0 3 0,https://cleryact.virginia.edu/report#page=149,,tables_2.txt,57be6e7a05b30e0eb10436197d65ffa6b7d3ad2b573887328433551a2d3c5c35,3,0,"Official web-reader extraction; no local PDF bytes/hash. Dashes retain source nonapplicability, not reported zero.",public/uva_web/current_core_counts.csv
2026,2025,234076,234076013,UVA-Inova Fairfax Campus,stalking,Stalking,vawa,residential,,–,source_not_applicable,149,142,L10267@P148: Stalking – 0 – 0 0 0 – 0 – 0 0 0 – 0 – 0 0 0,https://cleryact.virginia.edu/report#page=149,,tables_2.txt,57be6e7a05b30e0eb10436197d65ffa6b7d3ad2b573887328433551a2d3c5c35,0,0,"Official web-reader extraction; no local PDF bytes/hash. Dashes retain source nonapplicability, not reported zero.",public/uva_web/current_core_counts.csv
2026,2025,234076,234076013,UVA-Inova Fairfax Campus,stalking,Stalking,vawa,oncampus,0,0,reported_numeric,149,142,L10267@P148: Stalking – 0 – 0 0 0 – 0 – 0 0 0 – 0 – 0 0 0,https://cleryact.virginia.edu/report#page=149,,tables_2.txt,57be6e7a05b30e0eb10436197d65ffa6b7d3ad2b573887328433551a2d3c5c35,0,0,"Official web-reader extraction; no local PDF bytes/hash. Dashes retain source nonapplicability, not reported zero.",public/uva_web/current_core_counts.csv
2026,2025,234076,234076013,UVA-Inova Fairfax Campus,stalking,Stalking,vawa,noncampus,,–,source_not_applicable,149,142,L10267@P148: Stalking – 0 – 0 0 0 – 0 – 0 0 0 – 0 – 0 0 0,https://cleryact.virginia.edu/report#page=149,,tables_2.txt,57be6e7a05b30e0eb10436197d65ffa6b7d3ad2b573887328433551a2d3c5c35,0,0,"Official web-reader extraction; no local PDF bytes/hash. Dashes retain source nonapplicability, not reported zero.",public/uva_web/current_core_counts.csv
2026,2025,234076,234076013,UVA-Inova Fairfax Campus,stalking,Stalking,vawa,publicproperty,0,0,reported_numeric,149,142,L10267@P148: Stalking – 0 – 0 0 0 – 0 – 0 0 0 – 0 – 0 0 0,https://cleryact.virginia.edu/report#page=149,,tables_2.txt,57be6e7a05b30e0eb10436197d65ffa6b7d3ad2b573887328433551a2d3c5c35,0,0,"Official web-reader extraction; no local PDF bytes/hash. Dashes retain source nonapplicability, not reported zero.",public/uva_web/current_core_counts.csv
2026,2024,234076,234076013,UVA-Inova Fairfax Campus,stalking,Stalking,vawa,residential,,–,source_not_applicable,149,142,L10267@P148: Stalking – 0 – 0 0 0 – 0 – 0 0 0 – 0 – 0 0 0,https://cleryact.virginia.edu/report#page=149,,tables_2.txt,57be6e7a05b30e0eb10436197d65ffa6b7d3ad2b573887328433551a2d3c5c35,0,0,"Official web-reader extraction; no local PDF bytes/hash. Dashes retain source nonapplicability, not reported zero.",public/uva_web/current_core_counts.csv
2026,2024,234076,234076013,UVA-Inova Fairfax Campus,stalking,Stalking,vawa,oncampus,0,0,reported_numeric,149,142,L10267@P148: Stalking – 0 – 0 0 0 – 0 – 0 0 0 – 0 – 0 0 0,https://cleryact.virginia.edu/report#page=149,,tables_2.txt,57be6e7a05b30e0eb10436197d65ffa6b7d3ad2b573887328433551a2d3c5c35,0,0,"Official web-reader extraction; no local PDF bytes/hash. Dashes retain source nonapplicability, not reported zero.",public/uva_web/current_core_counts.csv
2026,2024,234076,234076013,UVA-Inova Fairfax Campus,stalking,Stalking,vawa,noncampus,,–,source_not_applicable,149,142,L10267@P148: Stalking – 0 – 0 0 0 – 0 – 0 0 0 – 0 – 0 0 0,https://cleryact.virginia.edu/report#page=149,,tables_2.txt,57be6e7a05b30e0eb10436197d65ffa6b7d3ad2b573887328433551a2d3c5c35,0,0,"Official web-reader extraction; no local PDF bytes/hash. Dashes retain source nonapplicability, not reported zero.",public/uva_web/current_core_counts.csv
2026,2024,234076,234076013,UVA-Inova Fairfax Campus,stalking,Stalking,vawa,publicproperty,0,0,reported_numeric,149,142,L10267@P148: Stalking – 0 – 0 0 0 – 0 – 0 0 0 – 0 – 0 0 0,https://cleryact.virginia.edu/report#page=149,,tables_2.txt,57be6e7a05b30e0eb10436197d65ffa6b7d3ad2b573887328433551a2d3c5c35,0,0,"Official web-reader extraction; no local PDF bytes/hash. Dashes retain source nonapplicability, not reported zero.",public/uva_web/current_core_counts.csv
2026,2023,234076,234076013,UVA-Inova Fairfax Campus,stalking,Stalking,vawa,residential,,–,source_not_applicable,149,142,L10267@P148: Stalking – 0 – 0 0 0 – 0 – 0 0 0 – 0 – 0 0 0,https://cleryact.virginia.edu/report#page=149,,tables_2.txt,57be6e7a05b30e0eb10436197d65ffa6b7d3ad2b573887328433551a2d3c5c35,0,0,"Official web-reader extraction; no local PDF bytes/hash. Dashes retain source nonapplicability, not reported zero.",public/uva_web/current_core_counts.csv
2026,2023,234076,234076013,UVA-Inova Fairfax Campus,stalking,Stalking,vawa,oncampus,0,0,reported_numeric,149,142,L10267@P148: Stalking – 0 – 0 0 0 – 0 – 0 0 0 – 0 – 0 0 0,https://cleryact.virginia.edu/report#page=149,,tables_2.txt,57be6e7a05b30e0eb10436197d65ffa6b7d3ad2b573887328433551a2d3c5c35,0,0,"Official web-reader extraction; no local PDF bytes/hash. Dashes retain source nonapplicability, not reported zero.",public/uva_web/current_core_counts.csv
2026,2023,234076,234076013,UVA-Inova Fairfax Campus,stalking,Stalking,vawa,noncampus,,–,source_not_applicable,149,142,L10267@P148: Stalking – 0 – 0 0 0 – 0 – 0 0 0 – 0 – 0 0 0,https://cleryact.virginia.edu/report#page=149,,tables_2.txt,57be6e7a05b30e0eb10436197d65ffa6b7d3ad2b573887328433551a2d3c5c35,0,0,"Official web-reader extraction; no local PDF bytes/hash. Dashes retain source nonapplicability, not reported zero.",public/uva_web/current_core_counts.csv
2026,2023,234076,234076013,UVA-Inova Fairfax Campus,stalking,Stalking,vawa,publicproperty,0,0,reported_numeric,149,142,L10267@P148: Stalking – 0 – 0 0 0 – 0 – 0 0 0 – 0 – 0 0 0,https://cleryact.virginia.edu/report#page=149,,tables_2.txt,57be6e7a05b30e0eb10436197d65ffa6b7d3ad2b573887328433551a2d3c5c35,0,0,"Official web-reader extraction; no local PDF bytes/hash. Dashes retain source nonapplicability, not reported zero.",public/uva_web/current_core_counts.csv
2026,2025,234076,234076014,Morven Sustainability Lab,murder,Murder/Nonnegligent Manslaughter,criminal_offenses,residential,,–,source_not_applicable,157,150,L10720@P156: – 0 – 0 0 0 – 0 – 0 0 0 – 0 – 0 0 0,https://cleryact.virginia.edu/report#page=157,,tables_2.txt,57be6e7a05b30e0eb10436197d65ffa6b7d3ad2b573887328433551a2d3c5c35,0,0,"Official web-reader extraction; no local PDF bytes/hash. Dashes retain source nonapplicability, not reported zero.",public/uva_web/current_core_counts.csv
2026,2025,234076,234076014,Morven Sustainability Lab,murder,Murder/Nonnegligent Manslaughter,criminal_offenses,oncampus,0,0,reported_numeric,157,150,L10720@P156: – 0 – 0 0 0 – 0 – 0 0 0 – 0 – 0 0 0,https://cleryact.virginia.edu/report#page=157,,tables_2.txt,57be6e7a05b30e0eb10436197d65ffa6b7d3ad2b573887328433551a2d3c5c35,0,0,"Official web-reader extraction; no local PDF bytes/hash. Dashes retain source nonapplicability, not reported zero.",public/uva_web/current_core_counts.csv
2026,2025,234076,234076014,Morven Sustainability Lab,murder,Murder/Nonnegligent Manslaughter,criminal_offenses,noncampus,,–,source_not_applicable,157,150,L10720@P156: – 0 – 0 0 0 – 0 – 0 0 0 – 0 – 0 0 0,https://cleryact.virginia.edu/report#page=157,,tables_2.txt,57be6e7a05b30e0eb10436197d65ffa6b7d3ad2b573887328433551a2d3c5c35,0,0,"Official web-reader extraction; no local PDF bytes/hash. Dashes retain source nonapplicability, not reported zero.",public/uva_web/current_core_counts.csv
2026,2025,234076,234076014,Morven Sustainability Lab,murder,Murder/Nonnegligent Manslaughter,criminal_offenses,publicproperty,0,0,reported_numeric,157,150,L10720@P156: – 0 – 0 0 0 – 0 – 0 0 0 – 0 – 0 0 0,https://cleryact.virginia.edu/report#page=157,,tables_2.txt,57be6e7a05b30e0eb10436197d65ffa6b7d3ad2b573887328433551a2d3c5c35,0,0,"Official web-reader extraction; no local PDF bytes/hash. Dashes retain source nonapplicability, not reported zero.",public/uva_web/current_core_counts.csv
2026,2024,234076,234076014,Morven Sustainability Lab,murder,Murder/Nonnegligent Manslaughter,criminal_offenses,residential,,–,source_not_applicable,157,150,L10720@P156: – 0 – 0 0 0 – 0 – 0 0 0 – 0 – 0 0 0,https://cleryact.virginia.edu/report#page=157,,tables_2.txt,57be6e7a05b30e0eb10436197d65ffa6b7d3ad2b573887328433551a2d3c5c35,0,0,"Official web-reader extraction; no local PDF bytes/hash. Dashes retain source nonapplicability, not reported zero.",public/uva_web/current_core_counts.csv
2026,2024,234076,234076014,Morven Sustainability Lab,murder,Murder/Nonnegligent Manslaughter,criminal_offenses,oncampus,0,0,reported_numeric,157,150,L10720@P156: – 0 – 0 0 0 – 0 – 0 0 0 – 0 – 0 0 0,https://cleryact.virginia.edu/report#page=157,,tables_2.txt,57be6e7a05b30e0eb10436197d65ffa6b7d3ad2b573887328433551a2d3c5c35,0,0,"Official web-reader extraction; no local PDF bytes/hash. Dashes retain source nonapplicability, not reported zero.",public/uva_web/current_core_counts.csv
2026,2024,234076,234076014,Morven Sustainability Lab,murder,Murder/Nonnegligent Manslaughter,criminal_offenses,noncampus,,–,source_not_applicable,157,150,L10720@P156: – 0 – 0 0 0 – 0 – 0 0 0 – 0 – 0 0 0,https://cleryact.virginia.edu/report#page=157,,tables_2.txt,57be6e7a05b30e0eb10436197d65ffa6b7d3ad2b573887328433551a2d3c5c35,0,0,"Official web-reader extraction; no local PDF bytes/hash. Dashes retain source nonapplicability, not reported zero.",public/uva_web/current_core_counts.csv
2026,2024,234076,234076014,Morven Sustainability Lab,murder,Murder/Nonnegligent Manslaughter,criminal_offenses,publicproperty,0,0,reported_numeric,157,150,L10720@P156: – 0 – 0 0 0 – 0 – 0 0 0 – 0 – 0 0 0,https://cleryact.virginia.edu/report#page=157,,tables_2.txt,57be6e7a05b30e0eb10436197d65ffa6b7d3ad2b573887328433551a2d3c5c35,0,0,"Official web-reader extraction; no local PDF bytes/hash. Dashes retain source nonapplicability, not reported zero.",public/uva_web/current_core_counts.csv
2026,2023,234076,234076014,Morven Sustainability Lab,murder,Murder/Nonnegligent Manslaughter,criminal_offenses,residential,,–,source_not_applicable,157,150,L10720@P156: – 0 – 0 0 0 – 0 – 0 0 0 – 0 – 0 0 0,https://cleryact.virginia.edu/report#page=157,,tables_2.txt,57be6e7a05b30e0eb10436197d65ffa6b7d3ad2b573887328433551a2d3c5c35,0,0,"Official web-reader extraction; no local PDF bytes/hash. Dashes retain source nonapplicability, not reported zero.",public/uva_web/current_core_counts.csv
2026,2023,234076,234076014,Morven Sustainability Lab,murder,Murder/Nonnegligent Manslaughter,criminal_offenses,oncampus,0,0,reported_numeric,157,150,L10720@P156: – 0 – 0 0 0 – 0 – 0 0 0 – 0 – 0 0 0,https://cleryact.virginia.edu/report#page=157,,tables_2.txt,57be6e7a05b30e0eb10436197d65ffa6b7d3ad2b573887328433551a2d3c5c35,0,0,"Official web-reader extraction; no local PDF bytes/hash. Dashes retain source nonapplicability, not reported zero.",public/uva_web/current_core_counts.csv
2026,2023,234076,234076014,Morven Sustainability Lab,murder,Murder/Nonnegligent Manslaughter,criminal_offenses,noncampus,,–,source_not_applicable,157,150,L10720@P156: – 0 – 0 0 0 – 0 – 0 0 0 – 0 – 0 0 0,https://cleryact.virginia.edu/report#page=157,,tables_2.txt,57be6e7a05b30e0eb10436197d65ffa6b7d3ad2b573887328433551a2d3c5c35,0,0,"Official web-reader extraction; no local PDF bytes/hash. Dashes retain source nonapplicability, not reported zero.",public/uva_web/current_core_counts.csv
2026,2023,234076,234076014,Morven Sustainability Lab,murder,Murder/Nonnegligent Manslaughter,criminal_offenses,publicproperty,0,0,reported_numeric,157,150,L10720@P156: – 0 – 0 0 0 – 0 – 0 0 0 – 0 – 0 0 0,https://cleryact.virginia.edu/report#page=157,,tables_2.txt,57be6e7a05b30e0eb10436197d65ffa6b7d3ad2b573887328433551a2d3c5c35,0,0,"Official web-reader extraction; no local PDF bytes/hash. Dashes retain source nonapplicability, not reported zero.",public/uva_web/current_core_counts.csv
2026,2025,234076,234076014,Morven Sustainability Lab,negligent_manslaughter,Negligent Manslaughter,criminal_offenses,residential,,–,source_not_applicable,157,150,L10722@P156: Manslaughter – 0 – 0 0 0 – 0 – 0 0 0 – 0 – 0 0 0,https://cleryact.virginia.edu/report#page=157,,tables_2.txt,57be6e7a05b30e0eb10436197d65ffa6b7d3ad2b573887328433551a2d3c5c35,0,0,"Official web-reader extraction; no local PDF bytes/hash. Dashes retain source nonapplicability, not reported zero.",public/uva_web/current_core_counts.csv
2026,2025,234076,234076014,Morven Sustainability Lab,negligent_manslaughter,Negligent Manslaughter,criminal_offenses,oncampus,0,0,reported_numeric,157,150,L10722@P156: Manslaughter – 0 – 0 0 0 – 0 – 0 0 0 – 0 – 0 0 0,https://cleryact.virginia.edu/report#page=157,,tables_2.txt,57be6e7a05b30e0eb10436197d65ffa6b7d3ad2b573887328433551a2d3c5c35,0,0,"Official web-reader extraction; no local PDF bytes/hash. Dashes retain source nonapplicability, not reported zero.",public/uva_web/current_core_counts.csv
2026,2025,234076,234076014,Morven Sustainability Lab,negligent_manslaughter,Negligent Manslaughter,criminal_offenses,noncampus,,–,source_not_applicable,157,150,L10722@P156: Manslaughter – 0 – 0 0 0 – 0 – 0 0 0 – 0 – 0 0 0,https://cleryact.virginia.edu/report#page=157,,tables_2.txt,57be6e7a05b30e0eb10436197d65ffa6b7d3ad2b573887328433551a2d3c5c35,0,0,"Official web-reader extraction; no local PDF bytes/hash. Dashes retain source nonapplicability, not reported zero.",public/uva_web/current_core_counts.csv
2026,2025,234076,234076014,Morven Sustainability Lab,negligent_manslaughter,Negligent Manslaughter,criminal_offenses,publicproperty,0,0,reported_numeric,157,150,L10722@P156: Manslaughter – 0 – 0 0 0 – 0 – 0 0 0 – 0 – 0 0 0,https://cleryact.virginia.edu/report#page=157,,tables_2.txt,57be6e7a05b30e0eb10436197d65ffa6b7d3ad2b573887328433551a2d3c5c35,0,0,"Official web-reader extraction; no local PDF bytes/hash. Dashes retain source nonapplicability, not reported zero.",public/uva_web/current_core_counts.csv
2026,2024,234076,234076014,Morven Sustainability Lab,negligent_manslaughter,Negligent Manslaughter,criminal_offenses,residential,,–,source_not_applicable,157,150,L10722@P156: Manslaughter – 0 – 0 0 0 – 0 – 0 0 0 – 0 – 0 0 0,https://cleryact.virginia.edu/report#page=157,,tables_2.txt,57be6e7a05b30e0eb10436197d65ffa6b7d3ad2b573887328433551a2d3c5c35,0,0,"Official web-reader extraction; no local PDF bytes/hash. Dashes retain source nonapplicability, not reported zero.",public/uva_web/current_core_counts.csv
2026,2024,234076,234076014,Morven Sustainability Lab,negligent_manslaughter,Negligent Manslaughter,criminal_offenses,oncampus,0,0,reported_numeric,157,150,L10722@P156: Manslaughter – 0 – 0 0 0 – 0 – 0 0 0 – 0 – 0 0 0,https://cleryact.virginia.edu/report#page=157,,tables_2.txt,57be6e7a05b30e0eb10436197d65ffa6b7d3ad2b573887328433551a2d3c5c35,0,0,"Official web-reader extraction; no local PDF bytes/hash. Dashes retain source nonapplicability, not reported zero.",public/uva_web/current_core_counts.csv
2026,2024,234076,234076014,Morven Sustainability Lab,negligent_manslaughter,Negligent Manslaughter,criminal_offenses,noncampus,,–,source_not_applicable,157,150,L10722@P156: Manslaughter – 0 – 0 0 0 – 0 – 0 0 0 – 0 – 0 0 0,https://cleryact.virginia.edu/report#page=157,,tables_2.txt,57be6e7a05b30e0eb10436197d65ffa6b7d3ad2b573887328433551a2d3c5c35,0,0,"Official web-reader extraction; no local PDF bytes/hash. Dashes retain source nonapplicability, not reported zero.",public/uva_web/current_core_counts.csv
2026,2024,234076,234076014,Morven Sustainability Lab,negligent_manslaughter,Negligent Manslaughter,criminal_offenses,publicproperty,0,0,reported_numeric,157,150,L10722@P156: Manslaughter – 0 – 0 0 0 – 0 – 0 0 0 – 0 – 0 0 0,https://cleryact.virginia.edu/report#page=157,,tables_2.txt,57be6e7a05b30e0eb10436197d65ffa6b7d3ad2b573887328433551a2d3c5c35,0,0,"Official web-reader extraction; no local PDF bytes/hash. Dashes retain source nonapplicability, not reported zero.",public/uva_web/current_core_counts.csv
2026,2023,234076,234076014,Morven Sustainability Lab,negligent_manslaughter,Negligent Manslaughter,criminal_offenses,residential,,–,source_not_applicable,157,150,L10722@P156: Manslaughter – 0 – 0 0 0 – 0 – 0 0 0 – 0 – 0 0 0,https://cleryact.virginia.edu/report#page=157,,tables_2.txt,57be6e7a05b30e0eb10436197d65ffa6b7d3ad2b573887328433551a2d3c5c35,0,0,"Official web-reader extraction; no local PDF bytes/hash. Dashes retain source nonapplicability, not reported zero.",public/uva_web/current_core_counts.csv
2026,2023,234076,234076014,Morven Sustainability Lab,negligent_manslaughter,Negligent Manslaughter,criminal_offenses,oncampus,0,0,reported_numeric,157,150,L10722@P156: Manslaughter – 0 – 0 0 0 – 0 – 0 0 0 – 0 – 0 0 0,https://cleryact.virginia.edu/report#page=157,,tables_2.txt,57be6e7a05b30e0eb10436197d65ffa6b7d3ad2b573887328433551a2d3c5c35,0,0,"Official web-reader extraction; no local PDF bytes/hash. Dashes retain source nonapplicability, not reported zero.",public/uva_web/current_core_counts.csv
2026,2023,234076,234076014,Morven Sustainability Lab,negligent_manslaughter,Negligent Manslaughter,criminal_offenses,noncampus,,–,source_not_applicable,157,150,L10722@P156: Manslaughter – 0 – 0 0 0 – 0 – 0 0 0 – 0 – 0 0 0,https://cleryact.virginia.edu/report#page=157,,tables_2.txt,57be6e7a05b30e0eb10436197d65ffa6b7d3ad2b573887328433551a2d3c5c35,0,0,"Official web-reader extraction; no local PDF bytes/hash. Dashes retain source nonapplicability, not reported zero.",public/uva_web/current_core_counts.csv
2026,2023,234076,234076014,Morven Sustainability Lab,negligent_manslaughter,Negligent Manslaughter,criminal_offenses,publicproperty,0,0,reported_numeric,157,150,L10722@P156: Manslaughter – 0 – 0 0 0 – 0 – 0 0 0 – 0 – 0 0 0,https://cleryact.virginia.edu/report#page=157,,tables_2.txt,57be6e7a05b30e0eb10436197d65ffa6b7d3ad2b573887328433551a2d3c5c35,0,0,"Official web-reader extraction; no local PDF bytes/hash. Dashes retain source nonapplicability, not reported zero.",public/uva_web/current_core_counts.csv
2026,2025,234076,234076014,Morven Sustainability Lab,rape,Rape,criminal_offenses,residential,,–,source_not_applicable,157,150,L10723@P156: Rape – 0 – 0 0 0 – 0 – 0 0 0 – 0 – 0 0 0,https://cleryact.virginia.edu/report#page=157,,tables_2.txt,57be6e7a05b30e0eb10436197d65ffa6b7d3ad2b573887328433551a2d3c5c35,0,0,"Official web-reader extraction; no local PDF bytes/hash. Dashes retain source nonapplicability, not reported zero.",public/uva_web/current_core_counts.csv
2026,2025,234076,234076014,Morven Sustainability Lab,rape,Rape,criminal_offenses,oncampus,0,0,reported_numeric,157,150,L10723@P156: Rape – 0 – 0 0 0 – 0 – 0 0 0 – 0 – 0 0 0,https://cleryact.virginia.edu/report#page=157,,tables_2.txt,57be6e7a05b30e0eb10436197d65ffa6b7d3ad2b573887328433551a2d3c5c35,0,0,"Official web-reader extraction; no local PDF bytes/hash. Dashes retain source nonapplicability, not reported zero.",public/uva_web/current_core_counts.csv
2026,2025,234076,234076014,Morven Sustainability Lab,rape,Rape,criminal_offenses,noncampus,,–,source_not_applicable,157,150,L10723@P156: Rape – 0 – 0 0 0 – 0 – 0 0 0 – 0 – 0 0 0,https://cleryact.virginia.edu/report#page=157,,tables_2.txt,57be6e7a05b30e0eb10436197d65ffa6b7d3ad2b573887328433551a2d3c5c35,0,0,"Official web-reader extraction; no local PDF bytes/hash. Dashes retain source nonapplicability, not reported zero.",public/uva_web/current_core_counts.csv
2026,2025,234076,234076014,Morven Sustainability Lab,rape,Rape,criminal_offenses,publicproperty,0,0,reported_numeric,157,150,L10723@P156: Rape – 0 – 0 0 0 – 0 – 0 0 0 – 0 – 0 0 0,https://cleryact.virginia.edu/report#page=157,,tables_2.txt,57be6e7a05b30e0eb10436197d65ffa6b7d3ad2b573887328433551a2d3c5c35,0,0,"Official web-reader extraction; no local PDF bytes/hash. Dashes retain source nonapplicability, not reported zero.",public/uva_web/current_core_counts.csv
2026,2024,234076,234076014,Morven Sustainability Lab,rape,Rape,criminal_offenses,residential,,–,source_not_applicable,157,150,L10723@P156: Rape – 0 – 0 0 0 – 0 – 0 0 0 – 0 – 0 0 0,https://cleryact.virginia.edu/report#page=157,,tables_2.txt,57be6e7a05b30e0eb10436197d65ffa6b7d3ad2b573887328433551a2d3c5c35,0,0,"Official web-reader extraction; no local PDF bytes/hash. Dashes retain source nonapplicability, not reported zero.",public/uva_web/current_core_counts.csv
2026,2024,234076,234076014,Morven Sustainability Lab,rape,Rape,criminal_offenses,oncampus,0,0,reported_numeric,157,150,L10723@P156: Rape – 0 – 0 0 0 – 0 – 0 0 0 – 0 – 0 0 0,https://cleryact.virginia.edu/report#page=157,,tables_2.txt,57be6e7a05b30e0eb10436197d65ffa6b7d3ad2b573887328433551a2d3c5c35,0,0,"Official web-reader extraction; no local PDF bytes/hash. Dashes retain source nonapplicability, not reported zero.",public/uva_web/current_core_counts.csv
2026,2024,234076,234076014,Morven Sustainability Lab,rape,Rape,criminal_offenses,noncampus,,–,source_not_applicable,157,150,L10723@P156: Rape – 0 – 0 0 0 – 0 – 0 0 0 – 0 – 0 0 0,https://cleryact.virginia.edu/report#page=157,,tables_2.txt,57be6e7a05b30e0eb10436197d65ffa6b7d3ad2b573887328433551a2d3c5c35,0,0,"Official web-reader extraction; no local PDF bytes/hash. Dashes retain source nonapplicability, not reported zero.",public/uva_web/current_core_counts.csv
2026,2024,234076,234076014,Morven Sustainability Lab,rape,Rape,criminal_offenses,publicproperty,0,0,reported_numeric,157,150,L10723@P156: Rape – 0 – 0 0 0 – 0 – 0 0 0 – 0 – 0 0 0,https://cleryact.virginia.edu/report#page=157,,tables_2.txt,57be6e7a05b30e0eb10436197d65ffa6b7d3ad2b573887328433551a2d3c5c35,0,0,"Official web-reader extraction; no local PDF bytes/hash. Dashes retain source nonapplicability, not reported zero.",public/uva_web/current_core_counts.csv
2026,2023,234076,234076014,Morven Sustainability Lab,rape,Rape,criminal_offenses,residential,,–,source_not_applicable,157,150,L10723@P156: Rape – 0 – 0 0 0 – 0 – 0 0 0 – 0 – 0 0 0,https://cleryact.virginia.edu/report#page=157,,tables_2.txt,57be6e7a05b30e0eb10436197d65ffa6b7d3ad2b573887328433551a2d3c5c35,0,0,"Official web-reader extraction; no local PDF bytes/hash. Dashes retain source nonapplicability, not reported zero.",public/uva_web/current_core_counts.csv
2026,2023,234076,234076014,Morven Sustainability Lab,rape,Rape,criminal_offenses,oncampus,0,0,reported_numeric,157,150,L10723@P156: Rape – 0 – 0 0 0 – 0 – 0 0 0 – 0 – 0 0 0,https://cleryact.virginia.edu/report#page=157,,tables_2.txt,57be6e7a05b30e0eb10436197d65ffa6b7d3ad2b573887328433551a2d3c5c35,0,0,"Official web-reader extraction; no local PDF bytes/hash. Dashes retain source nonapplicability, not reported zero.",public/uva_web/current_core_counts.csv
2026,2023,234076,234076014,Morven Sustainability Lab,rape,Rape,criminal_offenses,noncampus,,–,source_not_applicable,157,150,L10723@P156: Rape – 0 – 0 0 0 – 0 – 0 0 0 – 0 – 0 0 0,https://cleryact.virginia.edu/report#page=157,,tables_2.txt,57be6e7a05b30e0eb10436197d65ffa6b7d3ad2b573887328433551a2d3c5c35,0,0,"Official web-reader extraction; no local PDF bytes/hash. Dashes retain source nonapplicability, not reported zero.",public/uva_web/current_core_counts.csv
2026,2023,234076,234076014,Morven Sustainability Lab,rape,Rape,criminal_offenses,publicproperty,0,0,reported_numeric,157,150,L10723@P156: Rape – 0 – 0 0 0 – 0 – 0 0 0 – 0 – 0 0 0,https://cleryact.virginia.edu/report#page=157,,tables_2.txt,57be6e7a05b30e0eb10436197d65ffa6b7d3ad2b573887328433551a2d3c5c35,0,0,"Official web-reader extraction; no local PDF bytes/hash. Dashes retain source nonapplicability, not reported zero.",public/uva_web/current_core_counts.csv
2026,2025,234076,234076014,Morven Sustainability Lab,fondling,Fondling,criminal_offenses,residential,,–,source_not_applicable,157,150,L10724@P156: Fondling – 0 – 0 0 0 – 0 – 0 0 0 – 0 – 0 0 0,https://cleryact.virginia.edu/report#page=157,,tables_2.txt,57be6e7a05b30e0eb10436197d65ffa6b7d3ad2b573887328433551a2d3c5c35,0,0,"Official web-reader extraction; no local PDF bytes/hash. Dashes retain source nonapplicability, not reported zero.",public/uva_web/current_core_counts.csv
2026,2025,234076,234076014,Morven Sustainability Lab,fondling,Fondling,criminal_offenses,oncampus,0,0,reported_numeric,157,150,L10724@P156: Fondling – 0 – 0 0 0 – 0 – 0 0 0 – 0 – 0 0 0,https://cleryact.virginia.edu/report#page=157,,tables_2.txt,57be6e7a05b30e0eb10436197d65ffa6b7d3ad2b573887328433551a2d3c5c35,0,0,"Official web-reader extraction; no local PDF bytes/hash. Dashes retain source nonapplicability, not reported zero.",public/uva_web/current_core_counts.csv
2026,2025,234076,234076014,Morven Sustainability Lab,fondling,Fondling,criminal_offenses,noncampus,,–,source_not_applicable,157,150,L10724@P156: Fondling – 0 – 0 0 0 – 0 – 0 0 0 – 0 – 0 0 0,https://cleryact.virginia.edu/report#page=157,,tables_2.txt,57be6e7a05b30e0eb10436197d65ffa6b7d3ad2b573887328433551a2d3c5c35,0,0,"Official web-reader extraction; no local PDF bytes/hash. Dashes retain source nonapplicability, not reported zero.",public/uva_web/current_core_counts.csv
2026,2025,234076,234076014,Morven Sustainability Lab,fondling,Fondling,criminal_offenses,publicproperty,0,0,reported_numeric,157,150,L10724@P156: Fondling – 0 – 0 0 0 – 0 – 0 0 0 – 0 – 0 0 0,https://cleryact.virginia.edu/report#page=157,,tables_2.txt,57be6e7a05b30e0eb10436197d65ffa6b7d3ad2b573887328433551a2d3c5c35,0,0,"Official web-reader extraction; no local PDF bytes/hash. Dashes retain source nonapplicability, not reported zero.",public/uva_web/current_core_counts.csv
2026,2024,234076,234076014,Morven Sustainability Lab,fondling,Fondling,criminal_offenses,residential,,–,source_not_applicable,157,150,L10724@P156: Fondling – 0 – 0 0 0 – 0 – 0 0 0 – 0 – 0 0 0,https://cleryact.virginia.edu/report#page=157,,tables_2.txt,57be6e7a05b30e0eb10436197d65ffa6b7d3ad2b573887328433551a2d3c5c35,0,0,"Official web-reader extraction; no local PDF bytes/hash. Dashes retain source nonapplicability, not reported zero.",public/uva_web/current_core_counts.csv
2026,2024,234076,234076014,Morven Sustainability Lab,fondling,Fondling,criminal_offenses,oncampus,0,0,reported_numeric,157,150,L10724@P156: Fondling – 0 – 0 0 0 – 0 – 0 0 0 – 0 – 0 0 0,https://cleryact.virginia.edu/report#page=157,,tables_2.txt,57be6e7a05b30e0eb10436197d65ffa6b7d3ad2b573887328433551a2d3c5c35,0,0,"Official web-reader extraction; no local PDF bytes/hash. Dashes retain source nonapplicability, not reported zero.",public/uva_web/current_core_counts.csv
2026,2024,234076,234076014,Morven Sustainability Lab,fondling,Fondling,criminal_offenses,noncampus,,–,source_not_applicable,157,150,L10724@P156: Fondling – 0 – 0 0 0 – 0 – 0 0 0 – 0 – 0 0 0,https://cleryact.virginia.edu/report#page=157,,tables_2.txt,57be6e7a05b30e0eb10436197d65ffa6b7d3ad2b573887328433551a2d3c5c35,0,0,"Official web-reader extraction; no local PDF bytes/hash. Dashes retain source nonapplicability, not reported zero.",public/uva_web/current_core_counts.csv
2026,2024,234076,234076014,Morven Sustainability Lab,fondling,Fondling,criminal_offenses,publicproperty,0,0,reported_numeric,157,150,L10724@P156: Fondling – 0 – 0 0 0 – 0 – 0 0 0 – 0 – 0 0 0,https://cleryact.virginia.edu/report#page=157,,tables_2.txt,57be6e7a05b30e0eb10436197d65ffa6b7d3ad2b573887328433551a2d3c5c35,0,0,"Official web-reader extraction; no local PDF bytes/hash. Dashes retain source nonapplicability, not reported zero.",public/uva_web/current_core_counts.csv
2026,2023,234076,234076014,Morven Sustainability Lab,fondling,Fondling,criminal_offenses,residential,,–,source_not_applicable,157,150,L10724@P156: Fondling – 0 – 0 0 0 – 0 – 0 0 0 – 0 – 0 0 0,https://cleryact.virginia.edu/report#page=157,,tables_2.txt,57be6e7a05b30e0eb10436197d65ffa6b7d3ad2b573887328433551a2d3c5c35,0,0,"Official web-reader extraction; no local PDF bytes/hash. Dashes retain source nonapplicability, not reported zero.",public/uva_web/current_core_counts.csv
2026,2023,234076,234076014,Morven Sustainability Lab,fondling,Fondling,criminal_offenses,oncampus,0,0,reported_numeric,157,150,L10724@P156: Fondling – 0 – 0 0 0 – 0 – 0 0 0 – 0 – 0 0 0,https://cleryact.virginia.edu/report#page=157,,tables_2.txt,57be6e7a05b30e0eb10436197d65ffa6b7d3ad2b573887328433551a2d3c5c35,0,0,"Official web-reader extraction; no local PDF bytes/hash. Dashes retain source nonapplicability, not reported zero.",public/uva_web/current_core_counts.csv
2026,2023,234076,234076014,Morven Sustainability Lab,fondling,Fondling,criminal_offenses,noncampus,,–,source_not_applicable,157,150,L10724@P156: Fondling – 0 – 0 0 0 – 0 – 0 0 0 – 0 – 0 0 0,https://cleryact.virginia.edu/report#page=157,,tables_2.txt,57be6e7a05b30e0eb10436197d65ffa6b7d3ad2b573887328433551a2d3c5c35,0,0,"Official web-reader extraction; no local PDF bytes/hash. Dashes retain source nonapplicability, not reported zero.",public/uva_web/current_core_counts.csv
2026,2023,234076,234076014,Morven Sustainability Lab,fondling,Fondling,criminal_offenses,publicproperty,0,0,reported_numeric,157,150,L10724@P156: Fondling – 0 – 0 0 0 – 0 – 0 0 0 – 0 – 0 0 0,https://cleryact.virginia.edu/report#page=157,,tables_2.txt,57be6e7a05b30e0eb10436197d65ffa6b7d3ad2b573887328433551a2d3c5c35,0,0,"Official web-reader extraction; no local PDF bytes/hash. Dashes retain source nonapplicability, not reported zero.",public/uva_web/current_core_counts.csv
2026,2025,234076,234076014,Morven Sustainability Lab,incest,Incest,criminal_offenses,residential,,–,source_not_applicable,157,150,L10725@P156: Incest – 0 – 0 0 0 – 0 – 0 0 0 – 0 – 0 0 0,https://cleryact.virginia.edu/report#page=157,,tables_2.txt,57be6e7a05b30e0eb10436197d65ffa6b7d3ad2b573887328433551a2d3c5c35,0,0,"Official web-reader extraction; no local PDF bytes/hash. Dashes retain source nonapplicability, not reported zero.",public/uva_web/current_core_counts.csv
2026,2025,234076,234076014,Morven Sustainability Lab,incest,Incest,criminal_offenses,oncampus,0,0,reported_numeric,157,150,L10725@P156: Incest – 0 – 0 0 0 – 0 – 0 0 0 – 0 – 0 0 0,https://cleryact.virginia.edu/report#page=157,,tables_2.txt,57be6e7a05b30e0eb10436197d65ffa6b7d3ad2b573887328433551a2d3c5c35,0,0,"Official web-reader extraction; no local PDF bytes/hash. Dashes retain source nonapplicability, not reported zero.",public/uva_web/current_core_counts.csv
2026,2025,234076,234076014,Morven Sustainability Lab,incest,Incest,criminal_offenses,noncampus,,–,source_not_applicable,157,150,L10725@P156: Incest – 0 – 0 0 0 – 0 – 0 0 0 – 0 – 0 0 0,https://cleryact.virginia.edu/report#page=157,,tables_2.txt,57be6e7a05b30e0eb10436197d65ffa6b7d3ad2b573887328433551a2d3c5c35,0,0,"Official web-reader extraction; no local PDF bytes/hash. Dashes retain source nonapplicability, not reported zero.",public/uva_web/current_core_counts.csv
2026,2025,234076,234076014,Morven Sustainability Lab,incest,Incest,criminal_offenses,publicproperty,0,0,reported_numeric,157,150,L10725@P156: Incest – 0 – 0 0 0 – 0 – 0 0 0 – 0 – 0 0 0,https://cleryact.virginia.edu/report#page=157,,tables_2.txt,57be6e7a05b30e0eb10436197d65ffa6b7d3ad2b573887328433551a2d3c5c35,0,0,"Official web-reader extraction; no local PDF bytes/hash. Dashes retain source nonapplicability, not reported zero.",public/uva_web/current_core_counts.csv
2026,2024,234076,234076014,Morven Sustainability Lab,incest,Incest,criminal_offenses,residential,,–,source_not_applicable,157,150,L10725@P156: Incest – 0 – 0 0 0 – 0 – 0 0 0 – 0 – 0 0 0,https://cleryact.virginia.edu/report#page=157,,tables_2.txt,57be6e7a05b30e0eb10436197d65ffa6b7d3ad2b573887328433551a2d3c5c35,0,0,"Official web-reader extraction; no local PDF bytes/hash. Dashes retain source nonapplicability, not reported zero.",public/uva_web/current_core_counts.csv
2026,2024,234076,234076014,Morven Sustainability Lab,incest,Incest,criminal_offenses,oncampus,0,0,reported_numeric,157,150,L10725@P156: Incest – 0 – 0 0 0 – 0 – 0 0 0 – 0 – 0 0 0,https://cleryact.virginia.edu/report#page=157,,tables_2.txt,57be6e7a05b30e0eb10436197d65ffa6b7d3ad2b573887328433551a2d3c5c35,0,0,"Official web-reader extraction; no local PDF bytes/hash. Dashes retain source nonapplicability, not reported zero.",public/uva_web/current_core_counts.csv
2026,2024,234076,234076014,Morven Sustainability Lab,incest,Incest,criminal_offenses,noncampus,,–,source_not_applicable,157,150,L10725@P156: Incest – 0 – 0 0 0 – 0 – 0 0 0 – 0 – 0 0 0,https://cleryact.virginia.edu/report#page=157,,tables_2.txt,57be6e7a05b30e0eb10436197d65ffa6b7d3ad2b573887328433551a2d3c5c35,0,0,"Official web-reader extraction; no local PDF bytes/hash. Dashes retain source nonapplicability, not reported zero.",public/uva_web/current_core_counts.csv
2026,2024,234076,234076014,Morven Sustainability Lab,incest,Incest,criminal_offenses,publicproperty,0,0,reported_numeric,157,150,L10725@P156: Incest – 0 – 0 0 0 – 0 – 0 0 0 – 0 – 0 0 0,https://cleryact.virginia.edu/report#page=157,,tables_2.txt,57be6e7a05b30e0eb10436197d65ffa6b7d3ad2b573887328433551a2d3c5c35,0,0,"Official web-reader extraction; no local PDF bytes/hash. Dashes retain source nonapplicability, not reported zero.",public/uva_web/current_core_counts.csv
2026,2023,234076,234076014,Morven Sustainability Lab,incest,Incest,criminal_offenses,residential,,–,source_not_applicable,157,150,L10725@P156: Incest – 0 – 0 0 0 – 0 – 0 0 0 – 0 – 0 0 0,https://cleryact.virginia.edu/report#page=157,,tables_2.txt,57be6e7a05b30e0eb10436197d65ffa6b7d3ad2b573887328433551a2d3c5c35,0,0,"Official web-reader extraction; no local PDF bytes/hash. Dashes retain source nonapplicability, not reported zero.",public/uva_web/current_core_counts.csv
2026,2023,234076,234076014,Morven Sustainability Lab,incest,Incest,criminal_offenses,oncampus,0,0,reported_numeric,157,150,L10725@P156: Incest – 0 – 0 0 0 – 0 – 0 0 0 – 0 – 0 0 0,https://cleryact.virginia.edu/report#page=157,,tables_2.txt,57be6e7a05b30e0eb10436197d65ffa6b7d3ad2b573887328433551a2d3c5c35,0,0,"Official web-reader extraction; no local PDF bytes/hash. Dashes retain source nonapplicability, not reported zero.",public/uva_web/current_core_counts.csv
2026,2023,234076,234076014,Morven Sustainability Lab,incest,Incest,criminal_offenses,noncampus,,–,source_not_applicable,157,150,L10725@P156: Incest – 0 – 0 0 0 – 0 – 0 0 0 – 0 – 0 0 0,https://cleryact.virginia.edu/report#page=157,,tables_2.txt,57be6e7a05b30e0eb10436197d65ffa6b7d3ad2b573887328433551a2d3c5c35,0,0,"Official web-reader extraction; no local PDF bytes/hash. Dashes retain source nonapplicability, not reported zero.",public/uva_web/current_core_counts.csv
2026,2023,234076,234076014,Morven Sustainability Lab,incest,Incest,criminal_offenses,publicproperty,0,0,reported_numeric,157,150,L10725@P156: Incest – 0 – 0 0 0 – 0 – 0 0 0 – 0 – 0 0 0,https://cleryact.virginia.edu/report#page=157,,tables_2.txt,57be6e7a05b30e0eb10436197d65ffa6b7d3ad2b573887328433551a2d3c5c35,0,0,"Official web-reader extraction; no local PDF bytes/hash. Dashes retain source nonapplicability, not reported zero.",public/uva_web/current_core_counts.csv
2026,2025,234076,234076014,Morven Sustainability Lab,statutory_rape,Statutory Rape,criminal_offenses,residential,,–,source_not_applicable,157,150,L10726@P156: Statutory Rape – 0 – 0 0 0 – 0 – 0 0 0 – 0 – 0 0 0,https://cleryact.virginia.edu/report#page=157,,tables_2.txt,57be6e7a05b30e0eb10436197d65ffa6b7d3ad2b573887328433551a2d3c5c35,0,0,"Official web-reader extraction; no local PDF bytes/hash. Dashes retain source nonapplicability, not reported zero.",public/uva_web/current_core_counts.csv
2026,2025,234076,234076014,Morven Sustainability Lab,statutory_rape,Statutory Rape,criminal_offenses,oncampus,0,0,reported_numeric,157,150,L10726@P156: Statutory Rape – 0 – 0 0 0 – 0 – 0 0 0 – 0 – 0 0 0,https://cleryact.virginia.edu/report#page=157,,tables_2.txt,57be6e7a05b30e0eb10436197d65ffa6b7d3ad2b573887328433551a2d3c5c35,0,0,"Official web-reader extraction; no local PDF bytes/hash. Dashes retain source nonapplicability, not reported zero.",public/uva_web/current_core_counts.csv
2026,2025,234076,234076014,Morven Sustainability Lab,statutory_rape,Statutory Rape,criminal_offenses,noncampus,,–,source_not_applicable,157,150,L10726@P156: Statutory Rape – 0 – 0 0 0 – 0 – 0 0 0 – 0 – 0 0 0,https://cleryact.virginia.edu/report#page=157,,tables_2.txt,57be6e7a05b30e0eb10436197d65ffa6b7d3ad2b573887328433551a2d3c5c35,0,0,"Official web-reader extraction; no local PDF bytes/hash. Dashes retain source nonapplicability, not reported zero.",public/uva_web/current_core_counts.csv
2026,2025,234076,234076014,Morven Sustainability Lab,statutory_rape,Statutory Rape,criminal_offenses,publicproperty,0,0,reported_numeric,157,150,L10726@P156: Statutory Rape – 0 – 0 0 0 – 0 – 0 0 0 – 0 – 0 0 0,https://cleryact.virginia.edu/report#page=157,,tables_2.txt,57be6e7a05b30e0eb10436197d65ffa6b7d3ad2b573887328433551a2d3c5c35,0,0,"Official web-reader extraction; no local PDF bytes/hash. Dashes retain source nonapplicability, not reported zero.",public/uva_web/current_core_counts.csv
2026,2024,234076,234076014,Morven Sustainability Lab,statutory_rape,Statutory Rape,criminal_offenses,residential,,–,source_not_applicable,157,150,L10726@P156: Statutory Rape – 0 – 0 0 0 – 0 – 0 0 0 – 0 – 0 0 0,https://cleryact.virginia.edu/report#page=157,,tables_2.txt,57be6e7a05b30e0eb10436197d65ffa6b7d3ad2b573887328433551a2d3c5c35,0,0,"Official web-reader extraction; no local PDF bytes/hash. Dashes retain source nonapplicability, not reported zero.",public/uva_web/current_core_counts.csv
2026,2024,234076,234076014,Morven Sustainability Lab,statutory_rape,Statutory Rape,criminal_offenses,oncampus,0,0,reported_numeric,157,150,L10726@P156: Statutory Rape – 0 – 0 0 0 – 0 – 0 0 0 – 0 – 0 0 0,https://cleryact.virginia.edu/report#page=157,,tables_2.txt,57be6e7a05b30e0eb10436197d65ffa6b7d3ad2b573887328433551a2d3c5c35,0,0,"Official web-reader extraction; no local PDF bytes/hash. Dashes retain source nonapplicability, not reported zero.",public/uva_web/current_core_counts.csv
2026,2024,234076,234076014,Morven Sustainability Lab,statutory_rape,Statutory Rape,criminal_offenses,noncampus,,–,source_not_applicable,157,150,L10726@P156: Statutory Rape – 0 – 0 0 0 – 0 – 0 0 0 – 0 – 0 0 0,https://cleryact.virginia.edu/report#page=157,,tables_2.txt,57be6e7a05b30e0eb10436197d65ffa6b7d3ad2b573887328433551a2d3c5c35,0,0,"Official web-reader extraction; no local PDF bytes/hash. Dashes retain source nonapplicability, not reported zero.",public/uva_web/current_core_counts.csv
2026,2024,234076,234076014,Morven Sustainability Lab,statutory_rape,Statutory Rape,criminal_offenses,publicproperty,0,0,reported_numeric,157,150,L10726@P156: Statutory Rape – 0 – 0 0 0 – 0 – 0 0 0 – 0 – 0 0 0,https://cleryact.virginia.edu/report#page=157,,tables_2.txt,57be6e7a05b30e0eb10436197d65ffa6b7d3ad2b573887328433551a2d3c5c35,0,0,"Official web-reader extraction; no local PDF bytes/hash. Dashes retain source nonapplicability, not reported zero.",public/uva_web/current_core_counts.csv
2026,2023,234076,234076014,Morven Sustainability Lab,statutory_rape,Statutory Rape,criminal_offenses,residential,,–,source_not_applicable,157,150,L10726@P156: Statutory Rape – 0 – 0 0 0 – 0 – 0 0 0 – 0 – 0 0 0,https://cleryact.virginia.edu/report#page=157,,tables_2.txt,57be6e7a05b30e0eb10436197d65ffa6b7d3ad2b573887328433551a2d3c5c35,0,0,"Official web-reader extraction; no local PDF bytes/hash. Dashes retain source nonapplicability, not reported zero.",public/uva_web/current_core_counts.csv
2026,2023,234076,234076014,Morven Sustainability Lab,statutory_rape,Statutory Rape,criminal_offenses,oncampus,0,0,reported_numeric,157,150,L10726@P156: Statutory Rape – 0 – 0 0 0 – 0 – 0 0 0 – 0 – 0 0 0,https://cleryact.virginia.edu/report#page=157,,tables_2.txt,57be6e7a05b30e0eb10436197d65ffa6b7d3ad2b573887328433551a2d3c5c35,0,0,"Official web-reader extraction; no local PDF bytes/hash. Dashes retain source nonapplicability, not reported zero.",public/uva_web/current_core_counts.csv
2026,2023,234076,234076014,Morven Sustainability Lab,statutory_rape,Statutory Rape,criminal_offenses,noncampus,,–,source_not_applicable,157,150,L10726@P156: Statutory Rape – 0 – 0 0 0 – 0 – 0 0 0 – 0 – 0 0 0,https://cleryact.virginia.edu/report#page=157,,tables_2.txt,57be6e7a05b30e0eb10436197d65ffa6b7d3ad2b573887328433551a2d3c5c35,0,0,"Official web-reader extraction; no local PDF bytes/hash. Dashes retain source nonapplicability, not reported zero.",public/uva_web/current_core_counts.csv
2026,2023,234076,234076014,Morven Sustainability Lab,statutory_rape,Statutory Rape,criminal_offenses,publicproperty,0,0,reported_numeric,157,150,L10726@P156: Statutory Rape – 0 – 0 0 0 – 0 – 0 0 0 – 0 – 0 0 0,https://cleryact.virginia.edu/report#page=157,,tables_2.txt,57be6e7a05b30e0eb10436197d65ffa6b7d3ad2b573887328433551a2d3c5c35,0,0,"Official web-reader extraction; no local PDF bytes/hash. Dashes retain source nonapplicability, not reported zero.",public/uva_web/current_core_counts.csv
2026,2025,234076,234076014,Morven Sustainability Lab,robbery,Robbery,criminal_offenses,residential,,–,source_not_applicable,157,150,L10727@P156: Robbery – 0 – 0 0 0 – 0 – 0 0 0 – 0 – 0 0 0,https://cleryact.virginia.edu/report#page=157,,tables_2.txt,57be6e7a05b30e0eb10436197d65ffa6b7d3ad2b573887328433551a2d3c5c35,0,0,"Official web-reader extraction; no local PDF bytes/hash. Dashes retain source nonapplicability, not reported zero.",public/uva_web/current_core_counts.csv
2026,2025,234076,234076014,Morven Sustainability Lab,robbery,Robbery,criminal_offenses,oncampus,0,0,reported_numeric,157,150,L10727@P156: Robbery – 0 – 0 0 0 – 0 – 0 0 0 – 0 – 0 0 0,https://cleryact.virginia.edu/report#page=157,,tables_2.txt,57be6e7a05b30e0eb10436197d65ffa6b7d3ad2b573887328433551a2d3c5c35,0,0,"Official web-reader extraction; no local PDF bytes/hash. Dashes retain source nonapplicability, not reported zero.",public/uva_web/current_core_counts.csv
2026,2025,234076,234076014,Morven Sustainability Lab,robbery,Robbery,criminal_offenses,noncampus,,–,source_not_applicable,157,150,L10727@P156: Robbery – 0 – 0 0 0 – 0 – 0 0 0 – 0 – 0 0 0,https://cleryact.virginia.edu/report#page=157,,tables_2.txt,57be6e7a05b30e0eb10436197d65ffa6b7d3ad2b573887328433551a2d3c5c35,0,0,"Official web-reader extraction; no local PDF bytes/hash. Dashes retain source nonapplicability, not reported zero.",public/uva_web/current_core_counts.csv
2026,2025,234076,234076014,Morven Sustainability Lab,robbery,Robbery,criminal_offenses,publicproperty,0,0,reported_numeric,157,150,L10727@P156: Robbery – 0 – 0 0 0 – 0 – 0 0 0 – 0 – 0 0 0,https://cleryact.virginia.edu/report#page=157,,tables_2.txt,57be6e7a05b30e0eb10436197d65ffa6b7d3ad2b573887328433551a2d3c5c35,0,0,"Official web-reader extraction; no local PDF bytes/hash. Dashes retain source nonapplicability, not reported zero.",public/uva_web/current_core_counts.csv
2026,2024,234076,234076014,Morven Sustainability Lab,robbery,Robbery,criminal_offenses,residential,,–,source_not_applicable,157,150,L10727@P156: Robbery – 0 – 0 0 0 – 0 – 0 0 0 – 0 – 0 0 0,https://cleryact.virginia.edu/report#page=157,,tables_2.txt,57be6e7a05b30e0eb10436197d65ffa6b7d3ad2b573887328433551a2d3c5c35,0,0,"Official web-reader extraction; no local PDF bytes/hash. Dashes retain source nonapplicability, not reported zero.",public/uva_web/current_core_counts.csv
2026,2024,234076,234076014,Morven Sustainability Lab,robbery,Robbery,criminal_offenses,oncampus,0,0,reported_numeric,157,150,L10727@P156: Robbery – 0 – 0 0 0 – 0 – 0 0 0 – 0 – 0 0 0,https://cleryact.virginia.edu/report#page=157,,tables_2.txt,57be6e7a05b30e0eb10436197d65ffa6b7d3ad2b573887328433551a2d3c5c35,0,0,"Official web-reader extraction; no local PDF bytes/hash. Dashes retain source nonapplicability, not reported zero.",public/uva_web/current_core_counts.csv
2026,2024,234076,234076014,Morven Sustainability Lab,robbery,Robbery,criminal_offenses,noncampus,,–,source_not_applicable,157,150,L10727@P156: Robbery – 0 – 0 0 0 – 0 – 0 0 0 – 0 – 0 0 0,https://cleryact.virginia.edu/report#page=157,,tables_2.txt,57be6e7a05b30e0eb10436197d65ffa6b7d3ad2b573887328433551a2d3c5c35,0,0,"Official web-reader extraction; no local PDF bytes/hash. Dashes retain source nonapplicability, not reported zero.",public/uva_web/current_core_counts.csv
2026,2024,234076,234076014,Morven Sustainability Lab,robbery,Robbery,criminal_offenses,publicproperty,0,0,reported_numeric,157,150,L10727@P156: Robbery – 0 – 0 0 0 – 0 – 0 0 0 – 0 – 0 0 0,https://cleryact.virginia.edu/report#page=157,,tables_2.txt,57be6e7a05b30e0eb10436197d65ffa6b7d3ad2b573887328433551a2d3c5c35,0,0,"Official web-reader extraction; no local PDF bytes/hash. Dashes retain source nonapplicability, not reported zero.",public/uva_web/current_core_counts.csv
2026,2023,234076,234076014,Morven Sustainability Lab,robbery,Robbery,criminal_offenses,residential,,–,source_not_applicable,157,150,L10727@P156: Robbery – 0 – 0 0 0 – 0 – 0 0 0 – 0 – 0 0 0,https://cleryact.virginia.edu/report#page=157,,tables_2.txt,57be6e7a05b30e0eb10436197d65ffa6b7d3ad2b573887328433551a2d3c5c35,0,0,"Official web-reader extraction; no local PDF bytes/hash. Dashes retain source nonapplicability, not reported zero.",public/uva_web/current_core_counts.csv
2026,2023,234076,234076014,Morven Sustainability Lab,robbery,Robbery,criminal_offenses,oncampus,0,0,reported_numeric,157,150,L10727@P156: Robbery – 0 – 0 0 0 – 0 – 0 0 0 – 0 – 0 0 0,https://cleryact.virginia.edu/report#page=157,,tables_2.txt,57be6e7a05b30e0eb10436197d65ffa6b7d3ad2b573887328433551a2d3c5c35,0,0,"Official web-reader extraction; no local PDF bytes/hash. Dashes retain source nonapplicability, not reported zero.",public/uva_web/current_core_counts.csv
2026,2023,234076,234076014,Morven Sustainability Lab,robbery,Robbery,criminal_offenses,noncampus,,–,source_not_applicable,157,150,L10727@P156: Robbery – 0 – 0 0 0 – 0 – 0 0 0 – 0 – 0 0 0,https://cleryact.virginia.edu/report#page=157,,tables_2.txt,57be6e7a05b30e0eb10436197d65ffa6b7d3ad2b573887328433551a2d3c5c35,0,0,"Official web-reader extraction; no local PDF bytes/hash. Dashes retain source nonapplicability, not reported zero.",public/uva_web/current_core_counts.csv
2026,2023,234076,234076014,Morven Sustainability Lab,robbery,Robbery,criminal_offenses,publicproperty,0,0,reported_numeric,157,150,L10727@P156: Robbery – 0 – 0 0 0 – 0 – 0 0 0 – 0 – 0 0 0,https://cleryact.virginia.edu/report#page=157,,tables_2.txt,57be6e7a05b30e0eb10436197d65ffa6b7d3ad2b573887328433551a2d3c5c35,0,0,"Official web-reader extraction; no local PDF bytes/hash. Dashes retain source nonapplicability, not reported zero.",public/uva_web/current_core_counts.csv
2026,2025,234076,234076014,Morven Sustainability Lab,aggravated_assault,Aggravated Assault,criminal_offenses,residential,,–,source_not_applicable,157,150,L10729@P156: Assault – 0 – 0 0 0 – 0 – 0 0 0 – 0 – 0 0 0,https://cleryact.virginia.edu/report#page=157,,tables_2.txt,57be6e7a05b30e0eb10436197d65ffa6b7d3ad2b573887328433551a2d3c5c35,0,0,"Official web-reader extraction; no local PDF bytes/hash. Dashes retain source nonapplicability, not reported zero.",public/uva_web/current_core_counts.csv
2026,2025,234076,234076014,Morven Sustainability Lab,aggravated_assault,Aggravated Assault,criminal_offenses,oncampus,0,0,reported_numeric,157,150,L10729@P156: Assault – 0 – 0 0 0 – 0 – 0 0 0 – 0 – 0 0 0,https://cleryact.virginia.edu/report#page=157,,tables_2.txt,57be6e7a05b30e0eb10436197d65ffa6b7d3ad2b573887328433551a2d3c5c35,0,0,"Official web-reader extraction; no local PDF bytes/hash. Dashes retain source nonapplicability, not reported zero.",public/uva_web/current_core_counts.csv
2026,2025,234076,234076014,Morven Sustainability Lab,aggravated_assault,Aggravated Assault,criminal_offenses,noncampus,,–,source_not_applicable,157,150,L10729@P156: Assault – 0 – 0 0 0 – 0 – 0 0 0 – 0 – 0 0 0,https://cleryact.virginia.edu/report#page=157,,tables_2.txt,57be6e7a05b30e0eb10436197d65ffa6b7d3ad2b573887328433551a2d3c5c35,0,0,"Official web-reader extraction; no local PDF bytes/hash. Dashes retain source nonapplicability, not reported zero.",public/uva_web/current_core_counts.csv
2026,2025,234076,234076014,Morven Sustainability Lab,aggravated_assault,Aggravated Assault,criminal_offenses,publicproperty,0,0,reported_numeric,157,150,L10729@P156: Assault – 0 – 0 0 0 – 0 – 0 0 0 – 0 – 0 0 0,https://cleryact.virginia.edu/report#page=157,,tables_2.txt,57be6e7a05b30e0eb10436197d65ffa6b7d3ad2b573887328433551a2d3c5c35,0,0,"Official web-reader extraction; no local PDF bytes/hash. Dashes retain source nonapplicability, not reported zero.",public/uva_web/current_core_counts.csv
2026,2024,234076,234076014,Morven Sustainability Lab,aggravated_assault,Aggravated Assault,criminal_offenses,residential,,–,source_not_applicable,157,150,L10729@P156: Assault – 0 – 0 0 0 – 0 – 0 0 0 – 0 – 0 0 0,https://cleryact.virginia.edu/report#page=157,,tables_2.txt,57be6e7a05b30e0eb10436197d65ffa6b7d3ad2b573887328433551a2d3c5c35,0,0,"Official web-reader extraction; no local PDF bytes/hash. Dashes retain source nonapplicability, not reported zero.",public/uva_web/current_core_counts.csv
2026,2024,234076,234076014,Morven Sustainability Lab,aggravated_assault,Aggravated Assault,criminal_offenses,oncampus,0,0,reported_numeric,157,150,L10729@P156: Assault – 0 – 0 0 0 – 0 – 0 0 0 – 0 – 0 0 0,https://cleryact.virginia.edu/report#page=157,,tables_2.txt,57be6e7a05b30e0eb10436197d65ffa6b7d3ad2b573887328433551a2d3c5c35,0,0,"Official web-reader extraction; no local PDF bytes/hash. Dashes retain source nonapplicability, not reported zero.",public/uva_web/current_core_counts.csv
2026,2024,234076,234076014,Morven Sustainability Lab,aggravated_assault,Aggravated Assault,criminal_offenses,noncampus,,–,source_not_applicable,157,150,L10729@P156: Assault – 0 – 0 0 0 – 0 – 0 0 0 – 0 – 0 0 0,https://cleryact.virginia.edu/report#page=157,,tables_2.txt,57be6e7a05b30e0eb10436197d65ffa6b7d3ad2b573887328433551a2d3c5c35,0,0,"Official web-reader extraction; no local PDF bytes/hash. Dashes retain source nonapplicability, not reported zero.",public/uva_web/current_core_counts.csv
2026,2024,234076,234076014,Morven Sustainability Lab,aggravated_assault,Aggravated Assault,criminal_offenses,publicproperty,0,0,reported_numeric,157,150,L10729@P156: Assault – 0 – 0 0 0 – 0 – 0 0 0 – 0 – 0 0 0,https://cleryact.virginia.edu/report#page=157,,tables_2.txt,57be6e7a05b30e0eb10436197d65ffa6b7d3ad2b573887328433551a2d3c5c35,0,0,"Official web-reader extraction; no local PDF bytes/hash. Dashes retain source nonapplicability, not reported zero.",public/uva_web/current_core_counts.csv
2026,2023,234076,234076014,Morven Sustainability Lab,aggravated_assault,Aggravated Assault,criminal_offenses,residential,,–,source_not_applicable,157,150,L10729@P156: Assault – 0 – 0 0 0 – 0 – 0 0 0 – 0 – 0 0 0,https://cleryact.virginia.edu/report#page=157,,tables_2.txt,57be6e7a05b30e0eb10436197d65ffa6b7d3ad2b573887328433551a2d3c5c35,0,0,"Official web-reader extraction; no local PDF bytes/hash. Dashes retain source nonapplicability, not reported zero.",public/uva_web/current_core_counts.csv
2026,2023,234076,234076014,Morven Sustainability Lab,aggravated_assault,Aggravated Assault,criminal_offenses,oncampus,0,0,reported_numeric,157,150,L10729@P156: Assault – 0 – 0 0 0 – 0 – 0 0 0 – 0 – 0 0 0,https://cleryact.virginia.edu/report#page=157,,tables_2.txt,57be6e7a05b30e0eb10436197d65ffa6b7d3ad2b573887328433551a2d3c5c35,0,0,"Official web-reader extraction; no local PDF bytes/hash. Dashes retain source nonapplicability, not reported zero.",public/uva_web/current_core_counts.csv
2026,2023,234076,234076014,Morven Sustainability Lab,aggravated_assault,Aggravated Assault,criminal_offenses,noncampus,,–,source_not_applicable,157,150,L10729@P156: Assault – 0 – 0 0 0 – 0 – 0 0 0 – 0 – 0 0 0,https://cleryact.virginia.edu/report#page=157,,tables_2.txt,57be6e7a05b30e0eb10436197d65ffa6b7d3ad2b573887328433551a2d3c5c35,0,0,"Official web-reader extraction; no local PDF bytes/hash. Dashes retain source nonapplicability, not reported zero.",public/uva_web/current_core_counts.csv
2026,2023,234076,234076014,Morven Sustainability Lab,aggravated_assault,Aggravated Assault,criminal_offenses,publicproperty,0,0,reported_numeric,157,150,L10729@P156: Assault – 0 – 0 0 0 – 0 – 0 0 0 – 0 – 0 0 0,https://cleryact.virginia.edu/report#page=157,,tables_2.txt,57be6e7a05b30e0eb10436197d65ffa6b7d3ad2b573887328433551a2d3c5c35,0,0,"Official web-reader extraction; no local PDF bytes/hash. Dashes retain source nonapplicability, not reported zero.",public/uva_web/current_core_counts.csv
2026,2025,234076,234076014,Morven Sustainability Lab,burglary,Burglary,criminal_offenses,residential,,–,source_not_applicable,157,150,L10730@P156: Burglary – 0 – 0 0 0 – 0 – 0 0 0 – 0 – 0 0 0,https://cleryact.virginia.edu/report#page=157,,tables_2.txt,57be6e7a05b30e0eb10436197d65ffa6b7d3ad2b573887328433551a2d3c5c35,0,0,"Official web-reader extraction; no local PDF bytes/hash. Dashes retain source nonapplicability, not reported zero.",public/uva_web/current_core_counts.csv
2026,2025,234076,234076014,Morven Sustainability Lab,burglary,Burglary,criminal_offenses,oncampus,0,0,reported_numeric,157,150,L10730@P156: Burglary – 0 – 0 0 0 – 0 – 0 0 0 – 0 – 0 0 0,https://cleryact.virginia.edu/report#page=157,,tables_2.txt,57be6e7a05b30e0eb10436197d65ffa6b7d3ad2b573887328433551a2d3c5c35,0,0,"Official web-reader extraction; no local PDF bytes/hash. Dashes retain source nonapplicability, not reported zero.",public/uva_web/current_core_counts.csv
2026,2025,234076,234076014,Morven Sustainability Lab,burglary,Burglary,criminal_offenses,noncampus,,–,source_not_applicable,157,150,L10730@P156: Burglary – 0 – 0 0 0 – 0 – 0 0 0 – 0 – 0 0 0,https://cleryact.virginia.edu/report#page=157,,tables_2.txt,57be6e7a05b30e0eb10436197d65ffa6b7d3ad2b573887328433551a2d3c5c35,0,0,"Official web-reader extraction; no local PDF bytes/hash. Dashes retain source nonapplicability, not reported zero.",public/uva_web/current_core_counts.csv
2026,2025,234076,234076014,Morven Sustainability Lab,burglary,Burglary,criminal_offenses,publicproperty,0,0,reported_numeric,157,150,L10730@P156: Burglary – 0 – 0 0 0 – 0 – 0 0 0 – 0 – 0 0 0,https://cleryact.virginia.edu/report#page=157,,tables_2.txt,57be6e7a05b30e0eb10436197d65ffa6b7d3ad2b573887328433551a2d3c5c35,0,0,"Official web-reader extraction; no local PDF bytes/hash. Dashes retain source nonapplicability, not reported zero.",public/uva_web/current_core_counts.csv
2026,2024,234076,234076014,Morven Sustainability Lab,burglary,Burglary,criminal_offenses,residential,,–,source_not_applicable,157,150,L10730@P156: Burglary – 0 – 0 0 0 – 0 – 0 0 0 – 0 – 0 0 0,https://cleryact.virginia.edu/report#page=157,,tables_2.txt,57be6e7a05b30e0eb10436197d65ffa6b7d3ad2b573887328433551a2d3c5c35,0,0,"Official web-reader extraction; no local PDF bytes/hash. Dashes retain source nonapplicability, not reported zero.",public/uva_web/current_core_counts.csv
2026,2024,234076,234076014,Morven Sustainability Lab,burglary,Burglary,criminal_offenses,oncampus,0,0,reported_numeric,157,150,L10730@P156: Burglary – 0 – 0 0 0 – 0 – 0 0 0 – 0 – 0 0 0,https://cleryact.virginia.edu/report#page=157,,tables_2.txt,57be6e7a05b30e0eb10436197d65ffa6b7d3ad2b573887328433551a2d3c5c35,0,0,"Official web-reader extraction; no local PDF bytes/hash. Dashes retain source nonapplicability, not reported zero.",public/uva_web/current_core_counts.csv
2026,2024,234076,234076014,Morven Sustainability Lab,burglary,Burglary,criminal_offenses,noncampus,,–,source_not_applicable,157,150,L10730@P156: Burglary – 0 – 0 0 0 – 0 – 0 0 0 – 0 – 0 0 0,https://cleryact.virginia.edu/report#page=157,,tables_2.txt,57be6e7a05b30e0eb10436197d65ffa6b7d3ad2b573887328433551a2d3c5c35,0,0,"Official web-reader extraction; no local PDF bytes/hash. Dashes retain source nonapplicability, not reported zero.",public/uva_web/current_core_counts.csv
2026,2024,234076,234076014,Morven Sustainability Lab,burglary,Burglary,criminal_offenses,publicproperty,0,0,reported_numeric,157,150,L10730@P156: Burglary – 0 – 0 0 0 – 0 – 0 0 0 – 0 – 0 0 0,https://cleryact.virginia.edu/report#page=157,,tables_2.txt,57be6e7a05b30e0eb10436197d65ffa6b7d3ad2b573887328433551a2d3c5c35,0,0,"Official web-reader extraction; no local PDF bytes/hash. Dashes retain source nonapplicability, not reported zero.",public/uva_web/current_core_counts.csv
2026,2023,234076,234076014,Morven Sustainability Lab,burglary,Burglary,criminal_offenses,residential,,–,source_not_applicable,157,150,L10730@P156: Burglary – 0 – 0 0 0 – 0 – 0 0 0 – 0 – 0 0 0,https://cleryact.virginia.edu/report#page=157,,tables_2.txt,57be6e7a05b30e0eb10436197d65ffa6b7d3ad2b573887328433551a2d3c5c35,0,0,"Official web-reader extraction; no local PDF bytes/hash. Dashes retain source nonapplicability, not reported zero.",public/uva_web/current_core_counts.csv
2026,2023,234076,234076014,Morven Sustainability Lab,burglary,Burglary,criminal_offenses,oncampus,0,0,reported_numeric,157,150,L10730@P156: Burglary – 0 – 0 0 0 – 0 – 0 0 0 – 0 – 0 0 0,https://cleryact.virginia.edu/report#page=157,,tables_2.txt,57be6e7a05b30e0eb10436197d65ffa6b7d3ad2b573887328433551a2d3c5c35,0,0,"Official web-reader extraction; no local PDF bytes/hash. Dashes retain source nonapplicability, not reported zero.",public/uva_web/current_core_counts.csv
2026,2023,234076,234076014,Morven Sustainability Lab,burglary,Burglary,criminal_offenses,noncampus,,–,source_not_applicable,157,150,L10730@P156: Burglary – 0 – 0 0 0 – 0 – 0 0 0 – 0 – 0 0 0,https://cleryact.virginia.edu/report#page=157,,tables_2.txt,57be6e7a05b30e0eb10436197d65ffa6b7d3ad2b573887328433551a2d3c5c35,0,0,"Official web-reader extraction; no local PDF bytes/hash. Dashes retain source nonapplicability, not reported zero.",public/uva_web/current_core_counts.csv
2026,2023,234076,234076014,Morven Sustainability Lab,burglary,Burglary,criminal_offenses,publicproperty,0,0,reported_numeric,157,150,L10730@P156: Burglary – 0 – 0 0 0 – 0 – 0 0 0 – 0 – 0 0 0,https://cleryact.virginia.edu/report#page=157,,tables_2.txt,57be6e7a05b30e0eb10436197d65ffa6b7d3ad2b573887328433551a2d3c5c35,0,0,"Official web-reader extraction; no local PDF bytes/hash. Dashes retain source nonapplicability, not reported zero.",public/uva_web/current_core_counts.csv
2026,2025,234076,234076014,Morven Sustainability Lab,motor_vehicle_theft,Motor Vehicle Theft,criminal_offenses,residential,,–,source_not_applicable,157,150,L10732@P156: Theft – 0 – 0 0 0 – 0 – 0 0 0 – 0 – 0 0 0,https://cleryact.virginia.edu/report#page=157,,tables_2.txt,57be6e7a05b30e0eb10436197d65ffa6b7d3ad2b573887328433551a2d3c5c35,0,0,"Official web-reader extraction; no local PDF bytes/hash. Dashes retain source nonapplicability, not reported zero.",public/uva_web/current_core_counts.csv
2026,2025,234076,234076014,Morven Sustainability Lab,motor_vehicle_theft,Motor Vehicle Theft,criminal_offenses,oncampus,0,0,reported_numeric,157,150,L10732@P156: Theft – 0 – 0 0 0 – 0 – 0 0 0 – 0 – 0 0 0,https://cleryact.virginia.edu/report#page=157,,tables_2.txt,57be6e7a05b30e0eb10436197d65ffa6b7d3ad2b573887328433551a2d3c5c35,0,0,"Official web-reader extraction; no local PDF bytes/hash. Dashes retain source nonapplicability, not reported zero.",public/uva_web/current_core_counts.csv
2026,2025,234076,234076014,Morven Sustainability Lab,motor_vehicle_theft,Motor Vehicle Theft,criminal_offenses,noncampus,,–,source_not_applicable,157,150,L10732@P156: Theft – 0 – 0 0 0 – 0 – 0 0 0 – 0 – 0 0 0,https://cleryact.virginia.edu/report#page=157,,tables_2.txt,57be6e7a05b30e0eb10436197d65ffa6b7d3ad2b573887328433551a2d3c5c35,0,0,"Official web-reader extraction; no local PDF bytes/hash. Dashes retain source nonapplicability, not reported zero.",public/uva_web/current_core_counts.csv
2026,2025,234076,234076014,Morven Sustainability Lab,motor_vehicle_theft,Motor Vehicle Theft,criminal_offenses,publicproperty,0,0,reported_numeric,157,150,L10732@P156: Theft – 0 – 0 0 0 – 0 – 0 0 0 – 0 – 0 0 0,https://cleryact.virginia.edu/report#page=157,,tables_2.txt,57be6e7a05b30e0eb10436197d65ffa6b7d3ad2b573887328433551a2d3c5c35,0,0,"Official web-reader extraction; no local PDF bytes/hash. Dashes retain source nonapplicability, not reported zero.",public/uva_web/current_core_counts.csv
2026,2024,234076,234076014,Morven Sustainability Lab,motor_vehicle_theft,Motor Vehicle Theft,criminal_offenses,residential,,–,source_not_applicable,157,150,L10732@P156: Theft – 0 – 0 0 0 – 0 – 0 0 0 – 0 – 0 0 0,https://cleryact.virginia.edu/report#page=157,,tables_2.txt,57be6e7a05b30e0eb10436197d65ffa6b7d3ad2b573887328433551a2d3c5c35,0,0,"Official web-reader extraction; no local PDF bytes/hash. Dashes retain source nonapplicability, not reported zero.",public/uva_web/current_core_counts.csv
2026,2024,234076,234076014,Morven Sustainability Lab,motor_vehicle_theft,Motor Vehicle Theft,criminal_offenses,oncampus,0,0,reported_numeric,157,150,L10732@P156: Theft – 0 – 0 0 0 – 0 – 0 0 0 – 0 – 0 0 0,https://cleryact.virginia.edu/report#page=157,,tables_2.txt,57be6e7a05b30e0eb10436197d65ffa6b7d3ad2b573887328433551a2d3c5c35,0,0,"Official web-reader extraction; no local PDF bytes/hash. Dashes retain source nonapplicability, not reported zero.",public/uva_web/current_core_counts.csv
2026,2024,234076,234076014,Morven Sustainability Lab,motor_vehicle_theft,Motor Vehicle Theft,criminal_offenses,noncampus,,–,source_not_applicable,157,150,L10732@P156: Theft – 0 – 0 0 0 – 0 – 0 0 0 – 0 – 0 0 0,https://cleryact.virginia.edu/report#page=157,,tables_2.txt,57be6e7a05b30e0eb10436197d65ffa6b7d3ad2b573887328433551a2d3c5c35,0,0,"Official web-reader extraction; no local PDF bytes/hash. Dashes retain source nonapplicability, not reported zero.",public/uva_web/current_core_counts.csv
2026,2024,234076,234076014,Morven Sustainability Lab,motor_vehicle_theft,Motor Vehicle Theft,criminal_offenses,publicproperty,0,0,reported_numeric,157,150,L10732@P156: Theft – 0 – 0 0 0 – 0 – 0 0 0 – 0 – 0 0 0,https://cleryact.virginia.edu/report#page=157,,tables_2.txt,57be6e7a05b30e0eb10436197d65ffa6b7d3ad2b573887328433551a2d3c5c35,0,0,"Official web-reader extraction; no local PDF bytes/hash. Dashes retain source nonapplicability, not reported zero.",public/uva_web/current_core_counts.csv
2026,2023,234076,234076014,Morven Sustainability Lab,motor_vehicle_theft,Motor Vehicle Theft,criminal_offenses,residential,,–,source_not_applicable,157,150,L10732@P156: Theft – 0 – 0 0 0 – 0 – 0 0 0 – 0 – 0 0 0,https://cleryact.virginia.edu/report#page=157,,tables_2.txt,57be6e7a05b30e0eb10436197d65ffa6b7d3ad2b573887328433551a2d3c5c35,0,0,"Official web-reader extraction; no local PDF bytes/hash. Dashes retain source nonapplicability, not reported zero.",public/uva_web/current_core_counts.csv
2026,2023,234076,234076014,Morven Sustainability Lab,motor_vehicle_theft,Motor Vehicle Theft,criminal_offenses,oncampus,0,0,reported_numeric,157,150,L10732@P156: Theft – 0 – 0 0 0 – 0 – 0 0 0 – 0 – 0 0 0,https://cleryact.virginia.edu/report#page=157,,tables_2.txt,57be6e7a05b30e0eb10436197d65ffa6b7d3ad2b573887328433551a2d3c5c35,0,0,"Official web-reader extraction; no local PDF bytes/hash. Dashes retain source nonapplicability, not reported zero.",public/uva_web/current_core_counts.csv
2026,2023,234076,234076014,Morven Sustainability Lab,motor_vehicle_theft,Motor Vehicle Theft,criminal_offenses,noncampus,,–,source_not_applicable,157,150,L10732@P156: Theft – 0 – 0 0 0 – 0 – 0 0 0 – 0 – 0 0 0,https://cleryact.virginia.edu/report#page=157,,tables_2.txt,57be6e7a05b30e0eb10436197d65ffa6b7d3ad2b573887328433551a2d3c5c35,0,0,"Official web-reader extraction; no local PDF bytes/hash. Dashes retain source nonapplicability, not reported zero.",public/uva_web/current_core_counts.csv
2026,2023,234076,234076014,Morven Sustainability Lab,motor_vehicle_theft,Motor Vehicle Theft,criminal_offenses,publicproperty,0,0,reported_numeric,157,150,L10732@P156: Theft – 0 – 0 0 0 – 0 – 0 0 0 – 0 – 0 0 0,https://cleryact.virginia.edu/report#page=157,,tables_2.txt,57be6e7a05b30e0eb10436197d65ffa6b7d3ad2b573887328433551a2d3c5c35,0,0,"Official web-reader extraction; no local PDF bytes/hash. Dashes retain source nonapplicability, not reported zero.",public/uva_web/current_core_counts.csv
2026,2025,234076,234076014,Morven Sustainability Lab,arson,Arson,criminal_offenses,residential,,–,source_not_applicable,157,150,L10733@P156: Arson – 0 – 0 0 0 – 0 – 0 0 0 – 0 – 0 0 0,https://cleryact.virginia.edu/report#page=157,,tables_2.txt,57be6e7a05b30e0eb10436197d65ffa6b7d3ad2b573887328433551a2d3c5c35,0,0,"Official web-reader extraction; no local PDF bytes/hash. Dashes retain source nonapplicability, not reported zero.",public/uva_web/current_core_counts.csv
2026,2025,234076,234076014,Morven Sustainability Lab,arson,Arson,criminal_offenses,oncampus,0,0,reported_numeric,157,150,L10733@P156: Arson – 0 – 0 0 0 – 0 – 0 0 0 – 0 – 0 0 0,https://cleryact.virginia.edu/report#page=157,,tables_2.txt,57be6e7a05b30e0eb10436197d65ffa6b7d3ad2b573887328433551a2d3c5c35,0,0,"Official web-reader extraction; no local PDF bytes/hash. Dashes retain source nonapplicability, not reported zero.",public/uva_web/current_core_counts.csv
2026,2025,234076,234076014,Morven Sustainability Lab,arson,Arson,criminal_offenses,noncampus,,–,source_not_applicable,157,150,L10733@P156: Arson – 0 – 0 0 0 – 0 – 0 0 0 – 0 – 0 0 0,https://cleryact.virginia.edu/report#page=157,,tables_2.txt,57be6e7a05b30e0eb10436197d65ffa6b7d3ad2b573887328433551a2d3c5c35,0,0,"Official web-reader extraction; no local PDF bytes/hash. Dashes retain source nonapplicability, not reported zero.",public/uva_web/current_core_counts.csv
2026,2025,234076,234076014,Morven Sustainability Lab,arson,Arson,criminal_offenses,publicproperty,0,0,reported_numeric,157,150,L10733@P156: Arson – 0 – 0 0 0 – 0 – 0 0 0 – 0 – 0 0 0,https://cleryact.virginia.edu/report#page=157,,tables_2.txt,57be6e7a05b30e0eb10436197d65ffa6b7d3ad2b573887328433551a2d3c5c35,0,0,"Official web-reader extraction; no local PDF bytes/hash. Dashes retain source nonapplicability, not reported zero.",public/uva_web/current_core_counts.csv
2026,2024,234076,234076014,Morven Sustainability Lab,arson,Arson,criminal_offenses,residential,,–,source_not_applicable,157,150,L10733@P156: Arson – 0 – 0 0 0 – 0 – 0 0 0 – 0 – 0 0 0,https://cleryact.virginia.edu/report#page=157,,tables_2.txt,57be6e7a05b30e0eb10436197d65ffa6b7d3ad2b573887328433551a2d3c5c35,0,0,"Official web-reader extraction; no local PDF bytes/hash. Dashes retain source nonapplicability, not reported zero.",public/uva_web/current_core_counts.csv
2026,2024,234076,234076014,Morven Sustainability Lab,arson,Arson,criminal_offenses,oncampus,0,0,reported_numeric,157,150,L10733@P156: Arson – 0 – 0 0 0 – 0 – 0 0 0 – 0 – 0 0 0,https://cleryact.virginia.edu/report#page=157,,tables_2.txt,57be6e7a05b30e0eb10436197d65ffa6b7d3ad2b573887328433551a2d3c5c35,0,0,"Official web-reader extraction; no local PDF bytes/hash. Dashes retain source nonapplicability, not reported zero.",public/uva_web/current_core_counts.csv
2026,2024,234076,234076014,Morven Sustainability Lab,arson,Arson,criminal_offenses,noncampus,,–,source_not_applicable,157,150,L10733@P156: Arson – 0 – 0 0 0 – 0 – 0 0 0 – 0 – 0 0 0,https://cleryact.virginia.edu/report#page=157,,tables_2.txt,57be6e7a05b30e0eb10436197d65ffa6b7d3ad2b573887328433551a2d3c5c35,0,0,"Official web-reader extraction; no local PDF bytes/hash. Dashes retain source nonapplicability, not reported zero.",public/uva_web/current_core_counts.csv
2026,2024,234076,234076014,Morven Sustainability Lab,arson,Arson,criminal_offenses,publicproperty,0,0,reported_numeric,157,150,L10733@P156: Arson – 0 – 0 0 0 – 0 – 0 0 0 – 0 – 0 0 0,https://cleryact.virginia.edu/report#page=157,,tables_2.txt,57be6e7a05b30e0eb10436197d65ffa6b7d3ad2b573887328433551a2d3c5c35,0,0,"Official web-reader extraction; no local PDF bytes/hash. Dashes retain source nonapplicability, not reported zero.",public/uva_web/current_core_counts.csv
2026,2023,234076,234076014,Morven Sustainability Lab,arson,Arson,criminal_offenses,residential,,–,source_not_applicable,157,150,L10733@P156: Arson – 0 – 0 0 0 – 0 – 0 0 0 – 0 – 0 0 0,https://cleryact.virginia.edu/report#page=157,,tables_2.txt,57be6e7a05b30e0eb10436197d65ffa6b7d3ad2b573887328433551a2d3c5c35,0,0,"Official web-reader extraction; no local PDF bytes/hash. Dashes retain source nonapplicability, not reported zero.",public/uva_web/current_core_counts.csv
2026,2023,234076,234076014,Morven Sustainability Lab,arson,Arson,criminal_offenses,oncampus,0,0,reported_numeric,157,150,L10733@P156: Arson – 0 – 0 0 0 – 0 – 0 0 0 – 0 – 0 0 0,https://cleryact.virginia.edu/report#page=157,,tables_2.txt,57be6e7a05b30e0eb10436197d65ffa6b7d3ad2b573887328433551a2d3c5c35,0,0,"Official web-reader extraction; no local PDF bytes/hash. Dashes retain source nonapplicability, not reported zero.",public/uva_web/current_core_counts.csv
2026,2023,234076,234076014,Morven Sustainability Lab,arson,Arson,criminal_offenses,noncampus,,–,source_not_applicable,157,150,L10733@P156: Arson – 0 – 0 0 0 – 0 – 0 0 0 – 0 – 0 0 0,https://cleryact.virginia.edu/report#page=157,,tables_2.txt,57be6e7a05b30e0eb10436197d65ffa6b7d3ad2b573887328433551a2d3c5c35,0,0,"Official web-reader extraction; no local PDF bytes/hash. Dashes retain source nonapplicability, not reported zero.",public/uva_web/current_core_counts.csv
2026,2023,234076,234076014,Morven Sustainability Lab,arson,Arson,criminal_offenses,publicproperty,0,0,reported_numeric,157,150,L10733@P156: Arson – 0 – 0 0 0 – 0 – 0 0 0 – 0 – 0 0 0,https://cleryact.virginia.edu/report#page=157,,tables_2.txt,57be6e7a05b30e0eb10436197d65ffa6b7d3ad2b573887328433551a2d3c5c35,0,0,"Official web-reader extraction; no local PDF bytes/hash. Dashes retain source nonapplicability, not reported zero.",public/uva_web/current_core_counts.csv
2026,2025,234076,234076014,Morven Sustainability Lab,dating_violence,Dating Violence,vawa,residential,,–,source_not_applicable,157,150,L10735@P156: Dating Violence – 0 – 0 0 0 – 0 – 0 0 0 – 0 – 0 0 0,https://cleryact.virginia.edu/report#page=157,,tables_2.txt,57be6e7a05b30e0eb10436197d65ffa6b7d3ad2b573887328433551a2d3c5c35,0,0,"Official web-reader extraction; no local PDF bytes/hash. Dashes retain source nonapplicability, not reported zero.",public/uva_web/current_core_counts.csv
2026,2025,234076,234076014,Morven Sustainability Lab,dating_violence,Dating Violence,vawa,oncampus,0,0,reported_numeric,157,150,L10735@P156: Dating Violence – 0 – 0 0 0 – 0 – 0 0 0 – 0 – 0 0 0,https://cleryact.virginia.edu/report#page=157,,tables_2.txt,57be6e7a05b30e0eb10436197d65ffa6b7d3ad2b573887328433551a2d3c5c35,0,0,"Official web-reader extraction; no local PDF bytes/hash. Dashes retain source nonapplicability, not reported zero.",public/uva_web/current_core_counts.csv
2026,2025,234076,234076014,Morven Sustainability Lab,dating_violence,Dating Violence,vawa,noncampus,,–,source_not_applicable,157,150,L10735@P156: Dating Violence – 0 – 0 0 0 – 0 – 0 0 0 – 0 – 0 0 0,https://cleryact.virginia.edu/report#page=157,,tables_2.txt,57be6e7a05b30e0eb10436197d65ffa6b7d3ad2b573887328433551a2d3c5c35,0,0,"Official web-reader extraction; no local PDF bytes/hash. Dashes retain source nonapplicability, not reported zero.",public/uva_web/current_core_counts.csv
2026,2025,234076,234076014,Morven Sustainability Lab,dating_violence,Dating Violence,vawa,publicproperty,0,0,reported_numeric,157,150,L10735@P156: Dating Violence – 0 – 0 0 0 – 0 – 0 0 0 – 0 – 0 0 0,https://cleryact.virginia.edu/report#page=157,,tables_2.txt,57be6e7a05b30e0eb10436197d65ffa6b7d3ad2b573887328433551a2d3c5c35,0,0,"Official web-reader extraction; no local PDF bytes/hash. Dashes retain source nonapplicability, not reported zero.",public/uva_web/current_core_counts.csv
2026,2024,234076,234076014,Morven Sustainability Lab,dating_violence,Dating Violence,vawa,residential,,–,source_not_applicable,157,150,L10735@P156: Dating Violence – 0 – 0 0 0 – 0 – 0 0 0 – 0 – 0 0 0,https://cleryact.virginia.edu/report#page=157,,tables_2.txt,57be6e7a05b30e0eb10436197d65ffa6b7d3ad2b573887328433551a2d3c5c35,0,0,"Official web-reader extraction; no local PDF bytes/hash. Dashes retain source nonapplicability, not reported zero.",public/uva_web/current_core_counts.csv
2026,2024,234076,234076014,Morven Sustainability Lab,dating_violence,Dating Violence,vawa,oncampus,0,0,reported_numeric,157,150,L10735@P156: Dating Violence – 0 – 0 0 0 – 0 – 0 0 0 – 0 – 0 0 0,https://cleryact.virginia.edu/report#page=157,,tables_2.txt,57be6e7a05b30e0eb10436197d65ffa6b7d3ad2b573887328433551a2d3c5c35,0,0,"Official web-reader extraction; no local PDF bytes/hash. Dashes retain source nonapplicability, not reported zero.",public/uva_web/current_core_counts.csv
2026,2024,234076,234076014,Morven Sustainability Lab,dating_violence,Dating Violence,vawa,noncampus,,–,source_not_applicable,157,150,L10735@P156: Dating Violence – 0 – 0 0 0 – 0 – 0 0 0 – 0 – 0 0 0,https://cleryact.virginia.edu/report#page=157,,tables_2.txt,57be6e7a05b30e0eb10436197d65ffa6b7d3ad2b573887328433551a2d3c5c35,0,0,"Official web-reader extraction; no local PDF bytes/hash. Dashes retain source nonapplicability, not reported zero.",public/uva_web/current_core_counts.csv
2026,2024,234076,234076014,Morven Sustainability Lab,dating_violence,Dating Violence,vawa,publicproperty,0,0,reported_numeric,157,150,L10735@P156: Dating Violence – 0 – 0 0 0 – 0 – 0 0 0 – 0 – 0 0 0,https://cleryact.virginia.edu/report#page=157,,tables_2.txt,57be6e7a05b30e0eb10436197d65ffa6b7d3ad2b573887328433551a2d3c5c35,0,0,"Official web-reader extraction; no local PDF bytes/hash. Dashes retain source nonapplicability, not reported zero.",public/uva_web/current_core_counts.csv
2026,2023,234076,234076014,Morven Sustainability Lab,dating_violence,Dating Violence,vawa,residential,,–,source_not_applicable,157,150,L10735@P156: Dating Violence – 0 – 0 0 0 – 0 – 0 0 0 – 0 – 0 0 0,https://cleryact.virginia.edu/report#page=157,,tables_2.txt,57be6e7a05b30e0eb10436197d65ffa6b7d3ad2b573887328433551a2d3c5c35,0,0,"Official web-reader extraction; no local PDF bytes/hash. Dashes retain source nonapplicability, not reported zero.",public/uva_web/current_core_counts.csv
2026,2023,234076,234076014,Morven Sustainability Lab,dating_violence,Dating Violence,vawa,oncampus,0,0,reported_numeric,157,150,L10735@P156: Dating Violence – 0 – 0 0 0 – 0 – 0 0 0 – 0 – 0 0 0,https://cleryact.virginia.edu/report#page=157,,tables_2.txt,57be6e7a05b30e0eb10436197d65ffa6b7d3ad2b573887328433551a2d3c5c35,0,0,"Official web-reader extraction; no local PDF bytes/hash. Dashes retain source nonapplicability, not reported zero.",public/uva_web/current_core_counts.csv
2026,2023,234076,234076014,Morven Sustainability Lab,dating_violence,Dating Violence,vawa,noncampus,,–,source_not_applicable,157,150,L10735@P156: Dating Violence – 0 – 0 0 0 – 0 – 0 0 0 – 0 – 0 0 0,https://cleryact.virginia.edu/report#page=157,,tables_2.txt,57be6e7a05b30e0eb10436197d65ffa6b7d3ad2b573887328433551a2d3c5c35,0,0,"Official web-reader extraction; no local PDF bytes/hash. Dashes retain source nonapplicability, not reported zero.",public/uva_web/current_core_counts.csv
2026,2023,234076,234076014,Morven Sustainability Lab,dating_violence,Dating Violence,vawa,publicproperty,0,0,reported_numeric,157,150,L10735@P156: Dating Violence – 0 – 0 0 0 – 0 – 0 0 0 – 0 – 0 0 0,https://cleryact.virginia.edu/report#page=157,,tables_2.txt,57be6e7a05b30e0eb10436197d65ffa6b7d3ad2b573887328433551a2d3c5c35,0,0,"Official web-reader extraction; no local PDF bytes/hash. Dashes retain source nonapplicability, not reported zero.",public/uva_web/current_core_counts.csv
2026,2025,234076,234076014,Morven Sustainability Lab,domestic_violence,Domestic Violence,vawa,residential,,–,source_not_applicable,157,150,L10737@P156: Violence – 0 – 0 0 0 – 0 – 0 0 0 – 0 – 0 0 0,https://cleryact.virginia.edu/report#page=157,,tables_2.txt,57be6e7a05b30e0eb10436197d65ffa6b7d3ad2b573887328433551a2d3c5c35,0,0,"Official web-reader extraction; no local PDF bytes/hash. Dashes retain source nonapplicability, not reported zero.",public/uva_web/current_core_counts.csv
2026,2025,234076,234076014,Morven Sustainability Lab,domestic_violence,Domestic Violence,vawa,oncampus,0,0,reported_numeric,157,150,L10737@P156: Violence – 0 – 0 0 0 – 0 – 0 0 0 – 0 – 0 0 0,https://cleryact.virginia.edu/report#page=157,,tables_2.txt,57be6e7a05b30e0eb10436197d65ffa6b7d3ad2b573887328433551a2d3c5c35,0,0,"Official web-reader extraction; no local PDF bytes/hash. Dashes retain source nonapplicability, not reported zero.",public/uva_web/current_core_counts.csv
2026,2025,234076,234076014,Morven Sustainability Lab,domestic_violence,Domestic Violence,vawa,noncampus,,–,source_not_applicable,157,150,L10737@P156: Violence – 0 – 0 0 0 – 0 – 0 0 0 – 0 – 0 0 0,https://cleryact.virginia.edu/report#page=157,,tables_2.txt,57be6e7a05b30e0eb10436197d65ffa6b7d3ad2b573887328433551a2d3c5c35,0,0,"Official web-reader extraction; no local PDF bytes/hash. Dashes retain source nonapplicability, not reported zero.",public/uva_web/current_core_counts.csv
2026,2025,234076,234076014,Morven Sustainability Lab,domestic_violence,Domestic Violence,vawa,publicproperty,0,0,reported_numeric,157,150,L10737@P156: Violence – 0 – 0 0 0 – 0 – 0 0 0 – 0 – 0 0 0,https://cleryact.virginia.edu/report#page=157,,tables_2.txt,57be6e7a05b30e0eb10436197d65ffa6b7d3ad2b573887328433551a2d3c5c35,0,0,"Official web-reader extraction; no local PDF bytes/hash. Dashes retain source nonapplicability, not reported zero.",public/uva_web/current_core_counts.csv
2026,2024,234076,234076014,Morven Sustainability Lab,domestic_violence,Domestic Violence,vawa,residential,,–,source_not_applicable,157,150,L10737@P156: Violence – 0 – 0 0 0 – 0 – 0 0 0 – 0 – 0 0 0,https://cleryact.virginia.edu/report#page=157,,tables_2.txt,57be6e7a05b30e0eb10436197d65ffa6b7d3ad2b573887328433551a2d3c5c35,0,0,"Official web-reader extraction; no local PDF bytes/hash. Dashes retain source nonapplicability, not reported zero.",public/uva_web/current_core_counts.csv
2026,2024,234076,234076014,Morven Sustainability Lab,domestic_violence,Domestic Violence,vawa,oncampus,0,0,reported_numeric,157,150,L10737@P156: Violence – 0 – 0 0 0 – 0 – 0 0 0 – 0 – 0 0 0,https://cleryact.virginia.edu/report#page=157,,tables_2.txt,57be6e7a05b30e0eb10436197d65ffa6b7d3ad2b573887328433551a2d3c5c35,0,0,"Official web-reader extraction; no local PDF bytes/hash. Dashes retain source nonapplicability, not reported zero.",public/uva_web/current_core_counts.csv
2026,2024,234076,234076014,Morven Sustainability Lab,domestic_violence,Domestic Violence,vawa,noncampus,,–,source_not_applicable,157,150,L10737@P156: Violence – 0 – 0 0 0 – 0 – 0 0 0 – 0 – 0 0 0,https://cleryact.virginia.edu/report#page=157,,tables_2.txt,57be6e7a05b30e0eb10436197d65ffa6b7d3ad2b573887328433551a2d3c5c35,0,0,"Official web-reader extraction; no local PDF bytes/hash. Dashes retain source nonapplicability, not reported zero.",public/uva_web/current_core_counts.csv
2026,2024,234076,234076014,Morven Sustainability Lab,domestic_violence,Domestic Violence,vawa,publicproperty,0,0,reported_numeric,157,150,L10737@P156: Violence – 0 – 0 0 0 – 0 – 0 0 0 – 0 – 0 0 0,https://cleryact.virginia.edu/report#page=157,,tables_2.txt,57be6e7a05b30e0eb10436197d65ffa6b7d3ad2b573887328433551a2d3c5c35,0,0,"Official web-reader extraction; no local PDF bytes/hash. Dashes retain source nonapplicability, not reported zero.",public/uva_web/current_core_counts.csv
2026,2023,234076,234076014,Morven Sustainability Lab,domestic_violence,Domestic Violence,vawa,residential,,–,source_not_applicable,157,150,L10737@P156: Violence – 0 – 0 0 0 – 0 – 0 0 0 – 0 – 0 0 0,https://cleryact.virginia.edu/report#page=157,,tables_2.txt,57be6e7a05b30e0eb10436197d65ffa6b7d3ad2b573887328433551a2d3c5c35,0,0,"Official web-reader extraction; no local PDF bytes/hash. Dashes retain source nonapplicability, not reported zero.",public/uva_web/current_core_counts.csv
2026,2023,234076,234076014,Morven Sustainability Lab,domestic_violence,Domestic Violence,vawa,oncampus,0,0,reported_numeric,157,150,L10737@P156: Violence – 0 – 0 0 0 – 0 – 0 0 0 – 0 – 0 0 0,https://cleryact.virginia.edu/report#page=157,,tables_2.txt,57be6e7a05b30e0eb10436197d65ffa6b7d3ad2b573887328433551a2d3c5c35,0,0,"Official web-reader extraction; no local PDF bytes/hash. Dashes retain source nonapplicability, not reported zero.",public/uva_web/current_core_counts.csv
2026,2023,234076,234076014,Morven Sustainability Lab,domestic_violence,Domestic Violence,vawa,noncampus,,–,source_not_applicable,157,150,L10737@P156: Violence – 0 – 0 0 0 – 0 – 0 0 0 – 0 – 0 0 0,https://cleryact.virginia.edu/report#page=157,,tables_2.txt,57be6e7a05b30e0eb10436197d65ffa6b7d3ad2b573887328433551a2d3c5c35,0,0,"Official web-reader extraction; no local PDF bytes/hash. Dashes retain source nonapplicability, not reported zero.",public/uva_web/current_core_counts.csv
2026,2023,234076,234076014,Morven Sustainability Lab,domestic_violence,Domestic Violence,vawa,publicproperty,0,0,reported_numeric,157,150,L10737@P156: Violence – 0 – 0 0 0 – 0 – 0 0 0 – 0 – 0 0 0,https://cleryact.virginia.edu/report#page=157,,tables_2.txt,57be6e7a05b30e0eb10436197d65ffa6b7d3ad2b573887328433551a2d3c5c35,0,0,"Official web-reader extraction; no local PDF bytes/hash. Dashes retain source nonapplicability, not reported zero.",public/uva_web/current_core_counts.csv
2026,2025,234076,234076014,Morven Sustainability Lab,stalking,Stalking,vawa,residential,,–,source_not_applicable,157,150,L10738@P156: Stalking – 0 – 0 0 0 – 0 – 0 0 0 – 0 – 0 0 0,https://cleryact.virginia.edu/report#page=157,,tables_2.txt,57be6e7a05b30e0eb10436197d65ffa6b7d3ad2b573887328433551a2d3c5c35,0,0,"Official web-reader extraction; no local PDF bytes/hash. Dashes retain source nonapplicability, not reported zero.",public/uva_web/current_core_counts.csv
2026,2025,234076,234076014,Morven Sustainability Lab,stalking,Stalking,vawa,oncampus,0,0,reported_numeric,157,150,L10738@P156: Stalking – 0 – 0 0 0 – 0 – 0 0 0 – 0 – 0 0 0,https://cleryact.virginia.edu/report#page=157,,tables_2.txt,57be6e7a05b30e0eb10436197d65ffa6b7d3ad2b573887328433551a2d3c5c35,0,0,"Official web-reader extraction; no local PDF bytes/hash. Dashes retain source nonapplicability, not reported zero.",public/uva_web/current_core_counts.csv
2026,2025,234076,234076014,Morven Sustainability Lab,stalking,Stalking,vawa,noncampus,,–,source_not_applicable,157,150,L10738@P156: Stalking – 0 – 0 0 0 – 0 – 0 0 0 – 0 – 0 0 0,https://cleryact.virginia.edu/report#page=157,,tables_2.txt,57be6e7a05b30e0eb10436197d65ffa6b7d3ad2b573887328433551a2d3c5c35,0,0,"Official web-reader extraction; no local PDF bytes/hash. Dashes retain source nonapplicability, not reported zero.",public/uva_web/current_core_counts.csv
2026,2025,234076,234076014,Morven Sustainability Lab,stalking,Stalking,vawa,publicproperty,0,0,reported_numeric,157,150,L10738@P156: Stalking – 0 – 0 0 0 – 0 – 0 0 0 – 0 – 0 0 0,https://cleryact.virginia.edu/report#page=157,,tables_2.txt,57be6e7a05b30e0eb10436197d65ffa6b7d3ad2b573887328433551a2d3c5c35,0,0,"Official web-reader extraction; no local PDF bytes/hash. Dashes retain source nonapplicability, not reported zero.",public/uva_web/current_core_counts.csv
2026,2024,234076,234076014,Morven Sustainability Lab,stalking,Stalking,vawa,residential,,–,source_not_applicable,157,150,L10738@P156: Stalking – 0 – 0 0 0 – 0 – 0 0 0 – 0 – 0 0 0,https://cleryact.virginia.edu/report#page=157,,tables_2.txt,57be6e7a05b30e0eb10436197d65ffa6b7d3ad2b573887328433551a2d3c5c35,0,0,"Official web-reader extraction; no local PDF bytes/hash. Dashes retain source nonapplicability, not reported zero.",public/uva_web/current_core_counts.csv
2026,2024,234076,234076014,Morven Sustainability Lab,stalking,Stalking,vawa,oncampus,0,0,reported_numeric,157,150,L10738@P156: Stalking – 0 – 0 0 0 – 0 – 0 0 0 – 0 – 0 0 0,https://cleryact.virginia.edu/report#page=157,,tables_2.txt,57be6e7a05b30e0eb10436197d65ffa6b7d3ad2b573887328433551a2d3c5c35,0,0,"Official web-reader extraction; no local PDF bytes/hash. Dashes retain source nonapplicability, not reported zero.",public/uva_web/current_core_counts.csv
2026,2024,234076,234076014,Morven Sustainability Lab,stalking,Stalking,vawa,noncampus,,–,source_not_applicable,157,150,L10738@P156: Stalking – 0 – 0 0 0 – 0 – 0 0 0 – 0 – 0 0 0,https://cleryact.virginia.edu/report#page=157,,tables_2.txt,57be6e7a05b30e0eb10436197d65ffa6b7d3ad2b573887328433551a2d3c5c35,0,0,"Official web-reader extraction; no local PDF bytes/hash. Dashes retain source nonapplicability, not reported zero.",public/uva_web/current_core_counts.csv
2026,2024,234076,234076014,Morven Sustainability Lab,stalking,Stalking,vawa,publicproperty,0,0,reported_numeric,157,150,L10738@P156: Stalking – 0 – 0 0 0 – 0 – 0 0 0 – 0 – 0 0 0,https://cleryact.virginia.edu/report#page=157,,tables_2.txt,57be6e7a05b30e0eb10436197d65ffa6b7d3ad2b573887328433551a2d3c5c35,0,0,"Official web-reader extraction; no local PDF bytes/hash. Dashes retain source nonapplicability, not reported zero.",public/uva_web/current_core_counts.csv
2026,2023,234076,234076014,Morven Sustainability Lab,stalking,Stalking,vawa,residential,,–,source_not_applicable,157,150,L10738@P156: Stalking – 0 – 0 0 0 – 0 – 0 0 0 – 0 – 0 0 0,https://cleryact.virginia.edu/report#page=157,,tables_2.txt,57be6e7a05b30e0eb10436197d65ffa6b7d3ad2b573887328433551a2d3c5c35,0,0,"Official web-reader extraction; no local PDF bytes/hash. Dashes retain source nonapplicability, not reported zero.",public/uva_web/current_core_counts.csv
2026,2023,234076,234076014,Morven Sustainability Lab,stalking,Stalking,vawa,oncampus,0,0,reported_numeric,157,150,L10738@P156: Stalking – 0 – 0 0 0 – 0 – 0 0 0 – 0 – 0 0 0,https://cleryact.virginia.edu/report#page=157,,tables_2.txt,57be6e7a05b30e0eb10436197d65ffa6b7d3ad2b573887328433551a2d3c5c35,0,0,"Official web-reader extraction; no local PDF bytes/hash. Dashes retain source nonapplicability, not reported zero.",public/uva_web/current_core_counts.csv
2026,2023,234076,234076014,Morven Sustainability Lab,stalking,Stalking,vawa,noncampus,,–,source_not_applicable,157,150,L10738@P156: Stalking – 0 – 0 0 0 – 0 – 0 0 0 – 0 – 0 0 0,https://cleryact.virginia.edu/report#page=157,,tables_2.txt,57be6e7a05b30e0eb10436197d65ffa6b7d3ad2b573887328433551a2d3c5c35,0,0,"Official web-reader extraction; no local PDF bytes/hash. Dashes retain source nonapplicability, not reported zero.",public/uva_web/current_core_counts.csv
2026,2023,234076,234076014,Morven Sustainability Lab,stalking,Stalking,vawa,publicproperty,0,0,reported_numeric,157,150,L10738@P156: Stalking – 0 – 0 0 0 – 0 – 0 0 0 – 0 – 0 0 0,https://cleryact.virginia.edu/report#page=157,,tables_2.txt,57be6e7a05b30e0eb10436197d65ffa6b7d3ad2b573887328433551a2d3c5c35,0,0,"Official web-reader extraction; no local PDF bytes/hash. Dashes retain source nonapplicability, not reported zero.",public/uva_web/current_core_counts.csv
2025,2023,186131,186131001,Main Campus,aggravated_assault,Aggravated assault,criminal_offenses,noncampus,0,0,reported_numeric,50,48,visible rendered table; stale hidden layer excluded,https://publicsafety.princeton.edu/sites/g/files/toruqf2581/files/documents/Security%26FireSafety_Report_2025_V5.pdf#page=50,ccbe00f7856bb20e98e1b47573fc16eacd8d029fc3d377bf2eb38c92f77f7094,,,,,,private/current_2025_core_counts.csv
2025,2023,186131,186131001,Main Campus,aggravated_assault,Aggravated assault,criminal_offenses,oncampus,1,1,reported_numeric,50,48,visible rendered table; stale hidden layer excluded,https://publicsafety.princeton.edu/sites/g/files/toruqf2581/files/documents/Security%26FireSafety_Report_2025_V5.pdf#page=50,ccbe00f7856bb20e98e1b47573fc16eacd8d029fc3d377bf2eb38c92f77f7094,,,,,,private/current_2025_core_counts.csv
2025,2023,186131,186131001,Main Campus,aggravated_assault,Aggravated assault,criminal_offenses,publicproperty,0,0,reported_numeric,50,48,visible rendered table; stale hidden layer excluded,https://publicsafety.princeton.edu/sites/g/files/toruqf2581/files/documents/Security%26FireSafety_Report_2025_V5.pdf#page=50,ccbe00f7856bb20e98e1b47573fc16eacd8d029fc3d377bf2eb38c92f77f7094,,,,,,private/current_2025_core_counts.csv
2025,2023,186131,186131001,Main Campus,aggravated_assault,Aggravated assault,criminal_offenses,residential,1,1,reported_numeric,50,48,visible rendered table; stale hidden layer excluded,https://publicsafety.princeton.edu/sites/g/files/toruqf2581/files/documents/Security%26FireSafety_Report_2025_V5.pdf#page=50,ccbe00f7856bb20e98e1b47573fc16eacd8d029fc3d377bf2eb38c92f77f7094,,,,,,private/current_2025_core_counts.csv
2025,2023,186131,186131001,Main Campus,arson,Arson,criminal_offenses,noncampus,0,0,reported_numeric,50,48,visible rendered table; stale hidden layer excluded,https://publicsafety.princeton.edu/sites/g/files/toruqf2581/files/documents/Security%26FireSafety_Report_2025_V5.pdf#page=50,ccbe00f7856bb20e98e1b47573fc16eacd8d029fc3d377bf2eb38c92f77f7094,,,,,,private/current_2025_core_counts.csv
2025,2023,186131,186131001,Main Campus,arson,Arson,criminal_offenses,oncampus,0,0,reported_numeric,50,48,visible rendered table; stale hidden layer excluded,https://publicsafety.princeton.edu/sites/g/files/toruqf2581/files/documents/Security%26FireSafety_Report_2025_V5.pdf#page=50,ccbe00f7856bb20e98e1b47573fc16eacd8d029fc3d377bf2eb38c92f77f7094,,,,,,private/current_2025_core_counts.csv
2025,2023,186131,186131001,Main Campus,arson,Arson,criminal_offenses,publicproperty,0,0,reported_numeric,50,48,visible rendered table; stale hidden layer excluded,https://publicsafety.princeton.edu/sites/g/files/toruqf2581/files/documents/Security%26FireSafety_Report_2025_V5.pdf#page=50,ccbe00f7856bb20e98e1b47573fc16eacd8d029fc3d377bf2eb38c92f77f7094,,,,,,private/current_2025_core_counts.csv
2025,2023,186131,186131001,Main Campus,arson,Arson,criminal_offenses,residential,0,0,reported_numeric,50,48,visible rendered table; stale hidden layer excluded,https://publicsafety.princeton.edu/sites/g/files/toruqf2581/files/documents/Security%26FireSafety_Report_2025_V5.pdf#page=50,ccbe00f7856bb20e98e1b47573fc16eacd8d029fc3d377bf2eb38c92f77f7094,,,,,,private/current_2025_core_counts.csv
2025,2023,186131,186131001,Main Campus,burglary,Burglary,criminal_offenses,noncampus,2,2,reported_numeric,50,48,visible rendered table; stale hidden layer excluded,https://publicsafety.princeton.edu/sites/g/files/toruqf2581/files/documents/Security%26FireSafety_Report_2025_V5.pdf#page=50,ccbe00f7856bb20e98e1b47573fc16eacd8d029fc3d377bf2eb38c92f77f7094,,,,,,private/current_2025_core_counts.csv
2025,2023,186131,186131001,Main Campus,burglary,Burglary,criminal_offenses,oncampus,8,8,reported_numeric,50,48,visible rendered table; stale hidden layer excluded,https://publicsafety.princeton.edu/sites/g/files/toruqf2581/files/documents/Security%26FireSafety_Report_2025_V5.pdf#page=50,ccbe00f7856bb20e98e1b47573fc16eacd8d029fc3d377bf2eb38c92f77f7094,,,,,,private/current_2025_core_counts.csv
2025,2023,186131,186131001,Main Campus,burglary,Burglary,criminal_offenses,publicproperty,0,0,reported_numeric,50,48,visible rendered table; stale hidden layer excluded,https://publicsafety.princeton.edu/sites/g/files/toruqf2581/files/documents/Security%26FireSafety_Report_2025_V5.pdf#page=50,ccbe00f7856bb20e98e1b47573fc16eacd8d029fc3d377bf2eb38c92f77f7094,,,,,,private/current_2025_core_counts.csv
2025,2023,186131,186131001,Main Campus,burglary,Burglary,criminal_offenses,residential,4,4,reported_numeric,50,48,visible rendered table; stale hidden layer excluded,https://publicsafety.princeton.edu/sites/g/files/toruqf2581/files/documents/Security%26FireSafety_Report_2025_V5.pdf#page=50,ccbe00f7856bb20e98e1b47573fc16eacd8d029fc3d377bf2eb38c92f77f7094,,,,,,private/current_2025_core_counts.csv
2025,2023,186131,186131001,Main Campus,dating_violence,Dating violence (VAWA),vawa,noncampus,0,0,reported_numeric,52,50,visible rendered table; stale hidden layer excluded,https://publicsafety.princeton.edu/sites/g/files/toruqf2581/files/documents/Security%26FireSafety_Report_2025_V5.pdf#page=52,ccbe00f7856bb20e98e1b47573fc16eacd8d029fc3d377bf2eb38c92f77f7094,,,,,,private/current_2025_core_counts.csv
2025,2023,186131,186131001,Main Campus,dating_violence,Dating violence (VAWA),vawa,oncampus,0,0,reported_numeric,52,50,visible rendered table; stale hidden layer excluded,https://publicsafety.princeton.edu/sites/g/files/toruqf2581/files/documents/Security%26FireSafety_Report_2025_V5.pdf#page=52,ccbe00f7856bb20e98e1b47573fc16eacd8d029fc3d377bf2eb38c92f77f7094,,,,,,private/current_2025_core_counts.csv
2025,2023,186131,186131001,Main Campus,dating_violence,Dating violence (VAWA),vawa,publicproperty,0,0,reported_numeric,52,50,visible rendered table; stale hidden layer excluded,https://publicsafety.princeton.edu/sites/g/files/toruqf2581/files/documents/Security%26FireSafety_Report_2025_V5.pdf#page=52,ccbe00f7856bb20e98e1b47573fc16eacd8d029fc3d377bf2eb38c92f77f7094,,,,,,private/current_2025_core_counts.csv
2025,2023,186131,186131001,Main Campus,dating_violence,Dating violence (VAWA),vawa,residential,0,0,reported_numeric,52,50,visible rendered table; stale hidden layer excluded,https://publicsafety.princeton.edu/sites/g/files/toruqf2581/files/documents/Security%26FireSafety_Report_2025_V5.pdf#page=52,ccbe00f7856bb20e98e1b47573fc16eacd8d029fc3d377bf2eb38c92f77f7094,,,,,,private/current_2025_core_counts.csv
2025,2023,186131,186131001,Main Campus,domestic_violence,Domestic violence (VAWA),vawa,noncampus,0,0,reported_numeric,52,50,visible rendered table; stale hidden layer excluded,https://publicsafety.princeton.edu/sites/g/files/toruqf2581/files/documents/Security%26FireSafety_Report_2025_V5.pdf#page=52,ccbe00f7856bb20e98e1b47573fc16eacd8d029fc3d377bf2eb38c92f77f7094,,,,,,private/current_2025_core_counts.csv
2025,2023,186131,186131001,Main Campus,domestic_violence,Domestic violence (VAWA),vawa,oncampus,4,4,reported_numeric,52,50,visible rendered table; stale hidden layer excluded,https://publicsafety.princeton.edu/sites/g/files/toruqf2581/files/documents/Security%26FireSafety_Report_2025_V5.pdf#page=52,ccbe00f7856bb20e98e1b47573fc16eacd8d029fc3d377bf2eb38c92f77f7094,,,,,,private/current_2025_core_counts.csv
2025,2023,186131,186131001,Main Campus,domestic_violence,Domestic violence (VAWA),vawa,publicproperty,0,0,reported_numeric,52,50,visible rendered table; stale hidden layer excluded,https://publicsafety.princeton.edu/sites/g/files/toruqf2581/files/documents/Security%26FireSafety_Report_2025_V5.pdf#page=52,ccbe00f7856bb20e98e1b47573fc16eacd8d029fc3d377bf2eb38c92f77f7094,,,,,,private/current_2025_core_counts.csv
2025,2023,186131,186131001,Main Campus,domestic_violence,Domestic violence (VAWA),vawa,residential,3,3,reported_numeric,52,50,visible rendered table; stale hidden layer excluded,https://publicsafety.princeton.edu/sites/g/files/toruqf2581/files/documents/Security%26FireSafety_Report_2025_V5.pdf#page=52,ccbe00f7856bb20e98e1b47573fc16eacd8d029fc3d377bf2eb38c92f77f7094,,,,,,private/current_2025_core_counts.csv
2025,2023,186131,186131001,Main Campus,fondling,Fondling,criminal_offenses,noncampus,1,1,reported_numeric,50,48,visible rendered table; stale hidden layer excluded,https://publicsafety.princeton.edu/sites/g/files/toruqf2581/files/documents/Security%26FireSafety_Report_2025_V5.pdf#page=50,ccbe00f7856bb20e98e1b47573fc16eacd8d029fc3d377bf2eb38c92f77f7094,,,,,,private/current_2025_core_counts.csv
2025,2023,186131,186131001,Main Campus,fondling,Fondling,criminal_offenses,oncampus,0,0,reported_numeric,50,48,visible rendered table; stale hidden layer excluded,https://publicsafety.princeton.edu/sites/g/files/toruqf2581/files/documents/Security%26FireSafety_Report_2025_V5.pdf#page=50,ccbe00f7856bb20e98e1b47573fc16eacd8d029fc3d377bf2eb38c92f77f7094,,,,,,private/current_2025_core_counts.csv
2025,2023,186131,186131001,Main Campus,fondling,Fondling,criminal_offenses,publicproperty,0,0,reported_numeric,50,48,visible rendered table; stale hidden layer excluded,https://publicsafety.princeton.edu/sites/g/files/toruqf2581/files/documents/Security%26FireSafety_Report_2025_V5.pdf#page=50,ccbe00f7856bb20e98e1b47573fc16eacd8d029fc3d377bf2eb38c92f77f7094,,,,,,private/current_2025_core_counts.csv
2025,2023,186131,186131001,Main Campus,fondling,Fondling,criminal_offenses,residential,0,0,reported_numeric,50,48,visible rendered table; stale hidden layer excluded,https://publicsafety.princeton.edu/sites/g/files/toruqf2581/files/documents/Security%26FireSafety_Report_2025_V5.pdf#page=50,ccbe00f7856bb20e98e1b47573fc16eacd8d029fc3d377bf2eb38c92f77f7094,,,,,,private/current_2025_core_counts.csv
2025,2023,186131,186131001,Main Campus,incest,Incest,criminal_offenses,noncampus,0,0,reported_numeric,50,48,visible rendered table; stale hidden layer excluded,https://publicsafety.princeton.edu/sites/g/files/toruqf2581/files/documents/Security%26FireSafety_Report_2025_V5.pdf#page=50,ccbe00f7856bb20e98e1b47573fc16eacd8d029fc3d377bf2eb38c92f77f7094,,,,,,private/current_2025_core_counts.csv
2025,2023,186131,186131001,Main Campus,incest,Incest,criminal_offenses,oncampus,0,0,reported_numeric,50,48,visible rendered table; stale hidden layer excluded,https://publicsafety.princeton.edu/sites/g/files/toruqf2581/files/documents/Security%26FireSafety_Report_2025_V5.pdf#page=50,ccbe00f7856bb20e98e1b47573fc16eacd8d029fc3d377bf2eb38c92f77f7094,,,,,,private/current_2025_core_counts.csv
2025,2023,186131,186131001,Main Campus,incest,Incest,criminal_offenses,publicproperty,0,0,reported_numeric,50,48,visible rendered table; stale hidden layer excluded,https://publicsafety.princeton.edu/sites/g/files/toruqf2581/files/documents/Security%26FireSafety_Report_2025_V5.pdf#page=50,ccbe00f7856bb20e98e1b47573fc16eacd8d029fc3d377bf2eb38c92f77f7094,,,,,,private/current_2025_core_counts.csv
2025,2023,186131,186131001,Main Campus,incest,Incest,criminal_offenses,residential,0,0,reported_numeric,50,48,visible rendered table; stale hidden layer excluded,https://publicsafety.princeton.edu/sites/g/files/toruqf2581/files/documents/Security%26FireSafety_Report_2025_V5.pdf#page=50,ccbe00f7856bb20e98e1b47573fc16eacd8d029fc3d377bf2eb38c92f77f7094,,,,,,private/current_2025_core_counts.csv
2025,2023,186131,186131001,Main Campus,motor_vehicle_theft,Motor vehicle theft,criminal_offenses,noncampus,0,0,reported_numeric,50,48,visible rendered table; stale hidden layer excluded,https://publicsafety.princeton.edu/sites/g/files/toruqf2581/files/documents/Security%26FireSafety_Report_2025_V5.pdf#page=50,ccbe00f7856bb20e98e1b47573fc16eacd8d029fc3d377bf2eb38c92f77f7094,,,,,,private/current_2025_core_counts.csv
2025,2023,186131,186131001,Main Campus,motor_vehicle_theft,Motor vehicle theft,criminal_offenses,oncampus,36,36,reported_numeric,50,48,visible rendered table; stale hidden layer excluded,https://publicsafety.princeton.edu/sites/g/files/toruqf2581/files/documents/Security%26FireSafety_Report_2025_V5.pdf#page=50,ccbe00f7856bb20e98e1b47573fc16eacd8d029fc3d377bf2eb38c92f77f7094,,,,,,private/current_2025_core_counts.csv
2025,2023,186131,186131001,Main Campus,motor_vehicle_theft,Motor vehicle theft,criminal_offenses,publicproperty,0,0,reported_numeric,50,48,visible rendered table; stale hidden layer excluded,https://publicsafety.princeton.edu/sites/g/files/toruqf2581/files/documents/Security%26FireSafety_Report_2025_V5.pdf#page=50,ccbe00f7856bb20e98e1b47573fc16eacd8d029fc3d377bf2eb38c92f77f7094,,,,,,private/current_2025_core_counts.csv
2025,2023,186131,186131001,Main Campus,motor_vehicle_theft,Motor vehicle theft,criminal_offenses,residential,0,0,reported_numeric,50,48,visible rendered table; stale hidden layer excluded,https://publicsafety.princeton.edu/sites/g/files/toruqf2581/files/documents/Security%26FireSafety_Report_2025_V5.pdf#page=50,ccbe00f7856bb20e98e1b47573fc16eacd8d029fc3d377bf2eb38c92f77f7094,,,,,,private/current_2025_core_counts.csv
2025,2023,186131,186131001,Main Campus,murder,Murder / nonnegligent manslaughter,criminal_offenses,noncampus,0,0,reported_numeric,50,48,visible rendered table; stale hidden layer excluded,https://publicsafety.princeton.edu/sites/g/files/toruqf2581/files/documents/Security%26FireSafety_Report_2025_V5.pdf#page=50,ccbe00f7856bb20e98e1b47573fc16eacd8d029fc3d377bf2eb38c92f77f7094,,,,,,private/current_2025_core_counts.csv
2025,2023,186131,186131001,Main Campus,murder,Murder / nonnegligent manslaughter,criminal_offenses,oncampus,0,0,reported_numeric,50,48,visible rendered table; stale hidden layer excluded,https://publicsafety.princeton.edu/sites/g/files/toruqf2581/files/documents/Security%26FireSafety_Report_2025_V5.pdf#page=50,ccbe00f7856bb20e98e1b47573fc16eacd8d029fc3d377bf2eb38c92f77f7094,,,,,,private/current_2025_core_counts.csv
2025,2023,186131,186131001,Main Campus,murder,Murder / nonnegligent manslaughter,criminal_offenses,publicproperty,0,0,reported_numeric,50,48,visible rendered table; stale hidden layer excluded,https://publicsafety.princeton.edu/sites/g/files/toruqf2581/files/documents/Security%26FireSafety_Report_2025_V5.pdf#page=50,ccbe00f7856bb20e98e1b47573fc16eacd8d029fc3d377bf2eb38c92f77f7094,,,,,,private/current_2025_core_counts.csv
2025,2023,186131,186131001,Main Campus,murder,Murder / nonnegligent manslaughter,criminal_offenses,residential,0,0,reported_numeric,50,48,visible rendered table; stale hidden layer excluded,https://publicsafety.princeton.edu/sites/g/files/toruqf2581/files/documents/Security%26FireSafety_Report_2025_V5.pdf#page=50,ccbe00f7856bb20e98e1b47573fc16eacd8d029fc3d377bf2eb38c92f77f7094,,,,,,private/current_2025_core_counts.csv
2025,2023,186131,186131001,Main Campus,negligent_manslaughter,Negligent manslaughter,criminal_offenses,noncampus,0,0,reported_numeric,50,48,visible rendered table; stale hidden layer excluded,https://publicsafety.princeton.edu/sites/g/files/toruqf2581/files/documents/Security%26FireSafety_Report_2025_V5.pdf#page=50,ccbe00f7856bb20e98e1b47573fc16eacd8d029fc3d377bf2eb38c92f77f7094,,,,,,private/current_2025_core_counts.csv
2025,2023,186131,186131001,Main Campus,negligent_manslaughter,Negligent manslaughter,criminal_offenses,oncampus,0,0,reported_numeric,50,48,visible rendered table; stale hidden layer excluded,https://publicsafety.princeton.edu/sites/g/files/toruqf2581/files/documents/Security%26FireSafety_Report_2025_V5.pdf#page=50,ccbe00f7856bb20e98e1b47573fc16eacd8d029fc3d377bf2eb38c92f77f7094,,,,,,private/current_2025_core_counts.csv
2025,2023,186131,186131001,Main Campus,negligent_manslaughter,Negligent manslaughter,criminal_offenses,publicproperty,0,0,reported_numeric,50,48,visible rendered table; stale hidden layer excluded,https://publicsafety.princeton.edu/sites/g/files/toruqf2581/files/documents/Security%26FireSafety_Report_2025_V5.pdf#page=50,ccbe00f7856bb20e98e1b47573fc16eacd8d029fc3d377bf2eb38c92f77f7094,,,,,,private/current_2025_core_counts.csv
2025,2023,186131,186131001,Main Campus,negligent_manslaughter,Negligent manslaughter,criminal_offenses,residential,0,0,reported_numeric,50,48,visible rendered table; stale hidden layer excluded,https://publicsafety.princeton.edu/sites/g/files/toruqf2581/files/documents/Security%26FireSafety_Report_2025_V5.pdf#page=50,ccbe00f7856bb20e98e1b47573fc16eacd8d029fc3d377bf2eb38c92f77f7094,,,,,,private/current_2025_core_counts.csv
2025,2023,186131,186131001,Main Campus,rape,Rape,criminal_offenses,noncampus,0,0,reported_numeric,50,48,visible rendered table; stale hidden layer excluded,https://publicsafety.princeton.edu/sites/g/files/toruqf2581/files/documents/Security%26FireSafety_Report_2025_V5.pdf#page=50,ccbe00f7856bb20e98e1b47573fc16eacd8d029fc3d377bf2eb38c92f77f7094,,,,,,private/current_2025_core_counts.csv
2025,2023,186131,186131001,Main Campus,rape,Rape,criminal_offenses,oncampus,6,6,reported_numeric,50,48,visible rendered table; stale hidden layer excluded,https://publicsafety.princeton.edu/sites/g/files/toruqf2581/files/documents/Security%26FireSafety_Report_2025_V5.pdf#page=50,ccbe00f7856bb20e98e1b47573fc16eacd8d029fc3d377bf2eb38c92f77f7094,,,,,,private/current_2025_core_counts.csv
2025,2023,186131,186131001,Main Campus,rape,Rape,criminal_offenses,publicproperty,0,0,reported_numeric,50,48,visible rendered table; stale hidden layer excluded,https://publicsafety.princeton.edu/sites/g/files/toruqf2581/files/documents/Security%26FireSafety_Report_2025_V5.pdf#page=50,ccbe00f7856bb20e98e1b47573fc16eacd8d029fc3d377bf2eb38c92f77f7094,,,,,,private/current_2025_core_counts.csv
2025,2023,186131,186131001,Main Campus,rape,Rape,criminal_offenses,residential,5,5,reported_numeric,50,48,visible rendered table; stale hidden layer excluded,https://publicsafety.princeton.edu/sites/g/files/toruqf2581/files/documents/Security%26FireSafety_Report_2025_V5.pdf#page=50,ccbe00f7856bb20e98e1b47573fc16eacd8d029fc3d377bf2eb38c92f77f7094,,,,,,private/current_2025_core_counts.csv
2025,2023,186131,186131001,Main Campus,robbery,Robbery,criminal_offenses,noncampus,0,0,reported_numeric,50,48,visible rendered table; stale hidden layer excluded,https://publicsafety.princeton.edu/sites/g/files/toruqf2581/files/documents/Security%26FireSafety_Report_2025_V5.pdf#page=50,ccbe00f7856bb20e98e1b47573fc16eacd8d029fc3d377bf2eb38c92f77f7094,,,,,,private/current_2025_core_counts.csv
2025,2023,186131,186131001,Main Campus,robbery,Robbery,criminal_offenses,oncampus,0,0,reported_numeric,50,48,visible rendered table; stale hidden layer excluded,https://publicsafety.princeton.edu/sites/g/files/toruqf2581/files/documents/Security%26FireSafety_Report_2025_V5.pdf#page=50,ccbe00f7856bb20e98e1b47573fc16eacd8d029fc3d377bf2eb38c92f77f7094,,,,,,private/current_2025_core_counts.csv
2025,2023,186131,186131001,Main Campus,robbery,Robbery,criminal_offenses,publicproperty,0,0,reported_numeric,50,48,visible rendered table; stale hidden layer excluded,https://publicsafety.princeton.edu/sites/g/files/toruqf2581/files/documents/Security%26FireSafety_Report_2025_V5.pdf#page=50,ccbe00f7856bb20e98e1b47573fc16eacd8d029fc3d377bf2eb38c92f77f7094,,,,,,private/current_2025_core_counts.csv
2025,2023,186131,186131001,Main Campus,robbery,Robbery,criminal_offenses,residential,0,0,reported_numeric,50,48,visible rendered table; stale hidden layer excluded,https://publicsafety.princeton.edu/sites/g/files/toruqf2581/files/documents/Security%26FireSafety_Report_2025_V5.pdf#page=50,ccbe00f7856bb20e98e1b47573fc16eacd8d029fc3d377bf2eb38c92f77f7094,,,,,,private/current_2025_core_counts.csv
2025,2023,186131,186131001,Main Campus,stalking,Stalking (VAWA),vawa,noncampus,0,0,reported_numeric,52,50,visible rendered table; stale hidden layer excluded,https://publicsafety.princeton.edu/sites/g/files/toruqf2581/files/documents/Security%26FireSafety_Report_2025_V5.pdf#page=52,ccbe00f7856bb20e98e1b47573fc16eacd8d029fc3d377bf2eb38c92f77f7094,,,,,,private/current_2025_core_counts.csv
2025,2023,186131,186131001,Main Campus,stalking,Stalking (VAWA),vawa,oncampus,3,3,reported_numeric,52,50,visible rendered table; stale hidden layer excluded,https://publicsafety.princeton.edu/sites/g/files/toruqf2581/files/documents/Security%26FireSafety_Report_2025_V5.pdf#page=52,ccbe00f7856bb20e98e1b47573fc16eacd8d029fc3d377bf2eb38c92f77f7094,,,,,,private/current_2025_core_counts.csv
2025,2023,186131,186131001,Main Campus,stalking,Stalking (VAWA),vawa,publicproperty,0,0,reported_numeric,52,50,visible rendered table; stale hidden layer excluded,https://publicsafety.princeton.edu/sites/g/files/toruqf2581/files/documents/Security%26FireSafety_Report_2025_V5.pdf#page=52,ccbe00f7856bb20e98e1b47573fc16eacd8d029fc3d377bf2eb38c92f77f7094,,,,,,private/current_2025_core_counts.csv
2025,2023,186131,186131001,Main Campus,stalking,Stalking (VAWA),vawa,residential,0,0,reported_numeric,52,50,visible rendered table; stale hidden layer excluded,https://publicsafety.princeton.edu/sites/g/files/toruqf2581/files/documents/Security%26FireSafety_Report_2025_V5.pdf#page=52,ccbe00f7856bb20e98e1b47573fc16eacd8d029fc3d377bf2eb38c92f77f7094,,,,,,private/current_2025_core_counts.csv
2025,2023,186131,186131001,Main Campus,statutory_rape,Statutory rape,criminal_offenses,noncampus,0,0,reported_numeric,50,48,visible rendered table; stale hidden layer excluded,https://publicsafety.princeton.edu/sites/g/files/toruqf2581/files/documents/Security%26FireSafety_Report_2025_V5.pdf#page=50,ccbe00f7856bb20e98e1b47573fc16eacd8d029fc3d377bf2eb38c92f77f7094,,,,,,private/current_2025_core_counts.csv
2025,2023,186131,186131001,Main Campus,statutory_rape,Statutory rape,criminal_offenses,oncampus,0,0,reported_numeric,50,48,visible rendered table; stale hidden layer excluded,https://publicsafety.princeton.edu/sites/g/files/toruqf2581/files/documents/Security%26FireSafety_Report_2025_V5.pdf#page=50,ccbe00f7856bb20e98e1b47573fc16eacd8d029fc3d377bf2eb38c92f77f7094,,,,,,private/current_2025_core_counts.csv
2025,2023,186131,186131001,Main Campus,statutory_rape,Statutory rape,criminal_offenses,publicproperty,0,0,reported_numeric,50,48,visible rendered table; stale hidden layer excluded,https://publicsafety.princeton.edu/sites/g/files/toruqf2581/files/documents/Security%26FireSafety_Report_2025_V5.pdf#page=50,ccbe00f7856bb20e98e1b47573fc16eacd8d029fc3d377bf2eb38c92f77f7094,,,,,,private/current_2025_core_counts.csv
2025,2023,186131,186131001,Main Campus,statutory_rape,Statutory rape,criminal_offenses,residential,0,0,reported_numeric,50,48,visible rendered table; stale hidden layer excluded,https://publicsafety.princeton.edu/sites/g/files/toruqf2581/files/documents/Security%26FireSafety_Report_2025_V5.pdf#page=50,ccbe00f7856bb20e98e1b47573fc16eacd8d029fc3d377bf2eb38c92f77f7094,,,,,,private/current_2025_core_counts.csv
2025,2024,186131,186131001,Main Campus,aggravated_assault,Aggravated assault,criminal_offenses,noncampus,1,1,reported_numeric,50,48,visible rendered table; stale hidden layer excluded,https://publicsafety.princeton.edu/sites/g/files/toruqf2581/files/documents/Security%26FireSafety_Report_2025_V5.pdf#page=50,ccbe00f7856bb20e98e1b47573fc16eacd8d029fc3d377bf2eb38c92f77f7094,,,,,,private/current_2025_core_counts.csv
2025,2024,186131,186131001,Main Campus,aggravated_assault,Aggravated assault,criminal_offenses,oncampus,2,2,reported_numeric,50,48,visible rendered table; stale hidden layer excluded,https://publicsafety.princeton.edu/sites/g/files/toruqf2581/files/documents/Security%26FireSafety_Report_2025_V5.pdf#page=50,ccbe00f7856bb20e98e1b47573fc16eacd8d029fc3d377bf2eb38c92f77f7094,,,,,,private/current_2025_core_counts.csv
2025,2024,186131,186131001,Main Campus,aggravated_assault,Aggravated assault,criminal_offenses,publicproperty,0,0,reported_numeric,50,48,visible rendered table; stale hidden layer excluded,https://publicsafety.princeton.edu/sites/g/files/toruqf2581/files/documents/Security%26FireSafety_Report_2025_V5.pdf#page=50,ccbe00f7856bb20e98e1b47573fc16eacd8d029fc3d377bf2eb38c92f77f7094,,,,,,private/current_2025_core_counts.csv
2025,2024,186131,186131001,Main Campus,aggravated_assault,Aggravated assault,criminal_offenses,residential,0,0,reported_numeric,50,48,visible rendered table; stale hidden layer excluded,https://publicsafety.princeton.edu/sites/g/files/toruqf2581/files/documents/Security%26FireSafety_Report_2025_V5.pdf#page=50,ccbe00f7856bb20e98e1b47573fc16eacd8d029fc3d377bf2eb38c92f77f7094,,,,,,private/current_2025_core_counts.csv
2025,2024,186131,186131001,Main Campus,arson,Arson,criminal_offenses,noncampus,0,0,reported_numeric,50,48,visible rendered table; stale hidden layer excluded,https://publicsafety.princeton.edu/sites/g/files/toruqf2581/files/documents/Security%26FireSafety_Report_2025_V5.pdf#page=50,ccbe00f7856bb20e98e1b47573fc16eacd8d029fc3d377bf2eb38c92f77f7094,,,,,,private/current_2025_core_counts.csv
2025,2024,186131,186131001,Main Campus,arson,Arson,criminal_offenses,oncampus,0,0,reported_numeric,50,48,visible rendered table; stale hidden layer excluded,https://publicsafety.princeton.edu/sites/g/files/toruqf2581/files/documents/Security%26FireSafety_Report_2025_V5.pdf#page=50,ccbe00f7856bb20e98e1b47573fc16eacd8d029fc3d377bf2eb38c92f77f7094,,,,,,private/current_2025_core_counts.csv
2025,2024,186131,186131001,Main Campus,arson,Arson,criminal_offenses,publicproperty,0,0,reported_numeric,50,48,visible rendered table; stale hidden layer excluded,https://publicsafety.princeton.edu/sites/g/files/toruqf2581/files/documents/Security%26FireSafety_Report_2025_V5.pdf#page=50,ccbe00f7856bb20e98e1b47573fc16eacd8d029fc3d377bf2eb38c92f77f7094,,,,,,private/current_2025_core_counts.csv
2025,2024,186131,186131001,Main Campus,arson,Arson,criminal_offenses,residential,0,0,reported_numeric,50,48,visible rendered table; stale hidden layer excluded,https://publicsafety.princeton.edu/sites/g/files/toruqf2581/files/documents/Security%26FireSafety_Report_2025_V5.pdf#page=50,ccbe00f7856bb20e98e1b47573fc16eacd8d029fc3d377bf2eb38c92f77f7094,,,,,,private/current_2025_core_counts.csv
2025,2024,186131,186131001,Main Campus,burglary,Burglary,criminal_offenses,noncampus,0,0,reported_numeric,50,48,visible rendered table; stale hidden layer excluded,https://publicsafety.princeton.edu/sites/g/files/toruqf2581/files/documents/Security%26FireSafety_Report_2025_V5.pdf#page=50,ccbe00f7856bb20e98e1b47573fc16eacd8d029fc3d377bf2eb38c92f77f7094,,,,,,private/current_2025_core_counts.csv
2025,2024,186131,186131001,Main Campus,burglary,Burglary,criminal_offenses,oncampus,4,4,reported_numeric,50,48,visible rendered table; stale hidden layer excluded,https://publicsafety.princeton.edu/sites/g/files/toruqf2581/files/documents/Security%26FireSafety_Report_2025_V5.pdf#page=50,ccbe00f7856bb20e98e1b47573fc16eacd8d029fc3d377bf2eb38c92f77f7094,,,,,,private/current_2025_core_counts.csv
2025,2024,186131,186131001,Main Campus,burglary,Burglary,criminal_offenses,publicproperty,0,0,reported_numeric,50,48,visible rendered table; stale hidden layer excluded,https://publicsafety.princeton.edu/sites/g/files/toruqf2581/files/documents/Security%26FireSafety_Report_2025_V5.pdf#page=50,ccbe00f7856bb20e98e1b47573fc16eacd8d029fc3d377bf2eb38c92f77f7094,,,,,,private/current_2025_core_counts.csv
2025,2024,186131,186131001,Main Campus,burglary,Burglary,criminal_offenses,residential,3,3,reported_numeric,50,48,visible rendered table; stale hidden layer excluded,https://publicsafety.princeton.edu/sites/g/files/toruqf2581/files/documents/Security%26FireSafety_Report_2025_V5.pdf#page=50,ccbe00f7856bb20e98e1b47573fc16eacd8d029fc3d377bf2eb38c92f77f7094,,,,,,private/current_2025_core_counts.csv
2025,2024,186131,186131001,Main Campus,dating_violence,Dating violence (VAWA),vawa,noncampus,0,0,reported_numeric,52,50,visible rendered table; stale hidden layer excluded,https://publicsafety.princeton.edu/sites/g/files/toruqf2581/files/documents/Security%26FireSafety_Report_2025_V5.pdf#page=52,ccbe00f7856bb20e98e1b47573fc16eacd8d029fc3d377bf2eb38c92f77f7094,,,,,,private/current_2025_core_counts.csv
2025,2024,186131,186131001,Main Campus,dating_violence,Dating violence (VAWA),vawa,oncampus,6,6,reported_numeric,52,50,visible rendered table; stale hidden layer excluded,https://publicsafety.princeton.edu/sites/g/files/toruqf2581/files/documents/Security%26FireSafety_Report_2025_V5.pdf#page=52,ccbe00f7856bb20e98e1b47573fc16eacd8d029fc3d377bf2eb38c92f77f7094,,,,,,private/current_2025_core_counts.csv
2025,2024,186131,186131001,Main Campus,dating_violence,Dating violence (VAWA),vawa,publicproperty,0,0,reported_numeric,52,50,visible rendered table; stale hidden layer excluded,https://publicsafety.princeton.edu/sites/g/files/toruqf2581/files/documents/Security%26FireSafety_Report_2025_V5.pdf#page=52,ccbe00f7856bb20e98e1b47573fc16eacd8d029fc3d377bf2eb38c92f77f7094,,,,,,private/current_2025_core_counts.csv
2025,2024,186131,186131001,Main Campus,dating_violence,Dating violence (VAWA),vawa,residential,4,4,reported_numeric,52,50,visible rendered table; stale hidden layer excluded,https://publicsafety.princeton.edu/sites/g/files/toruqf2581/files/documents/Security%26FireSafety_Report_2025_V5.pdf#page=52,ccbe00f7856bb20e98e1b47573fc16eacd8d029fc3d377bf2eb38c92f77f7094,,,,,,private/current_2025_core_counts.csv
2025,2024,186131,186131001,Main Campus,domestic_violence,Domestic violence (VAWA),vawa,noncampus,1,1,reported_numeric,52,50,visible rendered table; stale hidden layer excluded,https://publicsafety.princeton.edu/sites/g/files/toruqf2581/files/documents/Security%26FireSafety_Report_2025_V5.pdf#page=52,ccbe00f7856bb20e98e1b47573fc16eacd8d029fc3d377bf2eb38c92f77f7094,,,,,,private/current_2025_core_counts.csv
2025,2024,186131,186131001,Main Campus,domestic_violence,Domestic violence (VAWA),vawa,oncampus,0,0,reported_numeric,52,50,visible rendered table; stale hidden layer excluded,https://publicsafety.princeton.edu/sites/g/files/toruqf2581/files/documents/Security%26FireSafety_Report_2025_V5.pdf#page=52,ccbe00f7856bb20e98e1b47573fc16eacd8d029fc3d377bf2eb38c92f77f7094,,,,,,private/current_2025_core_counts.csv
2025,2024,186131,186131001,Main Campus,domestic_violence,Domestic violence (VAWA),vawa,publicproperty,0,0,reported_numeric,52,50,visible rendered table; stale hidden layer excluded,https://publicsafety.princeton.edu/sites/g/files/toruqf2581/files/documents/Security%26FireSafety_Report_2025_V5.pdf#page=52,ccbe00f7856bb20e98e1b47573fc16eacd8d029fc3d377bf2eb38c92f77f7094,,,,,,private/current_2025_core_counts.csv
2025,2024,186131,186131001,Main Campus,domestic_violence,Domestic violence (VAWA),vawa,residential,0,0,reported_numeric,52,50,visible rendered table; stale hidden layer excluded,https://publicsafety.princeton.edu/sites/g/files/toruqf2581/files/documents/Security%26FireSafety_Report_2025_V5.pdf#page=52,ccbe00f7856bb20e98e1b47573fc16eacd8d029fc3d377bf2eb38c92f77f7094,,,,,,private/current_2025_core_counts.csv
2025,2024,186131,186131001,Main Campus,fondling,Fondling,criminal_offenses,noncampus,4,4,reported_numeric,50,48,visible rendered table; stale hidden layer excluded,https://publicsafety.princeton.edu/sites/g/files/toruqf2581/files/documents/Security%26FireSafety_Report_2025_V5.pdf#page=50,ccbe00f7856bb20e98e1b47573fc16eacd8d029fc3d377bf2eb38c92f77f7094,,,,,,private/current_2025_core_counts.csv
2025,2024,186131,186131001,Main Campus,fondling,Fondling,criminal_offenses,oncampus,2,2,reported_numeric,50,48,visible rendered table; stale hidden layer excluded,https://publicsafety.princeton.edu/sites/g/files/toruqf2581/files/documents/Security%26FireSafety_Report_2025_V5.pdf#page=50,ccbe00f7856bb20e98e1b47573fc16eacd8d029fc3d377bf2eb38c92f77f7094,,,,,,private/current_2025_core_counts.csv
2025,2024,186131,186131001,Main Campus,fondling,Fondling,criminal_offenses,publicproperty,0,0,reported_numeric,50,48,visible rendered table; stale hidden layer excluded,https://publicsafety.princeton.edu/sites/g/files/toruqf2581/files/documents/Security%26FireSafety_Report_2025_V5.pdf#page=50,ccbe00f7856bb20e98e1b47573fc16eacd8d029fc3d377bf2eb38c92f77f7094,,,,,,private/current_2025_core_counts.csv
2025,2024,186131,186131001,Main Campus,fondling,Fondling,criminal_offenses,residential,1,1,reported_numeric,50,48,visible rendered table; stale hidden layer excluded,https://publicsafety.princeton.edu/sites/g/files/toruqf2581/files/documents/Security%26FireSafety_Report_2025_V5.pdf#page=50,ccbe00f7856bb20e98e1b47573fc16eacd8d029fc3d377bf2eb38c92f77f7094,,,,,,private/current_2025_core_counts.csv
2025,2024,186131,186131001,Main Campus,incest,Incest,criminal_offenses,noncampus,0,0,reported_numeric,50,48,visible rendered table; stale hidden layer excluded,https://publicsafety.princeton.edu/sites/g/files/toruqf2581/files/documents/Security%26FireSafety_Report_2025_V5.pdf#page=50,ccbe00f7856bb20e98e1b47573fc16eacd8d029fc3d377bf2eb38c92f77f7094,,,,,,private/current_2025_core_counts.csv
2025,2024,186131,186131001,Main Campus,incest,Incest,criminal_offenses,oncampus,0,0,reported_numeric,50,48,visible rendered table; stale hidden layer excluded,https://publicsafety.princeton.edu/sites/g/files/toruqf2581/files/documents/Security%26FireSafety_Report_2025_V5.pdf#page=50,ccbe00f7856bb20e98e1b47573fc16eacd8d029fc3d377bf2eb38c92f77f7094,,,,,,private/current_2025_core_counts.csv
2025,2024,186131,186131001,Main Campus,incest,Incest,criminal_offenses,publicproperty,0,0,reported_numeric,50,48,visible rendered table; stale hidden layer excluded,https://publicsafety.princeton.edu/sites/g/files/toruqf2581/files/documents/Security%26FireSafety_Report_2025_V5.pdf#page=50,ccbe00f7856bb20e98e1b47573fc16eacd8d029fc3d377bf2eb38c92f77f7094,,,,,,private/current_2025_core_counts.csv
2025,2024,186131,186131001,Main Campus,incest,Incest,criminal_offenses,residential,0,0,reported_numeric,50,48,visible rendered table; stale hidden layer excluded,https://publicsafety.princeton.edu/sites/g/files/toruqf2581/files/documents/Security%26FireSafety_Report_2025_V5.pdf#page=50,ccbe00f7856bb20e98e1b47573fc16eacd8d029fc3d377bf2eb38c92f77f7094,,,,,,private/current_2025_core_counts.csv
2025,2024,186131,186131001,Main Campus,motor_vehicle_theft,Motor vehicle theft,criminal_offenses,noncampus,1,1,reported_numeric,50,48,visible rendered table; stale hidden layer excluded,https://publicsafety.princeton.edu/sites/g/files/toruqf2581/files/documents/Security%26FireSafety_Report_2025_V5.pdf#page=50,ccbe00f7856bb20e98e1b47573fc16eacd8d029fc3d377bf2eb38c92f77f7094,,,,,,private/current_2025_core_counts.csv
2025,2024,186131,186131001,Main Campus,motor_vehicle_theft,Motor vehicle theft,criminal_offenses,oncampus,46,46,reported_numeric,50,48,visible rendered table; stale hidden layer excluded,https://publicsafety.princeton.edu/sites/g/files/toruqf2581/files/documents/Security%26FireSafety_Report_2025_V5.pdf#page=50,ccbe00f7856bb20e98e1b47573fc16eacd8d029fc3d377bf2eb38c92f77f7094,,,,,,private/current_2025_core_counts.csv
2025,2024,186131,186131001,Main Campus,motor_vehicle_theft,Motor vehicle theft,criminal_offenses,publicproperty,0,0,reported_numeric,50,48,visible rendered table; stale hidden layer excluded,https://publicsafety.princeton.edu/sites/g/files/toruqf2581/files/documents/Security%26FireSafety_Report_2025_V5.pdf#page=50,ccbe00f7856bb20e98e1b47573fc16eacd8d029fc3d377bf2eb38c92f77f7094,,,,,,private/current_2025_core_counts.csv
2025,2024,186131,186131001,Main Campus,motor_vehicle_theft,Motor vehicle theft,criminal_offenses,residential,0,0,reported_numeric,50,48,visible rendered table; stale hidden layer excluded,https://publicsafety.princeton.edu/sites/g/files/toruqf2581/files/documents/Security%26FireSafety_Report_2025_V5.pdf#page=50,ccbe00f7856bb20e98e1b47573fc16eacd8d029fc3d377bf2eb38c92f77f7094,,,,,,private/current_2025_core_counts.csv
2025,2024,186131,186131001,Main Campus,murder,Murder / nonnegligent manslaughter,criminal_offenses,noncampus,0,0,reported_numeric,50,48,visible rendered table; stale hidden layer excluded,https://publicsafety.princeton.edu/sites/g/files/toruqf2581/files/documents/Security%26FireSafety_Report_2025_V5.pdf#page=50,ccbe00f7856bb20e98e1b47573fc16eacd8d029fc3d377bf2eb38c92f77f7094,,,,,,private/current_2025_core_counts.csv
2025,2024,186131,186131001,Main Campus,murder,Murder / nonnegligent manslaughter,criminal_offenses,oncampus,0,0,reported_numeric,50,48,visible rendered table; stale hidden layer excluded,https://publicsafety.princeton.edu/sites/g/files/toruqf2581/files/documents/Security%26FireSafety_Report_2025_V5.pdf#page=50,ccbe00f7856bb20e98e1b47573fc16eacd8d029fc3d377bf2eb38c92f77f7094,,,,,,private/current_2025_core_counts.csv
2025,2024,186131,186131001,Main Campus,murder,Murder / nonnegligent manslaughter,criminal_offenses,publicproperty,0,0,reported_numeric,50,48,visible rendered table; stale hidden layer excluded,https://publicsafety.princeton.edu/sites/g/files/toruqf2581/files/documents/Security%26FireSafety_Report_2025_V5.pdf#page=50,ccbe00f7856bb20e98e1b47573fc16eacd8d029fc3d377bf2eb38c92f77f7094,,,,,,private/current_2025_core_counts.csv
2025,2024,186131,186131001,Main Campus,murder,Murder / nonnegligent manslaughter,criminal_offenses,residential,0,0,reported_numeric,50,48,visible rendered table; stale hidden layer excluded,https://publicsafety.princeton.edu/sites/g/files/toruqf2581/files/documents/Security%26FireSafety_Report_2025_V5.pdf#page=50,ccbe00f7856bb20e98e1b47573fc16eacd8d029fc3d377bf2eb38c92f77f7094,,,,,,private/current_2025_core_counts.csv
2025,2024,186131,186131001,Main Campus,negligent_manslaughter,Negligent manslaughter,criminal_offenses,noncampus,0,0,reported_numeric,50,48,visible rendered table; stale hidden layer excluded,https://publicsafety.princeton.edu/sites/g/files/toruqf2581/files/documents/Security%26FireSafety_Report_2025_V5.pdf#page=50,ccbe00f7856bb20e98e1b47573fc16eacd8d029fc3d377bf2eb38c92f77f7094,,,,,,private/current_2025_core_counts.csv
2025,2024,186131,186131001,Main Campus,negligent_manslaughter,Negligent manslaughter,criminal_offenses,oncampus,0,0,reported_numeric,50,48,visible rendered table; stale hidden layer excluded,https://publicsafety.princeton.edu/sites/g/files/toruqf2581/files/documents/Security%26FireSafety_Report_2025_V5.pdf#page=50,ccbe00f7856bb20e98e1b47573fc16eacd8d029fc3d377bf2eb38c92f77f7094,,,,,,private/current_2025_core_counts.csv
2025,2024,186131,186131001,Main Campus,negligent_manslaughter,Negligent manslaughter,criminal_offenses,publicproperty,0,0,reported_numeric,50,48,visible rendered table; stale hidden layer excluded,https://publicsafety.princeton.edu/sites/g/files/toruqf2581/files/documents/Security%26FireSafety_Report_2025_V5.pdf#page=50,ccbe00f7856bb20e98e1b47573fc16eacd8d029fc3d377bf2eb38c92f77f7094,,,,,,private/current_2025_core_counts.csv
2025,2024,186131,186131001,Main Campus,negligent_manslaughter,Negligent manslaughter,criminal_offenses,residential,0,0,reported_numeric,50,48,visible rendered table; stale hidden layer excluded,https://publicsafety.princeton.edu/sites/g/files/toruqf2581/files/documents/Security%26FireSafety_Report_2025_V5.pdf#page=50,ccbe00f7856bb20e98e1b47573fc16eacd8d029fc3d377bf2eb38c92f77f7094,,,,,,private/current_2025_core_counts.csv
2025,2024,186131,186131001,Main Campus,rape,Rape,criminal_offenses,noncampus,2,2,reported_numeric,50,48,visible rendered table; stale hidden layer excluded,https://publicsafety.princeton.edu/sites/g/files/toruqf2581/files/documents/Security%26FireSafety_Report_2025_V5.pdf#page=50,ccbe00f7856bb20e98e1b47573fc16eacd8d029fc3d377bf2eb38c92f77f7094,,,,,,private/current_2025_core_counts.csv
2025,2024,186131,186131001,Main Campus,rape,Rape,criminal_offenses,oncampus,8,8,reported_numeric,50,48,visible rendered table; stale hidden layer excluded,https://publicsafety.princeton.edu/sites/g/files/toruqf2581/files/documents/Security%26FireSafety_Report_2025_V5.pdf#page=50,ccbe00f7856bb20e98e1b47573fc16eacd8d029fc3d377bf2eb38c92f77f7094,,,,,,private/current_2025_core_counts.csv
2025,2024,186131,186131001,Main Campus,rape,Rape,criminal_offenses,publicproperty,0,0,reported_numeric,50,48,visible rendered table; stale hidden layer excluded,https://publicsafety.princeton.edu/sites/g/files/toruqf2581/files/documents/Security%26FireSafety_Report_2025_V5.pdf#page=50,ccbe00f7856bb20e98e1b47573fc16eacd8d029fc3d377bf2eb38c92f77f7094,,,,,,private/current_2025_core_counts.csv
2025,2024,186131,186131001,Main Campus,rape,Rape,criminal_offenses,residential,3,3,reported_numeric,50,48,visible rendered table; stale hidden layer excluded,https://publicsafety.princeton.edu/sites/g/files/toruqf2581/files/documents/Security%26FireSafety_Report_2025_V5.pdf#page=50,ccbe00f7856bb20e98e1b47573fc16eacd8d029fc3d377bf2eb38c92f77f7094,,,,,,private/current_2025_core_counts.csv
2025,2024,186131,186131001,Main Campus,robbery,Robbery,criminal_offenses,noncampus,0,0,reported_numeric,50,48,visible rendered table; stale hidden layer excluded,https://publicsafety.princeton.edu/sites/g/files/toruqf2581/files/documents/Security%26FireSafety_Report_2025_V5.pdf#page=50,ccbe00f7856bb20e98e1b47573fc16eacd8d029fc3d377bf2eb38c92f77f7094,,,,,,private/current_2025_core_counts.csv
2025,2024,186131,186131001,Main Campus,robbery,Robbery,criminal_offenses,oncampus,0,0,reported_numeric,50,48,visible rendered table; stale hidden layer excluded,https://publicsafety.princeton.edu/sites/g/files/toruqf2581/files/documents/Security%26FireSafety_Report_2025_V5.pdf#page=50,ccbe00f7856bb20e98e1b47573fc16eacd8d029fc3d377bf2eb38c92f77f7094,,,,,,private/current_2025_core_counts.csv
2025,2024,186131,186131001,Main Campus,robbery,Robbery,criminal_offenses,publicproperty,1,1,reported_numeric,50,48,visible rendered table; stale hidden layer excluded,https://publicsafety.princeton.edu/sites/g/files/toruqf2581/files/documents/Security%26FireSafety_Report_2025_V5.pdf#page=50,ccbe00f7856bb20e98e1b47573fc16eacd8d029fc3d377bf2eb38c92f77f7094,,,,,,private/current_2025_core_counts.csv
2025,2024,186131,186131001,Main Campus,robbery,Robbery,criminal_offenses,residential,0,0,reported_numeric,50,48,visible rendered table; stale hidden layer excluded,https://publicsafety.princeton.edu/sites/g/files/toruqf2581/files/documents/Security%26FireSafety_Report_2025_V5.pdf#page=50,ccbe00f7856bb20e98e1b47573fc16eacd8d029fc3d377bf2eb38c92f77f7094,,,,,,private/current_2025_core_counts.csv
2025,2024,186131,186131001,Main Campus,stalking,Stalking (VAWA),vawa,noncampus,0,0,reported_numeric,52,50,visible rendered table; stale hidden layer excluded,https://publicsafety.princeton.edu/sites/g/files/toruqf2581/files/documents/Security%26FireSafety_Report_2025_V5.pdf#page=52,ccbe00f7856bb20e98e1b47573fc16eacd8d029fc3d377bf2eb38c92f77f7094,,,,,,private/current_2025_core_counts.csv
2025,2024,186131,186131001,Main Campus,stalking,Stalking (VAWA),vawa,oncampus,7,7,reported_numeric,52,50,visible rendered table; stale hidden layer excluded,https://publicsafety.princeton.edu/sites/g/files/toruqf2581/files/documents/Security%26FireSafety_Report_2025_V5.pdf#page=52,ccbe00f7856bb20e98e1b47573fc16eacd8d029fc3d377bf2eb38c92f77f7094,,,,,,private/current_2025_core_counts.csv
2025,2024,186131,186131001,Main Campus,stalking,Stalking (VAWA),vawa,publicproperty,0,0,reported_numeric,52,50,visible rendered table; stale hidden layer excluded,https://publicsafety.princeton.edu/sites/g/files/toruqf2581/files/documents/Security%26FireSafety_Report_2025_V5.pdf#page=52,ccbe00f7856bb20e98e1b47573fc16eacd8d029fc3d377bf2eb38c92f77f7094,,,,,,private/current_2025_core_counts.csv
2025,2024,186131,186131001,Main Campus,stalking,Stalking (VAWA),vawa,residential,0,0,reported_numeric,52,50,visible rendered table; stale hidden layer excluded,https://publicsafety.princeton.edu/sites/g/files/toruqf2581/files/documents/Security%26FireSafety_Report_2025_V5.pdf#page=52,ccbe00f7856bb20e98e1b47573fc16eacd8d029fc3d377bf2eb38c92f77f7094,,,,,,private/current_2025_core_counts.csv
2025,2024,186131,186131001,Main Campus,statutory_rape,Statutory rape,criminal_offenses,noncampus,0,0,reported_numeric,50,48,visible rendered table; stale hidden layer excluded,https://publicsafety.princeton.edu/sites/g/files/toruqf2581/files/documents/Security%26FireSafety_Report_2025_V5.pdf#page=50,ccbe00f7856bb20e98e1b47573fc16eacd8d029fc3d377bf2eb38c92f77f7094,,,,,,private/current_2025_core_counts.csv
2025,2024,186131,186131001,Main Campus,statutory_rape,Statutory rape,criminal_offenses,oncampus,0,0,reported_numeric,50,48,visible rendered table; stale hidden layer excluded,https://publicsafety.princeton.edu/sites/g/files/toruqf2581/files/documents/Security%26FireSafety_Report_2025_V5.pdf#page=50,ccbe00f7856bb20e98e1b47573fc16eacd8d029fc3d377bf2eb38c92f77f7094,,,,,,private/current_2025_core_counts.csv
2025,2024,186131,186131001,Main Campus,statutory_rape,Statutory rape,criminal_offenses,publicproperty,0,0,reported_numeric,50,48,visible rendered table; stale hidden layer excluded,https://publicsafety.princeton.edu/sites/g/files/toruqf2581/files/documents/Security%26FireSafety_Report_2025_V5.pdf#page=50,ccbe00f7856bb20e98e1b47573fc16eacd8d029fc3d377bf2eb38c92f77f7094,,,,,,private/current_2025_core_counts.csv
2025,2024,186131,186131001,Main Campus,statutory_rape,Statutory rape,criminal_offenses,residential,0,0,reported_numeric,50,48,visible rendered table; stale hidden layer excluded,https://publicsafety.princeton.edu/sites/g/files/toruqf2581/files/documents/Security%26FireSafety_Report_2025_V5.pdf#page=50,ccbe00f7856bb20e98e1b47573fc16eacd8d029fc3d377bf2eb38c92f77f7094,,,,,,private/current_2025_core_counts.csv
2025,2023,186131,186131002,James Forrestal Campus,aggravated_assault,Aggravated assault,criminal_offenses,noncampus,0,0,reported_numeric,51,49,visible rendered table; stale hidden layer excluded,https://publicsafety.princeton.edu/sites/g/files/toruqf2581/files/documents/Security%26FireSafety_Report_2025_V5.pdf#page=51,ccbe00f7856bb20e98e1b47573fc16eacd8d029fc3d377bf2eb38c92f77f7094,,,,,,private/current_2025_core_counts.csv
2025,2023,186131,186131002,James Forrestal Campus,aggravated_assault,Aggravated assault,criminal_offenses,oncampus,0,0,reported_numeric,51,49,visible rendered table; stale hidden layer excluded,https://publicsafety.princeton.edu/sites/g/files/toruqf2581/files/documents/Security%26FireSafety_Report_2025_V5.pdf#page=51,ccbe00f7856bb20e98e1b47573fc16eacd8d029fc3d377bf2eb38c92f77f7094,,,,,,private/current_2025_core_counts.csv
2025,2023,186131,186131002,James Forrestal Campus,aggravated_assault,Aggravated assault,criminal_offenses,publicproperty,0,0,reported_numeric,51,49,visible rendered table; stale hidden layer excluded,https://publicsafety.princeton.edu/sites/g/files/toruqf2581/files/documents/Security%26FireSafety_Report_2025_V5.pdf#page=51,ccbe00f7856bb20e98e1b47573fc16eacd8d029fc3d377bf2eb38c92f77f7094,,,,,,private/current_2025_core_counts.csv
2025,2023,186131,186131002,James Forrestal Campus,aggravated_assault,Aggravated assault,criminal_offenses,residential,0,0,reported_numeric,51,49,visible rendered table; stale hidden layer excluded,https://publicsafety.princeton.edu/sites/g/files/toruqf2581/files/documents/Security%26FireSafety_Report_2025_V5.pdf#page=51,ccbe00f7856bb20e98e1b47573fc16eacd8d029fc3d377bf2eb38c92f77f7094,,,,,,private/current_2025_core_counts.csv
2025,2023,186131,186131002,James Forrestal Campus,arson,Arson,criminal_offenses,noncampus,0,0,reported_numeric,51,49,visible rendered table; stale hidden layer excluded,https://publicsafety.princeton.edu/sites/g/files/toruqf2581/files/documents/Security%26FireSafety_Report_2025_V5.pdf#page=51,ccbe00f7856bb20e98e1b47573fc16eacd8d029fc3d377bf2eb38c92f77f7094,,,,,,private/current_2025_core_counts.csv
2025,2023,186131,186131002,James Forrestal Campus,arson,Arson,criminal_offenses,oncampus,0,0,reported_numeric,51,49,visible rendered table; stale hidden layer excluded,https://publicsafety.princeton.edu/sites/g/files/toruqf2581/files/documents/Security%26FireSafety_Report_2025_V5.pdf#page=51,ccbe00f7856bb20e98e1b47573fc16eacd8d029fc3d377bf2eb38c92f77f7094,,,,,,private/current_2025_core_counts.csv
2025,2023,186131,186131002,James Forrestal Campus,arson,Arson,criminal_offenses,publicproperty,0,0,reported_numeric,51,49,visible rendered table; stale hidden layer excluded,https://publicsafety.princeton.edu/sites/g/files/toruqf2581/files/documents/Security%26FireSafety_Report_2025_V5.pdf#page=51,ccbe00f7856bb20e98e1b47573fc16eacd8d029fc3d377bf2eb38c92f77f7094,,,,,,private/current_2025_core_counts.csv
2025,2023,186131,186131002,James Forrestal Campus,arson,Arson,criminal_offenses,residential,0,0,reported_numeric,51,49,visible rendered table; stale hidden layer excluded,https://publicsafety.princeton.edu/sites/g/files/toruqf2581/files/documents/Security%26FireSafety_Report_2025_V5.pdf#page=51,ccbe00f7856bb20e98e1b47573fc16eacd8d029fc3d377bf2eb38c92f77f7094,,,,,,private/current_2025_core_counts.csv
2025,2023,186131,186131002,James Forrestal Campus,burglary,Burglary,criminal_offenses,noncampus,0,0,reported_numeric,51,49,visible rendered table; stale hidden layer excluded,https://publicsafety.princeton.edu/sites/g/files/toruqf2581/files/documents/Security%26FireSafety_Report_2025_V5.pdf#page=51,ccbe00f7856bb20e98e1b47573fc16eacd8d029fc3d377bf2eb38c92f77f7094,,,,,,private/current_2025_core_counts.csv
2025,2023,186131,186131002,James Forrestal Campus,burglary,Burglary,criminal_offenses,oncampus,0,0,reported_numeric,51,49,visible rendered table; stale hidden layer excluded,https://publicsafety.princeton.edu/sites/g/files/toruqf2581/files/documents/Security%26FireSafety_Report_2025_V5.pdf#page=51,ccbe00f7856bb20e98e1b47573fc16eacd8d029fc3d377bf2eb38c92f77f7094,,,,,,private/current_2025_core_counts.csv
2025,2023,186131,186131002,James Forrestal Campus,burglary,Burglary,criminal_offenses,publicproperty,0,0,reported_numeric,51,49,visible rendered table; stale hidden layer excluded,https://publicsafety.princeton.edu/sites/g/files/toruqf2581/files/documents/Security%26FireSafety_Report_2025_V5.pdf#page=51,ccbe00f7856bb20e98e1b47573fc16eacd8d029fc3d377bf2eb38c92f77f7094,,,,,,private/current_2025_core_counts.csv
2025,2023,186131,186131002,James Forrestal Campus,burglary,Burglary,criminal_offenses,residential,0,0,reported_numeric,51,49,visible rendered table; stale hidden layer excluded,https://publicsafety.princeton.edu/sites/g/files/toruqf2581/files/documents/Security%26FireSafety_Report_2025_V5.pdf#page=51,ccbe00f7856bb20e98e1b47573fc16eacd8d029fc3d377bf2eb38c92f77f7094,,,,,,private/current_2025_core_counts.csv
2025,2023,186131,186131002,James Forrestal Campus,dating_violence,Dating violence (VAWA),vawa,noncampus,0,0,reported_numeric,53,51,visible rendered table; stale hidden layer excluded,https://publicsafety.princeton.edu/sites/g/files/toruqf2581/files/documents/Security%26FireSafety_Report_2025_V5.pdf#page=53,ccbe00f7856bb20e98e1b47573fc16eacd8d029fc3d377bf2eb38c92f77f7094,,,,,,private/current_2025_core_counts.csv
2025,2023,186131,186131002,James Forrestal Campus,dating_violence,Dating violence (VAWA),vawa,oncampus,0,0,reported_numeric,53,51,visible rendered table; stale hidden layer excluded,https://publicsafety.princeton.edu/sites/g/files/toruqf2581/files/documents/Security%26FireSafety_Report_2025_V5.pdf#page=53,ccbe00f7856bb20e98e1b47573fc16eacd8d029fc3d377bf2eb38c92f77f7094,,,,,,private/current_2025_core_counts.csv
2025,2023,186131,186131002,James Forrestal Campus,dating_violence,Dating violence (VAWA),vawa,publicproperty,0,0,reported_numeric,53,51,visible rendered table; stale hidden layer excluded,https://publicsafety.princeton.edu/sites/g/files/toruqf2581/files/documents/Security%26FireSafety_Report_2025_V5.pdf#page=53,ccbe00f7856bb20e98e1b47573fc16eacd8d029fc3d377bf2eb38c92f77f7094,,,,,,private/current_2025_core_counts.csv
2025,2023,186131,186131002,James Forrestal Campus,dating_violence,Dating violence (VAWA),vawa,residential,0,0,reported_numeric,53,51,visible rendered table; stale hidden layer excluded,https://publicsafety.princeton.edu/sites/g/files/toruqf2581/files/documents/Security%26FireSafety_Report_2025_V5.pdf#page=53,ccbe00f7856bb20e98e1b47573fc16eacd8d029fc3d377bf2eb38c92f77f7094,,,,,,private/current_2025_core_counts.csv
2025,2023,186131,186131002,James Forrestal Campus,domestic_violence,Domestic violence (VAWA),vawa,noncampus,0,0,reported_numeric,53,51,visible rendered table; stale hidden layer excluded,https://publicsafety.princeton.edu/sites/g/files/toruqf2581/files/documents/Security%26FireSafety_Report_2025_V5.pdf#page=53,ccbe00f7856bb20e98e1b47573fc16eacd8d029fc3d377bf2eb38c92f77f7094,,,,,,private/current_2025_core_counts.csv
2025,2023,186131,186131002,James Forrestal Campus,domestic_violence,Domestic violence (VAWA),vawa,oncampus,0,0,reported_numeric,53,51,visible rendered table; stale hidden layer excluded,https://publicsafety.princeton.edu/sites/g/files/toruqf2581/files/documents/Security%26FireSafety_Report_2025_V5.pdf#page=53,ccbe00f7856bb20e98e1b47573fc16eacd8d029fc3d377bf2eb38c92f77f7094,,,,,,private/current_2025_core_counts.csv
2025,2023,186131,186131002,James Forrestal Campus,domestic_violence,Domestic violence (VAWA),vawa,publicproperty,0,0,reported_numeric,53,51,visible rendered table; stale hidden layer excluded,https://publicsafety.princeton.edu/sites/g/files/toruqf2581/files/documents/Security%26FireSafety_Report_2025_V5.pdf#page=53,ccbe00f7856bb20e98e1b47573fc16eacd8d029fc3d377bf2eb38c92f77f7094,,,,,,private/current_2025_core_counts.csv
2025,2023,186131,186131002,James Forrestal Campus,domestic_violence,Domestic violence (VAWA),vawa,residential,0,0,reported_numeric,53,51,visible rendered table; stale hidden layer excluded,https://publicsafety.princeton.edu/sites/g/files/toruqf2581/files/documents/Security%26FireSafety_Report_2025_V5.pdf#page=53,ccbe00f7856bb20e98e1b47573fc16eacd8d029fc3d377bf2eb38c92f77f7094,,,,,,private/current_2025_core_counts.csv
2025,2023,186131,186131002,James Forrestal Campus,fondling,Fondling,criminal_offenses,noncampus,0,0,reported_numeric,51,49,visible rendered table; stale hidden layer excluded,https://publicsafety.princeton.edu/sites/g/files/toruqf2581/files/documents/Security%26FireSafety_Report_2025_V5.pdf#page=51,ccbe00f7856bb20e98e1b47573fc16eacd8d029fc3d377bf2eb38c92f77f7094,,,,,,private/current_2025_core_counts.csv
2025,2023,186131,186131002,James Forrestal Campus,fondling,Fondling,criminal_offenses,oncampus,0,0,reported_numeric,51,49,visible rendered table; stale hidden layer excluded,https://publicsafety.princeton.edu/sites/g/files/toruqf2581/files/documents/Security%26FireSafety_Report_2025_V5.pdf#page=51,ccbe00f7856bb20e98e1b47573fc16eacd8d029fc3d377bf2eb38c92f77f7094,,,,,,private/current_2025_core_counts.csv
2025,2023,186131,186131002,James Forrestal Campus,fondling,Fondling,criminal_offenses,publicproperty,0,0,reported_numeric,51,49,visible rendered table; stale hidden layer excluded,https://publicsafety.princeton.edu/sites/g/files/toruqf2581/files/documents/Security%26FireSafety_Report_2025_V5.pdf#page=51,ccbe00f7856bb20e98e1b47573fc16eacd8d029fc3d377bf2eb38c92f77f7094,,,,,,private/current_2025_core_counts.csv
2025,2023,186131,186131002,James Forrestal Campus,fondling,Fondling,criminal_offenses,residential,0,0,reported_numeric,51,49,visible rendered table; stale hidden layer excluded,https://publicsafety.princeton.edu/sites/g/files/toruqf2581/files/documents/Security%26FireSafety_Report_2025_V5.pdf#page=51,ccbe00f7856bb20e98e1b47573fc16eacd8d029fc3d377bf2eb38c92f77f7094,,,,,,private/current_2025_core_counts.csv
2025,2023,186131,186131002,James Forrestal Campus,incest,Incest,criminal_offenses,noncampus,0,0,reported_numeric,51,49,visible rendered table; stale hidden layer excluded,https://publicsafety.princeton.edu/sites/g/files/toruqf2581/files/documents/Security%26FireSafety_Report_2025_V5.pdf#page=51,ccbe00f7856bb20e98e1b47573fc16eacd8d029fc3d377bf2eb38c92f77f7094,,,,,,private/current_2025_core_counts.csv
2025,2023,186131,186131002,James Forrestal Campus,incest,Incest,criminal_offenses,oncampus,0,0,reported_numeric,51,49,visible rendered table; stale hidden layer excluded,https://publicsafety.princeton.edu/sites/g/files/toruqf2581/files/documents/Security%26FireSafety_Report_2025_V5.pdf#page=51,ccbe00f7856bb20e98e1b47573fc16eacd8d029fc3d377bf2eb38c92f77f7094,,,,,,private/current_2025_core_counts.csv
2025,2023,186131,186131002,James Forrestal Campus,incest,Incest,criminal_offenses,publicproperty,0,0,reported_numeric,51,49,visible rendered table; stale hidden layer excluded,https://publicsafety.princeton.edu/sites/g/files/toruqf2581/files/documents/Security%26FireSafety_Report_2025_V5.pdf#page=51,ccbe00f7856bb20e98e1b47573fc16eacd8d029fc3d377bf2eb38c92f77f7094,,,,,,private/current_2025_core_counts.csv
2025,2023,186131,186131002,James Forrestal Campus,incest,Incest,criminal_offenses,residential,0,0,reported_numeric,51,49,visible rendered table; stale hidden layer excluded,https://publicsafety.princeton.edu/sites/g/files/toruqf2581/files/documents/Security%26FireSafety_Report_2025_V5.pdf#page=51,ccbe00f7856bb20e98e1b47573fc16eacd8d029fc3d377bf2eb38c92f77f7094,,,,,,private/current_2025_core_counts.csv
2025,2023,186131,186131002,James Forrestal Campus,motor_vehicle_theft,Motor vehicle theft,criminal_offenses,noncampus,0,0,reported_numeric,51,49,visible rendered table; stale hidden layer excluded,https://publicsafety.princeton.edu/sites/g/files/toruqf2581/files/documents/Security%26FireSafety_Report_2025_V5.pdf#page=51,ccbe00f7856bb20e98e1b47573fc16eacd8d029fc3d377bf2eb38c92f77f7094,,,,,,private/current_2025_core_counts.csv
2025,2023,186131,186131002,James Forrestal Campus,motor_vehicle_theft,Motor vehicle theft,criminal_offenses,oncampus,0,0,reported_numeric,51,49,visible rendered table; stale hidden layer excluded,https://publicsafety.princeton.edu/sites/g/files/toruqf2581/files/documents/Security%26FireSafety_Report_2025_V5.pdf#page=51,ccbe00f7856bb20e98e1b47573fc16eacd8d029fc3d377bf2eb38c92f77f7094,,,,,,private/current_2025_core_counts.csv
2025,2023,186131,186131002,James Forrestal Campus,motor_vehicle_theft,Motor vehicle theft,criminal_offenses,publicproperty,0,0,reported_numeric,51,49,visible rendered table; stale hidden layer excluded,https://publicsafety.princeton.edu/sites/g/files/toruqf2581/files/documents/Security%26FireSafety_Report_2025_V5.pdf#page=51,ccbe00f7856bb20e98e1b47573fc16eacd8d029fc3d377bf2eb38c92f77f7094,,,,,,private/current_2025_core_counts.csv
2025,2023,186131,186131002,James Forrestal Campus,motor_vehicle_theft,Motor vehicle theft,criminal_offenses,residential,0,0,reported_numeric,51,49,visible rendered table; stale hidden layer excluded,https://publicsafety.princeton.edu/sites/g/files/toruqf2581/files/documents/Security%26FireSafety_Report_2025_V5.pdf#page=51,ccbe00f7856bb20e98e1b47573fc16eacd8d029fc3d377bf2eb38c92f77f7094,,,,,,private/current_2025_core_counts.csv
2025,2023,186131,186131002,James Forrestal Campus,murder,Murder / nonnegligent manslaughter,criminal_offenses,noncampus,0,0,reported_numeric,51,49,visible rendered table; stale hidden layer excluded,https://publicsafety.princeton.edu/sites/g/files/toruqf2581/files/documents/Security%26FireSafety_Report_2025_V5.pdf#page=51,ccbe00f7856bb20e98e1b47573fc16eacd8d029fc3d377bf2eb38c92f77f7094,,,,,,private/current_2025_core_counts.csv
2025,2023,186131,186131002,James Forrestal Campus,murder,Murder / nonnegligent manslaughter,criminal_offenses,oncampus,0,0,reported_numeric,51,49,visible rendered table; stale hidden layer excluded,https://publicsafety.princeton.edu/sites/g/files/toruqf2581/files/documents/Security%26FireSafety_Report_2025_V5.pdf#page=51,ccbe00f7856bb20e98e1b47573fc16eacd8d029fc3d377bf2eb38c92f77f7094,,,,,,private/current_2025_core_counts.csv
2025,2023,186131,186131002,James Forrestal Campus,murder,Murder / nonnegligent manslaughter,criminal_offenses,publicproperty,0,0,reported_numeric,51,49,visible rendered table; stale hidden layer excluded,https://publicsafety.princeton.edu/sites/g/files/toruqf2581/files/documents/Security%26FireSafety_Report_2025_V5.pdf#page=51,ccbe00f7856bb20e98e1b47573fc16eacd8d029fc3d377bf2eb38c92f77f7094,,,,,,private/current_2025_core_counts.csv
2025,2023,186131,186131002,James Forrestal Campus,murder,Murder / nonnegligent manslaughter,criminal_offenses,residential,0,0,reported_numeric,51,49,visible rendered table; stale hidden layer excluded,https://publicsafety.princeton.edu/sites/g/files/toruqf2581/files/documents/Security%26FireSafety_Report_2025_V5.pdf#page=51,ccbe00f7856bb20e98e1b47573fc16eacd8d029fc3d377bf2eb38c92f77f7094,,,,,,private/current_2025_core_counts.csv
2025,2023,186131,186131002,James Forrestal Campus,negligent_manslaughter,Negligent manslaughter,criminal_offenses,noncampus,0,0,reported_numeric,51,49,visible rendered table; stale hidden layer excluded,https://publicsafety.princeton.edu/sites/g/files/toruqf2581/files/documents/Security%26FireSafety_Report_2025_V5.pdf#page=51,ccbe00f7856bb20e98e1b47573fc16eacd8d029fc3d377bf2eb38c92f77f7094,,,,,,private/current_2025_core_counts.csv
2025,2023,186131,186131002,James Forrestal Campus,negligent_manslaughter,Negligent manslaughter,criminal_offenses,oncampus,0,0,reported_numeric,51,49,visible rendered table; stale hidden layer excluded,https://publicsafety.princeton.edu/sites/g/files/toruqf2581/files/documents/Security%26FireSafety_Report_2025_V5.pdf#page=51,ccbe00f7856bb20e98e1b47573fc16eacd8d029fc3d377bf2eb38c92f77f7094,,,,,,private/current_2025_core_counts.csv
2025,2023,186131,186131002,James Forrestal Campus,negligent_manslaughter,Negligent manslaughter,criminal_offenses,publicproperty,0,0,reported_numeric,51,49,visible rendered table; stale hidden layer excluded,https://publicsafety.princeton.edu/sites/g/files/toruqf2581/files/documents/Security%26FireSafety_Report_2025_V5.pdf#page=51,ccbe00f7856bb20e98e1b47573fc16eacd8d029fc3d377bf2eb38c92f77f7094,,,,,,private/current_2025_core_counts.csv
2025,2023,186131,186131002,James Forrestal Campus,negligent_manslaughter,Negligent manslaughter,criminal_offenses,residential,0,0,reported_numeric,51,49,visible rendered table; stale hidden layer excluded,https://publicsafety.princeton.edu/sites/g/files/toruqf2581/files/documents/Security%26FireSafety_Report_2025_V5.pdf#page=51,ccbe00f7856bb20e98e1b47573fc16eacd8d029fc3d377bf2eb38c92f77f7094,,,,,,private/current_2025_core_counts.csv
2025,2023,186131,186131002,James Forrestal Campus,rape,Rape,criminal_offenses,noncampus,0,0,reported_numeric,51,49,visible rendered table; stale hidden layer excluded,https://publicsafety.princeton.edu/sites/g/files/toruqf2581/files/documents/Security%26FireSafety_Report_2025_V5.pdf#page=51,ccbe00f7856bb20e98e1b47573fc16eacd8d029fc3d377bf2eb38c92f77f7094,,,,,,private/current_2025_core_counts.csv
2025,2023,186131,186131002,James Forrestal Campus,rape,Rape,criminal_offenses,oncampus,0,0,reported_numeric,51,49,visible rendered table; stale hidden layer excluded,https://publicsafety.princeton.edu/sites/g/files/toruqf2581/files/documents/Security%26FireSafety_Report_2025_V5.pdf#page=51,ccbe00f7856bb20e98e1b47573fc16eacd8d029fc3d377bf2eb38c92f77f7094,,,,,,private/current_2025_core_counts.csv
2025,2023,186131,186131002,James Forrestal Campus,rape,Rape,criminal_offenses,publicproperty,0,0,reported_numeric,51,49,visible rendered table; stale hidden layer excluded,https://publicsafety.princeton.edu/sites/g/files/toruqf2581/files/documents/Security%26FireSafety_Report_2025_V5.pdf#page=51,ccbe00f7856bb20e98e1b47573fc16eacd8d029fc3d377bf2eb38c92f77f7094,,,,,,private/current_2025_core_counts.csv
2025,2023,186131,186131002,James Forrestal Campus,rape,Rape,criminal_offenses,residential,0,0,reported_numeric,51,49,visible rendered table; stale hidden layer excluded,https://publicsafety.princeton.edu/sites/g/files/toruqf2581/files/documents/Security%26FireSafety_Report_2025_V5.pdf#page=51,ccbe00f7856bb20e98e1b47573fc16eacd8d029fc3d377bf2eb38c92f77f7094,,,,,,private/current_2025_core_counts.csv
2025,2023,186131,186131002,James Forrestal Campus,robbery,Robbery,criminal_offenses,noncampus,0,0,reported_numeric,51,49,visible rendered table; stale hidden layer excluded,https://publicsafety.princeton.edu/sites/g/files/toruqf2581/files/documents/Security%26FireSafety_Report_2025_V5.pdf#page=51,ccbe00f7856bb20e98e1b47573fc16eacd8d029fc3d377bf2eb38c92f77f7094,,,,,,private/current_2025_core_counts.csv
2025,2023,186131,186131002,James Forrestal Campus,robbery,Robbery,criminal_offenses,oncampus,0,0,reported_numeric,51,49,visible rendered table; stale hidden layer excluded,https://publicsafety.princeton.edu/sites/g/files/toruqf2581/files/documents/Security%26FireSafety_Report_2025_V5.pdf#page=51,ccbe00f7856bb20e98e1b47573fc16eacd8d029fc3d377bf2eb38c92f77f7094,,,,,,private/current_2025_core_counts.csv
2025,2023,186131,186131002,James Forrestal Campus,robbery,Robbery,criminal_offenses,publicproperty,0,0,reported_numeric,51,49,visible rendered table; stale hidden layer excluded,https://publicsafety.princeton.edu/sites/g/files/toruqf2581/files/documents/Security%26FireSafety_Report_2025_V5.pdf#page=51,ccbe00f7856bb20e98e1b47573fc16eacd8d029fc3d377bf2eb38c92f77f7094,,,,,,private/current_2025_core_counts.csv
2025,2023,186131,186131002,James Forrestal Campus,robbery,Robbery,criminal_offenses,residential,0,0,reported_numeric,51,49,visible rendered table; stale hidden layer excluded,https://publicsafety.princeton.edu/sites/g/files/toruqf2581/files/documents/Security%26FireSafety_Report_2025_V5.pdf#page=51,ccbe00f7856bb20e98e1b47573fc16eacd8d029fc3d377bf2eb38c92f77f7094,,,,,,private/current_2025_core_counts.csv
2025,2023,186131,186131002,James Forrestal Campus,stalking,Stalking (VAWA),vawa,noncampus,0,0,reported_numeric,53,51,visible rendered table; stale hidden layer excluded,https://publicsafety.princeton.edu/sites/g/files/toruqf2581/files/documents/Security%26FireSafety_Report_2025_V5.pdf#page=53,ccbe00f7856bb20e98e1b47573fc16eacd8d029fc3d377bf2eb38c92f77f7094,,,,,,private/current_2025_core_counts.csv
2025,2023,186131,186131002,James Forrestal Campus,stalking,Stalking (VAWA),vawa,oncampus,0,0,reported_numeric,53,51,visible rendered table; stale hidden layer excluded,https://publicsafety.princeton.edu/sites/g/files/toruqf2581/files/documents/Security%26FireSafety_Report_2025_V5.pdf#page=53,ccbe00f7856bb20e98e1b47573fc16eacd8d029fc3d377bf2eb38c92f77f7094,,,,,,private/current_2025_core_counts.csv
2025,2023,186131,186131002,James Forrestal Campus,stalking,Stalking (VAWA),vawa,publicproperty,0,0,reported_numeric,53,51,visible rendered table; stale hidden layer excluded,https://publicsafety.princeton.edu/sites/g/files/toruqf2581/files/documents/Security%26FireSafety_Report_2025_V5.pdf#page=53,ccbe00f7856bb20e98e1b47573fc16eacd8d029fc3d377bf2eb38c92f77f7094,,,,,,private/current_2025_core_counts.csv
2025,2023,186131,186131002,James Forrestal Campus,stalking,Stalking (VAWA),vawa,residential,0,0,reported_numeric,53,51,visible rendered table; stale hidden layer excluded,https://publicsafety.princeton.edu/sites/g/files/toruqf2581/files/documents/Security%26FireSafety_Report_2025_V5.pdf#page=53,ccbe00f7856bb20e98e1b47573fc16eacd8d029fc3d377bf2eb38c92f77f7094,,,,,,private/current_2025_core_counts.csv
2025,2023,186131,186131002,James Forrestal Campus,statutory_rape,Statutory rape,criminal_offenses,noncampus,0,0,reported_numeric,51,49,visible rendered table; stale hidden layer excluded,https://publicsafety.princeton.edu/sites/g/files/toruqf2581/files/documents/Security%26FireSafety_Report_2025_V5.pdf#page=51,ccbe00f7856bb20e98e1b47573fc16eacd8d029fc3d377bf2eb38c92f77f7094,,,,,,private/current_2025_core_counts.csv
2025,2023,186131,186131002,James Forrestal Campus,statutory_rape,Statutory rape,criminal_offenses,oncampus,0,0,reported_numeric,51,49,visible rendered table; stale hidden layer excluded,https://publicsafety.princeton.edu/sites/g/files/toruqf2581/files/documents/Security%26FireSafety_Report_2025_V5.pdf#page=51,ccbe00f7856bb20e98e1b47573fc16eacd8d029fc3d377bf2eb38c92f77f7094,,,,,,private/current_2025_core_counts.csv
2025,2023,186131,186131002,James Forrestal Campus,statutory_rape,Statutory rape,criminal_offenses,publicproperty,0,0,reported_numeric,51,49,visible rendered table; stale hidden layer excluded,https://publicsafety.princeton.edu/sites/g/files/toruqf2581/files/documents/Security%26FireSafety_Report_2025_V5.pdf#page=51,ccbe00f7856bb20e98e1b47573fc16eacd8d029fc3d377bf2eb38c92f77f7094,,,,,,private/current_2025_core_counts.csv
2025,2023,186131,186131002,James Forrestal Campus,statutory_rape,Statutory rape,criminal_offenses,residential,0,0,reported_numeric,51,49,visible rendered table; stale hidden layer excluded,https://publicsafety.princeton.edu/sites/g/files/toruqf2581/files/documents/Security%26FireSafety_Report_2025_V5.pdf#page=51,ccbe00f7856bb20e98e1b47573fc16eacd8d029fc3d377bf2eb38c92f77f7094,,,,,,private/current_2025_core_counts.csv
2025,2024,186131,186131002,James Forrestal Campus,aggravated_assault,Aggravated assault,criminal_offenses,noncampus,0,0,reported_numeric,51,49,visible rendered table; stale hidden layer excluded,https://publicsafety.princeton.edu/sites/g/files/toruqf2581/files/documents/Security%26FireSafety_Report_2025_V5.pdf#page=51,ccbe00f7856bb20e98e1b47573fc16eacd8d029fc3d377bf2eb38c92f77f7094,,,,,,private/current_2025_core_counts.csv
2025,2024,186131,186131002,James Forrestal Campus,aggravated_assault,Aggravated assault,criminal_offenses,oncampus,0,0,reported_numeric,51,49,visible rendered table; stale hidden layer excluded,https://publicsafety.princeton.edu/sites/g/files/toruqf2581/files/documents/Security%26FireSafety_Report_2025_V5.pdf#page=51,ccbe00f7856bb20e98e1b47573fc16eacd8d029fc3d377bf2eb38c92f77f7094,,,,,,private/current_2025_core_counts.csv
2025,2024,186131,186131002,James Forrestal Campus,aggravated_assault,Aggravated assault,criminal_offenses,publicproperty,0,0,reported_numeric,51,49,visible rendered table; stale hidden layer excluded,https://publicsafety.princeton.edu/sites/g/files/toruqf2581/files/documents/Security%26FireSafety_Report_2025_V5.pdf#page=51,ccbe00f7856bb20e98e1b47573fc16eacd8d029fc3d377bf2eb38c92f77f7094,,,,,,private/current_2025_core_counts.csv
2025,2024,186131,186131002,James Forrestal Campus,aggravated_assault,Aggravated assault,criminal_offenses,residential,0,0,reported_numeric,51,49,visible rendered table; stale hidden layer excluded,https://publicsafety.princeton.edu/sites/g/files/toruqf2581/files/documents/Security%26FireSafety_Report_2025_V5.pdf#page=51,ccbe00f7856bb20e98e1b47573fc16eacd8d029fc3d377bf2eb38c92f77f7094,,,,,,private/current_2025_core_counts.csv
2025,2024,186131,186131002,James Forrestal Campus,arson,Arson,criminal_offenses,noncampus,0,0,reported_numeric,51,49,visible rendered table; stale hidden layer excluded,https://publicsafety.princeton.edu/sites/g/files/toruqf2581/files/documents/Security%26FireSafety_Report_2025_V5.pdf#page=51,ccbe00f7856bb20e98e1b47573fc16eacd8d029fc3d377bf2eb38c92f77f7094,,,,,,private/current_2025_core_counts.csv
2025,2024,186131,186131002,James Forrestal Campus,arson,Arson,criminal_offenses,oncampus,0,0,reported_numeric,51,49,visible rendered table; stale hidden layer excluded,https://publicsafety.princeton.edu/sites/g/files/toruqf2581/files/documents/Security%26FireSafety_Report_2025_V5.pdf#page=51,ccbe00f7856bb20e98e1b47573fc16eacd8d029fc3d377bf2eb38c92f77f7094,,,,,,private/current_2025_core_counts.csv
2025,2024,186131,186131002,James Forrestal Campus,arson,Arson,criminal_offenses,publicproperty,0,0,reported_numeric,51,49,visible rendered table; stale hidden layer excluded,https://publicsafety.princeton.edu/sites/g/files/toruqf2581/files/documents/Security%26FireSafety_Report_2025_V5.pdf#page=51,ccbe00f7856bb20e98e1b47573fc16eacd8d029fc3d377bf2eb38c92f77f7094,,,,,,private/current_2025_core_counts.csv
2025,2024,186131,186131002,James Forrestal Campus,arson,Arson,criminal_offenses,residential,0,0,reported_numeric,51,49,visible rendered table; stale hidden layer excluded,https://publicsafety.princeton.edu/sites/g/files/toruqf2581/files/documents/Security%26FireSafety_Report_2025_V5.pdf#page=51,ccbe00f7856bb20e98e1b47573fc16eacd8d029fc3d377bf2eb38c92f77f7094,,,,,,private/current_2025_core_counts.csv
2025,2024,186131,186131002,James Forrestal Campus,burglary,Burglary,criminal_offenses,noncampus,0,0,reported_numeric,51,49,visible rendered table; stale hidden layer excluded,https://publicsafety.princeton.edu/sites/g/files/toruqf2581/files/documents/Security%26FireSafety_Report_2025_V5.pdf#page=51,ccbe00f7856bb20e98e1b47573fc16eacd8d029fc3d377bf2eb38c92f77f7094,,,,,,private/current_2025_core_counts.csv
2025,2024,186131,186131002,James Forrestal Campus,burglary,Burglary,criminal_offenses,oncampus,0,0,reported_numeric,51,49,visible rendered table; stale hidden layer excluded,https://publicsafety.princeton.edu/sites/g/files/toruqf2581/files/documents/Security%26FireSafety_Report_2025_V5.pdf#page=51,ccbe00f7856bb20e98e1b47573fc16eacd8d029fc3d377bf2eb38c92f77f7094,,,,,,private/current_2025_core_counts.csv
2025,2024,186131,186131002,James Forrestal Campus,burglary,Burglary,criminal_offenses,publicproperty,0,0,reported_numeric,51,49,visible rendered table; stale hidden layer excluded,https://publicsafety.princeton.edu/sites/g/files/toruqf2581/files/documents/Security%26FireSafety_Report_2025_V5.pdf#page=51,ccbe00f7856bb20e98e1b47573fc16eacd8d029fc3d377bf2eb38c92f77f7094,,,,,,private/current_2025_core_counts.csv
2025,2024,186131,186131002,James Forrestal Campus,burglary,Burglary,criminal_offenses,residential,0,0,reported_numeric,51,49,visible rendered table; stale hidden layer excluded,https://publicsafety.princeton.edu/sites/g/files/toruqf2581/files/documents/Security%26FireSafety_Report_2025_V5.pdf#page=51,ccbe00f7856bb20e98e1b47573fc16eacd8d029fc3d377bf2eb38c92f77f7094,,,,,,private/current_2025_core_counts.csv
2025,2024,186131,186131002,James Forrestal Campus,dating_violence,Dating violence (VAWA),vawa,noncampus,0,0,reported_numeric,53,51,visible rendered table; stale hidden layer excluded,https://publicsafety.princeton.edu/sites/g/files/toruqf2581/files/documents/Security%26FireSafety_Report_2025_V5.pdf#page=53,ccbe00f7856bb20e98e1b47573fc16eacd8d029fc3d377bf2eb38c92f77f7094,,,,,,private/current_2025_core_counts.csv
2025,2024,186131,186131002,James Forrestal Campus,dating_violence,Dating violence (VAWA),vawa,oncampus,0,0,reported_numeric,53,51,visible rendered table; stale hidden layer excluded,https://publicsafety.princeton.edu/sites/g/files/toruqf2581/files/documents/Security%26FireSafety_Report_2025_V5.pdf#page=53,ccbe00f7856bb20e98e1b47573fc16eacd8d029fc3d377bf2eb38c92f77f7094,,,,,,private/current_2025_core_counts.csv
2025,2024,186131,186131002,James Forrestal Campus,dating_violence,Dating violence (VAWA),vawa,publicproperty,0,0,reported_numeric,53,51,visible rendered table; stale hidden layer excluded,https://publicsafety.princeton.edu/sites/g/files/toruqf2581/files/documents/Security%26FireSafety_Report_2025_V5.pdf#page=53,ccbe00f7856bb20e98e1b47573fc16eacd8d029fc3d377bf2eb38c92f77f7094,,,,,,private/current_2025_core_counts.csv
2025,2024,186131,186131002,James Forrestal Campus,dating_violence,Dating violence (VAWA),vawa,residential,0,0,reported_numeric,53,51,visible rendered table; stale hidden layer excluded,https://publicsafety.princeton.edu/sites/g/files/toruqf2581/files/documents/Security%26FireSafety_Report_2025_V5.pdf#page=53,ccbe00f7856bb20e98e1b47573fc16eacd8d029fc3d377bf2eb38c92f77f7094,,,,,,private/current_2025_core_counts.csv
2025,2024,186131,186131002,James Forrestal Campus,domestic_violence,Domestic violence (VAWA),vawa,noncampus,0,0,reported_numeric,53,51,visible rendered table; stale hidden layer excluded,https://publicsafety.princeton.edu/sites/g/files/toruqf2581/files/documents/Security%26FireSafety_Report_2025_V5.pdf#page=53,ccbe00f7856bb20e98e1b47573fc16eacd8d029fc3d377bf2eb38c92f77f7094,,,,,,private/current_2025_core_counts.csv
2025,2024,186131,186131002,James Forrestal Campus,domestic_violence,Domestic violence (VAWA),vawa,oncampus,0,0,reported_numeric,53,51,visible rendered table; stale hidden layer excluded,https://publicsafety.princeton.edu/sites/g/files/toruqf2581/files/documents/Security%26FireSafety_Report_2025_V5.pdf#page=53,ccbe00f7856bb20e98e1b47573fc16eacd8d029fc3d377bf2eb38c92f77f7094,,,,,,private/current_2025_core_counts.csv
2025,2024,186131,186131002,James Forrestal Campus,domestic_violence,Domestic violence (VAWA),vawa,publicproperty,0,0,reported_numeric,53,51,visible rendered table; stale hidden layer excluded,https://publicsafety.princeton.edu/sites/g/files/toruqf2581/files/documents/Security%26FireSafety_Report_2025_V5.pdf#page=53,ccbe00f7856bb20e98e1b47573fc16eacd8d029fc3d377bf2eb38c92f77f7094,,,,,,private/current_2025_core_counts.csv
2025,2024,186131,186131002,James Forrestal Campus,domestic_violence,Domestic violence (VAWA),vawa,residential,0,0,reported_numeric,53,51,visible rendered table; stale hidden layer excluded,https://publicsafety.princeton.edu/sites/g/files/toruqf2581/files/documents/Security%26FireSafety_Report_2025_V5.pdf#page=53,ccbe00f7856bb20e98e1b47573fc16eacd8d029fc3d377bf2eb38c92f77f7094,,,,,,private/current_2025_core_counts.csv
2025,2024,186131,186131002,James Forrestal Campus,fondling,Fondling,criminal_offenses,noncampus,0,0,reported_numeric,51,49,visible rendered table; stale hidden layer excluded,https://publicsafety.princeton.edu/sites/g/files/toruqf2581/files/documents/Security%26FireSafety_Report_2025_V5.pdf#page=51,ccbe00f7856bb20e98e1b47573fc16eacd8d029fc3d377bf2eb38c92f77f7094,,,,,,private/current_2025_core_counts.csv
2025,2024,186131,186131002,James Forrestal Campus,fondling,Fondling,criminal_offenses,oncampus,0,0,reported_numeric,51,49,visible rendered table; stale hidden layer excluded,https://publicsafety.princeton.edu/sites/g/files/toruqf2581/files/documents/Security%26FireSafety_Report_2025_V5.pdf#page=51,ccbe00f7856bb20e98e1b47573fc16eacd8d029fc3d377bf2eb38c92f77f7094,,,,,,private/current_2025_core_counts.csv
2025,2024,186131,186131002,James Forrestal Campus,fondling,Fondling,criminal_offenses,publicproperty,0,0,reported_numeric,51,49,visible rendered table; stale hidden layer excluded,https://publicsafety.princeton.edu/sites/g/files/toruqf2581/files/documents/Security%26FireSafety_Report_2025_V5.pdf#page=51,ccbe00f7856bb20e98e1b47573fc16eacd8d029fc3d377bf2eb38c92f77f7094,,,,,,private/current_2025_core_counts.csv
2025,2024,186131,186131002,James Forrestal Campus,fondling,Fondling,criminal_offenses,residential,0,0,reported_numeric,51,49,visible rendered table; stale hidden layer excluded,https://publicsafety.princeton.edu/sites/g/files/toruqf2581/files/documents/Security%26FireSafety_Report_2025_V5.pdf#page=51,ccbe00f7856bb20e98e1b47573fc16eacd8d029fc3d377bf2eb38c92f77f7094,,,,,,private/current_2025_core_counts.csv
2025,2024,186131,186131002,James Forrestal Campus,incest,Incest,criminal_offenses,noncampus,0,0,reported_numeric,51,49,visible rendered table; stale hidden layer excluded,https://publicsafety.princeton.edu/sites/g/files/toruqf2581/files/documents/Security%26FireSafety_Report_2025_V5.pdf#page=51,ccbe00f7856bb20e98e1b47573fc16eacd8d029fc3d377bf2eb38c92f77f7094,,,,,,private/current_2025_core_counts.csv
2025,2024,186131,186131002,James Forrestal Campus,incest,Incest,criminal_offenses,oncampus,0,0,reported_numeric,51,49,visible rendered table; stale hidden layer excluded,https://publicsafety.princeton.edu/sites/g/files/toruqf2581/files/documents/Security%26FireSafety_Report_2025_V5.pdf#page=51,ccbe00f7856bb20e98e1b47573fc16eacd8d029fc3d377bf2eb38c92f77f7094,,,,,,private/current_2025_core_counts.csv
2025,2024,186131,186131002,James Forrestal Campus,incest,Incest,criminal_offenses,publicproperty,0,0,reported_numeric,51,49,visible rendered table; stale hidden layer excluded,https://publicsafety.princeton.edu/sites/g/files/toruqf2581/files/documents/Security%26FireSafety_Report_2025_V5.pdf#page=51,ccbe00f7856bb20e98e1b47573fc16eacd8d029fc3d377bf2eb38c92f77f7094,,,,,,private/current_2025_core_counts.csv
2025,2024,186131,186131002,James Forrestal Campus,incest,Incest,criminal_offenses,residential,0,0,reported_numeric,51,49,visible rendered table; stale hidden layer excluded,https://publicsafety.princeton.edu/sites/g/files/toruqf2581/files/documents/Security%26FireSafety_Report_2025_V5.pdf#page=51,ccbe00f7856bb20e98e1b47573fc16eacd8d029fc3d377bf2eb38c92f77f7094,,,,,,private/current_2025_core_counts.csv
2025,2024,186131,186131002,James Forrestal Campus,motor_vehicle_theft,Motor vehicle theft,criminal_offenses,noncampus,0,0,reported_numeric,51,49,visible rendered table; stale hidden layer excluded,https://publicsafety.princeton.edu/sites/g/files/toruqf2581/files/documents/Security%26FireSafety_Report_2025_V5.pdf#page=51,ccbe00f7856bb20e98e1b47573fc16eacd8d029fc3d377bf2eb38c92f77f7094,,,,,,private/current_2025_core_counts.csv
2025,2024,186131,186131002,James Forrestal Campus,motor_vehicle_theft,Motor vehicle theft,criminal_offenses,oncampus,0,0,reported_numeric,51,49,visible rendered table; stale hidden layer excluded,https://publicsafety.princeton.edu/sites/g/files/toruqf2581/files/documents/Security%26FireSafety_Report_2025_V5.pdf#page=51,ccbe00f7856bb20e98e1b47573fc16eacd8d029fc3d377bf2eb38c92f77f7094,,,,,,private/current_2025_core_counts.csv
2025,2024,186131,186131002,James Forrestal Campus,motor_vehicle_theft,Motor vehicle theft,criminal_offenses,publicproperty,0,0,reported_numeric,51,49,visible rendered table; stale hidden layer excluded,https://publicsafety.princeton.edu/sites/g/files/toruqf2581/files/documents/Security%26FireSafety_Report_2025_V5.pdf#page=51,ccbe00f7856bb20e98e1b47573fc16eacd8d029fc3d377bf2eb38c92f77f7094,,,,,,private/current_2025_core_counts.csv
2025,2024,186131,186131002,James Forrestal Campus,motor_vehicle_theft,Motor vehicle theft,criminal_offenses,residential,0,0,reported_numeric,51,49,visible rendered table; stale hidden layer excluded,https://publicsafety.princeton.edu/sites/g/files/toruqf2581/files/documents/Security%26FireSafety_Report_2025_V5.pdf#page=51,ccbe00f7856bb20e98e1b47573fc16eacd8d029fc3d377bf2eb38c92f77f7094,,,,,,private/current_2025_core_counts.csv
2025,2024,186131,186131002,James Forrestal Campus,murder,Murder / nonnegligent manslaughter,criminal_offenses,noncampus,0,0,reported_numeric,51,49,visible rendered table; stale hidden layer excluded,https://publicsafety.princeton.edu/sites/g/files/toruqf2581/files/documents/Security%26FireSafety_Report_2025_V5.pdf#page=51,ccbe00f7856bb20e98e1b47573fc16eacd8d029fc3d377bf2eb38c92f77f7094,,,,,,private/current_2025_core_counts.csv
2025,2024,186131,186131002,James Forrestal Campus,murder,Murder / nonnegligent manslaughter,criminal_offenses,oncampus,0,0,reported_numeric,51,49,visible rendered table; stale hidden layer excluded,https://publicsafety.princeton.edu/sites/g/files/toruqf2581/files/documents/Security%26FireSafety_Report_2025_V5.pdf#page=51,ccbe00f7856bb20e98e1b47573fc16eacd8d029fc3d377bf2eb38c92f77f7094,,,,,,private/current_2025_core_counts.csv
2025,2024,186131,186131002,James Forrestal Campus,murder,Murder / nonnegligent manslaughter,criminal_offenses,publicproperty,0,0,reported_numeric,51,49,visible rendered table; stale hidden layer excluded,https://publicsafety.princeton.edu/sites/g/files/toruqf2581/files/documents/Security%26FireSafety_Report_2025_V5.pdf#page=51,ccbe00f7856bb20e98e1b47573fc16eacd8d029fc3d377bf2eb38c92f77f7094,,,,,,private/current_2025_core_counts.csv
2025,2024,186131,186131002,James Forrestal Campus,murder,Murder / nonnegligent manslaughter,criminal_offenses,residential,0,0,reported_numeric,51,49,visible rendered table; stale hidden layer excluded,https://publicsafety.princeton.edu/sites/g/files/toruqf2581/files/documents/Security%26FireSafety_Report_2025_V5.pdf#page=51,ccbe00f7856bb20e98e1b47573fc16eacd8d029fc3d377bf2eb38c92f77f7094,,,,,,private/current_2025_core_counts.csv
2025,2024,186131,186131002,James Forrestal Campus,negligent_manslaughter,Negligent manslaughter,criminal_offenses,noncampus,0,0,reported_numeric,51,49,visible rendered table; stale hidden layer excluded,https://publicsafety.princeton.edu/sites/g/files/toruqf2581/files/documents/Security%26FireSafety_Report_2025_V5.pdf#page=51,ccbe00f7856bb20e98e1b47573fc16eacd8d029fc3d377bf2eb38c92f77f7094,,,,,,private/current_2025_core_counts.csv
2025,2024,186131,186131002,James Forrestal Campus,negligent_manslaughter,Negligent manslaughter,criminal_offenses,oncampus,0,0,reported_numeric,51,49,visible rendered table; stale hidden layer excluded,https://publicsafety.princeton.edu/sites/g/files/toruqf2581/files/documents/Security%26FireSafety_Report_2025_V5.pdf#page=51,ccbe00f7856bb20e98e1b47573fc16eacd8d029fc3d377bf2eb38c92f77f7094,,,,,,private/current_2025_core_counts.csv
2025,2024,186131,186131002,James Forrestal Campus,negligent_manslaughter,Negligent manslaughter,criminal_offenses,publicproperty,0,0,reported_numeric,51,49,visible rendered table; stale hidden layer excluded,https://publicsafety.princeton.edu/sites/g/files/toruqf2581/files/documents/Security%26FireSafety_Report_2025_V5.pdf#page=51,ccbe00f7856bb20e98e1b47573fc16eacd8d029fc3d377bf2eb38c92f77f7094,,,,,,private/current_2025_core_counts.csv
2025,2024,186131,186131002,James Forrestal Campus,negligent_manslaughter,Negligent manslaughter,criminal_offenses,residential,0,0,reported_numeric,51,49,visible rendered table; stale hidden layer excluded,https://publicsafety.princeton.edu/sites/g/files/toruqf2581/files/documents/Security%26FireSafety_Report_2025_V5.pdf#page=51,ccbe00f7856bb20e98e1b47573fc16eacd8d029fc3d377bf2eb38c92f77f7094,,,,,,private/current_2025_core_counts.csv
2025,2024,186131,186131002,James Forrestal Campus,rape,Rape,criminal_offenses,noncampus,0,0,reported_numeric,51,49,visible rendered table; stale hidden layer excluded,https://publicsafety.princeton.edu/sites/g/files/toruqf2581/files/documents/Security%26FireSafety_Report_2025_V5.pdf#page=51,ccbe00f7856bb20e98e1b47573fc16eacd8d029fc3d377bf2eb38c92f77f7094,,,,,,private/current_2025_core_counts.csv
2025,2024,186131,186131002,James Forrestal Campus,rape,Rape,criminal_offenses,oncampus,0,0,reported_numeric,51,49,visible rendered table; stale hidden layer excluded,https://publicsafety.princeton.edu/sites/g/files/toruqf2581/files/documents/Security%26FireSafety_Report_2025_V5.pdf#page=51,ccbe00f7856bb20e98e1b47573fc16eacd8d029fc3d377bf2eb38c92f77f7094,,,,,,private/current_2025_core_counts.csv
2025,2024,186131,186131002,James Forrestal Campus,rape,Rape,criminal_offenses,publicproperty,0,0,reported_numeric,51,49,visible rendered table; stale hidden layer excluded,https://publicsafety.princeton.edu/sites/g/files/toruqf2581/files/documents/Security%26FireSafety_Report_2025_V5.pdf#page=51,ccbe00f7856bb20e98e1b47573fc16eacd8d029fc3d377bf2eb38c92f77f7094,,,,,,private/current_2025_core_counts.csv
2025,2024,186131,186131002,James Forrestal Campus,rape,Rape,criminal_offenses,residential,0,0,reported_numeric,51,49,visible rendered table; stale hidden layer excluded,https://publicsafety.princeton.edu/sites/g/files/toruqf2581/files/documents/Security%26FireSafety_Report_2025_V5.pdf#page=51,ccbe00f7856bb20e98e1b47573fc16eacd8d029fc3d377bf2eb38c92f77f7094,,,,,,private/current_2025_core_counts.csv
2025,2024,186131,186131002,James Forrestal Campus,robbery,Robbery,criminal_offenses,noncampus,0,0,reported_numeric,51,49,visible rendered table; stale hidden layer excluded,https://publicsafety.princeton.edu/sites/g/files/toruqf2581/files/documents/Security%26FireSafety_Report_2025_V5.pdf#page=51,ccbe00f7856bb20e98e1b47573fc16eacd8d029fc3d377bf2eb38c92f77f7094,,,,,,private/current_2025_core_counts.csv
2025,2024,186131,186131002,James Forrestal Campus,robbery,Robbery,criminal_offenses,oncampus,0,0,reported_numeric,51,49,visible rendered table; stale hidden layer excluded,https://publicsafety.princeton.edu/sites/g/files/toruqf2581/files/documents/Security%26FireSafety_Report_2025_V5.pdf#page=51,ccbe00f7856bb20e98e1b47573fc16eacd8d029fc3d377bf2eb38c92f77f7094,,,,,,private/current_2025_core_counts.csv
2025,2024,186131,186131002,James Forrestal Campus,robbery,Robbery,criminal_offenses,publicproperty,0,0,reported_numeric,51,49,visible rendered table; stale hidden layer excluded,https://publicsafety.princeton.edu/sites/g/files/toruqf2581/files/documents/Security%26FireSafety_Report_2025_V5.pdf#page=51,ccbe00f7856bb20e98e1b47573fc16eacd8d029fc3d377bf2eb38c92f77f7094,,,,,,private/current_2025_core_counts.csv
2025,2024,186131,186131002,James Forrestal Campus,robbery,Robbery,criminal_offenses,residential,0,0,reported_numeric,51,49,visible rendered table; stale hidden layer excluded,https://publicsafety.princeton.edu/sites/g/files/toruqf2581/files/documents/Security%26FireSafety_Report_2025_V5.pdf#page=51,ccbe00f7856bb20e98e1b47573fc16eacd8d029fc3d377bf2eb38c92f77f7094,,,,,,private/current_2025_core_counts.csv
2025,2024,186131,186131002,James Forrestal Campus,stalking,Stalking (VAWA),vawa,noncampus,0,0,reported_numeric,53,51,visible rendered table; stale hidden layer excluded,https://publicsafety.princeton.edu/sites/g/files/toruqf2581/files/documents/Security%26FireSafety_Report_2025_V5.pdf#page=53,ccbe00f7856bb20e98e1b47573fc16eacd8d029fc3d377bf2eb38c92f77f7094,,,,,,private/current_2025_core_counts.csv
2025,2024,186131,186131002,James Forrestal Campus,stalking,Stalking (VAWA),vawa,oncampus,0,0,reported_numeric,53,51,visible rendered table; stale hidden layer excluded,https://publicsafety.princeton.edu/sites/g/files/toruqf2581/files/documents/Security%26FireSafety_Report_2025_V5.pdf#page=53,ccbe00f7856bb20e98e1b47573fc16eacd8d029fc3d377bf2eb38c92f77f7094,,,,,,private/current_2025_core_counts.csv
2025,2024,186131,186131002,James Forrestal Campus,stalking,Stalking (VAWA),vawa,publicproperty,0,0,reported_numeric,53,51,visible rendered table; stale hidden layer excluded,https://publicsafety.princeton.edu/sites/g/files/toruqf2581/files/documents/Security%26FireSafety_Report_2025_V5.pdf#page=53,ccbe00f7856bb20e98e1b47573fc16eacd8d029fc3d377bf2eb38c92f77f7094,,,,,,private/current_2025_core_counts.csv
2025,2024,186131,186131002,James Forrestal Campus,stalking,Stalking (VAWA),vawa,residential,0,0,reported_numeric,53,51,visible rendered table; stale hidden layer excluded,https://publicsafety.princeton.edu/sites/g/files/toruqf2581/files/documents/Security%26FireSafety_Report_2025_V5.pdf#page=53,ccbe00f7856bb20e98e1b47573fc16eacd8d029fc3d377bf2eb38c92f77f7094,,,,,,private/current_2025_core_counts.csv
2025,2024,186131,186131002,James Forrestal Campus,statutory_rape,Statutory rape,criminal_offenses,noncampus,0,0,reported_numeric,51,49,visible rendered table; stale hidden layer excluded,https://publicsafety.princeton.edu/sites/g/files/toruqf2581/files/documents/Security%26FireSafety_Report_2025_V5.pdf#page=51,ccbe00f7856bb20e98e1b47573fc16eacd8d029fc3d377bf2eb38c92f77f7094,,,,,,private/current_2025_core_counts.csv
2025,2024,186131,186131002,James Forrestal Campus,statutory_rape,Statutory rape,criminal_offenses,oncampus,0,0,reported_numeric,51,49,visible rendered table; stale hidden layer excluded,https://publicsafety.princeton.edu/sites/g/files/toruqf2581/files/documents/Security%26FireSafety_Report_2025_V5.pdf#page=51,ccbe00f7856bb20e98e1b47573fc16eacd8d029fc3d377bf2eb38c92f77f7094,,,,,,private/current_2025_core_counts.csv
2025,2024,186131,186131002,James Forrestal Campus,statutory_rape,Statutory rape,criminal_offenses,publicproperty,0,0,reported_numeric,51,49,visible rendered table; stale hidden layer excluded,https://publicsafety.princeton.edu/sites/g/files/toruqf2581/files/documents/Security%26FireSafety_Report_2025_V5.pdf#page=51,ccbe00f7856bb20e98e1b47573fc16eacd8d029fc3d377bf2eb38c92f77f7094,,,,,,private/current_2025_core_counts.csv
2025,2024,186131,186131002,James Forrestal Campus,statutory_rape,Statutory rape,criminal_offenses,residential,0,0,reported_numeric,51,49,visible rendered table; stale hidden layer excluded,https://publicsafety.princeton.edu/sites/g/files/toruqf2581/files/documents/Security%26FireSafety_Report_2025_V5.pdf#page=51,ccbe00f7856bb20e98e1b47573fc16eacd8d029fc3d377bf2eb38c92f77f7094,,,,,,private/current_2025_core_counts.csv
2025,2023,243744,243744001,Main Campus,aggravated_assault,Aggravated assault,criminal_offenses,noncampus,0,0,reported_numeric,101,101,multiline geometry grid,https://police.stanford.edu/pdf/ssfr-2025.pdf#page=101,bba0e2a0a14186a318af38a9c712e419b295968d17e394372a4e4fd8fde9c28c,,,,,,private/current_2025_core_counts.csv
2025,2023,243744,243744001,Main Campus,aggravated_assault,Aggravated assault,criminal_offenses,oncampus,18,18,reported_numeric,101,101,multiline geometry grid,https://police.stanford.edu/pdf/ssfr-2025.pdf#page=101,bba0e2a0a14186a318af38a9c712e419b295968d17e394372a4e4fd8fde9c28c,,,,,,private/current_2025_core_counts.csv
2025,2023,243744,243744001,Main Campus,aggravated_assault,Aggravated assault,criminal_offenses,publicproperty,3,3,reported_numeric,101,101,multiline geometry grid,https://police.stanford.edu/pdf/ssfr-2025.pdf#page=101,bba0e2a0a14186a318af38a9c712e419b295968d17e394372a4e4fd8fde9c28c,,,,,,private/current_2025_core_counts.csv
2025,2023,243744,243744001,Main Campus,aggravated_assault,Aggravated assault,criminal_offenses,residential,2,2,reported_numeric,101,101,multiline geometry grid,https://police.stanford.edu/pdf/ssfr-2025.pdf#page=101,bba0e2a0a14186a318af38a9c712e419b295968d17e394372a4e4fd8fde9c28c,,,,,,private/current_2025_core_counts.csv
2025,2023,243744,243744001,Main Campus,arson,Arson,criminal_offenses,noncampus,0,0,reported_numeric,101,101,multiline geometry grid,https://police.stanford.edu/pdf/ssfr-2025.pdf#page=101,bba0e2a0a14186a318af38a9c712e419b295968d17e394372a4e4fd8fde9c28c,,,,,,private/current_2025_core_counts.csv
2025,2023,243744,243744001,Main Campus,arson,Arson,criminal_offenses,oncampus,2,2,reported_numeric,101,101,multiline geometry grid,https://police.stanford.edu/pdf/ssfr-2025.pdf#page=101,bba0e2a0a14186a318af38a9c712e419b295968d17e394372a4e4fd8fde9c28c,,,,,,private/current_2025_core_counts.csv
2025,2023,243744,243744001,Main Campus,arson,Arson,criminal_offenses,publicproperty,0,0,reported_numeric,101,101,multiline geometry grid,https://police.stanford.edu/pdf/ssfr-2025.pdf#page=101,bba0e2a0a14186a318af38a9c712e419b295968d17e394372a4e4fd8fde9c28c,,,,,,private/current_2025_core_counts.csv
2025,2023,243744,243744001,Main Campus,arson,Arson,criminal_offenses,residential,1,1,reported_numeric,101,101,multiline geometry grid,https://police.stanford.edu/pdf/ssfr-2025.pdf#page=101,bba0e2a0a14186a318af38a9c712e419b295968d17e394372a4e4fd8fde9c28c,,,,,,private/current_2025_core_counts.csv
2025,2023,243744,243744001,Main Campus,burglary,Burglary,criminal_offenses,noncampus,1,1,reported_numeric,101,101,multiline geometry grid,https://police.stanford.edu/pdf/ssfr-2025.pdf#page=101,bba0e2a0a14186a318af38a9c712e419b295968d17e394372a4e4fd8fde9c28c,,,,,,private/current_2025_core_counts.csv
2025,2023,243744,243744001,Main Campus,burglary,Burglary,criminal_offenses,oncampus,27,27,reported_numeric,101,101,multiline geometry grid,https://police.stanford.edu/pdf/ssfr-2025.pdf#page=101,bba0e2a0a14186a318af38a9c712e419b295968d17e394372a4e4fd8fde9c28c,,,,,,private/current_2025_core_counts.csv
2025,2023,243744,243744001,Main Campus,burglary,Burglary,criminal_offenses,publicproperty,0,0,reported_numeric,101,101,multiline geometry grid,https://police.stanford.edu/pdf/ssfr-2025.pdf#page=101,bba0e2a0a14186a318af38a9c712e419b295968d17e394372a4e4fd8fde9c28c,,,,,,private/current_2025_core_counts.csv
2025,2023,243744,243744001,Main Campus,burglary,Burglary,criminal_offenses,residential,16,16,reported_numeric,101,101,multiline geometry grid,https://police.stanford.edu/pdf/ssfr-2025.pdf#page=101,bba0e2a0a14186a318af38a9c712e419b295968d17e394372a4e4fd8fde9c28c,,,,,,private/current_2025_core_counts.csv
2025,2023,243744,243744001,Main Campus,dating_violence,Dating violence (VAWA),vawa,noncampus,0,0,reported_numeric,102,102,multiline geometry grid,https://police.stanford.edu/pdf/ssfr-2025.pdf#page=102,bba0e2a0a14186a318af38a9c712e419b295968d17e394372a4e4fd8fde9c28c,,,,,,private/current_2025_core_counts.csv
2025,2023,243744,243744001,Main Campus,dating_violence,Dating violence (VAWA),vawa,oncampus,0,0,reported_numeric,102,102,multiline geometry grid,https://police.stanford.edu/pdf/ssfr-2025.pdf#page=102,bba0e2a0a14186a318af38a9c712e419b295968d17e394372a4e4fd8fde9c28c,,,,,,private/current_2025_core_counts.csv
2025,2023,243744,243744001,Main Campus,dating_violence,Dating violence (VAWA),vawa,publicproperty,0,0,reported_numeric,102,102,multiline geometry grid,https://police.stanford.edu/pdf/ssfr-2025.pdf#page=102,bba0e2a0a14186a318af38a9c712e419b295968d17e394372a4e4fd8fde9c28c,,,,,,private/current_2025_core_counts.csv
2025,2023,243744,243744001,Main Campus,dating_violence,Dating violence (VAWA),vawa,residential,0,0,reported_numeric,102,102,multiline geometry grid,https://police.stanford.edu/pdf/ssfr-2025.pdf#page=102,bba0e2a0a14186a318af38a9c712e419b295968d17e394372a4e4fd8fde9c28c,,,,,,private/current_2025_core_counts.csv
2025,2023,243744,243744001,Main Campus,domestic_violence,Domestic violence (VAWA),vawa,noncampus,0,0,reported_numeric,102,102,multiline geometry grid,https://police.stanford.edu/pdf/ssfr-2025.pdf#page=102,bba0e2a0a14186a318af38a9c712e419b295968d17e394372a4e4fd8fde9c28c,,,,,,private/current_2025_core_counts.csv
2025,2023,243744,243744001,Main Campus,domestic_violence,Domestic violence (VAWA),vawa,oncampus,12,12,reported_numeric,102,102,multiline geometry grid,https://police.stanford.edu/pdf/ssfr-2025.pdf#page=102,bba0e2a0a14186a318af38a9c712e419b295968d17e394372a4e4fd8fde9c28c,,,,,,private/current_2025_core_counts.csv
2025,2023,243744,243744001,Main Campus,domestic_violence,Domestic violence (VAWA),vawa,publicproperty,1,1,reported_numeric,102,102,multiline geometry grid,https://police.stanford.edu/pdf/ssfr-2025.pdf#page=102,bba0e2a0a14186a318af38a9c712e419b295968d17e394372a4e4fd8fde9c28c,,,,,,private/current_2025_core_counts.csv
2025,2023,243744,243744001,Main Campus,domestic_violence,Domestic violence (VAWA),vawa,residential,3,3,reported_numeric,102,102,multiline geometry grid,https://police.stanford.edu/pdf/ssfr-2025.pdf#page=102,bba0e2a0a14186a318af38a9c712e419b295968d17e394372a4e4fd8fde9c28c,,,,,,private/current_2025_core_counts.csv
2025,2023,243744,243744001,Main Campus,fondling,Fondling,criminal_offenses,noncampus,1,1,reported_numeric,102,102,multiline geometry grid,https://police.stanford.edu/pdf/ssfr-2025.pdf#page=102,bba0e2a0a14186a318af38a9c712e419b295968d17e394372a4e4fd8fde9c28c,,,,,,private/current_2025_core_counts.csv
2025,2023,243744,243744001,Main Campus,fondling,Fondling,criminal_offenses,oncampus,28,28,reported_numeric,102,102,multiline geometry grid,https://police.stanford.edu/pdf/ssfr-2025.pdf#page=102,bba0e2a0a14186a318af38a9c712e419b295968d17e394372a4e4fd8fde9c28c,,,,,,private/current_2025_core_counts.csv
2025,2023,243744,243744001,Main Campus,fondling,Fondling,criminal_offenses,publicproperty,0,0,reported_numeric,102,102,multiline geometry grid,https://police.stanford.edu/pdf/ssfr-2025.pdf#page=102,bba0e2a0a14186a318af38a9c712e419b295968d17e394372a4e4fd8fde9c28c,,,,,,private/current_2025_core_counts.csv
2025,2023,243744,243744001,Main Campus,fondling,Fondling,criminal_offenses,residential,7,7,reported_numeric,102,102,multiline geometry grid,https://police.stanford.edu/pdf/ssfr-2025.pdf#page=102,bba0e2a0a14186a318af38a9c712e419b295968d17e394372a4e4fd8fde9c28c,,,,,,private/current_2025_core_counts.csv
2025,2023,243744,243744001,Main Campus,incest,Incest,criminal_offenses,noncampus,0,0,reported_numeric,102,102,multiline geometry grid,https://police.stanford.edu/pdf/ssfr-2025.pdf#page=102,bba0e2a0a14186a318af38a9c712e419b295968d17e394372a4e4fd8fde9c28c,,,,,,private/current_2025_core_counts.csv
2025,2023,243744,243744001,Main Campus,incest,Incest,criminal_offenses,oncampus,0,0,reported_numeric,102,102,multiline geometry grid,https://police.stanford.edu/pdf/ssfr-2025.pdf#page=102,bba0e2a0a14186a318af38a9c712e419b295968d17e394372a4e4fd8fde9c28c,,,,,,private/current_2025_core_counts.csv
2025,2023,243744,243744001,Main Campus,incest,Incest,criminal_offenses,publicproperty,0,0,reported_numeric,102,102,multiline geometry grid,https://police.stanford.edu/pdf/ssfr-2025.pdf#page=102,bba0e2a0a14186a318af38a9c712e419b295968d17e394372a4e4fd8fde9c28c,,,,,,private/current_2025_core_counts.csv
2025,2023,243744,243744001,Main Campus,incest,Incest,criminal_offenses,residential,0,0,reported_numeric,102,102,multiline geometry grid,https://police.stanford.edu/pdf/ssfr-2025.pdf#page=102,bba0e2a0a14186a318af38a9c712e419b295968d17e394372a4e4fd8fde9c28c,,,,,,private/current_2025_core_counts.csv
2025,2023,243744,243744001,Main Campus,motor_vehicle_theft,Motor vehicle theft,criminal_offenses,noncampus,0,0,reported_numeric,101,101,multiline geometry grid,https://police.stanford.edu/pdf/ssfr-2025.pdf#page=101,bba0e2a0a14186a318af38a9c712e419b295968d17e394372a4e4fd8fde9c28c,,,,,,private/current_2025_core_counts.csv
2025,2023,243744,243744001,Main Campus,motor_vehicle_theft,Motor vehicle theft,criminal_offenses,oncampus,190,190,reported_numeric,101,101,multiline geometry grid,https://police.stanford.edu/pdf/ssfr-2025.pdf#page=101,bba0e2a0a14186a318af38a9c712e419b295968d17e394372a4e4fd8fde9c28c,,,,,,private/current_2025_core_counts.csv
2025,2023,243744,243744001,Main Campus,motor_vehicle_theft,Motor vehicle theft,criminal_offenses,publicproperty,0,0,reported_numeric,101,101,multiline geometry grid,https://police.stanford.edu/pdf/ssfr-2025.pdf#page=101,bba0e2a0a14186a318af38a9c712e419b295968d17e394372a4e4fd8fde9c28c,,,,,,private/current_2025_core_counts.csv
2025,2023,243744,243744001,Main Campus,motor_vehicle_theft,Motor vehicle theft,criminal_offenses,residential,11,11,reported_numeric,101,101,multiline geometry grid,https://police.stanford.edu/pdf/ssfr-2025.pdf#page=101,bba0e2a0a14186a318af38a9c712e419b295968d17e394372a4e4fd8fde9c28c,,,,,,private/current_2025_core_counts.csv
2025,2023,243744,243744001,Main Campus,murder,Murder / nonnegligent manslaughter,criminal_offenses,noncampus,0,0,reported_numeric,101,101,multiline geometry grid,https://police.stanford.edu/pdf/ssfr-2025.pdf#page=101,bba0e2a0a14186a318af38a9c712e419b295968d17e394372a4e4fd8fde9c28c,,,,,,private/current_2025_core_counts.csv
2025,2023,243744,243744001,Main Campus,murder,Murder / nonnegligent manslaughter,criminal_offenses,oncampus,0,0,reported_numeric,101,101,multiline geometry grid,https://police.stanford.edu/pdf/ssfr-2025.pdf#page=101,bba0e2a0a14186a318af38a9c712e419b295968d17e394372a4e4fd8fde9c28c,,,,,,private/current_2025_core_counts.csv
2025,2023,243744,243744001,Main Campus,murder,Murder / nonnegligent manslaughter,criminal_offenses,publicproperty,0,0,reported_numeric,101,101,multiline geometry grid,https://police.stanford.edu/pdf/ssfr-2025.pdf#page=101,bba0e2a0a14186a318af38a9c712e419b295968d17e394372a4e4fd8fde9c28c,,,,,,private/current_2025_core_counts.csv
2025,2023,243744,243744001,Main Campus,murder,Murder / nonnegligent manslaughter,criminal_offenses,residential,0,0,reported_numeric,101,101,multiline geometry grid,https://police.stanford.edu/pdf/ssfr-2025.pdf#page=101,bba0e2a0a14186a318af38a9c712e419b295968d17e394372a4e4fd8fde9c28c,,,,,,private/current_2025_core_counts.csv
2025,2023,243744,243744001,Main Campus,negligent_manslaughter,Negligent manslaughter,criminal_offenses,noncampus,0,0,reported_numeric,101,101,multiline geometry grid,https://police.stanford.edu/pdf/ssfr-2025.pdf#page=101,bba0e2a0a14186a318af38a9c712e419b295968d17e394372a4e4fd8fde9c28c,,,,,,private/current_2025_core_counts.csv
2025,2023,243744,243744001,Main Campus,negligent_manslaughter,Negligent manslaughter,criminal_offenses,oncampus,0,0,reported_numeric,101,101,multiline geometry grid,https://police.stanford.edu/pdf/ssfr-2025.pdf#page=101,bba0e2a0a14186a318af38a9c712e419b295968d17e394372a4e4fd8fde9c28c,,,,,,private/current_2025_core_counts.csv
2025,2023,243744,243744001,Main Campus,negligent_manslaughter,Negligent manslaughter,criminal_offenses,publicproperty,0,0,reported_numeric,101,101,multiline geometry grid,https://police.stanford.edu/pdf/ssfr-2025.pdf#page=101,bba0e2a0a14186a318af38a9c712e419b295968d17e394372a4e4fd8fde9c28c,,,,,,private/current_2025_core_counts.csv
2025,2023,243744,243744001,Main Campus,negligent_manslaughter,Negligent manslaughter,criminal_offenses,residential,0,0,reported_numeric,101,101,multiline geometry grid,https://police.stanford.edu/pdf/ssfr-2025.pdf#page=101,bba0e2a0a14186a318af38a9c712e419b295968d17e394372a4e4fd8fde9c28c,,,,,,private/current_2025_core_counts.csv
2025,2023,243744,243744001,Main Campus,rape,Rape,criminal_offenses,noncampus,0,0,reported_numeric,102,102,multiline geometry grid,https://police.stanford.edu/pdf/ssfr-2025.pdf#page=102,bba0e2a0a14186a318af38a9c712e419b295968d17e394372a4e4fd8fde9c28c,,,,,,private/current_2025_core_counts.csv
2025,2023,243744,243744001,Main Campus,rape,Rape,criminal_offenses,oncampus,31,31,reported_numeric,102,102,multiline geometry grid,https://police.stanford.edu/pdf/ssfr-2025.pdf#page=102,bba0e2a0a14186a318af38a9c712e419b295968d17e394372a4e4fd8fde9c28c,,,,,,private/current_2025_core_counts.csv
2025,2023,243744,243744001,Main Campus,rape,Rape,criminal_offenses,publicproperty,0,0,reported_numeric,102,102,multiline geometry grid,https://police.stanford.edu/pdf/ssfr-2025.pdf#page=102,bba0e2a0a14186a318af38a9c712e419b295968d17e394372a4e4fd8fde9c28c,,,,,,private/current_2025_core_counts.csv
2025,2023,243744,243744001,Main Campus,rape,Rape,criminal_offenses,residential,13,13,reported_numeric,102,102,multiline geometry grid,https://police.stanford.edu/pdf/ssfr-2025.pdf#page=102,bba0e2a0a14186a318af38a9c712e419b295968d17e394372a4e4fd8fde9c28c,,,,,,private/current_2025_core_counts.csv
2025,2023,243744,243744001,Main Campus,robbery,Robbery,criminal_offenses,noncampus,0,0,reported_numeric,101,101,multiline geometry grid,https://police.stanford.edu/pdf/ssfr-2025.pdf#page=101,bba0e2a0a14186a318af38a9c712e419b295968d17e394372a4e4fd8fde9c28c,,,,,,private/current_2025_core_counts.csv
2025,2023,243744,243744001,Main Campus,robbery,Robbery,criminal_offenses,oncampus,5,5,reported_numeric,101,101,multiline geometry grid,https://police.stanford.edu/pdf/ssfr-2025.pdf#page=101,bba0e2a0a14186a318af38a9c712e419b295968d17e394372a4e4fd8fde9c28c,,,,,,private/current_2025_core_counts.csv
2025,2023,243744,243744001,Main Campus,robbery,Robbery,criminal_offenses,publicproperty,4,4,reported_numeric,101,101,multiline geometry grid,https://police.stanford.edu/pdf/ssfr-2025.pdf#page=101,bba0e2a0a14186a318af38a9c712e419b295968d17e394372a4e4fd8fde9c28c,,,,,,private/current_2025_core_counts.csv
2025,2023,243744,243744001,Main Campus,robbery,Robbery,criminal_offenses,residential,0,0,reported_numeric,101,101,multiline geometry grid,https://police.stanford.edu/pdf/ssfr-2025.pdf#page=101,bba0e2a0a14186a318af38a9c712e419b295968d17e394372a4e4fd8fde9c28c,,,,,,private/current_2025_core_counts.csv
2025,2023,243744,243744001,Main Campus,stalking,Stalking (VAWA),vawa,noncampus,0,0,reported_numeric,102,102,multiline geometry grid,https://police.stanford.edu/pdf/ssfr-2025.pdf#page=102,bba0e2a0a14186a318af38a9c712e419b295968d17e394372a4e4fd8fde9c28c,,,,,,private/current_2025_core_counts.csv
2025,2023,243744,243744001,Main Campus,stalking,Stalking (VAWA),vawa,oncampus,55,55,reported_numeric,102,102,multiline geometry grid,https://police.stanford.edu/pdf/ssfr-2025.pdf#page=102,bba0e2a0a14186a318af38a9c712e419b295968d17e394372a4e4fd8fde9c28c,,,,,,private/current_2025_core_counts.csv
2025,2023,243744,243744001,Main Campus,stalking,Stalking (VAWA),vawa,publicproperty,0,0,reported_numeric,102,102,multiline geometry grid,https://police.stanford.edu/pdf/ssfr-2025.pdf#page=102,bba0e2a0a14186a318af38a9c712e419b295968d17e394372a4e4fd8fde9c28c,,,,,,private/current_2025_core_counts.csv
2025,2023,243744,243744001,Main Campus,stalking,Stalking (VAWA),vawa,residential,14,14,reported_numeric,102,102,multiline geometry grid,https://police.stanford.edu/pdf/ssfr-2025.pdf#page=102,bba0e2a0a14186a318af38a9c712e419b295968d17e394372a4e4fd8fde9c28c,,,,,,private/current_2025_core_counts.csv
2025,2023,243744,243744001,Main Campus,statutory_rape,Statutory rape,criminal_offenses,noncampus,0,0,reported_numeric,102,102,multiline geometry grid,https://police.stanford.edu/pdf/ssfr-2025.pdf#page=102,bba0e2a0a14186a318af38a9c712e419b295968d17e394372a4e4fd8fde9c28c,,,,,,private/current_2025_core_counts.csv
2025,2023,243744,243744001,Main Campus,statutory_rape,Statutory rape,criminal_offenses,oncampus,4,4#,reported_numeric,102,102,multiline geometry grid,https://police.stanford.edu/pdf/ssfr-2025.pdf#page=102,bba0e2a0a14186a318af38a9c712e419b295968d17e394372a4e4fd8fde9c28c,,,,,,private/current_2025_core_counts.csv
2025,2023,243744,243744001,Main Campus,statutory_rape,Statutory rape,criminal_offenses,publicproperty,0,0,reported_numeric,102,102,multiline geometry grid,https://police.stanford.edu/pdf/ssfr-2025.pdf#page=102,bba0e2a0a14186a318af38a9c712e419b295968d17e394372a4e4fd8fde9c28c,,,,,,private/current_2025_core_counts.csv
2025,2023,243744,243744001,Main Campus,statutory_rape,Statutory rape,criminal_offenses,residential,0,0,reported_numeric,102,102,multiline geometry grid,https://police.stanford.edu/pdf/ssfr-2025.pdf#page=102,bba0e2a0a14186a318af38a9c712e419b295968d17e394372a4e4fd8fde9c28c,,,,,,private/current_2025_core_counts.csv
2025,2024,243744,243744001,Main Campus,aggravated_assault,Aggravated assault,criminal_offenses,noncampus,0,0,reported_numeric,101,101,multiline geometry grid,https://police.stanford.edu/pdf/ssfr-2025.pdf#page=101,bba0e2a0a14186a318af38a9c712e419b295968d17e394372a4e4fd8fde9c28c,,,,,,private/current_2025_core_counts.csv
2025,2024,243744,243744001,Main Campus,aggravated_assault,Aggravated assault,criminal_offenses,oncampus,26,26,reported_numeric,101,101,multiline geometry grid,https://police.stanford.edu/pdf/ssfr-2025.pdf#page=101,bba0e2a0a14186a318af38a9c712e419b295968d17e394372a4e4fd8fde9c28c,,,,,,private/current_2025_core_counts.csv
2025,2024,243744,243744001,Main Campus,aggravated_assault,Aggravated assault,criminal_offenses,publicproperty,0,0,reported_numeric,101,101,multiline geometry grid,https://police.stanford.edu/pdf/ssfr-2025.pdf#page=101,bba0e2a0a14186a318af38a9c712e419b295968d17e394372a4e4fd8fde9c28c,,,,,,private/current_2025_core_counts.csv
2025,2024,243744,243744001,Main Campus,aggravated_assault,Aggravated assault,criminal_offenses,residential,17,17,reported_numeric,101,101,multiline geometry grid,https://police.stanford.edu/pdf/ssfr-2025.pdf#page=101,bba0e2a0a14186a318af38a9c712e419b295968d17e394372a4e4fd8fde9c28c,,,,,,private/current_2025_core_counts.csv
2025,2024,243744,243744001,Main Campus,arson,Arson,criminal_offenses,noncampus,0,0,reported_numeric,101,101,multiline geometry grid,https://police.stanford.edu/pdf/ssfr-2025.pdf#page=101,bba0e2a0a14186a318af38a9c712e419b295968d17e394372a4e4fd8fde9c28c,,,,,,private/current_2025_core_counts.csv
2025,2024,243744,243744001,Main Campus,arson,Arson,criminal_offenses,oncampus,0,0,reported_numeric,101,101,multiline geometry grid,https://police.stanford.edu/pdf/ssfr-2025.pdf#page=101,bba0e2a0a14186a318af38a9c712e419b295968d17e394372a4e4fd8fde9c28c,,,,,,private/current_2025_core_counts.csv
2025,2024,243744,243744001,Main Campus,arson,Arson,criminal_offenses,publicproperty,0,0,reported_numeric,101,101,multiline geometry grid,https://police.stanford.edu/pdf/ssfr-2025.pdf#page=101,bba0e2a0a14186a318af38a9c712e419b295968d17e394372a4e4fd8fde9c28c,,,,,,private/current_2025_core_counts.csv
2025,2024,243744,243744001,Main Campus,arson,Arson,criminal_offenses,residential,0,0,reported_numeric,101,101,multiline geometry grid,https://police.stanford.edu/pdf/ssfr-2025.pdf#page=101,bba0e2a0a14186a318af38a9c712e419b295968d17e394372a4e4fd8fde9c28c,,,,,,private/current_2025_core_counts.csv
2025,2024,243744,243744001,Main Campus,burglary,Burglary,criminal_offenses,noncampus,0,0,reported_numeric,101,101,multiline geometry grid,https://police.stanford.edu/pdf/ssfr-2025.pdf#page=101,bba0e2a0a14186a318af38a9c712e419b295968d17e394372a4e4fd8fde9c28c,,,,,,private/current_2025_core_counts.csv
2025,2024,243744,243744001,Main Campus,burglary,Burglary,criminal_offenses,oncampus,31,31,reported_numeric,101,101,multiline geometry grid,https://police.stanford.edu/pdf/ssfr-2025.pdf#page=101,bba0e2a0a14186a318af38a9c712e419b295968d17e394372a4e4fd8fde9c28c,,,,,,private/current_2025_core_counts.csv
2025,2024,243744,243744001,Main Campus,burglary,Burglary,criminal_offenses,publicproperty,0,0,reported_numeric,101,101,multiline geometry grid,https://police.stanford.edu/pdf/ssfr-2025.pdf#page=101,bba0e2a0a14186a318af38a9c712e419b295968d17e394372a4e4fd8fde9c28c,,,,,,private/current_2025_core_counts.csv
2025,2024,243744,243744001,Main Campus,burglary,Burglary,criminal_offenses,residential,18,18,reported_numeric,101,101,multiline geometry grid,https://police.stanford.edu/pdf/ssfr-2025.pdf#page=101,bba0e2a0a14186a318af38a9c712e419b295968d17e394372a4e4fd8fde9c28c,,,,,,private/current_2025_core_counts.csv
2025,2024,243744,243744001,Main Campus,dating_violence,Dating violence (VAWA),vawa,noncampus,0,0,reported_numeric,102,102,multiline geometry grid,https://police.stanford.edu/pdf/ssfr-2025.pdf#page=102,bba0e2a0a14186a318af38a9c712e419b295968d17e394372a4e4fd8fde9c28c,,,,,,private/current_2025_core_counts.csv
2025,2024,243744,243744001,Main Campus,dating_violence,Dating violence (VAWA),vawa,oncampus,0,0,reported_numeric,102,102,multiline geometry grid,https://police.stanford.edu/pdf/ssfr-2025.pdf#page=102,bba0e2a0a14186a318af38a9c712e419b295968d17e394372a4e4fd8fde9c28c,,,,,,private/current_2025_core_counts.csv
2025,2024,243744,243744001,Main Campus,dating_violence,Dating violence (VAWA),vawa,publicproperty,0,0,reported_numeric,102,102,multiline geometry grid,https://police.stanford.edu/pdf/ssfr-2025.pdf#page=102,bba0e2a0a14186a318af38a9c712e419b295968d17e394372a4e4fd8fde9c28c,,,,,,private/current_2025_core_counts.csv
2025,2024,243744,243744001,Main Campus,dating_violence,Dating violence (VAWA),vawa,residential,0,0,reported_numeric,102,102,multiline geometry grid,https://police.stanford.edu/pdf/ssfr-2025.pdf#page=102,bba0e2a0a14186a318af38a9c712e419b295968d17e394372a4e4fd8fde9c28c,,,,,,private/current_2025_core_counts.csv
2025,2024,243744,243744001,Main Campus,domestic_violence,Domestic violence (VAWA),vawa,noncampus,1,1,reported_numeric,102,102,multiline geometry grid,https://police.stanford.edu/pdf/ssfr-2025.pdf#page=102,bba0e2a0a14186a318af38a9c712e419b295968d17e394372a4e4fd8fde9c28c,,,,,,private/current_2025_core_counts.csv
2025,2024,243744,243744001,Main Campus,domestic_violence,Domestic violence (VAWA),vawa,oncampus,53,53¶,reported_numeric,102,102,multiline geometry grid,https://police.stanford.edu/pdf/ssfr-2025.pdf#page=102,bba0e2a0a14186a318af38a9c712e419b295968d17e394372a4e4fd8fde9c28c,,,,,,private/current_2025_core_counts.csv
2025,2024,243744,243744001,Main Campus,domestic_violence,Domestic violence (VAWA),vawa,publicproperty,0,0,reported_numeric,102,102,multiline geometry grid,https://police.stanford.edu/pdf/ssfr-2025.pdf#page=102,bba0e2a0a14186a318af38a9c712e419b295968d17e394372a4e4fd8fde9c28c,,,,,,private/current_2025_core_counts.csv
2025,2024,243744,243744001,Main Campus,domestic_violence,Domestic violence (VAWA),vawa,residential,44,44,reported_numeric,102,102,multiline geometry grid,https://police.stanford.edu/pdf/ssfr-2025.pdf#page=102,bba0e2a0a14186a318af38a9c712e419b295968d17e394372a4e4fd8fde9c28c,,,,,,private/current_2025_core_counts.csv
2025,2024,243744,243744001,Main Campus,fondling,Fondling,criminal_offenses,noncampus,0,0,reported_numeric,102,102,multiline geometry grid,https://police.stanford.edu/pdf/ssfr-2025.pdf#page=102,bba0e2a0a14186a318af38a9c712e419b295968d17e394372a4e4fd8fde9c28c,,,,,,private/current_2025_core_counts.csv
2025,2024,243744,243744001,Main Campus,fondling,Fondling,criminal_offenses,oncampus,19,19,reported_numeric,102,102,multiline geometry grid,https://police.stanford.edu/pdf/ssfr-2025.pdf#page=102,bba0e2a0a14186a318af38a9c712e419b295968d17e394372a4e4fd8fde9c28c,,,,,,private/current_2025_core_counts.csv
2025,2024,243744,243744001,Main Campus,fondling,Fondling,criminal_offenses,publicproperty,0,0,reported_numeric,102,102,multiline geometry grid,https://police.stanford.edu/pdf/ssfr-2025.pdf#page=102,bba0e2a0a14186a318af38a9c712e419b295968d17e394372a4e4fd8fde9c28c,,,,,,private/current_2025_core_counts.csv
2025,2024,243744,243744001,Main Campus,fondling,Fondling,criminal_offenses,residential,6,6,reported_numeric,102,102,multiline geometry grid,https://police.stanford.edu/pdf/ssfr-2025.pdf#page=102,bba0e2a0a14186a318af38a9c712e419b295968d17e394372a4e4fd8fde9c28c,,,,,,private/current_2025_core_counts.csv
2025,2024,243744,243744001,Main Campus,incest,Incest,criminal_offenses,noncampus,0,0,reported_numeric,102,102,multiline geometry grid,https://police.stanford.edu/pdf/ssfr-2025.pdf#page=102,bba0e2a0a14186a318af38a9c712e419b295968d17e394372a4e4fd8fde9c28c,,,,,,private/current_2025_core_counts.csv
2025,2024,243744,243744001,Main Campus,incest,Incest,criminal_offenses,oncampus,0,0,reported_numeric,102,102,multiline geometry grid,https://police.stanford.edu/pdf/ssfr-2025.pdf#page=102,bba0e2a0a14186a318af38a9c712e419b295968d17e394372a4e4fd8fde9c28c,,,,,,private/current_2025_core_counts.csv
2025,2024,243744,243744001,Main Campus,incest,Incest,criminal_offenses,publicproperty,0,0,reported_numeric,102,102,multiline geometry grid,https://police.stanford.edu/pdf/ssfr-2025.pdf#page=102,bba0e2a0a14186a318af38a9c712e419b295968d17e394372a4e4fd8fde9c28c,,,,,,private/current_2025_core_counts.csv
2025,2024,243744,243744001,Main Campus,incest,Incest,criminal_offenses,residential,0,0,reported_numeric,102,102,multiline geometry grid,https://police.stanford.edu/pdf/ssfr-2025.pdf#page=102,bba0e2a0a14186a318af38a9c712e419b295968d17e394372a4e4fd8fde9c28c,,,,,,private/current_2025_core_counts.csv
2025,2024,243744,243744001,Main Campus,motor_vehicle_theft,Motor vehicle theft,criminal_offenses,noncampus,1,1,reported_numeric,101,101,multiline geometry grid,https://police.stanford.edu/pdf/ssfr-2025.pdf#page=101,bba0e2a0a14186a318af38a9c712e419b295968d17e394372a4e4fd8fde9c28c,,,,,,private/current_2025_core_counts.csv
2025,2024,243744,243744001,Main Campus,motor_vehicle_theft,Motor vehicle theft,criminal_offenses,oncampus,181,181,reported_numeric,101,101,multiline geometry grid,https://police.stanford.edu/pdf/ssfr-2025.pdf#page=101,bba0e2a0a14186a318af38a9c712e419b295968d17e394372a4e4fd8fde9c28c,,,,,,private/current_2025_core_counts.csv
2025,2024,243744,243744001,Main Campus,motor_vehicle_theft,Motor vehicle theft,criminal_offenses,publicproperty,0,0,reported_numeric,101,101,multiline geometry grid,https://police.stanford.edu/pdf/ssfr-2025.pdf#page=101,bba0e2a0a14186a318af38a9c712e419b295968d17e394372a4e4fd8fde9c28c,,,,,,private/current_2025_core_counts.csv
2025,2024,243744,243744001,Main Campus,motor_vehicle_theft,Motor vehicle theft,criminal_offenses,residential,2,2,reported_numeric,101,101,multiline geometry grid,https://police.stanford.edu/pdf/ssfr-2025.pdf#page=101,bba0e2a0a14186a318af38a9c712e419b295968d17e394372a4e4fd8fde9c28c,,,,,,private/current_2025_core_counts.csv
2025,2024,243744,243744001,Main Campus,murder,Murder / nonnegligent manslaughter,criminal_offenses,noncampus,0,0,reported_numeric,101,101,multiline geometry grid,https://police.stanford.edu/pdf/ssfr-2025.pdf#page=101,bba0e2a0a14186a318af38a9c712e419b295968d17e394372a4e4fd8fde9c28c,,,,,,private/current_2025_core_counts.csv
2025,2024,243744,243744001,Main Campus,murder,Murder / nonnegligent manslaughter,criminal_offenses,oncampus,0,0,reported_numeric,101,101,multiline geometry grid,https://police.stanford.edu/pdf/ssfr-2025.pdf#page=101,bba0e2a0a14186a318af38a9c712e419b295968d17e394372a4e4fd8fde9c28c,,,,,,private/current_2025_core_counts.csv
2025,2024,243744,243744001,Main Campus,murder,Murder / nonnegligent manslaughter,criminal_offenses,publicproperty,0,0,reported_numeric,101,101,multiline geometry grid,https://police.stanford.edu/pdf/ssfr-2025.pdf#page=101,bba0e2a0a14186a318af38a9c712e419b295968d17e394372a4e4fd8fde9c28c,,,,,,private/current_2025_core_counts.csv
2025,2024,243744,243744001,Main Campus,murder,Murder / nonnegligent manslaughter,criminal_offenses,residential,0,0,reported_numeric,101,101,multiline geometry grid,https://police.stanford.edu/pdf/ssfr-2025.pdf#page=101,bba0e2a0a14186a318af38a9c712e419b295968d17e394372a4e4fd8fde9c28c,,,,,,private/current_2025_core_counts.csv
2025,2024,243744,243744001,Main Campus,negligent_manslaughter,Negligent manslaughter,criminal_offenses,noncampus,0,0,reported_numeric,101,101,multiline geometry grid,https://police.stanford.edu/pdf/ssfr-2025.pdf#page=101,bba0e2a0a14186a318af38a9c712e419b295968d17e394372a4e4fd8fde9c28c,,,,,,private/current_2025_core_counts.csv
2025,2024,243744,243744001,Main Campus,negligent_manslaughter,Negligent manslaughter,criminal_offenses,oncampus,0,0,reported_numeric,101,101,multiline geometry grid,https://police.stanford.edu/pdf/ssfr-2025.pdf#page=101,bba0e2a0a14186a318af38a9c712e419b295968d17e394372a4e4fd8fde9c28c,,,,,,private/current_2025_core_counts.csv
2025,2024,243744,243744001,Main Campus,negligent_manslaughter,Negligent manslaughter,criminal_offenses,publicproperty,0,0,reported_numeric,101,101,multiline geometry grid,https://police.stanford.edu/pdf/ssfr-2025.pdf#page=101,bba0e2a0a14186a318af38a9c712e419b295968d17e394372a4e4fd8fde9c28c,,,,,,private/current_2025_core_counts.csv
2025,2024,243744,243744001,Main Campus,negligent_manslaughter,Negligent manslaughter,criminal_offenses,residential,0,0,reported_numeric,101,101,multiline geometry grid,https://police.stanford.edu/pdf/ssfr-2025.pdf#page=101,bba0e2a0a14186a318af38a9c712e419b295968d17e394372a4e4fd8fde9c28c,,,,,,private/current_2025_core_counts.csv
2025,2024,243744,243744001,Main Campus,rape,Rape,criminal_offenses,noncampus,0,0,reported_numeric,102,102,multiline geometry grid,https://police.stanford.edu/pdf/ssfr-2025.pdf#page=102,bba0e2a0a14186a318af38a9c712e419b295968d17e394372a4e4fd8fde9c28c,,,,,,private/current_2025_core_counts.csv
2025,2024,243744,243744001,Main Campus,rape,Rape,criminal_offenses,oncampus,27,27,reported_numeric,102,102,multiline geometry grid,https://police.stanford.edu/pdf/ssfr-2025.pdf#page=102,bba0e2a0a14186a318af38a9c712e419b295968d17e394372a4e4fd8fde9c28c,,,,,,private/current_2025_core_counts.csv
2025,2024,243744,243744001,Main Campus,rape,Rape,criminal_offenses,publicproperty,0,0,reported_numeric,102,102,multiline geometry grid,https://police.stanford.edu/pdf/ssfr-2025.pdf#page=102,bba0e2a0a14186a318af38a9c712e419b295968d17e394372a4e4fd8fde9c28c,,,,,,private/current_2025_core_counts.csv
2025,2024,243744,243744001,Main Campus,rape,Rape,criminal_offenses,residential,20,20,reported_numeric,102,102,multiline geometry grid,https://police.stanford.edu/pdf/ssfr-2025.pdf#page=102,bba0e2a0a14186a318af38a9c712e419b295968d17e394372a4e4fd8fde9c28c,,,,,,private/current_2025_core_counts.csv
2025,2024,243744,243744001,Main Campus,robbery,Robbery,criminal_offenses,noncampus,0,0,reported_numeric,101,101,multiline geometry grid,https://police.stanford.edu/pdf/ssfr-2025.pdf#page=101,bba0e2a0a14186a318af38a9c712e419b295968d17e394372a4e4fd8fde9c28c,,,,,,private/current_2025_core_counts.csv
2025,2024,243744,243744001,Main Campus,robbery,Robbery,criminal_offenses,oncampus,2,2,reported_numeric,101,101,multiline geometry grid,https://police.stanford.edu/pdf/ssfr-2025.pdf#page=101,bba0e2a0a14186a318af38a9c712e419b295968d17e394372a4e4fd8fde9c28c,,,,,,private/current_2025_core_counts.csv
2025,2024,243744,243744001,Main Campus,robbery,Robbery,criminal_offenses,publicproperty,0,0,reported_numeric,101,101,multiline geometry grid,https://police.stanford.edu/pdf/ssfr-2025.pdf#page=101,bba0e2a0a14186a318af38a9c712e419b295968d17e394372a4e4fd8fde9c28c,,,,,,private/current_2025_core_counts.csv
2025,2024,243744,243744001,Main Campus,robbery,Robbery,criminal_offenses,residential,0,0,reported_numeric,101,101,multiline geometry grid,https://police.stanford.edu/pdf/ssfr-2025.pdf#page=101,bba0e2a0a14186a318af38a9c712e419b295968d17e394372a4e4fd8fde9c28c,,,,,,private/current_2025_core_counts.csv
2025,2024,243744,243744001,Main Campus,stalking,Stalking (VAWA),vawa,noncampus,1,1,reported_numeric,102,102,multiline geometry grid,https://police.stanford.edu/pdf/ssfr-2025.pdf#page=102,bba0e2a0a14186a318af38a9c712e419b295968d17e394372a4e4fd8fde9c28c,,,,,,private/current_2025_core_counts.csv
2025,2024,243744,243744001,Main Campus,stalking,Stalking (VAWA),vawa,oncampus,57,57,reported_numeric,102,102,multiline geometry grid,https://police.stanford.edu/pdf/ssfr-2025.pdf#page=102,bba0e2a0a14186a318af38a9c712e419b295968d17e394372a4e4fd8fde9c28c,,,,,,private/current_2025_core_counts.csv
2025,2024,243744,243744001,Main Campus,stalking,Stalking (VAWA),vawa,publicproperty,0,0,reported_numeric,102,102,multiline geometry grid,https://police.stanford.edu/pdf/ssfr-2025.pdf#page=102,bba0e2a0a14186a318af38a9c712e419b295968d17e394372a4e4fd8fde9c28c,,,,,,private/current_2025_core_counts.csv
2025,2024,243744,243744001,Main Campus,stalking,Stalking (VAWA),vawa,residential,25,25,reported_numeric,102,102,multiline geometry grid,https://police.stanford.edu/pdf/ssfr-2025.pdf#page=102,bba0e2a0a14186a318af38a9c712e419b295968d17e394372a4e4fd8fde9c28c,,,,,,private/current_2025_core_counts.csv
2025,2024,243744,243744001,Main Campus,statutory_rape,Statutory rape,criminal_offenses,noncampus,0,0,reported_numeric,102,102,multiline geometry grid,https://police.stanford.edu/pdf/ssfr-2025.pdf#page=102,bba0e2a0a14186a318af38a9c712e419b295968d17e394372a4e4fd8fde9c28c,,,,,,private/current_2025_core_counts.csv
2025,2024,243744,243744001,Main Campus,statutory_rape,Statutory rape,criminal_offenses,oncampus,0,0,reported_numeric,102,102,multiline geometry grid,https://police.stanford.edu/pdf/ssfr-2025.pdf#page=102,bba0e2a0a14186a318af38a9c712e419b295968d17e394372a4e4fd8fde9c28c,,,,,,private/current_2025_core_counts.csv
2025,2024,243744,243744001,Main Campus,statutory_rape,Statutory rape,criminal_offenses,publicproperty,0,0,reported_numeric,102,102,multiline geometry grid,https://police.stanford.edu/pdf/ssfr-2025.pdf#page=102,bba0e2a0a14186a318af38a9c712e419b295968d17e394372a4e4fd8fde9c28c,,,,,,private/current_2025_core_counts.csv
2025,2024,243744,243744001,Main Campus,statutory_rape,Statutory rape,criminal_offenses,residential,0,0,reported_numeric,102,102,multiline geometry grid,https://police.stanford.edu/pdf/ssfr-2025.pdf#page=102,bba0e2a0a14186a318af38a9c712e419b295968d17e394372a4e4fd8fde9c28c,,,,,,private/current_2025_core_counts.csv
