station,date,temp_high_f,baseline_p90_f,baseline_p95_f,exceeds_p90,three_consecutive_days_p90,exceeds_p95,three_consecutive_days_p95
USC00040983,2021-01-01,68.0,111.02,113.0,,,,
USC00040983,2021-01-02,68.0,111.02,113.0,,,,
USC00040983,2021-01-03,66.92,111.02,113.0,,,,
USC00040983,2021-01-04,69.98,111.02,113.0,,,,
USC00040983,2021-01-05,73.04,111.02,113.0,,,,
USC00040983,2021-01-06,71.96,111.02,113.0,,,,
USC00040983,2021-01-07,73.94,111.02,113.0,,,,
USC00040983,2021-01-08,73.04,111.02,113.0,,,,
USC00040983,2021-01-09,71.06,111.02,113.0,,,,
USC00040983,2021-01-10,66.92,111.02,113.0,,,,
USC00040983,2021-01-11,68.0,111.02,113.0,,,,
USC00040983,2021-01-12,69.08,111.02,113.0,,,,
USC00040983,2021-01-13,73.04,111.02,113.0,,,,
USC00040983,2021-01-14,82.04,111.02,113.0,,,,
USC00040983,2021-01-15,82.04,111.02,113.0,,,,
USC00040983,2021-01-16,84.92,111.02,113.0,,,,
USC00040983,2021-01-17,80.96,111.02,113.0,,,,
USC00040983,2021-01-18,78.98,111.02,113.0,,,,
USC00040983,2021-01-19,77.0,111.02,113.0,,,,
USC00040983,2021-01-20,64.94,111.02,113.0,,,,
USC00040983,2021-01-21,71.96,111.02,113.0,,,,
USC00040983,2021-01-22,69.08,111.02,113.0,,,,
USC00040983,2021-01-23,62.96,111.02,113.0,,,,
USC00040983,2021-01-24,60.98,111.02,113.0,,,,
USC00040983,2021-01-25,55.94,111.02,113.0,,,,
USC00040983,2021-01-26,57.02,111.02,113.0,,,,
USC00040983,2021-01-27,57.92,111.02,113.0,,,,
USC00040983,2021-01-28,64.04,111.02,113.0,,,,
USC00040983,2021-01-29,62.06,111.02,113.0,,,,
USC00040983,2021-01-30,64.04,111.02,113.0,,,,
USC00040983,2021-01-31,66.92,111.02,113.0,,,,
USC00040983,2021-02-01,69.98,111.02,113.0,,,,
USC00040983,2021-02-02,78.98,111.02,113.0,,,,
USC00040983,2021-02-03,80.06,111.02,113.0,,,,
USC00040983,2021-02-04,73.04,111.02,113.0,,,,
USC00040983,2021-02-05,77.0,111.02,113.0,,,,
USC00040983,2021-02-06,77.0,111.02,113.0,,,,
USC00040983,2021-02-07,78.08,111.02,113.0,,,,
USC00040983,2021-02-08,77.0,111.02,113.0,,,,
USC00040983,2021-02-09,71.96,111.02,113.0,,,,
USC00040983,2021-02-10,75.02,111.02,113.0,,,,
USC00040983,2021-02-11,80.06,111.02,113.0,,,,
USC00040983,2021-02-12,78.08,111.02,113.0,,,,
USC00040983,2021-02-13,71.96,111.02,113.0,,,,
USC00040983,2021-02-14,69.98,111.02,113.0,,,,
USC00040983,2021-02-15,66.92,111.02,113.0,,,,
USC00040983,2021-02-16,73.04,111.02,113.0,,,,
USC00040983,2021-02-17,69.08,111.02,113.0,,,,
USC00040983,2021-02-18,66.92,111.02,113.0,,,,
USC00040983,2021-02-19,71.96,111.02,113.0,,,,
USC00040983,2021-02-20,77.0,111.02,113.0,,,,
USC00040983,2021-02-21,71.96,111.02,113.0,,,,
USC00040983,2021-02-22,75.92,111.02,113.0,,,,
USC00040983,2021-02-23,80.96,111.02,113.0,,,,
USC00040983,2021-02-24,84.02,111.02,113.0,,,,
USC00040983,2021-02-25,80.06,111.02,113.0,,,,
USC00040983,2021-02-26,75.02,111.02,113.0,,,,
USC00040983,2021-02-27,73.94,111.02,113.0,,,,
USC00040983,2021-02-28,,111.02,113.0,,,,
USC00040983,2021-03-01,68.0,111.02,113.0,,,,
USC00040983,2021-03-02,75.02,111.02,113.0,,,,
USC00040983,2021-03-03,71.96,111.02,113.0,,,,
USC00040983,2021-03-04,71.06,111.02,113.0,,,,
USC00040983,2021-03-05,78.98,111.02,113.0,,,,
USC00040983,2021-03-06,84.02,111.02,113.0,,,,
USC00040983,2021-03-07,80.96,111.02,113.0,,,,
USC00040983,2021-03-08,78.08,111.02,113.0,,,,
USC00040983,2021-03-09,69.08,111.02,113.0,,,,
USC00040983,2021-03-10,62.06,111.02,113.0,,,,
USC00040983,2021-03-11,59.0,111.02,113.0,,,,
USC00040983,2021-03-12,62.06,111.02,113.0,,,,
USC00040983,2021-03-13,66.02,111.02,113.0,,,,
USC00040983,2021-03-14,73.94,111.02,113.0,,,,
USC00040983,2021-03-15,73.94,111.02,113.0,,,,
USC00040983,2021-03-16,69.08,111.02,113.0,,,,
USC00040983,2021-03-17,71.96,111.02,113.0,,,,
USC00040983,2021-03-18,78.08,111.02,113.0,,,,
USC00040983,2021-03-19,86.0,111.02,113.0,,,,
USC00040983,2021-03-20,82.04,111.02,113.0,,,,
USC00040983,2021-03-21,77.0,111.02,113.0,,,,
USC00040983,2021-03-22,78.08,111.02,113.0,,,,
USC00040983,2021-03-23,73.94,111.02,113.0,,,,
USC00040983,2021-03-24,75.92,111.02,113.0,,,,
USC00040983,2021-03-25,75.02,111.02,113.0,,,,
USC00040983,2021-03-26,71.06,111.02,113.0,,,,
USC00040983,2021-03-27,78.98,111.02,113.0,,,,
USC00040983,2021-03-28,86.0,111.02,113.0,,,,
USC00040983,2021-03-29,93.02,111.02,113.0,,,,
USC00040983,2021-03-30,89.06,111.02,113.0,,,,
USC00040983,2021-03-31,82.04,111.02,113.0,,,,
USC00040983,2021-04-01,89.96,111.02,113.0,,,,
USC00040983,2021-04-02,96.98,111.02,113.0,,,,
USC00040983,2021-04-03,98.06,111.02,113.0,,,,
USC00040983,2021-04-04,98.06,111.02,113.0,,,,
USC00040983,2021-04-05,93.92,111.02,113.0,,,,
USC00040983,2021-04-06,91.94,111.02,113.0,,,,
USC00040983,2021-04-07,96.08,111.02,113.0,,,,
USC00040983,2021-04-08,93.92,111.02,113.0,,,,
USC00040983,2021-04-09,93.92,111.02,113.0,,,,
USC00040983,2021-04-10,95.0,111.02,113.0,,,,
USC00040983,2021-04-11,93.92,111.02,113.0,,,,
USC00040983,2021-04-12,91.04,111.02,113.0,,,,
USC00040983,2021-04-13,91.04,111.02,113.0,,,,
USC00040983,2021-04-14,80.06,111.02,113.0,,,,
USC00040983,2021-04-15,80.96,111.02,113.0,,,,
USC00040983,2021-04-16,86.0,111.02,113.0,,,,
USC00040983,2021-04-17,84.92,111.02,113.0,,,,
USC00040983,2021-04-18,84.92,111.02,113.0,,,,
USC00040983,2021-04-19,93.92,111.02,113.0,,,,
USC00040983,2021-04-20,93.02,111.02,113.0,,,,
USC00040983,2021-04-21,73.94,111.02,113.0,,,,
USC00040983,2021-04-22,84.02,111.02,113.0,,,,
USC00040983,2021-04-23,87.98,111.02,113.0,,,,
USC00040983,2021-04-24,89.06,111.02,113.0,,,,
USC00040983,2021-04-25,82.94,111.02,113.0,,,,
USC00040983,2021-04-26,80.06,111.02,113.0,,,,
USC00040983,2021-04-27,71.06,111.02,113.0,,,,
USC00040983,2021-04-28,89.96,111.02,113.0,,,,
USC00040983,2021-04-29,95.0,111.02,113.0,,,,
USC00040983,2021-04-30,105.08,111.02,113.0,,,,
USC00040983,2021-05-01,100.04,111.02,113.0,0.0,0.0,0.0,0.0
USC00040983,2021-05-02,89.96,111.02,113.0,0.0,0.0,0.0,0.0
USC00040983,2021-05-03,93.02,111.02,113.0,0.0,0.0,0.0,0.0
USC00040983,2021-05-04,95.0,111.02,113.0,0.0,0.0,0.0,0.0
USC00040983,2021-05-05,95.0,111.02,113.0,0.0,0.0,0.0,0.0
USC00040983,2021-05-06,96.08,111.02,113.0,0.0,0.0,0.0,0.0
USC00040983,2021-05-07,96.08,111.02,113.0,0.0,0.0,0.0,0.0
USC00040983,2021-05-08,93.92,111.02,113.0,0.0,0.0,0.0,0.0
USC00040983,2021-05-09,95.0,111.02,113.0,0.0,0.0,0.0,0.0
USC00040983,2021-05-10,95.0,111.02,113.0,0.0,0.0,0.0,0.0
USC00040983,2021-05-11,95.0,111.02,113.0,0.0,0.0,0.0,0.0
USC00040983,2021-05-12,96.98,111.02,113.0,0.0,0.0,0.0,0.0
USC00040983,2021-05-13,98.06,111.02,113.0,0.0,0.0,0.0,0.0
USC00040983,2021-05-14,98.06,111.02,113.0,0.0,0.0,0.0,0.0
USC00040983,2021-05-15,98.06,111.02,113.0,0.0,0.0,0.0,0.0
USC00040983,2021-05-16,77.0,111.02,113.0,0.0,0.0,0.0,0.0
USC00040983,2021-05-17,91.94,111.02,113.0,0.0,0.0,0.0,0.0
USC00040983,2021-05-18,100.04,111.02,113.0,0.0,0.0,0.0,0.0
USC00040983,2021-05-19,96.98,111.02,113.0,0.0,0.0,0.0,0.0
USC00040983,2021-05-20,91.94,111.02,113.0,0.0,0.0,0.0,0.0
USC00040983,2021-05-21,75.02,111.02,113.0,0.0,0.0,0.0,0.0
USC00040983,2021-05-22,80.06,111.02,113.0,0.0,0.0,0.0,0.0
USC00040983,2021-05-23,87.08,111.02,113.0,0.0,0.0,0.0,0.0
USC00040983,2021-05-24,93.02,111.02,113.0,0.0,0.0,0.0,0.0
USC00040983,2021-05-25,98.96,111.02,113.0,0.0,0.0,0.0,0.0
USC00040983,2021-05-26,96.98,111.02,113.0,0.0,0.0,0.0,0.0
USC00040983,2021-05-27,98.96,111.02,113.0,0.0,0.0,0.0,0.0
USC00040983,2021-05-28,98.96,111.02,113.0,0.0,0.0,0.0,0.0
USC00040983,2021-05-29,98.96,111.02,113.0,0.0,0.0,0.0,0.0
USC00040983,2021-05-30,98.96,111.02,113.0,0.0,0.0,0.0,0.0
USC00040983,2021-05-31,98.96,111.02,113.0,0.0,0.0,0.0,0.0
USC00040983,2021-06-01,102.92,111.02,113.0,0.0,0.0,0.0,0.0
USC00040983,2021-06-02,105.98,111.02,113.0,0.0,0.0,0.0,0.0
USC00040983,2021-06-03,105.08,111.02,113.0,0.0,0.0,0.0,0.0
USC00040983,2021-06-04,107.96,111.02,113.0,0.0,0.0,0.0,0.0
USC00040983,2021-06-05,107.06,111.02,113.0,0.0,0.0,0.0,0.0
USC00040983,2021-06-06,102.92,111.02,113.0,0.0,0.0,0.0,0.0
USC00040983,2021-06-07,96.08,111.02,113.0,0.0,0.0,0.0,0.0
USC00040983,2021-06-08,96.08,111.02,113.0,0.0,0.0,0.0,0.0
USC00040983,2021-06-09,96.98,111.02,113.0,0.0,0.0,0.0,0.0
USC00040983,2021-06-10,95.0,111.02,113.0,0.0,0.0,0.0,0.0
USC00040983,2021-06-11,102.02,111.02,113.0,0.0,0.0,0.0,0.0
USC00040983,2021-06-12,107.06,111.02,113.0,0.0,0.0,0.0,0.0
USC00040983,2021-06-13,111.02,111.02,113.0,0.0,0.0,0.0,0.0
USC00040983,2021-06-14,109.04,111.02,113.0,0.0,0.0,0.0,0.0
USC00040983,2021-06-15,114.98,111.02,113.0,1.0,0.0,1.0,0.0
USC00040983,2021-06-16,109.04,111.02,113.0,0.0,0.0,0.0,0.0
USC00040983,2021-06-17,118.04,111.02,113.0,1.0,1.0,1.0,1.0
USC00040983,2021-06-18,118.94,111.02,113.0,1.0,1.0,1.0,1.0
USC00040983,2021-06-19,116.96,111.02,113.0,1.0,1.0,1.0,1.0
USC00040983,2021-06-20,114.98,111.02,113.0,1.0,1.0,1.0,1.0
USC00040983,2021-06-21,109.94,111.02,113.0,0.0,0.0,0.0,0.0
USC00040983,2021-06-22,105.08,111.02,113.0,0.0,0.0,0.0,0.0
USC00040983,2021-06-23,105.08,111.02,113.0,0.0,0.0,0.0,0.0
USC00040983,2021-06-24,104.0,111.02,113.0,0.0,0.0,0.0,0.0
USC00040983,2021-06-25,105.98,111.02,113.0,0.0,0.0,0.0,0.0
USC00040983,2021-06-26,111.02,111.02,113.0,0.0,0.0,0.0,0.0
USC00040983,2021-06-27,114.98,111.02,113.0,1.0,0.0,1.0,0.0
USC00040983,2021-06-28,111.92,111.02,113.0,1.0,0.0,0.0,0.0
USC00040983,2021-06-29,100.94,111.02,113.0,0.0,0.0,0.0,0.0
USC00040983,2021-06-30,104.0,111.02,113.0,0.0,0.0,0.0,0.0
USC00040983,2021-07-01,105.08,111.02,113.0,0.0,0.0,0.0,0.0
USC00040983,2021-07-02,105.98,111.02,113.0,0.0,0.0,0.0,0.0
USC00040983,2021-07-03,107.06,111.02,113.0,0.0,0.0,0.0,0.0
USC00040983,2021-07-04,109.04,111.02,113.0,0.0,0.0,0.0,0.0
USC00040983,2021-07-05,109.04,111.02,113.0,0.0,0.0,0.0,0.0
USC00040983,2021-07-06,113.0,111.02,113.0,1.0,1.0,0.0,0.0
USC00040983,2021-07-07,111.92,111.02,113.0,1.0,1.0,0.0,0.0
USC00040983,2021-07-08,111.92,111.02,113.0,1.0,1.0,0.0,0.0
USC00040983,2021-07-09,113.0,111.02,113.0,1.0,1.0,0.0,0.0
USC00040983,2021-07-10,116.96,111.02,113.0,1.0,1.0,1.0,0.0
USC00040983,2021-07-11,116.96,111.02,113.0,1.0,1.0,1.0,0.0
USC00040983,2021-07-12,107.06,111.02,113.0,0.0,0.0,0.0,0.0
USC00040983,2021-07-13,107.06,111.02,113.0,0.0,0.0,0.0,0.0
USC00040983,2021-07-14,109.04,111.02,113.0,0.0,0.0,0.0,0.0
USC00040983,2021-07-15,109.94,111.02,113.0,0.0,0.0,0.0,0.0
USC00040983,2021-07-16,109.94,111.02,113.0,0.0,0.0,0.0,0.0
USC00040983,2021-07-17,105.08,111.02,113.0,0.0,0.0,0.0,0.0
USC00040983,2021-07-18,105.98,111.02,113.0,0.0,0.0,0.0,0.0
USC00040983,2021-07-19,107.96,111.02,113.0,0.0,0.0,0.0,0.0
USC00040983,2021-07-20,109.04,111.02,113.0,0.0,0.0,0.0,0.0
USC00040983,2021-07-21,111.02,111.02,113.0,0.0,0.0,0.0,0.0
USC00040983,2021-07-22,105.08,111.02,113.0,0.0,0.0,0.0,0.0
USC00040983,2021-07-23,105.98,111.02,113.0,0.0,0.0,0.0,0.0
USC00040983,2021-07-24,102.02,111.02,113.0,0.0,0.0,0.0,0.0
USC00040983,2021-07-25,96.08,111.02,113.0,0.0,0.0,0.0,0.0
USC00040983,2021-07-26,98.06,111.02,113.0,0.0,0.0,0.0,0.0
USC00040983,2021-07-27,105.08,111.02,113.0,0.0,0.0,0.0,0.0
USC00040983,2021-07-28,107.96,111.02,113.0,0.0,0.0,0.0,0.0
USC00040983,2021-07-29,111.92,111.02,113.0,1.0,0.0,0.0,0.0
USC00040983,2021-07-30,102.92,111.02,113.0,0.0,0.0,0.0,0.0
USC00040983,2021-07-31,104.0,111.02,113.0,0.0,0.0,0.0,0.0
USC00040983,2021-08-01,109.94,111.02,113.0,0.0,0.0,0.0,0.0
USC00040983,2021-08-02,111.92,111.02,113.0,1.0,1.0,0.0,0.0
USC00040983,2021-08-03,114.98,111.02,113.0,1.0,1.0,1.0,1.0
USC00040983,2021-08-04,118.04,111.02,113.0,1.0,1.0,1.0,1.0
USC00040983,2021-08-05,118.04,111.02,113.0,1.0,1.0,1.0,1.0
USC00040983,2021-08-06,111.92,111.02,113.0,1.0,1.0,0.0,0.0
USC00040983,2021-08-07,111.02,111.02,113.0,0.0,0.0,0.0,0.0
USC00040983,2021-08-08,105.98,111.02,113.0,0.0,0.0,0.0,0.0
USC00040983,2021-08-09,105.08,111.02,113.0,0.0,0.0,0.0,0.0
USC00040983,2021-08-10,102.92,111.02,113.0,0.0,0.0,0.0,0.0
USC00040983,2021-08-11,98.96,111.02,113.0,0.0,0.0,0.0,0.0
USC00040983,2021-08-12,104.0,111.02,113.0,0.0,0.0,0.0,0.0
USC00040983,2021-08-13,109.04,111.02,113.0,0.0,0.0,0.0,0.0
USC00040983,2021-08-14,105.08,111.02,113.0,0.0,0.0,0.0,0.0
USC00040983,2021-08-15,104.0,111.02,113.0,0.0,0.0,0.0,0.0
USC00040983,2021-08-16,105.98,111.02,113.0,0.0,0.0,0.0,0.0
USC00040983,2021-08-17,105.98,111.02,113.0,0.0,0.0,0.0,0.0
USC00040983,2021-08-18,,111.02,113.0,,,,
USC00040983,2021-08-19,96.98,111.02,113.0,0.0,0.0,0.0,0.0
USC00040983,2021-08-20,98.06,111.02,113.0,0.0,0.0,0.0,0.0
USC00040983,2021-08-21,96.98,111.02,113.0,0.0,0.0,0.0,0.0
USC00040983,2021-08-22,96.98,111.02,113.0,0.0,0.0,0.0,0.0
USC00040983,2021-08-23,100.04,111.02,113.0,0.0,0.0,0.0,0.0
USC00040983,2021-08-24,105.08,111.02,113.0,0.0,0.0,0.0,0.0
USC00040983,2021-08-25,109.94,111.02,113.0,0.0,0.0,0.0,0.0
USC00040983,2021-08-26,113.0,111.02,113.0,1.0,1.0,0.0,0.0
USC00040983,2021-08-27,114.98,111.02,113.0,1.0,1.0,1.0,0.0
USC00040983,2021-08-28,111.92,111.02,113.0,1.0,1.0,0.0,0.0
USC00040983,2021-08-29,109.04,111.02,113.0,0.0,0.0,0.0,0.0
USC00040983,2021-08-30,107.96,111.02,113.0,0.0,0.0,0.0,0.0
USC00040983,2021-08-31,107.06,111.02,113.0,0.0,0.0,0.0,0.0
USC00040983,2021-09-01,100.04,111.02,113.0,0.0,0.0,0.0,0.0
USC00040983,2021-09-02,100.94,111.02,113.0,0.0,0.0,0.0,0.0
USC00040983,2021-09-03,104.0,111.02,113.0,0.0,0.0,0.0,0.0
USC00040983,2021-09-04,107.06,111.02,113.0,0.0,0.0,0.0,0.0
USC00040983,2021-09-05,109.04,111.02,113.0,0.0,0.0,0.0,0.0
USC00040983,2021-09-06,102.92,111.02,113.0,0.0,0.0,0.0,0.0
USC00040983,2021-09-07,107.06,111.02,113.0,0.0,0.0,0.0,0.0
USC00040983,2021-09-08,102.92,111.02,113.0,0.0,0.0,0.0,0.0
USC00040983,2021-09-09,107.06,111.02,113.0,0.0,0.0,0.0,0.0
USC00040983,2021-09-10,104.0,111.02,113.0,0.0,0.0,0.0,0.0
USC00040983,2021-09-11,104.0,111.02,113.0,0.0,0.0,0.0,0.0
USC00040983,2021-09-12,109.94,111.02,113.0,0.0,0.0,0.0,0.0
USC00040983,2021-09-13,109.04,111.02,113.0,0.0,0.0,0.0,0.0
USC00040983,2021-09-14,105.98,111.02,113.0,0.0,0.0,0.0,0.0
USC00040983,2021-09-15,105.08,111.02,113.0,0.0,0.0,0.0,0.0
USC00040983,2021-09-16,104.0,111.02,113.0,0.0,0.0,0.0,0.0
USC00040983,2021-09-17,100.94,111.02,113.0,0.0,0.0,0.0,0.0
USC00040983,2021-09-18,100.04,111.02,113.0,0.0,0.0,0.0,0.0
USC00040983,2021-09-19,100.94,111.02,113.0,0.0,0.0,0.0,0.0
USC00040983,2021-09-20,98.06,111.02,113.0,0.0,0.0,0.0,0.0
USC00040983,2021-09-21,100.94,111.02,113.0,0.0,0.0,0.0,0.0
USC00040983,2021-09-22,105.08,111.02,113.0,0.0,0.0,0.0,0.0
USC00040983,2021-09-23,100.94,111.02,113.0,0.0,0.0,0.0,0.0
USC00040983,2021-09-24,93.02,111.02,113.0,0.0,0.0,0.0,0.0
USC00040983,2021-09-25,91.94,111.02,113.0,0.0,0.0,0.0,0.0
USC00040983,2021-09-26,93.02,111.02,113.0,0.0,0.0,0.0,0.0
USC00040983,2021-09-27,93.92,111.02,113.0,0.0,0.0,0.0,0.0
USC00040983,2021-09-28,93.02,111.02,113.0,0.0,0.0,0.0,0.0
USC00040983,2021-09-29,89.96,111.02,113.0,0.0,0.0,0.0,0.0
USC00040983,2021-09-30,93.02,111.02,113.0,0.0,0.0,0.0,0.0
USC00040983,2021-10-01,93.02,111.02,113.0,,,,
USC00040983,2021-10-02,93.92,111.02,113.0,,,,
USC00040983,2021-10-03,96.08,111.02,113.0,,,,
USC00040983,2021-10-04,96.08,111.02,113.0,,,,
USC00040983,2021-10-05,95.0,111.02,113.0,,,,
USC00040983,2021-10-06,89.06,111.02,113.0,,,,
USC00040983,2021-10-07,87.08,111.02,113.0,,,,
USC00040983,2021-10-08,82.94,111.02,113.0,,,,
USC00040983,2021-10-09,84.92,111.02,113.0,,,,
USC00040983,2021-10-10,87.08,111.02,113.0,,,,
USC00040983,2021-10-11,87.08,111.02,113.0,,,,
USC00040983,2021-10-12,73.04,111.02,113.0,,,,
USC00040983,2021-10-13,78.08,111.02,113.0,,,,
USC00040983,2021-10-14,82.04,111.02,113.0,,,,
USC00040983,2021-10-15,84.02,111.02,113.0,,,,
USC00040983,2021-10-16,87.08,111.02,113.0,,,,
USC00040983,2021-10-17,87.98,111.02,113.0,,,,
USC00040983,2021-10-18,84.02,111.02,113.0,,,,
USC00040983,2021-10-19,78.98,111.02,113.0,,,,
USC00040983,2021-10-20,82.04,111.02,113.0,,,,
USC00040983,2021-10-21,86.0,111.02,113.0,,,,
USC00040983,2021-10-22,89.96,111.02,113.0,,,,
USC00040983,2021-10-23,86.0,111.02,113.0,,,,
USC00040983,2021-10-24,84.92,111.02,113.0,,,,
USC00040983,2021-10-25,84.92,111.02,113.0,,,,
USC00040983,2021-10-26,77.0,111.02,113.0,,,,
USC00040983,2021-10-27,82.94,111.02,113.0,,,,
USC00040983,2021-10-28,89.96,111.02,113.0,,,,
USC00040983,2021-10-29,89.06,111.02,113.0,,,,
USC00040983,2021-10-30,87.98,111.02,113.0,,,,
USC00040983,2021-10-31,87.08,111.02,113.0,,,,
USC00040983,2021-11-01,84.92,111.02,113.0,,,,
USC00040983,2021-11-02,84.92,111.02,113.0,,,,
USC00040983,2021-11-03,89.96,111.02,113.0,,,,
USC00040983,2021-11-04,91.04,111.02,113.0,,,,
USC00040983,2021-11-05,89.96,111.02,113.0,,,,
USC00040983,2021-11-06,87.98,111.02,113.0,,,,
USC00040983,2021-11-07,84.92,111.02,113.0,,,,
USC00040983,2021-11-08,80.96,111.02,113.0,,,,
USC00040983,2021-11-09,84.92,111.02,113.0,,,,
USC00040983,2021-11-10,86.0,111.02,113.0,,,,
USC00040983,2021-11-11,89.06,111.02,113.0,,,,
USC00040983,2021-11-12,89.96,111.02,113.0,,,,
USC00040983,2021-11-13,89.06,111.02,113.0,,,,
USC00040983,2021-11-14,89.06,111.02,113.0,,,,
USC00040983,2021-11-15,89.06,111.02,113.0,,,,
USC00040983,2021-11-16,87.98,111.02,113.0,,,,
USC00040983,2021-11-17,82.94,111.02,113.0,,,,
USC00040983,2021-11-18,80.96,111.02,113.0,,,,
USC00040983,2021-11-19,80.06,111.02,113.0,,,,
USC00040983,2021-11-20,80.06,111.02,113.0,,,,
USC00040983,2021-11-21,80.96,111.02,113.0,,,,
USC00040983,2021-11-22,80.06,111.02,113.0,,,,
USC00040983,2021-11-23,80.06,111.02,113.0,,,,
USC00040983,2021-11-24,78.08,111.02,113.0,,,,
USC00040983,2021-11-25,71.06,111.02,113.0,,,,
USC00040983,2021-11-26,75.92,111.02,113.0,,,,
USC00040983,2021-11-27,78.98,111.02,113.0,,,,
USC00040983,2021-11-28,82.04,111.02,113.0,,,,
USC00040983,2021-11-29,84.92,111.02,113.0,,,,
USC00040983,2021-11-30,82.94,111.02,113.0,,,,
USC00040983,2021-12-01,84.02,111.02,113.0,,,,
USC00040983,2021-12-02,84.02,111.02,113.0,,,,
USC00040983,2021-12-03,80.96,111.02,113.0,,,,
USC00040983,2021-12-04,80.96,111.02,113.0,,,,
USC00040983,2021-12-05,82.94,111.02,113.0,,,,
USC00040983,2021-12-06,80.96,111.02,113.0,,,,
USC00040983,2021-12-07,77.0,111.02,113.0,,,,
USC00040983,2021-12-08,73.94,111.02,113.0,,,,
USC00040983,2021-12-09,71.96,111.02,113.0,,,,
USC00040983,2021-12-10,62.96,111.02,113.0,,,,
USC00040983,2021-12-11,62.96,111.02,113.0,,,,
USC00040983,2021-12-12,64.94,111.02,113.0,,,,
USC00040983,2021-12-13,62.06,111.02,113.0,,,,
USC00040983,2021-12-14,66.02,111.02,113.0,,,,
USC00040983,2021-12-15,59.0,111.02,113.0,,,,
USC00040983,2021-12-16,60.98,111.02,113.0,,,,
USC00040983,2021-12-17,64.94,111.02,113.0,,,,
USC00040983,2021-12-18,66.02,111.02,113.0,,,,
USC00040983,2021-12-19,66.92,111.02,113.0,,,,
USC00040983,2021-12-20,66.92,111.02,113.0,,,,
USC00040983,2021-12-21,68.0,111.02,113.0,,,,
USC00040983,2021-12-22,69.08,111.02,113.0,,,,
USC00040983,2021-12-23,71.96,111.02,113.0,,,,
USC00040983,2021-12-24,64.04,111.02,113.0,,,,
USC00040983,2021-12-25,62.96,111.02,113.0,,,,
USC00040983,2021-12-26,62.96,111.02,113.0,,,,
USC00040983,2021-12-27,57.02,111.02,113.0,,,,
USC00040983,2021-12-28,59.0,111.02,113.0,,,,
USC00040983,2021-12-29,55.94,111.02,113.0,,,,
USC00040983,2021-12-30,62.06,111.02,113.0,,,,
USC00040983,2021-12-31,66.02,111.02,113.0,,,,
USC00040983,2022-01-01,60.98,111.02,113.0,,,,
USC00040983,2022-01-02,57.92,111.02,113.0,,,,
USC00040983,2022-01-03,62.96,111.02,113.0,,,,
USC00040983,2022-01-04,64.04,111.02,113.0,,,,
USC00040983,2022-01-05,69.98,111.02,113.0,,,,
USC00040983,2022-01-06,73.94,111.02,113.0,,,,
USC00040983,2022-01-07,69.98,111.02,113.0,,,,
USC00040983,2022-01-08,71.06,111.02,113.0,,,,
USC00040983,2022-01-09,71.96,111.02,113.0,,,,
USC00040983,2022-01-10,69.98,111.02,113.0,,,,
USC00040983,2022-01-11,71.96,111.02,113.0,,,,
USC00040983,2022-01-12,73.04,111.02,113.0,,,,
USC00040983,2022-01-13,73.94,111.02,113.0,,,,
USC00040983,2022-01-14,75.92,111.02,113.0,,,,
USC00040983,2022-01-15,69.08,111.02,113.0,,,,
USC00040983,2022-01-16,73.04,111.02,113.0,,,,
USC00040983,2022-01-17,71.06,111.02,113.0,,,,
USC00040983,2022-01-18,71.06,111.02,113.0,,,,
USC00040983,2022-01-19,73.04,111.02,113.0,,,,
USC00040983,2022-01-20,73.94,111.02,113.0,,,,
USC00040983,2022-01-21,71.06,111.02,113.0,,,,
USC00040983,2022-01-22,68.0,111.02,113.0,,,,
USC00040983,2022-01-23,73.94,111.02,113.0,,,,
USC00040983,2022-01-24,77.0,111.02,113.0,,,,
USC00040983,2022-01-25,75.02,111.02,113.0,,,,
USC00040983,2022-01-26,,111.02,113.0,,,,
USC00040983,2022-01-27,69.98,111.02,113.0,,,,
USC00040983,2022-01-28,68.0,111.02,113.0,,,,
USC00040983,2022-01-29,68.0,111.02,113.0,,,,
USC00040983,2022-01-30,77.0,111.02,113.0,,,,
USC00040983,2022-01-31,75.92,111.02,113.0,,,,
USC00040983,2022-02-01,69.08,111.02,113.0,,,,
USC00040983,2022-02-02,66.02,111.02,113.0,,,,
USC00040983,2022-02-03,60.98,111.02,113.0,,,,
USC00040983,2022-02-04,62.06,111.02,113.0,,,,
USC00040983,2022-02-05,66.02,111.02,113.0,,,,
USC00040983,2022-02-06,78.08,111.02,113.0,,,,
USC00040983,2022-02-07,73.94,111.02,113.0,,,,
USC00040983,2022-02-08,78.08,111.02,113.0,,,,
USC00040983,2022-02-09,84.92,111.02,113.0,,,,
USC00040983,2022-02-10,82.94,111.02,113.0,,,,
USC00040983,2022-02-11,87.08,111.02,113.0,,,,
USC00040983,2022-02-12,84.02,111.02,113.0,,,,
USC00040983,2022-02-13,82.94,111.02,113.0,,,,
USC00040983,2022-02-14,82.04,111.02,113.0,,,,
USC00040983,2022-02-15,68.0,111.02,113.0,,,,
USC00040983,2022-02-16,69.98,111.02,113.0,,,,
USC00040983,2022-02-17,69.08,111.02,113.0,,,,
USC00040983,2022-02-18,73.04,111.02,113.0,,,,
USC00040983,2022-02-19,78.08,111.02,113.0,,,,
USC00040983,2022-02-20,78.08,111.02,113.0,,,,
USC00040983,2022-02-21,66.92,111.02,113.0,,,,
USC00040983,2022-02-22,62.06,111.02,113.0,,,,
USC00040983,2022-02-23,57.02,111.02,113.0,,,,
USC00040983,2022-02-24,57.92,111.02,113.0,,,,
USC00040983,2022-02-25,68.0,111.02,113.0,,,,
USC00040983,2022-02-26,66.92,111.02,113.0,,,,
USC00040983,2022-02-27,71.06,111.02,113.0,,,,
USC00040983,2022-02-28,78.98,111.02,113.0,,,,
USC00040983,2022-03-01,,111.02,113.0,,,,
USC00040983,2022-03-02,87.98,111.02,113.0,,,,
USC00040983,2022-03-03,82.94,111.02,113.0,,,,
USC00040983,2022-03-04,75.92,111.02,113.0,,,,
USC00040983,2022-03-05,,111.02,113.0,,,,
USC00040983,2022-03-06,66.92,111.02,113.0,,,,
USC00040983,2022-03-07,69.08,111.02,113.0,,,,
USC00040983,2022-03-08,69.08,111.02,113.0,,,,
USC00040983,2022-03-09,75.92,111.02,113.0,,,,
USC00040983,2022-03-10,73.04,111.02,113.0,,,,
USC00040983,2022-03-11,69.98,111.02,113.0,,,,
USC00040983,2022-03-12,77.0,111.02,113.0,,,,
USC00040983,2022-03-13,80.06,111.02,113.0,,,,
USC00040983,2022-03-14,82.94,111.02,113.0,,,,
USC00040983,2022-03-15,87.98,111.02,113.0,,,,
USC00040983,2022-03-16,89.06,111.02,113.0,,,,
USC00040983,2022-03-17,84.92,111.02,113.0,,,,
USC00040983,2022-03-18,84.92,111.02,113.0,,,,
USC00040983,2022-03-19,84.92,111.02,113.0,,,,
USC00040983,2022-03-20,75.02,111.02,113.0,,,,
USC00040983,2022-03-21,82.94,111.02,113.0,,,,
USC00040983,2022-03-22,87.08,111.02,113.0,,,,
USC00040983,2022-03-23,82.04,111.02,113.0,,,,
USC00040983,2022-03-24,89.06,111.02,113.0,,,,
USC00040983,2022-03-25,93.92,111.02,113.0,,,,
USC00040983,2022-03-26,93.02,111.02,113.0,,,,
USC00040983,2022-03-27,91.94,111.02,113.0,,,,
USC00040983,2022-03-28,84.92,111.02,113.0,,,,
USC00040983,2022-03-29,73.04,111.02,113.0,,,,
USC00040983,2022-03-30,84.02,111.02,113.0,,,,
USC00040983,2022-03-31,82.94,111.02,113.0,,,,
USC00040983,2022-04-01,82.94,111.02,113.0,,,,
USC00040983,2022-04-02,82.94,111.02,113.0,,,,
USC00040983,2022-04-03,84.92,111.02,113.0,,,,
USC00040983,2022-04-04,89.06,111.02,113.0,,,,
USC00040983,2022-04-05,91.04,111.02,113.0,,,,
USC00040983,2022-04-06,91.94,111.02,113.0,,,,
USC00040983,2022-04-07,93.92,111.02,113.0,,,,
USC00040983,2022-04-08,96.08,111.02,113.0,,,,
USC00040983,2022-04-09,96.08,111.02,113.0,,,,
USC00040983,2022-04-10,91.94,111.02,113.0,,,,
USC00040983,2022-04-11,80.96,111.02,113.0,,,,
USC00040983,2022-04-12,77.0,111.02,113.0,,,,
USC00040983,2022-04-13,75.02,111.02,113.0,,,,
USC00040983,2022-04-14,84.92,111.02,113.0,,,,
USC00040983,2022-04-15,87.98,111.02,113.0,,,,
USC00040983,2022-04-16,84.02,111.02,113.0,,,,
USC00040983,2022-04-17,91.04,111.02,113.0,,,,
USC00040983,2022-04-18,96.98,111.02,113.0,,,,
USC00040983,2022-04-19,93.92,111.02,113.0,,,,
USC00040983,2022-04-20,82.94,111.02,113.0,,,,
USC00040983,2022-04-21,84.92,111.02,113.0,,,,
USC00040983,2022-04-22,80.96,111.02,113.0,,,,
USC00040983,2022-04-23,82.04,111.02,113.0,,,,
USC00040983,2022-04-24,84.92,111.02,113.0,,,,
USC00040983,2022-04-25,89.06,111.02,113.0,,,,
USC00040983,2022-04-26,93.92,111.02,113.0,,,,
USC00040983,2022-04-27,91.94,111.02,113.0,,,,
USC00040983,2022-04-28,87.98,111.02,113.0,,,,
USC00040983,2022-04-29,89.96,111.02,113.0,,,,
USC00040983,2022-04-30,96.08,111.02,113.0,,,,
USC00040983,2022-05-01,93.92,111.02,113.0,0.0,0.0,0.0,0.0
USC00040983,2022-05-02,93.02,111.02,113.0,0.0,0.0,0.0,0.0
USC00040983,2022-05-03,93.02,111.02,113.0,0.0,0.0,0.0,0.0
USC00040983,2022-05-04,91.94,111.02,113.0,0.0,0.0,0.0,0.0
USC00040983,2022-05-05,98.96,111.02,113.0,0.0,0.0,0.0,0.0
USC00040983,2022-05-06,98.06,111.02,113.0,0.0,0.0,0.0,0.0
USC00040983,2022-05-07,96.08,111.02,113.0,0.0,0.0,0.0,0.0
USC00040983,2022-05-08,89.96,111.02,113.0,0.0,0.0,0.0,0.0
USC00040983,2022-05-09,77.0,111.02,113.0,0.0,0.0,0.0,0.0
USC00040983,2022-05-10,80.96,111.02,113.0,0.0,0.0,0.0,0.0
USC00040983,2022-05-11,77.0,111.02,113.0,0.0,0.0,0.0,0.0
USC00040983,2022-05-12,84.92,111.02,113.0,0.0,0.0,0.0,0.0
USC00040983,2022-05-13,95.0,111.02,113.0,0.0,0.0,0.0,0.0
USC00040983,2022-05-14,102.02,111.02,113.0,0.0,0.0,0.0,0.0
USC00040983,2022-05-15,104.0,111.02,113.0,0.0,0.0,0.0,0.0
USC00040983,2022-05-16,100.04,111.02,113.0,0.0,0.0,0.0,0.0
USC00040983,2022-05-17,96.98,111.02,113.0,0.0,0.0,0.0,0.0
USC00040983,2022-05-18,96.08,111.02,113.0,0.0,0.0,0.0,0.0
USC00040983,2022-05-19,98.06,111.02,113.0,0.0,0.0,0.0,0.0
USC00040983,2022-05-20,98.96,111.02,113.0,0.0,0.0,0.0,0.0
USC00040983,2022-05-21,89.06,111.02,113.0,0.0,0.0,0.0,0.0
USC00040983,2022-05-22,93.02,111.02,113.0,0.0,0.0,0.0,0.0
USC00040983,2022-05-23,95.0,111.02,113.0,0.0,0.0,0.0,0.0
USC00040983,2022-05-24,98.06,111.02,113.0,0.0,0.0,0.0,0.0
USC00040983,2022-05-25,102.02,111.02,113.0,0.0,0.0,0.0,0.0
USC00040983,2022-05-26,102.02,111.02,113.0,0.0,0.0,0.0,0.0
USC00040983,2022-05-27,102.92,111.02,113.0,0.0,0.0,0.0,0.0
USC00040983,2022-05-28,102.02,111.02,113.0,0.0,0.0,0.0,0.0
USC00040983,2022-05-29,91.04,111.02,113.0,0.0,0.0,0.0,0.0
USC00040983,2022-05-30,93.92,111.02,113.0,0.0,0.0,0.0,0.0
USC00040983,2022-05-31,93.92,111.02,113.0,0.0,0.0,0.0,0.0
USC00040983,2022-06-01,98.96,111.02,113.0,0.0,0.0,0.0,0.0
USC00040983,2022-06-02,102.02,111.02,113.0,0.0,0.0,0.0,0.0
USC00040983,2022-06-03,102.02,111.02,113.0,0.0,0.0,0.0,0.0
USC00040983,2022-06-04,100.04,111.02,113.0,0.0,0.0,0.0,0.0
USC00040983,2022-06-05,102.02,111.02,113.0,0.0,0.0,0.0,0.0
USC00040983,2022-06-06,104.0,111.02,113.0,0.0,0.0,0.0,0.0
USC00040983,2022-06-07,105.08,111.02,113.0,0.0,0.0,0.0,0.0
USC00040983,2022-06-08,102.92,111.02,113.0,0.0,0.0,0.0,0.0
USC00040983,2022-06-09,105.08,111.02,113.0,0.0,0.0,0.0,0.0
USC00040983,2022-06-10,107.96,111.02,113.0,0.0,0.0,0.0,0.0
USC00040983,2022-06-11,113.0,111.02,113.0,1.0,0.0,0.0,0.0
USC00040983,2022-06-12,111.02,111.02,113.0,0.0,0.0,0.0,0.0
USC00040983,2022-06-13,98.96,111.02,113.0,0.0,0.0,0.0,0.0
USC00040983,2022-06-14,100.94,111.02,113.0,0.0,0.0,0.0,0.0
USC00040983,2022-06-15,105.08,111.02,113.0,0.0,0.0,0.0,0.0
USC00040983,2022-06-16,107.06,111.02,113.0,0.0,0.0,0.0,0.0
USC00040983,2022-06-17,100.04,111.02,113.0,0.0,0.0,0.0,0.0
USC00040983,2022-06-18,91.94,111.02,113.0,0.0,0.0,0.0,0.0
USC00040983,2022-06-19,95.0,111.02,113.0,0.0,0.0,0.0,0.0
USC00040983,2022-06-20,100.04,111.02,113.0,0.0,0.0,0.0,0.0
USC00040983,2022-06-21,104.0,111.02,113.0,0.0,0.0,0.0,0.0
USC00040983,2022-06-22,105.08,111.02,113.0,0.0,0.0,0.0,0.0
USC00040983,2022-06-23,107.06,111.02,113.0,0.0,0.0,0.0,0.0
USC00040983,2022-06-24,107.96,111.02,113.0,0.0,0.0,0.0,0.0
USC00040983,2022-06-25,109.04,111.02,113.0,0.0,0.0,0.0,0.0
USC00040983,2022-06-26,109.04,111.02,113.0,0.0,0.0,0.0,0.0
USC00040983,2022-06-27,105.08,111.02,113.0,0.0,0.0,0.0,0.0
USC00040983,2022-06-28,111.02,111.02,113.0,0.0,0.0,0.0,0.0
USC00040983,2022-06-29,111.02,111.02,113.0,0.0,0.0,0.0,0.0
USC00040983,2022-06-30,107.96,111.02,113.0,0.0,0.0,0.0,0.0
USC00040983,2022-07-01,109.04,111.02,113.0,0.0,0.0,0.0,0.0
USC00040983,2022-07-02,102.92,111.02,113.0,0.0,0.0,0.0,0.0
USC00040983,2022-07-03,98.96,111.02,113.0,0.0,0.0,0.0,0.0
USC00040983,2022-07-04,100.04,111.02,113.0,0.0,0.0,0.0,0.0
USC00040983,2022-07-05,102.02,111.02,113.0,0.0,0.0,0.0,0.0
USC00040983,2022-07-06,102.02,111.02,113.0,0.0,0.0,0.0,0.0
USC00040983,2022-07-07,105.08,111.02,113.0,0.0,0.0,0.0,0.0
USC00040983,2022-07-08,107.06,111.02,113.0,0.0,0.0,0.0,0.0
USC00040983,2022-07-09,109.94,111.02,113.0,0.0,0.0,0.0,0.0
USC00040983,2022-07-10,111.02,111.02,113.0,0.0,0.0,0.0,0.0
USC00040983,2022-07-11,114.08,111.02,113.0,1.0,0.0,1.0,0.0
USC00040983,2022-07-12,114.08,111.02,113.0,1.0,0.0,1.0,0.0
USC00040983,2022-07-13,109.94,111.02,113.0,0.0,0.0,0.0,0.0
USC00040983,2022-07-14,107.06,111.02,113.0,0.0,0.0,0.0,0.0
USC00040983,2022-07-15,111.02,111.02,113.0,0.0,0.0,0.0,0.0
USC00040983,2022-07-16,113.0,111.02,113.0,1.0,0.0,0.0,0.0
USC00040983,2022-07-17,113.0,111.02,113.0,1.0,0.0,0.0,0.0
USC00040983,2022-07-18,109.04,111.02,113.0,0.0,0.0,0.0,0.0
USC00040983,2022-07-19,111.92,111.02,113.0,1.0,1.0,0.0,0.0
USC00040983,2022-07-20,111.92,111.02,113.0,1.0,1.0,0.0,0.0
USC00040983,2022-07-21,111.92,111.02,113.0,1.0,1.0,0.0,0.0
USC00040983,2022-07-22,111.92,111.02,113.0,1.0,1.0,0.0,0.0
USC00040983,2022-07-23,111.92,111.02,113.0,1.0,1.0,0.0,0.0
USC00040983,2022-07-24,100.94,111.02,113.0,0.0,0.0,0.0,0.0
USC00040983,2022-07-25,98.96,111.02,113.0,0.0,0.0,0.0,0.0
USC00040983,2022-07-26,105.98,111.02,113.0,0.0,0.0,0.0,0.0
USC00040983,2022-07-27,104.0,111.02,113.0,0.0,0.0,0.0,0.0
USC00040983,2022-07-28,105.08,111.02,113.0,0.0,0.0,0.0,0.0
USC00040983,2022-07-29,100.94,111.02,113.0,0.0,0.0,0.0,0.0
USC00040983,2022-07-30,100.94,111.02,113.0,0.0,0.0,0.0,0.0
USC00040983,2022-07-31,102.02,111.02,113.0,0.0,0.0,0.0,0.0
USC00040983,2022-08-01,102.92,111.02,113.0,0.0,0.0,0.0,0.0
USC00040983,2022-08-02,107.06,111.02,113.0,0.0,0.0,0.0,0.0
USC00040983,2022-08-03,107.96,111.02,113.0,0.0,0.0,0.0,0.0
USC00040983,2022-08-04,98.96,111.02,113.0,0.0,0.0,0.0,0.0
USC00040983,2022-08-05,100.94,111.02,113.0,0.0,0.0,0.0,0.0
USC00040983,2022-08-06,109.94,111.02,113.0,0.0,0.0,0.0,0.0
USC00040983,2022-08-07,104.0,111.02,113.0,0.0,0.0,0.0,0.0
USC00040983,2022-08-08,102.92,111.02,113.0,0.0,0.0,0.0,0.0
USC00040983,2022-08-09,105.08,111.02,113.0,0.0,0.0,0.0,0.0
USC00040983,2022-08-10,105.98,111.02,113.0,0.0,0.0,0.0,0.0
USC00040983,2022-08-11,107.06,111.02,113.0,0.0,0.0,0.0,0.0
USC00040983,2022-08-12,107.96,111.02,113.0,0.0,0.0,0.0,0.0
USC00040983,2022-08-13,100.04,111.02,113.0,0.0,0.0,0.0,0.0
USC00040983,2022-08-14,105.08,111.02,113.0,0.0,0.0,0.0,0.0
USC00040983,2022-08-15,102.92,111.02,113.0,0.0,0.0,0.0,0.0
USC00040983,2022-08-16,107.06,111.02,113.0,0.0,0.0,0.0,0.0
USC00040983,2022-08-17,107.96,111.02,113.0,0.0,0.0,0.0,0.0
USC00040983,2022-08-18,107.96,111.02,113.0,0.0,0.0,0.0,0.0
USC00040983,2022-08-19,104.0,111.02,113.0,0.0,0.0,0.0,0.0
USC00040983,2022-08-20,102.92,111.02,113.0,0.0,0.0,0.0,0.0
USC00040983,2022-08-21,102.92,111.02,113.0,0.0,0.0,0.0,0.0
USC00040983,2022-08-22,105.08,111.02,113.0,0.0,0.0,0.0,0.0
USC00040983,2022-08-23,105.98,111.02,113.0,0.0,0.0,0.0,0.0
USC00040983,2022-08-24,100.94,111.02,113.0,0.0,0.0,0.0,0.0
USC00040983,2022-08-25,102.92,111.02,113.0,0.0,0.0,0.0,0.0
USC00040983,2022-08-26,109.04,111.02,113.0,0.0,0.0,0.0,0.0
USC00040983,2022-08-27,107.96,111.02,113.0,0.0,0.0,0.0,0.0
USC00040983,2022-08-28,102.92,111.02,113.0,0.0,0.0,0.0,0.0
USC00040983,2022-08-29,104.0,111.02,113.0,0.0,0.0,0.0,0.0
USC00040983,2022-08-30,113.0,111.02,113.0,1.0,0.0,0.0,0.0
USC00040983,2022-08-31,111.92,111.02,113.0,1.0,0.0,0.0,0.0
USC00040983,2022-09-01,107.96,111.02,113.0,0.0,0.0,0.0,0.0
USC00040983,2022-09-02,105.98,111.02,113.0,0.0,0.0,0.0,0.0
USC00040983,2022-09-03,105.08,111.02,113.0,0.0,0.0,0.0,0.0
USC00040983,2022-09-04,105.08,111.02,113.0,0.0,0.0,0.0,0.0
USC00040983,2022-09-05,107.96,111.02,113.0,0.0,0.0,0.0,0.0
USC00040983,2022-09-06,111.02,111.02,113.0,0.0,0.0,0.0,0.0
USC00040983,2022-09-07,111.02,111.02,113.0,0.0,0.0,0.0,0.0
USC00040983,2022-09-08,102.92,111.02,113.0,0.0,0.0,0.0,0.0
USC00040983,2022-09-09,,111.02,113.0,,,,
USC00040983,2022-09-10,82.94,111.02,113.0,0.0,0.0,0.0,0.0
USC00040983,2022-09-11,91.04,111.02,113.0,0.0,0.0,0.0,0.0
USC00040983,2022-09-12,89.06,111.02,113.0,0.0,0.0,0.0,0.0
USC00040983,2022-09-13,93.92,111.02,113.0,0.0,0.0,0.0,0.0
USC00040983,2022-09-14,95.0,111.02,113.0,0.0,0.0,0.0,0.0
USC00040983,2022-09-15,96.08,111.02,113.0,0.0,0.0,0.0,0.0
USC00040983,2022-09-16,98.96,111.02,113.0,0.0,0.0,0.0,0.0
USC00040983,2022-09-17,,111.02,113.0,,,,
USC00040983,2022-09-18,95.0,111.02,113.0,0.0,0.0,0.0,0.0
USC00040983,2022-09-19,96.08,111.02,113.0,0.0,0.0,0.0,0.0
USC00040983,2022-09-20,96.08,111.02,113.0,0.0,0.0,0.0,0.0
USC00040983,2022-09-21,96.98,111.02,113.0,0.0,0.0,0.0,0.0
USC00040983,2022-09-22,96.98,111.02,113.0,0.0,0.0,0.0,0.0
USC00040983,2022-09-23,100.04,111.02,113.0,0.0,0.0,0.0,0.0
USC00040983,2022-09-24,102.92,111.02,113.0,0.0,0.0,0.0,0.0
USC00040983,2022-09-25,104.0,111.02,113.0,0.0,0.0,0.0,0.0
USC00040983,2022-09-26,105.08,111.02,113.0,0.0,0.0,0.0,0.0
USC00040983,2022-09-27,104.0,111.02,113.0,0.0,0.0,0.0,0.0
USC00040983,2022-09-28,,111.02,113.0,,,,
USC00040983,2022-09-29,,111.02,113.0,,,,
USC00040983,2022-09-30,98.06,111.02,113.0,0.0,0.0,0.0,0.0
USC00040983,2022-10-01,96.98,111.02,113.0,,,,
USC00040983,2022-10-02,96.08,111.02,113.0,,,,
USC00040983,2022-10-03,96.08,111.02,113.0,,,,
USC00040983,2022-10-04,96.98,111.02,113.0,,,,
USC00040983,2022-10-05,96.98,111.02,113.0,,,,
USC00040983,2022-10-06,96.98,111.02,113.0,,,,
USC00040983,2022-10-07,93.92,111.02,113.0,,,,
USC00040983,2022-10-08,91.94,111.02,113.0,,,,
USC00040983,2022-10-09,91.04,111.02,113.0,,,,
USC00040983,2022-10-10,93.92,111.02,113.0,,,,
USC00040983,2022-10-11,93.92,111.02,113.0,,,,
USC00040983,2022-10-12,93.02,111.02,113.0,,,,
USC00040983,2022-10-13,95.0,111.02,113.0,,,,
USC00040983,2022-10-14,95.0,111.02,113.0,,,,
USC00040983,2022-10-15,93.92,111.02,113.0,,,,
USC00040983,2022-10-16,80.06,111.02,113.0,,,,
USC00040983,2022-10-17,86.0,111.02,113.0,,,,
USC00040983,2022-10-18,87.98,111.02,113.0,,,,
USC00040983,2022-10-19,87.98,111.02,113.0,,,,
USC00040983,2022-10-20,89.96,111.02,113.0,,,,
USC00040983,2022-10-21,91.04,111.02,113.0,,,,
USC00040983,2022-10-22,80.96,111.02,113.0,,,,
USC00040983,2022-10-23,77.0,111.02,113.0,,,,
USC00040983,2022-10-24,75.92,111.02,113.0,,,,
USC00040983,2022-10-25,77.0,111.02,113.0,,,,
USC00040983,2022-10-26,80.96,111.02,113.0,,,,
USC00040983,2022-10-27,80.96,111.02,113.0,,,,
USC00040983,2022-10-28,78.08,111.02,113.0,,,,
USC00040983,2022-10-29,82.94,111.02,113.0,,,,
USC00040983,2022-10-30,87.08,111.02,113.0,,,,
USC00040983,2022-10-31,84.02,111.02,113.0,,,,
USC00040983,2022-11-01,82.94,111.02,113.0,,,,
USC00040983,2022-11-02,75.92,111.02,113.0,,,,
USC00040983,2022-11-03,68.0,111.02,113.0,,,,
USC00040983,2022-11-04,69.08,111.02,113.0,,,,
USC00040983,2022-11-05,73.94,111.02,113.0,,,,
USC00040983,2022-11-06,75.02,111.02,113.0,,,,
USC00040983,2022-11-07,75.02,111.02,113.0,,,,
USC00040983,2022-11-08,71.06,111.02,113.0,,,,
USC00040983,2022-11-09,66.02,111.02,113.0,,,,
USC00040983,2022-11-10,69.98,111.02,113.0,,,,
USC00040983,2022-11-11,69.08,111.02,113.0,,,,
USC00040983,2022-11-12,69.98,111.02,113.0,,,,
USC00040983,2022-11-13,69.08,111.02,113.0,,,,
USC00040983,2022-11-14,69.08,111.02,113.0,,,,
USC00040983,2022-11-15,68.0,111.02,113.0,,,,
USC00040983,2022-11-16,71.06,111.02,113.0,,,,
USC00040983,2022-11-17,71.06,111.02,113.0,,,,
USC00040983,2022-11-18,71.96,111.02,113.0,,,,
USC00040983,2022-11-19,69.98,111.02,113.0,,,,
USC00040983,2022-11-20,73.04,111.02,113.0,,,,
USC00040983,2022-11-21,73.04,111.02,113.0,,,,
USC00040983,2022-11-22,71.96,111.02,113.0,,,,
USC00040983,2022-11-23,71.96,111.02,113.0,,,,
USC00040983,2022-11-24,75.02,111.02,113.0,,,,
USC00040983,2022-11-25,73.04,111.02,113.0,,,,
USC00040983,2022-11-26,69.98,111.02,113.0,,,,
USC00040983,2022-11-27,73.04,111.02,113.0,,,,
USC00040983,2022-11-28,71.06,111.02,113.0,,,,
USC00040983,2022-11-29,68.0,111.02,113.0,,,,
USC00040983,2022-11-30,66.92,111.02,113.0,,,,
USC00040983,2022-12-01,66.92,111.02,113.0,,,,
USC00040983,2022-12-02,66.02,111.02,113.0,,,,
USC00040983,2022-12-03,68.0,111.02,113.0,,,,
USC00040983,2022-12-04,69.98,111.02,113.0,,,,
USC00040983,2022-12-05,69.98,111.02,113.0,,,,
USC00040983,2022-12-06,66.02,111.02,113.0,,,,
USC00040983,2022-12-07,64.94,111.02,113.0,,,,
USC00040983,2022-12-08,64.94,111.02,113.0,,,,
USC00040983,2022-12-09,66.02,111.02,113.0,,,,
USC00040983,2022-12-10,66.02,111.02,113.0,,,,
USC00040983,2022-12-11,69.08,111.02,113.0,,,,
USC00040983,2022-12-12,57.92,111.02,113.0,,,,
USC00040983,2022-12-13,60.08,111.02,113.0,,,,
USC00040983,2022-12-14,62.06,111.02,113.0,,,,
USC00040983,2022-12-15,62.06,111.02,113.0,,,,
USC00040983,2022-12-16,62.06,111.02,113.0,,,,
USC00040983,2022-12-17,60.98,111.02,113.0,,,,
USC00040983,2022-12-18,62.96,111.02,113.0,,,,
USC00040983,2022-12-19,64.04,111.02,113.0,,,,
USC00040983,2022-12-20,66.02,111.02,113.0,,,,
USC00040983,2022-12-21,71.06,111.02,113.0,,,,
USC00040983,2022-12-22,71.06,111.02,113.0,,,,
USC00040983,2022-12-23,71.06,111.02,113.0,,,,
USC00040983,2022-12-24,77.0,111.02,113.0,,,,
USC00040983,2022-12-25,80.06,111.02,113.0,,,,
USC00040983,2022-12-26,80.96,111.02,113.0,,,,
USC00040983,2022-12-27,73.94,111.02,113.0,,,,
USC00040983,2022-12-28,71.96,111.02,113.0,,,,
USC00040983,2022-12-29,66.02,111.02,113.0,,,,
USC00040983,2022-12-30,68.0,111.02,113.0,,,,
USC00040983,2022-12-31,69.08,111.02,113.0,,,,
USC00040983,2023-01-01,64.94,111.02,113.0,,,,
USC00040983,2023-01-02,62.06,111.02,113.0,,,,
USC00040983,2023-01-03,66.02,111.02,113.0,,,,
USC00040983,2023-01-04,62.96,111.02,113.0,,,,
USC00040983,2023-01-05,66.02,111.02,113.0,,,,
USC00040983,2023-01-06,66.02,111.02,113.0,,,,
USC00040983,2023-01-07,68.0,111.02,113.0,,,,
USC00040983,2023-01-08,69.08,111.02,113.0,,,,
USC00040983,2023-01-09,68.0,111.02,113.0,,,,
USC00040983,2023-01-10,69.98,111.02,113.0,,,,
USC00040983,2023-01-11,64.94,111.02,113.0,,,,
USC00040983,2023-01-12,66.92,111.02,113.0,,,,
USC00040983,2023-01-13,71.96,111.02,113.0,,,,
USC00040983,2023-01-14,68.0,111.02,113.0,,,,
USC00040983,2023-01-15,60.08,111.02,113.0,,,,
USC00040983,2023-01-16,64.94,111.02,113.0,,,,
USC00040983,2023-01-17,59.0,111.02,113.0,,,,
USC00040983,2023-01-18,60.98,111.02,113.0,,,,
USC00040983,2023-01-19,62.96,111.02,113.0,,,,
USC00040983,2023-01-20,60.08,111.02,113.0,,,,
USC00040983,2023-01-21,60.98,111.02,113.0,,,,
USC00040983,2023-01-22,60.08,111.02,113.0,,,,
USC00040983,2023-01-23,60.98,111.02,113.0,,,,
USC00040983,2023-01-24,66.02,111.02,113.0,,,,
USC00040983,2023-01-25,66.92,111.02,113.0,,,,
USC00040983,2023-01-26,64.94,111.02,113.0,,,,
USC00040983,2023-01-27,64.94,111.02,113.0,,,,
USC00040983,2023-01-28,64.94,111.02,113.0,,,,
USC00040983,2023-01-29,64.04,111.02,113.0,,,,
USC00040983,2023-01-30,57.02,111.02,113.0,,,,
USC00040983,2023-01-31,60.98,111.02,113.0,,,,
USC00040983,2023-02-01,66.02,111.02,113.0,,,,
USC00040983,2023-02-02,69.08,111.02,113.0,,,,
USC00040983,2023-02-03,69.98,111.02,113.0,,,,
USC00040983,2023-02-04,73.94,111.02,113.0,,,,
USC00040983,2023-02-05,71.96,111.02,113.0,,,,
USC00040983,2023-02-06,71.06,111.02,113.0,,,,
USC00040983,2023-02-07,69.08,111.02,113.0,,,,
USC00040983,2023-02-08,71.06,111.02,113.0,,,,
USC00040983,2023-02-09,71.96,111.02,113.0,,,,
USC00040983,2023-02-10,71.06,111.02,113.0,,,,
USC00040983,2023-02-11,71.06,111.02,113.0,,,,
USC00040983,2023-02-12,66.02,111.02,113.0,,,,
USC00040983,2023-02-13,66.02,111.02,113.0,,,,
USC00040983,2023-02-14,60.98,111.02,113.0,,,,
USC00040983,2023-02-15,60.08,111.02,113.0,,,,
USC00040983,2023-02-16,59.0,111.02,113.0,,,,
USC00040983,2023-02-17,60.98,111.02,113.0,,,,
USC00040983,2023-02-18,68.0,111.02,113.0,,,,
USC00040983,2023-02-19,69.98,111.02,113.0,,,,
USC00040983,2023-02-20,75.02,111.02,113.0,,,,
USC00040983,2023-02-21,75.02,111.02,113.0,,,,
USC00040983,2023-02-22,55.04,111.02,113.0,,,,
USC00040983,2023-02-23,51.98,111.02,113.0,,,,
USC00040983,2023-02-24,57.02,111.02,113.0,,,,
USC00040983,2023-02-25,57.02,111.02,113.0,,,,
USC00040983,2023-02-26,57.02,111.02,113.0,,,,
USC00040983,2023-02-27,60.98,111.02,113.0,,,,
USC00040983,2023-02-28,59.0,111.02,113.0,,,,
USC00040983,2023-03-01,55.94,111.02,113.0,,,,
USC00040983,2023-03-02,68.0,111.02,113.0,,,,
USC00040983,2023-03-03,66.02,111.02,113.0,,,,
USC00040983,2023-03-04,64.04,111.02,113.0,,,,
USC00040983,2023-03-05,64.94,111.02,113.0,,,,
USC00040983,2023-03-06,66.02,111.02,113.0,,,,
USC00040983,2023-03-07,69.98,111.02,113.0,,,,
USC00040983,2023-03-08,73.04,111.02,113.0,,,,
USC00040983,2023-03-09,75.02,111.02,113.0,,,,
USC00040983,2023-03-10,75.02,111.02,113.0,,,,
USC00040983,2023-03-11,78.08,111.02,113.0,,,,
USC00040983,2023-03-12,78.08,111.02,113.0,,,,
USC00040983,2023-03-13,80.06,111.02,113.0,,,,
USC00040983,2023-03-14,75.92,111.02,113.0,,,,
USC00040983,2023-03-15,73.04,111.02,113.0,,,,
USC00040983,2023-03-16,71.96,111.02,113.0,,,,
USC00040983,2023-03-17,73.04,111.02,113.0,,,,
USC00040983,2023-03-18,73.04,111.02,113.0,,,,
USC00040983,2023-03-19,73.04,111.02,113.0,,,,
USC00040983,2023-03-20,69.98,111.02,113.0,,,,
USC00040983,2023-03-21,64.94,111.02,113.0,,,,
USC00040983,2023-03-22,62.06,111.02,113.0,,,,
USC00040983,2023-03-23,64.04,111.02,113.0,,,,
USC00040983,2023-03-24,69.98,111.02,113.0,,,,
USC00040983,2023-03-25,69.08,111.02,113.0,,,,
USC00040983,2023-03-26,71.06,111.02,113.0,,,,
USC00040983,2023-03-27,66.92,111.02,113.0,,,,
USC00040983,2023-03-28,78.98,111.02,113.0,,,,
USC00040983,2023-03-29,68.0,111.02,113.0,,,,
USC00040983,2023-03-30,59.0,111.02,113.0,,,,
USC00040983,2023-03-31,69.08,111.02,113.0,,,,
USC00040983,2023-04-01,78.98,111.02,113.0,,,,
USC00040983,2023-04-02,82.94,111.02,113.0,,,,
USC00040983,2023-04-03,66.02,111.02,113.0,,,,
USC00040983,2023-04-04,66.02,111.02,113.0,,,,
USC00040983,2023-04-05,69.08,111.02,113.0,,,,
USC00040983,2023-04-06,75.92,111.02,113.0,,,,
USC00040983,2023-04-07,82.94,111.02,113.0,,,,
USC00040983,2023-04-08,84.92,111.02,113.0,,,,
USC00040983,2023-04-09,87.98,111.02,113.0,,,,
USC00040983,2023-04-10,95.0,111.02,113.0,,,,
USC00040983,2023-04-11,95.0,111.02,113.0,,,,
USC00040983,2023-04-12,87.08,111.02,113.0,,,,
USC00040983,2023-04-13,82.04,111.02,113.0,,,,
USC00040983,2023-04-14,78.08,111.02,113.0,,,,
USC00040983,2023-04-15,82.94,111.02,113.0,,,,
USC00040983,2023-04-16,87.98,111.02,113.0,,,,
USC00040983,2023-04-17,89.06,111.02,113.0,,,,
USC00040983,2023-04-18,80.06,111.02,113.0,,,,
USC00040983,2023-04-19,80.96,111.02,113.0,,,,
USC00040983,2023-04-20,84.02,111.02,113.0,,,,
USC00040983,2023-04-21,91.94,111.02,113.0,,,,
USC00040983,2023-04-22,95.0,111.02,113.0,,,,
USC00040983,2023-04-23,95.0,111.02,113.0,,,,
USC00040983,2023-04-24,95.0,111.02,113.0,,,,
USC00040983,2023-04-25,93.92,111.02,113.0,,,,
USC00040983,2023-04-26,93.02,111.02,113.0,,,,
USC00040983,2023-04-27,100.04,111.02,113.0,,,,
USC00040983,2023-04-28,100.04,111.02,113.0,,,,
USC00040983,2023-04-29,102.02,111.02,113.0,,,,
USC00040983,2023-04-30,100.94,111.02,113.0,,,,
USC00040983,2023-05-01,96.98,111.02,113.0,0.0,0.0,0.0,0.0
USC00040983,2023-05-02,77.0,111.02,113.0,0.0,0.0,0.0,0.0
USC00040983,2023-05-03,77.0,111.02,113.0,0.0,0.0,0.0,0.0
USC00040983,2023-05-04,75.02,111.02,113.0,0.0,0.0,0.0,0.0
USC00040983,2023-05-05,73.94,111.02,113.0,0.0,0.0,0.0,0.0
USC00040983,2023-05-06,80.96,111.02,113.0,0.0,0.0,0.0,0.0
USC00040983,2023-05-07,84.02,111.02,113.0,0.0,0.0,0.0,0.0
USC00040983,2023-05-08,87.98,111.02,113.0,0.0,0.0,0.0,0.0
USC00040983,2023-05-09,84.92,111.02,113.0,0.0,0.0,0.0,0.0
USC00040983,2023-05-10,80.06,111.02,113.0,0.0,0.0,0.0,0.0
USC00040983,2023-05-11,87.98,111.02,113.0,0.0,0.0,0.0,0.0
USC00040983,2023-05-12,95.0,111.02,113.0,0.0,0.0,0.0,0.0
USC00040983,2023-05-13,100.04,111.02,113.0,0.0,0.0,0.0,0.0
USC00040983,2023-05-14,98.96,111.02,113.0,0.0,0.0,0.0,0.0
USC00040983,2023-05-15,96.98,111.02,113.0,0.0,0.0,0.0,0.0
USC00040983,2023-05-16,100.04,111.02,113.0,0.0,0.0,0.0,0.0
USC00040983,2023-05-17,100.94,111.02,113.0,0.0,0.0,0.0,0.0
USC00040983,2023-05-18,100.04,111.02,113.0,0.0,0.0,0.0,0.0
USC00040983,2023-05-19,98.06,111.02,113.0,0.0,0.0,0.0,0.0
USC00040983,2023-05-20,95.0,111.02,113.0,0.0,0.0,0.0,0.0
USC00040983,2023-05-21,98.06,111.02,113.0,0.0,0.0,0.0,0.0
USC00040983,2023-05-22,98.96,111.02,113.0,0.0,0.0,0.0,0.0
USC00040983,2023-05-23,98.06,111.02,113.0,0.0,0.0,0.0,0.0
USC00040983,2023-05-24,96.08,111.02,113.0,0.0,0.0,0.0,0.0
USC00040983,2023-05-25,95.0,111.02,113.0,0.0,0.0,0.0,0.0
USC00040983,2023-05-26,89.06,111.02,113.0,0.0,0.0,0.0,0.0
USC00040983,2023-05-27,93.02,111.02,113.0,0.0,0.0,0.0,0.0
USC00040983,2023-05-28,93.92,111.02,113.0,0.0,0.0,0.0,0.0
USC00040983,2023-05-29,93.92,111.02,113.0,0.0,0.0,0.0,0.0
USC00040983,2023-05-30,91.94,111.02,113.0,0.0,0.0,0.0,0.0
USC00040983,2023-05-31,87.08,111.02,113.0,0.0,0.0,0.0,0.0
USC00040983,2023-06-01,89.96,111.02,113.0,0.0,0.0,0.0,0.0
USC00040983,2023-06-02,93.02,111.02,113.0,0.0,0.0,0.0,0.0
USC00040983,2023-06-03,98.06,111.02,113.0,0.0,0.0,0.0,0.0
USC00040983,2023-06-04,100.04,111.02,113.0,0.0,0.0,0.0,0.0
USC00040983,2023-06-05,95.0,111.02,113.0,0.0,0.0,0.0,0.0
USC00040983,2023-06-06,89.06,111.02,113.0,0.0,0.0,0.0,0.0
USC00040983,2023-06-07,89.06,111.02,113.0,0.0,0.0,0.0,0.0
USC00040983,2023-06-08,93.92,111.02,113.0,0.0,0.0,0.0,0.0
USC00040983,2023-06-09,96.08,111.02,113.0,0.0,0.0,0.0,0.0
USC00040983,2023-06-10,95.0,111.02,113.0,0.0,0.0,0.0,0.0
USC00040983,2023-06-11,82.04,111.02,113.0,0.0,0.0,0.0,0.0
USC00040983,2023-06-12,87.98,111.02,113.0,0.0,0.0,0.0,0.0
USC00040983,2023-06-13,95.0,111.02,113.0,0.0,0.0,0.0,0.0
USC00040983,2023-06-14,98.06,111.02,113.0,0.0,0.0,0.0,0.0
USC00040983,2023-06-15,98.96,111.02,113.0,0.0,0.0,0.0,0.0
USC00040983,2023-06-16,98.96,111.02,113.0,0.0,0.0,0.0,0.0
USC00040983,2023-06-17,102.92,111.02,113.0,0.0,0.0,0.0,0.0
USC00040983,2023-06-18,96.08,111.02,113.0,0.0,0.0,0.0,0.0
USC00040983,2023-06-19,91.94,111.02,113.0,0.0,0.0,0.0,0.0
USC00040983,2023-06-20,98.06,111.02,113.0,0.0,0.0,0.0,0.0
USC00040983,2023-06-21,98.96,111.02,113.0,0.0,0.0,0.0,0.0
USC00040983,2023-06-22,91.94,111.02,113.0,0.0,0.0,0.0,0.0
USC00040983,2023-06-23,96.08,111.02,113.0,0.0,0.0,0.0,0.0
USC00040983,2023-06-24,98.96,111.02,113.0,0.0,0.0,0.0,0.0
USC00040983,2023-06-25,98.96,111.02,113.0,0.0,0.0,0.0,0.0
USC00040983,2023-06-26,98.06,111.02,113.0,0.0,0.0,0.0,0.0
USC00040983,2023-06-27,100.94,111.02,113.0,0.0,0.0,0.0,0.0
USC00040983,2023-06-28,100.94,111.02,113.0,0.0,0.0,0.0,0.0
USC00040983,2023-06-29,104.0,111.02,113.0,0.0,0.0,0.0,0.0
USC00040983,2023-06-30,109.04,111.02,113.0,0.0,0.0,0.0,0.0
USC00040983,2023-07-01,111.92,111.02,113.0,1.0,1.0,0.0,0.0
USC00040983,2023-07-02,114.98,111.02,113.0,1.0,1.0,1.0,0.0
USC00040983,2023-07-03,114.08,111.02,113.0,1.0,1.0,1.0,0.0
USC00040983,2023-07-04,105.08,111.02,113.0,0.0,0.0,0.0,0.0
USC00040983,2023-07-05,107.06,111.02,113.0,0.0,0.0,0.0,0.0
USC00040983,2023-07-06,104.0,111.02,113.0,0.0,0.0,0.0,0.0
USC00040983,2023-07-07,104.0,111.02,113.0,0.0,0.0,0.0,0.0
USC00040983,2023-07-08,105.08,111.02,113.0,0.0,0.0,0.0,0.0
USC00040983,2023-07-09,107.06,111.02,113.0,0.0,0.0,0.0,0.0
USC00040983,2023-07-10,107.06,111.02,113.0,0.0,0.0,0.0,0.0
USC00040983,2023-07-11,109.04,111.02,113.0,0.0,0.0,0.0,0.0
USC00040983,2023-07-12,109.04,111.02,113.0,0.0,0.0,0.0,0.0
USC00040983,2023-07-13,109.94,111.02,113.0,0.0,0.0,0.0,0.0
USC00040983,2023-07-14,113.0,111.02,113.0,1.0,1.0,0.0,0.0
USC00040983,2023-07-15,116.06,111.02,113.0,1.0,1.0,1.0,0.0
USC00040983,2023-07-16,114.98,111.02,113.0,1.0,1.0,1.0,0.0
USC00040983,2023-07-17,111.92,111.02,113.0,1.0,1.0,0.0,0.0
USC00040983,2023-07-18,113.0,111.02,113.0,1.0,1.0,0.0,0.0
USC00040983,2023-07-19,114.98,111.02,113.0,1.0,1.0,1.0,1.0
USC00040983,2023-07-20,116.06,111.02,113.0,1.0,1.0,1.0,1.0
USC00040983,2023-07-21,116.96,111.02,113.0,1.0,1.0,1.0,1.0
USC00040983,2023-07-22,111.02,111.02,113.0,0.0,0.0,0.0,0.0
USC00040983,2023-07-23,105.08,111.02,113.0,0.0,0.0,0.0,0.0
USC00040983,2023-07-24,111.92,111.02,113.0,1.0,1.0,0.0,0.0
USC00040983,2023-07-25,114.08,111.02,113.0,1.0,1.0,1.0,1.0
USC00040983,2023-07-26,116.06,111.02,113.0,1.0,1.0,1.0,1.0
USC00040983,2023-07-27,114.98,111.02,113.0,1.0,1.0,1.0,1.0
USC00040983,2023-07-28,114.08,111.02,113.0,1.0,1.0,1.0,1.0
USC00040983,2023-07-29,116.06,111.02,113.0,1.0,1.0,1.0,1.0
USC00040983,2023-07-30,107.96,111.02,113.0,0.0,0.0,0.0,0.0
USC00040983,2023-07-31,95.0,111.02,113.0,0.0,0.0,0.0,0.0
USC00040983,2023-08-01,102.02,111.02,113.0,0.0,0.0,0.0,0.0
USC00040983,2023-08-02,107.96,111.02,113.0,0.0,0.0,0.0,0.0
USC00040983,2023-08-03,105.98,111.02,113.0,0.0,0.0,0.0,0.0
USC00040983,2023-08-04,107.96,111.02,113.0,0.0,0.0,0.0,0.0
USC00040983,2023-08-05,109.94,111.02,113.0,0.0,0.0,0.0,0.0
USC00040983,2023-08-06,111.02,111.02,113.0,0.0,0.0,0.0,0.0
USC00040983,2023-08-07,107.96,111.02,113.0,0.0,0.0,0.0,0.0
USC00040983,2023-08-08,102.02,111.02,113.0,0.0,0.0,0.0,0.0
USC00040983,2023-08-09,104.0,111.02,113.0,0.0,0.0,0.0,0.0
USC00040983,2023-08-10,100.04,111.02,113.0,0.0,0.0,0.0,0.0
USC00040983,2023-08-11,100.94,111.02,113.0,0.0,0.0,0.0,0.0
USC00040983,2023-08-12,104.0,111.02,113.0,0.0,0.0,0.0,0.0
USC00040983,2023-08-13,104.0,111.02,113.0,0.0,0.0,0.0,0.0
USC00040983,2023-08-14,107.06,111.02,113.0,0.0,0.0,0.0,0.0
USC00040983,2023-08-15,111.92,111.02,113.0,1.0,0.0,0.0,0.0
USC00040983,2023-08-16,107.96,111.02,113.0,0.0,0.0,0.0,0.0
USC00040983,2023-08-17,113.0,111.02,113.0,1.0,0.0,0.0,0.0
USC00040983,2023-08-18,107.96,111.02,113.0,0.0,0.0,0.0,0.0
USC00040983,2023-08-19,107.06,111.02,113.0,0.0,0.0,0.0,0.0
USC00040983,2023-08-20,82.94,111.02,113.0,0.0,0.0,0.0,0.0
USC00040983,2023-08-21,86.0,111.02,113.0,0.0,0.0,0.0,0.0
USC00040983,2023-08-22,95.0,111.02,113.0,0.0,0.0,0.0,0.0
USC00040983,2023-08-23,104.0,111.02,113.0,0.0,0.0,0.0,0.0
USC00040983,2023-08-24,104.0,111.02,113.0,0.0,0.0,0.0,0.0
USC00040983,2023-08-25,105.98,111.02,113.0,0.0,0.0,0.0,0.0
USC00040983,2023-08-26,109.94,111.02,113.0,0.0,0.0,0.0,0.0
USC00040983,2023-08-27,111.92,111.02,113.0,1.0,1.0,0.0,0.0
USC00040983,2023-08-28,113.0,111.02,113.0,1.0,1.0,0.0,0.0
USC00040983,2023-08-29,114.98,111.02,113.0,1.0,1.0,1.0,0.0
USC00040983,2023-08-30,107.96,111.02,113.0,0.0,0.0,0.0,0.0
USC00040983,2023-08-31,105.08,111.02,113.0,0.0,0.0,0.0,0.0
USC00040983,2023-09-01,98.06,111.02,113.0,0.0,0.0,0.0,0.0
USC00040983,2023-09-02,91.04,111.02,113.0,0.0,0.0,0.0,0.0
USC00040983,2023-09-03,96.98,111.02,113.0,0.0,0.0,0.0,0.0
USC00040983,2023-09-04,93.92,111.02,113.0,0.0,0.0,0.0,0.0
USC00040983,2023-09-05,95.0,111.02,113.0,0.0,0.0,0.0,0.0
USC00040983,2023-09-06,98.06,111.02,113.0,0.0,0.0,0.0,0.0
USC00040983,2023-09-07,102.92,111.02,113.0,0.0,0.0,0.0,0.0
USC00040983,2023-09-08,105.08,111.02,113.0,0.0,0.0,0.0,0.0
USC00040983,2023-09-09,109.94,111.02,113.0,0.0,0.0,0.0,0.0
USC00040983,2023-09-10,107.06,111.02,113.0,0.0,0.0,0.0,0.0
USC00040983,2023-09-11,98.96,111.02,113.0,0.0,0.0,0.0,0.0
USC00040983,2023-09-12,100.04,111.02,113.0,0.0,0.0,0.0,0.0
USC00040983,2023-09-13,98.96,111.02,113.0,0.0,0.0,0.0,0.0
USC00040983,2023-09-14,100.04,111.02,113.0,0.0,0.0,0.0,0.0
USC00040983,2023-09-15,100.04,111.02,113.0,0.0,0.0,0.0,0.0
USC00040983,2023-09-16,100.04,111.02,113.0,0.0,0.0,0.0,0.0
USC00040983,2023-09-17,98.96,111.02,113.0,0.0,0.0,0.0,0.0
USC00040983,2023-09-18,96.08,111.02,113.0,0.0,0.0,0.0,0.0
USC00040983,2023-09-19,95.0,111.02,113.0,0.0,0.0,0.0,0.0
USC00040983,2023-09-20,87.98,111.02,113.0,0.0,0.0,0.0,0.0
USC00040983,2023-09-21,89.96,111.02,113.0,0.0,0.0,0.0,0.0
USC00040983,2023-09-22,84.92,111.02,113.0,0.0,0.0,0.0,0.0
USC00040983,2023-09-23,93.02,111.02,113.0,0.0,0.0,0.0,0.0
USC00040983,2023-09-24,96.98,111.02,113.0,0.0,0.0,0.0,0.0
USC00040983,2023-09-25,100.04,111.02,113.0,0.0,0.0,0.0,0.0
USC00040983,2023-09-26,100.94,111.02,113.0,0.0,0.0,0.0,0.0
USC00040983,2023-09-27,100.04,111.02,113.0,0.0,0.0,0.0,0.0
USC00040983,2023-09-28,100.04,111.02,113.0,0.0,0.0,0.0,0.0
USC00040983,2023-09-29,96.98,111.02,113.0,0.0,0.0,0.0,0.0
USC00040983,2023-09-30,91.04,111.02,113.0,0.0,0.0,0.0,0.0
USC00040983,2023-10-01,73.94,111.02,113.0,,,,
USC00040983,2023-10-02,82.94,111.02,113.0,,,,
USC00040983,2023-10-03,87.08,111.02,113.0,,,,
USC00040983,2023-10-04,93.02,111.02,113.0,,,,
USC00040983,2023-10-05,96.08,111.02,113.0,,,,
USC00040983,2023-10-06,100.04,111.02,113.0,,,,
USC00040983,2023-10-07,100.94,111.02,113.0,,,,
USC00040983,2023-10-08,100.04,111.02,113.0,,,,
USC00040983,2023-10-09,100.94,111.02,113.0,,,,
USC00040983,2023-10-10,96.98,111.02,113.0,,,,
USC00040983,2023-10-11,89.96,111.02,113.0,,,,
USC00040983,2023-10-12,86.0,111.02,113.0,,,,
USC00040983,2023-10-13,86.0,111.02,113.0,,,,
USC00040983,2023-10-14,89.06,111.02,113.0,,,,
USC00040983,2023-10-15,95.0,111.02,113.0,,,,
USC00040983,2023-10-16,100.94,111.02,113.0,,,,
USC00040983,2023-10-17,98.96,111.02,113.0,,,,
USC00040983,2023-10-18,98.96,111.02,113.0,,,,
USC00040983,2023-10-19,102.02,111.02,113.0,,,,
USC00040983,2023-10-20,104.0,111.02,113.0,,,,
USC00040983,2023-10-21,100.04,111.02,113.0,,,,
USC00040983,2023-10-22,95.0,111.02,113.0,,,,
USC00040983,2023-10-23,86.0,111.02,113.0,,,,
USC00040983,2023-10-24,84.02,111.02,113.0,,,,
USC00040983,2023-10-25,84.92,111.02,113.0,,,,
USC00040983,2023-10-26,84.02,111.02,113.0,,,,
USC00040983,2023-10-27,86.0,111.02,113.0,,,,
USC00040983,2023-10-28,84.92,111.02,113.0,,,,
USC00040983,2023-10-29,75.02,111.02,113.0,,,,
USC00040983,2023-10-30,80.06,111.02,113.0,,,,
USC00040983,2023-10-31,80.06,111.02,113.0,,,,
USC00040983,2023-11-01,82.04,111.02,113.0,,,,
USC00040983,2023-11-02,84.92,111.02,113.0,,,,
USC00040983,2023-11-03,86.0,111.02,113.0,,,,
USC00040983,2023-11-04,89.06,111.02,113.0,,,,
USC00040983,2023-11-05,89.06,111.02,113.0,,,,
USC00040983,2023-11-06,91.94,111.02,113.0,,,,
USC00040983,2023-11-07,84.92,111.02,113.0,,,,
USC00040983,2023-11-08,78.08,111.02,113.0,,,,
USC00040983,2023-11-09,75.92,111.02,113.0,,,,
USC00040983,2023-11-10,78.08,111.02,113.0,,,,
USC00040983,2023-11-11,80.06,111.02,113.0,,,,
USC00040983,2023-11-12,80.96,111.02,113.0,,,,
USC00040983,2023-11-13,80.06,111.02,113.0,,,,
USC00040983,2023-11-14,80.06,111.02,113.0,,,,
USC00040983,2023-11-15,77.0,111.02,113.0,,,,
USC00040983,2023-11-16,69.08,111.02,113.0,,,,
USC00040983,2023-11-17,73.94,111.02,113.0,,,,
USC00040983,2023-11-18,73.94,111.02,113.0,,,,
USC00040983,2023-11-19,78.08,111.02,113.0,,,,
USC00040983,2023-11-20,73.04,111.02,113.0,,,,
USC00040983,2023-11-21,75.92,111.02,113.0,,,,
USC00040983,2023-11-22,75.92,111.02,113.0,,,,
USC00040983,2023-11-23,78.08,111.02,113.0,,,,
USC00040983,2023-11-24,69.98,111.02,113.0,,,,
USC00040983,2023-11-25,66.92,111.02,113.0,,,,
USC00040983,2023-11-26,66.02,111.02,113.0,,,,
USC00040983,2023-11-27,69.98,111.02,113.0,,,,
USC00040983,2023-11-28,73.04,111.02,113.0,,,,
USC00040983,2023-11-29,69.98,111.02,113.0,,,,
USC00040983,2023-11-30,68.0,111.02,113.0,,,,
USC00040983,2023-12-01,69.98,111.02,113.0,,,,
USC00040983,2023-12-02,69.08,111.02,113.0,,,,
USC00040983,2023-12-03,69.98,111.02,113.0,,,,
USC00040983,2023-12-04,73.94,111.02,113.0,,,,
USC00040983,2023-12-05,78.08,111.02,113.0,,,,
USC00040983,2023-12-06,80.96,111.02,113.0,,,,
USC00040983,2023-12-07,78.08,111.02,113.0,,,,
USC00040983,2023-12-08,73.04,111.02,113.0,,,,
USC00040983,2023-12-09,68.0,111.02,113.0,,,,
USC00040983,2023-12-10,68.0,111.02,113.0,,,,
USC00040983,2023-12-11,69.98,111.02,113.0,,,,
USC00040983,2023-12-12,69.98,111.02,113.0,,,,
USC00040983,2023-12-13,71.06,111.02,113.0,,,,
USC00040983,2023-12-14,71.96,111.02,113.0,,,,
USC00040983,2023-12-15,73.04,111.02,113.0,,,,
USC00040983,2023-12-16,75.92,111.02,113.0,,,,
USC00040983,2023-12-17,77.0,111.02,113.0,,,,
USC00040983,2023-12-18,71.96,111.02,113.0,,,,
USC00040983,2023-12-19,71.96,111.02,113.0,,,,
USC00040983,2023-12-20,73.04,111.02,113.0,,,,
USC00040983,2023-12-21,69.98,111.02,113.0,,,,
USC00040983,2023-12-22,66.02,111.02,113.0,,,,
USC00040983,2023-12-23,68.0,111.02,113.0,,,,
USC00040983,2023-12-24,66.02,111.02,113.0,,,,
USC00040983,2023-12-25,66.02,111.02,113.0,,,,
USC00040983,2023-12-26,69.98,111.02,113.0,,,,
USC00040983,2023-12-27,68.0,111.02,113.0,,,,
USC00040983,2023-12-28,71.06,111.02,113.0,,,,
USC00040983,2023-12-29,69.98,111.02,113.0,,,,
USC00040983,2023-12-30,66.92,111.02,113.0,,,,
USC00040983,2023-12-31,62.96,111.02,113.0,,,,
USC00040983,2024-01-01,66.02,111.02,113.0,,,,
USC00040983,2024-01-02,71.06,111.02,113.0,,,,
USC00040983,2024-01-03,62.96,111.02,113.0,,,,
USC00040983,2024-01-04,66.92,111.02,113.0,,,,
USC00040983,2024-01-05,69.08,111.02,113.0,,,,
USC00040983,2024-01-06,66.02,111.02,113.0,,,,
USC00040983,2024-01-07,64.04,111.02,113.0,,,,
USC00040983,2024-01-08,60.08,111.02,113.0,,,,
USC00040983,2024-01-09,62.06,111.02,113.0,,,,
USC00040983,2024-01-10,64.94,111.02,113.0,,,,
USC00040983,2024-01-11,62.96,111.02,113.0,,,,
USC00040983,2024-01-12,60.98,111.02,113.0,,,,
USC00040983,2024-01-13,62.96,111.02,113.0,,,,
USC00040983,2024-01-14,66.92,111.02,113.0,,,,
USC00040983,2024-01-15,69.98,111.02,113.0,,,,
USC00040983,2024-01-16,73.94,111.02,113.0,,,,
USC00040983,2024-01-17,71.96,111.02,113.0,,,,
USC00040983,2024-01-18,71.96,111.02,113.0,,,,
USC00040983,2024-01-19,71.96,111.02,113.0,,,,
USC00040983,2024-01-20,68.0,111.02,113.0,,,,
USC00040983,2024-01-21,64.94,111.02,113.0,,,,
USC00040983,2024-01-22,55.94,111.02,113.0,,,,
USC00040983,2024-01-23,69.08,111.02,113.0,,,,
USC00040983,2024-01-24,66.02,111.02,113.0,,,,
USC00040983,2024-01-25,71.06,111.02,113.0,,,,
USC00040983,2024-01-26,69.08,111.02,113.0,,,,
USC00040983,2024-01-27,71.06,111.02,113.0,,,,
USC00040983,2024-01-28,75.02,111.02,113.0,,,,
USC00040983,2024-01-29,78.08,111.02,113.0,,,,
USC00040983,2024-01-30,78.98,111.02,113.0,,,,
USC00040983,2024-01-31,75.02,111.02,113.0,,,,
USC00040983,2024-02-01,69.98,111.02,113.0,,,,
USC00040983,2024-02-02,62.06,111.02,113.0,,,,
USC00040983,2024-02-03,66.02,111.02,113.0,,,,
USC00040983,2024-02-04,64.94,111.02,113.0,,,,
USC00040983,2024-02-05,62.96,111.02,113.0,,,,
USC00040983,2024-02-06,59.0,111.02,113.0,,,,
USC00040983,2024-02-07,59.0,111.02,113.0,,,,
USC00040983,2024-02-08,55.94,111.02,113.0,,,,
USC00040983,2024-02-09,60.08,111.02,113.0,,,,
USC00040983,2024-02-10,64.04,111.02,113.0,,,,
USC00040983,2024-02-11,62.96,111.02,113.0,,,,
USC00040983,2024-02-12,64.04,111.02,113.0,,,,
USC00040983,2024-02-13,68.0,111.02,113.0,,,,
USC00040983,2024-02-14,68.0,111.02,113.0,,,,
USC00040983,2024-02-15,71.96,111.02,113.0,,,,
USC00040983,2024-02-16,75.02,111.02,113.0,,,,
USC00040983,2024-02-17,75.92,111.02,113.0,,,,
USC00040983,2024-02-18,75.92,111.02,113.0,,,,
USC00040983,2024-02-19,75.02,111.02,113.0,,,,
USC00040983,2024-02-20,68.0,111.02,113.0,,,,
USC00040983,2024-02-21,69.08,111.02,113.0,,,,
USC00040983,2024-02-22,71.96,111.02,113.0,,,,
USC00040983,2024-02-23,75.02,111.02,113.0,,,,
USC00040983,2024-02-24,77.0,111.02,113.0,,,,
USC00040983,2024-02-25,77.0,111.02,113.0,,,,
USC00040983,2024-02-26,75.02,111.02,113.0,,,,
USC00040983,2024-02-27,75.92,111.02,113.0,,,,
USC00040983,2024-02-28,78.08,111.02,113.0,,,,
USC00040983,2024-02-29,75.92,111.02,113.0,,,,
USC00040983,2024-03-01,75.02,111.02,113.0,,,,
USC00040983,2024-03-02,69.98,111.02,113.0,,,,
USC00040983,2024-03-03,66.92,111.02,113.0,,,,
USC00040983,2024-03-04,73.04,111.02,113.0,,,,
USC00040983,2024-03-05,75.92,111.02,113.0,,,,
USC00040983,2024-03-06,73.04,111.02,113.0,,,,
USC00040983,2024-03-07,68.0,111.02,113.0,,,,
USC00040983,2024-03-08,73.94,111.02,113.0,,,,
USC00040983,2024-03-09,75.02,111.02,113.0,,,,
USC00040983,2024-03-10,77.0,111.02,113.0,,,,
USC00040983,2024-03-11,75.92,111.02,113.0,,,,
USC00040983,2024-03-12,73.04,111.02,113.0,,,,
USC00040983,2024-03-13,78.08,111.02,113.0,,,,
USC00040983,2024-03-14,77.0,111.02,113.0,,,,
USC00040983,2024-03-15,64.04,111.02,113.0,,,,
USC00040983,2024-03-16,62.96,111.02,113.0,,,,
USC00040983,2024-03-17,71.96,111.02,113.0,,,,
USC00040983,2024-03-18,71.06,111.02,113.0,,,,
USC00040983,2024-03-19,78.08,111.02,113.0,,,,
USC00040983,2024-03-20,80.96,111.02,113.0,,,,
USC00040983,2024-03-21,84.92,111.02,113.0,,,,
USC00040983,2024-03-22,84.92,111.02,113.0,,,,
USC00040983,2024-03-23,84.02,111.02,113.0,,,,
USC00040983,2024-03-24,68.0,111.02,113.0,,,,
USC00040983,2024-03-25,71.06,111.02,113.0,,,,
USC00040983,2024-03-26,73.94,111.02,113.0,,,,
USC00040983,2024-03-27,78.08,111.02,113.0,,,,
USC00040983,2024-03-28,82.94,111.02,113.0,,,,
USC00040983,2024-03-29,78.08,111.02,113.0,,,,
USC00040983,2024-03-30,69.98,111.02,113.0,,,,
USC00040983,2024-03-31,60.08,111.02,113.0,,,,
USC00040983,2024-04-01,73.04,111.02,113.0,,,,
USC00040983,2024-04-02,80.06,111.02,113.0,,,,
USC00040983,2024-04-03,86.0,111.02,113.0,,,,
USC00040983,2024-04-04,77.0,111.02,113.0,,,,
USC00040983,2024-04-05,69.08,111.02,113.0,,,,
USC00040983,2024-04-06,71.06,111.02,113.0,,,,
USC00040983,2024-04-07,75.92,111.02,113.0,,,,
USC00040983,2024-04-08,75.92,111.02,113.0,,,,
USC00040983,2024-04-09,82.94,111.02,113.0,,,,
USC00040983,2024-04-10,89.06,111.02,113.0,,,,
USC00040983,2024-04-11,91.94,111.02,113.0,,,,
USC00040983,2024-04-12,91.04,111.02,113.0,,,,
USC00040983,2024-04-13,78.08,111.02,113.0,,,,
USC00040983,2024-04-14,73.04,111.02,113.0,,,,
USC00040983,2024-04-15,78.08,111.02,113.0,,,,
USC00040983,2024-04-16,86.0,111.02,113.0,,,,
USC00040983,2024-04-17,95.0,111.02,113.0,,,,
USC00040983,2024-04-18,93.92,111.02,113.0,,,,
USC00040983,2024-04-19,91.94,111.02,113.0,,,,
USC00040983,2024-04-20,93.02,111.02,113.0,,,,
USC00040983,2024-04-21,96.08,111.02,113.0,,,,
USC00040983,2024-04-22,96.08,111.02,113.0,,,,
USC00040983,2024-04-23,91.04,111.02,113.0,,,,
USC00040983,2024-04-24,86.0,111.02,113.0,,,,
USC00040983,2024-04-25,78.08,111.02,113.0,,,,
USC00040983,2024-04-26,75.02,111.02,113.0,,,,
USC00040983,2024-04-27,80.96,111.02,113.0,,,,
USC00040983,2024-04-28,87.98,111.02,113.0,,,,
USC00040983,2024-04-29,91.94,111.02,113.0,,,,
USC00040983,2024-04-30,91.04,111.02,113.0,,,,
USC00040983,2024-05-01,91.94,111.02,113.0,0.0,0.0,0.0,0.0
USC00040983,2024-05-02,91.04,111.02,113.0,0.0,0.0,0.0,0.0
USC00040983,2024-05-03,93.02,111.02,113.0,0.0,0.0,0.0,0.0
USC00040983,2024-05-04,91.94,111.02,113.0,0.0,0.0,0.0,0.0
USC00040983,2024-05-05,69.98,111.02,113.0,0.0,0.0,0.0,0.0
USC00040983,2024-05-06,82.94,111.02,113.0,0.0,0.0,0.0,0.0
USC00040983,2024-05-07,91.04,111.02,113.0,0.0,0.0,0.0,0.0
USC00040983,2024-05-08,87.98,111.02,113.0,0.0,0.0,0.0,0.0
USC00040983,2024-05-09,87.98,111.02,113.0,0.0,0.0,0.0,0.0
USC00040983,2024-05-10,91.94,111.02,113.0,0.0,0.0,0.0,0.0
USC00040983,2024-05-11,91.94,111.02,113.0,0.0,0.0,0.0,0.0
USC00040983,2024-05-12,98.06,111.02,113.0,0.0,0.0,0.0,0.0
USC00040983,2024-05-13,96.98,111.02,113.0,0.0,0.0,0.0,0.0
USC00040983,2024-05-14,96.08,111.02,113.0,0.0,0.0,0.0,0.0
USC00040983,2024-05-15,95.0,111.02,113.0,0.0,0.0,0.0,0.0
USC00040983,2024-05-16,98.96,111.02,113.0,0.0,0.0,0.0,0.0
USC00040983,2024-05-17,100.04,111.02,113.0,0.0,0.0,0.0,0.0
USC00040983,2024-05-18,93.92,111.02,113.0,0.0,0.0,0.0,0.0
USC00040983,2024-05-19,93.02,111.02,113.0,0.0,0.0,0.0,0.0
USC00040983,2024-05-20,87.98,111.02,113.0,0.0,0.0,0.0,0.0
USC00040983,2024-05-21,93.02,111.02,113.0,0.0,0.0,0.0,0.0
USC00040983,2024-05-22,95.0,111.02,113.0,0.0,0.0,0.0,0.0
USC00040983,2024-05-23,93.92,111.02,113.0,0.0,0.0,0.0,0.0
USC00040983,2024-05-24,91.04,111.02,113.0,0.0,0.0,0.0,0.0
USC00040983,2024-05-25,86.0,111.02,113.0,0.0,0.0,0.0,0.0
USC00040983,2024-05-26,96.08,111.02,113.0,0.0,0.0,0.0,0.0
USC00040983,2024-05-27,100.04,111.02,113.0,0.0,0.0,0.0,0.0
USC00040983,2024-05-28,102.02,111.02,113.0,0.0,0.0,0.0,0.0
USC00040983,2024-05-29,100.04,111.02,113.0,0.0,0.0,0.0,0.0
USC00040983,2024-05-30,102.02,111.02,113.0,0.0,0.0,0.0,0.0
USC00040983,2024-05-31,102.92,111.02,113.0,0.0,0.0,0.0,0.0
USC00040983,2024-06-01,102.02,111.02,113.0,0.0,0.0,0.0,0.0
USC00040983,2024-06-02,98.96,111.02,113.0,0.0,0.0,0.0,0.0
USC00040983,2024-06-03,102.02,111.02,113.0,0.0,0.0,0.0,0.0
USC00040983,2024-06-04,100.04,111.02,113.0,0.0,0.0,0.0,0.0
USC00040983,2024-06-05,105.08,111.02,113.0,0.0,0.0,0.0,0.0
USC00040983,2024-06-06,107.96,111.02,113.0,0.0,0.0,0.0,0.0
USC00040983,2024-06-07,107.96,111.02,113.0,0.0,0.0,0.0,0.0
USC00040983,2024-06-08,105.08,111.02,113.0,0.0,0.0,0.0,0.0
USC00040983,2024-06-09,100.94,111.02,113.0,0.0,0.0,0.0,0.0
USC00040983,2024-06-10,102.02,111.02,113.0,0.0,0.0,0.0,0.0
USC00040983,2024-06-11,104.0,111.02,113.0,0.0,0.0,0.0,0.0
USC00040983,2024-06-12,105.08,111.02,113.0,0.0,0.0,0.0,0.0
USC00040983,2024-06-13,104.0,111.02,113.0,0.0,0.0,0.0,0.0
USC00040983,2024-06-14,109.94,111.02,113.0,0.0,0.0,0.0,0.0
USC00040983,2024-06-15,111.92,111.02,113.0,1.0,0.0,0.0,0.0
USC00040983,2024-06-16,107.96,111.02,113.0,0.0,0.0,0.0,0.0
USC00040983,2024-06-17,102.02,111.02,113.0,0.0,0.0,0.0,0.0
USC00040983,2024-06-18,100.94,111.02,113.0,0.0,0.0,0.0,0.0
USC00040983,2024-06-19,102.02,111.02,113.0,0.0,0.0,0.0,0.0
USC00040983,2024-06-20,107.06,111.02,113.0,0.0,0.0,0.0,0.0
USC00040983,2024-06-21,109.04,111.02,113.0,0.0,0.0,0.0,0.0
USC00040983,2024-06-22,107.96,111.02,113.0,0.0,0.0,0.0,0.0
USC00040983,2024-06-23,109.04,111.02,113.0,0.0,0.0,0.0,0.0
USC00040983,2024-06-24,111.02,111.02,113.0,0.0,0.0,0.0,0.0
USC00040983,2024-06-25,109.94,111.02,113.0,0.0,0.0,0.0,0.0
USC00040983,2024-06-26,109.94,111.02,113.0,0.0,0.0,0.0,0.0
USC00040983,2024-06-27,113.0,111.02,113.0,1.0,0.0,0.0,0.0
USC00040983,2024-06-28,111.02,111.02,113.0,0.0,0.0,0.0,0.0
USC00040983,2024-06-29,109.94,111.02,113.0,0.0,0.0,0.0,0.0
USC00040983,2024-06-30,111.92,111.02,113.0,1.0,0.0,0.0,0.0
USC00040983,2024-07-01,109.94,111.02,113.0,0.0,0.0,0.0,0.0
USC00040983,2024-07-02,111.92,111.02,113.0,1.0,1.0,0.0,0.0
USC00040983,2024-07-03,118.94,111.02,113.0,1.0,1.0,1.0,1.0
USC00040983,2024-07-04,114.08,111.02,113.0,1.0,1.0,1.0,1.0
USC00040983,2024-07-05,118.94,111.02,113.0,1.0,1.0,1.0,1.0
USC00040983,2024-07-06,118.04,111.02,113.0,1.0,1.0,1.0,1.0
USC00040983,2024-07-07,116.06,111.02,113.0,1.0,1.0,1.0,1.0
USC00040983,2024-07-08,120.92,111.02,113.0,1.0,1.0,1.0,1.0
USC00040983,2024-07-09,116.06,111.02,113.0,1.0,1.0,1.0,1.0
USC00040983,2024-07-10,114.98,111.02,113.0,1.0,1.0,1.0,1.0
USC00040983,2024-07-11,114.98,111.02,113.0,1.0,1.0,1.0,1.0
USC00040983,2024-07-12,109.94,111.02,113.0,0.0,0.0,0.0,0.0
USC00040983,2024-07-13,109.94,111.02,113.0,0.0,0.0,0.0,0.0
USC00040983,2024-07-14,105.08,111.02,113.0,0.0,0.0,0.0,0.0
USC00040983,2024-07-15,107.06,111.02,113.0,0.0,0.0,0.0,0.0
USC00040983,2024-07-16,111.02,111.02,113.0,0.0,0.0,0.0,0.0
USC00040983,2024-07-17,109.04,111.02,113.0,0.0,0.0,0.0,0.0
USC00040983,2024-07-18,109.94,111.02,113.0,0.0,0.0,0.0,0.0
USC00040983,2024-07-19,113.0,111.02,113.0,1.0,1.0,0.0,0.0
USC00040983,2024-07-20,114.98,111.02,113.0,1.0,1.0,1.0,0.0
USC00040983,2024-07-21,113.0,111.02,113.0,1.0,1.0,0.0,0.0
USC00040983,2024-07-22,109.94,111.02,113.0,0.0,0.0,0.0,0.0
USC00040983,2024-07-23,113.0,111.02,113.0,1.0,1.0,0.0,0.0
USC00040983,2024-07-24,113.0,111.02,113.0,1.0,1.0,0.0,0.0
USC00040983,2024-07-25,114.08,111.02,113.0,1.0,1.0,1.0,0.0
USC00040983,2024-07-26,113.0,111.02,113.0,1.0,1.0,0.0,0.0
USC00040983,2024-07-27,109.94,111.02,113.0,0.0,0.0,0.0,0.0
USC00040983,2024-07-28,105.08,111.02,113.0,0.0,0.0,0.0,0.0
USC00040983,2024-07-29,107.06,111.02,113.0,0.0,0.0,0.0,0.0
USC00040983,2024-07-30,107.96,111.02,113.0,0.0,0.0,0.0,0.0
USC00040983,2024-07-31,107.06,111.02,113.0,0.0,0.0,0.0,0.0
USC00040983,2024-08-01,107.06,111.02,113.0,0.0,0.0,0.0,0.0
USC00040983,2024-08-02,109.04,111.02,113.0,0.0,0.0,0.0,0.0
USC00040983,2024-08-03,113.0,111.02,113.0,1.0,0.0,0.0,0.0
USC00040983,2024-08-04,114.98,111.02,113.0,1.0,0.0,1.0,0.0
USC00040983,2024-08-05,111.02,111.02,113.0,0.0,0.0,0.0,0.0
USC00040983,2024-08-06,109.94,111.02,113.0,0.0,0.0,0.0,0.0
USC00040983,2024-08-07,105.08,111.02,113.0,0.0,0.0,0.0,0.0
USC00040983,2024-08-08,107.96,111.02,113.0,0.0,0.0,0.0,0.0
USC00040983,2024-08-09,105.98,111.02,113.0,0.0,0.0,0.0,0.0
USC00040983,2024-08-10,109.94,111.02,113.0,0.0,0.0,0.0,0.0
USC00040983,2024-08-11,100.94,111.02,113.0,0.0,0.0,0.0,0.0
USC00040983,2024-08-12,107.06,111.02,113.0,0.0,0.0,0.0,0.0
USC00040983,2024-08-13,107.06,111.02,113.0,0.0,0.0,0.0,0.0
USC00040983,2024-08-14,107.96,111.02,113.0,0.0,0.0,0.0,0.0
USC00040983,2024-08-15,107.96,111.02,113.0,0.0,0.0,0.0,0.0
USC00040983,2024-08-16,109.04,111.02,113.0,0.0,0.0,0.0,0.0
USC00040983,2024-08-17,107.96,111.02,113.0,0.0,0.0,0.0,0.0
USC00040983,2024-08-18,105.08,111.02,113.0,0.0,0.0,0.0,0.0
USC00040983,2024-08-19,111.02,111.02,113.0,0.0,0.0,0.0,0.0
USC00040983,2024-08-20,111.92,111.02,113.0,1.0,0.0,0.0,0.0
USC00040983,2024-08-21,109.04,111.02,113.0,0.0,0.0,0.0,0.0
USC00040983,2024-08-22,107.06,111.02,113.0,0.0,0.0,0.0,0.0
USC00040983,2024-08-23,100.04,111.02,113.0,0.0,0.0,0.0,0.0
USC00040983,2024-08-24,96.98,111.02,113.0,0.0,0.0,0.0,0.0
USC00040983,2024-08-25,98.06,111.02,113.0,0.0,0.0,0.0,0.0
USC00040983,2024-08-26,102.92,111.02,113.0,0.0,0.0,0.0,0.0
USC00040983,2024-08-27,107.96,111.02,113.0,0.0,0.0,0.0,0.0
USC00040983,2024-08-28,107.06,111.02,113.0,0.0,0.0,0.0,0.0
USC00040983,2024-08-29,107.96,111.02,113.0,0.0,0.0,0.0,0.0
USC00040983,2024-08-30,105.98,111.02,113.0,0.0,0.0,0.0,0.0
USC00040983,2024-08-31,107.96,111.02,113.0,0.0,0.0,0.0,0.0
USC00040983,2024-09-01,109.04,111.02,113.0,0.0,0.0,0.0,0.0
USC00040983,2024-09-02,109.04,111.02,113.0,0.0,0.0,0.0,0.0
USC00040983,2024-09-03,109.04,111.02,113.0,0.0,0.0,0.0,0.0
USC00040983,2024-09-04,111.92,111.02,113.0,1.0,0.0,0.0,0.0
USC00040983,2024-09-05,114.98,111.02,113.0,1.0,0.0,1.0,0.0
USC00040983,2024-09-06,111.02,111.02,113.0,0.0,0.0,0.0,0.0
USC00040983,2024-09-07,109.94,111.02,113.0,0.0,0.0,0.0,0.0
USC00040983,2024-09-08,107.96,111.02,113.0,0.0,0.0,0.0,0.0
USC00040983,2024-09-09,109.94,111.02,113.0,0.0,0.0,0.0,0.0
USC00040983,2024-09-10,109.94,111.02,113.0,0.0,0.0,0.0,0.0
USC00040983,2024-09-11,100.04,111.02,113.0,0.0,0.0,0.0,0.0
USC00040983,2024-09-12,100.94,111.02,113.0,0.0,0.0,0.0,0.0
USC00040983,2024-09-13,98.96,111.02,113.0,0.0,0.0,0.0,0.0
USC00040983,2024-09-14,98.06,111.02,113.0,0.0,0.0,0.0,0.0
USC00040983,2024-09-15,98.06,111.02,113.0,0.0,0.0,0.0,0.0
USC00040983,2024-09-16,82.04,111.02,113.0,0.0,0.0,0.0,0.0
USC00040983,2024-09-17,87.98,111.02,113.0,0.0,0.0,0.0,0.0
USC00040983,2024-09-18,89.06,111.02,113.0,0.0,0.0,0.0,0.0
USC00040983,2024-09-19,89.96,111.02,113.0,0.0,0.0,0.0,0.0
USC00040983,2024-09-20,87.98,111.02,113.0,0.0,0.0,0.0,0.0
USC00040983,2024-09-21,93.92,111.02,113.0,0.0,0.0,0.0,0.0
USC00040983,2024-09-22,100.04,111.02,113.0,0.0,0.0,0.0,0.0
USC00040983,2024-09-23,105.08,111.02,113.0,0.0,0.0,0.0,0.0
USC00040983,2024-09-24,105.98,111.02,113.0,0.0,0.0,0.0,0.0
USC00040983,2024-09-25,107.06,111.02,113.0,0.0,0.0,0.0,0.0
USC00040983,2024-09-26,105.98,111.02,113.0,0.0,0.0,0.0,0.0
USC00040983,2024-09-27,107.96,111.02,113.0,0.0,0.0,0.0,0.0
USC00040983,2024-09-28,109.04,111.02,113.0,0.0,0.0,0.0,0.0
USC00040983,2024-09-29,105.98,111.02,113.0,0.0,0.0,0.0,0.0
USC00040983,2024-09-30,104.0,111.02,113.0,0.0,0.0,0.0,0.0
USC00040983,2024-10-01,111.02,111.02,113.0,,,,
USC00040983,2024-10-02,109.94,111.02,113.0,,,,
USC00040983,2024-10-03,109.04,111.02,113.0,,,,
USC00040983,2024-10-04,107.06,111.02,113.0,,,,
USC00040983,2024-10-05,109.04,111.02,113.0,,,,
USC00040983,2024-10-06,109.94,111.02,113.0,,,,
USC00040983,2024-10-07,109.94,111.02,113.0,,,,
USC00040983,2024-10-08,107.96,111.02,113.0,,,,
USC00040983,2024-10-09,102.92,111.02,113.0,,,,
USC00040983,2024-10-10,104.0,111.02,113.0,,,,
USC00040983,2024-10-11,102.02,111.02,113.0,,,,
USC00040983,2024-10-12,98.96,111.02,113.0,,,,
USC00040983,2024-10-13,96.08,111.02,113.0,,,,
USC00040983,2024-10-14,96.08,111.02,113.0,,,,
USC00040983,2024-10-15,95.0,111.02,113.0,,,,
USC00040983,2024-10-16,91.94,111.02,113.0,,,,
USC00040983,2024-10-17,84.92,111.02,113.0,,,,
USC00040983,2024-10-18,80.06,111.02,113.0,,,,
USC00040983,2024-10-19,82.04,111.02,113.0,,,,
USC00040983,2024-10-20,82.94,111.02,113.0,,,,
USC00040983,2024-10-21,87.98,111.02,113.0,,,,
USC00040983,2024-10-22,91.94,111.02,113.0,,,,
USC00040983,2024-10-23,95.0,111.02,113.0,,,,
USC00040983,2024-10-24,95.0,111.02,113.0,,,,
USC00040983,2024-10-25,93.92,111.02,113.0,,,,
USC00040983,2024-10-26,95.0,111.02,113.0,,,,
USC00040983,2024-10-27,95.0,111.02,113.0,,,,
USC00040983,2024-10-28,80.96,111.02,113.0,,,,
USC00040983,2024-10-29,71.96,111.02,113.0,,,,
USC00040983,2024-10-30,75.02,111.02,113.0,,,,
USC00040983,2024-10-31,75.92,111.02,113.0,,,,
USC00040983,2024-11-01,78.08,111.02,113.0,,,,
USC00040983,2024-11-02,78.08,111.02,113.0,,,,
USC00040983,2024-11-03,77.0,111.02,113.0,,,,
USC00040983,2024-11-04,77.0,111.02,113.0,,,,
USC00040983,2024-11-05,77.0,111.02,113.0,,,,
USC00040983,2024-11-06,71.06,111.02,113.0,,,,
USC00040983,2024-11-07,69.98,111.02,113.0,,,,
USC00040983,2024-11-08,73.94,111.02,113.0,,,,
USC00040983,2024-11-09,77.0,111.02,113.0,,,,
USC00040983,2024-11-10,80.06,111.02,113.0,,,,
USC00040983,2024-11-11,82.04,111.02,113.0,,,,
USC00040983,2024-11-12,75.02,111.02,113.0,,,,
USC00040983,2024-11-13,75.92,111.02,113.0,,,,
USC00040983,2024-11-14,78.08,111.02,113.0,,,,
USC00040983,2024-11-15,64.94,111.02,113.0,,,,
USC00040983,2024-11-16,66.92,111.02,113.0,,,,
USC00040983,2024-11-17,64.04,111.02,113.0,,,,
USC00040983,2024-11-18,71.96,111.02,113.0,,,,
USC00040983,2024-11-19,69.08,111.02,113.0,,,,
USC00040983,2024-11-20,71.96,111.02,113.0,,,,
USC00040983,2024-11-21,75.02,111.02,113.0,,,,
USC00040983,2024-11-22,78.08,111.02,113.0,,,,
USC00040983,2024-11-23,80.96,111.02,113.0,,,,
USC00040983,2024-11-24,75.02,111.02,113.0,,,,
USC00040983,2024-11-25,75.92,111.02,113.0,,,,
USC00040983,2024-11-26,82.04,111.02,113.0,,,,
USC00040983,2024-11-27,75.92,111.02,113.0,,,,
USC00040983,2024-11-28,71.06,111.02,113.0,,,,
USC00040983,2024-11-29,68.0,111.02,113.0,,,,
USC00040983,2024-11-30,73.94,111.02,113.0,,,,
USC00040983,2024-12-01,77.0,111.02,113.0,,,,
USC00040983,2024-12-02,78.08,111.02,113.0,,,,
USC00040983,2024-12-03,80.06,111.02,113.0,,,,
USC00040983,2024-12-04,78.98,111.02,113.0,,,,
USC00040983,2024-12-05,80.96,111.02,113.0,,,,
USC00040983,2024-12-06,80.96,111.02,113.0,,,,
USC00040983,2024-12-07,78.98,111.02,113.0,,,,
USC00040983,2024-12-08,75.92,111.02,113.0,,,,
USC00040983,2024-12-09,75.02,111.02,113.0,,,,
USC00040983,2024-12-10,66.02,111.02,113.0,,,,
USC00040983,2024-12-11,64.94,111.02,113.0,,,,
USC00040983,2024-12-12,73.94,111.02,113.0,,,,
USC00040983,2024-12-13,68.0,111.02,113.0,,,,
USC00040983,2024-12-14,69.08,111.02,113.0,,,,
USC00040983,2024-12-15,71.96,111.02,113.0,,,,
USC00040983,2024-12-16,71.96,111.02,113.0,,,,
USC00040983,2024-12-17,75.92,111.02,113.0,,,,
USC00040983,2024-12-18,78.98,111.02,113.0,,,,
USC00040983,2024-12-19,80.96,111.02,113.0,,,,
USC00040983,2024-12-20,80.06,111.02,113.0,,,,
USC00040983,2024-12-21,78.08,111.02,113.0,,,,
USC00040983,2024-12-22,77.0,111.02,113.0,,,,
USC00040983,2024-12-23,80.96,111.02,113.0,,,,
USC00040983,2024-12-24,78.98,111.02,113.0,,,,
USC00040983,2024-12-25,73.04,111.02,113.0,,,,
USC00040983,2024-12-26,71.06,111.02,113.0,,,,
USC00040983,2024-12-27,73.94,111.02,113.0,,,,
USC00040983,2024-12-28,69.98,111.02,113.0,,,,
USC00040983,2024-12-29,73.94,111.02,113.0,,,,
USC00040983,2024-12-30,73.94,111.02,113.0,,,,
USC00040983,2024-12-31,71.96,111.02,113.0,,,,
USC00041424,2021-01-01,59.0,100.04,102.02,,,,
USC00041424,2021-01-02,62.06,100.04,102.02,,,,
USC00041424,2021-01-03,64.04,100.04,102.02,,,,
USC00041424,2021-01-04,69.98,100.04,102.02,,,,
USC00041424,2021-01-05,75.92,100.04,102.02,,,,
USC00041424,2021-01-06,75.02,100.04,102.02,,,,
USC00041424,2021-01-07,71.96,100.04,102.02,,,,
USC00041424,2021-01-08,73.94,100.04,102.02,,,,
USC00041424,2021-01-09,69.08,100.04,102.02,,,,
USC00041424,2021-01-10,62.96,100.04,102.02,,,,
USC00041424,2021-01-11,62.06,100.04,102.02,,,,
USC00041424,2021-01-12,62.96,100.04,102.02,,,,
USC00041424,2021-01-13,71.96,100.04,102.02,,,,
USC00041424,2021-01-14,75.92,100.04,102.02,,,,
USC00041424,2021-01-15,75.92,100.04,102.02,,,,
USC00041424,2021-01-16,80.06,100.04,102.02,,,,
USC00041424,2021-01-17,75.92,100.04,102.02,,,,
USC00041424,2021-01-18,75.02,100.04,102.02,,,,
USC00041424,2021-01-19,69.98,100.04,102.02,,,,
USC00041424,2021-01-20,57.02,100.04,102.02,,,,
USC00041424,2021-01-21,64.94,100.04,102.02,,,,
USC00041424,2021-01-22,64.94,100.04,102.02,,,,
USC00041424,2021-01-23,57.02,100.04,102.02,,,,
USC00041424,2021-01-24,46.04,100.04,102.02,,,,
USC00041424,2021-01-25,44.96,100.04,102.02,,,,
USC00041424,2021-01-26,48.02,100.04,102.02,,,,
USC00041424,2021-01-27,60.08,100.04,102.02,,,,
USC00041424,2021-01-28,66.02,100.04,102.02,,,,
USC00041424,2021-01-29,60.08,100.04,102.02,,,,
USC00041424,2021-01-30,57.92,100.04,102.02,,,,
USC00041424,2021-01-31,60.08,100.04,102.02,,,,
USC00041424,2021-02-01,71.06,100.04,102.02,,,,
USC00041424,2021-02-02,75.02,100.04,102.02,,,,
USC00041424,2021-02-03,71.06,100.04,102.02,,,,
USC00041424,2021-02-04,66.92,100.04,102.02,,,,
USC00041424,2021-02-05,71.06,100.04,102.02,,,,
USC00041424,2021-02-06,71.06,100.04,102.02,,,,
USC00041424,2021-02-07,75.02,100.04,102.02,,,,
USC00041424,2021-02-08,71.96,100.04,102.02,,,,
USC00041424,2021-02-09,66.02,100.04,102.02,,,,
USC00041424,2021-02-10,62.06,100.04,102.02,,,,
USC00041424,2021-02-11,73.94,100.04,102.02,,,,
USC00041424,2021-02-12,68.0,100.04,102.02,,,,
USC00041424,2021-02-13,57.92,100.04,102.02,,,,
USC00041424,2021-02-14,59.0,100.04,102.02,,,,
USC00041424,2021-02-15,57.02,100.04,102.02,,,,
USC00041424,2021-02-16,60.08,100.04,102.02,,,,
USC00041424,2021-02-17,60.98,100.04,102.02,,,,
USC00041424,2021-02-18,59.0,100.04,102.02,,,,
USC00041424,2021-02-19,73.94,100.04,102.02,,,,
USC00041424,2021-02-20,69.98,100.04,102.02,,,,
USC00041424,2021-02-21,62.06,100.04,102.02,,,,
USC00041424,2021-02-22,69.08,100.04,102.02,,,,
USC00041424,2021-02-23,78.98,100.04,102.02,,,,
USC00041424,2021-02-24,75.02,100.04,102.02,,,,
USC00041424,2021-02-25,75.02,100.04,102.02,,,,
USC00041424,2021-02-26,73.94,100.04,102.02,,,,
USC00041424,2021-02-27,71.06,100.04,102.02,,,,
USC00041424,2021-02-28,60.08,100.04,102.02,,,,
USC00041424,2021-03-01,60.98,100.04,102.02,,,,
USC00041424,2021-03-02,69.98,100.04,102.02,,,,
USC00041424,2021-03-03,68.0,100.04,102.02,,,,
USC00041424,2021-03-04,64.04,100.04,102.02,,,,
USC00041424,2021-03-05,71.96,100.04,102.02,,,,
USC00041424,2021-03-06,69.08,100.04,102.02,,,,
USC00041424,2021-03-07,69.08,100.04,102.02,,,,
USC00041424,2021-03-08,64.94,100.04,102.02,,,,
USC00041424,2021-03-09,57.92,100.04,102.02,,,,
USC00041424,2021-03-10,53.06,100.04,102.02,,,,
USC00041424,2021-03-11,51.08,100.04,102.02,,,,
USC00041424,2021-03-12,50.0,100.04,102.02,,,,
USC00041424,2021-03-13,53.06,100.04,102.02,,,,
USC00041424,2021-03-14,57.92,100.04,102.02,,,,
USC00041424,2021-03-15,57.02,100.04,102.02,,,,
USC00041424,2021-03-16,53.06,100.04,102.02,,,,
USC00041424,2021-03-17,66.02,100.04,102.02,,,,
USC00041424,2021-03-18,,100.04,102.02,,,,
USC00041424,2021-03-19,75.02,100.04,102.02,,,,
USC00041424,2021-03-20,75.02,100.04,102.02,,,,
USC00041424,2021-03-21,64.94,100.04,102.02,,,,
USC00041424,2021-03-22,66.92,100.04,102.02,,,,
USC00041424,2021-03-23,64.94,100.04,102.02,,,,
USC00041424,2021-03-24,66.92,100.04,102.02,,,,
USC00041424,2021-03-25,64.94,100.04,102.02,,,,
USC00041424,2021-03-26,60.08,100.04,102.02,,,,
USC00041424,2021-03-27,69.08,100.04,102.02,,,,
USC00041424,2021-03-28,75.02,100.04,102.02,,,,
USC00041424,2021-03-29,80.06,100.04,102.02,,,,
USC00041424,2021-03-30,75.02,100.04,102.02,,,,
USC00041424,2021-03-31,75.92,100.04,102.02,,,,
USC00041424,2021-04-01,82.94,100.04,102.02,,,,
USC00041424,2021-04-02,82.04,100.04,102.02,,,,
USC00041424,2021-04-03,82.94,100.04,102.02,,,,
USC00041424,2021-04-04,84.92,100.04,102.02,,,,
USC00041424,2021-04-05,84.92,100.04,102.02,,,,
USC00041424,2021-04-06,75.92,100.04,102.02,,,,
USC00041424,2021-04-07,84.92,100.04,102.02,,,,
USC00041424,2021-04-08,82.04,100.04,102.02,,,,
USC00041424,2021-04-09,82.94,100.04,102.02,,,,
USC00041424,2021-04-10,80.96,100.04,102.02,,,,
USC00041424,2021-04-11,80.06,100.04,102.02,,,,
USC00041424,2021-04-12,75.02,100.04,102.02,,,,
USC00041424,2021-04-13,,100.04,102.02,,,,
USC00041424,2021-04-14,75.02,100.04,102.02,,,,
USC00041424,2021-04-15,69.98,100.04,102.02,,,,
USC00041424,2021-04-16,73.94,100.04,102.02,,,,
USC00041424,2021-04-17,82.04,100.04,102.02,,,,
USC00041424,2021-04-18,77.0,100.04,102.02,,,,
USC00041424,2021-04-19,84.92,100.04,102.02,,,,
USC00041424,2021-04-20,82.94,100.04,102.02,,,,
USC00041424,2021-04-21,82.04,100.04,102.02,,,,
USC00041424,2021-04-22,60.08,100.04,102.02,,,,
USC00041424,2021-04-23,66.92,100.04,102.02,,,,
USC00041424,2021-04-24,73.04,100.04,102.02,,,,
USC00041424,2021-04-25,71.06,100.04,102.02,,,,
USC00041424,2021-04-26,71.06,100.04,102.02,,,,
USC00041424,2021-04-27,62.96,100.04,102.02,,,,
USC00041424,2021-04-28,78.08,100.04,102.02,,,,
USC00041424,2021-04-29,86.0,100.04,102.02,,,,
USC00041424,2021-04-30,93.92,100.04,102.02,,,,
USC00041424,2021-05-01,93.02,100.04,102.02,0.0,0.0,0.0,0.0
USC00041424,2021-05-02,82.04,100.04,102.02,0.0,0.0,0.0,0.0
USC00041424,2021-05-03,84.92,100.04,102.02,0.0,0.0,0.0,0.0
USC00041424,2021-05-04,89.06,100.04,102.02,0.0,0.0,0.0,0.0
USC00041424,2021-05-05,89.06,100.04,102.02,0.0,0.0,0.0,0.0
USC00041424,2021-05-06,89.06,100.04,102.02,0.0,0.0,0.0,0.0
USC00041424,2021-05-07,80.96,100.04,102.02,0.0,0.0,0.0,0.0
USC00041424,2021-05-08,80.06,100.04,102.02,0.0,0.0,0.0,0.0
USC00041424,2021-05-09,78.98,100.04,102.02,0.0,0.0,0.0,0.0
USC00041424,2021-05-10,80.06,100.04,102.02,0.0,0.0,0.0,0.0
USC00041424,2021-05-11,84.92,100.04,102.02,0.0,0.0,0.0,0.0
USC00041424,2021-05-12,89.06,100.04,102.02,0.0,0.0,0.0,0.0
USC00041424,2021-05-13,84.02,100.04,102.02,0.0,0.0,0.0,0.0
USC00041424,2021-05-14,80.06,100.04,102.02,0.0,0.0,0.0,0.0
USC00041424,2021-05-15,78.98,100.04,102.02,0.0,0.0,0.0,0.0
USC00041424,2021-05-16,71.96,100.04,102.02,0.0,0.0,0.0,0.0
USC00041424,2021-05-17,69.08,100.04,102.02,0.0,0.0,0.0,0.0
USC00041424,2021-05-18,77.0,100.04,102.02,0.0,0.0,0.0,0.0
USC00041424,2021-05-19,80.06,100.04,102.02,0.0,0.0,0.0,0.0
USC00041424,2021-05-20,73.04,100.04,102.02,0.0,0.0,0.0,0.0
USC00041424,2021-05-21,66.02,100.04,102.02,0.0,0.0,0.0,0.0
USC00041424,2021-05-22,69.08,100.04,102.02,0.0,0.0,0.0,0.0
USC00041424,2021-05-23,78.98,100.04,102.02,0.0,0.0,0.0,0.0
USC00041424,2021-05-24,84.02,100.04,102.02,0.0,0.0,0.0,0.0
USC00041424,2021-05-25,89.96,100.04,102.02,0.0,0.0,0.0,0.0
USC00041424,2021-05-26,87.08,100.04,102.02,0.0,0.0,0.0,0.0
USC00041424,2021-05-27,80.96,100.04,102.02,0.0,0.0,0.0,0.0
USC00041424,2021-05-28,86.0,100.04,102.02,0.0,0.0,0.0,0.0
USC00041424,2021-05-29,82.94,100.04,102.02,0.0,0.0,0.0,0.0
USC00041424,2021-05-30,80.96,100.04,102.02,0.0,0.0,0.0,0.0
USC00041424,2021-05-31,93.92,100.04,102.02,0.0,0.0,0.0,0.0
USC00041424,2021-06-01,95.0,100.04,102.02,0.0,0.0,0.0,0.0
USC00041424,2021-06-02,96.98,100.04,102.02,0.0,0.0,0.0,0.0
USC00041424,2021-06-03,95.0,100.04,102.02,0.0,0.0,0.0,0.0
USC00041424,2021-06-04,91.04,100.04,102.02,0.0,0.0,0.0,0.0
USC00041424,2021-06-05,89.96,100.04,102.02,0.0,0.0,0.0,0.0
USC00041424,2021-06-06,82.04,100.04,102.02,0.0,0.0,0.0,0.0
USC00041424,2021-06-07,75.02,100.04,102.02,0.0,0.0,0.0,0.0
USC00041424,2021-06-08,78.98,100.04,102.02,0.0,0.0,0.0,0.0
USC00041424,2021-06-09,82.94,100.04,102.02,0.0,0.0,0.0,0.0
USC00041424,2021-06-10,84.02,100.04,102.02,0.0,0.0,0.0,0.0
USC00041424,2021-06-11,87.08,100.04,102.02,0.0,0.0,0.0,0.0
USC00041424,2021-06-12,93.92,100.04,102.02,0.0,0.0,0.0,0.0
USC00041424,2021-06-13,96.98,100.04,102.02,0.0,0.0,0.0,0.0
USC00041424,2021-06-14,102.02,100.04,102.02,1.0,1.0,0.0,0.0
USC00041424,2021-06-15,105.98,100.04,102.02,1.0,1.0,1.0,0.0
USC00041424,2021-06-16,107.06,100.04,102.02,1.0,1.0,1.0,0.0
USC00041424,2021-06-17,100.94,100.04,102.02,1.0,1.0,0.0,0.0
USC00041424,2021-06-18,96.08,100.04,102.02,0.0,0.0,0.0,0.0
USC00041424,2021-06-19,100.04,100.04,102.02,0.0,0.0,0.0,0.0
USC00041424,2021-06-20,98.96,100.04,102.02,0.0,0.0,0.0,0.0
USC00041424,2021-06-21,98.96,100.04,102.02,0.0,0.0,0.0,0.0
USC00041424,2021-06-22,98.06,100.04,102.02,0.0,0.0,0.0,0.0
USC00041424,2021-06-23,91.04,100.04,102.02,0.0,0.0,0.0,0.0
USC00041424,2021-06-24,89.96,100.04,102.02,0.0,0.0,0.0,0.0
USC00041424,2021-06-25,93.92,100.04,102.02,0.0,0.0,0.0,0.0
USC00041424,2021-06-26,98.96,100.04,102.02,0.0,0.0,0.0,0.0
USC00041424,2021-06-27,105.98,100.04,102.02,1.0,1.0,1.0,1.0
USC00041424,2021-06-28,105.08,100.04,102.02,1.0,1.0,1.0,1.0
USC00041424,2021-06-29,105.08,100.04,102.02,1.0,1.0,1.0,1.0
USC00041424,2021-06-30,98.96,100.04,102.02,0.0,0.0,0.0,0.0
USC00041424,2021-07-01,102.02,100.04,102.02,1.0,1.0,0.0,0.0
USC00041424,2021-07-02,102.02,100.04,102.02,1.0,1.0,0.0,0.0
USC00041424,2021-07-03,102.92,100.04,102.02,1.0,1.0,1.0,0.0
USC00041424,2021-07-04,100.04,100.04,102.02,0.0,0.0,0.0,0.0
USC00041424,2021-07-05,98.06,100.04,102.02,0.0,0.0,0.0,0.0
USC00041424,2021-07-06,96.98,100.04,102.02,0.0,0.0,0.0,0.0
USC00041424,2021-07-07,100.94,100.04,102.02,1.0,0.0,0.0,0.0
USC00041424,2021-07-08,102.92,100.04,102.02,1.0,0.0,1.0,0.0
USC00041424,2021-07-09,96.98,100.04,102.02,0.0,0.0,0.0,0.0
USC00041424,2021-07-10,102.02,100.04,102.02,1.0,0.0,0.0,0.0
USC00041424,2021-07-11,98.96,100.04,102.02,0.0,0.0,0.0,0.0
USC00041424,2021-07-12,93.92,100.04,102.02,0.0,0.0,0.0,0.0
USC00041424,2021-07-13,100.04,100.04,102.02,0.0,0.0,0.0,0.0
USC00041424,2021-07-14,95.0,100.04,102.02,0.0,0.0,0.0,0.0
USC00041424,2021-07-15,96.98,100.04,102.02,0.0,0.0,0.0,0.0
USC00041424,2021-07-16,98.06,100.04,102.02,0.0,0.0,0.0,0.0
USC00041424,2021-07-17,95.0,100.04,102.02,0.0,0.0,0.0,0.0
USC00041424,2021-07-18,98.96,100.04,102.02,0.0,0.0,0.0,0.0
USC00041424,2021-07-19,98.96,100.04,102.02,0.0,0.0,0.0,0.0
USC00041424,2021-07-20,100.94,100.04,102.02,1.0,0.0,0.0,0.0
USC00041424,2021-07-21,100.94,100.04,102.02,1.0,0.0,0.0,0.0
USC00041424,2021-07-22,100.04,100.04,102.02,0.0,0.0,0.0,0.0
USC00041424,2021-07-23,95.0,100.04,102.02,0.0,0.0,0.0,0.0
USC00041424,2021-07-24,93.02,100.04,102.02,0.0,0.0,0.0,0.0
USC00041424,2021-07-25,89.96,100.04,102.02,0.0,0.0,0.0,0.0
USC00041424,2021-07-26,91.04,100.04,102.02,0.0,0.0,0.0,0.0
USC00041424,2021-07-27,96.98,100.04,102.02,0.0,0.0,0.0,0.0
USC00041424,2021-07-28,98.96,100.04,102.02,0.0,0.0,0.0,0.0
USC00041424,2021-07-29,100.94,100.04,102.02,1.0,0.0,0.0,0.0
USC00041424,2021-07-30,98.96,100.04,102.02,0.0,0.0,0.0,0.0
USC00041424,2021-07-31,96.98,100.04,102.02,0.0,0.0,0.0,0.0
USC00041424,2021-08-01,100.04,100.04,102.02,0.0,0.0,0.0,0.0
USC00041424,2021-08-02,102.92,100.04,102.02,1.0,1.0,1.0,1.0
USC00041424,2021-08-03,102.92,100.04,102.02,1.0,1.0,1.0,1.0
USC00041424,2021-08-04,107.06,100.04,102.02,1.0,1.0,1.0,1.0
USC00041424,2021-08-05,105.08,100.04,102.02,1.0,1.0,1.0,1.0
USC00041424,2021-08-06,98.96,100.04,102.02,0.0,0.0,0.0,0.0
USC00041424,2021-08-07,96.98,100.04,102.02,0.0,0.0,0.0,0.0
USC00041424,2021-08-08,96.98,100.04,102.02,0.0,0.0,0.0,0.0
USC00041424,2021-08-09,98.06,100.04,102.02,0.0,0.0,0.0,0.0
USC00041424,2021-08-10,98.06,100.04,102.02,0.0,0.0,0.0,0.0
USC00041424,2021-08-11,98.96,100.04,102.02,0.0,0.0,0.0,0.0
USC00041424,2021-08-12,91.04,100.04,102.02,0.0,0.0,0.0,0.0
USC00041424,2021-08-13,93.92,100.04,102.02,0.0,0.0,0.0,0.0
USC00041424,2021-08-14,96.98,100.04,102.02,0.0,0.0,0.0,0.0
USC00041424,2021-08-15,98.06,100.04,102.02,0.0,0.0,0.0,0.0
USC00041424,2021-08-16,96.08,100.04,102.02,0.0,0.0,0.0,0.0
USC00041424,2021-08-17,93.02,100.04,102.02,0.0,0.0,0.0,0.0
USC00041424,2021-08-18,89.06,100.04,102.02,0.0,0.0,0.0,0.0
USC00041424,2021-08-19,82.94,100.04,102.02,0.0,0.0,0.0,0.0
USC00041424,2021-08-20,84.02,100.04,102.02,0.0,0.0,0.0,0.0
USC00041424,2021-08-21,82.04,100.04,102.02,0.0,0.0,0.0,0.0
USC00041424,2021-08-22,82.94,100.04,102.02,0.0,0.0,0.0,0.0
USC00041424,2021-08-23,89.06,100.04,102.02,0.0,0.0,0.0,0.0
USC00041424,2021-08-24,96.08,100.04,102.02,0.0,0.0,0.0,0.0
USC00041424,2021-08-25,,100.04,102.02,,,,
USC00041424,2021-08-26,102.92,100.04,102.02,1.0,0.0,1.0,0.0
USC00041424,2021-08-27,100.04,100.04,102.02,0.0,0.0,0.0,0.0
USC00041424,2021-08-28,105.98,100.04,102.02,1.0,1.0,1.0,0.0
USC00041424,2021-08-29,100.94,100.04,102.02,1.0,1.0,0.0,0.0
USC00041424,2021-08-30,100.94,100.04,102.02,1.0,1.0,0.0,0.0
USC00041424,2021-08-31,89.96,100.04,102.02,0.0,0.0,0.0,0.0
USC00041424,2021-09-01,89.96,100.04,102.02,0.0,0.0,0.0,0.0
USC00041424,2021-09-02,87.98,100.04,102.02,0.0,0.0,0.0,0.0
USC00041424,2021-09-03,91.94,100.04,102.02,0.0,0.0,0.0,0.0
USC00041424,2021-09-04,98.96,100.04,102.02,0.0,0.0,0.0,0.0
USC00041424,2021-09-05,102.02,100.04,102.02,1.0,0.0,0.0,0.0
USC00041424,2021-09-06,102.02,100.04,102.02,1.0,0.0,0.0,0.0
USC00041424,2021-09-07,98.06,100.04,102.02,0.0,0.0,0.0,0.0
USC00041424,2021-09-08,100.94,100.04,102.02,1.0,0.0,0.0,0.0
USC00041424,2021-09-09,98.96,100.04,102.02,0.0,0.0,0.0,0.0
USC00041424,2021-09-10,98.96,100.04,102.02,0.0,0.0,0.0,0.0
USC00041424,2021-09-11,100.04,100.04,102.02,0.0,0.0,0.0,0.0
USC00041424,2021-09-12,100.94,100.04,102.02,1.0,0.0,0.0,0.0
USC00041424,2021-09-13,100.04,100.04,102.02,0.0,0.0,0.0,0.0
USC00041424,2021-09-14,98.96,100.04,102.02,0.0,0.0,0.0,0.0
USC00041424,2021-09-15,93.92,100.04,102.02,0.0,0.0,0.0,0.0
USC00041424,2021-09-16,91.04,100.04,102.02,0.0,0.0,0.0,0.0
USC00041424,2021-09-17,91.04,100.04,102.02,0.0,0.0,0.0,0.0
USC00041424,2021-09-18,89.06,100.04,102.02,0.0,0.0,0.0,0.0
USC00041424,2021-09-19,86.0,100.04,102.02,0.0,0.0,0.0,0.0
USC00041424,2021-09-20,93.02,100.04,102.02,0.0,0.0,0.0,0.0
USC00041424,2021-09-21,95.0,100.04,102.02,0.0,0.0,0.0,0.0
USC00041424,2021-09-22,100.94,100.04,102.02,1.0,0.0,0.0,0.0
USC00041424,2021-09-23,96.98,100.04,102.02,0.0,0.0,0.0,0.0
USC00041424,2021-09-24,87.08,100.04,102.02,0.0,0.0,0.0,0.0
USC00041424,2021-09-25,89.06,100.04,102.02,0.0,0.0,0.0,0.0
USC00041424,2021-09-26,80.06,100.04,102.02,0.0,0.0,0.0,0.0
USC00041424,2021-09-27,78.98,100.04,102.02,0.0,0.0,0.0,0.0
USC00041424,2021-09-28,75.92,100.04,102.02,0.0,0.0,0.0,0.0
USC00041424,2021-09-29,80.06,100.04,102.02,0.0,0.0,0.0,0.0
USC00041424,2021-09-30,84.92,100.04,102.02,0.0,0.0,0.0,0.0
USC00041424,2021-10-01,87.08,100.04,102.02,,,,
USC00041424,2021-10-02,87.98,100.04,102.02,,,,
USC00041424,2021-10-03,89.96,100.04,102.02,,,,
USC00041424,2021-10-04,89.96,100.04,102.02,,,,
USC00041424,2021-10-05,89.06,100.04,102.02,,,,
USC00041424,2021-10-06,77.0,100.04,102.02,,,,
USC00041424,2021-10-07,73.04,100.04,102.02,,,,
USC00041424,2021-10-08,66.02,100.04,102.02,,,,
USC00041424,2021-10-09,75.02,100.04,102.02,,,,
USC00041424,2021-10-10,80.96,100.04,102.02,,,,
USC00041424,2021-10-11,69.98,100.04,102.02,,,,
USC00041424,2021-10-12,64.94,100.04,102.02,,,,
USC00041424,2021-10-13,75.02,100.04,102.02,,,,
USC00041424,2021-10-14,78.08,100.04,102.02,,,,
USC00041424,2021-10-15,75.02,100.04,102.02,,,,
USC00041424,2021-10-16,80.06,100.04,102.02,,,,
USC00041424,2021-10-17,80.06,100.04,102.02,,,,
USC00041424,2021-10-18,60.08,100.04,102.02,,,,
USC00041424,2021-10-19,71.06,100.04,102.02,,,,
USC00041424,2021-10-20,77.0,100.04,102.02,,,,
USC00041424,2021-10-21,82.94,100.04,102.02,,,,
USC00041424,2021-10-22,80.06,100.04,102.02,,,,
USC00041424,2021-10-23,68.0,100.04,102.02,,,,
USC00041424,2021-10-24,78.08,100.04,102.02,,,,
USC00041424,2021-10-25,62.06,100.04,102.02,,,,
USC00041424,2021-10-26,68.0,100.04,102.02,,,,
USC00041424,2021-10-27,78.08,100.04,102.02,,,,
USC00041424,2021-10-28,80.96,100.04,102.02,,,,
USC00041424,2021-10-29,89.96,100.04,102.02,,,,
USC00041424,2021-10-30,68.0,100.04,102.02,,,,
USC00041424,2021-10-31,78.08,100.04,102.02,,,,
USC00041424,2021-11-01,75.92,100.04,102.02,,,,
USC00041424,2021-11-02,75.92,100.04,102.02,,,,
USC00041424,2021-11-03,82.04,100.04,102.02,,,,
USC00041424,2021-11-04,89.06,100.04,102.02,,,,
USC00041424,2021-11-05,89.06,100.04,102.02,,,,
USC00041424,2021-11-06,84.92,100.04,102.02,,,,
USC00041424,2021-11-07,82.94,100.04,102.02,,,,
USC00041424,2021-11-08,77.0,100.04,102.02,,,,
USC00041424,2021-11-09,75.92,100.04,102.02,,,,
USC00041424,2021-11-10,80.06,100.04,102.02,,,,
USC00041424,2021-11-11,80.96,100.04,102.02,,,,
USC00041424,2021-11-12,80.96,100.04,102.02,,,,
USC00041424,2021-11-13,78.98,100.04,102.02,,,,
USC00041424,2021-11-14,84.02,100.04,102.02,,,,
USC00041424,2021-11-15,87.98,100.04,102.02,,,,
USC00041424,2021-11-16,78.08,100.04,102.02,,,,
USC00041424,2021-11-17,78.98,100.04,102.02,,,,
USC00041424,2021-11-18,78.98,100.04,102.02,,,,
USC00041424,2021-11-19,80.06,100.04,102.02,,,,
USC00041424,2021-11-20,78.98,100.04,102.02,,,,
USC00041424,2021-11-21,71.96,100.04,102.02,,,,
USC00041424,2021-11-22,73.94,100.04,102.02,,,,
USC00041424,2021-11-23,68.0,100.04,102.02,,,,
USC00041424,2021-11-24,69.98,100.04,102.02,,,,
USC00041424,2021-11-25,62.06,100.04,102.02,,,,
USC00041424,2021-11-26,69.98,100.04,102.02,,,,
USC00041424,2021-11-27,71.96,100.04,102.02,,,,
USC00041424,2021-11-28,78.08,100.04,102.02,,,,
USC00041424,2021-11-29,82.04,100.04,102.02,,,,
USC00041424,2021-11-30,80.96,100.04,102.02,,,,
USC00041424,2021-12-01,78.08,100.04,102.02,,,,
USC00041424,2021-12-02,80.96,100.04,102.02,,,,
USC00041424,2021-12-03,78.08,100.04,102.02,,,,
USC00041424,2021-12-04,77.0,100.04,102.02,,,,
USC00041424,2021-12-05,78.08,100.04,102.02,,,,
USC00041424,2021-12-06,80.06,100.04,102.02,,,,
USC00041424,2021-12-07,71.06,100.04,102.02,,,,
USC00041424,2021-12-08,68.0,100.04,102.02,,,,
USC00041424,2021-12-09,60.98,100.04,102.02,,,,
USC00041424,2021-12-10,55.04,100.04,102.02,,,,
USC00041424,2021-12-11,59.0,100.04,102.02,,,,
USC00041424,2021-12-12,66.92,100.04,102.02,,,,
USC00041424,2021-12-13,60.08,100.04,102.02,,,,
USC00041424,2021-12-14,51.08,100.04,102.02,,,,
USC00041424,2021-12-15,53.06,100.04,102.02,,,,
USC00041424,2021-12-16,60.08,100.04,102.02,,,,
USC00041424,2021-12-17,57.02,100.04,102.02,,,,
USC00041424,2021-12-18,64.04,100.04,102.02,,,,
USC00041424,2021-12-19,69.98,100.04,102.02,,,,
USC00041424,2021-12-20,71.96,100.04,102.02,,,,
USC00041424,2021-12-21,68.0,100.04,102.02,,,,
USC00041424,2021-12-22,73.94,100.04,102.02,,,,
USC00041424,2021-12-23,68.0,100.04,102.02,,,,
USC00041424,2021-12-24,60.08,100.04,102.02,,,,
USC00041424,2021-12-25,51.08,100.04,102.02,,,,
USC00041424,2021-12-26,53.06,100.04,102.02,,,,
USC00041424,2021-12-27,48.92,100.04,102.02,,,,
USC00041424,2021-12-28,46.04,100.04,102.02,,,,
USC00041424,2021-12-29,48.02,100.04,102.02,,,,
USC00041424,2021-12-30,57.92,100.04,102.02,,,,
USC00041424,2021-12-31,55.04,100.04,102.02,,,,
USC00041424,2022-01-01,51.08,100.04,102.02,,,,
USC00041424,2022-01-02,53.96,100.04,102.02,,,,
USC00041424,2022-01-03,66.92,100.04,102.02,,,,
USC00041424,2022-01-04,66.02,100.04,102.02,,,,
USC00041424,2022-01-05,69.98,100.04,102.02,,,,
USC00041424,2022-01-06,75.02,100.04,102.02,,,,
USC00041424,2022-01-07,73.04,100.04,102.02,,,,
USC00041424,2022-01-08,62.06,100.04,102.02,,,,
USC00041424,2022-01-09,64.04,100.04,102.02,,,,
USC00041424,2022-01-10,64.04,100.04,102.02,,,,
USC00041424,2022-01-11,66.92,100.04,102.02,,,,
USC00041424,2022-01-12,73.04,100.04,102.02,,,,
USC00041424,2022-01-13,75.92,100.04,102.02,,,,
USC00041424,2022-01-14,73.04,100.04,102.02,,,,
USC00041424,2022-01-15,66.02,100.04,102.02,,,,
USC00041424,2022-01-16,69.98,100.04,102.02,,,,
USC00041424,2022-01-17,66.92,100.04,102.02,,,,
USC00041424,2022-01-18,62.06,100.04,102.02,,,,
USC00041424,2022-01-19,66.92,100.04,102.02,,,,
USC00041424,2022-01-20,66.02,100.04,102.02,,,,
USC00041424,2022-01-21,66.92,100.04,102.02,,,,
USC00041424,2022-01-22,66.92,100.04,102.02,,,,
USC00041424,2022-01-23,64.04,100.04,102.02,,,,
USC00041424,2022-01-24,69.98,100.04,102.02,,,,
USC00041424,2022-01-25,69.98,100.04,102.02,,,,
USC00041424,2022-01-26,62.96,100.04,102.02,,,,
USC00041424,2022-01-27,62.06,100.04,102.02,,,,
USC00041424,2022-01-28,59.0,100.04,102.02,,,,
USC00041424,2022-01-29,60.98,100.04,102.02,,,,
USC00041424,2022-01-30,71.06,100.04,102.02,,,,
USC00041424,2022-01-31,66.02,100.04,102.02,,,,
USC00041424,2022-02-01,62.06,100.04,102.02,,,,
USC00041424,2022-02-02,53.96,100.04,102.02,,,,
USC00041424,2022-02-03,55.04,100.04,102.02,,,,
USC00041424,2022-02-04,55.04,100.04,102.02,,,,
USC00041424,2022-02-05,62.06,100.04,102.02,,,,
USC00041424,2022-02-06,69.08,100.04,102.02,,,,
USC00041424,2022-02-07,66.02,100.04,102.02,,,,
USC00041424,2022-02-08,69.98,100.04,102.02,,,,
USC00041424,2022-02-09,73.94,100.04,102.02,,,,
USC00041424,2022-02-10,73.04,100.04,102.02,,,,
USC00041424,2022-02-11,80.96,100.04,102.02,,,,
USC00041424,2022-02-12,78.08,100.04,102.02,,,,
USC00041424,2022-02-13,78.08,100.04,102.02,,,,
USC00041424,2022-02-14,80.06,100.04,102.02,,,,
USC00041424,2022-02-15,69.98,100.04,102.02,,,,
USC00041424,2022-02-16,57.92,100.04,102.02,,,,
USC00041424,2022-02-17,59.0,100.04,102.02,,,,
USC00041424,2022-02-18,66.02,100.04,102.02,,,,
USC00041424,2022-02-19,69.98,100.04,102.02,,,,
USC00041424,2022-02-20,73.04,100.04,102.02,,,,
USC00041424,2022-02-21,64.04,100.04,102.02,,,,
USC00041424,2022-02-22,51.08,100.04,102.02,,,,
USC00041424,2022-02-23,46.94,100.04,102.02,,,,
USC00041424,2022-02-24,51.08,100.04,102.02,,,,
USC00041424,2022-02-25,57.92,100.04,102.02,,,,
USC00041424,2022-02-26,60.08,100.04,102.02,,,,
USC00041424,2022-02-27,62.06,100.04,102.02,,,,
USC00041424,2022-02-28,71.96,100.04,102.02,,,,
USC00041424,2022-03-01,77.0,100.04,102.02,,,,
USC00041424,2022-03-02,82.04,100.04,102.02,,,,
USC00041424,2022-03-03,75.02,100.04,102.02,,,,
USC00041424,2022-03-04,66.92,100.04,102.02,,,,
USC00041424,2022-03-05,51.08,100.04,102.02,,,,
USC00041424,2022-03-06,57.02,100.04,102.02,,,,
USC00041424,2022-03-07,60.08,100.04,102.02,,,,
USC00041424,2022-03-08,62.96,100.04,102.02,,,,
USC00041424,2022-03-09,66.02,100.04,102.02,,,,
USC00041424,2022-03-10,62.06,100.04,102.02,,,,
USC00041424,2022-03-11,60.98,100.04,102.02,,,,
USC00041424,2022-03-12,69.98,100.04,102.02,,,,
USC00041424,2022-03-13,69.98,100.04,102.02,,,,
USC00041424,2022-03-14,75.02,100.04,102.02,,,,
USC00041424,2022-03-15,80.96,100.04,102.02,,,,
USC00041424,2022-03-16,78.08,100.04,102.02,,,,
USC00041424,2022-03-17,73.94,100.04,102.02,,,,
USC00041424,2022-03-18,78.98,100.04,102.02,,,,
USC00041424,2022-03-19,77.0,100.04,102.02,,,,
USC00041424,2022-03-20,68.0,100.04,102.02,,,,
USC00041424,2022-03-21,73.04,100.04,102.02,,,,
USC00041424,2022-03-22,75.02,100.04,102.02,,,,
USC00041424,2022-03-23,75.02,100.04,102.02,,,,
USC00041424,2022-03-24,82.94,100.04,102.02,,,,
USC00041424,2022-03-25,89.06,100.04,102.02,,,,
USC00041424,2022-03-26,84.92,100.04,102.02,,,,
USC00041424,2022-03-27,84.02,100.04,102.02,,,,
USC00041424,2022-03-28,75.02,100.04,102.02,,,,
USC00041424,2022-03-29,55.94,100.04,102.02,,,,
USC00041424,2022-03-30,69.08,100.04,102.02,,,,
USC00041424,2022-03-31,68.0,100.04,102.02,,,,
USC00041424,2022-04-01,69.98,100.04,102.02,,,,
USC00041424,2022-04-02,66.02,100.04,102.02,,,,
USC00041424,2022-04-03,66.02,100.04,102.02,,,,
USC00041424,2022-04-04,75.92,100.04,102.02,,,,
USC00041424,2022-04-05,82.04,100.04,102.02,,,,
USC00041424,2022-04-06,82.04,100.04,102.02,,,,
USC00041424,2022-04-07,82.04,100.04,102.02,,,,
USC00041424,2022-04-08,87.98,100.04,102.02,,,,
USC00041424,2022-04-09,87.08,100.04,102.02,,,,
USC00041424,2022-04-10,82.94,100.04,102.02,,,,
USC00041424,2022-04-11,66.02,100.04,102.02,,,,
USC00041424,2022-04-12,64.04,100.04,102.02,,,,
USC00041424,2022-04-13,69.08,100.04,102.02,,,,
USC00041424,2022-04-14,73.04,100.04,102.02,,,,
USC00041424,2022-04-15,75.02,100.04,102.02,,,,
USC00041424,2022-04-16,75.02,100.04,102.02,,,,
USC00041424,2022-04-17,82.04,100.04,102.02,,,,
USC00041424,2022-04-18,84.92,100.04,102.02,,,,
USC00041424,2022-04-19,82.94,100.04,102.02,,,,
USC00041424,2022-04-20,73.94,100.04,102.02,,,,
USC00041424,2022-04-21,73.94,100.04,102.02,,,,
USC00041424,2022-04-22,69.98,100.04,102.02,,,,
USC00041424,2022-04-23,71.96,100.04,102.02,,,,
USC00041424,2022-04-24,75.02,100.04,102.02,,,,
USC00041424,2022-04-25,80.96,100.04,102.02,,,,
USC00041424,2022-04-26,82.94,100.04,102.02,,,,
USC00041424,2022-04-27,78.98,100.04,102.02,,,,
USC00041424,2022-04-28,73.94,100.04,102.02,,,,
USC00041424,2022-04-29,82.04,100.04,102.02,,,,
USC00041424,2022-04-30,87.98,100.04,102.02,,,,
USC00041424,2022-05-01,78.98,100.04,102.02,0.0,0.0,0.0,0.0
USC00041424,2022-05-02,75.92,100.04,102.02,0.0,0.0,0.0,0.0
USC00041424,2022-05-03,75.02,100.04,102.02,0.0,0.0,0.0,0.0
USC00041424,2022-05-04,84.92,100.04,102.02,0.0,0.0,0.0,0.0
USC00041424,2022-05-05,87.98,100.04,102.02,0.0,0.0,0.0,0.0
USC00041424,2022-05-06,87.08,100.04,102.02,0.0,0.0,0.0,0.0
USC00041424,2022-05-07,84.02,100.04,102.02,0.0,0.0,0.0,0.0
USC00041424,2022-05-08,84.02,100.04,102.02,0.0,0.0,0.0,0.0
USC00041424,2022-05-09,69.08,100.04,102.02,0.0,0.0,0.0,0.0
USC00041424,2022-05-10,73.04,100.04,102.02,0.0,0.0,0.0,0.0
USC00041424,2022-05-11,71.06,100.04,102.02,0.0,0.0,0.0,0.0
USC00041424,2022-05-12,77.0,100.04,102.02,0.0,0.0,0.0,0.0
USC00041424,2022-05-13,89.06,100.04,102.02,0.0,0.0,0.0,0.0
USC00041424,2022-05-14,96.08,100.04,102.02,0.0,0.0,0.0,0.0
USC00041424,2022-05-15,93.92,100.04,102.02,0.0,0.0,0.0,0.0
USC00041424,2022-05-16,93.92,100.04,102.02,0.0,0.0,0.0,0.0
USC00041424,2022-05-17,87.98,100.04,102.02,0.0,0.0,0.0,0.0
USC00041424,2022-05-18,89.96,100.04,102.02,0.0,0.0,0.0,0.0
USC00041424,2022-05-19,89.96,100.04,102.02,0.0,0.0,0.0,0.0
USC00041424,2022-05-20,82.04,100.04,102.02,0.0,0.0,0.0,0.0
USC00041424,2022-05-21,73.94,100.04,102.02,0.0,0.0,0.0,0.0
USC00041424,2022-05-22,78.08,100.04,102.02,0.0,0.0,0.0,0.0
USC00041424,2022-05-23,80.96,100.04,102.02,0.0,0.0,0.0,0.0
USC00041424,2022-05-24,91.94,100.04,102.02,0.0,0.0,0.0,0.0
USC00041424,2022-05-25,93.92,100.04,102.02,0.0,0.0,0.0,0.0
USC00041424,2022-05-26,93.02,100.04,102.02,0.0,0.0,0.0,0.0
USC00041424,2022-05-27,93.92,100.04,102.02,0.0,0.0,0.0,0.0
USC00041424,2022-05-28,80.06,100.04,102.02,0.0,0.0,0.0,0.0
USC00041424,2022-05-29,75.02,100.04,102.02,0.0,0.0,0.0,0.0
USC00041424,2022-05-30,80.06,100.04,102.02,0.0,0.0,0.0,0.0
USC00041424,2022-05-31,80.96,100.04,102.02,0.0,0.0,0.0,0.0
USC00041424,2022-06-01,91.94,100.04,102.02,0.0,0.0,0.0,0.0
USC00041424,2022-06-02,91.94,100.04,102.02,0.0,0.0,0.0,0.0
USC00041424,2022-06-03,91.94,100.04,102.02,0.0,0.0,0.0,0.0
USC00041424,2022-06-04,87.08,100.04,102.02,0.0,0.0,0.0,0.0
USC00041424,2022-06-05,86.0,100.04,102.02,0.0,0.0,0.0,0.0
USC00041424,2022-06-06,87.98,100.04,102.02,0.0,0.0,0.0,0.0
USC00041424,2022-06-07,93.02,100.04,102.02,0.0,0.0,0.0,0.0
USC00041424,2022-06-08,95.0,100.04,102.02,0.0,0.0,0.0,0.0
USC00041424,2022-06-09,100.04,100.04,102.02,0.0,0.0,0.0,0.0
USC00041424,2022-06-10,100.04,100.04,102.02,0.0,0.0,0.0,0.0
USC00041424,2022-06-11,98.96,100.04,102.02,0.0,0.0,0.0,0.0
USC00041424,2022-06-12,100.04,100.04,102.02,0.0,0.0,0.0,0.0
USC00041424,2022-06-13,89.96,100.04,102.02,0.0,0.0,0.0,0.0
USC00041424,2022-06-14,87.98,100.04,102.02,0.0,0.0,0.0,0.0
USC00041424,2022-06-15,98.06,100.04,102.02,0.0,0.0,0.0,0.0
USC00041424,2022-06-16,98.06,100.04,102.02,0.0,0.0,0.0,0.0
USC00041424,2022-06-17,96.08,100.04,102.02,0.0,0.0,0.0,0.0
USC00041424,2022-06-18,80.06,100.04,102.02,0.0,0.0,0.0,0.0
USC00041424,2022-06-19,86.0,100.04,102.02,0.0,0.0,0.0,0.0
USC00041424,2022-06-20,91.94,100.04,102.02,0.0,0.0,0.0,0.0
USC00041424,2022-06-21,95.0,100.04,102.02,0.0,0.0,0.0,0.0
USC00041424,2022-06-22,96.98,100.04,102.02,0.0,0.0,0.0,0.0
USC00041424,2022-06-23,96.98,100.04,102.02,0.0,0.0,0.0,0.0
USC00041424,2022-06-24,98.06,100.04,102.02,0.0,0.0,0.0,0.0
USC00041424,2022-06-25,100.94,100.04,102.02,1.0,0.0,0.0,0.0
USC00041424,2022-06-26,100.94,100.04,102.02,1.0,0.0,0.0,0.0
USC00041424,2022-06-27,100.04,100.04,102.02,0.0,0.0,0.0,0.0
USC00041424,2022-06-28,98.96,100.04,102.02,0.0,0.0,0.0,0.0
USC00041424,2022-06-29,98.06,100.04,102.02,0.0,0.0,0.0,0.0
USC00041424,2022-06-30,96.08,100.04,102.02,0.0,0.0,0.0,0.0
USC00041424,2022-07-01,95.0,100.04,102.02,0.0,0.0,0.0,0.0
USC00041424,2022-07-02,93.92,100.04,102.02,0.0,0.0,0.0,0.0
USC00041424,2022-07-03,89.06,100.04,102.02,0.0,0.0,0.0,0.0
USC00041424,2022-07-04,84.02,100.04,102.02,0.0,0.0,0.0,0.0
USC00041424,2022-07-05,87.08,100.04,102.02,0.0,0.0,0.0,0.0
USC00041424,2022-07-06,89.96,100.04,102.02,0.0,0.0,0.0,0.0
USC00041424,2022-07-07,91.04,100.04,102.02,0.0,0.0,0.0,0.0
USC00041424,2022-07-08,93.92,100.04,102.02,0.0,0.0,0.0,0.0
USC00041424,2022-07-09,96.98,100.04,102.02,0.0,0.0,0.0,0.0
USC00041424,2022-07-10,98.96,100.04,102.02,0.0,0.0,0.0,0.0
USC00041424,2022-07-11,96.08,100.04,102.02,0.0,0.0,0.0,0.0
USC00041424,2022-07-12,93.92,100.04,102.02,0.0,0.0,0.0,0.0
USC00041424,2022-07-13,96.98,100.04,102.02,0.0,0.0,0.0,0.0
USC00041424,2022-07-14,96.08,100.04,102.02,0.0,0.0,0.0,0.0
USC00041424,2022-07-15,100.94,100.04,102.02,1.0,1.0,0.0,0.0
USC00041424,2022-07-16,102.92,100.04,102.02,1.0,1.0,1.0,0.0
USC00041424,2022-07-17,100.94,100.04,102.02,1.0,1.0,0.0,0.0
USC00041424,2022-07-18,96.98,100.04,102.02,0.0,0.0,0.0,0.0
USC00041424,2022-07-19,98.96,100.04,102.02,0.0,0.0,0.0,0.0
USC00041424,2022-07-20,98.96,100.04,102.02,0.0,0.0,0.0,0.0
USC00041424,2022-07-21,98.06,100.04,102.02,0.0,0.0,0.0,0.0
USC00041424,2022-07-22,96.98,100.04,102.02,0.0,0.0,0.0,0.0
USC00041424,2022-07-23,98.96,100.04,102.02,0.0,0.0,0.0,0.0
USC00041424,2022-07-24,98.96,100.04,102.02,0.0,0.0,0.0,0.0
USC00041424,2022-07-25,96.98,100.04,102.02,0.0,0.0,0.0,0.0
USC00041424,2022-07-26,93.92,100.04,102.02,0.0,0.0,0.0,0.0
USC00041424,2022-07-27,96.98,100.04,102.02,0.0,0.0,0.0,0.0
USC00041424,2022-07-28,96.08,100.04,102.02,0.0,0.0,0.0,0.0
USC00041424,2022-07-29,93.92,100.04,102.02,0.0,0.0,0.0,0.0
USC00041424,2022-07-30,98.06,100.04,102.02,0.0,0.0,0.0,0.0
USC00041424,2022-07-31,96.98,100.04,102.02,0.0,0.0,0.0,0.0
USC00041424,2022-08-01,96.08,100.04,102.02,0.0,0.0,0.0,0.0
USC00041424,2022-08-02,95.0,100.04,102.02,0.0,0.0,0.0,0.0
USC00041424,2022-08-03,95.0,100.04,102.02,0.0,0.0,0.0,0.0
USC00041424,2022-08-04,93.92,100.04,102.02,0.0,0.0,0.0,0.0
USC00041424,2022-08-05,96.98,100.04,102.02,0.0,0.0,0.0,0.0
USC00041424,2022-08-06,100.94,100.04,102.02,1.0,0.0,0.0,0.0
USC00041424,2022-08-07,100.04,100.04,102.02,0.0,0.0,0.0,0.0
USC00041424,2022-08-08,98.06,100.04,102.02,0.0,0.0,0.0,0.0
USC00041424,2022-08-09,98.06,100.04,102.02,0.0,0.0,0.0,0.0
USC00041424,2022-08-10,98.96,100.04,102.02,0.0,0.0,0.0,0.0
USC00041424,2022-08-11,104.0,100.04,102.02,1.0,0.0,1.0,0.0
USC00041424,2022-08-12,104.0,100.04,102.02,1.0,0.0,1.0,0.0
USC00041424,2022-08-13,100.04,100.04,102.02,0.0,0.0,0.0,0.0
USC00041424,2022-08-14,98.96,100.04,102.02,0.0,0.0,0.0,0.0
USC00041424,2022-08-15,100.94,100.04,102.02,1.0,1.0,0.0,0.0
USC00041424,2022-08-16,102.92,100.04,102.02,1.0,1.0,1.0,0.0
USC00041424,2022-08-17,102.02,100.04,102.02,1.0,1.0,0.0,0.0
USC00041424,2022-08-18,102.92,100.04,102.02,1.0,1.0,1.0,0.0
USC00041424,2022-08-19,102.02,100.04,102.02,1.0,1.0,0.0,0.0
USC00041424,2022-08-20,96.08,100.04,102.02,0.0,0.0,0.0,0.0
USC00041424,2022-08-21,96.08,100.04,102.02,0.0,0.0,0.0,0.0
USC00041424,2022-08-22,95.0,100.04,102.02,0.0,0.0,0.0,0.0
USC00041424,2022-08-23,102.02,100.04,102.02,1.0,0.0,0.0,0.0
USC00041424,2022-08-24,98.06,100.04,102.02,0.0,0.0,0.0,0.0
USC00041424,2022-08-25,98.06,100.04,102.02,0.0,0.0,0.0,0.0
USC00041424,2022-08-26,98.06,100.04,102.02,0.0,0.0,0.0,0.0
USC00041424,2022-08-27,93.92,100.04,102.02,0.0,0.0,0.0,0.0
USC00041424,2022-08-28,91.04,100.04,102.02,0.0,0.0,0.0,0.0
USC00041424,2022-08-29,95.0,100.04,102.02,0.0,0.0,0.0,0.0
USC00041424,2022-08-30,102.92,100.04,102.02,1.0,1.0,1.0,1.0
USC00041424,2022-08-31,105.08,100.04,102.02,1.0,1.0,1.0,1.0
USC00041424,2022-09-01,102.92,100.04,102.02,1.0,1.0,1.0,1.0
USC00041424,2022-09-02,100.94,100.04,102.02,1.0,1.0,0.0,0.0
USC00041424,2022-09-03,100.04,100.04,102.02,0.0,0.0,0.0,0.0
USC00041424,2022-09-04,98.96,100.04,102.02,0.0,0.0,0.0,0.0
USC00041424,2022-09-05,100.94,100.04,102.02,1.0,0.0,0.0,0.0
USC00041424,2022-09-06,105.08,100.04,102.02,1.0,0.0,1.0,0.0
USC00041424,2022-09-07,96.08,100.04,102.02,0.0,0.0,0.0,0.0
USC00041424,2022-09-08,96.08,100.04,102.02,0.0,0.0,0.0,0.0
USC00041424,2022-09-09,89.06,100.04,102.02,0.0,0.0,0.0,0.0
USC00041424,2022-09-10,77.0,100.04,102.02,0.0,0.0,0.0,0.0
USC00041424,2022-09-11,87.98,100.04,102.02,0.0,0.0,0.0,0.0
USC00041424,2022-09-12,82.94,100.04,102.02,0.0,0.0,0.0,0.0
USC00041424,2022-09-13,82.94,100.04,102.02,0.0,0.0,0.0,0.0
USC00041424,2022-09-14,80.96,100.04,102.02,0.0,0.0,0.0,0.0
USC00041424,2022-09-15,80.96,100.04,102.02,0.0,0.0,0.0,0.0
USC00041424,2022-09-16,82.94,100.04,102.02,0.0,0.0,0.0,0.0
USC00041424,2022-09-17,82.04,100.04,102.02,0.0,0.0,0.0,0.0
USC00041424,2022-09-18,80.06,100.04,102.02,0.0,0.0,0.0,0.0
USC00041424,2022-09-19,84.92,100.04,102.02,0.0,0.0,0.0,0.0
USC00041424,2022-09-20,87.98,100.04,102.02,0.0,0.0,0.0,0.0
USC00041424,2022-09-21,86.0,100.04,102.02,0.0,0.0,0.0,0.0
USC00041424,2022-09-22,93.92,100.04,102.02,0.0,0.0,0.0,0.0
USC00041424,2022-09-23,93.92,100.04,102.02,0.0,0.0,0.0,0.0
USC00041424,2022-09-24,96.08,100.04,102.02,0.0,0.0,0.0,0.0
USC00041424,2022-09-25,100.04,100.04,102.02,0.0,0.0,0.0,0.0
USC00041424,2022-09-26,100.04,100.04,102.02,0.0,0.0,0.0,0.0
USC00041424,2022-09-27,98.96,100.04,102.02,0.0,0.0,0.0,0.0
USC00041424,2022-09-28,98.06,100.04,102.02,0.0,0.0,0.0,0.0
USC00041424,2022-09-29,96.08,100.04,102.02,0.0,0.0,0.0,0.0
USC00041424,2022-09-30,87.08,100.04,102.02,0.0,0.0,0.0,0.0
USC00041424,2022-10-01,87.98,100.04,102.02,,,,
USC00041424,2022-10-02,84.02,100.04,102.02,,,,
USC00041424,2022-10-03,89.96,100.04,102.02,,,,
USC00041424,2022-10-04,91.94,100.04,102.02,,,,
USC00041424,2022-10-05,93.92,100.04,102.02,,,,
USC00041424,2022-10-06,91.04,100.04,102.02,,,,
USC00041424,2022-10-07,87.08,100.04,102.02,,,,
USC00041424,2022-10-08,86.0,100.04,102.02,,,,
USC00041424,2022-10-09,86.0,100.04,102.02,,,,
USC00041424,2022-10-10,89.96,100.04,102.02,,,,
USC00041424,2022-10-11,84.02,100.04,102.02,,,,
USC00041424,2022-10-12,84.02,100.04,102.02,,,,
USC00041424,2022-10-13,86.0,100.04,102.02,,,,
USC00041424,2022-10-14,82.04,100.04,102.02,,,,
USC00041424,2022-10-15,75.02,100.04,102.02,,,,
USC00041424,2022-10-16,77.0,100.04,102.02,,,,
USC00041424,2022-10-17,80.96,100.04,102.02,,,,
USC00041424,2022-10-18,80.06,100.04,102.02,,,,
USC00041424,2022-10-19,80.96,100.04,102.02,,,,
USC00041424,2022-10-20,84.02,100.04,102.02,,,,
USC00041424,2022-10-21,84.92,100.04,102.02,,,,
USC00041424,2022-10-22,80.06,100.04,102.02,,,,
USC00041424,2022-10-23,66.92,100.04,102.02,,,,
USC00041424,2022-10-24,64.94,100.04,102.02,,,,
USC00041424,2022-10-25,80.06,100.04,102.02,,,,
USC00041424,2022-10-26,75.92,100.04,102.02,,,,
USC00041424,2022-10-27,71.96,100.04,102.02,,,,
USC00041424,2022-10-28,75.92,100.04,102.02,,,,
USC00041424,2022-10-29,78.08,100.04,102.02,,,,
USC00041424,2022-10-30,78.98,100.04,102.02,,,,
USC00041424,2022-10-31,80.96,100.04,102.02,,,,
USC00041424,2022-11-01,78.98,100.04,102.02,,,,
USC00041424,2022-11-02,68.0,100.04,102.02,,,,
USC00041424,2022-11-03,57.92,100.04,102.02,,,,
USC00041424,2022-11-04,66.02,100.04,102.02,,,,
USC00041424,2022-11-05,73.94,100.04,102.02,,,,
USC00041424,2022-11-06,80.96,100.04,102.02,,,,
USC00041424,2022-11-07,64.94,100.04,102.02,,,,
USC00041424,2022-11-08,66.02,100.04,102.02,,,,
USC00041424,2022-11-09,57.02,100.04,102.02,,,,
USC00041424,2022-11-10,60.98,100.04,102.02,,,,
USC00041424,2022-11-11,62.06,100.04,102.02,,,,
USC00041424,2022-11-12,68.0,100.04,102.02,,,,
USC00041424,2022-11-13,62.06,100.04,102.02,,,,
USC00041424,2022-11-14,64.04,100.04,102.02,,,,
USC00041424,2022-11-15,62.06,100.04,102.02,,,,
USC00041424,2022-11-16,59.0,100.04,102.02,,,,
USC00041424,2022-11-17,62.06,100.04,102.02,,,,
USC00041424,2022-11-18,71.96,100.04,102.02,,,,
USC00041424,2022-11-19,64.94,100.04,102.02,,,,
USC00041424,2022-11-20,64.04,100.04,102.02,,,,
USC00041424,2022-11-21,68.0,100.04,102.02,,,,
USC00041424,2022-11-22,69.98,100.04,102.02,,,,
USC00041424,2022-11-23,71.06,100.04,102.02,,,,
USC00041424,2022-11-24,62.96,100.04,102.02,,,,
USC00041424,2022-11-25,64.94,100.04,102.02,,,,
USC00041424,2022-11-26,69.08,100.04,102.02,,,,
USC00041424,2022-11-27,75.02,100.04,102.02,,,,
USC00041424,2022-11-28,69.08,100.04,102.02,,,,
USC00041424,2022-11-29,62.06,100.04,102.02,,,,
USC00041424,2022-11-30,64.94,100.04,102.02,,,,
USC00041424,2022-12-01,57.02,100.04,102.02,,,,
USC00041424,2022-12-02,69.08,100.04,102.02,,,,
USC00041424,2022-12-03,69.08,100.04,102.02,,,,
USC00041424,2022-12-04,69.98,100.04,102.02,,,,
USC00041424,2022-12-05,64.04,100.04,102.02,,,,
USC00041424,2022-12-06,57.02,100.04,102.02,,,,
USC00041424,2022-12-07,55.94,100.04,102.02,,,,
USC00041424,2022-12-08,62.06,100.04,102.02,,,,
USC00041424,2022-12-09,62.96,100.04,102.02,,,,
USC00041424,2022-12-10,64.04,100.04,102.02,,,,
USC00041424,2022-12-11,57.92,100.04,102.02,,,,
USC00041424,2022-12-12,48.92,100.04,102.02,,,,
USC00041424,2022-12-13,50.0,100.04,102.02,,,,
USC00041424,2022-12-14,57.02,100.04,102.02,,,,
USC00041424,2022-12-15,60.08,100.04,102.02,,,,
USC00041424,2022-12-16,57.92,100.04,102.02,,,,
USC00041424,2022-12-17,57.02,100.04,102.02,,,,
USC00041424,2022-12-18,62.96,100.04,102.02,,,,
USC00041424,2022-12-19,62.96,100.04,102.02,,,,
USC00041424,2022-12-20,68.0,100.04,102.02,,,,
USC00041424,2022-12-21,66.92,100.04,102.02,,,,
USC00041424,2022-12-22,73.04,100.04,102.02,,,,
USC00041424,2022-12-23,71.96,100.04,102.02,,,,
USC00041424,2022-12-24,71.96,100.04,102.02,,,,
USC00041424,2022-12-25,75.02,100.04,102.02,,,,
USC00041424,2022-12-26,78.08,100.04,102.02,,,,
USC00041424,2022-12-27,73.94,100.04,102.02,,,,
USC00041424,2022-12-28,62.96,100.04,102.02,,,,
USC00041424,2022-12-29,57.02,100.04,102.02,,,,
USC00041424,2022-12-30,57.02,100.04,102.02,,,,
USC00041424,2022-12-31,60.08,100.04,102.02,,,,
USC00041424,2023-01-01,53.96,100.04,102.02,,,,
USC00041424,2023-01-02,50.0,100.04,102.02,,,,
USC00041424,2023-01-03,51.08,100.04,102.02,,,,
USC00041424,2023-01-04,64.94,100.04,102.02,,,,
USC00041424,2023-01-05,62.96,100.04,102.02,,,,
USC00041424,2023-01-06,66.92,100.04,102.02,,,,
USC00041424,2023-01-07,69.98,100.04,102.02,,,,
USC00041424,2023-01-08,68.0,100.04,102.02,,,,
USC00041424,2023-01-09,66.02,100.04,102.02,,,,
USC00041424,2023-01-10,66.02,100.04,102.02,,,,
USC00041424,2023-01-11,60.98,100.04,102.02,,,,
USC00041424,2023-01-12,62.06,100.04,102.02,,,,
USC00041424,2023-01-13,69.98,100.04,102.02,,,,
USC00041424,2023-01-14,69.08,100.04,102.02,,,,
USC00041424,2023-01-15,64.04,100.04,102.02,,,,
USC00041424,2023-01-16,62.06,100.04,102.02,,,,
USC00041424,2023-01-17,48.02,100.04,102.02,,,,
USC00041424,2023-01-18,55.04,100.04,102.02,,,,
USC00041424,2023-01-19,55.94,100.04,102.02,,,,
USC00041424,2023-01-20,53.06,100.04,102.02,,,,
USC00041424,2023-01-21,55.94,100.04,102.02,,,,
USC00041424,2023-01-22,55.94,100.04,102.02,,,,
USC00041424,2023-01-23,53.96,100.04,102.02,,,,
USC00041424,2023-01-24,64.94,100.04,102.02,,,,
USC00041424,2023-01-25,62.06,100.04,102.02,,,,
USC00041424,2023-01-26,57.92,100.04,102.02,,,,
USC00041424,2023-01-27,60.08,100.04,102.02,,,,
USC00041424,2023-01-28,64.94,100.04,102.02,,,,
USC00041424,2023-01-29,66.02,100.04,102.02,,,,
USC00041424,2023-01-30,51.98,100.04,102.02,,,,
USC00041424,2023-01-31,51.98,100.04,102.02,,,,
USC00041424,2023-02-01,60.08,100.04,102.02,,,,
USC00041424,2023-02-02,62.06,100.04,102.02,,,,
USC00041424,2023-02-03,64.94,100.04,102.02,,,,
USC00041424,2023-02-04,75.92,100.04,102.02,,,,
USC00041424,2023-02-05,64.94,100.04,102.02,,,,
USC00041424,2023-02-06,62.96,100.04,102.02,,,,
USC00041424,2023-02-07,60.98,100.04,102.02,,,,
USC00041424,2023-02-08,62.96,100.04,102.02,,,,
USC00041424,2023-02-09,64.94,100.04,102.02,,,,
USC00041424,2023-02-10,62.06,100.04,102.02,,,,
USC00041424,2023-02-11,60.98,100.04,102.02,,,,
USC00041424,2023-02-12,53.96,100.04,102.02,,,,
USC00041424,2023-02-13,53.96,100.04,102.02,,,,
USC00041424,2023-02-14,53.06,100.04,102.02,,,,
USC00041424,2023-02-15,50.0,100.04,102.02,,,,
USC00041424,2023-02-16,50.0,100.04,102.02,,,,
USC00041424,2023-02-17,53.96,100.04,102.02,,,,
USC00041424,2023-02-18,62.06,100.04,102.02,,,,
USC00041424,2023-02-19,64.04,100.04,102.02,,,,
USC00041424,2023-02-20,69.98,100.04,102.02,,,,
USC00041424,2023-02-21,69.98,100.04,102.02,,,,
USC00041424,2023-02-22,57.02,100.04,102.02,,,,
USC00041424,2023-02-23,42.98,100.04,102.02,,,,
USC00041424,2023-02-24,57.02,100.04,102.02,,,,
USC00041424,2023-02-25,55.04,100.04,102.02,,,,
USC00041424,2023-02-26,48.02,100.04,102.02,,,,
USC00041424,2023-02-27,55.04,100.04,102.02,,,,
USC00041424,2023-02-28,51.98,100.04,102.02,,,,
USC00041424,2023-03-01,53.06,100.04,102.02,,,,
USC00041424,2023-03-02,55.04,100.04,102.02,,,,
USC00041424,2023-03-03,60.08,100.04,102.02,,,,
USC00041424,2023-03-04,55.94,100.04,102.02,,,,
USC00041424,2023-03-05,53.96,100.04,102.02,,,,
USC00041424,2023-03-06,57.02,100.04,102.02,,,,
USC00041424,2023-03-07,60.08,100.04,102.02,,,,
USC00041424,2023-03-08,59.0,100.04,102.02,,,,
USC00041424,2023-03-09,71.96,100.04,102.02,,,,
USC00041424,2023-03-10,68.0,100.04,102.02,,,,
USC00041424,2023-03-11,62.96,100.04,102.02,,,,
USC00041424,2023-03-12,66.92,100.04,102.02,,,,
USC00041424,2023-03-13,68.0,100.04,102.02,,,,
USC00041424,2023-03-14,66.92,100.04,102.02,,,,
USC00041424,2023-03-15,62.06,100.04,102.02,,,,
USC00041424,2023-03-16,60.08,100.04,102.02,,,,
USC00041424,2023-03-17,64.94,100.04,102.02,,,,
USC00041424,2023-03-18,64.94,100.04,102.02,,,,
USC00041424,2023-03-19,66.02,100.04,102.02,,,,
USC00041424,2023-03-20,62.96,100.04,102.02,,,,
USC00041424,2023-03-21,53.96,100.04,102.02,,,,
USC00041424,2023-03-22,53.96,100.04,102.02,,,,
USC00041424,2023-03-23,51.08,100.04,102.02,,,,
USC00041424,2023-03-24,57.92,100.04,102.02,,,,
USC00041424,2023-03-25,62.96,100.04,102.02,,,,
USC00041424,2023-03-26,62.06,100.04,102.02,,,,
USC00041424,2023-03-27,60.08,100.04,102.02,,,,
USC00041424,2023-03-28,66.92,100.04,102.02,,,,
USC00041424,2023-03-29,57.92,100.04,102.02,,,,
USC00041424,2023-03-30,51.08,100.04,102.02,,,,
USC00041424,2023-03-31,64.04,100.04,102.02,,,,
USC00041424,2023-04-01,68.0,100.04,102.02,,,,
USC00041424,2023-04-02,68.0,100.04,102.02,,,,
USC00041424,2023-04-03,64.04,100.04,102.02,,,,
USC00041424,2023-04-04,55.94,100.04,102.02,,,,
USC00041424,2023-04-05,62.06,100.04,102.02,,,,
USC00041424,2023-04-06,66.02,100.04,102.02,,,,
USC00041424,2023-04-07,71.06,100.04,102.02,,,,
USC00041424,2023-04-08,73.04,100.04,102.02,,,,
USC00041424,2023-04-09,78.98,100.04,102.02,,,,
USC00041424,2023-04-10,86.0,100.04,102.02,,,,
USC00041424,2023-04-11,84.02,100.04,102.02,,,,
USC00041424,2023-04-12,75.02,100.04,102.02,,,,
USC00041424,2023-04-13,73.94,100.04,102.02,,,,
USC00041424,2023-04-14,60.98,100.04,102.02,,,,
USC00041424,2023-04-15,75.02,100.04,102.02,,,,
USC00041424,2023-04-16,78.08,100.04,102.02,,,,
USC00041424,2023-04-17,71.96,100.04,102.02,,,,
USC00041424,2023-04-18,68.0,100.04,102.02,,,,
USC00041424,2023-04-19,69.08,100.04,102.02,,,,
USC00041424,2023-04-20,75.02,100.04,102.02,,,,
USC00041424,2023-04-21,82.94,100.04,102.02,,,,
USC00041424,2023-04-22,87.08,100.04,102.02,,,,
USC00041424,2023-04-23,86.0,100.04,102.02,,,,
USC00041424,2023-04-24,78.98,100.04,102.02,,,,
USC00041424,2023-04-25,73.94,100.04,102.02,,,,
USC00041424,2023-04-26,82.04,100.04,102.02,,,,
USC00041424,2023-04-27,87.08,100.04,102.02,,,,
USC00041424,2023-04-28,87.08,100.04,102.02,,,,
USC00041424,2023-04-29,89.96,100.04,102.02,,,,
USC00041424,2023-04-30,80.06,100.04,102.02,,,,
USC00041424,2023-05-01,53.06,100.04,102.02,0.0,0.0,0.0,0.0
USC00041424,2023-05-02,71.06,100.04,102.02,0.0,0.0,0.0,0.0
USC00041424,2023-05-03,64.04,100.04,102.02,0.0,0.0,0.0,0.0
USC00041424,2023-05-04,64.04,100.04,102.02,0.0,0.0,0.0,0.0
USC00041424,2023-05-05,62.96,100.04,102.02,0.0,0.0,0.0,0.0
USC00041424,2023-05-06,69.98,100.04,102.02,0.0,0.0,0.0,0.0
USC00041424,2023-05-07,71.96,100.04,102.02,0.0,0.0,0.0,0.0
USC00041424,2023-05-08,75.02,100.04,102.02,0.0,0.0,0.0,0.0
USC00041424,2023-05-09,73.94,100.04,102.02,0.0,0.0,0.0,0.0
USC00041424,2023-05-10,66.02,100.04,102.02,0.0,0.0,0.0,0.0
USC00041424,2023-05-11,73.94,100.04,102.02,0.0,0.0,0.0,0.0
USC00041424,2023-05-12,82.04,100.04,102.02,0.0,0.0,0.0,0.0
USC00041424,2023-05-13,89.96,100.04,102.02,0.0,0.0,0.0,0.0
USC00041424,2023-05-14,89.96,100.04,102.02,0.0,0.0,0.0,0.0
USC00041424,2023-05-15,89.06,100.04,102.02,0.0,0.0,0.0,0.0
USC00041424,2023-05-16,89.06,100.04,102.02,0.0,0.0,0.0,0.0
USC00041424,2023-05-17,91.94,100.04,102.02,0.0,0.0,0.0,0.0
USC00041424,2023-05-18,87.08,100.04,102.02,0.0,0.0,0.0,0.0
USC00041424,2023-05-19,82.94,100.04,102.02,0.0,0.0,0.0,0.0
USC00041424,2023-05-20,87.08,100.04,102.02,0.0,0.0,0.0,0.0
USC00041424,2023-05-21,87.98,100.04,102.02,0.0,0.0,0.0,0.0
USC00041424,2023-05-22,84.92,100.04,102.02,0.0,0.0,0.0,0.0
USC00041424,2023-05-23,80.06,100.04,102.02,0.0,0.0,0.0,0.0
USC00041424,2023-05-24,75.92,100.04,102.02,0.0,0.0,0.0,0.0
USC00041424,2023-05-25,73.04,100.04,102.02,0.0,0.0,0.0,0.0
USC00041424,2023-05-26,71.96,100.04,102.02,0.0,0.0,0.0,0.0
USC00041424,2023-05-27,77.0,100.04,102.02,0.0,0.0,0.0,0.0
USC00041424,2023-05-28,77.0,100.04,102.02,0.0,0.0,0.0,0.0
USC00041424,2023-05-29,75.02,100.04,102.02,0.0,0.0,0.0,0.0
USC00041424,2023-05-30,71.06,100.04,102.02,0.0,0.0,0.0,0.0
USC00041424,2023-05-31,66.92,100.04,102.02,0.0,0.0,0.0,0.0
USC00041424,2023-06-01,69.08,100.04,102.02,0.0,0.0,0.0,0.0
USC00041424,2023-06-02,78.08,100.04,102.02,0.0,0.0,0.0,0.0
USC00041424,2023-06-03,82.94,100.04,102.02,0.0,0.0,0.0,0.0
USC00041424,2023-06-04,82.94,100.04,102.02,0.0,0.0,0.0,0.0
USC00041424,2023-06-05,80.96,100.04,102.02,0.0,0.0,0.0,0.0
USC00041424,2023-06-06,69.98,100.04,102.02,0.0,0.0,0.0,0.0
USC00041424,2023-06-07,71.96,100.04,102.02,0.0,0.0,0.0,0.0
USC00041424,2023-06-08,77.0,100.04,102.02,0.0,0.0,0.0,0.0
USC00041424,2023-06-09,78.08,100.04,102.02,0.0,0.0,0.0,0.0
USC00041424,2023-06-10,77.0,100.04,102.02,0.0,0.0,0.0,0.0
USC00041424,2023-06-11,68.0,100.04,102.02,0.0,0.0,0.0,0.0
USC00041424,2023-06-12,71.96,100.04,102.02,0.0,0.0,0.0,0.0
USC00041424,2023-06-13,80.06,100.04,102.02,0.0,0.0,0.0,0.0
USC00041424,2023-06-14,80.06,100.04,102.02,0.0,0.0,0.0,0.0
USC00041424,2023-06-15,80.06,100.04,102.02,0.0,0.0,0.0,0.0
USC00041424,2023-06-16,84.02,100.04,102.02,0.0,0.0,0.0,0.0
USC00041424,2023-06-17,91.94,100.04,102.02,0.0,0.0,0.0,0.0
USC00041424,2023-06-18,89.96,100.04,102.02,0.0,0.0,0.0,0.0
USC00041424,2023-06-19,78.98,100.04,102.02,0.0,0.0,0.0,0.0
USC00041424,2023-06-20,84.92,100.04,102.02,0.0,0.0,0.0,0.0
USC00041424,2023-06-21,86.0,100.04,102.02,0.0,0.0,0.0,0.0
USC00041424,2023-06-22,84.92,100.04,102.02,0.0,0.0,0.0,0.0
USC00041424,2023-06-23,80.06,100.04,102.02,0.0,0.0,0.0,0.0
USC00041424,2023-06-24,84.92,100.04,102.02,0.0,0.0,0.0,0.0
USC00041424,2023-06-25,84.92,100.04,102.02,0.0,0.0,0.0,0.0
USC00041424,2023-06-26,87.08,100.04,102.02,0.0,0.0,0.0,0.0
USC00041424,2023-06-27,89.06,100.04,102.02,0.0,0.0,0.0,0.0
USC00041424,2023-06-28,89.06,100.04,102.02,0.0,0.0,0.0,0.0
USC00041424,2023-06-29,89.06,100.04,102.02,0.0,0.0,0.0,0.0
USC00041424,2023-06-30,100.04,100.04,102.02,0.0,0.0,0.0,0.0
USC00041424,2023-07-01,102.92,100.04,102.02,1.0,1.0,1.0,0.0
USC00041424,2023-07-02,100.94,100.04,102.02,1.0,1.0,0.0,0.0
USC00041424,2023-07-03,102.02,100.04,102.02,1.0,1.0,0.0,0.0
USC00041424,2023-07-04,98.96,100.04,102.02,0.0,0.0,0.0,0.0
USC00041424,2023-07-05,93.02,100.04,102.02,0.0,0.0,0.0,0.0
USC00041424,2023-07-06,91.94,100.04,102.02,0.0,0.0,0.0,0.0
USC00041424,2023-07-07,89.06,100.04,102.02,0.0,0.0,0.0,0.0
USC00041424,2023-07-08,89.06,100.04,102.02,0.0,0.0,0.0,0.0
USC00041424,2023-07-09,91.94,100.04,102.02,0.0,0.0,0.0,0.0
USC00041424,2023-07-10,96.98,100.04,102.02,0.0,0.0,0.0,0.0
USC00041424,2023-07-11,96.98,100.04,102.02,0.0,0.0,0.0,0.0
USC00041424,2023-07-12,96.98,100.04,102.02,0.0,0.0,0.0,0.0
USC00041424,2023-07-13,96.98,100.04,102.02,0.0,0.0,0.0,0.0
USC00041424,2023-07-14,98.96,100.04,102.02,0.0,0.0,0.0,0.0
USC00041424,2023-07-15,105.98,100.04,102.02,1.0,0.0,1.0,0.0
USC00041424,2023-07-16,105.08,100.04,102.02,1.0,0.0,1.0,0.0
USC00041424,2023-07-17,100.04,100.04,102.02,0.0,0.0,0.0,0.0
USC00041424,2023-07-18,100.04,100.04,102.02,0.0,0.0,0.0,0.0
USC00041424,2023-07-19,102.02,100.04,102.02,1.0,1.0,0.0,0.0
USC00041424,2023-07-20,104.0,100.04,102.02,1.0,1.0,1.0,0.0
USC00041424,2023-07-21,102.02,100.04,102.02,1.0,1.0,0.0,0.0
USC00041424,2023-07-22,100.04,100.04,102.02,0.0,0.0,0.0,0.0
USC00041424,2023-07-23,93.92,100.04,102.02,0.0,0.0,0.0,0.0
USC00041424,2023-07-24,102.92,100.04,102.02,1.0,1.0,1.0,1.0
USC00041424,2023-07-25,105.98,100.04,102.02,1.0,1.0,1.0,1.0
USC00041424,2023-07-26,105.08,100.04,102.02,1.0,1.0,1.0,1.0
USC00041424,2023-07-27,105.08,100.04,102.02,1.0,1.0,1.0,1.0
USC00041424,2023-07-28,102.02,100.04,102.02,1.0,1.0,0.0,0.0
USC00041424,2023-07-29,102.92,100.04,102.02,1.0,1.0,1.0,0.0
USC00041424,2023-07-30,102.02,100.04,102.02,1.0,1.0,0.0,0.0
USC00041424,2023-07-31,98.96,100.04,102.02,0.0,0.0,0.0,0.0
USC00041424,2023-08-01,98.96,100.04,102.02,0.0,0.0,0.0,0.0
USC00041424,2023-08-02,96.98,100.04,102.02,0.0,0.0,0.0,0.0
USC00041424,2023-08-03,95.0,100.04,102.02,0.0,0.0,0.0,0.0
USC00041424,2023-08-04,93.02,100.04,102.02,0.0,0.0,0.0,0.0
USC00041424,2023-08-05,102.02,100.04,102.02,1.0,0.0,0.0,0.0
USC00041424,2023-08-06,102.02,100.04,102.02,1.0,0.0,0.0,0.0
USC00041424,2023-08-07,96.98,100.04,102.02,0.0,0.0,0.0,0.0
USC00041424,2023-08-08,93.92,100.04,102.02,0.0,0.0,0.0,0.0
USC00041424,2023-08-09,91.04,100.04,102.02,0.0,0.0,0.0,0.0
USC00041424,2023-08-10,89.96,100.04,102.02,0.0,0.0,0.0,0.0
USC00041424,2023-08-11,86.0,100.04,102.02,0.0,0.0,0.0,0.0
USC00041424,2023-08-12,89.96,100.04,102.02,0.0,0.0,0.0,0.0
USC00041424,2023-08-13,95.0,100.04,102.02,0.0,0.0,0.0,0.0
USC00041424,2023-08-14,98.96,100.04,102.02,0.0,0.0,0.0,0.0
USC00041424,2023-08-15,102.92,100.04,102.02,1.0,0.0,1.0,0.0
USC00041424,2023-08-16,100.04,100.04,102.02,0.0,0.0,0.0,0.0
USC00041424,2023-08-17,102.92,100.04,102.02,1.0,0.0,1.0,0.0
USC00041424,2023-08-18,102.02,100.04,102.02,1.0,0.0,0.0,0.0
USC00041424,2023-08-19,96.08,100.04,102.02,0.0,0.0,0.0,0.0
USC00041424,2023-08-20,78.08,100.04,102.02,0.0,0.0,0.0,0.0
USC00041424,2023-08-21,75.92,100.04,102.02,0.0,0.0,0.0,0.0
USC00041424,2023-08-22,89.06,100.04,102.02,0.0,0.0,0.0,0.0
USC00041424,2023-08-23,95.0,100.04,102.02,0.0,0.0,0.0,0.0
USC00041424,2023-08-24,93.02,100.04,102.02,0.0,0.0,0.0,0.0
USC00041424,2023-08-25,98.06,100.04,102.02,0.0,0.0,0.0,0.0
USC00041424,2023-08-26,100.04,100.04,102.02,0.0,0.0,0.0,0.0
USC00041424,2023-08-27,102.92,100.04,102.02,1.0,1.0,1.0,1.0
USC00041424,2023-08-28,105.98,100.04,102.02,1.0,1.0,1.0,1.0
USC00041424,2023-08-29,105.98,100.04,102.02,1.0,1.0,1.0,1.0
USC00041424,2023-08-30,105.08,100.04,102.02,1.0,1.0,1.0,1.0
USC00041424,2023-08-31,98.06,100.04,102.02,0.0,0.0,0.0,0.0
USC00041424,2023-09-01,95.0,100.04,102.02,0.0,0.0,0.0,0.0
USC00041424,2023-09-02,89.06,100.04,102.02,0.0,0.0,0.0,0.0
USC00041424,2023-09-03,86.0,100.04,102.02,0.0,0.0,0.0,0.0
USC00041424,2023-09-04,80.06,100.04,102.02,0.0,0.0,0.0,0.0
USC00041424,2023-09-05,80.96,100.04,102.02,0.0,0.0,0.0,0.0
USC00041424,2023-09-06,91.04,100.04,102.02,0.0,0.0,0.0,0.0
USC00041424,2023-09-07,96.98,100.04,102.02,0.0,0.0,0.0,0.0
USC00041424,2023-09-08,98.96,100.04,102.02,0.0,0.0,0.0,0.0
USC00041424,2023-09-09,102.02,100.04,102.02,1.0,0.0,0.0,0.0
USC00041424,2023-09-10,102.92,100.04,102.02,1.0,0.0,1.0,0.0
USC00041424,2023-09-11,95.0,100.04,102.02,0.0,0.0,0.0,0.0
USC00041424,2023-09-12,89.96,100.04,102.02,0.0,0.0,0.0,0.0
USC00041424,2023-09-13,86.0,100.04,102.02,0.0,0.0,0.0,0.0
USC00041424,2023-09-14,86.0,100.04,102.02,0.0,0.0,0.0,0.0
USC00041424,2023-09-15,84.02,100.04,102.02,0.0,0.0,0.0,0.0
USC00041424,2023-09-16,82.94,100.04,102.02,0.0,0.0,0.0,0.0
USC00041424,2023-09-17,82.94,100.04,102.02,0.0,0.0,0.0,0.0
USC00041424,2023-09-18,77.0,100.04,102.02,0.0,0.0,0.0,0.0
USC00041424,2023-09-19,80.96,100.04,102.02,0.0,0.0,0.0,0.0
USC00041424,2023-09-20,84.92,100.04,102.02,0.0,0.0,0.0,0.0
USC00041424,2023-09-21,78.08,100.04,102.02,0.0,0.0,0.0,0.0
USC00041424,2023-09-22,82.04,100.04,102.02,0.0,0.0,0.0,0.0
USC00041424,2023-09-23,84.92,100.04,102.02,0.0,0.0,0.0,0.0
USC00041424,2023-09-24,91.04,100.04,102.02,0.0,0.0,0.0,0.0
USC00041424,2023-09-25,89.96,100.04,102.02,0.0,0.0,0.0,0.0
USC00041424,2023-09-26,91.94,100.04,102.02,0.0,0.0,0.0,0.0
USC00041424,2023-09-27,96.98,100.04,102.02,0.0,0.0,0.0,0.0
USC00041424,2023-09-28,91.04,100.04,102.02,0.0,0.0,0.0,0.0
USC00041424,2023-09-29,89.06,100.04,102.02,0.0,0.0,0.0,0.0
USC00041424,2023-09-30,78.98,100.04,102.02,0.0,0.0,0.0,0.0
USC00041424,2023-10-01,66.92,100.04,102.02,,,,
USC00041424,2023-10-02,75.02,100.04,102.02,,,,
USC00041424,2023-10-03,87.08,100.04,102.02,,,,
USC00041424,2023-10-04,84.92,100.04,102.02,,,,
USC00041424,2023-10-05,89.06,100.04,102.02,,,,
USC00041424,2023-10-06,91.94,100.04,102.02,,,,
USC00041424,2023-10-07,98.96,100.04,102.02,,,,
USC00041424,2023-10-08,96.98,100.04,102.02,,,,
USC00041424,2023-10-09,98.06,100.04,102.02,,,,
USC00041424,2023-10-10,89.96,100.04,102.02,,,,
USC00041424,2023-10-11,82.94,100.04,102.02,,,,
USC00041424,2023-10-12,78.98,100.04,102.02,,,,
USC00041424,2023-10-13,84.02,100.04,102.02,,,,
USC00041424,2023-10-14,84.92,100.04,102.02,,,,
USC00041424,2023-10-15,89.96,100.04,102.02,,,,
USC00041424,2023-10-16,96.08,100.04,102.02,,,,
USC00041424,2023-10-17,96.98,100.04,102.02,,,,
USC00041424,2023-10-18,93.02,100.04,102.02,,,,
USC00041424,2023-10-19,98.06,100.04,102.02,,,,
USC00041424,2023-10-20,98.06,100.04,102.02,,,,
USC00041424,2023-10-21,93.92,100.04,102.02,,,,
USC00041424,2023-10-22,86.0,100.04,102.02,,,,
USC00041424,2023-10-23,75.92,100.04,102.02,,,,
USC00041424,2023-10-24,77.0,100.04,102.02,,,,
USC00041424,2023-10-25,73.94,100.04,102.02,,,,
USC00041424,2023-10-26,75.92,100.04,102.02,,,,
USC00041424,2023-10-27,78.08,100.04,102.02,,,,
USC00041424,2023-10-28,75.92,100.04,102.02,,,,
USC00041424,2023-10-29,71.06,100.04,102.02,,,,
USC00041424,2023-10-30,69.98,100.04,102.02,,,,
USC00041424,2023-10-31,71.96,100.04,102.02,,,,
USC00041424,2023-11-01,78.08,100.04,102.02,,,,
USC00041424,2023-11-02,78.98,100.04,102.02,,,,
USC00041424,2023-11-03,80.96,100.04,102.02,,,,
USC00041424,2023-11-04,87.98,100.04,102.02,,,,
USC00041424,2023-11-05,89.06,100.04,102.02,,,,
USC00041424,2023-11-06,84.92,100.04,102.02,,,,
USC00041424,2023-11-07,78.98,100.04,102.02,,,,
USC00041424,2023-11-08,68.0,100.04,102.02,,,,
USC00041424,2023-11-09,68.0,100.04,102.02,,,,
USC00041424,2023-11-10,71.96,100.04,102.02,,,,
USC00041424,2023-11-11,73.04,100.04,102.02,,,,
USC00041424,2023-11-12,75.02,100.04,102.02,,,,
USC00041424,2023-11-13,,100.04,102.02,,,,
USC00041424,2023-11-14,82.04,100.04,102.02,,,,
USC00041424,2023-11-15,71.06,100.04,102.02,,,,
USC00041424,2023-11-16,68.0,100.04,102.02,,,,
USC00041424,2023-11-17,75.02,100.04,102.02,,,,
USC00041424,2023-11-18,69.98,100.04,102.02,,,,
USC00041424,2023-11-19,64.04,100.04,102.02,,,,
USC00041424,2023-11-20,64.94,100.04,102.02,,,,
USC00041424,2023-11-21,66.92,100.04,102.02,,,,
USC00041424,2023-11-22,69.98,100.04,102.02,,,,
USC00041424,2023-11-23,69.98,100.04,102.02,,,,
USC00041424,2023-11-24,60.98,100.04,102.02,,,,
USC00041424,2023-11-25,59.0,100.04,102.02,,,,
USC00041424,2023-11-26,59.0,100.04,102.02,,,,
USC00041424,2023-11-27,62.96,100.04,102.02,,,,
USC00041424,2023-11-28,69.08,100.04,102.02,,,,
USC00041424,2023-11-29,60.08,100.04,102.02,,,,
USC00041424,2023-11-30,55.94,100.04,102.02,,,,
USC00041424,2023-12-01,57.92,100.04,102.02,,,,
USC00041424,2023-12-02,66.02,100.04,102.02,,,,
USC00041424,2023-12-03,71.96,100.04,102.02,,,,
USC00041424,2023-12-04,71.96,100.04,102.02,,,,
USC00041424,2023-12-05,73.04,100.04,102.02,,,,
USC00041424,2023-12-06,78.08,100.04,102.02,,,,
USC00041424,2023-12-07,69.08,100.04,102.02,,,,
USC00041424,2023-12-08,71.06,100.04,102.02,,,,
USC00041424,2023-12-09,64.94,100.04,102.02,,,,
USC00041424,2023-12-10,57.02,100.04,102.02,,,,
USC00041424,2023-12-11,78.98,100.04,102.02,,,,
USC00041424,2023-12-12,71.96,100.04,102.02,,,,
USC00041424,2023-12-13,66.02,100.04,102.02,,,,
USC00041424,2023-12-14,66.02,100.04,102.02,,,,
USC00041424,2023-12-15,66.92,100.04,102.02,,,,
USC00041424,2023-12-16,75.92,100.04,102.02,,,,
USC00041424,2023-12-17,75.02,100.04,102.02,,,,
USC00041424,2023-12-18,75.02,100.04,102.02,,,,
USC00041424,2023-12-19,69.98,100.04,102.02,,,,
USC00041424,2023-12-20,69.98,100.04,102.02,,,,
USC00041424,2023-12-21,64.94,100.04,102.02,,,,
USC00041424,2023-12-22,60.98,100.04,102.02,,,,
USC00041424,2023-12-23,59.0,100.04,102.02,,,,
USC00041424,2023-12-24,64.94,100.04,102.02,,,,
USC00041424,2023-12-25,69.98,100.04,102.02,,,,
USC00041424,2023-12-26,68.0,100.04,102.02,,,,
USC00041424,2023-12-27,71.06,100.04,102.02,,,,
USC00041424,2023-12-28,75.02,100.04,102.02,,,,
USC00041424,2023-12-29,73.94,100.04,102.02,,,,
USC00041424,2023-12-30,66.92,100.04,102.02,,,,
USC00041424,2023-12-31,60.08,100.04,102.02,,,,
USC00041424,2024-01-01,57.92,100.04,102.02,,,,
USC00041424,2024-01-02,64.94,100.04,102.02,,,,
USC00041424,2024-01-03,60.08,100.04,102.02,,,,
USC00041424,2024-01-04,57.92,100.04,102.02,,,,
USC00041424,2024-01-05,60.98,100.04,102.02,,,,
USC00041424,2024-01-06,64.04,100.04,102.02,,,,
USC00041424,2024-01-07,57.92,100.04,102.02,,,,
USC00041424,2024-01-08,51.08,100.04,102.02,,,,
USC00041424,2024-01-09,60.98,100.04,102.02,,,,
USC00041424,2024-01-10,57.02,100.04,102.02,,,,
USC00041424,2024-01-11,55.04,100.04,102.02,,,,
USC00041424,2024-01-12,62.06,100.04,102.02,,,,
USC00041424,2024-01-13,66.92,100.04,102.02,,,,
USC00041424,2024-01-14,66.92,100.04,102.02,,,,
USC00041424,2024-01-15,69.98,100.04,102.02,,,,
USC00041424,2024-01-16,71.96,100.04,102.02,,,,
USC00041424,2024-01-17,69.08,100.04,102.02,,,,
USC00041424,2024-01-18,73.04,100.04,102.02,,,,
USC00041424,2024-01-19,73.04,100.04,102.02,,,,
USC00041424,2024-01-20,66.92,100.04,102.02,,,,
USC00041424,2024-01-21,55.04,100.04,102.02,,,,
USC00041424,2024-01-22,53.06,100.04,102.02,,,,
USC00041424,2024-01-23,57.02,100.04,102.02,,,,
USC00041424,2024-01-24,60.98,100.04,102.02,,,,
USC00041424,2024-01-25,59.0,100.04,102.02,,,,
USC00041424,2024-01-26,62.96,100.04,102.02,,,,
USC00041424,2024-01-27,64.04,100.04,102.02,,,,
USC00041424,2024-01-28,68.0,100.04,102.02,,,,
USC00041424,2024-01-29,71.06,100.04,102.02,,,,
USC00041424,2024-01-30,73.94,100.04,102.02,,,,
USC00041424,2024-01-31,71.06,100.04,102.02,,,,
USC00041424,2024-02-01,64.94,100.04,102.02,,,,
USC00041424,2024-02-02,53.96,100.04,102.02,,,,
USC00041424,2024-02-03,55.04,100.04,102.02,,,,
USC00041424,2024-02-04,66.92,100.04,102.02,,,,
USC00041424,2024-02-05,60.08,100.04,102.02,,,,
USC00041424,2024-02-06,57.02,100.04,102.02,,,,
USC00041424,2024-02-07,48.92,100.04,102.02,,,,
USC00041424,2024-02-08,48.02,100.04,102.02,,,,
USC00041424,2024-02-09,50.0,100.04,102.02,,,,
USC00041424,2024-02-10,55.94,100.04,102.02,,,,
USC00041424,2024-02-11,55.94,100.04,102.02,,,,
USC00041424,2024-02-12,57.92,100.04,102.02,,,,
USC00041424,2024-02-13,64.04,100.04,102.02,,,,
USC00041424,2024-02-14,64.94,100.04,102.02,,,,
USC00041424,2024-02-15,68.0,100.04,102.02,,,,
USC00041424,2024-02-16,71.06,100.04,102.02,,,,
USC00041424,2024-02-17,71.96,100.04,102.02,,,,
USC00041424,2024-02-18,64.94,100.04,102.02,,,,
USC00041424,2024-02-19,69.08,100.04,102.02,,,,
USC00041424,2024-02-20,64.04,100.04,102.02,,,,
USC00041424,2024-02-21,55.94,100.04,102.02,,,,
USC00041424,2024-02-22,68.0,100.04,102.02,,,,
USC00041424,2024-02-23,68.0,100.04,102.02,,,,
USC00041424,2024-02-24,73.04,100.04,102.02,,,,
USC00041424,2024-02-25,71.06,100.04,102.02,,,,
USC00041424,2024-02-26,64.94,100.04,102.02,,,,
USC00041424,2024-02-27,64.94,100.04,102.02,,,,
USC00041424,2024-02-28,69.98,100.04,102.02,,,,
USC00041424,2024-02-29,68.0,100.04,102.02,,,,
USC00041424,2024-03-01,60.08,100.04,102.02,,,,
USC00041424,2024-03-02,60.98,100.04,102.02,,,,
USC00041424,2024-03-03,53.06,100.04,102.02,,,,
USC00041424,2024-03-04,57.02,100.04,102.02,,,,
USC00041424,2024-03-05,62.96,100.04,102.02,,,,
USC00041424,2024-03-06,60.98,100.04,102.02,,,,
USC00041424,2024-03-07,57.02,100.04,102.02,,,,
USC00041424,2024-03-08,64.04,100.04,102.02,,,,
USC00041424,2024-03-09,69.08,100.04,102.02,,,,
USC00041424,2024-03-10,69.98,100.04,102.02,,,,
USC00041424,2024-03-11,66.92,100.04,102.02,,,,
USC00041424,2024-03-12,60.98,100.04,102.02,,,,
USC00041424,2024-03-13,64.04,100.04,102.02,,,,
USC00041424,2024-03-14,62.96,100.04,102.02,,,,
USC00041424,2024-03-15,53.96,100.04,102.02,,,,
USC00041424,2024-03-16,62.96,100.04,102.02,,,,
USC00041424,2024-03-17,66.02,100.04,102.02,,,,
USC00041424,2024-03-18,66.92,100.04,102.02,,,,
USC00041424,2024-03-19,68.0,100.04,102.02,,,,
USC00041424,2024-03-20,73.04,100.04,102.02,,,,
USC00041424,2024-03-21,75.02,100.04,102.02,,,,
USC00041424,2024-03-22,73.04,100.04,102.02,,,,
USC00041424,2024-03-23,71.06,100.04,102.02,,,,
USC00041424,2024-03-24,55.94,100.04,102.02,,,,
USC00041424,2024-03-25,57.92,100.04,102.02,,,,
USC00041424,2024-03-26,59.0,100.04,102.02,,,,
USC00041424,2024-03-27,69.98,100.04,102.02,,,,
USC00041424,2024-03-28,69.08,100.04,102.02,,,,
USC00041424,2024-03-29,60.08,100.04,102.02,,,,
USC00041424,2024-03-30,60.08,100.04,102.02,,,,
USC00041424,2024-03-31,55.04,100.04,102.02,,,,
USC00041424,2024-04-01,60.98,100.04,102.02,,,,
USC00041424,2024-04-02,69.08,100.04,102.02,,,,
USC00041424,2024-04-03,75.02,100.04,102.02,,,,
USC00041424,2024-04-04,73.04,100.04,102.02,,,,
USC00041424,2024-04-05,59.0,100.04,102.02,,,,
USC00041424,2024-04-06,60.08,100.04,102.02,,,,
USC00041424,2024-04-07,64.04,100.04,102.02,,,,
USC00041424,2024-04-08,64.04,100.04,102.02,,,,
USC00041424,2024-04-09,73.04,100.04,102.02,,,,
USC00041424,2024-04-10,78.98,100.04,102.02,,,,
USC00041424,2024-04-11,82.04,100.04,102.02,,,,
USC00041424,2024-04-12,82.04,100.04,102.02,,,,
USC00041424,2024-04-13,73.04,100.04,102.02,,,,
USC00041424,2024-04-14,62.96,100.04,102.02,,,,
USC00041424,2024-04-15,64.94,100.04,102.02,,,,
USC00041424,2024-04-16,77.0,100.04,102.02,,,,
USC00041424,2024-04-17,82.04,100.04,102.02,,,,
USC00041424,2024-04-18,77.0,100.04,102.02,,,,
USC00041424,2024-04-19,73.94,100.04,102.02,,,,
USC00041424,2024-04-20,77.0,100.04,102.02,,,,
USC00041424,2024-04-21,87.08,100.04,102.02,,,,
USC00041424,2024-04-22,87.08,100.04,102.02,,,,
USC00041424,2024-04-23,73.94,100.04,102.02,,,,
USC00041424,2024-04-24,69.98,100.04,102.02,,,,
USC00041424,2024-04-25,66.92,100.04,102.02,,,,
USC00041424,2024-04-26,57.92,100.04,102.02,,,,
USC00041424,2024-04-27,68.0,100.04,102.02,,,,
USC00041424,2024-04-28,75.92,100.04,102.02,,,,
USC00041424,2024-04-29,80.06,100.04,102.02,,,,
USC00041424,2024-04-30,80.06,100.04,102.02,,,,
USC00041424,2024-05-01,77.0,100.04,102.02,0.0,0.0,0.0,0.0
USC00041424,2024-05-02,78.08,100.04,102.02,0.0,0.0,0.0,0.0
USC00041424,2024-05-03,73.04,100.04,102.02,0.0,0.0,0.0,0.0
USC00041424,2024-05-04,73.04,100.04,102.02,0.0,0.0,0.0,0.0
USC00041424,2024-05-05,60.08,100.04,102.02,0.0,0.0,0.0,0.0
USC00041424,2024-05-06,75.02,100.04,102.02,0.0,0.0,0.0,0.0
USC00041424,2024-05-07,77.0,100.04,102.02,0.0,0.0,0.0,0.0
USC00041424,2024-05-08,75.92,100.04,102.02,0.0,0.0,0.0,0.0
USC00041424,2024-05-09,78.98,100.04,102.02,0.0,0.0,0.0,0.0
USC00041424,2024-05-10,82.04,100.04,102.02,0.0,0.0,0.0,0.0
USC00041424,2024-05-11,82.04,100.04,102.02,0.0,0.0,0.0,0.0
USC00041424,2024-05-12,84.92,100.04,102.02,0.0,0.0,0.0,0.0
USC00041424,2024-05-13,82.94,100.04,102.02,0.0,0.0,0.0,0.0
USC00041424,2024-05-14,80.96,100.04,102.02,0.0,0.0,0.0,0.0
USC00041424,2024-05-15,71.96,100.04,102.02,0.0,0.0,0.0,0.0
USC00041424,2024-05-16,75.92,100.04,102.02,0.0,0.0,0.0,0.0
USC00041424,2024-05-17,80.06,100.04,102.02,0.0,0.0,0.0,0.0
USC00041424,2024-05-18,80.96,100.04,102.02,0.0,0.0,0.0,0.0
USC00041424,2024-05-19,80.06,100.04,102.02,0.0,0.0,0.0,0.0
USC00041424,2024-05-20,75.92,100.04,102.02,0.0,0.0,0.0,0.0
USC00041424,2024-05-21,77.0,100.04,102.02,0.0,0.0,0.0,0.0
USC00041424,2024-05-22,75.92,100.04,102.02,0.0,0.0,0.0,0.0
USC00041424,2024-05-23,73.94,100.04,102.02,0.0,0.0,0.0,0.0
USC00041424,2024-05-24,73.04,100.04,102.02,0.0,0.0,0.0,0.0
USC00041424,2024-05-25,73.04,100.04,102.02,0.0,0.0,0.0,0.0
USC00041424,2024-05-26,75.92,100.04,102.02,0.0,0.0,0.0,0.0
USC00041424,2024-05-27,80.96,100.04,102.02,0.0,0.0,0.0,0.0
USC00041424,2024-05-28,82.94,100.04,102.02,0.0,0.0,0.0,0.0
USC00041424,2024-05-29,82.94,100.04,102.02,0.0,0.0,0.0,0.0
USC00041424,2024-05-30,87.08,100.04,102.02,0.0,0.0,0.0,0.0
USC00041424,2024-05-31,89.06,100.04,102.02,0.0,0.0,0.0,0.0
USC00041424,2024-06-01,82.04,100.04,102.02,0.0,0.0,0.0,0.0
USC00041424,2024-06-02,78.98,100.04,102.02,0.0,0.0,0.0,0.0
USC00041424,2024-06-03,82.94,100.04,102.02,0.0,0.0,0.0,0.0
USC00041424,2024-06-04,91.04,100.04,102.02,0.0,0.0,0.0,0.0
USC00041424,2024-06-05,96.98,100.04,102.02,0.0,0.0,0.0,0.0
USC00041424,2024-06-06,89.06,100.04,102.02,0.0,0.0,0.0,0.0
USC00041424,2024-06-07,89.06,100.04,102.02,0.0,0.0,0.0,0.0
USC00041424,2024-06-08,91.04,100.04,102.02,0.0,0.0,0.0,0.0
USC00041424,2024-06-09,84.92,100.04,102.02,0.0,0.0,0.0,0.0
USC00041424,2024-06-10,84.92,100.04,102.02,0.0,0.0,0.0,0.0
USC00041424,2024-06-11,89.96,100.04,102.02,0.0,0.0,0.0,0.0
USC00041424,2024-06-12,91.04,100.04,102.02,0.0,0.0,0.0,0.0
USC00041424,2024-06-13,91.04,100.04,102.02,0.0,0.0,0.0,0.0
USC00041424,2024-06-14,96.08,100.04,102.02,0.0,0.0,0.0,0.0
USC00041424,2024-06-15,98.96,100.04,102.02,0.0,0.0,0.0,0.0
USC00041424,2024-06-16,98.06,100.04,102.02,0.0,0.0,0.0,0.0
USC00041424,2024-06-17,86.0,100.04,102.02,0.0,0.0,0.0,0.0
USC00041424,2024-06-18,84.02,100.04,102.02,0.0,0.0,0.0,0.0
USC00041424,2024-06-19,86.0,100.04,102.02,0.0,0.0,0.0,0.0
USC00041424,2024-06-20,89.96,100.04,102.02,0.0,0.0,0.0,0.0
USC00041424,2024-06-21,95.0,100.04,102.02,0.0,0.0,0.0,0.0
USC00041424,2024-06-22,105.08,100.04,102.02,1.0,0.0,1.0,0.0
USC00041424,2024-06-23,100.94,100.04,102.02,1.0,0.0,0.0,0.0
USC00041424,2024-06-24,100.04,100.04,102.02,0.0,0.0,0.0,0.0
USC00041424,2024-06-25,95.0,100.04,102.02,0.0,0.0,0.0,0.0
USC00041424,2024-06-26,95.0,100.04,102.02,0.0,0.0,0.0,0.0
USC00041424,2024-06-27,95.0,100.04,102.02,0.0,0.0,0.0,0.0
USC00041424,2024-06-28,89.96,100.04,102.02,0.0,0.0,0.0,0.0
USC00041424,2024-06-29,96.98,100.04,102.02,0.0,0.0,0.0,0.0
USC00041424,2024-06-30,,100.04,102.02,,,,
USC00041424,2024-07-01,100.04,100.04,102.02,0.0,0.0,0.0,0.0
USC00041424,2024-07-02,98.96,100.04,102.02,0.0,0.0,0.0,0.0
USC00041424,2024-07-03,102.92,100.04,102.02,1.0,1.0,1.0,1.0
USC00041424,2024-07-04,104.0,100.04,102.02,1.0,1.0,1.0,1.0
USC00041424,2024-07-05,109.04,100.04,102.02,1.0,1.0,1.0,1.0
USC00041424,2024-07-06,100.94,100.04,102.02,1.0,1.0,0.0,0.0
USC00041424,2024-07-07,98.06,100.04,102.02,0.0,0.0,0.0,0.0
USC00041424,2024-07-08,96.98,100.04,102.02,0.0,0.0,0.0,0.0
USC00041424,2024-07-09,105.98,100.04,102.02,1.0,1.0,1.0,1.0
USC00041424,2024-07-10,109.94,100.04,102.02,1.0,1.0,1.0,1.0
USC00041424,2024-07-11,105.08,100.04,102.02,1.0,1.0,1.0,1.0
USC00041424,2024-07-12,100.94,100.04,102.02,1.0,1.0,0.0,0.0
USC00041424,2024-07-13,100.94,100.04,102.02,1.0,1.0,0.0,0.0
USC00041424,2024-07-14,98.96,100.04,102.02,0.0,0.0,0.0,0.0
USC00041424,2024-07-15,98.96,100.04,102.02,0.0,0.0,0.0,0.0
USC00041424,2024-07-16,98.06,100.04,102.02,0.0,0.0,0.0,0.0
USC00041424,2024-07-17,96.08,100.04,102.02,0.0,0.0,0.0,0.0
USC00041424,2024-07-18,100.94,100.04,102.02,1.0,1.0,0.0,0.0
USC00041424,2024-07-19,102.02,100.04,102.02,1.0,1.0,0.0,0.0
USC00041424,2024-07-20,105.08,100.04,102.02,1.0,1.0,1.0,0.0
USC00041424,2024-07-21,100.04,100.04,102.02,0.0,0.0,0.0,0.0
USC00041424,2024-07-22,102.02,100.04,102.02,1.0,0.0,0.0,0.0
USC00041424,2024-07-23,100.04,100.04,102.02,0.0,0.0,0.0,0.0
USC00041424,2024-07-24,105.98,100.04,102.02,1.0,1.0,1.0,0.0
USC00041424,2024-07-25,105.08,100.04,102.02,1.0,1.0,1.0,0.0
USC00041424,2024-07-26,102.02,100.04,102.02,1.0,1.0,0.0,0.0
USC00041424,2024-07-27,98.06,100.04,102.02,0.0,0.0,0.0,0.0
USC00041424,2024-07-28,93.92,100.04,102.02,0.0,0.0,0.0,0.0
USC00041424,2024-07-29,96.08,100.04,102.02,0.0,0.0,0.0,0.0
USC00041424,2024-07-30,93.92,100.04,102.02,0.0,0.0,0.0,0.0
USC00041424,2024-07-31,96.08,100.04,102.02,0.0,0.0,0.0,0.0
USC00041424,2024-08-01,96.98,100.04,102.02,0.0,0.0,0.0,0.0
USC00041424,2024-08-02,100.04,100.04,102.02,0.0,0.0,0.0,0.0
USC00041424,2024-08-03,102.92,100.04,102.02,1.0,1.0,1.0,1.0
USC00041424,2024-08-04,105.98,100.04,102.02,1.0,1.0,1.0,1.0
USC00041424,2024-08-05,107.06,100.04,102.02,1.0,1.0,1.0,1.0
USC00041424,2024-08-06,105.08,100.04,102.02,1.0,1.0,1.0,1.0
USC00041424,2024-08-07,96.98,100.04,102.02,0.0,0.0,0.0,0.0
USC00041424,2024-08-08,93.92,100.04,102.02,0.0,0.0,0.0,0.0
USC00041424,2024-08-09,102.92,100.04,102.02,1.0,0.0,1.0,0.0
USC00041424,2024-08-10,102.02,100.04,102.02,1.0,0.0,0.0,0.0
USC00041424,2024-08-11,100.04,100.04,102.02,0.0,0.0,0.0,0.0
USC00041424,2024-08-12,93.02,100.04,102.02,0.0,0.0,0.0,0.0
USC00041424,2024-08-13,95.0,100.04,102.02,0.0,0.0,0.0,0.0
USC00041424,2024-08-14,93.92,100.04,102.02,0.0,0.0,0.0,0.0
USC00041424,2024-08-15,96.08,100.04,102.02,0.0,0.0,0.0,0.0
USC00041424,2024-08-16,98.96,100.04,102.02,0.0,0.0,0.0,0.0
USC00041424,2024-08-17,95.0,100.04,102.02,0.0,0.0,0.0,0.0
USC00041424,2024-08-18,96.08,100.04,102.02,0.0,0.0,0.0,0.0
USC00041424,2024-08-19,100.04,100.04,102.02,0.0,0.0,0.0,0.0
USC00041424,2024-08-20,102.02,100.04,102.02,1.0,0.0,0.0,0.0
USC00041424,2024-08-21,100.04,100.04,102.02,0.0,0.0,0.0,0.0
USC00041424,2024-08-22,96.08,100.04,102.02,0.0,0.0,0.0,0.0
USC00041424,2024-08-23,89.96,100.04,102.02,0.0,0.0,0.0,0.0
USC00041424,2024-08-24,87.98,100.04,102.02,0.0,0.0,0.0,0.0
USC00041424,2024-08-25,89.06,100.04,102.02,0.0,0.0,0.0,0.0
USC00041424,2024-08-26,93.92,100.04,102.02,0.0,0.0,0.0,0.0
USC00041424,2024-08-27,96.98,100.04,102.02,0.0,0.0,0.0,0.0
USC00041424,2024-08-28,95.0,100.04,102.02,0.0,0.0,0.0,0.0
USC00041424,2024-08-29,93.92,100.04,102.02,0.0,0.0,0.0,0.0
USC00041424,2024-08-30,95.0,100.04,102.02,0.0,0.0,0.0,0.0
USC00041424,2024-08-31,100.04,100.04,102.02,0.0,0.0,0.0,0.0
USC00041424,2024-09-01,100.04,100.04,102.02,0.0,0.0,0.0,0.0
USC00041424,2024-09-02,102.02,100.04,102.02,1.0,1.0,0.0,0.0
USC00041424,2024-09-03,102.02,100.04,102.02,1.0,1.0,0.0,0.0
USC00041424,2024-09-04,104.0,100.04,102.02,1.0,1.0,1.0,1.0
USC00041424,2024-09-05,107.06,100.04,102.02,1.0,1.0,1.0,1.0
USC00041424,2024-09-06,105.08,100.04,102.02,1.0,1.0,1.0,1.0
USC00041424,2024-09-07,105.08,100.04,102.02,1.0,1.0,1.0,1.0
USC00041424,2024-09-08,100.94,100.04,102.02,1.0,1.0,0.0,0.0
USC00041424,2024-09-09,102.92,100.04,102.02,1.0,1.0,1.0,0.0
USC00041424,2024-09-10,100.04,100.04,102.02,0.0,0.0,0.0,0.0
USC00041424,2024-09-11,98.96,100.04,102.02,0.0,0.0,0.0,0.0
USC00041424,2024-09-12,82.04,100.04,102.02,0.0,0.0,0.0,0.0
USC00041424,2024-09-13,86.0,100.04,102.02,0.0,0.0,0.0,0.0
USC00041424,2024-09-14,86.0,100.04,102.02,0.0,0.0,0.0,0.0
USC00041424,2024-09-15,80.06,100.04,102.02,0.0,0.0,0.0,0.0
USC00041424,2024-09-16,73.04,100.04,102.02,0.0,0.0,0.0,0.0
USC00041424,2024-09-17,73.94,100.04,102.02,0.0,0.0,0.0,0.0
USC00041424,2024-09-18,78.08,100.04,102.02,0.0,0.0,0.0,0.0
USC00041424,2024-09-19,77.0,100.04,102.02,0.0,0.0,0.0,0.0
USC00041424,2024-09-20,71.96,100.04,102.02,0.0,0.0,0.0,0.0
USC00041424,2024-09-21,82.04,100.04,102.02,0.0,0.0,0.0,0.0
USC00041424,2024-09-22,93.02,100.04,102.02,0.0,0.0,0.0,0.0
USC00041424,2024-09-23,96.98,100.04,102.02,0.0,0.0,0.0,0.0
USC00041424,2024-09-24,98.06,100.04,102.02,0.0,0.0,0.0,0.0
USC00041424,2024-09-25,91.04,100.04,102.02,0.0,0.0,0.0,0.0
USC00041424,2024-09-26,93.02,100.04,102.02,0.0,0.0,0.0,0.0
USC00041424,2024-09-27,93.02,100.04,102.02,0.0,0.0,0.0,0.0
USC00041424,2024-09-28,96.08,100.04,102.02,0.0,0.0,0.0,0.0
USC00041424,2024-09-29,96.98,100.04,102.02,0.0,0.0,0.0,0.0
USC00041424,2024-09-30,100.04,100.04,102.02,0.0,0.0,0.0,0.0
USC00041424,2024-10-01,105.08,100.04,102.02,,,,
USC00041424,2024-10-02,102.92,100.04,102.02,,,,
USC00041424,2024-10-03,105.08,100.04,102.02,,,,
USC00041424,2024-10-04,102.92,100.04,102.02,,,,
USC00041424,2024-10-05,104.0,100.04,102.02,,,,
USC00041424,2024-10-06,105.08,100.04,102.02,,,,
USC00041424,2024-10-07,102.02,100.04,102.02,,,,
USC00041424,2024-10-08,96.08,100.04,102.02,,,,
USC00041424,2024-10-09,96.98,100.04,102.02,,,,
USC00041424,2024-10-10,95.0,100.04,102.02,,,,
USC00041424,2024-10-11,95.0,100.04,102.02,,,,
USC00041424,2024-10-12,91.04,100.04,102.02,,,,
USC00041424,2024-10-13,84.92,100.04,102.02,,,,
USC00041424,2024-10-14,78.08,100.04,102.02,,,,
USC00041424,2024-10-15,80.96,100.04,102.02,,,,
USC00041424,2024-10-16,80.96,100.04,102.02,,,,
USC00041424,2024-10-17,73.04,100.04,102.02,,,,
USC00041424,2024-10-18,73.04,100.04,102.02,,,,
USC00041424,2024-10-19,73.04,100.04,102.02,,,,
USC00041424,2024-10-20,78.08,100.04,102.02,,,,
USC00041424,2024-10-21,84.92,100.04,102.02,,,,
USC00041424,2024-10-22,87.98,100.04,102.02,,,,
USC00041424,2024-10-23,93.02,100.04,102.02,,,,
USC00041424,2024-10-24,89.06,100.04,102.02,,,,
USC00041424,2024-10-25,91.94,100.04,102.02,,,,
USC00041424,2024-10-26,89.96,100.04,102.02,,,,
USC00041424,2024-10-27,89.06,100.04,102.02,,,,
USC00041424,2024-10-28,69.98,100.04,102.02,,,,
USC00041424,2024-10-29,62.96,100.04,102.02,,,,
USC00041424,2024-10-30,69.98,100.04,102.02,,,,
USC00041424,2024-10-31,73.04,100.04,102.02,,,,
USC00041424,2024-11-01,77.0,100.04,102.02,,,,
USC00041424,2024-11-02,69.98,100.04,102.02,,,,
USC00041424,2024-11-03,64.94,100.04,102.02,,,,
USC00041424,2024-11-04,68.0,100.04,102.02,,,,
USC00041424,2024-11-05,75.92,100.04,102.02,,,,
USC00041424,2024-11-06,60.98,100.04,102.02,,,,
USC00041424,2024-11-07,60.98,100.04,102.02,,,,
USC00041424,2024-11-08,69.98,100.04,102.02,,,,
USC00041424,2024-11-09,80.96,100.04,102.02,,,,
USC00041424,2024-11-10,80.96,100.04,102.02,,,,
USC00041424,2024-11-11,75.92,100.04,102.02,,,,
USC00041424,2024-11-12,71.06,100.04,102.02,,,,
USC00041424,2024-11-13,77.0,100.04,102.02,,,,
USC00041424,2024-11-14,78.08,100.04,102.02,,,,
USC00041424,2024-11-15,57.02,100.04,102.02,,,,
USC00041424,2024-11-16,57.02,100.04,102.02,,,,
USC00041424,2024-11-17,64.94,100.04,102.02,,,,
USC00041424,2024-11-18,62.96,100.04,102.02,,,,
USC00041424,2024-11-19,62.96,100.04,102.02,,,,
USC00041424,2024-11-20,78.98,100.04,102.02,,,,
USC00041424,2024-11-21,84.02,100.04,102.02,,,,
USC00041424,2024-11-22,82.94,100.04,102.02,,,,
USC00041424,2024-11-23,75.02,100.04,102.02,,,,
USC00041424,2024-11-24,69.08,100.04,102.02,,,,
USC00041424,2024-11-25,75.92,100.04,102.02,,,,
USC00041424,2024-11-26,73.04,100.04,102.02,,,,
USC00041424,2024-11-27,73.94,100.04,102.02,,,,
USC00041424,2024-11-28,66.92,100.04,102.02,,,,
USC00041424,2024-11-29,64.04,100.04,102.02,,,,
USC00041424,2024-11-30,73.94,100.04,102.02,,,,
USC00041424,2024-12-01,78.08,100.04,102.02,,,,
USC00041424,2024-12-02,78.08,100.04,102.02,,,,
USC00041424,2024-12-03,75.02,100.04,102.02,,,,
USC00041424,2024-12-04,75.02,100.04,102.02,,,,
USC00041424,2024-12-05,78.08,100.04,102.02,,,,
USC00041424,2024-12-06,78.98,100.04,102.02,,,,
USC00041424,2024-12-07,78.08,100.04,102.02,,,,
USC00041424,2024-12-08,73.94,100.04,102.02,,,,
USC00041424,2024-12-09,75.92,100.04,102.02,,,,
USC00041424,2024-12-10,60.08,100.04,102.02,,,,
USC00041424,2024-12-11,66.02,100.04,102.02,,,,
USC00041424,2024-12-12,64.94,100.04,102.02,,,,
USC00041424,2024-12-13,60.98,100.04,102.02,,,,
USC00041424,2024-12-14,69.98,100.04,102.02,,,,
USC00041424,2024-12-15,69.98,100.04,102.02,,,,
USC00041424,2024-12-16,77.0,100.04,102.02,,,,
USC00041424,2024-12-17,75.92,100.04,102.02,,,,
USC00041424,2024-12-18,73.94,100.04,102.02,,,,
USC00041424,2024-12-19,77.0,100.04,102.02,,,,
USC00041424,2024-12-20,82.04,100.04,102.02,,,,
USC00041424,2024-12-21,78.08,100.04,102.02,,,,
USC00041424,2024-12-22,77.0,100.04,102.02,,,,
USC00041424,2024-12-23,78.08,100.04,102.02,,,,
USC00041424,2024-12-24,75.92,100.04,102.02,,,,
USC00041424,2024-12-25,64.04,100.04,102.02,,,,
USC00041424,2024-12-26,66.02,100.04,102.02,,,,
USC00041424,2024-12-27,64.94,100.04,102.02,,,,
USC00041424,2024-12-28,75.92,100.04,102.02,,,,
USC00041424,2024-12-29,77.0,100.04,102.02,,,,
USC00041424,2024-12-30,75.92,100.04,102.02,,,,
USC00041424,2024-12-31,78.08,100.04,102.02,,,,
USC00042239,2021-01-01,44.96,89.96,91.94,,,,
USC00042239,2021-01-02,46.94,89.96,91.94,,,,
USC00042239,2021-01-03,48.92,89.96,91.94,,,,
USC00042239,2021-01-04,51.98,89.96,91.94,,,,
USC00042239,2021-01-05,59.0,89.96,91.94,,,,
USC00042239,2021-01-06,64.04,89.96,91.94,,,,
USC00042239,2021-01-07,60.08,89.96,91.94,,,,
USC00042239,2021-01-08,57.02,89.96,91.94,,,,
USC00042239,2021-01-09,62.96,89.96,91.94,,,,
USC00042239,2021-01-10,51.98,89.96,91.94,,,,
USC00042239,2021-01-11,51.98,89.96,91.94,,,,
USC00042239,2021-01-12,50.0,89.96,91.94,,,,
USC00042239,2021-01-13,51.98,89.96,91.94,,,,
USC00042239,2021-01-14,60.08,89.96,91.94,,,,
USC00042239,2021-01-15,62.96,89.96,91.94,,,,
USC00042239,2021-01-16,64.94,89.96,91.94,,,,
USC00042239,2021-01-17,66.92,89.96,91.94,,,,
USC00042239,2021-01-18,62.96,89.96,91.94,,,,
USC00042239,2021-01-19,59.0,89.96,91.94,,,,
USC00042239,2021-01-20,44.96,89.96,91.94,,,,
USC00042239,2021-01-21,46.94,89.96,91.94,,,,
USC00042239,2021-01-22,53.96,89.96,91.94,,,,
USC00042239,2021-01-23,44.96,89.96,91.94,,,,
USC00042239,2021-01-24,35.96,89.96,91.94,,,,
USC00042239,2021-01-25,33.98,89.96,91.94,,,,
USC00042239,2021-01-26,33.08,89.96,91.94,,,,
USC00042239,2021-01-27,33.08,89.96,91.94,,,,
USC00042239,2021-01-28,37.94,89.96,91.94,,,,
USC00042239,2021-01-29,51.98,89.96,91.94,,,,
USC00042239,2021-01-30,35.96,89.96,91.94,,,,
USC00042239,2021-01-31,41.0,89.96,91.94,,,,
USC00042239,2021-02-01,46.94,89.96,91.94,,,,
USC00042239,2021-02-02,55.94,89.96,91.94,,,,
USC00042239,2021-02-03,57.92,89.96,91.94,,,,
USC00042239,2021-02-04,55.04,89.96,91.94,,,,
USC00042239,2021-02-05,53.96,89.96,91.94,,,,
USC00042239,2021-02-06,60.08,89.96,91.94,,,,
USC00042239,2021-02-07,57.92,89.96,91.94,,,,
USC00042239,2021-02-08,62.06,89.96,91.94,,,,
USC00042239,2021-02-09,59.0,89.96,91.94,,,,
USC00042239,2021-02-10,57.92,89.96,91.94,,,,
USC00042239,2021-02-11,57.02,89.96,91.94,,,,
USC00042239,2021-02-12,60.08,89.96,91.94,,,,
USC00042239,2021-02-13,44.06,89.96,91.94,,,,
USC00042239,2021-02-14,48.02,89.96,91.94,,,,
USC00042239,2021-02-15,44.96,89.96,91.94,,,,
USC00042239,2021-02-16,48.92,89.96,91.94,,,,
USC00042239,2021-02-17,44.96,89.96,91.94,,,,
USC00042239,2021-02-18,50.0,89.96,91.94,,,,
USC00042239,2021-02-19,46.04,89.96,91.94,,,,
USC00042239,2021-02-20,60.98,89.96,91.94,,,,
USC00042239,2021-02-21,53.06,89.96,91.94,,,,
USC00042239,2021-02-22,50.0,89.96,91.94,,,,
USC00042239,2021-02-23,55.94,89.96,91.94,,,,
USC00042239,2021-02-24,64.94,89.96,91.94,,,,
USC00042239,2021-02-25,60.08,89.96,91.94,,,,
USC00042239,2021-02-26,53.06,89.96,91.94,,,,
USC00042239,2021-02-27,62.06,89.96,91.94,,,,
USC00042239,2021-02-28,55.94,89.96,91.94,,,,
USC00042239,2021-03-01,46.94,89.96,91.94,,,,
USC00042239,2021-03-02,50.0,89.96,91.94,,,,
USC00042239,2021-03-03,55.94,89.96,91.94,,,,
USC00042239,2021-03-04,46.94,89.96,91.94,,,,
USC00042239,2021-03-05,53.06,89.96,91.94,,,,
USC00042239,2021-03-06,60.08,89.96,91.94,,,,
USC00042239,2021-03-07,55.94,89.96,91.94,,,,
USC00042239,2021-03-08,64.04,89.96,91.94,,,,
USC00042239,2021-03-09,48.92,89.96,91.94,,,,
USC00042239,2021-03-10,42.98,89.96,91.94,,,,
USC00042239,2021-03-11,35.96,89.96,91.94,,,,
USC00042239,2021-03-12,33.98,89.96,91.94,,,,
USC00042239,2021-03-13,37.04,89.96,91.94,,,,
USC00042239,2021-03-14,42.08,89.96,91.94,,,,
USC00042239,2021-03-15,48.02,89.96,91.94,,,,
USC00042239,2021-03-16,39.92,89.96,91.94,,,,
USC00042239,2021-03-17,42.98,89.96,91.94,,,,
USC00042239,2021-03-18,53.06,89.96,91.94,,,,
USC00042239,2021-03-19,60.98,89.96,91.94,,,,
USC00042239,2021-03-20,62.06,89.96,91.94,,,,
USC00042239,2021-03-21,51.08,89.96,91.94,,,,
USC00042239,2021-03-22,51.08,89.96,91.94,,,,
USC00042239,2021-03-23,53.96,89.96,91.94,,,,
USC00042239,2021-03-24,44.96,89.96,91.94,,,,
USC00042239,2021-03-25,55.94,89.96,91.94,,,,
USC00042239,2021-03-26,41.0,89.96,91.94,,,,
USC00042239,2021-03-27,50.0,89.96,91.94,,,,
USC00042239,2021-03-28,60.08,89.96,91.94,,,,
USC00042239,2021-03-29,64.94,89.96,91.94,,,,
USC00042239,2021-03-30,68.0,89.96,91.94,,,,
USC00042239,2021-03-31,64.94,89.96,91.94,,,,
USC00042239,2021-04-01,62.06,89.96,91.94,,,,
USC00042239,2021-04-02,71.06,89.96,91.94,,,,
USC00042239,2021-04-03,66.92,89.96,91.94,,,,
USC00042239,2021-04-04,69.98,89.96,91.94,,,,
USC00042239,2021-04-05,71.06,89.96,91.94,,,,
USC00042239,2021-04-06,64.94,89.96,91.94,,,,
USC00042239,2021-04-07,64.04,89.96,91.94,,,,
USC00042239,2021-04-08,69.98,89.96,91.94,,,,
USC00042239,2021-04-09,66.92,89.96,91.94,,,,
USC00042239,2021-04-10,73.94,89.96,91.94,,,,
USC00042239,2021-04-11,69.98,89.96,91.94,,,,
USC00042239,2021-04-12,73.04,89.96,91.94,,,,
USC00042239,2021-04-13,68.0,89.96,91.94,,,,
USC00042239,2021-04-14,51.98,89.96,91.94,,,,
USC00042239,2021-04-15,53.06,89.96,91.94,,,,
USC00042239,2021-04-16,57.92,89.96,91.94,,,,
USC00042239,2021-04-17,64.04,89.96,91.94,,,,
USC00042239,2021-04-18,66.02,89.96,91.94,,,,
USC00042239,2021-04-19,64.04,89.96,91.94,,,,
USC00042239,2021-04-20,71.96,89.96,91.94,,,,
USC00042239,2021-04-21,68.0,89.96,91.94,,,,
USC00042239,2021-04-22,48.02,89.96,91.94,,,,
USC00042239,2021-04-23,51.98,89.96,91.94,,,,
USC00042239,2021-04-24,57.92,89.96,91.94,,,,
USC00042239,2021-04-25,62.06,89.96,91.94,,,,
USC00042239,2021-04-26,55.94,89.96,91.94,,,,
USC00042239,2021-04-27,42.08,89.96,91.94,,,,
USC00042239,2021-04-28,55.04,89.96,91.94,,,,
USC00042239,2021-04-29,68.0,89.96,91.94,,,,
USC00042239,2021-04-30,75.92,89.96,91.94,,,,
USC00042239,2021-05-01,80.06,89.96,91.94,0.0,0.0,0.0,0.0
USC00042239,2021-05-02,71.06,89.96,91.94,0.0,0.0,0.0,0.0
USC00042239,2021-05-03,57.92,89.96,91.94,0.0,0.0,0.0,0.0
USC00042239,2021-05-04,69.98,89.96,91.94,0.0,0.0,0.0,0.0
USC00042239,2021-05-05,75.02,89.96,91.94,0.0,0.0,0.0,0.0
USC00042239,2021-05-06,78.08,89.96,91.94,0.0,0.0,0.0,0.0
USC00042239,2021-05-07,75.92,89.96,91.94,0.0,0.0,0.0,0.0
USC00042239,2021-05-08,66.02,89.96,91.94,0.0,0.0,0.0,0.0
USC00042239,2021-05-09,73.94,89.96,91.94,0.0,0.0,0.0,0.0
USC00042239,2021-05-10,71.96,89.96,91.94,0.0,0.0,0.0,0.0
USC00042239,2021-05-11,62.96,89.96,91.94,0.0,0.0,0.0,0.0
USC00042239,2021-05-12,75.02,89.96,91.94,0.0,0.0,0.0,0.0
USC00042239,2021-05-13,78.08,89.96,91.94,0.0,0.0,0.0,0.0
USC00042239,2021-05-14,75.02,89.96,91.94,0.0,0.0,0.0,0.0
USC00042239,2021-05-15,71.96,89.96,91.94,0.0,0.0,0.0,0.0
USC00042239,2021-05-16,64.04,89.96,91.94,0.0,0.0,0.0,0.0
USC00042239,2021-05-17,46.04,89.96,91.94,0.0,0.0,0.0,0.0
USC00042239,2021-05-18,57.92,89.96,91.94,0.0,0.0,0.0,0.0
USC00042239,2021-05-19,69.98,89.96,91.94,0.0,0.0,0.0,0.0
USC00042239,2021-05-20,68.0,89.96,91.94,0.0,0.0,0.0,0.0
USC00042239,2021-05-21,59.0,89.96,91.94,0.0,0.0,0.0,0.0
USC00042239,2021-05-22,48.92,89.96,91.94,0.0,0.0,0.0,0.0
USC00042239,2021-05-23,53.96,89.96,91.94,0.0,0.0,0.0,0.0
USC00042239,2021-05-24,62.96,89.96,91.94,0.0,0.0,0.0,0.0
USC00042239,2021-05-25,71.96,89.96,91.94,0.0,0.0,0.0,0.0
USC00042239,2021-05-26,73.04,89.96,91.94,0.0,0.0,0.0,0.0
USC00042239,2021-05-27,69.08,89.96,91.94,0.0,0.0,0.0,0.0
USC00042239,2021-05-28,71.06,89.96,91.94,0.0,0.0,0.0,0.0
USC00042239,2021-05-29,71.96,89.96,91.94,0.0,0.0,0.0,0.0
USC00042239,2021-05-30,68.0,89.96,91.94,0.0,0.0,0.0,0.0
USC00042239,2021-05-31,77.0,89.96,91.94,0.0,0.0,0.0,0.0
USC00042239,2021-06-01,82.04,89.96,91.94,0.0,0.0,0.0,0.0
USC00042239,2021-06-02,84.02,89.96,91.94,0.0,0.0,0.0,0.0
USC00042239,2021-06-03,87.08,89.96,91.94,0.0,0.0,0.0,0.0
USC00042239,2021-06-04,86.0,89.96,91.94,0.0,0.0,0.0,0.0
USC00042239,2021-06-05,82.94,89.96,91.94,0.0,0.0,0.0,0.0
USC00042239,2021-06-06,75.02,89.96,91.94,0.0,0.0,0.0,0.0
USC00042239,2021-06-07,71.06,89.96,91.94,0.0,0.0,0.0,0.0
USC00042239,2021-06-08,68.0,89.96,91.94,0.0,0.0,0.0,0.0
USC00042239,2021-06-09,66.92,89.96,91.94,0.0,0.0,0.0,0.0
USC00042239,2021-06-10,69.98,89.96,91.94,0.0,0.0,0.0,0.0
USC00042239,2021-06-11,66.92,89.96,91.94,0.0,0.0,0.0,0.0
USC00042239,2021-06-12,75.02,89.96,91.94,0.0,0.0,0.0,0.0
USC00042239,2021-06-13,82.04,89.96,91.94,0.0,0.0,0.0,0.0
USC00042239,2021-06-14,84.02,89.96,91.94,0.0,0.0,0.0,0.0
USC00042239,2021-06-15,89.06,89.96,91.94,0.0,0.0,0.0,0.0
USC00042239,2021-06-16,93.02,89.96,91.94,1.0,0.0,1.0,0.0
USC00042239,2021-06-17,93.02,89.96,91.94,1.0,0.0,1.0,0.0
USC00042239,2021-06-18,89.96,89.96,91.94,0.0,0.0,0.0,0.0
USC00042239,2021-06-19,87.98,89.96,91.94,0.0,0.0,0.0,0.0
USC00042239,2021-06-20,86.0,89.96,91.94,0.0,0.0,0.0,0.0
USC00042239,2021-06-21,86.0,89.96,91.94,0.0,0.0,0.0,0.0
USC00042239,2021-06-22,84.02,89.96,91.94,0.0,0.0,0.0,0.0
USC00042239,2021-06-23,82.04,89.96,91.94,0.0,0.0,0.0,0.0
USC00042239,2021-06-24,82.04,89.96,91.94,0.0,0.0,0.0,0.0
USC00042239,2021-06-25,77.0,89.96,91.94,0.0,0.0,0.0,0.0
USC00042239,2021-06-26,80.06,89.96,91.94,0.0,0.0,0.0,0.0
USC00042239,2021-06-27,89.06,89.96,91.94,0.0,0.0,0.0,0.0
USC00042239,2021-06-28,93.92,89.96,91.94,1.0,0.0,1.0,0.0
USC00042239,2021-06-29,93.02,89.96,91.94,1.0,0.0,1.0,0.0
USC00042239,2021-06-30,87.98,89.96,91.94,0.0,0.0,0.0,0.0
USC00042239,2021-07-01,89.06,89.96,91.94,0.0,0.0,0.0,0.0
USC00042239,2021-07-02,87.08,89.96,91.94,0.0,0.0,0.0,0.0
USC00042239,2021-07-03,87.98,89.96,91.94,0.0,0.0,0.0,0.0
USC00042239,2021-07-04,89.96,89.96,91.94,0.0,0.0,0.0,0.0
USC00042239,2021-07-05,87.08,89.96,91.94,0.0,0.0,0.0,0.0
USC00042239,2021-07-06,82.94,89.96,91.94,0.0,0.0,0.0,0.0
USC00042239,2021-07-07,84.92,89.96,91.94,0.0,0.0,0.0,0.0
USC00042239,2021-07-08,91.94,89.96,91.94,1.0,1.0,0.0,0.0
USC00042239,2021-07-09,91.94,89.96,91.94,1.0,1.0,0.0,0.0
USC00042239,2021-07-10,91.04,89.96,91.94,1.0,1.0,0.0,0.0
USC00042239,2021-07-11,87.98,89.96,91.94,0.0,0.0,0.0,0.0
USC00042239,2021-07-12,91.94,89.96,91.94,1.0,0.0,0.0,0.0
USC00042239,2021-07-13,89.96,89.96,91.94,0.0,0.0,0.0,0.0
USC00042239,2021-07-14,89.06,89.96,91.94,0.0,0.0,0.0,0.0
USC00042239,2021-07-15,84.02,89.96,91.94,0.0,0.0,0.0,0.0
USC00042239,2021-07-16,80.96,89.96,91.94,0.0,0.0,0.0,0.0
USC00042239,2021-07-17,82.94,89.96,91.94,0.0,0.0,0.0,0.0
USC00042239,2021-07-18,87.98,89.96,91.94,0.0,0.0,0.0,0.0
USC00042239,2021-07-19,86.0,89.96,91.94,0.0,0.0,0.0,0.0
USC00042239,2021-07-20,84.92,89.96,91.94,0.0,0.0,0.0,0.0
USC00042239,2021-07-21,86.0,89.96,91.94,0.0,0.0,0.0,0.0
USC00042239,2021-07-22,87.98,89.96,91.94,0.0,0.0,0.0,0.0
USC00042239,2021-07-23,86.0,89.96,91.94,0.0,0.0,0.0,0.0
USC00042239,2021-07-24,82.94,89.96,91.94,0.0,0.0,0.0,0.0
USC00042239,2021-07-25,82.04,89.96,91.94,0.0,0.0,0.0,0.0
USC00042239,2021-07-26,82.04,89.96,91.94,0.0,0.0,0.0,0.0
USC00042239,2021-07-27,78.08,89.96,91.94,0.0,0.0,0.0,0.0
USC00042239,2021-07-28,84.02,89.96,91.94,0.0,0.0,0.0,0.0
USC00042239,2021-07-29,84.02,89.96,91.94,0.0,0.0,0.0,0.0
USC00042239,2021-07-30,86.0,89.96,91.94,0.0,0.0,0.0,0.0
USC00042239,2021-07-31,84.02,89.96,91.94,0.0,0.0,0.0,0.0
USC00042239,2021-08-01,84.92,89.96,91.94,0.0,0.0,0.0,0.0
USC00042239,2021-08-02,84.92,89.96,91.94,0.0,0.0,0.0,0.0
USC00042239,2021-08-03,87.08,89.96,91.94,0.0,0.0,0.0,0.0
USC00042239,2021-08-04,89.96,89.96,91.94,0.0,0.0,0.0,0.0
USC00042239,2021-08-05,91.94,89.96,91.94,1.0,0.0,0.0,0.0
USC00042239,2021-08-06,91.94,89.96,91.94,1.0,0.0,0.0,0.0
USC00042239,2021-08-07,87.98,89.96,91.94,0.0,0.0,0.0,0.0
USC00042239,2021-08-08,84.92,89.96,91.94,0.0,0.0,0.0,0.0
USC00042239,2021-08-09,87.98,89.96,91.94,0.0,0.0,0.0,0.0
USC00042239,2021-08-10,87.08,89.96,91.94,0.0,0.0,0.0,0.0
USC00042239,2021-08-11,86.0,89.96,91.94,0.0,0.0,0.0,0.0
USC00042239,2021-08-12,82.94,89.96,91.94,0.0,0.0,0.0,0.0
USC00042239,2021-08-13,82.04,89.96,91.94,0.0,0.0,0.0,0.0
USC00042239,2021-08-14,78.98,89.96,91.94,0.0,0.0,0.0,0.0
USC00042239,2021-08-15,82.94,89.96,91.94,0.0,0.0,0.0,0.0
USC00042239,2021-08-16,84.02,89.96,91.94,0.0,0.0,0.0,0.0
USC00042239,2021-08-17,84.92,89.96,91.94,0.0,0.0,0.0,0.0
USC00042239,2021-08-18,78.08,89.96,91.94,0.0,0.0,0.0,0.0
USC00042239,2021-08-19,66.92,89.96,91.94,0.0,0.0,0.0,0.0
USC00042239,2021-08-20,71.06,89.96,91.94,0.0,0.0,0.0,0.0
USC00042239,2021-08-21,78.08,89.96,91.94,0.0,0.0,0.0,0.0
USC00042239,2021-08-22,71.96,89.96,91.94,0.0,0.0,0.0,0.0
USC00042239,2021-08-23,78.98,89.96,91.94,0.0,0.0,0.0,0.0
USC00042239,2021-08-24,82.94,89.96,91.94,0.0,0.0,0.0,0.0
USC00042239,2021-08-25,86.0,89.96,91.94,0.0,0.0,0.0,0.0
USC00042239,2021-08-26,84.92,89.96,91.94,0.0,0.0,0.0,0.0
USC00042239,2021-08-27,87.98,89.96,91.94,0.0,0.0,0.0,0.0
USC00042239,2021-08-28,91.04,89.96,91.94,1.0,0.0,0.0,0.0
USC00042239,2021-08-29,89.06,89.96,91.94,0.0,0.0,0.0,0.0
USC00042239,2021-08-30,89.96,89.96,91.94,0.0,0.0,0.0,0.0
USC00042239,2021-08-31,89.06,89.96,91.94,0.0,0.0,0.0,0.0
USC00042239,2021-09-01,80.96,89.96,91.94,0.0,0.0,0.0,0.0
USC00042239,2021-09-02,75.92,89.96,91.94,0.0,0.0,0.0,0.0
USC00042239,2021-09-03,82.04,89.96,91.94,0.0,0.0,0.0,0.0
USC00042239,2021-09-04,82.04,89.96,91.94,0.0,0.0,0.0,0.0
USC00042239,2021-09-05,86.0,89.96,91.94,0.0,0.0,0.0,0.0
USC00042239,2021-09-06,89.96,89.96,91.94,0.0,0.0,0.0,0.0
USC00042239,2021-09-07,87.08,89.96,91.94,0.0,0.0,0.0,0.0
USC00042239,2021-09-08,86.0,89.96,91.94,0.0,0.0,0.0,0.0
USC00042239,2021-09-09,89.96,89.96,91.94,0.0,0.0,0.0,0.0
USC00042239,2021-09-10,87.98,89.96,91.94,0.0,0.0,0.0,0.0
USC00042239,2021-09-11,84.92,89.96,91.94,0.0,0.0,0.0,0.0
USC00042239,2021-09-12,86.0,89.96,91.94,0.0,0.0,0.0,0.0
USC00042239,2021-09-13,87.08,89.96,91.94,0.0,0.0,0.0,0.0
USC00042239,2021-09-14,86.0,89.96,91.94,0.0,0.0,0.0,0.0
USC00042239,2021-09-15,82.94,89.96,91.94,0.0,0.0,0.0,0.0
USC00042239,2021-09-16,80.96,89.96,91.94,0.0,0.0,0.0,0.0
USC00042239,2021-09-17,77.0,89.96,91.94,0.0,0.0,0.0,0.0
USC00042239,2021-09-18,80.96,89.96,91.94,0.0,0.0,0.0,0.0
USC00042239,2021-09-19,75.02,89.96,91.94,0.0,0.0,0.0,0.0
USC00042239,2021-09-20,75.92,89.96,91.94,0.0,0.0,0.0,0.0
USC00042239,2021-09-21,78.98,89.96,91.94,0.0,0.0,0.0,0.0
USC00042239,2021-09-22,82.94,89.96,91.94,0.0,0.0,0.0,0.0
USC00042239,2021-09-23,87.08,89.96,91.94,0.0,0.0,0.0,0.0
USC00042239,2021-09-24,80.06,89.96,91.94,0.0,0.0,0.0,0.0
USC00042239,2021-09-25,73.94,89.96,91.94,0.0,0.0,0.0,0.0
USC00042239,2021-09-26,77.0,89.96,91.94,0.0,0.0,0.0,0.0
USC00042239,2021-09-27,73.94,89.96,91.94,0.0,0.0,0.0,0.0
USC00042239,2021-09-28,73.04,89.96,91.94,0.0,0.0,0.0,0.0
USC00042239,2021-09-29,66.92,89.96,91.94,0.0,0.0,0.0,0.0
USC00042239,2021-09-30,71.06,89.96,91.94,0.0,0.0,0.0,0.0
USC00042239,2021-10-01,73.94,89.96,91.94,,,,
USC00042239,2021-10-02,75.02,89.96,91.94,,,,
USC00042239,2021-10-03,75.92,89.96,91.94,,,,
USC00042239,2021-10-04,77.0,89.96,91.94,,,,
USC00042239,2021-10-05,78.08,89.96,91.94,,,,
USC00042239,2021-10-06,62.96,89.96,91.94,,,,
USC00042239,2021-10-07,69.98,89.96,91.94,,,,
USC00042239,2021-10-08,62.06,89.96,91.94,,,,
USC00042239,2021-10-09,51.98,89.96,91.94,,,,
USC00042239,2021-10-10,62.06,89.96,91.94,,,,
USC00042239,2021-10-11,69.98,89.96,91.94,,,,
USC00042239,2021-10-12,59.0,89.96,91.94,,,,
USC00042239,2021-10-13,53.96,89.96,91.94,,,,
USC00042239,2021-10-14,60.98,89.96,91.94,,,,
USC00042239,2021-10-15,64.94,89.96,91.94,,,,
USC00042239,2021-10-16,64.04,89.96,91.94,,,,
USC00042239,2021-10-17,69.08,89.96,91.94,,,,
USC00042239,2021-10-18,64.94,89.96,91.94,,,,
USC00042239,2021-10-19,48.02,89.96,91.94,,,,
USC00042239,2021-10-20,60.98,89.96,91.94,,,,
USC00042239,2021-10-21,66.02,89.96,91.94,,,,
USC00042239,2021-10-22,71.96,89.96,91.94,,,,
USC00042239,2021-10-23,66.92,89.96,91.94,,,,
USC00042239,2021-10-24,57.92,89.96,91.94,,,,
USC00042239,2021-10-25,64.94,89.96,91.94,,,,
USC00042239,2021-10-26,57.92,89.96,91.94,,,,
USC00042239,2021-10-27,59.0,89.96,91.94,,,,
USC00042239,2021-10-28,66.02,89.96,91.94,,,,
USC00042239,2021-10-29,69.08,89.96,91.94,,,,
USC00042239,2021-10-30,75.02,89.96,91.94,,,,
USC00042239,2021-10-31,68.0,89.96,91.94,,,,
USC00042239,2021-11-01,64.04,89.96,91.94,,,,
USC00042239,2021-11-02,62.06,89.96,91.94,,,,
USC00042239,2021-11-03,66.02,89.96,91.94,,,,
USC00042239,2021-11-04,71.06,89.96,91.94,,,,
USC00042239,2021-11-05,73.94,89.96,91.94,,,,
USC00042239,2021-11-06,75.92,89.96,91.94,,,,
USC00042239,2021-11-07,71.06,89.96,91.94,,,,
USC00042239,2021-11-08,69.98,89.96,91.94,,,,
USC00042239,2021-11-09,64.04,89.96,91.94,,,,
USC00042239,2021-11-10,60.98,89.96,91.94,,,,
USC00042239,2021-11-11,66.92,89.96,91.94,,,,
USC00042239,2021-11-12,68.0,89.96,91.94,,,,
USC00042239,2021-11-13,66.92,89.96,91.94,,,,
USC00042239,2021-11-14,71.96,89.96,91.94,,,,
USC00042239,2021-11-15,71.06,89.96,91.94,,,,
USC00042239,2021-11-16,73.94,89.96,91.94,,,,
USC00042239,2021-11-17,64.94,89.96,91.94,,,,
USC00042239,2021-11-18,68.0,89.96,91.94,,,,
USC00042239,2021-11-19,66.92,89.96,91.94,,,,
USC00042239,2021-11-20,66.02,89.96,91.94,,,,
USC00042239,2021-11-21,66.02,89.96,91.94,,,,
USC00042239,2021-11-22,60.08,89.96,91.94,,,,
USC00042239,2021-11-23,62.06,89.96,91.94,,,,
USC00042239,2021-11-24,60.98,89.96,91.94,,,,
USC00042239,2021-11-25,59.0,89.96,91.94,,,,
USC00042239,2021-11-26,51.98,89.96,91.94,,,,
USC00042239,2021-11-27,57.92,89.96,91.94,,,,
USC00042239,2021-11-28,62.96,89.96,91.94,,,,
USC00042239,2021-11-29,64.94,89.96,91.94,,,,
USC00042239,2021-11-30,71.06,89.96,91.94,,,,
USC00042239,2021-12-01,66.92,89.96,91.94,,,,
USC00042239,2021-12-02,64.94,89.96,91.94,,,,
USC00042239,2021-12-03,68.0,89.96,91.94,,,,
USC00042239,2021-12-04,66.02,89.96,91.94,,,,
USC00042239,2021-12-05,62.96,89.96,91.94,,,,
USC00042239,2021-12-06,66.92,89.96,91.94,,,,
USC00042239,2021-12-07,68.0,89.96,91.94,,,,
USC00042239,2021-12-08,53.96,89.96,91.94,,,,
USC00042239,2021-12-09,57.02,89.96,91.94,,,,
USC00042239,2021-12-10,44.06,89.96,91.94,,,,
USC00042239,2021-12-11,46.94,89.96,91.94,,,,
USC00042239,2021-12-12,50.0,89.96,91.94,,,,
USC00042239,2021-12-13,55.04,89.96,91.94,,,,
USC00042239,2021-12-14,44.96,89.96,91.94,,,,
USC00042239,2021-12-15,46.94,89.96,91.94,,,,
USC00042239,2021-12-16,42.98,89.96,91.94,,,,
USC00042239,2021-12-17,46.94,89.96,91.94,,,,
USC00042239,2021-12-18,46.94,89.96,91.94,,,,
USC00042239,2021-12-19,53.96,89.96,91.94,,,,
USC00042239,2021-12-20,57.92,89.96,91.94,,,,
USC00042239,2021-12-21,57.02,89.96,91.94,,,,
USC00042239,2021-12-22,55.94,89.96,91.94,,,,
USC00042239,2021-12-23,60.98,89.96,91.94,,,,
USC00042239,2021-12-24,50.0,89.96,91.94,,,,
USC00042239,2021-12-25,46.94,89.96,91.94,,,,
USC00042239,2021-12-26,41.0,89.96,91.94,,,,
USC00042239,2021-12-27,39.92,89.96,91.94,,,,
USC00042239,2021-12-28,37.04,89.96,91.94,,,,
USC00042239,2021-12-29,35.96,89.96,91.94,,,,
USC00042239,2021-12-30,39.02,89.96,91.94,,,,
USC00042239,2021-12-31,42.98,89.96,91.94,,,,
USC00042239,2022-01-01,42.98,89.96,91.94,,,,
USC00042239,2022-01-02,41.0,89.96,91.94,,,,
USC00042239,2022-01-03,44.06,89.96,91.94,,,,
USC00042239,2022-01-04,55.94,89.96,91.94,,,,
USC00042239,2022-01-05,57.92,89.96,91.94,,,,
USC00042239,2022-01-06,59.0,89.96,91.94,,,,
USC00042239,2022-01-07,64.94,89.96,91.94,,,,
USC00042239,2022-01-08,57.92,89.96,91.94,,,,
USC00042239,2022-01-09,55.04,89.96,91.94,,,,
USC00042239,2022-01-10,51.98,89.96,91.94,,,,
USC00042239,2022-01-11,51.98,89.96,91.94,,,,
USC00042239,2022-01-12,55.04,89.96,91.94,,,,
USC00042239,2022-01-13,57.92,89.96,91.94,,,,
USC00042239,2022-01-14,62.96,89.96,91.94,,,,
USC00042239,2022-01-15,60.98,89.96,91.94,,,,
USC00042239,2022-01-16,50.0,89.96,91.94,,,,
USC00042239,2022-01-17,57.92,89.96,91.94,,,,
USC00042239,2022-01-18,53.96,89.96,91.94,,,,
USC00042239,2022-01-19,46.94,89.96,91.94,,,,
USC00042239,2022-01-20,57.92,89.96,91.94,,,,
USC00042239,2022-01-21,57.02,89.96,91.94,,,,
USC00042239,2022-01-22,57.02,89.96,91.94,,,,
USC00042239,2022-01-23,48.02,89.96,91.94,,,,
USC00042239,2022-01-24,53.06,89.96,91.94,,,,
USC00042239,2022-01-25,57.92,89.96,91.94,,,,
USC00042239,2022-01-26,59.0,89.96,91.94,,,,
USC00042239,2022-01-27,51.08,89.96,91.94,,,,
USC00042239,2022-01-28,51.98,89.96,91.94,,,,
USC00042239,2022-01-29,48.92,89.96,91.94,,,,
USC00042239,2022-01-30,50.0,89.96,91.94,,,,
USC00042239,2022-01-31,60.08,89.96,91.94,,,,
USC00042239,2022-02-01,55.94,89.96,91.94,,,,
USC00042239,2022-02-02,48.02,89.96,91.94,,,,
USC00042239,2022-02-03,44.06,89.96,91.94,,,,
USC00042239,2022-02-04,46.04,89.96,91.94,,,,
USC00042239,2022-02-05,42.98,89.96,91.94,,,,
USC00042239,2022-02-06,51.08,89.96,91.94,,,,
USC00042239,2022-02-07,57.02,89.96,91.94,,,,
USC00042239,2022-02-08,53.96,89.96,91.94,,,,
USC00042239,2022-02-09,59.0,89.96,91.94,,,,
USC00042239,2022-02-10,62.96,89.96,91.94,,,,
USC00042239,2022-02-11,60.98,89.96,91.94,,,,
USC00042239,2022-02-12,69.98,89.96,91.94,,,,
USC00042239,2022-02-13,62.96,89.96,91.94,,,,
USC00042239,2022-02-14,66.02,89.96,91.94,,,,
USC00042239,2022-02-15,66.92,89.96,91.94,,,,
USC00042239,2022-02-16,42.08,89.96,91.94,,,,
USC00042239,2022-02-17,44.06,89.96,91.94,,,,
USC00042239,2022-02-18,48.92,89.96,91.94,,,,
USC00042239,2022-02-19,53.96,89.96,91.94,,,,
USC00042239,2022-02-20,59.0,89.96,91.94,,,,
USC00042239,2022-02-21,59.0,89.96,91.94,,,,
USC00042239,2022-02-22,39.92,89.96,91.94,,,,
USC00042239,2022-02-23,37.04,89.96,91.94,,,,
USC00042239,2022-02-24,35.06,89.96,91.94,,,,
USC00042239,2022-02-25,35.06,89.96,91.94,,,,
USC00042239,2022-02-26,44.96,89.96,91.94,,,,
USC00042239,2022-02-27,44.96,89.96,91.94,,,,
USC00042239,2022-02-28,50.0,89.96,91.94,,,,
USC00042239,2022-03-01,57.02,89.96,91.94,,,,
USC00042239,2022-03-02,66.92,89.96,91.94,,,,
USC00042239,2022-03-03,66.92,89.96,91.94,,,,
USC00042239,2022-03-04,62.06,89.96,91.94,,,,
USC00042239,2022-03-05,42.08,89.96,91.94,,,,
USC00042239,2022-03-06,37.94,89.96,91.94,,,,
USC00042239,2022-03-07,44.06,89.96,91.94,,,,
USC00042239,2022-03-08,51.08,89.96,91.94,,,,
USC00042239,2022-03-09,53.96,89.96,91.94,,,,
USC00042239,2022-03-10,51.98,89.96,91.94,,,,
USC00042239,2022-03-11,51.08,89.96,91.94,,,,
USC00042239,2022-03-12,51.98,89.96,91.94,,,,
USC00042239,2022-03-13,62.96,89.96,91.94,,,,
USC00042239,2022-03-14,55.94,89.96,91.94,,,,
USC00042239,2022-03-15,64.94,89.96,91.94,,,,
USC00042239,2022-03-16,68.0,89.96,91.94,,,,
USC00042239,2022-03-17,59.0,89.96,91.94,,,,
USC00042239,2022-03-18,64.94,89.96,91.94,,,,
USC00042239,2022-03-19,64.94,89.96,91.94,,,,
USC00042239,2022-03-20,60.08,89.96,91.94,,,,
USC00042239,2022-03-21,48.02,89.96,91.94,,,,
USC00042239,2022-03-22,64.94,89.96,91.94,,,,
USC00042239,2022-03-23,66.02,89.96,91.94,,,,
USC00042239,2022-03-24,64.04,89.96,91.94,,,,
USC00042239,2022-03-25,73.04,89.96,91.94,,,,
USC00042239,2022-03-26,77.0,89.96,91.94,,,,
USC00042239,2022-03-27,73.04,89.96,91.94,,,,
USC00042239,2022-03-28,64.04,89.96,91.94,,,,
USC00042239,2022-03-29,51.98,89.96,91.94,,,,
USC00042239,2022-03-30,46.94,89.96,91.94,,,,
USC00042239,2022-03-31,62.06,89.96,91.94,,,,
USC00042239,2022-04-01,53.06,89.96,91.94,,,,
USC00042239,2022-04-02,64.04,89.96,91.94,,,,
USC00042239,2022-04-03,64.04,89.96,91.94,,,,
USC00042239,2022-04-04,53.06,89.96,91.94,,,,
USC00042239,2022-04-05,69.08,89.96,91.94,,,,
USC00042239,2022-04-06,73.94,89.96,91.94,,,,
USC00042239,2022-04-07,71.96,89.96,91.94,,,,
USC00042239,2022-04-08,71.96,89.96,91.94,,,,
USC00042239,2022-04-09,78.08,89.96,91.94,,,,
USC00042239,2022-04-10,71.96,89.96,91.94,,,,
USC00042239,2022-04-11,64.04,89.96,91.94,,,,
USC00042239,2022-04-12,51.98,89.96,91.94,,,,
USC00042239,2022-04-13,50.0,89.96,91.94,,,,
USC00042239,2022-04-14,57.02,89.96,91.94,,,,
USC00042239,2022-04-15,60.98,89.96,91.94,,,,
USC00042239,2022-04-16,60.98,89.96,91.94,,,,
USC00042239,2022-04-17,55.04,89.96,91.94,,,,
USC00042239,2022-04-18,73.04,89.96,91.94,,,,
USC00042239,2022-04-19,71.96,89.96,91.94,,,,
USC00042239,2022-04-20,62.06,89.96,91.94,,,,
USC00042239,2022-04-21,53.96,89.96,91.94,,,,
USC00042239,2022-04-22,60.08,89.96,91.94,,,,
USC00042239,2022-04-23,46.04,89.96,91.94,,,,
USC00042239,2022-04-24,62.96,89.96,91.94,,,,
USC00042239,2022-04-25,66.02,89.96,91.94,,,,
USC00042239,2022-04-26,69.98,89.96,91.94,,,,
USC00042239,2022-04-27,69.98,89.96,91.94,,,,
USC00042239,2022-04-28,62.96,89.96,91.94,,,,
USC00042239,2022-04-29,55.04,89.96,91.94,,,,
USC00042239,2022-04-30,71.06,89.96,91.94,,,,
USC00042239,2022-05-01,73.04,89.96,91.94,0.0,0.0,0.0,0.0
USC00042239,2022-05-02,62.06,89.96,91.94,0.0,0.0,0.0,0.0
USC00042239,2022-05-03,68.0,89.96,91.94,0.0,0.0,0.0,0.0
USC00042239,2022-05-04,64.94,89.96,91.94,0.0,0.0,0.0,0.0
USC00042239,2022-05-05,75.02,89.96,91.94,0.0,0.0,0.0,0.0
USC00042239,2022-05-06,73.04,89.96,91.94,0.0,0.0,0.0,0.0
USC00042239,2022-05-07,73.04,89.96,91.94,0.0,0.0,0.0,0.0
USC00042239,2022-05-08,66.92,89.96,91.94,0.0,0.0,0.0,0.0
USC00042239,2022-05-09,53.06,89.96,91.94,0.0,0.0,0.0,0.0
USC00042239,2022-05-10,55.94,89.96,91.94,0.0,0.0,0.0,0.0
USC00042239,2022-05-11,57.02,89.96,91.94,0.0,0.0,0.0,0.0
USC00042239,2022-05-12,53.06,89.96,91.94,0.0,0.0,0.0,0.0
USC00042239,2022-05-13,71.96,89.96,91.94,0.0,0.0,0.0,0.0
USC00042239,2022-05-14,80.06,89.96,91.94,0.0,0.0,0.0,0.0
USC00042239,2022-05-15,82.04,89.96,91.94,0.0,0.0,0.0,0.0
USC00042239,2022-05-16,78.08,89.96,91.94,0.0,0.0,0.0,0.0
USC00042239,2022-05-17,69.08,89.96,91.94,0.0,0.0,0.0,0.0
USC00042239,2022-05-18,66.92,89.96,91.94,0.0,0.0,0.0,0.0
USC00042239,2022-05-19,78.08,89.96,91.94,0.0,0.0,0.0,0.0
USC00042239,2022-05-20,78.98,89.96,91.94,0.0,0.0,0.0,0.0
USC00042239,2022-05-21,57.92,89.96,91.94,0.0,0.0,0.0,0.0
USC00042239,2022-05-22,60.98,89.96,91.94,0.0,0.0,0.0,0.0
USC00042239,2022-05-23,73.04,89.96,91.94,0.0,0.0,0.0,0.0
USC00042239,2022-05-24,77.0,89.96,91.94,0.0,0.0,0.0,0.0
USC00042239,2022-05-25,80.06,89.96,91.94,0.0,0.0,0.0,0.0
USC00042239,2022-05-26,82.94,89.96,91.94,0.0,0.0,0.0,0.0
USC00042239,2022-05-27,78.98,89.96,91.94,0.0,0.0,0.0,0.0
USC00042239,2022-05-28,73.04,89.96,91.94,0.0,0.0,0.0,0.0
USC00042239,2022-05-29,59.0,89.96,91.94,0.0,0.0,0.0,0.0
USC00042239,2022-05-30,60.08,89.96,91.94,0.0,0.0,0.0,0.0
USC00042239,2022-05-31,66.02,89.96,91.94,0.0,0.0,0.0,0.0
USC00042239,2022-06-01,69.08,89.96,91.94,0.0,0.0,0.0,0.0
USC00042239,2022-06-02,80.06,89.96,91.94,0.0,0.0,0.0,0.0
USC00042239,2022-06-03,78.08,89.96,91.94,0.0,0.0,0.0,0.0
USC00042239,2022-06-04,71.96,89.96,91.94,0.0,0.0,0.0,0.0
USC00042239,2022-06-05,68.0,89.96,91.94,0.0,0.0,0.0,0.0
USC00042239,2022-06-06,71.06,89.96,91.94,0.0,0.0,0.0,0.0
USC00042239,2022-06-07,75.02,89.96,91.94,0.0,0.0,0.0,0.0
USC00042239,2022-06-08,80.06,89.96,91.94,0.0,0.0,0.0,0.0
USC00042239,2022-06-09,87.08,89.96,91.94,0.0,0.0,0.0,0.0
USC00042239,2022-06-10,86.0,89.96,91.94,0.0,0.0,0.0,0.0
USC00042239,2022-06-11,89.06,89.96,91.94,0.0,0.0,0.0,0.0
USC00042239,2022-06-12,86.0,89.96,91.94,0.0,0.0,0.0,0.0
USC00042239,2022-06-13,80.96,89.96,91.94,0.0,0.0,0.0,0.0
USC00042239,2022-06-14,69.98,89.96,91.94,0.0,0.0,0.0,0.0
USC00042239,2022-06-15,82.04,89.96,91.94,0.0,0.0,0.0,0.0
USC00042239,2022-06-16,86.0,89.96,91.94,0.0,0.0,0.0,0.0
USC00042239,2022-06-17,87.08,89.96,91.94,0.0,0.0,0.0,0.0
USC00042239,2022-06-18,73.94,89.96,91.94,0.0,0.0,0.0,0.0
USC00042239,2022-06-19,64.94,89.96,91.94,0.0,0.0,0.0,0.0
USC00042239,2022-06-20,71.96,89.96,91.94,0.0,0.0,0.0,0.0
USC00042239,2022-06-21,82.94,89.96,91.94,0.0,0.0,0.0,0.0
USC00042239,2022-06-22,84.02,89.96,91.94,0.0,0.0,0.0,0.0
USC00042239,2022-06-23,84.02,89.96,91.94,0.0,0.0,0.0,0.0
USC00042239,2022-06-24,84.02,89.96,91.94,0.0,0.0,0.0,0.0
USC00042239,2022-06-25,84.92,89.96,91.94,0.0,0.0,0.0,0.0
USC00042239,2022-06-26,86.0,89.96,91.94,0.0,0.0,0.0,0.0
USC00042239,2022-06-27,87.98,89.96,91.94,0.0,0.0,0.0,0.0
USC00042239,2022-06-28,87.98,89.96,91.94,0.0,0.0,0.0,0.0
USC00042239,2022-06-29,87.98,89.96,91.94,0.0,0.0,0.0,0.0
USC00042239,2022-06-30,82.94,89.96,91.94,0.0,0.0,0.0,0.0
USC00042239,2022-07-01,80.96,89.96,91.94,0.0,0.0,0.0,0.0
USC00042239,2022-07-02,80.06,89.96,91.94,0.0,0.0,0.0,0.0
USC00042239,2022-07-03,75.92,89.96,91.94,0.0,0.0,0.0,0.0
USC00042239,2022-07-04,71.96,89.96,91.94,0.0,0.0,0.0,0.0
USC00042239,2022-07-05,73.04,89.96,91.94,0.0,0.0,0.0,0.0
USC00042239,2022-07-06,75.92,89.96,91.94,0.0,0.0,0.0,0.0
USC00042239,2022-07-07,77.0,89.96,91.94,0.0,0.0,0.0,0.0
USC00042239,2022-07-08,82.94,89.96,91.94,0.0,0.0,0.0,0.0
USC00042239,2022-07-09,82.94,89.96,91.94,0.0,0.0,0.0,0.0
USC00042239,2022-07-10,84.92,89.96,91.94,0.0,0.0,0.0,0.0
USC00042239,2022-07-11,87.08,89.96,91.94,0.0,0.0,0.0,0.0
USC00042239,2022-07-12,87.98,89.96,91.94,0.0,0.0,0.0,0.0
USC00042239,2022-07-13,87.08,89.96,91.94,0.0,0.0,0.0,0.0
USC00042239,2022-07-14,91.94,89.96,91.94,1.0,1.0,0.0,0.0
USC00042239,2022-07-15,91.04,89.96,91.94,1.0,1.0,0.0,0.0
USC00042239,2022-07-16,93.02,89.96,91.94,1.0,1.0,1.0,0.0
USC00042239,2022-07-17,93.92,89.96,91.94,1.0,1.0,1.0,0.0
USC00042239,2022-07-18,87.98,89.96,91.94,0.0,0.0,0.0,0.0
USC00042239,2022-07-19,84.92,89.96,91.94,0.0,0.0,0.0,0.0
USC00042239,2022-07-20,84.92,89.96,91.94,0.0,0.0,0.0,0.0
USC00042239,2022-07-21,84.92,89.96,91.94,0.0,0.0,0.0,0.0
USC00042239,2022-07-22,84.92,89.96,91.94,0.0,0.0,0.0,0.0
USC00042239,2022-07-23,87.98,89.96,91.94,0.0,0.0,0.0,0.0
USC00042239,2022-07-24,91.04,89.96,91.94,1.0,0.0,0.0,0.0
USC00042239,2022-07-25,84.92,89.96,91.94,0.0,0.0,0.0,0.0
USC00042239,2022-07-26,86.0,89.96,91.94,0.0,0.0,0.0,0.0
USC00042239,2022-07-27,82.94,89.96,91.94,0.0,0.0,0.0,0.0
USC00042239,2022-07-28,86.0,89.96,91.94,0.0,0.0,0.0,0.0
USC00042239,2022-07-29,84.02,89.96,91.94,0.0,0.0,0.0,0.0
USC00042239,2022-07-30,86.0,89.96,91.94,0.0,0.0,0.0,0.0
USC00042239,2022-07-31,84.02,89.96,91.94,0.0,0.0,0.0,0.0
USC00042239,2022-08-01,82.04,89.96,91.94,0.0,0.0,0.0,0.0
USC00042239,2022-08-02,82.94,89.96,91.94,0.0,0.0,0.0,0.0
USC00042239,2022-08-03,82.04,89.96,91.94,0.0,0.0,0.0,0.0
USC00042239,2022-08-04,84.92,89.96,91.94,0.0,0.0,0.0,0.0
USC00042239,2022-08-05,80.06,89.96,91.94,0.0,0.0,0.0,0.0
USC00042239,2022-08-06,82.04,89.96,91.94,0.0,0.0,0.0,0.0
USC00042239,2022-08-07,87.08,89.96,91.94,0.0,0.0,0.0,0.0
USC00042239,2022-08-08,87.98,89.96,91.94,0.0,0.0,0.0,0.0
USC00042239,2022-08-09,86.0,89.96,91.94,0.0,0.0,0.0,0.0
USC00042239,2022-08-10,84.02,89.96,91.94,0.0,0.0,0.0,0.0
USC00042239,2022-08-11,84.92,89.96,91.94,0.0,0.0,0.0,0.0
USC00042239,2022-08-12,86.0,89.96,91.94,0.0,0.0,0.0,0.0
USC00042239,2022-08-13,84.92,89.96,91.94,0.0,0.0,0.0,0.0
USC00042239,2022-08-14,84.92,89.96,91.94,0.0,0.0,0.0,0.0
USC00042239,2022-08-15,84.92,89.96,91.94,0.0,0.0,0.0,0.0
USC00042239,2022-08-16,86.0,89.96,91.94,0.0,0.0,0.0,0.0
USC00042239,2022-08-17,91.04,89.96,91.94,1.0,0.0,0.0,0.0
USC00042239,2022-08-18,87.08,89.96,91.94,0.0,0.0,0.0,0.0
USC00042239,2022-08-19,89.06,89.96,91.94,0.0,0.0,0.0,0.0
USC00042239,2022-08-20,89.06,89.96,91.94,0.0,0.0,0.0,0.0
USC00042239,2022-08-21,87.08,89.96,91.94,0.0,0.0,0.0,0.0
USC00042239,2022-08-22,86.0,89.96,91.94,0.0,0.0,0.0,0.0
USC00042239,2022-08-23,87.08,89.96,91.94,0.0,0.0,0.0,0.0
USC00042239,2022-08-24,91.04,89.96,91.94,1.0,0.0,0.0,0.0
USC00042239,2022-08-25,87.08,89.96,91.94,0.0,0.0,0.0,0.0
USC00042239,2022-08-26,84.02,89.96,91.94,0.0,0.0,0.0,0.0
USC00042239,2022-08-27,84.02,89.96,91.94,0.0,0.0,0.0,0.0
USC00042239,2022-08-28,80.96,89.96,91.94,0.0,0.0,0.0,0.0
USC00042239,2022-08-29,78.98,89.96,91.94,0.0,0.0,0.0,0.0
USC00042239,2022-08-30,87.98,89.96,91.94,0.0,0.0,0.0,0.0
USC00042239,2022-08-31,89.96,89.96,91.94,0.0,0.0,0.0,0.0
USC00042239,2022-09-01,95.0,89.96,91.94,1.0,0.0,1.0,0.0
USC00042239,2022-09-02,93.92,89.96,91.94,1.0,0.0,1.0,0.0
USC00042239,2022-09-03,89.96,89.96,91.94,0.0,0.0,0.0,0.0
USC00042239,2022-09-04,87.08,89.96,91.94,0.0,0.0,0.0,0.0
USC00042239,2022-09-05,86.0,89.96,91.94,0.0,0.0,0.0,0.0
USC00042239,2022-09-06,87.98,89.96,91.94,0.0,0.0,0.0,0.0
USC00042239,2022-09-07,91.94,89.96,91.94,1.0,0.0,0.0,0.0
USC00042239,2022-09-08,84.92,89.96,91.94,0.0,0.0,0.0,0.0
USC00042239,2022-09-09,80.96,89.96,91.94,0.0,0.0,0.0,0.0
USC00042239,2022-09-10,71.06,89.96,91.94,0.0,0.0,0.0,0.0
USC00042239,2022-09-11,66.92,89.96,91.94,0.0,0.0,0.0,0.0
USC00042239,2022-09-12,75.92,89.96,91.94,0.0,0.0,0.0,0.0
USC00042239,2022-09-13,73.04,89.96,91.94,0.0,0.0,0.0,0.0
USC00042239,2022-09-14,69.98,89.96,91.94,0.0,0.0,0.0,0.0
USC00042239,2022-09-15,69.98,89.96,91.94,0.0,0.0,0.0,0.0
USC00042239,2022-09-16,71.96,89.96,91.94,0.0,0.0,0.0,0.0
USC00042239,2022-09-17,73.94,89.96,91.94,0.0,0.0,0.0,0.0
USC00042239,2022-09-18,71.06,89.96,91.94,0.0,0.0,0.0,0.0
USC00042239,2022-09-19,69.98,89.96,91.94,0.0,0.0,0.0,0.0
USC00042239,2022-09-20,77.0,89.96,91.94,0.0,0.0,0.0,0.0
USC00042239,2022-09-21,77.0,89.96,91.94,0.0,0.0,0.0,0.0
USC00042239,2022-09-22,73.04,89.96,91.94,0.0,0.0,0.0,0.0
USC00042239,2022-09-23,80.06,89.96,91.94,0.0,0.0,0.0,0.0
USC00042239,2022-09-24,80.06,89.96,91.94,0.0,0.0,0.0,0.0
USC00042239,2022-09-25,84.02,89.96,91.94,0.0,0.0,0.0,0.0
USC00042239,2022-09-26,87.98,89.96,91.94,0.0,0.0,0.0,0.0
USC00042239,2022-09-27,87.98,89.96,91.94,0.0,0.0,0.0,0.0
USC00042239,2022-09-28,86.0,89.96,91.94,0.0,0.0,0.0,0.0
USC00042239,2022-09-29,84.02,89.96,91.94,0.0,0.0,0.0,0.0
USC00042239,2022-09-30,82.94,89.96,91.94,0.0,0.0,0.0,0.0
USC00042239,2022-10-01,77.0,89.96,91.94,,,,
USC00042239,2022-10-02,80.06,89.96,91.94,,,,
USC00042239,2022-10-03,78.08,89.96,91.94,,,,
USC00042239,2022-10-04,80.06,89.96,91.94,,,,
USC00042239,2022-10-05,80.06,89.96,91.94,,,,
USC00042239,2022-10-06,80.96,89.96,91.94,,,,
USC00042239,2022-10-07,78.98,89.96,91.94,,,,
USC00042239,2022-10-08,75.02,89.96,91.94,,,,
USC00042239,2022-10-09,75.02,89.96,91.94,,,,
USC00042239,2022-10-10,73.94,89.96,91.94,,,,
USC00042239,2022-10-11,75.02,89.96,91.94,,,,
USC00042239,2022-10-12,75.02,89.96,91.94,,,,
USC00042239,2022-10-13,75.02,89.96,91.94,,,,
USC00042239,2022-10-14,77.0,89.96,91.94,,,,
USC00042239,2022-10-15,75.02,89.96,91.94,,,,
USC00042239,2022-10-16,64.04,89.96,91.94,,,,
USC00042239,2022-10-17,64.94,89.96,91.94,,,,
USC00042239,2022-10-18,69.98,89.96,91.94,,,,
USC00042239,2022-10-19,69.08,89.96,91.94,,,,
USC00042239,2022-10-20,69.08,89.96,91.94,,,,
USC00042239,2022-10-21,71.96,89.96,91.94,,,,
USC00042239,2022-10-22,73.94,89.96,91.94,,,,
USC00042239,2022-10-23,57.92,89.96,91.94,,,,
USC00042239,2022-10-24,53.06,89.96,91.94,,,,
USC00042239,2022-10-25,57.02,89.96,91.94,,,,
USC00042239,2022-10-26,64.94,89.96,91.94,,,,
USC00042239,2022-10-27,62.06,89.96,91.94,,,,
USC00042239,2022-10-28,60.98,89.96,91.94,,,,
USC00042239,2022-10-29,62.96,89.96,91.94,,,,
USC00042239,2022-10-30,68.0,89.96,91.94,,,,
USC00042239,2022-10-31,68.0,89.96,91.94,,,,
USC00042239,2022-11-01,69.08,89.96,91.94,,,,
USC00042239,2022-11-02,62.06,89.96,91.94,,,,
USC00042239,2022-11-03,46.04,89.96,91.94,,,,
USC00042239,2022-11-04,42.08,89.96,91.94,,,,
USC00042239,2022-11-05,55.04,89.96,91.94,,,,
USC00042239,2022-11-06,62.96,89.96,91.94,,,,
USC00042239,2022-11-07,62.06,89.96,91.94,,,,
USC00042239,2022-11-08,50.0,89.96,91.94,,,,
USC00042239,2022-11-09,51.08,89.96,91.94,,,,
USC00042239,2022-11-10,42.98,89.96,91.94,,,,
USC00042239,2022-11-11,51.98,89.96,91.94,,,,
USC00042239,2022-11-12,51.98,89.96,91.94,,,,
USC00042239,2022-11-13,55.94,89.96,91.94,,,,
USC00042239,2022-11-14,46.94,89.96,91.94,,,,
USC00042239,2022-11-15,57.02,89.96,91.94,,,,
USC00042239,2022-11-16,51.98,89.96,91.94,,,,
USC00042239,2022-11-17,50.0,89.96,91.94,,,,
USC00042239,2022-11-18,53.06,89.96,91.94,,,,
USC00042239,2022-11-19,62.06,89.96,91.94,,,,
USC00042239,2022-11-20,51.98,89.96,91.94,,,,
USC00042239,2022-11-21,55.04,89.96,91.94,,,,
USC00042239,2022-11-22,55.94,89.96,91.94,,,,
USC00042239,2022-11-23,57.92,89.96,91.94,,,,
USC00042239,2022-11-24,68.0,89.96,91.94,,,,
USC00042239,2022-11-25,48.92,89.96,91.94,,,,
USC00042239,2022-11-26,53.06,89.96,91.94,,,,
USC00042239,2022-11-27,57.02,89.96,91.94,,,,
USC00042239,2022-11-28,62.06,89.96,91.94,,,,
USC00042239,2022-11-29,53.06,89.96,91.94,,,,
USC00042239,2022-11-30,53.96,89.96,91.94,,,,
USC00042239,2022-12-01,55.04,89.96,91.94,,,,
USC00042239,2022-12-02,42.98,89.96,91.94,,,,
USC00042239,2022-12-03,55.94,89.96,91.94,,,,
USC00042239,2022-12-04,57.92,89.96,91.94,,,,
USC00042239,2022-12-05,57.02,89.96,91.94,,,,
USC00042239,2022-12-06,46.94,89.96,91.94,,,,
USC00042239,2022-12-07,42.08,89.96,91.94,,,,
USC00042239,2022-12-08,44.96,89.96,91.94,,,,
USC00042239,2022-12-09,48.92,89.96,91.94,,,,
USC00042239,2022-12-10,53.96,89.96,91.94,,,,
USC00042239,2022-12-11,50.0,89.96,91.94,,,,
USC00042239,2022-12-12,46.04,89.96,91.94,,,,
USC00042239,2022-12-13,35.96,89.96,91.94,,,,
USC00042239,2022-12-14,46.04,89.96,91.94,,,,
USC00042239,2022-12-15,44.06,89.96,91.94,,,,
USC00042239,2022-12-16,48.92,89.96,91.94,,,,
USC00042239,2022-12-17,44.06,89.96,91.94,,,,
USC00042239,2022-12-18,46.04,89.96,91.94,,,,
USC00042239,2022-12-19,48.92,89.96,91.94,,,,
USC00042239,2022-12-20,50.0,89.96,91.94,,,,
USC00042239,2022-12-21,57.02,89.96,91.94,,,,
USC00042239,2022-12-22,55.94,89.96,91.94,,,,
USC00042239,2022-12-23,60.98,89.96,91.94,,,,
USC00042239,2022-12-24,62.96,89.96,91.94,,,,
USC00042239,2022-12-25,59.0,89.96,91.94,,,,
USC00042239,2022-12-26,62.96,89.96,91.94,,,,
USC00042239,2022-12-27,69.08,89.96,91.94,,,,
USC00042239,2022-12-28,57.92,89.96,91.94,,,,
USC00042239,2022-12-29,46.94,89.96,91.94,,,,
USC00042239,2022-12-30,46.94,89.96,91.94,,,,
USC00042239,2022-12-31,50.0,89.96,91.94,,,,
USC00042239,2023-01-01,46.94,89.96,91.94,,,,
USC00042239,2023-01-02,44.96,89.96,91.94,,,,
USC00042239,2023-01-03,37.94,89.96,91.94,,,,
USC00042239,2023-01-04,46.94,89.96,91.94,,,,
USC00042239,2023-01-05,55.04,89.96,91.94,,,,
USC00042239,2023-01-06,46.04,89.96,91.94,,,,
USC00042239,2023-01-07,59.0,89.96,91.94,,,,
USC00042239,2023-01-08,59.0,89.96,91.94,,,,
USC00042239,2023-01-09,55.94,89.96,91.94,,,,
USC00042239,2023-01-10,53.06,89.96,91.94,,,,
USC00042239,2023-01-11,48.02,89.96,91.94,,,,
USC00042239,2023-01-12,51.08,89.96,91.94,,,,
USC00042239,2023-01-13,51.08,89.96,91.94,,,,
USC00042239,2023-01-14,62.06,89.96,91.94,,,,
USC00042239,2023-01-15,50.0,89.96,91.94,,,,
USC00042239,2023-01-16,46.04,89.96,91.94,,,,
USC00042239,2023-01-17,46.04,89.96,91.94,,,,
USC00042239,2023-01-18,35.06,89.96,91.94,,,,
USC00042239,2023-01-19,46.04,89.96,91.94,,,,
USC00042239,2023-01-20,42.08,89.96,91.94,,,,
USC00042239,2023-01-21,42.98,89.96,91.94,,,,
USC00042239,2023-01-22,46.94,89.96,91.94,,,,
USC00042239,2023-01-23,46.94,89.96,91.94,,,,
USC00042239,2023-01-24,44.06,89.96,91.94,,,,
USC00042239,2023-01-25,51.08,89.96,91.94,,,,
USC00042239,2023-01-26,50.0,89.96,91.94,,,,
USC00042239,2023-01-27,44.06,89.96,91.94,,,,
USC00042239,2023-01-28,60.08,89.96,91.94,,,,
USC00042239,2023-01-29,59.0,89.96,91.94,,,,
USC00042239,2023-01-30,37.94,89.96,91.94,,,,
USC00042239,2023-01-31,37.94,89.96,91.94,,,,
USC00042239,2023-02-01,41.0,89.96,91.94,,,,
USC00042239,2023-02-02,50.0,89.96,91.94,,,,
USC00042239,2023-02-03,51.08,89.96,91.94,,,,
USC00042239,2023-02-04,57.92,89.96,91.94,,,,
USC00042239,2023-02-05,66.92,89.96,91.94,,,,
USC00042239,2023-02-06,46.94,89.96,91.94,,,,
USC00042239,2023-02-07,51.98,89.96,91.94,,,,
USC00042239,2023-02-08,50.0,89.96,91.94,,,,
USC00042239,2023-02-09,55.04,89.96,91.94,,,,
USC00042239,2023-02-10,53.96,89.96,91.94,,,,
USC00042239,2023-02-11,51.98,89.96,91.94,,,,
USC00042239,2023-02-12,53.06,89.96,91.94,,,,
USC00042239,2023-02-13,44.96,89.96,91.94,,,,
USC00042239,2023-02-14,44.96,89.96,91.94,,,,
USC00042239,2023-02-15,37.94,89.96,91.94,,,,
USC00042239,2023-02-16,39.92,89.96,91.94,,,,
USC00042239,2023-02-17,39.92,89.96,91.94,,,,
USC00042239,2023-02-18,44.06,89.96,91.94,,,,
USC00042239,2023-02-19,51.08,89.96,91.94,,,,
USC00042239,2023-02-20,53.06,89.96,91.94,,,,
USC00042239,2023-02-21,55.94,89.96,91.94,,,,
USC00042239,2023-02-22,53.06,89.96,91.94,,,,
USC00042239,2023-02-23,30.92,89.96,91.94,,,,
USC00042239,2023-02-24,33.08,89.96,91.94,,,,
USC00042239,2023-02-25,42.08,89.96,91.94,,,,
USC00042239,2023-02-26,39.02,89.96,91.94,,,,
USC00042239,2023-02-27,33.98,89.96,91.94,,,,
USC00042239,2023-02-28,39.92,89.96,91.94,,,,
USC00042239,2023-03-01,35.96,89.96,91.94,,,,
USC00042239,2023-03-02,35.96,89.96,91.94,,,,
USC00042239,2023-03-03,51.08,89.96,91.94,,,,
USC00042239,2023-03-04,55.04,89.96,91.94,,,,
USC00042239,2023-03-05,44.96,89.96,91.94,,,,
USC00042239,2023-03-06,39.92,89.96,91.94,,,,
USC00042239,2023-03-07,42.98,89.96,91.94,,,,
USC00042239,2023-03-08,48.92,89.96,91.94,,,,
USC00042239,2023-03-09,48.02,89.96,91.94,,,,
USC00042239,2023-03-10,59.0,89.96,91.94,,,,
USC00042239,2023-03-11,48.92,89.96,91.94,,,,
USC00042239,2023-03-12,53.06,89.96,91.94,,,,
USC00042239,2023-03-13,55.04,89.96,91.94,,,,
USC00042239,2023-03-14,55.94,89.96,91.94,,,,
USC00042239,2023-03-15,55.04,89.96,91.94,,,,
USC00042239,2023-03-16,48.92,89.96,91.94,,,,
USC00042239,2023-03-17,53.96,89.96,91.94,,,,
USC00042239,2023-03-18,55.04,89.96,91.94,,,,
USC00042239,2023-03-19,55.94,89.96,91.94,,,,
USC00042239,2023-03-20,55.04,89.96,91.94,,,,
USC00042239,2023-03-21,44.96,89.96,91.94,,,,
USC00042239,2023-03-22,39.92,89.96,91.94,,,,
USC00042239,2023-03-23,39.02,89.96,91.94,,,,
USC00042239,2023-03-24,37.04,89.96,91.94,,,,
USC00042239,2023-03-25,46.04,89.96,91.94,,,,
USC00042239,2023-03-26,48.02,89.96,91.94,,,,
USC00042239,2023-03-27,48.92,89.96,91.94,,,,
USC00042239,2023-03-28,48.92,89.96,91.94,,,,
USC00042239,2023-03-29,57.02,89.96,91.94,,,,
USC00042239,2023-03-30,46.94,89.96,91.94,,,,
USC00042239,2023-03-31,33.08,89.96,91.94,,,,
USC00042239,2023-04-01,50.0,89.96,91.94,,,,
USC00042239,2023-04-02,57.02,89.96,91.94,,,,
USC00042239,2023-04-03,55.94,89.96,91.94,,,,
USC00042239,2023-04-04,37.94,89.96,91.94,,,,
USC00042239,2023-04-05,42.98,89.96,91.94,,,,
USC00042239,2023-04-06,51.98,89.96,91.94,,,,
USC00042239,2023-04-07,57.92,89.96,91.94,,,,
USC00042239,2023-04-08,60.08,89.96,91.94,,,,
USC00042239,2023-04-09,62.06,89.96,91.94,,,,
USC00042239,2023-04-10,69.08,89.96,91.94,,,,
USC00042239,2023-04-11,77.0,89.96,91.94,,,,
USC00042239,2023-04-12,73.04,89.96,91.94,,,,
USC00042239,2023-04-13,62.06,89.96,91.94,,,,
USC00042239,2023-04-14,42.98,89.96,91.94,,,,
USC00042239,2023-04-15,51.08,89.96,91.94,,,,
USC00042239,2023-04-16,64.94,89.96,91.94,,,,
USC00042239,2023-04-17,68.0,89.96,91.94,,,,
USC00042239,2023-04-18,60.98,89.96,91.94,,,,
USC00042239,2023-04-19,53.96,89.96,91.94,,,,
USC00042239,2023-04-20,55.04,89.96,91.94,,,,
USC00042239,2023-04-21,66.02,89.96,91.94,,,,
USC00042239,2023-04-22,71.96,89.96,91.94,,,,
USC00042239,2023-04-23,73.94,89.96,91.94,,,,
USC00042239,2023-04-24,69.98,89.96,91.94,,,,
USC00042239,2023-04-25,69.98,89.96,91.94,,,,
USC00042239,2023-04-26,71.96,89.96,91.94,,,,
USC00042239,2023-04-27,73.04,89.96,91.94,,,,
USC00042239,2023-04-28,75.02,89.96,91.94,,,,
USC00042239,2023-04-29,80.06,89.96,91.94,,,,
USC00042239,2023-04-30,80.96,89.96,91.94,,,,
USC00042239,2023-05-01,77.0,89.96,91.94,0.0,0.0,0.0,0.0
USC00042239,2023-05-02,53.96,89.96,91.94,0.0,0.0,0.0,0.0
USC00042239,2023-05-03,51.98,89.96,91.94,0.0,0.0,0.0,0.0
USC00042239,2023-05-04,51.08,89.96,91.94,0.0,0.0,0.0,0.0
USC00042239,2023-05-05,42.08,89.96,91.94,0.0,0.0,0.0,0.0
USC00042239,2023-05-06,46.94,89.96,91.94,0.0,0.0,0.0,0.0
USC00042239,2023-05-07,55.04,89.96,91.94,0.0,0.0,0.0,0.0
USC00042239,2023-05-08,57.92,89.96,91.94,0.0,0.0,0.0,0.0
USC00042239,2023-05-09,60.98,89.96,91.94,0.0,0.0,0.0,0.0
USC00042239,2023-05-10,57.92,89.96,91.94,0.0,0.0,0.0,0.0
USC00042239,2023-05-11,48.92,89.96,91.94,0.0,0.0,0.0,0.0
USC00042239,2023-05-12,64.94,89.96,91.94,0.0,0.0,0.0,0.0
USC00042239,2023-05-13,75.02,89.96,91.94,0.0,0.0,0.0,0.0
USC00042239,2023-05-14,78.08,89.96,91.94,0.0,0.0,0.0,0.0
USC00042239,2023-05-15,78.98,89.96,91.94,0.0,0.0,0.0,0.0
USC00042239,2023-05-16,78.08,89.96,91.94,0.0,0.0,0.0,0.0
USC00042239,2023-05-17,80.06,89.96,91.94,0.0,0.0,0.0,0.0
USC00042239,2023-05-18,82.94,89.96,91.94,0.0,0.0,0.0,0.0
USC00042239,2023-05-19,80.96,89.96,91.94,0.0,0.0,0.0,0.0
USC00042239,2023-05-20,75.92,89.96,91.94,0.0,0.0,0.0,0.0
USC00042239,2023-05-21,77.0,89.96,91.94,0.0,0.0,0.0,0.0
USC00042239,2023-05-22,78.08,89.96,91.94,0.0,0.0,0.0,0.0
USC00042239,2023-05-23,78.98,89.96,91.94,0.0,0.0,0.0,0.0
USC00042239,2023-05-24,73.04,89.96,91.94,0.0,0.0,0.0,0.0
USC00042239,2023-05-25,71.06,89.96,91.94,0.0,0.0,0.0,0.0
USC00042239,2023-05-26,66.02,89.96,91.94,0.0,0.0,0.0,0.0
USC00042239,2023-05-27,60.08,89.96,91.94,0.0,0.0,0.0,0.0
USC00042239,2023-05-28,69.08,89.96,91.94,0.0,0.0,0.0,0.0
USC00042239,2023-05-29,69.08,89.96,91.94,0.0,0.0,0.0,0.0
USC00042239,2023-05-30,60.98,89.96,91.94,0.0,0.0,0.0,0.0
USC00042239,2023-05-31,59.0,89.96,91.94,0.0,0.0,0.0,0.0
USC00042239,2023-06-01,46.04,89.96,91.94,0.0,0.0,0.0,0.0
USC00042239,2023-06-02,62.06,89.96,91.94,0.0,0.0,0.0,0.0
USC00042239,2023-06-03,71.96,89.96,91.94,0.0,0.0,0.0,0.0
USC00042239,2023-06-04,78.08,89.96,91.94,0.0,0.0,0.0,0.0
USC00042239,2023-06-05,78.08,89.96,91.94,0.0,0.0,0.0,0.0
USC00042239,2023-06-06,69.98,89.96,91.94,0.0,0.0,0.0,0.0
USC00042239,2023-06-07,60.08,89.96,91.94,0.0,0.0,0.0,0.0
USC00042239,2023-06-08,60.98,89.96,91.94,0.0,0.0,0.0,0.0
USC00042239,2023-06-09,69.08,89.96,91.94,0.0,0.0,0.0,0.0
USC00042239,2023-06-10,69.08,89.96,91.94,0.0,0.0,0.0,0.0
USC00042239,2023-06-11,71.06,89.96,91.94,0.0,0.0,0.0,0.0
USC00042239,2023-06-12,50.0,89.96,91.94,0.0,0.0,0.0,0.0
USC00042239,2023-06-13,60.08,89.96,91.94,0.0,0.0,0.0,0.0
USC00042239,2023-06-14,68.0,89.96,91.94,0.0,0.0,0.0,0.0
USC00042239,2023-06-15,68.0,89.96,91.94,0.0,0.0,0.0,0.0
USC00042239,2023-06-16,71.06,89.96,91.94,0.0,0.0,0.0,0.0
USC00042239,2023-06-17,71.96,89.96,91.94,0.0,0.0,0.0,0.0
USC00042239,2023-06-18,80.96,89.96,91.94,0.0,0.0,0.0,0.0
USC00042239,2023-06-19,69.98,89.96,91.94,0.0,0.0,0.0,0.0
USC00042239,2023-06-20,66.02,89.96,91.94,0.0,0.0,0.0,0.0
USC00042239,2023-06-21,69.98,89.96,91.94,0.0,0.0,0.0,0.0
USC00042239,2023-06-22,71.06,89.96,91.94,0.0,0.0,0.0,0.0
USC00042239,2023-06-23,64.04,89.96,91.94,0.0,0.0,0.0,0.0
USC00042239,2023-06-24,69.08,89.96,91.94,0.0,0.0,0.0,0.0
USC00042239,2023-06-25,73.04,89.96,91.94,0.0,0.0,0.0,0.0
USC00042239,2023-06-26,71.96,89.96,91.94,0.0,0.0,0.0,0.0
USC00042239,2023-06-27,73.04,89.96,91.94,0.0,0.0,0.0,0.0
USC00042239,2023-06-28,73.94,89.96,91.94,0.0,0.0,0.0,0.0
USC00042239,2023-06-29,69.98,89.96,91.94,0.0,0.0,0.0,0.0
USC00042239,2023-06-30,82.94,89.96,91.94,0.0,0.0,0.0,0.0
USC00042239,2023-07-01,87.98,89.96,91.94,0.0,0.0,0.0,0.0
USC00042239,2023-07-02,91.04,89.96,91.94,1.0,0.0,0.0,0.0
USC00042239,2023-07-03,87.08,89.96,91.94,0.0,0.0,0.0,0.0
USC00042239,2023-07-04,87.98,89.96,91.94,0.0,0.0,0.0,0.0
USC00042239,2023-07-05,78.08,89.96,91.94,0.0,0.0,0.0,0.0
USC00042239,2023-07-06,80.96,89.96,91.94,0.0,0.0,0.0,0.0
USC00042239,2023-07-07,75.02,89.96,91.94,0.0,0.0,0.0,0.0
USC00042239,2023-07-08,75.02,89.96,91.94,0.0,0.0,0.0,0.0
USC00042239,2023-07-09,80.06,89.96,91.94,0.0,0.0,0.0,0.0
USC00042239,2023-07-10,80.06,89.96,91.94,0.0,0.0,0.0,0.0
USC00042239,2023-07-11,87.08,89.96,91.94,0.0,0.0,0.0,0.0
USC00042239,2023-07-12,84.92,89.96,91.94,0.0,0.0,0.0,0.0
USC00042239,2023-07-13,82.04,89.96,91.94,0.0,0.0,0.0,0.0
USC00042239,2023-07-14,82.94,89.96,91.94,0.0,0.0,0.0,0.0
USC00042239,2023-07-15,87.98,89.96,91.94,0.0,0.0,0.0,0.0
USC00042239,2023-07-16,96.08,89.96,91.94,1.0,0.0,1.0,0.0
USC00042239,2023-07-17,91.94,89.96,91.94,1.0,0.0,0.0,0.0
USC00042239,2023-07-18,87.08,89.96,91.94,0.0,0.0,0.0,0.0
USC00042239,2023-07-19,86.0,89.96,91.94,0.0,0.0,0.0,0.0
USC00042239,2023-07-20,86.0,89.96,91.94,0.0,0.0,0.0,0.0
USC00042239,2023-07-21,89.06,89.96,91.94,0.0,0.0,0.0,0.0
USC00042239,2023-07-22,89.06,89.96,91.94,0.0,0.0,0.0,0.0
USC00042239,2023-07-23,96.08,89.96,91.94,1.0,0.0,1.0,0.0
USC00042239,2023-07-24,87.08,89.96,91.94,0.0,0.0,0.0,0.0
USC00042239,2023-07-25,89.96,89.96,91.94,0.0,0.0,0.0,0.0
USC00042239,2023-07-26,91.94,89.96,91.94,1.0,0.0,0.0,0.0
USC00042239,2023-07-27,89.96,89.96,91.94,0.0,0.0,0.0,0.0
USC00042239,2023-07-28,89.96,89.96,91.94,0.0,0.0,0.0,0.0
USC00042239,2023-07-29,91.04,89.96,91.94,1.0,0.0,0.0,0.0
USC00042239,2023-07-30,91.94,89.96,91.94,1.0,0.0,0.0,0.0
USC00042239,2023-07-31,89.06,89.96,91.94,0.0,0.0,0.0,0.0
USC00042239,2023-08-01,82.04,89.96,91.94,0.0,0.0,0.0,0.0
USC00042239,2023-08-02,80.96,89.96,91.94,0.0,0.0,0.0,0.0
USC00042239,2023-08-03,82.94,89.96,91.94,0.0,0.0,0.0,0.0
USC00042239,2023-08-04,78.98,89.96,91.94,0.0,0.0,0.0,0.0
USC00042239,2023-08-05,86.0,89.96,91.94,0.0,0.0,0.0,0.0
USC00042239,2023-08-06,91.04,89.96,91.94,1.0,0.0,0.0,0.0
USC00042239,2023-08-07,87.98,89.96,91.94,0.0,0.0,0.0,0.0
USC00042239,2023-08-08,84.92,89.96,91.94,0.0,0.0,0.0,0.0
USC00042239,2023-08-09,75.92,89.96,91.94,0.0,0.0,0.0,0.0
USC00042239,2023-08-10,77.0,89.96,91.94,0.0,0.0,0.0,0.0
USC00042239,2023-08-11,71.96,89.96,91.94,0.0,0.0,0.0,0.0
USC00042239,2023-08-12,75.02,89.96,91.94,0.0,0.0,0.0,0.0
USC00042239,2023-08-13,78.08,89.96,91.94,0.0,0.0,0.0,0.0
USC00042239,2023-08-14,87.08,89.96,91.94,0.0,0.0,0.0,0.0
USC00042239,2023-08-15,89.06,89.96,91.94,0.0,0.0,0.0,0.0
USC00042239,2023-08-16,89.96,89.96,91.94,0.0,0.0,0.0,0.0
USC00042239,2023-08-17,91.04,89.96,91.94,1.0,0.0,0.0,0.0
USC00042239,2023-08-18,89.06,89.96,91.94,0.0,0.0,0.0,0.0
USC00042239,2023-08-19,89.96,89.96,91.94,0.0,0.0,0.0,0.0
USC00042239,2023-08-20,69.98,89.96,91.94,0.0,0.0,0.0,0.0
USC00042239,2023-08-21,66.02,89.96,91.94,0.0,0.0,0.0,0.0
USC00042239,2023-08-22,69.08,89.96,91.94,0.0,0.0,0.0,0.0
USC00042239,2023-08-23,77.0,89.96,91.94,0.0,0.0,0.0,0.0
USC00042239,2023-08-24,84.02,89.96,91.94,0.0,0.0,0.0,0.0
USC00042239,2023-08-25,80.96,89.96,91.94,0.0,0.0,0.0,0.0
USC00042239,2023-08-26,86.0,89.96,91.94,0.0,0.0,0.0,0.0
USC00042239,2023-08-27,86.0,89.96,91.94,0.0,0.0,0.0,0.0
USC00042239,2023-08-28,89.96,89.96,91.94,0.0,0.0,0.0,0.0
USC00042239,2023-08-29,93.02,89.96,91.94,1.0,1.0,1.0,0.0
USC00042239,2023-08-30,91.04,89.96,91.94,1.0,1.0,0.0,0.0
USC00042239,2023-08-31,91.04,89.96,91.94,1.0,1.0,0.0,0.0
USC00042239,2023-09-01,89.06,89.96,91.94,0.0,0.0,0.0,0.0
USC00042239,2023-09-02,75.02,89.96,91.94,0.0,0.0,0.0,0.0
USC00042239,2023-09-03,73.04,89.96,91.94,0.0,0.0,0.0,0.0
USC00042239,2023-09-04,71.96,89.96,91.94,0.0,0.0,0.0,0.0
USC00042239,2023-09-05,71.06,89.96,91.94,0.0,0.0,0.0,0.0
USC00042239,2023-09-06,77.0,89.96,91.94,0.0,0.0,0.0,0.0
USC00042239,2023-09-07,82.04,89.96,91.94,0.0,0.0,0.0,0.0
USC00042239,2023-09-08,82.04,89.96,91.94,0.0,0.0,0.0,0.0
USC00042239,2023-09-09,84.02,89.96,91.94,0.0,0.0,0.0,0.0
USC00042239,2023-09-10,86.0,89.96,91.94,0.0,0.0,0.0,0.0
USC00042239,2023-09-11,80.96,89.96,91.94,0.0,0.0,0.0,0.0
USC00042239,2023-09-12,78.08,89.96,91.94,0.0,0.0,0.0,0.0
USC00042239,2023-09-13,75.92,89.96,91.94,0.0,0.0,0.0,0.0
USC00042239,2023-09-14,73.04,89.96,91.94,0.0,0.0,0.0,0.0
USC00042239,2023-09-15,77.0,89.96,91.94,0.0,0.0,0.0,0.0
USC00042239,2023-09-16,82.04,89.96,91.94,0.0,0.0,0.0,0.0
USC00042239,2023-09-17,82.94,89.96,91.94,0.0,0.0,0.0,0.0
USC00042239,2023-09-18,78.08,89.96,91.94,0.0,0.0,0.0,0.0
USC00042239,2023-09-19,73.94,89.96,91.94,0.0,0.0,0.0,0.0
USC00042239,2023-09-20,77.0,89.96,91.94,0.0,0.0,0.0,0.0
USC00042239,2023-09-21,62.06,89.96,91.94,0.0,0.0,0.0,0.0
USC00042239,2023-09-22,62.96,89.96,91.94,0.0,0.0,0.0,0.0
USC00042239,2023-09-23,69.08,89.96,91.94,0.0,0.0,0.0,0.0
USC00042239,2023-09-24,69.98,89.96,91.94,0.0,0.0,0.0,0.0
USC00042239,2023-09-25,80.06,89.96,91.94,0.0,0.0,0.0,0.0
USC00042239,2023-09-26,75.92,89.96,91.94,0.0,0.0,0.0,0.0
USC00042239,2023-09-27,80.96,89.96,91.94,0.0,0.0,0.0,0.0
USC00042239,2023-09-28,80.96,89.96,91.94,0.0,0.0,0.0,0.0
USC00042239,2023-09-29,78.98,89.96,91.94,0.0,0.0,0.0,0.0
USC00042239,2023-09-30,75.92,89.96,91.94,0.0,0.0,0.0,0.0
USC00042239,2023-10-01,51.08,89.96,91.94,,,,
USC00042239,2023-10-02,48.92,89.96,91.94,,,,
USC00042239,2023-10-03,62.96,89.96,91.94,,,,
USC00042239,2023-10-04,69.98,89.96,91.94,,,,
USC00042239,2023-10-05,73.04,89.96,91.94,,,,
USC00042239,2023-10-06,77.0,89.96,91.94,,,,
USC00042239,2023-10-07,80.06,89.96,91.94,,,,
USC00042239,2023-10-08,84.02,89.96,91.94,,,,
USC00042239,2023-10-09,84.92,89.96,91.94,,,,
USC00042239,2023-10-10,78.08,89.96,91.94,,,,
USC00042239,2023-10-11,69.98,89.96,91.94,,,,
USC00042239,2023-10-12,60.98,89.96,91.94,,,,
USC00042239,2023-10-13,68.0,89.96,91.94,,,,
USC00042239,2023-10-14,71.06,89.96,91.94,,,,
USC00042239,2023-10-15,73.94,89.96,91.94,,,,
USC00042239,2023-10-16,77.0,89.96,91.94,,,,
USC00042239,2023-10-17,82.04,89.96,91.94,,,,
USC00042239,2023-10-18,82.04,89.96,91.94,,,,
USC00042239,2023-10-19,80.96,89.96,91.94,,,,
USC00042239,2023-10-20,84.92,89.96,91.94,,,,
USC00042239,2023-10-21,84.92,89.96,91.94,,,,
USC00042239,2023-10-22,75.92,89.96,91.94,,,,
USC00042239,2023-10-23,69.98,89.96,91.94,,,,
USC00042239,2023-10-24,55.04,89.96,91.94,,,,
USC00042239,2023-10-25,66.92,89.96,91.94,,,,
USC00042239,2023-10-26,64.94,89.96,91.94,,,,
USC00042239,2023-10-27,64.94,89.96,91.94,,,,
USC00042239,2023-10-28,64.04,89.96,91.94,,,,
USC00042239,2023-10-29,60.98,89.96,91.94,,,,
USC00042239,2023-10-30,55.94,89.96,91.94,,,,
USC00042239,2023-10-31,57.92,89.96,91.94,,,,
USC00042239,2023-11-01,60.98,89.96,91.94,,,,
USC00042239,2023-11-02,64.94,89.96,91.94,,,,
USC00042239,2023-11-03,69.98,89.96,91.94,,,,
USC00042239,2023-11-04,73.04,89.96,91.94,,,,
USC00042239,2023-11-05,75.92,89.96,91.94,,,,
USC00042239,2023-11-06,75.92,89.96,91.94,,,,
USC00042239,2023-11-07,71.06,89.96,91.94,,,,
USC00042239,2023-11-08,55.04,89.96,91.94,,,,
USC00042239,2023-11-09,57.92,89.96,91.94,,,,
USC00042239,2023-11-10,60.08,89.96,91.94,,,,
USC00042239,2023-11-11,64.04,89.96,91.94,,,,
USC00042239,2023-11-12,62.06,89.96,91.94,,,,
USC00042239,2023-11-13,62.96,89.96,91.94,,,,
USC00042239,2023-11-14,66.92,89.96,91.94,,,,
USC00042239,2023-11-15,69.08,89.96,91.94,,,,
USC00042239,2023-11-16,60.98,89.96,91.94,,,,
USC00042239,2023-11-17,59.0,89.96,91.94,,,,
USC00042239,2023-11-18,62.96,89.96,91.94,,,,
USC00042239,2023-11-19,50.0,89.96,91.94,,,,
USC00042239,2023-11-20,51.98,89.96,91.94,,,,
USC00042239,2023-11-21,53.96,89.96,91.94,,,,
USC00042239,2023-11-22,55.94,89.96,91.94,,,,
USC00042239,2023-11-23,60.08,89.96,91.94,,,,
USC00042239,2023-11-24,60.08,89.96,91.94,,,,
USC00042239,2023-11-25,44.96,89.96,91.94,,,,
USC00042239,2023-11-26,48.02,89.96,91.94,,,,
USC00042239,2023-11-27,46.94,89.96,91.94,,,,
USC00042239,2023-11-28,51.98,89.96,91.94,,,,
USC00042239,2023-11-29,57.02,89.96,91.94,,,,
USC00042239,2023-11-30,44.96,89.96,91.94,,,,
USC00042239,2023-12-01,44.96,89.96,91.94,,,,
USC00042239,2023-12-02,46.94,89.96,91.94,,,,
USC00042239,2023-12-03,59.0,89.96,91.94,,,,
USC00042239,2023-12-04,64.94,89.96,91.94,,,,
USC00042239,2023-12-05,59.0,89.96,91.94,,,,
USC00042239,2023-12-06,62.06,89.96,91.94,,,,
USC00042239,2023-12-07,68.0,89.96,91.94,,,,
USC00042239,2023-12-08,55.94,89.96,91.94,,,,
USC00042239,2023-12-09,60.08,89.96,91.94,,,,
USC00042239,2023-12-10,46.94,89.96,91.94,,,,
USC00042239,2023-12-11,55.94,89.96,91.94,,,,
USC00042239,2023-12-12,69.98,89.96,91.94,,,,
USC00042239,2023-12-13,62.06,89.96,91.94,,,,
USC00042239,2023-12-14,55.94,89.96,91.94,,,,
USC00042239,2023-12-15,53.96,89.96,91.94,,,,
USC00042239,2023-12-16,55.94,89.96,91.94,,,,
USC00042239,2023-12-17,60.98,89.96,91.94,,,,
USC00042239,2023-12-18,62.06,89.96,91.94,,,,
USC00042239,2023-12-19,62.06,89.96,91.94,,,,
USC00042239,2023-12-20,57.02,89.96,91.94,,,,
USC00042239,2023-12-21,57.92,89.96,91.94,,,,
USC00042239,2023-12-22,51.08,89.96,91.94,,,,
USC00042239,2023-12-23,46.04,89.96,91.94,,,,
USC00042239,2023-12-24,51.08,89.96,91.94,,,,
USC00042239,2023-12-25,53.06,89.96,91.94,,,,
USC00042239,2023-12-26,60.08,89.96,91.94,,,,
USC00042239,2023-12-27,60.08,89.96,91.94,,,,
USC00042239,2023-12-28,60.08,89.96,91.94,,,,
USC00042239,2023-12-29,64.94,89.96,91.94,,,,
USC00042239,2023-12-30,60.08,89.96,91.94,,,,
USC00042239,2023-12-31,48.92,89.96,91.94,,,,
USC00042239,2024-01-01,48.02,89.96,91.94,,,,
USC00042239,2024-01-02,55.94,89.96,91.94,,,,
USC00042239,2024-01-03,39.02,89.96,91.94,,,,
USC00042239,2024-01-04,46.94,89.96,91.94,,,,
USC00042239,2024-01-05,51.98,89.96,91.94,,,,
USC00042239,2024-01-06,50.0,89.96,91.94,,,,
USC00042239,2024-01-07,39.92,89.96,91.94,,,,
USC00042239,2024-01-08,44.96,89.96,91.94,,,,
USC00042239,2024-01-09,51.98,89.96,91.94,,,,
USC00042239,2024-01-10,44.06,89.96,91.94,,,,
USC00042239,2024-01-11,44.96,89.96,91.94,,,,
USC00042239,2024-01-12,50.0,89.96,91.94,,,,
USC00042239,2024-01-13,59.0,89.96,91.94,,,,
USC00042239,2024-01-14,51.98,89.96,91.94,,,,
USC00042239,2024-01-15,60.98,89.96,91.94,,,,
USC00042239,2024-01-16,60.98,89.96,91.94,,,,
USC00042239,2024-01-17,55.94,89.96,91.94,,,,
USC00042239,2024-01-18,64.94,89.96,91.94,,,,
USC00042239,2024-01-19,62.06,89.96,91.94,,,,
USC00042239,2024-01-20,51.08,89.96,91.94,,,,
USC00042239,2024-01-21,44.06,89.96,91.94,,,,
USC00042239,2024-01-22,48.02,89.96,91.94,,,,
USC00042239,2024-01-23,46.04,89.96,91.94,,,,
USC00042239,2024-01-24,51.98,89.96,91.94,,,,
USC00042239,2024-01-25,48.02,89.96,91.94,,,,
USC00042239,2024-01-26,53.96,89.96,91.94,,,,
USC00042239,2024-01-27,53.06,89.96,91.94,,,,
USC00042239,2024-01-28,57.02,89.96,91.94,,,,
USC00042239,2024-01-29,60.08,89.96,91.94,,,,
USC00042239,2024-01-30,62.96,89.96,91.94,,,,
USC00042239,2024-01-31,60.98,89.96,91.94,,,,
USC00042239,2024-02-01,48.02,89.96,91.94,,,,
USC00042239,2024-02-02,37.04,89.96,91.94,,,,
USC00042239,2024-02-03,42.98,89.96,91.94,,,,
USC00042239,2024-02-04,50.0,89.96,91.94,,,,
USC00042239,2024-02-05,48.92,89.96,91.94,,,,
USC00042239,2024-02-06,42.08,89.96,91.94,,,,
USC00042239,2024-02-07,35.06,89.96,91.94,,,,
USC00042239,2024-02-08,33.98,89.96,91.94,,,,
USC00042239,2024-02-09,35.96,89.96,91.94,,,,
USC00042239,2024-02-10,46.94,89.96,91.94,,,,
USC00042239,2024-02-11,46.04,89.96,91.94,,,,
USC00042239,2024-02-12,46.04,89.96,91.94,,,,
USC00042239,2024-02-13,53.06,89.96,91.94,,,,
USC00042239,2024-02-14,55.04,89.96,91.94,,,,
USC00042239,2024-02-15,55.94,89.96,91.94,,,,
USC00042239,2024-02-16,62.06,89.96,91.94,,,,
USC00042239,2024-02-17,62.96,89.96,91.94,,,,
USC00042239,2024-02-18,55.04,89.96,91.94,,,,
USC00042239,2024-02-19,51.08,89.96,91.94,,,,
USC00042239,2024-02-20,48.02,89.96,91.94,,,,
USC00042239,2024-02-21,46.04,89.96,91.94,,,,
USC00042239,2024-02-22,57.02,89.96,91.94,,,,
USC00042239,2024-02-23,55.94,89.96,91.94,,,,
USC00042239,2024-02-24,60.98,89.96,91.94,,,,
USC00042239,2024-02-25,62.06,89.96,91.94,,,,
USC00042239,2024-02-26,57.02,89.96,91.94,,,,
USC00042239,2024-02-27,51.08,89.96,91.94,,,,
USC00042239,2024-02-28,60.08,89.96,91.94,,,,
USC00042239,2024-02-29,51.98,89.96,91.94,,,,
USC00042239,2024-03-01,53.06,89.96,91.94,,,,
USC00042239,2024-03-02,44.06,89.96,91.94,,,,
USC00042239,2024-03-03,41.0,89.96,91.94,,,,
USC00042239,2024-03-04,46.04,89.96,91.94,,,,
USC00042239,2024-03-05,53.96,89.96,91.94,,,,
USC00042239,2024-03-06,48.92,89.96,91.94,,,,
USC00042239,2024-03-07,39.02,89.96,91.94,,,,
USC00042239,2024-03-08,55.04,89.96,91.94,,,,
USC00042239,2024-03-09,57.02,89.96,91.94,,,,
USC00042239,2024-03-10,59.0,89.96,91.94,,,,
USC00042239,2024-03-11,57.02,89.96,91.94,,,,
USC00042239,2024-03-12,46.04,89.96,91.94,,,,
USC00042239,2024-03-13,53.96,89.96,91.94,,,,
USC00042239,2024-03-14,44.06,89.96,91.94,,,,
USC00042239,2024-03-15,44.96,89.96,91.94,,,,
USC00042239,2024-03-16,48.92,89.96,91.94,,,,
USC00042239,2024-03-17,55.04,89.96,91.94,,,,
USC00042239,2024-03-18,55.04,89.96,91.94,,,,
USC00042239,2024-03-19,57.92,89.96,91.94,,,,
USC00042239,2024-03-20,62.96,89.96,91.94,,,,
USC00042239,2024-03-21,62.96,89.96,91.94,,,,
USC00042239,2024-03-22,60.98,89.96,91.94,,,,
USC00042239,2024-03-23,51.08,89.96,91.94,,,,
USC00042239,2024-03-24,37.94,89.96,91.94,,,,
USC00042239,2024-03-25,46.04,89.96,91.94,,,,
USC00042239,2024-03-26,48.92,89.96,91.94,,,,
USC00042239,2024-03-27,62.96,89.96,91.94,,,,
USC00042239,2024-03-28,57.02,89.96,91.94,,,,
USC00042239,2024-03-29,50.0,89.96,91.94,,,,
USC00042239,2024-03-30,42.98,89.96,91.94,,,,
USC00042239,2024-03-31,44.96,89.96,91.94,,,,
USC00042239,2024-04-01,51.08,89.96,91.94,,,,
USC00042239,2024-04-02,60.98,89.96,91.94,,,,
USC00042239,2024-04-03,64.04,89.96,91.94,,,,
USC00042239,2024-04-04,51.98,89.96,91.94,,,,
USC00042239,2024-04-05,35.06,89.96,91.94,,,,
USC00042239,2024-04-06,50.0,89.96,91.94,,,,
USC00042239,2024-04-07,51.98,89.96,91.94,,,,
USC00042239,2024-04-08,53.96,89.96,91.94,,,,
USC00042239,2024-04-09,64.94,89.96,91.94,,,,
USC00042239,2024-04-10,69.98,89.96,91.94,,,,
USC00042239,2024-04-11,71.96,89.96,91.94,,,,
USC00042239,2024-04-12,66.02,89.96,91.94,,,,
USC00042239,2024-04-13,51.98,89.96,91.94,,,,
USC00042239,2024-04-14,44.96,89.96,91.94,,,,
USC00042239,2024-04-15,60.08,89.96,91.94,,,,
USC00042239,2024-04-16,68.0,89.96,91.94,,,,
USC00042239,2024-04-17,71.06,89.96,91.94,,,,
USC00042239,2024-04-18,69.98,89.96,91.94,,,,
USC00042239,2024-04-19,64.94,89.96,91.94,,,,
USC00042239,2024-04-20,73.04,89.96,91.94,,,,
USC00042239,2024-04-21,77.0,89.96,91.94,,,,
USC00042239,2024-04-22,75.02,89.96,91.94,,,,
USC00042239,2024-04-23,62.96,89.96,91.94,,,,
USC00042239,2024-04-24,57.02,89.96,91.94,,,,
USC00042239,2024-04-25,48.92,89.96,91.94,,,,
USC00042239,2024-04-26,44.96,89.96,91.94,,,,
USC00042239,2024-04-27,55.04,89.96,91.94,,,,
USC00042239,2024-04-28,64.04,89.96,91.94,,,,
USC00042239,2024-04-29,68.0,89.96,91.94,,,,
USC00042239,2024-04-30,71.06,89.96,91.94,,,,
USC00042239,2024-05-01,64.94,89.96,91.94,0.0,0.0,0.0,0.0
USC00042239,2024-05-02,73.04,89.96,91.94,0.0,0.0,0.0,0.0
USC00042239,2024-05-03,66.92,89.96,91.94,0.0,0.0,0.0,0.0
USC00042239,2024-05-04,64.94,89.96,91.94,0.0,0.0,0.0,0.0
USC00042239,2024-05-05,44.96,89.96,91.94,0.0,0.0,0.0,0.0
USC00042239,2024-05-06,66.92,89.96,91.94,0.0,0.0,0.0,0.0
USC00042239,2024-05-07,62.96,89.96,91.94,0.0,0.0,0.0,0.0
USC00042239,2024-05-08,66.92,89.96,91.94,0.0,0.0,0.0,0.0
USC00042239,2024-05-09,68.0,89.96,91.94,0.0,0.0,0.0,0.0
USC00042239,2024-05-10,69.98,89.96,91.94,0.0,0.0,0.0,0.0
USC00042239,2024-05-11,69.98,89.96,91.94,0.0,0.0,0.0,0.0
USC00042239,2024-05-12,73.04,89.96,91.94,0.0,0.0,0.0,0.0
USC00042239,2024-05-13,71.06,89.96,91.94,0.0,0.0,0.0,0.0
USC00042239,2024-05-14,66.92,89.96,91.94,0.0,0.0,0.0,0.0
USC00042239,2024-05-15,66.92,89.96,91.94,0.0,0.0,0.0,0.0
USC00042239,2024-05-16,73.04,89.96,91.94,0.0,0.0,0.0,0.0
USC00042239,2024-05-17,71.96,89.96,91.94,0.0,0.0,0.0,0.0
USC00042239,2024-05-18,68.0,89.96,91.94,0.0,0.0,0.0,0.0
USC00042239,2024-05-19,66.92,89.96,91.94,0.0,0.0,0.0,0.0
USC00042239,2024-05-20,64.94,89.96,91.94,0.0,0.0,0.0,0.0
USC00042239,2024-05-21,66.02,89.96,91.94,0.0,0.0,0.0,0.0
USC00042239,2024-05-22,64.94,89.96,91.94,0.0,0.0,0.0,0.0
USC00042239,2024-05-23,64.04,89.96,91.94,0.0,0.0,0.0,0.0
USC00042239,2024-05-24,60.98,89.96,91.94,0.0,0.0,0.0,0.0
USC00042239,2024-05-25,57.92,89.96,91.94,0.0,0.0,0.0,0.0
USC00042239,2024-05-26,69.98,89.96,91.94,0.0,0.0,0.0,0.0
USC00042239,2024-05-27,73.04,89.96,91.94,0.0,0.0,0.0,0.0
USC00042239,2024-05-28,71.96,89.96,91.94,0.0,0.0,0.0,0.0
USC00042239,2024-05-29,69.98,89.96,91.94,0.0,0.0,0.0,0.0
USC00042239,2024-05-30,78.98,89.96,91.94,0.0,0.0,0.0,0.0
USC00042239,2024-05-31,77.0,89.96,91.94,0.0,0.0,0.0,0.0
USC00042239,2024-06-01,73.94,89.96,91.94,0.0,0.0,0.0,0.0
USC00042239,2024-06-02,69.08,89.96,91.94,0.0,0.0,0.0,0.0
USC00042239,2024-06-03,80.06,89.96,91.94,0.0,0.0,0.0,0.0
USC00042239,2024-06-04,82.04,89.96,91.94,0.0,0.0,0.0,0.0
USC00042239,2024-06-05,87.08,89.96,91.94,0.0,0.0,0.0,0.0
USC00042239,2024-06-06,84.02,89.96,91.94,0.0,0.0,0.0,0.0
USC00042239,2024-06-07,78.08,89.96,91.94,0.0,0.0,0.0,0.0
USC00042239,2024-06-08,75.02,89.96,91.94,0.0,0.0,0.0,0.0
USC00042239,2024-06-09,75.02,89.96,91.94,0.0,0.0,0.0,0.0
USC00042239,2024-06-10,82.04,89.96,91.94,0.0,0.0,0.0,0.0
USC00042239,2024-06-11,84.92,89.96,91.94,0.0,0.0,0.0,0.0
USC00042239,2024-06-12,80.06,89.96,91.94,0.0,0.0,0.0,0.0
USC00042239,2024-06-13,78.08,89.96,91.94,0.0,0.0,0.0,0.0
USC00042239,2024-06-14,84.92,89.96,91.94,0.0,0.0,0.0,0.0
USC00042239,2024-06-15,84.92,89.96,91.94,0.0,0.0,0.0,0.0
USC00042239,2024-06-16,75.92,89.96,91.94,0.0,0.0,0.0,0.0
USC00042239,2024-06-17,68.0,89.96,91.94,0.0,0.0,0.0,0.0
USC00042239,2024-06-18,80.06,89.96,91.94,0.0,0.0,0.0,0.0
USC00042239,2024-06-19,73.94,89.96,91.94,0.0,0.0,0.0,0.0
USC00042239,2024-06-20,77.0,89.96,91.94,0.0,0.0,0.0,0.0
USC00042239,2024-06-21,84.02,89.96,91.94,0.0,0.0,0.0,0.0
USC00042239,2024-06-22,91.04,89.96,91.94,1.0,0.0,0.0,0.0
USC00042239,2024-06-23,84.92,89.96,91.94,0.0,0.0,0.0,0.0
USC00042239,2024-06-24,93.92,89.96,91.94,1.0,0.0,1.0,0.0
USC00042239,2024-06-25,80.96,89.96,91.94,0.0,0.0,0.0,0.0
USC00042239,2024-06-26,84.02,89.96,91.94,0.0,0.0,0.0,0.0
USC00042239,2024-06-27,82.04,89.96,91.94,0.0,0.0,0.0,0.0
USC00042239,2024-06-28,78.98,89.96,91.94,0.0,0.0,0.0,0.0
USC00042239,2024-06-29,84.92,89.96,91.94,0.0,0.0,0.0,0.0
USC00042239,2024-06-30,89.96,89.96,91.94,0.0,0.0,0.0,0.0
USC00042239,2024-07-01,86.0,89.96,91.94,0.0,0.0,0.0,0.0
USC00042239,2024-07-02,87.98,89.96,91.94,0.0,0.0,0.0,0.0
USC00042239,2024-07-03,93.92,89.96,91.94,1.0,1.0,1.0,1.0
USC00042239,2024-07-04,93.92,89.96,91.94,1.0,1.0,1.0,1.0
USC00042239,2024-07-05,98.96,89.96,91.94,1.0,1.0,1.0,1.0
USC00042239,2024-07-06,98.96,89.96,91.94,1.0,1.0,1.0,1.0
USC00042239,2024-07-07,87.98,89.96,91.94,0.0,0.0,0.0,0.0
USC00042239,2024-07-08,95.0,89.96,91.94,1.0,1.0,1.0,1.0
USC00042239,2024-07-09,93.92,89.96,91.94,1.0,1.0,1.0,1.0
USC00042239,2024-07-10,96.08,89.96,91.94,1.0,1.0,1.0,1.0
USC00042239,2024-07-11,96.98,89.96,91.94,1.0,1.0,1.0,1.0
USC00042239,2024-07-12,95.0,89.96,91.94,1.0,1.0,1.0,1.0
USC00042239,2024-07-13,91.94,89.96,91.94,1.0,1.0,0.0,0.0
USC00042239,2024-07-14,87.08,89.96,91.94,0.0,0.0,0.0,0.0
USC00042239,2024-07-15,86.0,89.96,91.94,0.0,0.0,0.0,0.0
USC00042239,2024-07-16,84.02,89.96,91.94,0.0,0.0,0.0,0.0
USC00042239,2024-07-17,87.98,89.96,91.94,0.0,0.0,0.0,0.0
USC00042239,2024-07-18,91.04,89.96,91.94,1.0,0.0,0.0,0.0
USC00042239,2024-07-19,89.06,89.96,91.94,0.0,0.0,0.0,0.0
USC00042239,2024-07-20,91.94,89.96,91.94,1.0,0.0,0.0,0.0
USC00042239,2024-07-21,89.96,89.96,91.94,0.0,0.0,0.0,0.0
USC00042239,2024-07-22,91.94,89.96,91.94,1.0,1.0,0.0,0.0
USC00042239,2024-07-23,91.04,89.96,91.94,1.0,1.0,0.0,0.0
USC00042239,2024-07-24,91.94,89.96,91.94,1.0,1.0,0.0,0.0
USC00042239,2024-07-25,91.94,89.96,91.94,1.0,1.0,0.0,0.0
USC00042239,2024-07-26,87.08,89.96,91.94,0.0,0.0,0.0,0.0
USC00042239,2024-07-27,82.04,89.96,91.94,0.0,0.0,0.0,0.0
USC00042239,2024-07-28,80.96,89.96,91.94,0.0,0.0,0.0,0.0
USC00042239,2024-07-29,82.94,89.96,91.94,0.0,0.0,0.0,0.0
USC00042239,2024-07-30,80.96,89.96,91.94,0.0,0.0,0.0,0.0
USC00042239,2024-07-31,84.92,89.96,91.94,0.0,0.0,0.0,0.0
USC00042239,2024-08-01,87.08,89.96,91.94,0.0,0.0,0.0,0.0
USC00042239,2024-08-02,89.06,89.96,91.94,0.0,0.0,0.0,0.0
USC00042239,2024-08-03,89.96,89.96,91.94,0.0,0.0,0.0,0.0
USC00042239,2024-08-04,93.02,89.96,91.94,1.0,1.0,1.0,1.0
USC00042239,2024-08-05,95.0,89.96,91.94,1.0,1.0,1.0,1.0
USC00042239,2024-08-06,95.0,89.96,91.94,1.0,1.0,1.0,1.0
USC00042239,2024-08-07,82.04,89.96,91.94,0.0,0.0,0.0,0.0
USC00042239,2024-08-08,84.02,89.96,91.94,0.0,0.0,0.0,0.0
USC00042239,2024-08-09,91.04,89.96,91.94,1.0,0.0,0.0,0.0
USC00042239,2024-08-10,91.04,89.96,91.94,1.0,0.0,0.0,0.0
USC00042239,2024-08-11,84.92,89.96,91.94,0.0,0.0,0.0,0.0
USC00042239,2024-08-12,80.06,89.96,91.94,0.0,0.0,0.0,0.0
USC00042239,2024-08-13,82.04,89.96,91.94,0.0,0.0,0.0,0.0
USC00042239,2024-08-14,82.94,89.96,91.94,0.0,0.0,0.0,0.0
USC00042239,2024-08-15,84.92,89.96,91.94,0.0,0.0,0.0,0.0
USC00042239,2024-08-16,89.06,89.96,91.94,0.0,0.0,0.0,0.0
USC00042239,2024-08-17,84.92,89.96,91.94,0.0,0.0,0.0,0.0
USC00042239,2024-08-18,84.92,89.96,91.94,0.0,0.0,0.0,0.0
USC00042239,2024-08-19,89.06,89.96,91.94,0.0,0.0,0.0,0.0
USC00042239,2024-08-20,89.96,89.96,91.94,0.0,0.0,0.0,0.0
USC00042239,2024-08-21,89.06,89.96,91.94,0.0,0.0,0.0,0.0
USC00042239,2024-08-22,80.06,89.96,91.94,0.0,0.0,0.0,0.0
USC00042239,2024-08-23,75.92,89.96,91.94,0.0,0.0,0.0,0.0
USC00042239,2024-08-24,75.02,89.96,91.94,0.0,0.0,0.0,0.0
USC00042239,2024-08-25,77.0,89.96,91.94,0.0,0.0,0.0,0.0
USC00042239,2024-08-26,82.94,89.96,91.94,0.0,0.0,0.0,0.0
USC00042239,2024-08-27,87.08,89.96,91.94,0.0,0.0,0.0,0.0
USC00042239,2024-08-28,87.08,89.96,91.94,0.0,0.0,0.0,0.0
USC00042239,2024-08-29,87.08,89.96,91.94,0.0,0.0,0.0,0.0
USC00042239,2024-08-30,87.98,89.96,91.94,0.0,0.0,0.0,0.0
USC00042239,2024-08-31,87.98,89.96,91.94,0.0,0.0,0.0,0.0
USC00042239,2024-09-01,91.04,89.96,91.94,1.0,0.0,0.0,0.0
USC00042239,2024-09-02,89.06,89.96,91.94,0.0,0.0,0.0,0.0
USC00042239,2024-09-03,89.06,89.96,91.94,0.0,0.0,0.0,0.0
USC00042239,2024-09-04,91.94,89.96,91.94,1.0,1.0,0.0,0.0
USC00042239,2024-09-05,95.0,89.96,91.94,1.0,1.0,1.0,1.0
USC00042239,2024-09-06,93.92,89.96,91.94,1.0,1.0,1.0,1.0
USC00042239,2024-09-07,93.02,89.96,91.94,1.0,1.0,1.0,1.0
USC00042239,2024-09-08,89.06,89.96,91.94,0.0,0.0,0.0,0.0
USC00042239,2024-09-09,91.94,89.96,91.94,1.0,0.0,0.0,0.0
USC00042239,2024-09-10,87.08,89.96,91.94,0.0,0.0,0.0,0.0
USC00042239,2024-09-11,77.0,89.96,91.94,0.0,0.0,0.0,0.0
USC00042239,2024-09-12,71.96,89.96,91.94,0.0,0.0,0.0,0.0
USC00042239,2024-09-13,80.96,89.96,91.94,0.0,0.0,0.0,0.0
USC00042239,2024-09-14,82.04,89.96,91.94,0.0,0.0,0.0,0.0
USC00042239,2024-09-15,71.06,89.96,91.94,0.0,0.0,0.0,0.0
USC00042239,2024-09-16,59.0,89.96,91.94,0.0,0.0,0.0,0.0
USC00042239,2024-09-17,71.06,89.96,91.94,0.0,0.0,0.0,0.0
USC00042239,2024-09-18,68.0,89.96,91.94,0.0,0.0,0.0,0.0
USC00042239,2024-09-19,68.0,89.96,91.94,0.0,0.0,0.0,0.0
USC00042239,2024-09-20,60.08,89.96,91.94,0.0,0.0,0.0,0.0
USC00042239,2024-09-21,75.92,89.96,91.94,0.0,0.0,0.0,0.0
USC00042239,2024-09-22,82.04,89.96,91.94,0.0,0.0,0.0,0.0
USC00042239,2024-09-23,84.92,89.96,91.94,0.0,0.0,0.0,0.0
USC00042239,2024-09-24,87.08,89.96,91.94,0.0,0.0,0.0,0.0
USC00042239,2024-09-25,84.02,89.96,91.94,0.0,0.0,0.0,0.0
USC00042239,2024-09-26,84.02,89.96,91.94,0.0,0.0,0.0,0.0
USC00042239,2024-09-27,87.98,89.96,91.94,0.0,0.0,0.0,0.0
USC00042239,2024-09-28,84.92,89.96,91.94,0.0,0.0,0.0,0.0
USC00042239,2024-09-29,86.0,89.96,91.94,0.0,0.0,0.0,0.0
USC00042239,2024-09-30,86.0,89.96,91.94,0.0,0.0,0.0,0.0
USC00042239,2024-10-01,93.92,89.96,91.94,,,,
USC00042239,2024-10-02,89.96,89.96,91.94,,,,
USC00042239,2024-10-03,91.04,89.96,91.94,,,,
USC00042239,2024-10-04,91.94,89.96,91.94,,,,
USC00042239,2024-10-05,91.04,89.96,91.94,,,,
USC00042239,2024-10-06,91.04,89.96,91.94,,,,
USC00042239,2024-10-07,89.06,89.96,91.94,,,,
USC00042239,2024-10-08,84.92,89.96,91.94,,,,
USC00042239,2024-10-09,84.92,89.96,91.94,,,,
USC00042239,2024-10-10,82.04,89.96,91.94,,,,
USC00042239,2024-10-11,82.04,89.96,91.94,,,,
USC00042239,2024-10-12,75.02,89.96,91.94,,,,
USC00042239,2024-10-13,75.92,89.96,91.94,,,,
USC00042239,2024-10-14,73.94,89.96,91.94,,,,
USC00042239,2024-10-15,78.98,89.96,91.94,,,,
USC00042239,2024-10-16,75.92,89.96,91.94,,,,
USC00042239,2024-10-17,55.94,89.96,91.94,,,,
USC00042239,2024-10-18,62.06,89.96,91.94,,,,
USC00042239,2024-10-19,64.94,89.96,91.94,,,,
USC00042239,2024-10-20,66.92,89.96,91.94,,,,
USC00042239,2024-10-21,71.96,89.96,91.94,,,,
USC00042239,2024-10-22,75.92,89.96,91.94,,,,
USC00042239,2024-10-23,80.06,89.96,91.94,,,,
USC00042239,2024-10-24,80.06,89.96,91.94,,,,
USC00042239,2024-10-25,80.06,89.96,91.94,,,,
USC00042239,2024-10-26,80.06,89.96,91.94,,,,
USC00042239,2024-10-27,75.02,89.96,91.94,,,,
USC00042239,2024-10-28,60.98,89.96,91.94,,,,
USC00042239,2024-10-29,48.02,89.96,91.94,,,,
USC00042239,2024-10-30,60.08,89.96,91.94,,,,
USC00042239,2024-10-31,60.08,89.96,91.94,,,,
USC00042239,2024-11-01,64.04,89.96,91.94,,,,
USC00042239,2024-11-02,53.96,89.96,91.94,,,,
USC00042239,2024-11-03,53.96,89.96,91.94,,,,
USC00042239,2024-11-04,60.08,89.96,91.94,,,,
USC00042239,2024-11-05,62.06,89.96,91.94,,,,
USC00042239,2024-11-06,51.08,89.96,91.94,,,,
USC00042239,2024-11-07,51.08,89.96,91.94,,,,
USC00042239,2024-11-08,60.08,89.96,91.94,,,,
USC00042239,2024-11-09,64.94,89.96,91.94,,,,
USC00042239,2024-11-10,68.0,89.96,91.94,,,,
USC00042239,2024-11-11,64.04,89.96,91.94,,,,
USC00042239,2024-11-12,59.0,89.96,91.94,,,,
USC00042239,2024-11-13,69.98,89.96,91.94,,,,
USC00042239,2024-11-14,68.0,89.96,91.94,,,,
USC00042239,2024-11-15,41.0,89.96,91.94,,,,
USC00042239,2024-11-16,46.04,89.96,91.94,,,,
USC00042239,2024-11-17,55.04,89.96,91.94,,,,
USC00042239,2024-11-18,51.98,89.96,91.94,,,,
USC00042239,2024-11-19,51.98,89.96,91.94,,,,
USC00042239,2024-11-20,64.94,89.96,91.94,,,,
USC00042239,2024-11-21,71.06,89.96,91.94,,,,
USC00042239,2024-11-22,60.08,89.96,91.94,,,,
USC00042239,2024-11-23,60.08,89.96,91.94,,,,
USC00042239,2024-11-24,48.92,89.96,91.94,,,,
USC00042239,2024-11-25,60.98,89.96,91.94,,,,
USC00042239,2024-11-26,59.0,89.96,91.94,,,,
USC00042239,2024-11-27,57.92,89.96,91.94,,,,
USC00042239,2024-11-28,55.04,89.96,91.94,,,,
USC00042239,2024-11-29,51.98,89.96,91.94,,,,
USC00042239,2024-11-30,64.04,89.96,91.94,,,,
USC00042239,2024-12-01,66.92,89.96,91.94,,,,
USC00042239,2024-12-02,64.94,89.96,91.94,,,,
USC00042239,2024-12-03,64.94,89.96,91.94,,,,
USC00042239,2024-12-04,66.02,89.96,91.94,,,,
USC00042239,2024-12-05,64.94,89.96,91.94,,,,
USC00042239,2024-12-06,66.02,89.96,91.94,,,,
USC00042239,2024-12-07,64.94,89.96,91.94,,,,
USC00042239,2024-12-08,60.08,89.96,91.94,,,,
USC00042239,2024-12-09,62.96,89.96,91.94,,,,
USC00042239,2024-12-10,48.02,89.96,91.94,,,,
USC00042239,2024-12-11,53.96,89.96,91.94,,,,
USC00042239,2024-12-12,53.96,89.96,91.94,,,,
USC00042239,2024-12-13,51.98,89.96,91.94,,,,
USC00042239,2024-12-14,57.92,89.96,91.94,,,,
USC00042239,2024-12-15,57.02,89.96,91.94,,,,
USC00042239,2024-12-16,64.94,89.96,91.94,,,,
USC00042239,2024-12-17,60.98,89.96,91.94,,,,
USC00042239,2024-12-18,62.06,89.96,91.94,,,,
USC00042239,2024-12-19,64.04,89.96,91.94,,,,
USC00042239,2024-12-20,68.0,89.96,91.94,,,,
USC00042239,2024-12-21,64.94,89.96,91.94,,,,
USC00042239,2024-12-22,64.04,89.96,91.94,,,,
USC00042239,2024-12-23,66.92,89.96,91.94,,,,
USC00042239,2024-12-24,64.04,89.96,91.94,,,,
USC00042239,2024-12-25,53.06,89.96,91.94,,,,
USC00042239,2024-12-26,55.94,89.96,91.94,,,,
USC00042239,2024-12-27,51.98,89.96,91.94,,,,
USC00042239,2024-12-28,57.92,89.96,91.94,,,,
USC00042239,2024-12-29,66.02,89.96,91.94,,,,
USC00042239,2024-12-30,69.08,89.96,91.94,,,,
USC00042239,2024-12-31,66.92,89.96,91.94,,,,
USC00043914,2021-01-01,55.94,98.96,100.94,,,,
USC00043914,2021-01-02,62.06,98.96,100.94,,,,
USC00043914,2021-01-03,59.0,98.96,100.94,,,,
USC00043914,2021-01-04,60.98,98.96,100.94,,,,
USC00043914,2021-01-05,66.92,98.96,100.94,,,,
USC00043914,2021-01-06,71.96,98.96,100.94,,,,
USC00043914,2021-01-07,69.98,98.96,100.94,,,,
USC00043914,2021-01-08,69.08,98.96,100.94,,,,
USC00043914,2021-01-09,69.98,98.96,100.94,,,,
USC00043914,2021-01-10,71.96,98.96,100.94,,,,
USC00043914,2021-01-11,64.94,98.96,100.94,,,,
USC00043914,2021-01-12,60.98,98.96,100.94,,,,
USC00043914,2021-01-13,64.94,98.96,100.94,,,,
USC00043914,2021-01-14,,98.96,100.94,,,,
USC00043914,2021-01-15,77.0,98.96,100.94,,,,
USC00043914,2021-01-16,80.96,98.96,100.94,,,,
USC00043914,2021-01-17,77.0,98.96,100.94,,,,
USC00043914,2021-01-18,73.94,98.96,100.94,,,,
USC00043914,2021-01-19,71.06,98.96,100.94,,,,
USC00043914,2021-01-20,57.02,98.96,100.94,,,,
USC00043914,2021-01-21,55.94,98.96,100.94,,,,
USC00043914,2021-01-22,64.04,98.96,100.94,,,,
USC00043914,2021-01-23,53.06,98.96,100.94,,,,
USC00043914,2021-01-24,44.96,98.96,100.94,,,,
USC00043914,2021-01-25,46.94,98.96,100.94,,,,
USC00043914,2021-01-26,39.02,98.96,100.94,,,,
USC00043914,2021-01-27,46.04,98.96,100.94,,,,
USC00043914,2021-01-28,55.04,98.96,100.94,,,,
USC00043914,2021-01-29,62.06,98.96,100.94,,,,
USC00043914,2021-01-30,46.94,98.96,100.94,,,,
USC00043914,2021-01-31,50.0,98.96,100.94,,,,
USC00043914,2021-02-01,57.02,98.96,100.94,,,,
USC00043914,2021-02-02,64.94,98.96,100.94,,,,
USC00043914,2021-02-03,69.98,98.96,100.94,,,,
USC00043914,2021-02-04,64.94,98.96,100.94,,,,
USC00043914,2021-02-05,62.06,98.96,100.94,,,,
USC00043914,2021-02-06,66.92,98.96,100.94,,,,
USC00043914,2021-02-07,71.96,98.96,100.94,,,,
USC00043914,2021-02-08,77.0,98.96,100.94,,,,
USC00043914,2021-02-09,66.02,98.96,100.94,,,,
USC00043914,2021-02-10,59.0,98.96,100.94,,,,
USC00043914,2021-02-11,60.08,98.96,100.94,,,,
USC00043914,2021-02-12,68.0,98.96,100.94,,,,
USC00043914,2021-02-13,55.04,98.96,100.94,,,,
USC00043914,2021-02-14,53.06,98.96,100.94,,,,
USC00043914,2021-02-15,57.02,98.96,100.94,,,,
USC00043914,2021-02-16,55.94,98.96,100.94,,,,
USC00043914,2021-02-17,55.94,98.96,100.94,,,,
USC00043914,2021-02-18,59.0,98.96,100.94,,,,
USC00043914,2021-02-19,57.02,98.96,100.94,,,,
USC00043914,2021-02-20,69.98,98.96,100.94,,,,
USC00043914,2021-02-21,60.98,98.96,100.94,,,,
USC00043914,2021-02-22,60.98,98.96,100.94,,,,
USC00043914,2021-02-23,64.94,98.96,100.94,,,,
USC00043914,2021-02-24,73.94,98.96,100.94,,,,
USC00043914,2021-02-25,69.98,98.96,100.94,,,,
USC00043914,2021-02-26,62.06,98.96,100.94,,,,
USC00043914,2021-02-27,71.06,98.96,100.94,,,,
USC00043914,2021-02-28,66.02,98.96,100.94,,,,
USC00043914,2021-03-01,55.04,98.96,100.94,,,,
USC00043914,2021-03-02,59.0,98.96,100.94,,,,
USC00043914,2021-03-03,66.02,98.96,100.94,,,,
USC00043914,2021-03-04,55.94,98.96,100.94,,,,
USC00043914,2021-03-05,64.94,98.96,100.94,,,,
USC00043914,2021-03-06,69.98,98.96,100.94,,,,
USC00043914,2021-03-07,64.94,98.96,100.94,,,,
USC00043914,2021-03-08,64.94,98.96,100.94,,,,
USC00043914,2021-03-09,59.0,98.96,100.94,,,,
USC00043914,2021-03-10,53.06,98.96,100.94,,,,
USC00043914,2021-03-11,48.02,98.96,100.94,,,,
USC00043914,2021-03-12,46.04,98.96,100.94,,,,
USC00043914,2021-03-13,48.92,98.96,100.94,,,,
USC00043914,2021-03-14,53.96,98.96,100.94,,,,
USC00043914,2021-03-15,57.02,98.96,100.94,,,,
USC00043914,2021-03-16,46.94,98.96,100.94,,,,
USC00043914,2021-03-17,53.06,98.96,100.94,,,,
USC00043914,2021-03-18,64.04,98.96,100.94,,,,
USC00043914,2021-03-19,69.08,98.96,100.94,,,,
USC00043914,2021-03-20,71.06,98.96,100.94,,,,
USC00043914,2021-03-21,62.06,98.96,100.94,,,,
USC00043914,2021-03-22,59.0,98.96,100.94,,,,
USC00043914,2021-03-23,64.04,98.96,100.94,,,,
USC00043914,2021-03-24,57.92,98.96,100.94,,,,
USC00043914,2021-03-25,64.04,98.96,100.94,,,,
USC00043914,2021-03-26,51.98,98.96,100.94,,,,
USC00043914,2021-03-27,57.02,98.96,100.94,,,,
USC00043914,2021-03-28,71.96,98.96,100.94,,,,
USC00043914,2021-03-29,75.02,98.96,100.94,,,,
USC00043914,2021-03-30,78.08,98.96,100.94,,,,
USC00043914,2021-03-31,73.04,98.96,100.94,,,,
USC00043914,2021-04-01,71.06,98.96,100.94,,,,
USC00043914,2021-04-02,80.96,98.96,100.94,,,,
USC00043914,2021-04-03,75.92,98.96,100.94,,,,
USC00043914,2021-04-04,78.98,98.96,100.94,,,,
USC00043914,2021-04-05,80.96,98.96,100.94,,,,
USC00043914,2021-04-06,75.92,98.96,100.94,,,,
USC00043914,2021-04-07,71.96,98.96,100.94,,,,
USC00043914,2021-04-08,80.06,98.96,100.94,,,,
USC00043914,2021-04-09,75.02,98.96,100.94,,,,
USC00043914,2021-04-10,78.98,98.96,100.94,,,,
USC00043914,2021-04-11,78.08,98.96,100.94,,,,
USC00043914,2021-04-12,75.92,98.96,100.94,,,,
USC00043914,2021-04-13,71.96,98.96,100.94,,,,
USC00043914,2021-04-14,53.96,98.96,100.94,,,,
USC00043914,2021-04-15,62.06,98.96,100.94,,,,
USC00043914,2021-04-16,66.92,98.96,100.94,,,,
USC00043914,2021-04-17,69.98,98.96,100.94,,,,
USC00043914,2021-04-18,75.92,98.96,100.94,,,,
USC00043914,2021-04-19,75.92,98.96,100.94,,,,
USC00043914,2021-04-20,82.94,98.96,100.94,,,,
USC00043914,2021-04-21,75.92,98.96,100.94,,,,
USC00043914,2021-04-22,57.02,98.96,100.94,,,,
USC00043914,2021-04-23,53.96,98.96,100.94,,,,
USC00043914,2021-04-24,60.98,98.96,100.94,,,,
USC00043914,2021-04-25,68.0,98.96,100.94,,,,
USC00043914,2021-04-26,66.02,98.96,100.94,,,,
USC00043914,2021-04-27,53.06,98.96,100.94,,,,
USC00043914,2021-04-28,60.08,98.96,100.94,,,,
USC00043914,2021-04-29,78.08,98.96,100.94,,,,
USC00043914,2021-04-30,87.98,98.96,100.94,,,,
USC00043914,2021-05-01,91.04,98.96,100.94,0.0,0.0,0.0,0.0
USC00043914,2021-05-02,82.04,98.96,100.94,0.0,0.0,0.0,0.0
USC00043914,2021-05-03,62.06,98.96,100.94,0.0,0.0,0.0,0.0
USC00043914,2021-05-04,78.98,98.96,100.94,0.0,0.0,0.0,0.0
USC00043914,2021-05-05,86.0,98.96,100.94,0.0,0.0,0.0,0.0
USC00043914,2021-05-06,87.08,98.96,100.94,0.0,0.0,0.0,0.0
USC00043914,2021-05-07,82.94,98.96,100.94,0.0,0.0,0.0,0.0
USC00043914,2021-05-08,77.0,98.96,100.94,0.0,0.0,0.0,0.0
USC00043914,2021-05-09,75.92,98.96,100.94,0.0,0.0,0.0,0.0
USC00043914,2021-05-10,77.0,98.96,100.94,0.0,0.0,0.0,0.0
USC00043914,2021-05-11,73.04,98.96,100.94,0.0,0.0,0.0,0.0
USC00043914,2021-05-12,86.0,98.96,100.94,0.0,0.0,0.0,0.0
USC00043914,2021-05-13,87.08,98.96,100.94,0.0,0.0,0.0,0.0
USC00043914,2021-05-14,80.96,98.96,100.94,0.0,0.0,0.0,0.0
USC00043914,2021-05-15,80.96,98.96,100.94,0.0,0.0,0.0,0.0
USC00043914,2021-05-16,71.06,98.96,100.94,0.0,0.0,0.0,0.0
USC00043914,2021-05-17,55.04,98.96,100.94,0.0,0.0,0.0,0.0
USC00043914,2021-05-18,60.98,98.96,100.94,0.0,0.0,0.0,0.0
USC00043914,2021-05-19,75.02,98.96,100.94,0.0,0.0,0.0,0.0
USC00043914,2021-05-20,,98.96,100.94,,,,
USC00043914,2021-05-21,66.02,98.96,100.94,0.0,0.0,0.0,0.0
USC00043914,2021-05-22,62.06,98.96,100.94,0.0,0.0,0.0,0.0
USC00043914,2021-05-23,66.02,98.96,100.94,0.0,0.0,0.0,0.0
USC00043914,2021-05-24,75.02,98.96,100.94,0.0,0.0,0.0,0.0
USC00043914,2021-05-25,86.0,98.96,100.94,0.0,0.0,0.0,0.0
USC00043914,2021-05-26,84.92,98.96,100.94,0.0,0.0,0.0,0.0
USC00043914,2021-05-27,78.98,98.96,100.94,0.0,0.0,0.0,0.0
USC00043914,2021-05-28,78.98,98.96,100.94,0.0,0.0,0.0,0.0
USC00043914,2021-05-29,,98.96,100.94,,,,
USC00043914,2021-05-30,77.0,98.96,100.94,0.0,0.0,0.0,0.0
USC00043914,2021-05-31,80.96,98.96,100.94,0.0,0.0,0.0,0.0
USC00043914,2021-06-01,89.06,98.96,100.94,0.0,0.0,0.0,0.0
USC00043914,2021-06-02,95.0,98.96,100.94,0.0,0.0,0.0,0.0
USC00043914,2021-06-03,,98.96,100.94,,,,
USC00043914,2021-06-04,95.0,98.96,100.94,0.0,0.0,0.0,0.0
USC00043914,2021-06-05,,98.96,100.94,,,,
USC00043914,2021-06-06,,98.96,100.94,,,,
USC00043914,2021-06-07,,98.96,100.94,,,,
USC00043914,2021-06-08,71.96,98.96,100.94,0.0,0.0,0.0,0.0
USC00043914,2021-06-09,78.08,98.96,100.94,0.0,0.0,0.0,0.0
USC00043914,2021-06-10,80.06,98.96,100.94,0.0,0.0,0.0,0.0
USC00043914,2021-06-11,78.98,98.96,100.94,0.0,0.0,0.0,0.0
USC00043914,2021-06-12,87.08,98.96,100.94,0.0,0.0,0.0,0.0
USC00043914,2021-06-13,91.94,98.96,100.94,0.0,0.0,0.0,0.0
USC00043914,2021-06-14,95.0,98.96,100.94,0.0,0.0,0.0,0.0
USC00043914,2021-06-15,100.94,98.96,100.94,1.0,1.0,0.0,0.0
USC00043914,2021-06-16,105.08,98.96,100.94,1.0,1.0,1.0,0.0
USC00043914,2021-06-17,105.98,98.96,100.94,1.0,1.0,1.0,0.0
USC00043914,2021-06-18,100.04,98.96,100.94,1.0,1.0,0.0,0.0
USC00043914,2021-06-19,96.08,98.96,100.94,0.0,0.0,0.0,0.0
USC00043914,2021-06-20,96.98,98.96,100.94,0.0,0.0,0.0,0.0
USC00043914,2021-06-21,96.08,98.96,100.94,0.0,0.0,0.0,0.0
USC00043914,2021-06-22,95.0,98.96,100.94,0.0,0.0,0.0,0.0
USC00043914,2021-06-23,91.04,98.96,100.94,0.0,0.0,0.0,0.0
USC00043914,2021-06-24,87.08,98.96,100.94,0.0,0.0,0.0,0.0
USC00043914,2021-06-25,87.08,98.96,100.94,0.0,0.0,0.0,0.0
USC00043914,2021-06-26,89.06,98.96,100.94,0.0,0.0,0.0,0.0
USC00043914,2021-06-27,95.0,98.96,100.94,0.0,0.0,0.0,0.0
USC00043914,2021-06-28,104.0,98.96,100.94,1.0,0.0,1.0,0.0
USC00043914,2021-06-29,105.08,98.96,100.94,1.0,0.0,1.0,0.0
USC00043914,2021-06-30,95.0,98.96,100.94,0.0,0.0,0.0,0.0
USC00043914,2021-07-01,96.98,98.96,100.94,0.0,0.0,0.0,0.0
USC00043914,2021-07-02,98.06,98.96,100.94,0.0,0.0,0.0,0.0
USC00043914,2021-07-03,,98.96,100.94,,,,
USC00043914,2021-07-04,,98.96,100.94,,,,
USC00043914,2021-07-05,,98.96,100.94,,,,
USC00043914,2021-07-06,,98.96,100.94,,,,
USC00043914,2021-07-07,95.0,98.96,100.94,0.0,0.0,0.0,0.0
USC00043914,2021-07-08,98.96,98.96,100.94,0.0,0.0,0.0,0.0
USC00043914,2021-07-09,100.94,98.96,100.94,1.0,0.0,0.0,0.0
USC00043914,2021-07-10,98.06,98.96,100.94,0.0,0.0,0.0,0.0
USC00043914,2021-07-11,96.98,98.96,100.94,0.0,0.0,0.0,0.0
USC00043914,2021-07-12,96.08,98.96,100.94,0.0,0.0,0.0,0.0
USC00043914,2021-07-13,93.92,98.96,100.94,0.0,0.0,0.0,0.0
USC00043914,2021-07-14,98.06,98.96,100.94,0.0,0.0,0.0,0.0
USC00043914,2021-07-15,,98.96,100.94,,,,
USC00043914,2021-07-16,91.94,98.96,100.94,0.0,0.0,0.0,0.0
USC00043914,2021-07-17,93.92,98.96,100.94,0.0,0.0,0.0,0.0
USC00043914,2021-07-18,96.08,98.96,100.94,0.0,0.0,0.0,0.0
USC00043914,2021-07-19,96.08,98.96,100.94,0.0,0.0,0.0,0.0
USC00043914,2021-07-20,96.98,98.96,100.94,0.0,0.0,0.0,0.0
USC00043914,2021-07-21,96.08,98.96,100.94,0.0,0.0,0.0,0.0
USC00043914,2021-07-22,,98.96,100.94,,,,
USC00043914,2021-07-23,93.92,98.96,100.94,0.0,0.0,0.0,0.0
USC00043914,2021-07-24,93.02,98.96,100.94,0.0,0.0,0.0,0.0
USC00043914,2021-07-25,89.96,98.96,100.94,0.0,0.0,0.0,0.0
USC00043914,2021-07-26,89.06,98.96,100.94,0.0,0.0,0.0,0.0
USC00043914,2021-07-27,84.92,98.96,100.94,0.0,0.0,0.0,0.0
USC00043914,2021-07-28,93.92,98.96,100.94,0.0,0.0,0.0,0.0
USC00043914,2021-07-29,95.0,98.96,100.94,0.0,0.0,0.0,0.0
USC00043914,2021-07-30,98.06,98.96,100.94,0.0,0.0,0.0,0.0
USC00043914,2021-07-31,93.92,98.96,100.94,0.0,0.0,0.0,0.0
USC00043914,2021-08-01,96.08,98.96,100.94,0.0,0.0,0.0,0.0
USC00043914,2021-08-02,96.98,98.96,100.94,0.0,0.0,0.0,0.0
USC00043914,2021-08-03,,98.96,100.94,,,,
USC00043914,2021-08-04,102.92,98.96,100.94,1.0,1.0,1.0,
USC00043914,2021-08-05,105.08,98.96,100.94,1.0,1.0,1.0,
USC00043914,2021-08-06,100.94,98.96,100.94,1.0,1.0,0.0,0.0
USC00043914,2021-08-07,96.98,98.96,100.94,0.0,0.0,0.0,0.0
USC00043914,2021-08-08,93.92,98.96,100.94,0.0,0.0,0.0,0.0
USC00043914,2021-08-09,98.06,98.96,100.94,0.0,0.0,0.0,0.0
USC00043914,2021-08-10,96.98,98.96,100.94,0.0,0.0,0.0,0.0
USC00043914,2021-08-11,96.98,98.96,100.94,0.0,0.0,0.0,0.0
USC00043914,2021-08-12,93.92,98.96,100.94,0.0,0.0,0.0,0.0
USC00043914,2021-08-13,93.02,98.96,100.94,0.0,0.0,0.0,0.0
USC00043914,2021-08-14,,98.96,100.94,,,,
USC00043914,2021-08-15,,98.96,100.94,,,,
USC00043914,2021-08-16,,98.96,100.94,,,,
USC00043914,2021-08-17,,98.96,100.94,,,,
USC00043914,2021-08-18,89.06,98.96,100.94,0.0,0.0,0.0,0.0
USC00043914,2021-08-19,75.02,98.96,100.94,0.0,0.0,0.0,0.0
USC00043914,2021-08-20,80.96,98.96,100.94,0.0,0.0,0.0,0.0
USC00043914,2021-08-21,84.02,98.96,100.94,0.0,0.0,0.0,0.0
USC00043914,2021-08-22,73.94,98.96,100.94,0.0,0.0,0.0,0.0
USC00043914,2021-08-23,82.94,98.96,100.94,0.0,0.0,0.0,0.0
USC00043914,2021-08-24,87.98,98.96,100.94,0.0,0.0,0.0,0.0
USC00043914,2021-08-25,93.92,98.96,100.94,0.0,0.0,0.0,0.0
USC00043914,2021-08-26,96.08,98.96,100.94,0.0,0.0,0.0,0.0
USC00043914,2021-08-27,100.04,98.96,100.94,1.0,1.0,0.0,0.0
USC00043914,2021-08-28,102.02,98.96,100.94,1.0,1.0,1.0,0.0
USC00043914,2021-08-29,102.92,98.96,100.94,1.0,1.0,1.0,0.0
USC00043914,2021-08-30,100.94,98.96,100.94,1.0,1.0,0.0,0.0
USC00043914,2021-08-31,93.02,98.96,100.94,0.0,0.0,0.0,0.0
USC00043914,2021-09-01,82.94,98.96,100.94,0.0,0.0,0.0,0.0
USC00043914,2021-09-02,80.06,98.96,100.94,0.0,0.0,0.0,0.0
USC00043914,2021-09-03,87.98,98.96,100.94,0.0,0.0,0.0,0.0
USC00043914,2021-09-04,93.02,98.96,100.94,0.0,0.0,0.0,0.0
USC00043914,2021-09-05,93.02,98.96,100.94,0.0,0.0,0.0,0.0
USC00043914,2021-09-06,102.02,98.96,100.94,1.0,0.0,1.0,0.0
USC00043914,2021-09-07,100.94,98.96,100.94,1.0,0.0,0.0,0.0
USC00043914,2021-09-08,95.0,98.96,100.94,0.0,0.0,0.0,0.0
USC00043914,2021-09-09,100.04,98.96,100.94,1.0,0.0,0.0,0.0
USC00043914,2021-09-10,96.98,98.96,100.94,0.0,0.0,0.0,0.0
USC00043914,2021-09-11,96.08,98.96,100.94,0.0,0.0,0.0,0.0
USC00043914,2021-09-12,96.98,98.96,100.94,0.0,0.0,0.0,0.0
USC00043914,2021-09-13,98.06,98.96,100.94,0.0,0.0,0.0,0.0
USC00043914,2021-09-14,98.06,98.96,100.94,0.0,0.0,0.0,0.0
USC00043914,2021-09-15,93.02,98.96,100.94,0.0,0.0,0.0,0.0
USC00043914,2021-09-16,91.04,98.96,100.94,0.0,0.0,0.0,0.0
USC00043914,2021-09-17,87.98,98.96,100.94,0.0,0.0,0.0,0.0
USC00043914,2021-09-18,87.08,98.96,100.94,0.0,0.0,0.0,0.0
USC00043914,2021-09-19,87.08,98.96,100.94,0.0,0.0,0.0,0.0
USC00043914,2021-09-20,84.92,98.96,100.94,0.0,0.0,0.0,0.0
USC00043914,2021-09-21,89.06,98.96,100.94,0.0,0.0,0.0,0.0
USC00043914,2021-09-22,96.08,98.96,100.94,0.0,0.0,0.0,0.0
USC00043914,2021-09-23,96.98,98.96,100.94,0.0,0.0,0.0,0.0
USC00043914,2021-09-24,91.94,98.96,100.94,0.0,0.0,0.0,0.0
USC00043914,2021-09-25,86.0,98.96,100.94,0.0,0.0,0.0,0.0
USC00043914,2021-09-26,84.02,98.96,100.94,0.0,0.0,0.0,0.0
USC00043914,2021-09-27,78.98,98.96,100.94,0.0,0.0,0.0,0.0
USC00043914,2021-09-28,77.0,98.96,100.94,0.0,0.0,0.0,0.0
USC00043914,2021-09-29,73.04,98.96,100.94,0.0,0.0,0.0,0.0
USC00043914,2021-09-30,77.0,98.96,100.94,0.0,0.0,0.0,0.0
USC00043914,2021-10-01,87.08,98.96,100.94,,,,
USC00043914,2021-10-02,87.98,98.96,100.94,,,,
USC00043914,2021-10-03,86.0,98.96,100.94,,,,
USC00043914,2021-10-04,87.98,98.96,100.94,,,,
USC00043914,2021-10-05,89.06,98.96,100.94,,,,
USC00043914,2021-10-06,73.94,98.96,100.94,,,,
USC00043914,2021-10-07,71.96,98.96,100.94,,,,
USC00043914,2021-10-08,64.94,98.96,100.94,,,,
USC00043914,2021-10-09,57.92,98.96,100.94,,,,
USC00043914,2021-10-10,69.08,98.96,100.94,,,,
USC00043914,2021-10-11,78.98,98.96,100.94,,,,
USC00043914,2021-10-12,64.04,98.96,100.94,,,,
USC00043914,2021-10-13,64.04,98.96,100.94,,,,
USC00043914,2021-10-14,71.06,98.96,100.94,,,,
USC00043914,2021-10-15,77.0,98.96,100.94,,,,
USC00043914,2021-10-16,75.02,98.96,100.94,,,,
USC00043914,2021-10-17,78.98,98.96,100.94,,,,
USC00043914,2021-10-18,77.0,98.96,100.94,,,,
USC00043914,2021-10-19,53.96,98.96,100.94,,,,
USC00043914,2021-10-20,69.08,98.96,100.94,,,,
USC00043914,2021-10-21,78.08,98.96,100.94,,,,
USC00043914,2021-10-22,84.02,98.96,100.94,,,,
USC00043914,2021-10-23,77.0,98.96,100.94,,,,
USC00043914,2021-10-24,66.02,98.96,100.94,,,,
USC00043914,2021-10-25,73.94,98.96,100.94,,,,
USC00043914,2021-10-26,57.02,98.96,100.94,,,,
USC00043914,2021-10-27,66.02,98.96,100.94,,,,
USC00043914,2021-10-28,77.0,98.96,100.94,,,,
USC00043914,2021-10-29,82.04,98.96,100.94,,,,
USC00043914,2021-10-30,84.02,98.96,100.94,,,,
USC00043914,2021-10-31,78.08,98.96,100.94,,,,
USC00043914,2021-11-01,73.04,98.96,100.94,,,,
USC00043914,2021-11-02,71.06,98.96,100.94,,,,
USC00043914,2021-11-03,75.02,98.96,100.94,,,,
USC00043914,2021-11-04,84.02,98.96,100.94,,,,
USC00043914,2021-11-05,84.02,98.96,100.94,,,,
USC00043914,2021-11-06,84.92,98.96,100.94,,,,
USC00043914,2021-11-07,80.96,98.96,100.94,,,,
USC00043914,2021-11-08,77.0,98.96,100.94,,,,
USC00043914,2021-11-09,73.04,98.96,100.94,,,,
USC00043914,2021-11-10,71.06,98.96,100.94,,,,
USC00043914,2021-11-11,,98.96,100.94,,,,
USC00043914,2021-11-12,,98.96,100.94,,,,
USC00043914,2021-11-13,82.04,98.96,100.94,,,,
USC00043914,2021-11-14,86.0,98.96,100.94,,,,
USC00043914,2021-11-15,84.02,98.96,100.94,,,,
USC00043914,2021-11-16,84.92,98.96,100.94,,,,
USC00043914,2021-11-17,,98.96,100.94,,,,
USC00043914,2021-11-18,75.92,98.96,100.94,,,,
USC00043914,2021-11-19,78.08,98.96,100.94,,,,
USC00043914,2021-11-20,73.94,98.96,100.94,,,,
USC00043914,2021-11-21,71.96,98.96,100.94,,,,
USC00043914,2021-11-22,73.04,98.96,100.94,,,,
USC00043914,2021-11-23,73.04,98.96,100.94,,,,
USC00043914,2021-11-24,69.08,98.96,100.94,,,,
USC00043914,2021-11-25,71.06,98.96,100.94,,,,
USC00043914,2021-11-26,64.94,98.96,100.94,,,,
USC00043914,2021-11-27,71.96,98.96,100.94,,,,
USC00043914,2021-11-28,,98.96,100.94,,,,
USC00043914,2021-11-29,77.0,98.96,100.94,,,,
USC00043914,2021-11-30,82.04,98.96,100.94,,,,
USC00043914,2021-12-01,82.04,98.96,100.94,,,,
USC00043914,2021-12-02,78.08,98.96,100.94,,,,
USC00043914,2021-12-03,78.08,98.96,100.94,,,,
USC00043914,2021-12-04,75.02,98.96,100.94,,,,
USC00043914,2021-12-05,73.04,98.96,100.94,,,,
USC00043914,2021-12-06,73.94,98.96,100.94,,,,
USC00043914,2021-12-07,75.92,98.96,100.94,,,,
USC00043914,2021-12-08,51.08,98.96,100.94,,,,
USC00043914,2021-12-09,64.94,98.96,100.94,,,,
USC00043914,2021-12-10,64.94,98.96,100.94,,,,
USC00043914,2021-12-11,51.08,98.96,100.94,,,,
USC00043914,2021-12-12,60.98,98.96,100.94,,,,
USC00043914,2021-12-13,62.96,98.96,100.94,,,,
USC00043914,2021-12-14,51.98,98.96,100.94,,,,
USC00043914,2021-12-15,51.08,98.96,100.94,,,,
USC00043914,2021-12-16,50.0,98.96,100.94,,,,
USC00043914,2021-12-17,50.0,98.96,100.94,,,,
USC00043914,2021-12-18,,98.96,100.94,,,,
USC00043914,2021-12-19,,98.96,100.94,,,,
USC00043914,2021-12-20,66.02,98.96,100.94,,,,
USC00043914,2021-12-21,64.04,98.96,100.94,,,,
USC00043914,2021-12-22,62.06,98.96,100.94,,,,
USC00043914,2021-12-23,66.92,98.96,100.94,,,,
USC00043914,2021-12-24,51.98,98.96,100.94,,,,
USC00043914,2021-12-25,51.08,98.96,100.94,,,,
USC00043914,2021-12-26,48.02,98.96,100.94,,,,
USC00043914,2021-12-27,48.92,98.96,100.94,,,,
USC00043914,2021-12-28,46.94,98.96,100.94,,,,
USC00043914,2021-12-29,41.0,98.96,100.94,,,,
USC00043914,2021-12-30,44.96,98.96,100.94,,,,
USC00043914,2021-12-31,55.04,98.96,100.94,,,,
USC00043914,2022-01-01,50.0,98.96,100.94,,,,
USC00043914,2022-01-02,51.98,98.96,100.94,,,,
USC00043914,2022-01-03,57.92,98.96,100.94,,,,
USC00043914,2022-01-04,62.96,98.96,100.94,,,,
USC00043914,2022-01-05,64.04,98.96,100.94,,,,
USC00043914,2022-01-06,71.96,98.96,100.94,,,,
USC00043914,2022-01-07,75.02,98.96,100.94,,,,
USC00043914,2022-01-08,66.02,98.96,100.94,,,,
USC00043914,2022-01-09,60.08,98.96,100.94,,,,
USC00043914,2022-01-10,60.98,98.96,100.94,,,,
USC00043914,2022-01-11,62.96,98.96,100.94,,,,
USC00043914,2022-01-12,64.94,98.96,100.94,,,,
USC00043914,2022-01-13,66.02,98.96,100.94,,,,
USC00043914,2022-01-14,64.94,98.96,100.94,,,,
USC00043914,2022-01-15,71.06,98.96,100.94,,,,
USC00043914,2022-01-16,59.0,98.96,100.94,,,,
USC00043914,2022-01-17,66.02,98.96,100.94,,,,
USC00043914,2022-01-18,62.96,98.96,100.94,,,,
USC00043914,2022-01-19,,98.96,100.94,,,,
USC00043914,2022-01-20,60.98,98.96,100.94,,,,
USC00043914,2022-01-21,69.08,98.96,100.94,,,,
USC00043914,2022-01-22,64.04,98.96,100.94,,,,
USC00043914,2022-01-23,60.98,98.96,100.94,,,,
USC00043914,2022-01-24,66.92,98.96,100.94,,,,
USC00043914,2022-01-25,66.92,98.96,100.94,,,,
USC00043914,2022-01-26,66.92,98.96,100.94,,,,
USC00043914,2022-01-27,60.98,98.96,100.94,,,,
USC00043914,2022-01-28,62.96,98.96,100.94,,,,
USC00043914,2022-01-29,57.92,98.96,100.94,,,,
USC00043914,2022-01-30,60.08,98.96,100.94,,,,
USC00043914,2022-01-31,69.08,98.96,100.94,,,,
USC00043914,2022-02-01,62.96,98.96,100.94,,,,
USC00043914,2022-02-02,51.98,98.96,100.94,,,,
USC00043914,2022-02-03,55.94,98.96,100.94,,,,
USC00043914,2022-02-04,57.92,98.96,100.94,,,,
USC00043914,2022-02-05,53.06,98.96,100.94,,,,
USC00043914,2022-02-06,60.08,98.96,100.94,,,,
USC00043914,2022-02-07,71.06,98.96,100.94,,,,
USC00043914,2022-02-08,64.94,98.96,100.94,,,,
USC00043914,2022-02-09,73.94,98.96,100.94,,,,
USC00043914,2022-02-10,,98.96,100.94,,,,
USC00043914,2022-02-11,73.94,98.96,100.94,,,,
USC00043914,2022-02-12,78.08,98.96,100.94,,,,
USC00043914,2022-02-13,73.04,98.96,100.94,,,,
USC00043914,2022-02-14,78.08,98.96,100.94,,,,
USC00043914,2022-02-15,75.92,98.96,100.94,,,,
USC00043914,2022-02-16,48.92,98.96,100.94,,,,
USC00043914,2022-02-17,55.94,98.96,100.94,,,,
USC00043914,2022-02-18,60.98,98.96,100.94,,,,
USC00043914,2022-02-19,64.94,98.96,100.94,,,,
USC00043914,2022-02-20,68.0,98.96,100.94,,,,
USC00043914,2022-02-21,68.0,98.96,100.94,,,,
USC00043914,2022-02-22,51.98,98.96,100.94,,,,
USC00043914,2022-02-23,46.04,98.96,100.94,,,,
USC00043914,2022-02-24,44.96,98.96,100.94,,,,
USC00043914,2022-02-25,,98.96,100.94,,,,
USC00043914,2022-02-26,59.0,98.96,100.94,,,,
USC00043914,2022-02-27,60.08,98.96,100.94,,,,
USC00043914,2022-02-28,62.96,98.96,100.94,,,,
USC00043914,2022-03-01,73.94,98.96,100.94,,,,
USC00043914,2022-03-02,80.06,98.96,100.94,,,,
USC00043914,2022-03-03,78.98,98.96,100.94,,,,
USC00043914,2022-03-04,71.06,98.96,100.94,,,,
USC00043914,2022-03-05,53.06,98.96,100.94,,,,
USC00043914,2022-03-06,44.96,98.96,100.94,,,,
USC00043914,2022-03-07,53.96,98.96,100.94,,,,
USC00043914,2022-03-08,,98.96,100.94,,,,
USC00043914,2022-03-09,62.06,98.96,100.94,,,,
USC00043914,2022-03-10,62.96,98.96,100.94,,,,
USC00043914,2022-03-11,62.06,98.96,100.94,,,,
USC00043914,2022-03-12,62.06,98.96,100.94,,,,
USC00043914,2022-03-13,71.96,98.96,100.94,,,,
USC00043914,2022-03-14,66.02,98.96,100.94,,,,
USC00043914,2022-03-15,75.92,98.96,100.94,,,,
USC00043914,2022-03-16,77.0,98.96,100.94,,,,
USC00043914,2022-03-17,,98.96,100.94,,,,
USC00043914,2022-03-18,75.02,98.96,100.94,,,,
USC00043914,2022-03-19,73.94,98.96,100.94,,,,
USC00043914,2022-03-20,68.0,98.96,100.94,,,,
USC00043914,2022-03-21,60.08,98.96,100.94,,,,
USC00043914,2022-03-22,71.06,98.96,100.94,,,,
USC00043914,2022-03-23,78.98,98.96,100.94,,,,
USC00043914,2022-03-24,75.02,98.96,100.94,,,,
USC00043914,2022-03-25,82.04,98.96,100.94,,,,
USC00043914,2022-03-26,86.0,98.96,100.94,,,,
USC00043914,2022-03-27,80.96,98.96,100.94,,,,
USC00043914,2022-03-28,73.04,98.96,100.94,,,,
USC00043914,2022-03-29,60.08,98.96,100.94,,,,
USC00043914,2022-03-30,55.94,98.96,100.94,,,,
USC00043914,2022-03-31,68.0,98.96,100.94,,,,
USC00043914,2022-04-01,59.0,98.96,100.94,,,,
USC00043914,2022-04-02,69.08,98.96,100.94,,,,
USC00043914,2022-04-03,66.02,98.96,100.94,,,,
USC00043914,2022-04-04,55.94,98.96,100.94,,,,
USC00043914,2022-04-05,75.02,98.96,100.94,,,,
USC00043914,2022-04-06,78.98,98.96,100.94,,,,
USC00043914,2022-04-07,82.04,98.96,100.94,,,,
USC00043914,2022-04-08,82.04,98.96,100.94,,,,
USC00043914,2022-04-09,87.98,98.96,100.94,,,,
USC00043914,2022-04-10,82.04,98.96,100.94,,,,
USC00043914,2022-04-11,69.08,98.96,100.94,,,,
USC00043914,2022-04-12,64.04,98.96,100.94,,,,
USC00043914,2022-04-13,60.98,98.96,100.94,,,,
USC00043914,2022-04-14,68.0,98.96,100.94,,,,
USC00043914,2022-04-15,69.98,98.96,100.94,,,,
USC00043914,2022-04-16,71.96,98.96,100.94,,,,
USC00043914,2022-04-17,66.02,98.96,100.94,,,,
USC00043914,2022-04-18,80.96,98.96,100.94,,,,
USC00043914,2022-04-19,80.96,98.96,100.94,,,,
USC00043914,2022-04-20,73.94,98.96,100.94,,,,
USC00043914,2022-04-21,66.92,98.96,100.94,,,,
USC00043914,2022-04-22,,98.96,100.94,,,,
USC00043914,2022-04-23,55.04,98.96,100.94,,,,
USC00043914,2022-04-24,73.04,98.96,100.94,,,,
USC00043914,2022-04-25,77.0,98.96,100.94,,,,
USC00043914,2022-04-26,80.96,98.96,100.94,,,,
USC00043914,2022-04-27,80.06,98.96,100.94,,,,
USC00043914,2022-04-28,71.96,98.96,100.94,,,,
USC00043914,2022-04-29,66.92,98.96,100.94,,,,
USC00043914,2022-04-30,,98.96,100.94,,,,
USC00043914,2022-05-01,82.94,98.96,100.94,0.0,0.0,0.0,0.0
USC00043914,2022-05-02,71.96,98.96,100.94,0.0,0.0,0.0,0.0
USC00043914,2022-05-03,77.0,98.96,100.94,0.0,0.0,0.0,0.0
USC00043914,2022-05-04,73.94,98.96,100.94,0.0,0.0,0.0,0.0
USC00043914,2022-05-05,84.02,98.96,100.94,0.0,0.0,0.0,0.0
USC00043914,2022-05-06,84.02,98.96,100.94,0.0,0.0,0.0,0.0
USC00043914,2022-05-07,84.02,98.96,100.94,0.0,0.0,0.0,0.0
USC00043914,2022-05-08,77.0,98.96,100.94,0.0,0.0,0.0,0.0
USC00043914,2022-05-09,64.04,98.96,100.94,0.0,0.0,0.0,0.0
USC00043914,2022-05-10,66.02,98.96,100.94,0.0,0.0,0.0,0.0
USC00043914,2022-05-11,66.92,98.96,100.94,0.0,0.0,0.0,0.0
USC00043914,2022-05-12,64.94,98.96,100.94,0.0,0.0,0.0,0.0
USC00043914,2022-05-13,78.98,98.96,100.94,0.0,0.0,0.0,0.0
USC00043914,2022-05-14,91.04,98.96,100.94,0.0,0.0,0.0,0.0
USC00043914,2022-05-15,93.02,98.96,100.94,0.0,0.0,0.0,0.0
USC00043914,2022-05-16,87.98,98.96,100.94,0.0,0.0,0.0,0.0
USC00043914,2022-05-17,80.96,98.96,100.94,0.0,0.0,0.0,0.0
USC00043914,2022-05-18,78.08,98.96,100.94,0.0,0.0,0.0,0.0
USC00043914,2022-05-19,84.92,98.96,100.94,0.0,0.0,0.0,0.0
USC00043914,2022-05-20,82.94,98.96,100.94,0.0,0.0,0.0,0.0
USC00043914,2022-05-21,57.92,98.96,100.94,0.0,0.0,0.0,0.0
USC00043914,2022-05-22,64.94,98.96,100.94,0.0,0.0,0.0,0.0
USC00043914,2022-05-23,77.0,98.96,100.94,0.0,0.0,0.0,0.0
USC00043914,2022-05-24,78.98,98.96,100.94,0.0,0.0,0.0,0.0
USC00043914,2022-05-25,91.94,98.96,100.94,0.0,0.0,0.0,0.0
USC00043914,2022-05-26,93.02,98.96,100.94,0.0,0.0,0.0,0.0
USC00043914,2022-05-27,89.06,98.96,100.94,0.0,0.0,0.0,0.0
USC00043914,2022-05-28,78.98,98.96,100.94,0.0,0.0,0.0,0.0
USC00043914,2022-05-29,69.08,98.96,100.94,0.0,0.0,0.0,0.0
USC00043914,2022-05-30,71.06,98.96,100.94,0.0,0.0,0.0,0.0
USC00043914,2022-05-31,78.08,98.96,100.94,0.0,0.0,0.0,0.0
USC00043914,2022-06-01,80.06,98.96,100.94,0.0,0.0,0.0,0.0
USC00043914,2022-06-02,89.06,98.96,100.94,0.0,0.0,0.0,0.0
USC00043914,2022-06-03,89.96,98.96,100.94,0.0,0.0,0.0,0.0
USC00043914,2022-06-04,84.92,98.96,100.94,0.0,0.0,0.0,0.0
USC00043914,2022-06-05,78.08,98.96,100.94,0.0,0.0,0.0,0.0
USC00043914,2022-06-06,82.94,98.96,100.94,0.0,0.0,0.0,0.0
USC00043914,2022-06-07,86.0,98.96,100.94,0.0,0.0,0.0,0.0
USC00043914,2022-06-08,89.96,98.96,100.94,0.0,0.0,0.0,0.0
USC00043914,2022-06-09,95.0,98.96,100.94,0.0,0.0,0.0,0.0
USC00043914,2022-06-10,98.06,98.96,100.94,0.0,0.0,0.0,0.0
USC00043914,2022-06-11,96.98,98.96,100.94,0.0,0.0,0.0,0.0
USC00043914,2022-06-12,96.98,98.96,100.94,0.0,0.0,0.0,0.0
USC00043914,2022-06-13,89.96,98.96,100.94,0.0,0.0,0.0,0.0
USC00043914,2022-06-14,,98.96,100.94,,,,
USC00043914,2022-06-15,,98.96,100.94,,,,
USC00043914,2022-06-16,96.98,98.96,100.94,0.0,0.0,0.0,0.0
USC00043914,2022-06-17,96.98,98.96,100.94,0.0,0.0,0.0,0.0
USC00043914,2022-06-18,82.04,98.96,100.94,0.0,0.0,0.0,0.0
USC00043914,2022-06-19,77.0,98.96,100.94,0.0,0.0,0.0,0.0
USC00043914,2022-06-20,82.04,98.96,100.94,0.0,0.0,0.0,0.0
USC00043914,2022-06-21,93.02,98.96,100.94,0.0,0.0,0.0,0.0
USC00043914,2022-06-22,93.02,98.96,100.94,0.0,0.0,0.0,0.0
USC00043914,2022-06-23,95.0,98.96,100.94,0.0,0.0,0.0,0.0
USC00043914,2022-06-24,93.92,98.96,100.94,0.0,0.0,0.0,0.0
USC00043914,2022-06-25,96.98,98.96,100.94,0.0,0.0,0.0,0.0
USC00043914,2022-06-26,96.08,98.96,100.94,0.0,0.0,0.0,0.0
USC00043914,2022-06-27,100.94,98.96,100.94,1.0,0.0,0.0,0.0
USC00043914,2022-06-28,98.96,98.96,100.94,0.0,0.0,0.0,0.0
USC00043914,2022-06-29,96.98,98.96,100.94,0.0,0.0,0.0,0.0
USC00043914,2022-06-30,96.08,98.96,100.94,0.0,0.0,0.0,0.0
USC00043914,2022-07-01,93.92,98.96,100.94,0.0,0.0,0.0,0.0
USC00043914,2022-07-02,91.94,98.96,100.94,0.0,0.0,0.0,0.0
USC00043914,2022-07-03,89.06,98.96,100.94,0.0,0.0,0.0,0.0
USC00043914,2022-07-04,84.02,98.96,100.94,0.0,0.0,0.0,0.0
USC00043914,2022-07-05,82.94,98.96,100.94,0.0,0.0,0.0,0.0
USC00043914,2022-07-06,84.92,98.96,100.94,0.0,0.0,0.0,0.0
USC00043914,2022-07-07,87.08,98.96,100.94,0.0,0.0,0.0,0.0
USC00043914,2022-07-08,91.94,98.96,100.94,0.0,0.0,0.0,0.0
USC00043914,2022-07-09,91.04,98.96,100.94,0.0,0.0,0.0,0.0
USC00043914,2022-07-10,95.0,98.96,100.94,0.0,0.0,0.0,0.0
USC00043914,2022-07-11,96.98,98.96,100.94,0.0,0.0,0.0,0.0
USC00043914,2022-07-12,96.08,98.96,100.94,0.0,0.0,0.0,0.0
USC00043914,2022-07-13,,98.96,100.94,,,,
USC00043914,2022-07-14,98.06,98.96,100.94,0.0,0.0,0.0,0.0
USC00043914,2022-07-15,98.06,98.96,100.94,0.0,0.0,0.0,0.0
USC00043914,2022-07-16,102.92,98.96,100.94,1.0,0.0,1.0,0.0
USC00043914,2022-07-17,102.02,98.96,100.94,1.0,0.0,1.0,0.0
USC00043914,2022-07-18,98.06,98.96,100.94,0.0,0.0,0.0,0.0
USC00043914,2022-07-19,95.0,98.96,100.94,0.0,0.0,0.0,0.0
USC00043914,2022-07-20,96.08,98.96,100.94,0.0,0.0,0.0,0.0
USC00043914,2022-07-21,93.92,98.96,100.94,0.0,0.0,0.0,0.0
USC00043914,2022-07-22,96.08,98.96,100.94,0.0,0.0,0.0,0.0
USC00043914,2022-07-23,95.0,98.96,100.94,0.0,0.0,0.0,0.0
USC00043914,2022-07-24,96.98,98.96,100.94,0.0,0.0,0.0,0.0
USC00043914,2022-07-25,96.08,98.96,100.94,0.0,0.0,0.0,0.0
USC00043914,2022-07-26,93.92,98.96,100.94,0.0,0.0,0.0,0.0
USC00043914,2022-07-27,91.94,98.96,100.94,0.0,0.0,0.0,0.0
USC00043914,2022-07-28,95.0,98.96,100.94,0.0,0.0,0.0,0.0
USC00043914,2022-07-29,93.92,98.96,100.94,0.0,0.0,0.0,0.0
USC00043914,2022-07-30,93.92,98.96,100.94,0.0,0.0,0.0,0.0
USC00043914,2022-07-31,93.92,98.96,100.94,0.0,0.0,0.0,0.0
USC00043914,2022-08-01,93.02,98.96,100.94,0.0,0.0,0.0,0.0
USC00043914,2022-08-02,96.08,98.96,100.94,0.0,0.0,0.0,0.0
USC00043914,2022-08-03,91.94,98.96,100.94,0.0,0.0,0.0,0.0
USC00043914,2022-08-04,93.92,98.96,100.94,0.0,0.0,0.0,0.0
USC00043914,2022-08-05,89.96,98.96,100.94,0.0,0.0,0.0,0.0
USC00043914,2022-08-06,93.02,98.96,100.94,0.0,0.0,0.0,0.0
USC00043914,2022-08-07,96.08,98.96,100.94,0.0,0.0,0.0,0.0
USC00043914,2022-08-08,98.06,98.96,100.94,0.0,0.0,0.0,0.0
USC00043914,2022-08-09,95.0,98.96,100.94,0.0,0.0,0.0,0.0
USC00043914,2022-08-10,96.08,98.96,100.94,0.0,0.0,0.0,0.0
USC00043914,2022-08-11,96.08,98.96,100.94,0.0,0.0,0.0,0.0
USC00043914,2022-08-12,98.06,98.96,100.94,0.0,0.0,0.0,0.0
USC00043914,2022-08-13,98.96,98.96,100.94,0.0,0.0,0.0,0.0
USC00043914,2022-08-14,98.06,98.96,100.94,0.0,0.0,0.0,0.0
USC00043914,2022-08-15,95.0,98.96,100.94,0.0,0.0,0.0,0.0
USC00043914,2022-08-16,98.06,98.96,100.94,0.0,0.0,0.0,0.0
USC00043914,2022-08-17,98.96,98.96,100.94,0.0,0.0,0.0,0.0
USC00043914,2022-08-18,96.98,98.96,100.94,0.0,0.0,0.0,0.0
USC00043914,2022-08-19,95.0,98.96,100.94,0.0,0.0,0.0,0.0
USC00043914,2022-08-20,98.06,98.96,100.94,0.0,0.0,0.0,0.0
USC00043914,2022-08-21,93.92,98.96,100.94,0.0,0.0,0.0,0.0
USC00043914,2022-08-22,91.04,98.96,100.94,0.0,0.0,0.0,0.0
USC00043914,2022-08-23,95.0,98.96,100.94,0.0,0.0,0.0,0.0
USC00043914,2022-08-24,102.02,98.96,100.94,1.0,0.0,1.0,0.0
USC00043914,2022-08-25,95.0,98.96,100.94,0.0,0.0,0.0,0.0
USC00043914,2022-08-26,93.02,98.96,100.94,0.0,0.0,0.0,0.0
USC00043914,2022-08-27,95.0,98.96,100.94,0.0,0.0,0.0,0.0
USC00043914,2022-08-28,91.94,98.96,100.94,0.0,0.0,0.0,0.0
USC00043914,2022-08-29,87.98,98.96,100.94,0.0,0.0,0.0,0.0
USC00043914,2022-08-30,95.0,98.96,100.94,0.0,0.0,0.0,0.0
USC00043914,2022-08-31,100.04,98.96,100.94,1.0,1.0,0.0,0.0
USC00043914,2022-09-01,105.08,98.96,100.94,1.0,1.0,1.0,1.0
USC00043914,2022-09-02,104.0,98.96,100.94,1.0,1.0,1.0,1.0
USC00043914,2022-09-03,102.92,98.96,100.94,1.0,1.0,1.0,1.0
USC00043914,2022-09-04,100.04,98.96,100.94,1.0,1.0,0.0,0.0
USC00043914,2022-09-05,98.96,98.96,100.94,0.0,0.0,0.0,0.0
USC00043914,2022-09-06,100.04,98.96,100.94,1.0,,0.0,0.0
USC00043914,2022-09-07,,98.96,100.94,,,,
USC00043914,2022-09-08,,98.96,100.94,,,,
USC00043914,2022-09-09,91.94,98.96,100.94,0.0,0.0,0.0,0.0
USC00043914,2022-09-10,73.94,98.96,100.94,0.0,0.0,0.0,0.0
USC00043914,2022-09-11,75.92,98.96,100.94,0.0,0.0,0.0,0.0
USC00043914,2022-09-12,84.92,98.96,100.94,0.0,0.0,0.0,0.0
USC00043914,2022-09-13,80.96,98.96,100.94,0.0,0.0,0.0,0.0
USC00043914,2022-09-14,80.06,98.96,100.94,0.0,0.0,0.0,0.0
USC00043914,2022-09-15,78.98,98.96,100.94,0.0,0.0,0.0,0.0
USC00043914,2022-09-16,80.96,98.96,100.94,0.0,0.0,0.0,0.0
USC00043914,2022-09-17,82.94,98.96,100.94,0.0,0.0,0.0,0.0
USC00043914,2022-09-18,87.98,98.96,100.94,0.0,0.0,0.0,0.0
USC00043914,2022-09-19,80.06,98.96,100.94,0.0,0.0,0.0,0.0
USC00043914,2022-09-20,84.92,98.96,100.94,0.0,0.0,0.0,0.0
USC00043914,2022-09-21,87.08,98.96,100.94,0.0,0.0,0.0,0.0
USC00043914,2022-09-22,84.02,98.96,100.94,0.0,0.0,0.0,0.0
USC00043914,2022-09-23,89.96,98.96,100.94,0.0,0.0,0.0,0.0
USC00043914,2022-09-24,93.02,98.96,100.94,0.0,0.0,0.0,0.0
USC00043914,2022-09-25,95.0,98.96,100.94,0.0,0.0,0.0,0.0
USC00043914,2022-09-26,96.98,98.96,100.94,0.0,0.0,0.0,0.0
USC00043914,2022-09-27,98.06,98.96,100.94,0.0,0.0,0.0,0.0
USC00043914,2022-09-28,100.04,98.96,100.94,1.0,0.0,0.0,0.0
USC00043914,2022-09-29,93.02,98.96,100.94,0.0,0.0,0.0,0.0
USC00043914,2022-09-30,93.02,98.96,100.94,0.0,0.0,0.0,0.0
USC00043914,2022-10-01,87.98,98.96,100.94,,,,
USC00043914,2022-10-02,84.02,98.96,100.94,,,,
USC00043914,2022-10-03,87.08,98.96,100.94,,,,
USC00043914,2022-10-04,,98.96,100.94,,,,
USC00043914,2022-10-05,,98.96,100.94,,,,
USC00043914,2022-10-06,93.02,98.96,100.94,,,,
USC00043914,2022-10-07,89.06,98.96,100.94,,,,
USC00043914,2022-10-08,86.0,98.96,100.94,,,,
USC00043914,2022-10-09,86.0,98.96,100.94,,,,
USC00043914,2022-10-10,86.0,98.96,100.94,,,,
USC00043914,2022-10-11,86.0,98.96,100.94,,,,
USC00043914,2022-10-12,80.96,98.96,100.94,,,,
USC00043914,2022-10-13,80.96,98.96,100.94,,,,
USC00043914,2022-10-14,84.92,98.96,100.94,,,,
USC00043914,2022-10-15,82.04,98.96,100.94,,,,
USC00043914,2022-10-16,62.96,98.96,100.94,,,,
USC00043914,2022-10-17,68.0,98.96,100.94,,,,
USC00043914,2022-10-18,82.94,98.96,100.94,,,,
USC00043914,2022-10-19,80.06,98.96,100.94,,,,
USC00043914,2022-10-20,80.96,98.96,100.94,,,,
USC00043914,2022-10-21,82.94,98.96,100.94,,,,
USC00043914,2022-10-22,82.04,98.96,100.94,,,,
USC00043914,2022-10-23,64.94,98.96,100.94,,,,
USC00043914,2022-10-24,62.96,98.96,100.94,,,,
USC00043914,2022-10-25,66.92,98.96,100.94,,,,
USC00043914,2022-10-26,75.92,98.96,100.94,,,,
USC00043914,2022-10-27,71.06,98.96,100.94,,,,
USC00043914,2022-10-28,71.96,98.96,100.94,,,,
USC00043914,2022-10-29,73.94,98.96,100.94,,,,
USC00043914,2022-10-30,78.98,98.96,100.94,,,,
USC00043914,2022-10-31,80.96,98.96,100.94,,,,
USC00043914,2022-11-01,78.98,98.96,100.94,,,,
USC00043914,2022-11-02,69.98,98.96,100.94,,,,
USC00043914,2022-11-03,57.02,98.96,100.94,,,,
USC00043914,2022-11-04,53.96,98.96,100.94,,,,
USC00043914,2022-11-05,64.04,98.96,100.94,,,,
USC00043914,2022-11-06,71.96,98.96,100.94,,,,
USC00043914,2022-11-07,69.98,98.96,100.94,,,,
USC00043914,2022-11-08,59.0,98.96,100.94,,,,
USC00043914,2022-11-09,55.04,98.96,100.94,,,,
USC00043914,2022-11-10,55.04,98.96,100.94,,,,
USC00043914,2022-11-11,62.96,98.96,100.94,,,,
USC00043914,2022-11-12,60.98,98.96,100.94,,,,
USC00043914,2022-11-13,64.04,98.96,100.94,,,,
USC00043914,2022-11-14,53.06,98.96,100.94,,,,
USC00043914,2022-11-15,66.02,98.96,100.94,,,,
USC00043914,2022-11-16,62.06,98.96,100.94,,,,
USC00043914,2022-11-17,60.98,98.96,100.94,,,,
USC00043914,2022-11-18,64.04,98.96,100.94,,,,
USC00043914,2022-11-19,66.92,98.96,100.94,,,,
USC00043914,2022-11-20,62.96,98.96,100.94,,,,
USC00043914,2022-11-21,66.92,98.96,100.94,,,,
USC00043914,2022-11-22,66.02,98.96,100.94,,,,
USC00043914,2022-11-23,69.98,98.96,100.94,,,,
USC00043914,2022-11-24,71.96,98.96,100.94,,,,
USC00043914,2022-11-25,64.04,98.96,100.94,,,,
USC00043914,2022-11-26,66.02,98.96,100.94,,,,
USC00043914,2022-11-27,66.92,98.96,100.94,,,,
USC00043914,2022-11-28,69.98,98.96,100.94,,,,
USC00043914,2022-11-29,53.96,98.96,100.94,,,,
USC00043914,2022-11-30,60.98,98.96,100.94,,,,
USC00043914,2022-12-01,60.98,98.96,100.94,,,,
USC00043914,2022-12-02,51.08,98.96,100.94,,,,
USC00043914,2022-12-03,60.98,98.96,100.94,,,,
USC00043914,2022-12-04,66.02,98.96,100.94,,,,
USC00043914,2022-12-05,64.94,98.96,100.94,,,,
USC00043914,2022-12-06,55.04,98.96,100.94,,,,
USC00043914,2022-12-07,53.96,98.96,100.94,,,,
USC00043914,2022-12-08,53.06,98.96,100.94,,,,
USC00043914,2022-12-09,57.92,98.96,100.94,,,,
USC00043914,2022-12-10,57.92,98.96,100.94,,,,
USC00043914,2022-12-11,57.92,98.96,100.94,,,,
USC00043914,2022-12-12,48.02,98.96,100.94,,,,
USC00043914,2022-12-13,,98.96,100.94,,,,
USC00043914,2022-12-14,50.0,98.96,100.94,,,,
USC00043914,2022-12-15,57.02,98.96,100.94,,,,
USC00043914,2022-12-16,57.92,98.96,100.94,,,,
USC00043914,2022-12-17,55.94,98.96,100.94,,,,
USC00043914,2022-12-18,55.94,98.96,100.94,,,,
USC00043914,2022-12-19,59.0,98.96,100.94,,,,
USC00043914,2022-12-20,62.06,98.96,100.94,,,,
USC00043914,2022-12-21,62.96,98.96,100.94,,,,
USC00043914,2022-12-22,68.0,98.96,100.94,,,,
USC00043914,2022-12-23,66.92,98.96,100.94,,,,
USC00043914,2022-12-24,68.0,98.96,100.94,,,,
USC00043914,2022-12-25,71.06,98.96,100.94,,,,
USC00043914,2022-12-26,78.08,98.96,100.94,,,,
USC00043914,2022-12-27,75.02,98.96,100.94,,,,
USC00043914,2022-12-28,64.04,98.96,100.94,,,,
USC00043914,2022-12-29,55.04,98.96,100.94,,,,
USC00043914,2022-12-30,55.04,98.96,100.94,,,,
USC00043914,2022-12-31,53.06,98.96,100.94,,,,
USC00043914,2023-01-01,53.96,98.96,100.94,,,,
USC00043914,2023-01-02,46.04,98.96,100.94,,,,
USC00043914,2023-01-03,46.04,98.96,100.94,,,,
USC00043914,2023-01-04,51.08,98.96,100.94,,,,
USC00043914,2023-01-05,59.0,98.96,100.94,,,,
USC00043914,2023-01-06,50.0,98.96,100.94,,,,
USC00043914,2023-01-07,60.98,98.96,100.94,,,,
USC00043914,2023-01-08,64.04,98.96,100.94,,,,
USC00043914,2023-01-09,62.96,98.96,100.94,,,,
USC00043914,2023-01-10,57.92,98.96,100.94,,,,
USC00043914,2023-01-11,53.06,98.96,100.94,,,,
USC00043914,2023-01-12,55.94,98.96,100.94,,,,
USC00043914,2023-01-13,60.08,98.96,100.94,,,,
USC00043914,2023-01-14,64.04,98.96,100.94,,,,
USC00043914,2023-01-15,53.96,98.96,100.94,,,,
USC00043914,2023-01-16,48.92,98.96,100.94,,,,
USC00043914,2023-01-17,50.0,98.96,100.94,,,,
USC00043914,2023-01-18,46.94,98.96,100.94,,,,
USC00043914,2023-01-19,53.06,98.96,100.94,,,,
USC00043914,2023-01-20,51.98,98.96,100.94,,,,
USC00043914,2023-01-21,53.96,98.96,100.94,,,,
USC00043914,2023-01-22,57.02,98.96,100.94,,,,
USC00043914,2023-01-23,53.96,98.96,100.94,,,,
USC00043914,2023-01-24,53.96,98.96,100.94,,,,
USC00043914,2023-01-25,60.98,98.96,100.94,,,,
USC00043914,2023-01-26,60.98,98.96,100.94,,,,
USC00043914,2023-01-27,,98.96,100.94,,,,
USC00043914,2023-01-28,,98.96,100.94,,,,
USC00043914,2023-01-29,,98.96,100.94,,,,
USC00043914,2023-01-30,,98.96,100.94,,,,
USC00043914,2023-01-31,46.94,98.96,100.94,,,,
USC00043914,2023-02-01,53.96,98.96,100.94,,,,
USC00043914,2023-02-02,60.98,98.96,100.94,,,,
USC00043914,2023-02-03,60.08,98.96,100.94,,,,
USC00043914,2023-02-04,64.94,98.96,100.94,,,,
USC00043914,2023-02-05,69.08,98.96,100.94,,,,
USC00043914,2023-02-06,57.02,98.96,100.94,,,,
USC00043914,2023-02-07,59.0,98.96,100.94,,,,
USC00043914,2023-02-08,60.98,98.96,100.94,,,,
USC00043914,2023-02-09,68.0,98.96,100.94,,,,
USC00043914,2023-02-10,64.94,98.96,100.94,,,,
USC00043914,2023-02-11,60.98,98.96,100.94,,,,
USC00043914,2023-02-12,55.94,98.96,100.94,,,,
USC00043914,2023-02-13,,98.96,100.94,,,,
USC00043914,2023-02-14,53.06,98.96,100.94,,,,
USC00043914,2023-02-15,44.06,98.96,100.94,,,,
USC00043914,2023-02-16,51.08,98.96,100.94,,,,
USC00043914,2023-02-17,50.0,98.96,100.94,,,,
USC00043914,2023-02-18,51.08,98.96,100.94,,,,
USC00043914,2023-02-19,60.98,98.96,100.94,,,,
USC00043914,2023-02-20,60.98,98.96,100.94,,,,
USC00043914,2023-02-21,66.02,98.96,100.94,,,,
USC00043914,2023-02-22,60.98,98.96,100.94,,,,
USC00043914,2023-02-23,44.06,98.96,100.94,,,,
USC00043914,2023-02-24,39.02,98.96,100.94,,,,
USC00043914,2023-02-25,48.92,98.96,100.94,,,,
USC00043914,2023-02-26,39.92,98.96,100.94,,,,
USC00043914,2023-02-27,46.94,98.96,100.94,,,,
USC00043914,2023-02-28,48.92,98.96,100.94,,,,
USC00043914,2023-03-01,,98.96,100.94,,,,
USC00043914,2023-03-02,,98.96,100.94,,,,
USC00043914,2023-03-03,57.02,98.96,100.94,,,,
USC00043914,2023-03-04,57.92,98.96,100.94,,,,
USC00043914,2023-03-05,51.08,98.96,100.94,,,,
USC00043914,2023-03-06,51.98,98.96,100.94,,,,
USC00043914,2023-03-07,53.96,98.96,100.94,,,,
USC00043914,2023-03-08,57.02,98.96,100.94,,,,
USC00043914,2023-03-09,,98.96,100.94,,,,
USC00043914,2023-03-10,68.0,98.96,100.94,,,,
USC00043914,2023-03-11,53.96,98.96,100.94,,,,
USC00043914,2023-03-12,60.98,98.96,100.94,,,,
USC00043914,2023-03-13,62.96,98.96,100.94,,,,
USC00043914,2023-03-14,64.94,98.96,100.94,,,,
USC00043914,2023-03-15,62.06,98.96,100.94,,,,
USC00043914,2023-03-16,55.94,98.96,100.94,,,,
USC00043914,2023-03-17,57.02,98.96,100.94,,,,
USC00043914,2023-03-18,64.04,98.96,100.94,,,,
USC00043914,2023-03-19,64.04,98.96,100.94,,,,
USC00043914,2023-03-20,60.98,98.96,100.94,,,,
USC00043914,2023-03-21,53.96,98.96,100.94,,,,
USC00043914,2023-03-22,48.92,98.96,100.94,,,,
USC00043914,2023-03-23,51.08,98.96,100.94,,,,
USC00043914,2023-03-24,48.02,98.96,100.94,,,,
USC00043914,2023-03-25,55.94,98.96,100.94,,,,
USC00043914,2023-03-26,57.02,98.96,100.94,,,,
USC00043914,2023-03-27,57.92,98.96,100.94,,,,
USC00043914,2023-03-28,57.02,98.96,100.94,,,,
USC00043914,2023-03-29,64.94,98.96,100.94,,,,
USC00043914,2023-03-30,48.92,98.96,100.94,,,,
USC00043914,2023-03-31,46.04,98.96,100.94,,,,
USC00043914,2023-04-01,62.06,98.96,100.94,,,,
USC00043914,2023-04-02,66.92,98.96,100.94,,,,
USC00043914,2023-04-03,66.02,98.96,100.94,,,,
USC00043914,2023-04-04,50.0,98.96,100.94,,,,
USC00043914,2023-04-05,55.04,98.96,100.94,,,,
USC00043914,2023-04-06,62.96,98.96,100.94,,,,
USC00043914,2023-04-07,66.92,98.96,100.94,,,,
USC00043914,2023-04-08,68.0,98.96,100.94,,,,
USC00043914,2023-04-09,69.98,98.96,100.94,,,,
USC00043914,2023-04-10,78.98,98.96,100.94,,,,
USC00043914,2023-04-11,84.02,98.96,100.94,,,,
USC00043914,2023-04-12,78.08,98.96,100.94,,,,
USC00043914,2023-04-13,69.08,98.96,100.94,,,,
USC00043914,2023-04-14,48.02,98.96,100.94,,,,
USC00043914,2023-04-15,57.02,98.96,100.94,,,,
USC00043914,2023-04-16,75.92,98.96,100.94,,,,
USC00043914,2023-04-17,75.02,98.96,100.94,,,,
USC00043914,2023-04-18,66.92,98.96,100.94,,,,
USC00043914,2023-04-19,62.06,98.96,100.94,,,,
USC00043914,2023-04-20,64.94,98.96,100.94,,,,
USC00043914,2023-04-21,77.0,98.96,100.94,,,,
USC00043914,2023-04-22,84.02,98.96,100.94,,,,
USC00043914,2023-04-23,84.02,98.96,100.94,,,,
USC00043914,2023-04-24,78.08,98.96,100.94,,,,
USC00043914,2023-04-25,75.02,98.96,100.94,,,,
USC00043914,2023-04-26,73.04,98.96,100.94,,,,
USC00043914,2023-04-27,82.04,98.96,100.94,,,,
USC00043914,2023-04-28,84.02,98.96,100.94,,,,
USC00043914,2023-04-29,84.02,98.96,100.94,,,,
USC00043914,2023-04-30,91.04,98.96,100.94,,,,
USC00043914,2023-05-01,84.02,98.96,100.94,0.0,0.0,0.0,0.0
USC00043914,2023-05-02,57.02,98.96,100.94,0.0,0.0,0.0,0.0
USC00043914,2023-05-03,59.0,98.96,100.94,0.0,0.0,0.0,0.0
USC00043914,2023-05-04,57.92,98.96,100.94,0.0,0.0,0.0,0.0
USC00043914,2023-05-05,51.98,98.96,100.94,0.0,0.0,0.0,0.0
USC00043914,2023-05-06,57.02,98.96,100.94,0.0,0.0,0.0,0.0
USC00043914,2023-05-07,64.94,98.96,100.94,0.0,0.0,0.0,0.0
USC00043914,2023-05-08,68.0,98.96,100.94,0.0,0.0,0.0,0.0
USC00043914,2023-05-09,71.06,98.96,100.94,0.0,0.0,0.0,0.0
USC00043914,2023-05-10,66.92,98.96,100.94,0.0,0.0,0.0,0.0
USC00043914,2023-05-11,60.08,98.96,100.94,0.0,0.0,0.0,0.0
USC00043914,2023-05-12,71.06,98.96,100.94,0.0,0.0,0.0,0.0
USC00043914,2023-05-13,78.98,98.96,100.94,0.0,0.0,0.0,0.0
USC00043914,2023-05-14,87.98,98.96,100.94,0.0,0.0,0.0,0.0
USC00043914,2023-05-15,87.08,98.96,100.94,0.0,0.0,0.0,0.0
USC00043914,2023-05-16,86.0,98.96,100.94,0.0,0.0,0.0,0.0
USC00043914,2023-05-17,87.08,98.96,100.94,0.0,0.0,0.0,0.0
USC00043914,2023-05-18,87.98,98.96,100.94,0.0,0.0,0.0,0.0
USC00043914,2023-05-19,84.02,98.96,100.94,0.0,0.0,0.0,0.0
USC00043914,2023-05-20,82.94,98.96,100.94,0.0,0.0,0.0,0.0
USC00043914,2023-05-21,86.0,98.96,100.94,0.0,0.0,0.0,0.0
USC00043914,2023-05-22,84.92,98.96,100.94,0.0,0.0,0.0,0.0
USC00043914,2023-05-23,82.94,98.96,100.94,0.0,0.0,0.0,0.0
USC00043914,2023-05-24,78.08,98.96,100.94,0.0,0.0,0.0,0.0
USC00043914,2023-05-25,,98.96,100.94,,,,
USC00043914,2023-05-26,69.98,98.96,100.94,0.0,0.0,0.0,0.0
USC00043914,2023-05-27,69.98,98.96,100.94,0.0,0.0,0.0,0.0
USC00043914,2023-05-28,73.04,98.96,100.94,0.0,0.0,0.0,0.0
USC00043914,2023-05-29,73.94,98.96,100.94,0.0,0.0,0.0,0.0
USC00043914,2023-05-30,66.02,98.96,100.94,0.0,0.0,0.0,0.0
USC00043914,2023-05-31,66.02,98.96,100.94,0.0,0.0,0.0,0.0
USC00043914,2023-06-01,53.96,98.96,100.94,0.0,0.0,0.0,0.0
USC00043914,2023-06-02,,98.96,100.94,,,,
USC00043914,2023-06-03,75.92,98.96,100.94,0.0,0.0,0.0,0.0
USC00043914,2023-06-04,80.96,98.96,100.94,0.0,0.0,0.0,0.0
USC00043914,2023-06-05,80.96,98.96,100.94,0.0,0.0,0.0,0.0
USC00043914,2023-06-06,68.0,98.96,100.94,0.0,0.0,0.0,0.0
USC00043914,2023-06-07,66.92,98.96,100.94,0.0,0.0,0.0,0.0
USC00043914,2023-06-08,68.0,98.96,100.94,0.0,0.0,0.0,0.0
USC00043914,2023-06-09,75.92,98.96,100.94,0.0,0.0,0.0,0.0
USC00043914,2023-06-10,75.02,98.96,100.94,0.0,0.0,0.0,0.0
USC00043914,2023-06-11,71.96,98.96,100.94,0.0,0.0,0.0,0.0
USC00043914,2023-06-12,60.98,98.96,100.94,0.0,0.0,0.0,0.0
USC00043914,2023-06-13,64.04,98.96,100.94,0.0,0.0,0.0,0.0
USC00043914,2023-06-14,71.96,98.96,100.94,0.0,0.0,0.0,0.0
USC00043914,2023-06-15,73.94,98.96,100.94,0.0,0.0,0.0,0.0
USC00043914,2023-06-16,78.08,98.96,100.94,0.0,0.0,0.0,0.0
USC00043914,2023-06-17,80.96,98.96,100.94,0.0,0.0,0.0,0.0
USC00043914,2023-06-18,87.08,98.96,100.94,0.0,0.0,0.0,0.0
USC00043914,2023-06-19,80.96,98.96,100.94,0.0,0.0,0.0,0.0
USC00043914,2023-06-20,75.92,98.96,100.94,0.0,0.0,0.0,0.0
USC00043914,2023-06-21,80.06,98.96,100.94,0.0,0.0,0.0,0.0
USC00043914,2023-06-22,80.06,98.96,100.94,0.0,0.0,0.0,0.0
USC00043914,2023-06-23,75.02,98.96,100.94,0.0,0.0,0.0,0.0
USC00043914,2023-06-24,78.08,98.96,100.94,0.0,0.0,0.0,0.0
USC00043914,2023-06-25,80.96,98.96,100.94,0.0,0.0,0.0,0.0
USC00043914,2023-06-26,80.96,98.96,100.94,0.0,0.0,0.0,0.0
USC00043914,2023-06-27,82.04,98.96,100.94,0.0,0.0,0.0,0.0
USC00043914,2023-06-28,84.02,98.96,100.94,0.0,0.0,0.0,0.0
USC00043914,2023-06-29,78.98,98.96,100.94,0.0,0.0,0.0,0.0
USC00043914,2023-06-30,84.92,98.96,100.94,0.0,0.0,0.0,0.0
USC00043914,2023-07-01,98.96,98.96,100.94,0.0,0.0,0.0,0.0
USC00043914,2023-07-02,98.96,98.96,100.94,0.0,0.0,0.0,0.0
USC00043914,2023-07-03,96.08,98.96,100.94,0.0,0.0,0.0,0.0
USC00043914,2023-07-04,98.06,98.96,100.94,0.0,0.0,0.0,0.0
USC00043914,2023-07-05,89.96,98.96,100.94,0.0,0.0,0.0,0.0
USC00043914,2023-07-06,89.06,98.96,100.94,0.0,0.0,0.0,0.0
USC00043914,2023-07-07,84.02,98.96,100.94,0.0,0.0,0.0,0.0
USC00043914,2023-07-08,84.02,98.96,100.94,0.0,0.0,0.0,0.0
USC00043914,2023-07-09,84.92,98.96,100.94,0.0,0.0,0.0,0.0
USC00043914,2023-07-10,84.02,98.96,100.94,0.0,0.0,0.0,0.0
USC00043914,2023-07-11,93.02,98.96,100.94,0.0,0.0,0.0,0.0
USC00043914,2023-07-12,93.92,98.96,100.94,0.0,0.0,0.0,0.0
USC00043914,2023-07-13,91.94,98.96,100.94,0.0,0.0,0.0,0.0
USC00043914,2023-07-14,93.02,98.96,100.94,0.0,0.0,0.0,0.0
USC00043914,2023-07-15,96.08,98.96,100.94,0.0,0.0,0.0,0.0
USC00043914,2023-07-16,102.92,98.96,100.94,1.0,0.0,1.0,0.0
USC00043914,2023-07-17,100.94,98.96,100.94,1.0,0.0,0.0,0.0
USC00043914,2023-07-18,96.98,98.96,100.94,0.0,0.0,0.0,0.0
USC00043914,2023-07-19,96.08,98.96,100.94,0.0,0.0,0.0,0.0
USC00043914,2023-07-20,96.98,98.96,100.94,0.0,0.0,0.0,0.0
USC00043914,2023-07-21,98.96,98.96,100.94,0.0,0.0,0.0,0.0
USC00043914,2023-07-22,96.98,98.96,100.94,0.0,0.0,0.0,0.0
USC00043914,2023-07-23,100.94,98.96,100.94,1.0,0.0,0.0,0.0
USC00043914,2023-07-24,91.94,98.96,100.94,0.0,0.0,0.0,0.0
USC00043914,2023-07-25,98.96,98.96,100.94,0.0,0.0,0.0,0.0
USC00043914,2023-07-26,100.94,98.96,100.94,1.0,0.0,0.0,0.0
USC00043914,2023-07-27,98.96,98.96,100.94,0.0,0.0,0.0,0.0
USC00043914,2023-07-28,98.96,98.96,100.94,0.0,0.0,0.0,0.0
USC00043914,2023-07-29,98.96,98.96,100.94,0.0,0.0,0.0,0.0
USC00043914,2023-07-30,98.96,98.96,100.94,0.0,0.0,0.0,0.0
USC00043914,2023-07-31,98.06,98.96,100.94,0.0,0.0,0.0,0.0
USC00043914,2023-08-01,80.96,98.96,100.94,0.0,0.0,0.0,0.0
USC00043914,2023-08-02,89.96,98.96,100.94,0.0,0.0,0.0,0.0
USC00043914,2023-08-03,93.02,98.96,100.94,0.0,0.0,0.0,0.0
USC00043914,2023-08-04,87.98,98.96,100.94,0.0,0.0,0.0,0.0
USC00043914,2023-08-05,89.96,98.96,100.94,0.0,0.0,0.0,0.0
USC00043914,2023-08-06,98.06,98.96,100.94,0.0,0.0,0.0,0.0
USC00043914,2023-08-07,98.06,98.96,100.94,0.0,0.0,0.0,0.0
USC00043914,2023-08-08,91.94,98.96,100.94,0.0,0.0,0.0,0.0
USC00043914,2023-08-09,91.94,98.96,100.94,0.0,0.0,0.0,0.0
USC00043914,2023-08-10,91.94,98.96,100.94,0.0,0.0,0.0,0.0
USC00043914,2023-08-11,80.96,98.96,100.94,0.0,0.0,0.0,0.0
USC00043914,2023-08-12,82.94,98.96,100.94,0.0,0.0,0.0,0.0
USC00043914,2023-08-13,86.0,98.96,100.94,0.0,0.0,0.0,0.0
USC00043914,2023-08-14,89.96,98.96,100.94,0.0,0.0,0.0,0.0
USC00043914,2023-08-15,96.08,98.96,100.94,0.0,0.0,0.0,0.0
USC00043914,2023-08-16,98.96,98.96,100.94,0.0,0.0,0.0,0.0
USC00043914,2023-08-17,100.04,98.96,100.94,1.0,0.0,0.0,0.0
USC00043914,2023-08-18,98.96,98.96,100.94,0.0,0.0,0.0,0.0
USC00043914,2023-08-19,96.98,98.96,100.94,0.0,0.0,0.0,0.0
USC00043914,2023-08-20,78.98,98.96,100.94,0.0,0.0,0.0,0.0
USC00043914,2023-08-21,71.96,98.96,100.94,0.0,0.0,0.0,0.0
USC00043914,2023-08-22,73.94,98.96,100.94,0.0,0.0,0.0,0.0
USC00043914,2023-08-23,84.92,98.96,100.94,0.0,0.0,0.0,0.0
USC00043914,2023-08-24,93.02,98.96,100.94,0.0,0.0,0.0,0.0
USC00043914,2023-08-25,89.06,98.96,100.94,0.0,0.0,0.0,0.0
USC00043914,2023-08-26,93.92,98.96,100.94,0.0,0.0,0.0,0.0
USC00043914,2023-08-27,96.08,98.96,100.94,0.0,0.0,0.0,0.0
USC00043914,2023-08-28,98.06,98.96,100.94,0.0,0.0,0.0,0.0
USC00043914,2023-08-29,100.04,98.96,100.94,1.0,0.0,0.0,0.0
USC00043914,2023-08-30,102.02,98.96,100.94,1.0,0.0,1.0,0.0
USC00043914,2023-08-31,98.06,98.96,100.94,0.0,0.0,0.0,0.0
USC00043914,2023-09-01,98.06,98.96,100.94,0.0,0.0,0.0,0.0
USC00043914,2023-09-02,82.94,98.96,100.94,0.0,0.0,0.0,0.0
USC00043914,2023-09-03,80.06,98.96,100.94,0.0,0.0,0.0,0.0
USC00043914,2023-09-04,78.98,98.96,100.94,0.0,0.0,0.0,0.0
USC00043914,2023-09-05,78.98,98.96,100.94,0.0,0.0,0.0,0.0
USC00043914,2023-09-06,80.06,98.96,100.94,0.0,0.0,0.0,0.0
USC00043914,2023-09-07,86.0,98.96,100.94,0.0,0.0,0.0,0.0
USC00043914,2023-09-08,91.04,98.96,100.94,0.0,0.0,0.0,0.0
USC00043914,2023-09-09,93.92,98.96,100.94,0.0,0.0,0.0,0.0
USC00043914,2023-09-10,96.08,98.96,100.94,0.0,0.0,0.0,0.0
USC00043914,2023-09-11,87.98,98.96,100.94,0.0,0.0,0.0,0.0
USC00043914,2023-09-12,84.92,98.96,100.94,0.0,0.0,0.0,0.0
USC00043914,2023-09-13,84.02,98.96,100.94,0.0,0.0,0.0,0.0
USC00043914,2023-09-14,82.04,98.96,100.94,0.0,0.0,0.0,0.0
USC00043914,2023-09-15,80.96,98.96,100.94,0.0,0.0,0.0,0.0
USC00043914,2023-09-16,84.92,98.96,100.94,0.0,0.0,0.0,0.0
USC00043914,2023-09-17,78.08,98.96,100.94,0.0,0.0,0.0,0.0
USC00043914,2023-09-18,75.02,98.96,100.94,0.0,0.0,0.0,0.0
USC00043914,2023-09-19,71.06,98.96,100.94,0.0,0.0,0.0,0.0
USC00043914,2023-09-20,80.06,98.96,100.94,0.0,0.0,0.0,0.0
USC00043914,2023-09-21,71.96,98.96,100.94,0.0,0.0,0.0,0.0
USC00043914,2023-09-22,69.98,98.96,100.94,0.0,0.0,0.0,0.0
USC00043914,2023-09-23,75.92,98.96,100.94,0.0,0.0,0.0,0.0
USC00043914,2023-09-24,80.96,98.96,100.94,0.0,0.0,0.0,0.0
USC00043914,2023-09-25,87.08,98.96,100.94,0.0,0.0,0.0,0.0
USC00043914,2023-09-26,84.92,98.96,100.94,0.0,0.0,0.0,0.0
USC00043914,2023-09-27,87.98,98.96,100.94,0.0,0.0,0.0,0.0
USC00043914,2023-09-28,89.06,98.96,100.94,0.0,0.0,0.0,0.0
USC00043914,2023-09-29,84.92,98.96,100.94,0.0,0.0,0.0,0.0
USC00043914,2023-09-30,75.92,98.96,100.94,0.0,0.0,0.0,0.0
USC00043914,2023-10-01,60.98,98.96,100.94,,,,
USC00043914,2023-10-02,62.06,98.96,100.94,,,,
USC00043914,2023-10-03,69.08,98.96,100.94,,,,
USC00043914,2023-10-04,78.98,98.96,100.94,,,,
USC00043914,2023-10-05,,98.96,100.94,,,,
USC00043914,2023-10-06,87.08,98.96,100.94,,,,
USC00043914,2023-10-07,91.94,98.96,100.94,,,,
USC00043914,2023-10-08,93.92,98.96,100.94,,,,
USC00043914,2023-10-09,93.02,98.96,100.94,,,,
USC00043914,2023-10-10,89.06,98.96,100.94,,,,
USC00043914,2023-10-11,78.98,98.96,100.94,,,,
USC00043914,2023-10-12,69.08,98.96,100.94,,,,
USC00043914,2023-10-13,,98.96,100.94,,,,
USC00043914,2023-10-14,78.98,98.96,100.94,,,,
USC00043914,2023-10-15,84.02,98.96,100.94,,,,
USC00043914,2023-10-16,87.98,98.96,100.94,,,,
USC00043914,2023-10-17,91.04,98.96,100.94,,,,
USC00043914,2023-10-18,89.06,98.96,100.94,,,,
USC00043914,2023-10-19,91.04,98.96,100.94,,,,
USC00043914,2023-10-20,95.0,98.96,100.94,,,,
USC00043914,2023-10-21,93.02,98.96,100.94,,,,
USC00043914,2023-10-22,86.0,98.96,100.94,,,,
USC00043914,2023-10-23,75.02,98.96,100.94,,,,
USC00043914,2023-10-24,64.04,98.96,100.94,,,,
USC00043914,2023-10-25,73.94,98.96,100.94,,,,
USC00043914,2023-10-26,60.08,98.96,100.94,,,,
USC00043914,2023-10-27,71.96,98.96,100.94,,,,
USC00043914,2023-10-28,71.06,98.96,100.94,,,,
USC00043914,2023-10-29,69.98,98.96,100.94,,,,
USC00043914,2023-10-30,69.08,98.96,100.94,,,,
USC00043914,2023-10-31,71.06,98.96,100.94,,,,
USC00043914,2023-11-01,73.04,98.96,100.94,,,,
USC00043914,2023-11-02,75.02,98.96,100.94,,,,
USC00043914,2023-11-03,82.04,98.96,100.94,,,,
USC00043914,2023-11-04,82.04,98.96,100.94,,,,
USC00043914,2023-11-05,84.92,98.96,100.94,,,,
USC00043914,2023-11-06,84.92,98.96,100.94,,,,
USC00043914,2023-11-07,80.06,98.96,100.94,,,,
USC00043914,2023-11-08,80.06,98.96,100.94,,,,
USC00043914,2023-11-09,80.96,98.96,100.94,,,,
USC00043914,2023-11-10,71.06,98.96,100.94,,,,
USC00043914,2023-11-11,73.94,98.96,100.94,,,,
USC00043914,2023-11-12,73.04,98.96,100.94,,,,
USC00043914,2023-11-13,73.94,98.96,100.94,,,,
USC00043914,2023-11-14,75.92,98.96,100.94,,,,
USC00043914,2023-11-15,77.0,98.96,100.94,,,,
USC00043914,2023-11-16,57.02,98.96,100.94,,,,
USC00043914,2023-11-17,66.02,98.96,100.94,,,,
USC00043914,2023-11-18,71.06,98.96,100.94,,,,
USC00043914,2023-11-19,57.02,98.96,100.94,,,,
USC00043914,2023-11-20,60.98,98.96,100.94,,,,
USC00043914,2023-11-21,64.94,98.96,100.94,,,,
USC00043914,2023-11-22,68.0,98.96,100.94,,,,
USC00043914,2023-11-23,69.08,98.96,100.94,,,,
USC00043914,2023-11-24,66.02,98.96,100.94,,,,
USC00043914,2023-11-25,53.96,98.96,100.94,,,,
USC00043914,2023-11-26,59.0,98.96,100.94,,,,
USC00043914,2023-11-27,59.0,98.96,100.94,,,,
USC00043914,2023-11-28,62.06,98.96,100.94,,,,
USC00043914,2023-11-29,68.0,98.96,100.94,,,,
USC00043914,2023-11-30,57.92,98.96,100.94,,,,
USC00043914,2023-12-01,51.08,98.96,100.94,,,,
USC00043914,2023-12-02,57.02,98.96,100.94,,,,
USC00043914,2023-12-03,62.96,98.96,100.94,,,,
USC00043914,2023-12-04,69.08,98.96,100.94,,,,
USC00043914,2023-12-05,69.98,98.96,100.94,,,,
USC00043914,2023-12-06,71.06,98.96,100.94,,,,
USC00043914,2023-12-07,73.04,98.96,100.94,,,,
USC00043914,2023-12-08,62.06,98.96,100.94,,,,
USC00043914,2023-12-09,64.94,98.96,100.94,,,,
USC00043914,2023-12-10,57.02,98.96,100.94,,,,
USC00043914,2023-12-11,66.02,98.96,100.94,,,,
USC00043914,2023-12-12,71.06,98.96,100.94,,,,
USC00043914,2023-12-13,69.08,98.96,100.94,,,,
USC00043914,2023-12-14,66.02,98.96,100.94,,,,
USC00043914,2023-12-15,64.94,98.96,100.94,,,,
USC00043914,2023-12-16,,98.96,100.94,,,,
USC00043914,2023-12-17,,98.96,100.94,,,,
USC00043914,2023-12-18,,98.96,100.94,,,,
USC00043914,2023-12-19,69.08,98.96,100.94,,,,
USC00043914,2023-12-20,62.06,98.96,100.94,,,,
USC00043914,2023-12-21,64.04,98.96,100.94,,,,
USC00043914,2023-12-22,62.06,98.96,100.94,,,,
USC00043914,2023-12-23,55.04,98.96,100.94,,,,
USC00043914,2023-12-24,57.02,98.96,100.94,,,,
USC00043914,2023-12-25,59.0,98.96,100.94,,,,
USC00043914,2023-12-26,64.94,98.96,100.94,,,,
USC00043914,2023-12-27,66.02,98.96,100.94,,,,
USC00043914,2023-12-28,64.94,98.96,100.94,,,,
USC00043914,2023-12-29,66.92,98.96,100.94,,,,
USC00043914,2023-12-30,68.0,98.96,100.94,,,,
USC00043914,2023-12-31,48.92,98.96,100.94,,,,
USC00043914,2024-01-01,53.96,98.96,100.94,,,,
USC00043914,2024-01-02,55.94,98.96,100.94,,,,
USC00043914,2024-01-03,60.08,98.96,100.94,,,,
USC00043914,2024-01-04,46.04,98.96,100.94,,,,
USC00043914,2024-01-05,53.96,98.96,100.94,,,,
USC00043914,2024-01-06,57.92,98.96,100.94,,,,
USC00043914,2024-01-07,59.0,98.96,100.94,,,,
USC00043914,2024-01-08,50.0,98.96,100.94,,,,
USC00043914,2024-01-09,53.06,98.96,100.94,,,,
USC00043914,2024-01-10,57.92,98.96,100.94,,,,
USC00043914,2024-01-11,51.08,98.96,100.94,,,,
USC00043914,2024-01-12,53.06,98.96,100.94,,,,
USC00043914,2024-01-13,57.02,98.96,100.94,,,,
USC00043914,2024-01-14,60.08,98.96,100.94,,,,
USC00043914,2024-01-15,64.04,98.96,100.94,,,,
USC00043914,2024-01-16,64.94,98.96,100.94,,,,
USC00043914,2024-01-17,69.08,98.96,100.94,,,,
USC00043914,2024-01-18,60.98,98.96,100.94,,,,
USC00043914,2024-01-19,68.0,98.96,100.94,,,,
USC00043914,2024-01-20,64.94,98.96,100.94,,,,
USC00043914,2024-01-21,55.04,98.96,100.94,,,,
USC00043914,2024-01-22,51.08,98.96,100.94,,,,
USC00043914,2024-01-23,51.08,98.96,100.94,,,,
USC00043914,2024-01-24,57.92,98.96,100.94,,,,
USC00043914,2024-01-25,55.04,98.96,100.94,,,,
USC00043914,2024-01-26,57.92,98.96,100.94,,,,
USC00043914,2024-01-27,64.04,98.96,100.94,,,,
USC00043914,2024-01-28,62.96,98.96,100.94,,,,
USC00043914,2024-01-29,66.02,98.96,100.94,,,,
USC00043914,2024-01-30,68.0,98.96,100.94,,,,
USC00043914,2024-01-31,69.98,98.96,100.94,,,,
USC00043914,2024-02-01,68.0,98.96,100.94,,,,
USC00043914,2024-02-02,48.02,98.96,100.94,,,,
USC00043914,2024-02-03,48.92,98.96,100.94,,,,
USC00043914,2024-02-04,53.06,98.96,100.94,,,,
USC00043914,2024-02-05,60.98,98.96,100.94,,,,
USC00043914,2024-02-06,51.08,98.96,100.94,,,,
USC00043914,2024-02-07,46.04,98.96,100.94,,,,
USC00043914,2024-02-08,46.04,98.96,100.94,,,,
USC00043914,2024-02-09,44.06,98.96,100.94,,,,
USC00043914,2024-02-10,46.94,98.96,100.94,,,,
USC00043914,2024-02-11,53.96,98.96,100.94,,,,
USC00043914,2024-02-12,59.0,98.96,100.94,,,,
USC00043914,2024-02-13,60.98,98.96,100.94,,,,
USC00043914,2024-02-14,60.98,98.96,100.94,,,,
USC00043914,2024-02-15,60.98,98.96,100.94,,,,
USC00043914,2024-02-16,64.04,98.96,100.94,,,,
USC00043914,2024-02-17,64.04,98.96,100.94,,,,
USC00043914,2024-02-18,64.94,98.96,100.94,,,,
USC00043914,2024-02-19,66.92,98.96,100.94,,,,
USC00043914,2024-02-20,66.92,98.96,100.94,,,,
USC00043914,2024-02-21,53.96,98.96,100.94,,,,
USC00043914,2024-02-22,53.96,98.96,100.94,,,,
USC00043914,2024-02-23,64.04,98.96,100.94,,,,
USC00043914,2024-02-24,69.08,98.96,100.94,,,,
USC00043914,2024-02-25,69.08,98.96,100.94,,,,
USC00043914,2024-02-26,66.92,98.96,100.94,,,,
USC00043914,2024-02-27,59.0,98.96,100.94,,,,
USC00043914,2024-02-28,57.92,98.96,100.94,,,,
USC00043914,2024-02-29,66.92,98.96,100.94,,,,
USC00043914,2024-03-01,59.0,98.96,100.94,,,,
USC00043914,2024-03-02,60.08,98.96,100.94,,,,
USC00043914,2024-03-03,51.08,98.96,100.94,,,,
USC00043914,2024-03-04,48.92,98.96,100.94,,,,
USC00043914,2024-03-05,55.94,98.96,100.94,,,,
USC00043914,2024-03-06,60.98,98.96,100.94,,,,
USC00043914,2024-03-07,57.92,98.96,100.94,,,,
USC00043914,2024-03-08,51.98,98.96,100.94,,,,
USC00043914,2024-03-09,64.04,98.96,100.94,,,,
USC00043914,2024-03-10,64.94,98.96,100.94,,,,
USC00043914,2024-03-11,66.02,98.96,100.94,,,,
USC00043914,2024-03-12,60.08,98.96,100.94,,,,
USC00043914,2024-03-13,55.94,98.96,100.94,,,,
USC00043914,2024-03-14,62.06,98.96,100.94,,,,
USC00043914,2024-03-15,55.04,98.96,100.94,,,,
USC00043914,2024-03-16,51.98,98.96,100.94,,,,
USC00043914,2024-03-17,55.94,98.96,100.94,,,,
USC00043914,2024-03-18,62.96,98.96,100.94,,,,
USC00043914,2024-03-19,59.0,98.96,100.94,,,,
USC00043914,2024-03-20,66.92,98.96,100.94,,,,
USC00043914,2024-03-21,71.06,98.96,100.94,,,,
USC00043914,2024-03-22,71.06,98.96,100.94,,,,
USC00043914,2024-03-23,69.98,98.96,100.94,,,,
USC00043914,2024-03-24,57.02,98.96,100.94,,,,
USC00043914,2024-03-25,53.06,98.96,100.94,,,,
USC00043914,2024-03-26,55.94,98.96,100.94,,,,
USC00043914,2024-03-27,60.08,98.96,100.94,,,,
USC00043914,2024-03-28,69.98,98.96,100.94,,,,
USC00043914,2024-03-29,66.02,98.96,100.94,,,,
USC00043914,2024-03-30,57.92,98.96,100.94,,,,
USC00043914,2024-03-31,48.02,98.96,100.94,,,,
USC00043914,2024-04-01,48.92,98.96,100.94,,,,
USC00043914,2024-04-02,60.98,98.96,100.94,,,,
USC00043914,2024-04-03,69.98,98.96,100.94,,,,
USC00043914,2024-04-04,71.96,98.96,100.94,,,,
USC00043914,2024-04-05,59.0,98.96,100.94,,,,
USC00043914,2024-04-06,44.06,98.96,100.94,,,,
USC00043914,2024-04-07,59.0,98.96,100.94,,,,
USC00043914,2024-04-08,62.06,98.96,100.94,,,,
USC00043914,2024-04-09,64.04,98.96,100.94,,,,
USC00043914,2024-04-10,73.04,98.96,100.94,,,,
USC00043914,2024-04-11,80.06,98.96,100.94,,,,
USC00043914,2024-04-12,80.96,98.96,100.94,,,,
USC00043914,2024-04-13,71.06,98.96,100.94,,,,
USC00043914,2024-04-14,60.08,98.96,100.94,,,,
USC00043914,2024-04-15,53.96,98.96,100.94,,,,
USC00043914,2024-04-16,64.94,98.96,100.94,,,,
USC00043914,2024-04-17,,98.96,100.94,,,,
USC00043914,2024-04-18,78.08,98.96,100.94,,,,
USC00043914,2024-04-19,78.08,98.96,100.94,,,,
USC00043914,2024-04-20,77.0,98.96,100.94,,,,
USC00043914,2024-04-21,77.0,98.96,100.94,,,,
USC00043914,2024-04-22,84.92,98.96,100.94,,,,
USC00043914,2024-04-23,78.98,98.96,100.94,,,,
USC00043914,2024-04-24,64.94,98.96,100.94,,,,
USC00043914,2024-04-25,64.04,98.96,100.94,,,,
USC00043914,2024-04-26,57.92,98.96,100.94,,,,
USC00043914,2024-04-27,57.02,98.96,100.94,,,,
USC00043914,2024-04-28,64.04,98.96,100.94,,,,
USC00043914,2024-04-29,73.04,98.96,100.94,,,,
USC00043914,2024-04-30,77.0,98.96,100.94,,,,
USC00043914,2024-05-01,77.0,98.96,100.94,0.0,0.0,0.0,0.0
USC00043914,2024-05-02,71.96,98.96,100.94,0.0,0.0,0.0,0.0
USC00043914,2024-05-03,75.02,98.96,100.94,0.0,0.0,0.0,0.0
USC00043914,2024-05-04,75.02,98.96,100.94,0.0,0.0,0.0,0.0
USC00043914,2024-05-05,66.92,98.96,100.94,0.0,0.0,0.0,0.0
USC00043914,2024-05-06,57.02,98.96,100.94,0.0,0.0,0.0,0.0
USC00043914,2024-05-07,71.96,98.96,100.94,0.0,0.0,0.0,0.0
USC00043914,2024-05-08,73.04,98.96,100.94,0.0,0.0,0.0,0.0
USC00043914,2024-05-09,73.94,98.96,100.94,0.0,0.0,0.0,0.0
USC00043914,2024-05-10,75.92,98.96,100.94,0.0,0.0,0.0,0.0
USC00043914,2024-05-11,78.98,98.96,100.94,0.0,0.0,0.0,0.0
USC00043914,2024-05-12,77.0,98.96,100.94,0.0,0.0,0.0,0.0
USC00043914,2024-05-13,80.96,98.96,100.94,0.0,0.0,0.0,0.0
USC00043914,2024-05-14,78.98,98.96,100.94,0.0,0.0,0.0,0.0
USC00043914,2024-05-15,75.92,98.96,100.94,0.0,0.0,0.0,0.0
USC00043914,2024-05-16,71.96,98.96,100.94,0.0,0.0,0.0,0.0
USC00043914,2024-05-17,75.02,98.96,100.94,0.0,0.0,0.0,0.0
USC00043914,2024-05-18,77.0,98.96,100.94,0.0,0.0,0.0,0.0
USC00043914,2024-05-19,77.0,98.96,100.94,0.0,0.0,0.0,0.0
USC00043914,2024-05-20,73.94,98.96,100.94,0.0,0.0,0.0,0.0
USC00043914,2024-05-21,71.06,98.96,100.94,0.0,0.0,0.0,0.0
USC00043914,2024-05-22,73.04,98.96,100.94,0.0,0.0,0.0,0.0
USC00043914,2024-05-23,71.96,98.96,100.94,0.0,0.0,0.0,0.0
USC00043914,2024-05-24,69.98,98.96,100.94,0.0,0.0,0.0,0.0
USC00043914,2024-05-25,69.08,98.96,100.94,0.0,0.0,0.0,0.0
USC00043914,2024-05-26,66.92,98.96,100.94,0.0,0.0,0.0,0.0
USC00043914,2024-05-27,75.02,98.96,100.94,0.0,0.0,0.0,0.0
USC00043914,2024-05-28,78.98,98.96,100.94,0.0,0.0,0.0,0.0
USC00043914,2024-05-29,,98.96,100.94,,,,
USC00043914,2024-05-30,78.98,98.96,100.94,0.0,0.0,0.0,0.0
USC00043914,2024-05-31,84.02,98.96,100.94,0.0,0.0,0.0,0.0
USC00043914,2024-06-01,80.96,98.96,100.94,0.0,0.0,0.0,0.0
USC00043914,2024-06-02,80.96,98.96,100.94,0.0,0.0,0.0,0.0
USC00043914,2024-06-03,75.02,98.96,100.94,0.0,0.0,0.0,0.0
USC00043914,2024-06-04,80.06,98.96,100.94,0.0,0.0,0.0,0.0
USC00043914,2024-06-05,91.94,98.96,100.94,0.0,0.0,0.0,0.0
USC00043914,2024-06-06,96.08,98.96,100.94,0.0,0.0,0.0,0.0
USC00043914,2024-06-07,87.98,98.96,100.94,0.0,0.0,0.0,0.0
USC00043914,2024-06-08,84.02,98.96,100.94,0.0,0.0,0.0,0.0
USC00043914,2024-06-09,80.96,98.96,100.94,0.0,0.0,0.0,0.0
USC00043914,2024-06-10,84.02,98.96,100.94,0.0,0.0,0.0,0.0
USC00043914,2024-06-11,84.02,98.96,100.94,0.0,0.0,0.0,0.0
USC00043914,2024-06-12,93.92,98.96,100.94,0.0,0.0,0.0,0.0
USC00043914,2024-06-13,87.98,98.96,100.94,0.0,0.0,0.0,0.0
USC00043914,2024-06-14,84.02,98.96,100.94,0.0,0.0,0.0,0.0
USC00043914,2024-06-15,89.96,98.96,100.94,0.0,0.0,0.0,0.0
USC00043914,2024-06-16,93.92,98.96,100.94,0.0,0.0,0.0,0.0
USC00043914,2024-06-17,82.94,98.96,100.94,0.0,0.0,0.0,0.0
USC00043914,2024-06-18,75.92,98.96,100.94,0.0,0.0,0.0,0.0
USC00043914,2024-06-19,82.04,98.96,100.94,0.0,0.0,0.0,0.0
USC00043914,2024-06-20,80.96,98.96,100.94,0.0,0.0,0.0,0.0
USC00043914,2024-06-21,84.92,98.96,100.94,0.0,0.0,0.0,0.0
USC00043914,2024-06-22,91.04,98.96,100.94,0.0,0.0,0.0,0.0
USC00043914,2024-06-23,98.96,98.96,100.94,0.0,0.0,0.0,0.0
USC00043914,2024-06-24,95.0,98.96,100.94,0.0,0.0,0.0,0.0
USC00043914,2024-06-25,93.92,98.96,100.94,0.0,0.0,0.0,0.0
USC00043914,2024-06-26,89.06,98.96,100.94,0.0,0.0,0.0,0.0
USC00043914,2024-06-27,89.06,98.96,100.94,0.0,0.0,0.0,0.0
USC00043914,2024-06-28,89.06,98.96,100.94,0.0,0.0,0.0,0.0
USC00043914,2024-06-29,87.98,98.96,100.94,0.0,0.0,0.0,0.0
USC00043914,2024-06-30,93.02,98.96,100.94,0.0,0.0,0.0,0.0
USC00043914,2024-07-01,91.04,98.96,100.94,0.0,0.0,0.0,0.0
USC00043914,2024-07-02,98.06,98.96,100.94,0.0,0.0,0.0,0.0
USC00043914,2024-07-03,96.08,98.96,100.94,0.0,0.0,0.0,0.0
USC00043914,2024-07-04,98.96,98.96,100.94,0.0,0.0,0.0,0.0
USC00043914,2024-07-05,98.06,98.96,100.94,0.0,0.0,0.0,0.0
USC00043914,2024-07-06,107.06,98.96,100.94,1.0,0.0,1.0,0.0
USC00043914,2024-07-07,98.96,98.96,100.94,0.0,0.0,0.0,0.0
USC00043914,2024-07-08,93.02,98.96,100.94,0.0,0.0,0.0,0.0
USC00043914,2024-07-09,95.0,98.96,100.94,0.0,0.0,0.0,0.0
USC00043914,2024-07-10,100.94,98.96,100.94,1.0,1.0,0.0,0.0
USC00043914,2024-07-11,102.92,98.96,100.94,1.0,1.0,1.0,0.0
USC00043914,2024-07-12,100.04,98.96,100.94,1.0,1.0,0.0,0.0
USC00043914,2024-07-13,96.98,98.96,100.94,0.0,0.0,0.0,0.0
USC00043914,2024-07-14,98.06,98.96,100.94,0.0,0.0,0.0,0.0
USC00043914,2024-07-15,95.0,98.96,100.94,0.0,0.0,0.0,0.0
USC00043914,2024-07-16,91.94,98.96,100.94,0.0,0.0,0.0,0.0
USC00043914,2024-07-17,91.04,98.96,100.94,0.0,0.0,0.0,0.0
USC00043914,2024-07-18,91.04,98.96,100.94,0.0,0.0,0.0,0.0
USC00043914,2024-07-19,96.08,98.96,100.94,0.0,0.0,0.0,0.0
USC00043914,2024-07-20,98.06,98.96,100.94,0.0,0.0,0.0,0.0
USC00043914,2024-07-21,98.06,98.96,100.94,0.0,0.0,0.0,0.0
USC00043914,2024-07-22,98.96,98.96,100.94,0.0,0.0,0.0,0.0
USC00043914,2024-07-23,98.06,98.96,100.94,0.0,0.0,0.0,0.0
USC00043914,2024-07-24,98.96,98.96,100.94,0.0,0.0,0.0,0.0
USC00043914,2024-07-25,100.94,98.96,100.94,1.0,0.0,0.0,0.0
USC00043914,2024-07-26,100.94,98.96,100.94,1.0,0.0,0.0,0.0
USC00043914,2024-07-27,96.08,98.96,100.94,0.0,0.0,0.0,0.0
USC00043914,2024-07-28,91.94,98.96,100.94,0.0,0.0,0.0,0.0
USC00043914,2024-07-29,89.96,98.96,100.94,0.0,0.0,0.0,0.0
USC00043914,2024-07-30,91.94,98.96,100.94,0.0,0.0,0.0,0.0
USC00043914,2024-07-31,91.04,98.96,100.94,0.0,0.0,0.0,0.0
USC00043914,2024-08-01,93.02,98.96,100.94,0.0,0.0,0.0,0.0
USC00043914,2024-08-02,96.08,98.96,100.94,0.0,0.0,0.0,0.0
USC00043914,2024-08-03,96.98,98.96,100.94,0.0,0.0,0.0,0.0
USC00043914,2024-08-04,98.96,98.96,100.94,0.0,0.0,0.0,0.0
USC00043914,2024-08-05,102.02,98.96,100.94,1.0,1.0,1.0,0.0
USC00043914,2024-08-06,104.0,98.96,100.94,1.0,1.0,1.0,0.0
USC00043914,2024-08-07,100.04,98.96,100.94,1.0,1.0,0.0,0.0
USC00043914,2024-08-08,89.96,98.96,100.94,0.0,0.0,0.0,0.0
USC00043914,2024-08-09,89.96,98.96,100.94,0.0,0.0,0.0,0.0
USC00043914,2024-08-10,96.98,98.96,100.94,0.0,0.0,0.0,0.0
USC00043914,2024-08-11,98.96,98.96,100.94,0.0,0.0,0.0,0.0
USC00043914,2024-08-12,95.0,98.96,100.94,0.0,0.0,0.0,0.0
USC00043914,2024-08-13,93.02,98.96,100.94,0.0,0.0,0.0,0.0
USC00043914,2024-08-14,93.02,98.96,100.94,0.0,0.0,0.0,0.0
USC00043914,2024-08-15,91.94,98.96,100.94,0.0,0.0,0.0,0.0
USC00043914,2024-08-16,93.92,98.96,100.94,0.0,0.0,0.0,0.0
USC00043914,2024-08-17,96.08,98.96,100.94,0.0,0.0,0.0,0.0
USC00043914,2024-08-18,89.06,98.96,100.94,0.0,0.0,0.0,0.0
USC00043914,2024-08-19,93.02,98.96,100.94,0.0,0.0,0.0,0.0
USC00043914,2024-08-20,96.98,98.96,100.94,0.0,0.0,0.0,0.0
USC00043914,2024-08-21,98.96,98.96,100.94,0.0,0.0,0.0,0.0
USC00043914,2024-08-22,98.06,98.96,100.94,0.0,0.0,0.0,0.0
USC00043914,2024-08-23,89.06,98.96,100.94,0.0,0.0,0.0,0.0
USC00043914,2024-08-24,84.02,98.96,100.94,0.0,0.0,0.0,0.0
USC00043914,2024-08-25,82.94,98.96,100.94,0.0,0.0,0.0,0.0
USC00043914,2024-08-26,86.0,98.96,100.94,0.0,0.0,0.0,0.0
USC00043914,2024-08-27,91.04,98.96,100.94,0.0,0.0,0.0,0.0
USC00043914,2024-08-28,93.02,98.96,100.94,0.0,0.0,0.0,0.0
USC00043914,2024-08-29,91.94,98.96,100.94,0.0,0.0,0.0,0.0
USC00043914,2024-08-30,91.04,98.96,100.94,0.0,0.0,0.0,0.0
USC00043914,2024-08-31,95.0,98.96,100.94,0.0,0.0,0.0,0.0
USC00043914,2024-09-01,98.06,98.96,100.94,0.0,0.0,0.0,0.0
USC00043914,2024-09-02,98.06,98.96,100.94,0.0,0.0,0.0,0.0
USC00043914,2024-09-03,98.06,98.96,100.94,0.0,0.0,0.0,0.0
USC00043914,2024-09-04,100.04,98.96,100.94,1.0,1.0,0.0,0.0
USC00043914,2024-09-05,102.02,98.96,100.94,1.0,1.0,1.0,1.0
USC00043914,2024-09-06,105.98,98.96,100.94,1.0,1.0,1.0,1.0
USC00043914,2024-09-07,105.08,98.96,100.94,1.0,1.0,1.0,1.0
USC00043914,2024-09-08,102.92,98.96,100.94,1.0,1.0,1.0,1.0
USC00043914,2024-09-09,98.96,98.96,100.94,0.0,0.0,0.0,0.0
USC00043914,2024-09-10,100.94,98.96,100.94,1.0,0.0,0.0,0.0
USC00043914,2024-09-11,95.0,98.96,100.94,0.0,0.0,0.0,0.0
USC00043914,2024-09-12,84.92,98.96,100.94,0.0,0.0,0.0,0.0
USC00043914,2024-09-13,80.06,98.96,100.94,0.0,0.0,0.0,0.0
USC00043914,2024-09-14,87.08,98.96,100.94,0.0,0.0,0.0,0.0
USC00043914,2024-09-15,84.02,98.96,100.94,0.0,0.0,0.0,0.0
USC00043914,2024-09-16,75.92,98.96,100.94,0.0,0.0,0.0,0.0
USC00043914,2024-09-17,68.0,98.96,100.94,0.0,0.0,0.0,0.0
USC00043914,2024-09-18,73.94,98.96,100.94,0.0,0.0,0.0,0.0
USC00043914,2024-09-19,75.02,98.96,100.94,0.0,0.0,0.0,0.0
USC00043914,2024-09-20,75.02,98.96,100.94,0.0,0.0,0.0,0.0
USC00043914,2024-09-21,69.98,98.96,100.94,0.0,0.0,0.0,0.0
USC00043914,2024-09-22,80.06,98.96,100.94,0.0,0.0,0.0,0.0
USC00043914,2024-09-23,91.94,98.96,100.94,0.0,0.0,0.0,0.0
USC00043914,2024-09-24,96.08,98.96,100.94,0.0,0.0,0.0,0.0
USC00043914,2024-09-25,98.06,98.96,100.94,0.0,0.0,0.0,0.0
USC00043914,2024-09-26,91.04,98.96,100.94,0.0,0.0,0.0,0.0
USC00043914,2024-09-27,89.96,98.96,100.94,0.0,0.0,0.0,0.0
USC00043914,2024-09-28,91.94,98.96,100.94,0.0,0.0,0.0,0.0
USC00043914,2024-09-29,93.02,98.96,100.94,0.0,0.0,0.0,0.0
USC00043914,2024-09-30,91.94,98.96,100.94,0.0,0.0,0.0,0.0
USC00043914,2024-10-01,96.98,98.96,100.94,,,,
USC00043914,2024-10-02,102.92,98.96,100.94,,,,
USC00043914,2024-10-03,102.92,98.96,100.94,,,,
USC00043914,2024-10-04,100.04,98.96,100.94,,,,
USC00043914,2024-10-05,98.96,98.96,100.94,,,,
USC00043914,2024-10-06,100.94,98.96,100.94,,,,
USC00043914,2024-10-07,100.94,98.96,100.94,,,,
USC00043914,2024-10-08,96.98,98.96,100.94,,,,
USC00043914,2024-10-09,95.0,98.96,100.94,,,,
USC00043914,2024-10-10,93.02,98.96,100.94,,,,
USC00043914,2024-10-11,89.96,98.96,100.94,,,,
USC00043914,2024-10-12,89.96,98.96,100.94,,,,
USC00043914,2024-10-13,86.0,98.96,100.94,,,,
USC00043914,2024-10-14,82.04,98.96,100.94,,,,
USC00043914,2024-10-15,78.08,98.96,100.94,,,,
USC00043914,2024-10-16,78.98,98.96,100.94,,,,
USC00043914,2024-10-17,78.98,98.96,100.94,,,,
USC00043914,2024-10-18,59.0,98.96,100.94,,,,
USC00043914,2024-10-19,71.06,98.96,100.94,,,,
USC00043914,2024-10-20,78.08,98.96,100.94,,,,
USC00043914,2024-10-21,78.08,98.96,100.94,,,,
USC00043914,2024-10-22,84.02,98.96,100.94,,,,
USC00043914,2024-10-23,87.08,98.96,100.94,,,,
USC00043914,2024-10-24,89.06,98.96,100.94,,,,
USC00043914,2024-10-25,86.0,98.96,100.94,,,,
USC00043914,2024-10-26,87.98,98.96,100.94,,,,
USC00043914,2024-10-27,91.04,98.96,100.94,,,,
USC00043914,2024-10-28,84.92,98.96,100.94,,,,
USC00043914,2024-10-29,66.02,98.96,100.94,,,,
USC00043914,2024-10-30,57.92,98.96,100.94,,,,
USC00043914,2024-10-31,69.98,98.96,100.94,,,,
USC00043914,2024-11-01,69.08,98.96,100.94,,,,
USC00043914,2024-11-02,69.98,98.96,100.94,,,,
USC00043914,2024-11-03,62.06,98.96,100.94,,,,
USC00043914,2024-11-04,64.04,98.96,100.94,,,,
USC00043914,2024-11-05,71.06,98.96,100.94,,,,
USC00043914,2024-11-06,71.96,98.96,100.94,,,,
USC00043914,2024-11-07,62.96,98.96,100.94,,,,
USC00043914,2024-11-08,62.06,98.96,100.94,,,,
USC00043914,2024-11-09,71.96,98.96,100.94,,,,
USC00043914,2024-11-10,75.92,98.96,100.94,,,,
USC00043914,2024-11-11,78.08,98.96,100.94,,,,
USC00043914,2024-11-12,73.04,98.96,100.94,,,,
USC00043914,2024-11-13,69.08,98.96,100.94,,,,
USC00043914,2024-11-14,77.0,98.96,100.94,,,,
USC00043914,2024-11-15,73.94,98.96,100.94,,,,
USC00043914,2024-11-16,51.98,98.96,100.94,,,,
USC00043914,2024-11-17,53.96,98.96,100.94,,,,
USC00043914,2024-11-18,60.08,98.96,100.94,,,,
USC00043914,2024-11-19,59.0,98.96,100.94,,,,
USC00043914,2024-11-20,60.98,98.96,100.94,,,,
USC00043914,2024-11-21,73.04,98.96,100.94,,,,
USC00043914,2024-11-22,78.08,98.96,100.94,,,,
USC00043914,2024-11-23,78.08,98.96,100.94,,,,
USC00043914,2024-11-24,69.98,98.96,100.94,,,,
USC00043914,2024-11-25,59.0,98.96,100.94,,,,
USC00043914,2024-11-26,69.98,98.96,100.94,,,,
USC00043914,2024-11-27,69.08,98.96,100.94,,,,
USC00043914,2024-11-28,66.92,98.96,100.94,,,,
USC00043914,2024-11-29,66.02,98.96,100.94,,,,
USC00043914,2024-11-30,62.06,98.96,100.94,,,,
USC00043914,2024-12-01,75.02,98.96,100.94,,,,
USC00043914,2024-12-02,75.02,98.96,100.94,,,,
USC00043914,2024-12-03,75.02,98.96,100.94,,,,
USC00043914,2024-12-04,71.06,98.96,100.94,,,,
USC00043914,2024-12-05,71.96,98.96,100.94,,,,
USC00043914,2024-12-06,73.04,98.96,100.94,,,,
USC00043914,2024-12-07,71.96,98.96,100.94,,,,
USC00043914,2024-12-08,75.02,98.96,100.94,,,,
USC00043914,2024-12-09,69.98,98.96,100.94,,,,
USC00043914,2024-12-10,73.94,98.96,100.94,,,,
USC00043914,2024-12-11,57.92,98.96,100.94,,,,
USC00043914,2024-12-12,60.98,98.96,100.94,,,,
USC00043914,2024-12-13,60.98,98.96,100.94,,,,
USC00043914,2024-12-14,57.92,98.96,100.94,,,,
USC00043914,2024-12-15,64.94,98.96,100.94,,,,
USC00043914,2024-12-16,66.92,98.96,100.94,,,,
USC00043914,2024-12-17,,98.96,100.94,,,,
USC00043914,2024-12-18,71.96,98.96,100.94,,,,
USC00043914,2024-12-19,73.94,98.96,100.94,,,,
USC00043914,2024-12-20,,98.96,100.94,,,,
USC00043914,2024-12-21,75.92,98.96,100.94,,,,
USC00043914,2024-12-22,71.96,98.96,100.94,,,,
USC00043914,2024-12-23,71.06,98.96,100.94,,,,
USC00043914,2024-12-24,73.04,98.96,100.94,,,,
USC00043914,2024-12-25,68.0,98.96,100.94,,,,
USC00043914,2024-12-26,64.94,98.96,100.94,,,,
USC00043914,2024-12-27,64.04,98.96,100.94,,,,
USC00043914,2024-12-28,57.92,98.96,100.94,,,,
USC00043914,2024-12-29,71.06,98.96,100.94,,,,
USC00043914,2024-12-30,73.04,98.96,100.94,,,,
USC00043914,2024-12-31,75.02,98.96,100.94,,,,
USC00046657,2021-01-01,,87.98,89.96,,,,
USC00046657,2021-01-02,,87.98,89.96,,,,
USC00046657,2021-01-03,,87.98,89.96,,,,
USC00046657,2021-01-04,,87.98,89.96,,,,
USC00046657,2021-01-05,,87.98,89.96,,,,
USC00046657,2021-01-06,64.94,87.98,89.96,,,,
USC00046657,2021-01-07,,87.98,89.96,,,,
USC00046657,2021-01-08,,87.98,89.96,,,,
USC00046657,2021-01-09,,87.98,89.96,,,,
USC00046657,2021-01-10,,87.98,89.96,,,,
USC00046657,2021-01-11,,87.98,89.96,,,,
USC00046657,2021-01-12,,87.98,89.96,,,,
USC00046657,2021-01-13,,87.98,89.96,,,,
USC00046657,2021-01-14,64.94,87.98,89.96,,,,
USC00046657,2021-01-15,,87.98,89.96,,,,
USC00046657,2021-01-16,,87.98,89.96,,,,
USC00046657,2021-01-17,,87.98,89.96,,,,
USC00046657,2021-01-18,,87.98,89.96,,,,
USC00046657,2021-01-19,,87.98,89.96,,,,
USC00046657,2021-01-20,,87.98,89.96,,,,
USC00046657,2021-01-21,,87.98,89.96,,,,
USC00046657,2021-01-22,,87.98,89.96,,,,
USC00046657,2021-01-23,,87.98,89.96,,,,
USC00046657,2021-01-24,,87.98,89.96,,,,
USC00046657,2021-01-25,,87.98,89.96,,,,
USC00046657,2021-01-26,,87.98,89.96,,,,
USC00046657,2021-01-27,,87.98,89.96,,,,
USC00046657,2021-01-28,,87.98,89.96,,,,
USC00046657,2021-01-29,,87.98,89.96,,,,
USC00046657,2021-01-30,,87.98,89.96,,,,
USC00046657,2021-01-31,,87.98,89.96,,,,
USC00046657,2021-02-01,,87.98,89.96,,,,
USC00046657,2021-02-02,,87.98,89.96,,,,
USC00046657,2021-02-03,,87.98,89.96,,,,
USC00046657,2021-02-04,,87.98,89.96,,,,
USC00046657,2021-02-05,,87.98,89.96,,,,
USC00046657,2021-02-06,,87.98,89.96,,,,
USC00046657,2021-02-07,,87.98,89.96,,,,
USC00046657,2021-02-08,,87.98,89.96,,,,
USC00046657,2021-02-09,53.06,87.98,89.96,,,,
USC00046657,2021-02-10,,87.98,89.96,,,,
USC00046657,2021-02-11,,87.98,89.96,,,,
USC00046657,2021-02-12,,87.98,89.96,,,,
USC00046657,2021-02-13,,87.98,89.96,,,,
USC00046657,2021-02-14,,87.98,89.96,,,,
USC00046657,2021-02-15,,87.98,89.96,,,,
USC00046657,2021-02-16,,87.98,89.96,,,,
USC00046657,2021-02-17,,87.98,89.96,,,,
USC00046657,2021-02-18,,87.98,89.96,,,,
USC00046657,2021-02-19,,87.98,89.96,,,,
USC00046657,2021-02-20,,87.98,89.96,,,,
USC00046657,2021-02-21,,87.98,89.96,,,,
USC00046657,2021-02-22,,87.98,89.96,,,,
USC00046657,2021-02-23,,87.98,89.96,,,,
USC00046657,2021-02-24,,87.98,89.96,,,,
USC00046657,2021-02-25,,87.98,89.96,,,,
USC00046657,2021-02-26,,87.98,89.96,,,,
USC00046657,2021-02-27,,87.98,89.96,,,,
USC00046657,2021-02-28,,87.98,89.96,,,,
USC00046657,2021-03-01,,87.98,89.96,,,,
USC00046657,2021-03-02,,87.98,89.96,,,,
USC00046657,2021-03-03,,87.98,89.96,,,,
USC00046657,2021-03-04,50.0,87.98,89.96,,,,
USC00046657,2021-03-05,,87.98,89.96,,,,
USC00046657,2021-03-06,,87.98,89.96,,,,
USC00046657,2021-03-07,,87.98,89.96,,,,
USC00046657,2021-03-08,,87.98,89.96,,,,
USC00046657,2021-03-09,,87.98,89.96,,,,
USC00046657,2021-03-10,35.96,87.98,89.96,,,,
USC00046657,2021-03-11,35.06,87.98,89.96,,,,
USC00046657,2021-03-12,37.04,87.98,89.96,,,,
USC00046657,2021-03-13,,87.98,89.96,,,,
USC00046657,2021-03-14,,87.98,89.96,,,,
USC00046657,2021-03-15,,87.98,89.96,,,,
USC00046657,2021-03-16,,87.98,89.96,,,,
USC00046657,2021-03-17,,87.98,89.96,,,,
USC00046657,2021-03-18,,87.98,89.96,,,,
USC00046657,2021-03-19,,87.98,89.96,,,,
USC00046657,2021-03-20,,87.98,89.96,,,,
USC00046657,2021-03-21,,87.98,89.96,,,,
USC00046657,2021-03-22,50.0,87.98,89.96,,,,
USC00046657,2021-03-23,42.98,87.98,89.96,,,,
USC00046657,2021-03-24,,87.98,89.96,,,,
USC00046657,2021-03-25,,87.98,89.96,,,,
USC00046657,2021-03-26,,87.98,89.96,,,,
USC00046657,2021-03-27,,87.98,89.96,,,,
USC00046657,2021-03-28,,87.98,89.96,,,,
USC00046657,2021-03-29,,87.98,89.96,,,,
USC00046657,2021-03-30,,87.98,89.96,,,,
USC00046657,2021-03-31,,87.98,89.96,,,,
USC00046657,2021-04-01,69.08,87.98,89.96,,,,
USC00046657,2021-04-02,,87.98,89.96,,,,
USC00046657,2021-04-03,,87.98,89.96,,,,
USC00046657,2021-04-04,,87.98,89.96,,,,
USC00046657,2021-04-05,,87.98,89.96,,,,
USC00046657,2021-04-06,,87.98,89.96,,,,
USC00046657,2021-04-07,,87.98,89.96,,,,
USC00046657,2021-04-08,,87.98,89.96,,,,
USC00046657,2021-04-09,,87.98,89.96,,,,
USC00046657,2021-04-10,,87.98,89.96,,,,
USC00046657,2021-04-11,,87.98,89.96,,,,
USC00046657,2021-04-12,,87.98,89.96,,,,
USC00046657,2021-04-13,,87.98,89.96,,,,
USC00046657,2021-04-14,,87.98,89.96,,,,
USC00046657,2021-04-15,,87.98,89.96,,,,
USC00046657,2021-04-16,,87.98,89.96,,,,
USC00046657,2021-04-17,,87.98,89.96,,,,
USC00046657,2021-04-18,,87.98,89.96,,,,
USC00046657,2021-04-19,,87.98,89.96,,,,
USC00046657,2021-04-20,,87.98,89.96,,,,
USC00046657,2021-04-21,,87.98,89.96,,,,
USC00046657,2021-04-22,,87.98,89.96,,,,
USC00046657,2021-04-23,,87.98,89.96,,,,
USC00046657,2021-04-24,,87.98,89.96,,,,
USC00046657,2021-04-25,,87.98,89.96,,,,
USC00046657,2021-04-26,39.92,87.98,89.96,,,,
USC00046657,2021-04-27,46.04,87.98,89.96,,,,
USC00046657,2021-04-28,66.02,87.98,89.96,,,,
USC00046657,2021-04-29,78.98,87.98,89.96,,,,
USC00046657,2021-04-30,80.06,87.98,89.96,,,,
USC00046657,2021-05-01,71.96,87.98,89.96,0.0,0.0,0.0,0.0
USC00046657,2021-05-02,60.08,87.98,89.96,0.0,0.0,0.0,0.0
USC00046657,2021-05-03,69.98,87.98,89.96,0.0,0.0,0.0,0.0
USC00046657,2021-05-04,75.92,87.98,89.96,0.0,0.0,0.0,0.0
USC00046657,2021-05-05,75.92,87.98,89.96,0.0,0.0,0.0,0.0
USC00046657,2021-05-06,75.02,87.98,89.96,0.0,0.0,0.0,0.0
USC00046657,2021-05-07,71.06,87.98,89.96,0.0,0.0,0.0,0.0
USC00046657,2021-05-08,77.0,87.98,89.96,0.0,0.0,0.0,0.0
USC00046657,2021-05-09,75.02,87.98,89.96,0.0,0.0,0.0,0.0
USC00046657,2021-05-10,69.08,87.98,89.96,0.0,0.0,0.0,0.0
USC00046657,2021-05-11,77.0,87.98,89.96,0.0,0.0,0.0,0.0
USC00046657,2021-05-12,78.08,87.98,89.96,0.0,0.0,0.0,0.0
USC00046657,2021-05-13,77.0,87.98,89.96,0.0,0.0,0.0,0.0
USC00046657,2021-05-14,75.02,87.98,89.96,0.0,0.0,0.0,0.0
USC00046657,2021-05-15,69.98,87.98,89.96,0.0,0.0,0.0,0.0
USC00046657,2021-05-16,51.98,87.98,89.96,0.0,0.0,0.0,0.0
USC00046657,2021-05-17,62.06,87.98,89.96,0.0,0.0,0.0,0.0
USC00046657,2021-05-18,73.94,87.98,89.96,0.0,0.0,0.0,0.0
USC00046657,2021-05-19,73.94,87.98,89.96,0.0,0.0,0.0,0.0
USC00046657,2021-05-20,64.04,87.98,89.96,0.0,0.0,0.0,0.0
USC00046657,2021-05-21,51.08,87.98,89.96,0.0,0.0,0.0,0.0
USC00046657,2021-05-22,57.02,87.98,89.96,0.0,0.0,0.0,0.0
USC00046657,2021-05-23,64.04,87.98,89.96,0.0,0.0,0.0,0.0
USC00046657,2021-05-24,75.02,87.98,89.96,0.0,0.0,0.0,0.0
USC00046657,2021-05-25,75.92,87.98,89.96,0.0,0.0,0.0,0.0
USC00046657,2021-05-26,73.04,87.98,89.96,0.0,0.0,0.0,0.0
USC00046657,2021-05-27,71.06,87.98,89.96,0.0,0.0,0.0,0.0
USC00046657,2021-05-28,75.92,87.98,89.96,0.0,0.0,0.0,0.0
USC00046657,2021-05-29,71.96,87.98,89.96,0.0,0.0,0.0,0.0
USC00046657,2021-05-30,80.06,87.98,89.96,0.0,0.0,0.0,0.0
USC00046657,2021-05-31,82.94,87.98,89.96,0.0,0.0,0.0,0.0
USC00046657,2021-06-01,84.02,87.98,89.96,0.0,0.0,0.0,0.0
USC00046657,2021-06-02,86.0,87.98,89.96,0.0,0.0,0.0,0.0
USC00046657,2021-06-03,86.0,87.98,89.96,0.0,0.0,0.0,0.0
USC00046657,2021-06-04,86.0,87.98,89.96,0.0,0.0,0.0,0.0
USC00046657,2021-06-05,78.08,87.98,89.96,0.0,0.0,0.0,0.0
USC00046657,2021-06-06,75.02,87.98,89.96,0.0,0.0,0.0,0.0
USC00046657,2021-06-07,69.08,87.98,89.96,0.0,0.0,0.0,0.0
USC00046657,2021-06-08,68.0,87.98,89.96,0.0,0.0,0.0,0.0
USC00046657,2021-06-09,73.04,87.98,89.96,0.0,0.0,0.0,0.0
USC00046657,2021-06-10,69.08,87.98,89.96,0.0,0.0,0.0,0.0
USC00046657,2021-06-11,77.0,87.98,89.96,0.0,0.0,0.0,0.0
USC00046657,2021-06-12,84.02,87.98,89.96,0.0,0.0,0.0,0.0
USC00046657,2021-06-13,86.0,87.98,89.96,0.0,0.0,0.0,0.0
USC00046657,2021-06-14,91.04,87.98,89.96,1.0,1.0,1.0,1.0
USC00046657,2021-06-15,93.02,87.98,89.96,1.0,1.0,1.0,1.0
USC00046657,2021-06-16,96.08,87.98,89.96,1.0,1.0,1.0,1.0
USC00046657,2021-06-17,95.0,87.98,89.96,1.0,1.0,1.0,1.0
USC00046657,2021-06-18,91.94,87.98,89.96,1.0,1.0,1.0,1.0
USC00046657,2021-06-19,89.96,87.98,89.96,1.0,1.0,0.0,0.0
USC00046657,2021-06-20,89.96,87.98,89.96,1.0,1.0,0.0,0.0
USC00046657,2021-06-21,84.92,87.98,89.96,0.0,0.0,0.0,0.0
USC00046657,2021-06-22,80.96,87.98,89.96,0.0,0.0,0.0,0.0
USC00046657,2021-06-23,78.08,87.98,89.96,0.0,0.0,0.0,0.0
USC00046657,2021-06-24,80.06,87.98,89.96,0.0,0.0,0.0,0.0
USC00046657,2021-06-25,82.04,87.98,89.96,0.0,0.0,0.0,0.0
USC00046657,2021-06-26,87.98,87.98,89.96,0.0,0.0,0.0,0.0
USC00046657,2021-06-27,96.08,87.98,89.96,1.0,1.0,1.0,1.0
USC00046657,2021-06-28,96.08,87.98,89.96,1.0,1.0,1.0,1.0
USC00046657,2021-06-29,91.04,87.98,89.96,1.0,1.0,1.0,1.0
USC00046657,2021-06-30,89.06,87.98,89.96,1.0,1.0,0.0,0.0
USC00046657,2021-07-01,89.06,87.98,89.96,1.0,1.0,0.0,0.0
USC00046657,2021-07-02,89.06,87.98,89.96,1.0,1.0,0.0,0.0
USC00046657,2021-07-03,87.98,87.98,89.96,0.0,0.0,0.0,0.0
USC00046657,2021-07-04,87.08,87.98,89.96,0.0,0.0,0.0,0.0
USC00046657,2021-07-05,86.0,87.98,89.96,0.0,0.0,0.0,0.0
USC00046657,2021-07-06,87.98,87.98,89.96,0.0,0.0,0.0,0.0
USC00046657,2021-07-07,91.94,87.98,89.96,1.0,1.0,1.0,1.0
USC00046657,2021-07-08,93.02,87.98,89.96,1.0,1.0,1.0,1.0
USC00046657,2021-07-09,91.94,87.98,89.96,1.0,1.0,1.0,1.0
USC00046657,2021-07-10,93.02,87.98,89.96,1.0,1.0,1.0,1.0
USC00046657,2021-07-11,98.06,87.98,89.96,1.0,1.0,1.0,1.0
USC00046657,2021-07-12,91.94,87.98,89.96,1.0,1.0,1.0,1.0
USC00046657,2021-07-13,91.94,87.98,89.96,1.0,1.0,1.0,1.0
USC00046657,2021-07-14,86.0,87.98,89.96,0.0,0.0,0.0,0.0
USC00046657,2021-07-15,82.94,87.98,89.96,0.0,0.0,0.0,0.0
USC00046657,2021-07-16,84.92,87.98,89.96,0.0,0.0,0.0,0.0
USC00046657,2021-07-17,87.98,87.98,89.96,0.0,0.0,0.0,0.0
USC00046657,2021-07-18,84.92,87.98,89.96,0.0,0.0,0.0,0.0
USC00046657,2021-07-19,87.98,87.98,89.96,0.0,0.0,0.0,0.0
USC00046657,2021-07-20,87.98,87.98,89.96,0.0,0.0,0.0,0.0
USC00046657,2021-07-21,89.96,87.98,89.96,1.0,0.0,0.0,0.0
USC00046657,2021-07-22,87.98,87.98,89.96,0.0,0.0,0.0,0.0
USC00046657,2021-07-23,84.02,87.98,89.96,0.0,0.0,0.0,0.0
USC00046657,2021-07-24,82.04,87.98,89.96,0.0,0.0,0.0,0.0
USC00046657,2021-07-25,82.04,87.98,89.96,0.0,0.0,0.0,0.0
USC00046657,2021-07-26,80.06,87.98,89.96,0.0,0.0,0.0,0.0
USC00046657,2021-07-27,84.02,87.98,89.96,0.0,0.0,0.0,0.0
USC00046657,2021-07-28,87.08,87.98,89.96,0.0,0.0,0.0,0.0
USC00046657,2021-07-29,89.06,87.98,89.96,1.0,0.0,0.0,0.0
USC00046657,2021-07-30,87.08,87.98,89.96,0.0,0.0,0.0,0.0
USC00046657,2021-07-31,82.94,87.98,89.96,0.0,0.0,0.0,0.0
USC00046657,2021-08-01,87.98,87.98,89.96,0.0,0.0,0.0,0.0
USC00046657,2021-08-02,91.04,87.98,89.96,1.0,1.0,1.0,1.0
USC00046657,2021-08-03,93.92,87.98,89.96,1.0,1.0,1.0,1.0
USC00046657,2021-08-04,96.98,87.98,89.96,1.0,1.0,1.0,1.0
USC00046657,2021-08-05,95.0,87.98,89.96,1.0,1.0,1.0,1.0
USC00046657,2021-08-06,91.94,87.98,89.96,1.0,1.0,1.0,1.0
USC00046657,2021-08-07,89.06,87.98,89.96,1.0,1.0,0.0,0.0
USC00046657,2021-08-08,89.06,87.98,89.96,1.0,1.0,0.0,0.0
USC00046657,2021-08-09,87.08,87.98,89.96,0.0,0.0,0.0,0.0
USC00046657,2021-08-10,87.98,87.98,89.96,0.0,0.0,0.0,0.0
USC00046657,2021-08-11,78.98,87.98,89.96,0.0,0.0,0.0,0.0
USC00046657,2021-08-12,82.94,87.98,89.96,0.0,0.0,0.0,0.0
USC00046657,2021-08-13,80.96,87.98,89.96,0.0,0.0,0.0,0.0
USC00046657,2021-08-14,82.94,87.98,89.96,0.0,0.0,0.0,0.0
USC00046657,2021-08-15,89.06,87.98,89.96,1.0,0.0,0.0,0.0
USC00046657,2021-08-16,86.0,87.98,89.96,0.0,0.0,0.0,0.0
USC00046657,2021-08-17,80.96,87.98,89.96,0.0,0.0,0.0,0.0
USC00046657,2021-08-18,73.04,87.98,89.96,0.0,0.0,0.0,0.0
USC00046657,2021-08-19,71.06,87.98,89.96,0.0,0.0,0.0,0.0
USC00046657,2021-08-20,80.06,87.98,89.96,0.0,0.0,0.0,0.0
USC00046657,2021-08-21,78.08,87.98,89.96,0.0,0.0,0.0,0.0
USC00046657,2021-08-22,82.04,87.98,89.96,0.0,0.0,0.0,0.0
USC00046657,2021-08-23,82.04,87.98,89.96,0.0,0.0,0.0,0.0
USC00046657,2021-08-24,84.02,87.98,89.96,0.0,0.0,0.0,0.0
USC00046657,2021-08-25,87.08,87.98,89.96,0.0,0.0,0.0,0.0
USC00046657,2021-08-26,89.06,87.98,89.96,1.0,1.0,0.0,0.0
USC00046657,2021-08-27,91.94,87.98,89.96,1.0,1.0,1.0,0.0
USC00046657,2021-08-28,93.02,87.98,89.96,1.0,1.0,1.0,0.0
USC00046657,2021-08-29,89.06,87.98,89.96,1.0,1.0,0.0,0.0
USC00046657,2021-08-30,87.98,87.98,89.96,0.0,0.0,0.0,0.0
USC00046657,2021-08-31,78.98,87.98,89.96,0.0,0.0,0.0,0.0
USC00046657,2021-09-01,80.96,87.98,89.96,0.0,0.0,0.0,0.0
USC00046657,2021-09-02,82.04,87.98,89.96,0.0,0.0,0.0,0.0
USC00046657,2021-09-03,80.96,87.98,89.96,0.0,0.0,0.0,0.0
USC00046657,2021-09-04,84.92,87.98,89.96,0.0,0.0,0.0,0.0
USC00046657,2021-09-05,91.04,87.98,89.96,1.0,0.0,1.0,0.0
USC00046657,2021-09-06,91.94,87.98,89.96,1.0,0.0,1.0,0.0
USC00046657,2021-09-07,87.98,87.98,89.96,0.0,0.0,0.0,0.0
USC00046657,2021-09-08,91.04,87.98,89.96,1.0,0.0,1.0,0.0
USC00046657,2021-09-09,89.96,87.98,89.96,1.0,0.0,0.0,0.0
USC00046657,2021-09-10,86.0,87.98,89.96,0.0,0.0,0.0,0.0
USC00046657,2021-09-11,87.08,87.98,89.96,0.0,0.0,0.0,0.0
USC00046657,2021-09-12,87.98,87.98,89.96,0.0,0.0,0.0,0.0
USC00046657,2021-09-13,87.08,87.98,89.96,0.0,0.0,0.0,0.0
USC00046657,2021-09-14,82.04,87.98,89.96,0.0,0.0,0.0,0.0
USC00046657,2021-09-15,80.96,87.98,89.96,0.0,0.0,0.0,0.0
USC00046657,2021-09-16,82.04,87.98,89.96,0.0,0.0,0.0,0.0
USC00046657,2021-09-17,80.06,87.98,89.96,0.0,0.0,0.0,0.0
USC00046657,2021-09-18,77.0,87.98,89.96,0.0,0.0,0.0,0.0
USC00046657,2021-09-19,77.0,87.98,89.96,0.0,0.0,0.0,0.0
USC00046657,2021-09-20,82.04,87.98,89.96,0.0,0.0,0.0,0.0
USC00046657,2021-09-21,84.92,87.98,89.96,0.0,0.0,0.0,0.0
USC00046657,2021-09-22,84.92,87.98,89.96,0.0,0.0,0.0,0.0
USC00046657,2021-09-23,80.06,87.98,89.96,0.0,0.0,0.0,0.0
USC00046657,2021-09-24,78.08,87.98,89.96,0.0,0.0,0.0,0.0
USC00046657,2021-09-25,71.96,87.98,89.96,0.0,0.0,0.0,0.0
USC00046657,2021-09-26,71.96,87.98,89.96,0.0,0.0,0.0,0.0
USC00046657,2021-09-27,75.92,87.98,89.96,0.0,0.0,0.0,0.0
USC00046657,2021-09-28,69.08,87.98,89.96,0.0,0.0,0.0,0.0
USC00046657,2021-09-29,69.98,87.98,89.96,0.0,0.0,0.0,0.0
USC00046657,2021-09-30,75.92,87.98,89.96,0.0,0.0,0.0,0.0
USC00046657,2021-10-01,78.08,87.98,89.96,,,,
USC00046657,2021-10-02,75.02,87.98,89.96,,,,
USC00046657,2021-10-03,75.92,87.98,89.96,,,,
USC00046657,2021-10-04,75.92,87.98,89.96,,,,
USC00046657,2021-10-05,62.96,87.98,89.96,,,,
USC00046657,2021-10-06,66.92,87.98,89.96,,,,
USC00046657,2021-10-07,59.0,87.98,89.96,,,,
USC00046657,2021-10-08,57.92,87.98,89.96,,,,
USC00046657,2021-10-09,59.0,87.98,89.96,,,,
USC00046657,2021-10-10,64.94,87.98,89.96,,,,
USC00046657,2021-10-11,59.0,87.98,89.96,,,,
USC00046657,2021-10-12,48.92,87.98,89.96,,,,
USC00046657,2021-10-13,57.92,87.98,89.96,,,,
USC00046657,2021-10-14,66.02,87.98,89.96,,,,
USC00046657,2021-10-15,68.0,87.98,89.96,,,,
USC00046657,2021-10-16,69.98,87.98,89.96,,,,
USC00046657,2021-10-17,64.04,87.98,89.96,,,,
USC00046657,2021-10-18,44.96,87.98,89.96,,,,
USC00046657,2021-10-19,59.0,87.98,89.96,,,,
USC00046657,2021-10-20,69.08,87.98,89.96,,,,
USC00046657,2021-10-21,73.94,87.98,89.96,,,,
USC00046657,2021-10-22,68.0,87.98,89.96,,,,
USC00046657,2021-10-23,62.06,87.98,89.96,,,,
USC00046657,2021-10-24,64.04,87.98,89.96,,,,
USC00046657,2021-10-25,55.04,87.98,89.96,,,,
USC00046657,2021-10-26,53.06,87.98,89.96,,,,
USC00046657,2021-10-27,71.06,87.98,89.96,,,,
USC00046657,2021-10-28,75.92,87.98,89.96,,,,
USC00046657,2021-10-29,73.94,87.98,89.96,,,,
USC00046657,2021-10-30,69.08,87.98,89.96,,,,
USC00046657,2021-10-31,62.96,87.98,89.96,,,,
USC00046657,2021-11-01,59.0,87.98,89.96,,,,
USC00046657,2021-11-02,64.94,87.98,89.96,,,,
USC00046657,2021-11-03,73.04,87.98,89.96,,,,
USC00046657,2021-11-04,71.96,87.98,89.96,,,,
USC00046657,2021-11-05,73.94,87.98,89.96,,,,
USC00046657,2021-11-06,69.98,87.98,89.96,,,,
USC00046657,2021-11-07,68.0,87.98,89.96,,,,
USC00046657,2021-11-08,66.02,87.98,89.96,,,,
USC00046657,2021-11-09,60.08,87.98,89.96,,,,
USC00046657,2021-11-10,71.96,87.98,89.96,,,,
USC00046657,2021-11-11,73.04,87.98,89.96,,,,
USC00046657,2021-11-12,73.94,87.98,89.96,,,,
USC00046657,2021-11-13,73.94,87.98,89.96,,,,
USC00046657,2021-11-14,73.94,87.98,89.96,,,,
USC00046657,2021-11-15,71.96,87.98,89.96,,,,
USC00046657,2021-11-16,66.02,87.98,89.96,,,,
USC00046657,2021-11-17,66.92,87.98,89.96,,,,
USC00046657,2021-11-18,66.02,87.98,89.96,,,,
USC00046657,2021-11-19,64.94,87.98,89.96,,,,
USC00046657,2021-11-20,64.04,87.98,89.96,,,,
USC00046657,2021-11-21,64.04,87.98,89.96,,,,
USC00046657,2021-11-22,64.04,87.98,89.96,,,,
USC00046657,2021-11-23,60.08,87.98,89.96,,,,
USC00046657,2021-11-24,60.08,87.98,89.96,,,,
USC00046657,2021-11-25,53.96,87.98,89.96,,,,
USC00046657,2021-11-26,64.04,87.98,89.96,,,,
USC00046657,2021-11-27,66.92,87.98,89.96,,,,
USC00046657,2021-11-28,68.0,87.98,89.96,,,,
USC00046657,2021-11-29,69.08,87.98,89.96,,,,
USC00046657,2021-11-30,71.06,87.98,89.96,,,,
USC00046657,2021-12-01,68.0,87.98,89.96,,,,
USC00046657,2021-12-02,66.92,87.98,89.96,,,,
USC00046657,2021-12-03,64.94,87.98,89.96,,,,
USC00046657,2021-12-04,62.06,87.98,89.96,,,,
USC00046657,2021-12-05,64.94,87.98,89.96,,,,
USC00046657,2021-12-06,66.92,87.98,89.96,,,,
USC00046657,2021-12-07,48.92,87.98,89.96,,,,
USC00046657,2021-12-08,53.96,87.98,89.96,,,,
USC00046657,2021-12-09,39.92,87.98,89.96,,,,
USC00046657,2021-12-10,39.92,87.98,89.96,,,,
USC00046657,2021-12-11,51.08,87.98,89.96,,,,
USC00046657,2021-12-12,53.96,87.98,89.96,,,,
USC00046657,2021-12-13,39.92,87.98,89.96,,,,
USC00046657,2021-12-14,41.0,87.98,89.96,,,,
USC00046657,2021-12-15,35.96,87.98,89.96,,,,
USC00046657,2021-12-16,44.06,87.98,89.96,,,,
USC00046657,2021-12-17,48.92,87.98,89.96,,,,
USC00046657,2021-12-18,57.92,87.98,89.96,,,,
USC00046657,2021-12-19,57.02,87.98,89.96,,,,
USC00046657,2021-12-20,60.08,87.98,89.96,,,,
USC00046657,2021-12-21,57.02,87.98,89.96,,,,
USC00046657,2021-12-22,60.08,87.98,89.96,,,,
USC00046657,2021-12-23,46.94,87.98,89.96,,,,
USC00046657,2021-12-24,42.98,87.98,89.96,,,,
USC00046657,2021-12-25,37.94,87.98,89.96,,,,
USC00046657,2021-12-26,35.96,87.98,89.96,,,,
USC00046657,2021-12-27,33.08,87.98,89.96,,,,
USC00046657,2021-12-28,32.0,87.98,89.96,,,,
USC00046657,2021-12-29,33.08,87.98,89.96,,,,
USC00046657,2021-12-30,37.04,87.98,89.96,,,,
USC00046657,2021-12-31,39.92,87.98,89.96,,,,
USC00046657,2022-01-01,39.02,87.98,89.96,,,,
USC00046657,2022-01-02,51.08,87.98,89.96,,,,
USC00046657,2022-01-03,55.94,87.98,89.96,,,,
USC00046657,2022-01-04,53.96,87.98,89.96,,,,
USC00046657,2022-01-05,62.96,87.98,89.96,,,,
USC00046657,2022-01-06,64.04,87.98,89.96,,,,
USC00046657,2022-01-07,57.92,87.98,89.96,,,,
USC00046657,2022-01-08,55.94,87.98,89.96,,,,
USC00046657,2022-01-09,51.08,87.98,89.96,,,,
USC00046657,2022-01-10,53.06,87.98,89.96,,,,
USC00046657,2022-01-11,55.94,87.98,89.96,,,,
USC00046657,2022-01-12,60.08,87.98,89.96,,,,
USC00046657,2022-01-13,60.08,87.98,89.96,,,,
USC00046657,2022-01-14,60.98,87.98,89.96,,,,
USC00046657,2022-01-15,46.94,87.98,89.96,,,,
USC00046657,2022-01-16,57.02,87.98,89.96,,,,
USC00046657,2022-01-17,48.92,87.98,89.96,,,,
USC00046657,2022-01-18,42.98,87.98,89.96,,,,
USC00046657,2022-01-19,55.94,87.98,89.96,,,,
USC00046657,2022-01-20,59.0,87.98,89.96,,,,
USC00046657,2022-01-21,53.06,87.98,89.96,,,,
USC00046657,2022-01-22,48.02,87.98,89.96,,,,
USC00046657,2022-01-23,55.94,87.98,89.96,,,,
USC00046657,2022-01-24,57.02,87.98,89.96,,,,
USC00046657,2022-01-25,57.92,87.98,89.96,,,,
USC00046657,2022-01-26,51.08,87.98,89.96,,,,
USC00046657,2022-01-27,55.94,87.98,89.96,,,,
USC00046657,2022-01-28,50.0,87.98,89.96,,,,
USC00046657,2022-01-29,48.02,87.98,89.96,,,,
USC00046657,2022-01-30,59.0,87.98,89.96,,,,
USC00046657,2022-01-31,55.04,87.98,89.96,,,,
USC00046657,2022-02-01,51.98,87.98,89.96,,,,
USC00046657,2022-02-02,44.06,87.98,89.96,,,,
USC00046657,2022-02-03,48.02,87.98,89.96,,,,
USC00046657,2022-02-04,46.94,87.98,89.96,,,,
USC00046657,2022-02-05,57.02,87.98,89.96,,,,
USC00046657,2022-02-06,60.98,87.98,89.96,,,,
USC00046657,2022-02-07,59.0,87.98,89.96,,,,
USC00046657,2022-02-08,62.06,87.98,89.96,,,,
USC00046657,2022-02-09,66.92,87.98,89.96,,,,
USC00046657,2022-02-10,66.92,87.98,89.96,,,,
USC00046657,2022-02-11,68.0,87.98,89.96,,,,
USC00046657,2022-02-12,64.04,87.98,89.96,,,,
USC00046657,2022-02-13,69.08,87.98,89.96,,,,
USC00046657,2022-02-14,64.94,87.98,89.96,,,,
USC00046657,2022-02-15,46.04,87.98,89.96,,,,
USC00046657,2022-02-16,42.98,87.98,89.96,,,,
USC00046657,2022-02-17,51.08,87.98,89.96,,,,
USC00046657,2022-02-18,55.94,87.98,89.96,,,,
USC00046657,2022-02-19,59.0,87.98,89.96,,,,
USC00046657,2022-02-20,57.92,87.98,89.96,,,,
USC00046657,2022-02-21,37.94,87.98,89.96,,,,
USC00046657,2022-02-22,32.0,87.98,89.96,,,,
USC00046657,2022-02-23,28.04,87.98,89.96,,,,
USC00046657,2022-02-24,37.04,87.98,89.96,,,,
USC00046657,2022-02-25,46.94,87.98,89.96,,,,
USC00046657,2022-02-26,51.08,87.98,89.96,,,,
USC00046657,2022-02-27,57.92,87.98,89.96,,,,
USC00046657,2022-02-28,62.96,87.98,89.96,,,,
USC00046657,2022-03-01,68.0,87.98,89.96,,,,
USC00046657,2022-03-02,68.0,87.98,89.96,,,,
USC00046657,2022-03-03,60.98,87.98,89.96,,,,
USC00046657,2022-03-04,39.92,87.98,89.96,,,,
USC00046657,2022-03-05,37.04,87.98,89.96,,,,
USC00046657,2022-03-06,41.0,87.98,89.96,,,,
USC00046657,2022-03-07,48.02,87.98,89.96,,,,
USC00046657,2022-03-08,46.94,87.98,89.96,,,,
USC00046657,2022-03-09,53.06,87.98,89.96,,,,
USC00046657,2022-03-10,46.94,87.98,89.96,,,,
USC00046657,2022-03-11,55.94,87.98,89.96,,,,
USC00046657,2022-03-12,60.08,87.98,89.96,,,,
USC00046657,2022-03-13,59.0,87.98,89.96,,,,
USC00046657,2022-03-14,68.0,87.98,89.96,,,,
USC00046657,2022-03-15,66.92,87.98,89.96,,,,
USC00046657,2022-03-16,57.92,87.98,89.96,,,,
USC00046657,2022-03-17,64.04,87.98,89.96,,,,
USC00046657,2022-03-18,62.96,87.98,89.96,,,,
USC00046657,2022-03-19,57.92,87.98,89.96,,,,
USC00046657,2022-03-20,46.94,87.98,89.96,,,,
USC00046657,2022-03-21,62.06,87.98,89.96,,,,
USC00046657,2022-03-22,68.0,87.98,89.96,,,,
USC00046657,2022-03-23,68.0,87.98,89.96,,,,
USC00046657,2022-03-24,71.96,87.98,89.96,,,,
USC00046657,2022-03-25,75.02,87.98,89.96,,,,
USC00046657,2022-03-26,71.06,87.98,89.96,,,,
USC00046657,2022-03-27,60.98,87.98,89.96,,,,
USC00046657,2022-03-28,44.96,87.98,89.96,,,,
USC00046657,2022-03-29,46.04,87.98,89.96,,,,
USC00046657,2022-03-30,60.08,87.98,89.96,,,,
USC00046657,2022-03-31,57.02,87.98,89.96,,,,
USC00046657,2022-04-01,64.94,87.98,89.96,,,,
USC00046657,2022-04-02,62.96,87.98,89.96,,,,
USC00046657,2022-04-03,57.92,87.98,89.96,,,,
USC00046657,2022-04-04,66.92,87.98,89.96,,,,
USC00046657,2022-04-05,71.96,87.98,89.96,,,,
USC00046657,2022-04-06,73.94,87.98,89.96,,,,
USC00046657,2022-04-07,75.92,87.98,89.96,,,,
USC00046657,2022-04-08,78.98,87.98,89.96,,,,
USC00046657,2022-04-09,69.98,87.98,89.96,,,,
USC00046657,2022-04-10,66.02,87.98,89.96,,,,
USC00046657,2022-04-11,53.96,87.98,89.96,,,,
USC00046657,2022-04-12,50.0,87.98,89.96,,,,
USC00046657,2022-04-13,55.94,87.98,89.96,,,,
USC00046657,2022-04-14,60.98,87.98,89.96,,,,
USC00046657,2022-04-15,62.06,87.98,89.96,,,,
USC00046657,2022-04-16,55.94,87.98,89.96,,,,
USC00046657,2022-04-17,71.96,87.98,89.96,,,,
USC00046657,2022-04-18,71.06,87.98,89.96,,,,
USC00046657,2022-04-19,62.96,87.98,89.96,,,,
USC00046657,2022-04-20,57.92,87.98,89.96,,,,
USC00046657,2022-04-21,60.08,87.98,89.96,,,,
USC00046657,2022-04-22,42.98,87.98,89.96,,,,
USC00046657,2022-04-23,60.08,87.98,89.96,,,,
USC00046657,2022-04-24,66.92,87.98,89.96,,,,
USC00046657,2022-04-25,69.08,87.98,89.96,,,,
USC00046657,2022-04-26,68.0,87.98,89.96,,,,
USC00046657,2022-04-27,64.94,87.98,89.96,,,,
USC00046657,2022-04-28,57.02,87.98,89.96,,,,
USC00046657,2022-04-29,71.06,87.98,89.96,,,,
USC00046657,2022-04-30,71.96,87.98,89.96,,,,
USC00046657,2022-05-01,66.02,87.98,89.96,0.0,0.0,0.0,0.0
USC00046657,2022-05-02,69.08,87.98,89.96,0.0,0.0,0.0,0.0
USC00046657,2022-05-03,66.92,87.98,89.96,0.0,0.0,0.0,0.0
USC00046657,2022-05-04,71.96,87.98,89.96,0.0,0.0,0.0,0.0
USC00046657,2022-05-05,71.96,87.98,89.96,0.0,0.0,0.0,0.0
USC00046657,2022-05-06,75.02,87.98,89.96,0.0,0.0,0.0,0.0
USC00046657,2022-05-07,71.06,87.98,89.96,0.0,0.0,0.0,0.0
USC00046657,2022-05-08,55.94,87.98,89.96,0.0,0.0,0.0,0.0
USC00046657,2022-05-09,57.02,87.98,89.96,0.0,0.0,0.0,0.0
USC00046657,2022-05-10,55.04,87.98,89.96,0.0,0.0,0.0,0.0
USC00046657,2022-05-11,53.06,87.98,89.96,0.0,0.0,0.0,0.0
USC00046657,2022-05-12,69.08,87.98,89.96,0.0,0.0,0.0,0.0
USC00046657,2022-05-13,78.08,87.98,89.96,0.0,0.0,0.0,0.0
USC00046657,2022-05-14,80.06,87.98,89.96,0.0,0.0,0.0,0.0
USC00046657,2022-05-15,80.06,87.98,89.96,0.0,0.0,0.0,0.0
USC00046657,2022-05-16,73.04,87.98,89.96,0.0,0.0,0.0,0.0
USC00046657,2022-05-17,69.98,87.98,89.96,0.0,0.0,0.0,0.0
USC00046657,2022-05-18,78.98,87.98,89.96,0.0,0.0,0.0,0.0
USC00046657,2022-05-19,82.04,87.98,89.96,0.0,0.0,0.0,0.0
USC00046657,2022-05-20,68.0,87.98,89.96,0.0,0.0,0.0,0.0
USC00046657,2022-05-21,66.92,87.98,89.96,0.0,0.0,0.0,0.0
USC00046657,2022-05-22,71.06,87.98,89.96,0.0,0.0,0.0,0.0
USC00046657,2022-05-23,75.92,87.98,89.96,0.0,0.0,0.0,0.0
USC00046657,2022-05-24,80.96,87.98,89.96,0.0,0.0,0.0,0.0
USC00046657,2022-05-25,82.94,87.98,89.96,0.0,0.0,0.0,0.0
USC00046657,2022-05-26,80.06,87.98,89.96,0.0,0.0,0.0,0.0
USC00046657,2022-05-27,78.98,87.98,89.96,0.0,0.0,0.0,0.0
USC00046657,2022-05-28,66.02,87.98,89.96,0.0,0.0,0.0,0.0
USC00046657,2022-05-29,64.04,87.98,89.96,0.0,0.0,0.0,0.0
USC00046657,2022-05-30,68.0,87.98,89.96,0.0,0.0,0.0,0.0
USC00046657,2022-05-31,69.08,87.98,89.96,0.0,0.0,0.0,0.0
USC00046657,2022-06-01,78.98,87.98,89.96,0.0,0.0,0.0,0.0
USC00046657,2022-06-02,78.98,87.98,89.96,0.0,0.0,0.0,0.0
USC00046657,2022-06-03,75.02,87.98,89.96,0.0,0.0,0.0,0.0
USC00046657,2022-06-04,73.04,87.98,89.96,0.0,0.0,0.0,0.0
USC00046657,2022-06-05,73.94,87.98,89.96,0.0,0.0,0.0,0.0
USC00046657,2022-06-06,78.08,87.98,89.96,0.0,0.0,0.0,0.0
USC00046657,2022-06-07,82.04,87.98,89.96,0.0,0.0,0.0,0.0
USC00046657,2022-06-08,84.02,87.98,89.96,0.0,0.0,0.0,0.0
USC00046657,2022-06-09,86.0,87.98,89.96,0.0,0.0,0.0,0.0
USC00046657,2022-06-10,87.98,87.98,89.96,0.0,0.0,0.0,0.0
USC00046657,2022-06-11,87.98,87.98,89.96,0.0,0.0,0.0,0.0
USC00046657,2022-06-12,82.94,87.98,89.96,0.0,0.0,0.0,0.0
USC00046657,2022-06-13,75.02,87.98,89.96,0.0,0.0,0.0,0.0
USC00046657,2022-06-14,78.08,87.98,89.96,0.0,0.0,0.0,0.0
USC00046657,2022-06-15,87.08,87.98,89.96,0.0,0.0,0.0,0.0
USC00046657,2022-06-16,84.92,87.98,89.96,0.0,0.0,0.0,0.0
USC00046657,2022-06-17,75.02,87.98,89.96,0.0,0.0,0.0,0.0
USC00046657,2022-06-18,66.92,87.98,89.96,0.0,0.0,0.0,0.0
USC00046657,2022-06-19,71.96,87.98,89.96,0.0,0.0,0.0,0.0
USC00046657,2022-06-20,80.06,87.98,89.96,0.0,0.0,0.0,0.0
USC00046657,2022-06-21,78.08,87.98,89.96,0.0,0.0,0.0,0.0
USC00046657,2022-06-22,80.06,87.98,89.96,0.0,0.0,0.0,0.0
USC00046657,2022-06-23,80.06,87.98,89.96,0.0,0.0,0.0,0.0
USC00046657,2022-06-24,84.02,87.98,89.96,0.0,0.0,0.0,0.0
USC00046657,2022-06-25,84.92,87.98,89.96,0.0,0.0,0.0,0.0
USC00046657,2022-06-26,87.08,87.98,89.96,0.0,0.0,0.0,0.0
USC00046657,2022-06-27,86.0,87.98,89.96,0.0,0.0,0.0,0.0
USC00046657,2022-06-28,87.08,87.98,89.96,0.0,0.0,0.0,0.0
USC00046657,2022-06-29,84.92,87.98,89.96,0.0,0.0,0.0,0.0
USC00046657,2022-06-30,84.02,87.98,89.96,0.0,0.0,0.0,0.0
USC00046657,2022-07-01,80.96,87.98,89.96,0.0,0.0,0.0,0.0
USC00046657,2022-07-02,80.06,87.98,89.96,0.0,0.0,0.0,0.0
USC00046657,2022-07-03,75.92,87.98,89.96,0.0,0.0,0.0,0.0
USC00046657,2022-07-04,73.94,87.98,89.96,0.0,0.0,0.0,0.0
USC00046657,2022-07-05,75.92,87.98,89.96,0.0,0.0,0.0,0.0
USC00046657,2022-07-06,77.0,87.98,89.96,0.0,0.0,0.0,0.0
USC00046657,2022-07-07,82.04,87.98,89.96,0.0,0.0,0.0,0.0
USC00046657,2022-07-08,84.02,87.98,89.96,0.0,0.0,0.0,0.0
USC00046657,2022-07-09,84.92,87.98,89.96,0.0,0.0,0.0,0.0
USC00046657,2022-07-10,87.08,87.98,89.96,0.0,0.0,0.0,0.0
USC00046657,2022-07-11,91.94,87.98,89.96,1.0,1.0,1.0,0.0
USC00046657,2022-07-12,91.04,87.98,89.96,1.0,1.0,1.0,0.0
USC00046657,2022-07-13,89.06,87.98,89.96,1.0,1.0,0.0,0.0
USC00046657,2022-07-14,89.96,87.98,89.96,1.0,1.0,0.0,0.0
USC00046657,2022-07-15,93.02,87.98,89.96,1.0,1.0,1.0,1.0
USC00046657,2022-07-16,93.02,87.98,89.96,1.0,1.0,1.0,1.0
USC00046657,2022-07-17,91.04,87.98,89.96,1.0,1.0,1.0,1.0
USC00046657,2022-07-18,87.08,87.98,89.96,0.0,0.0,0.0,0.0
USC00046657,2022-07-19,87.08,87.98,89.96,0.0,0.0,0.0,0.0
USC00046657,2022-07-20,84.02,87.98,89.96,0.0,0.0,0.0,0.0
USC00046657,2022-07-21,87.98,87.98,89.96,0.0,0.0,0.0,0.0
USC00046657,2022-07-22,89.96,87.98,89.96,1.0,0.0,0.0,0.0
USC00046657,2022-07-23,89.96,87.98,89.96,1.0,0.0,0.0,0.0
USC00046657,2022-07-24,87.98,87.98,89.96,0.0,0.0,0.0,0.0
USC00046657,2022-07-25,84.92,87.98,89.96,0.0,0.0,0.0,0.0
USC00046657,2022-07-26,84.02,87.98,89.96,0.0,0.0,0.0,0.0
USC00046657,2022-07-27,84.92,87.98,89.96,0.0,0.0,0.0,0.0
USC00046657,2022-07-28,84.92,87.98,89.96,0.0,0.0,0.0,0.0
USC00046657,2022-07-29,86.0,87.98,89.96,0.0,0.0,0.0,0.0
USC00046657,2022-07-30,82.94,87.98,89.96,0.0,0.0,0.0,0.0
USC00046657,2022-07-31,80.06,87.98,89.96,0.0,0.0,0.0,0.0
USC00046657,2022-08-01,84.92,87.98,89.96,0.0,0.0,0.0,0.0
USC00046657,2022-08-02,82.04,87.98,89.96,0.0,0.0,0.0,0.0
USC00046657,2022-08-03,87.08,87.98,89.96,0.0,0.0,0.0,0.0
USC00046657,2022-08-04,84.02,87.98,89.96,0.0,0.0,0.0,0.0
USC00046657,2022-08-05,82.04,87.98,89.96,0.0,0.0,0.0,0.0
USC00046657,2022-08-06,86.0,87.98,89.96,0.0,0.0,0.0,0.0
USC00046657,2022-08-07,89.06,87.98,89.96,1.0,0.0,0.0,0.0
USC00046657,2022-08-08,87.08,87.98,89.96,0.0,0.0,0.0,0.0
USC00046657,2022-08-09,84.92,87.98,89.96,0.0,0.0,0.0,0.0
USC00046657,2022-08-10,84.92,87.98,89.96,0.0,0.0,0.0,0.0
USC00046657,2022-08-11,87.98,87.98,89.96,0.0,0.0,0.0,0.0
USC00046657,2022-08-12,89.06,87.98,89.96,1.0,0.0,0.0,0.0
USC00046657,2022-08-13,86.0,87.98,89.96,0.0,0.0,0.0,0.0
USC00046657,2022-08-14,87.98,87.98,89.96,0.0,0.0,0.0,0.0
USC00046657,2022-08-15,89.06,87.98,89.96,1.0,1.0,0.0,0.0
USC00046657,2022-08-16,93.02,87.98,89.96,1.0,1.0,1.0,0.0
USC00046657,2022-08-17,89.06,87.98,89.96,1.0,1.0,0.0,0.0
USC00046657,2022-08-18,87.08,87.98,89.96,0.0,0.0,0.0,0.0
USC00046657,2022-08-19,89.06,87.98,89.96,1.0,0.0,0.0,0.0
USC00046657,2022-08-20,87.08,87.98,89.96,0.0,0.0,0.0,0.0
USC00046657,2022-08-21,84.92,87.98,89.96,0.0,0.0,0.0,0.0
USC00046657,2022-08-22,87.08,87.98,89.96,0.0,0.0,0.0,0.0
USC00046657,2022-08-23,91.94,87.98,89.96,1.0,0.0,1.0,0.0
USC00046657,2022-08-24,84.92,87.98,89.96,0.0,0.0,0.0,0.0
USC00046657,2022-08-25,82.94,87.98,89.96,0.0,0.0,0.0,0.0
USC00046657,2022-08-26,84.92,87.98,89.96,0.0,0.0,0.0,0.0
USC00046657,2022-08-27,82.04,87.98,89.96,0.0,0.0,0.0,0.0
USC00046657,2022-08-28,77.0,87.98,89.96,0.0,0.0,0.0,0.0
USC00046657,2022-08-29,87.98,87.98,89.96,0.0,0.0,0.0,0.0
USC00046657,2022-08-30,89.96,87.98,89.96,1.0,1.0,0.0,0.0
USC00046657,2022-08-31,93.02,87.98,89.96,1.0,1.0,1.0,1.0
USC00046657,2022-09-01,95.0,87.98,89.96,1.0,1.0,1.0,1.0
USC00046657,2022-09-02,91.94,87.98,89.96,1.0,1.0,1.0,1.0
USC00046657,2022-09-03,89.96,87.98,89.96,1.0,1.0,0.0,0.0
USC00046657,2022-09-04,89.96,87.98,89.96,1.0,1.0,0.0,0.0
USC00046657,2022-09-05,91.94,87.98,89.96,1.0,1.0,1.0,0.0
USC00046657,2022-09-06,93.02,87.98,89.96,1.0,1.0,1.0,0.0
USC00046657,2022-09-07,87.98,87.98,89.96,0.0,0.0,0.0,0.0
USC00046657,2022-09-08,82.94,87.98,89.96,0.0,0.0,0.0,0.0
USC00046657,2022-09-09,69.08,87.98,89.96,0.0,0.0,0.0,0.0
USC00046657,2022-09-10,62.96,87.98,89.96,0.0,0.0,0.0,0.0
USC00046657,2022-09-11,75.92,87.98,89.96,0.0,0.0,0.0,0.0
USC00046657,2022-09-12,69.98,87.98,89.96,0.0,0.0,0.0,0.0
USC00046657,2022-09-13,69.08,87.98,89.96,0.0,0.0,0.0,0.0
USC00046657,2022-09-14,69.98,87.98,89.96,0.0,0.0,0.0,0.0
USC00046657,2022-09-15,69.98,87.98,89.96,0.0,0.0,0.0,0.0
USC00046657,2022-09-16,71.96,87.98,89.96,0.0,0.0,0.0,0.0
USC00046657,2022-09-17,73.04,87.98,89.96,0.0,0.0,0.0,0.0
USC00046657,2022-09-18,71.06,87.98,89.96,0.0,0.0,0.0,0.0
USC00046657,2022-09-19,71.96,87.98,89.96,0.0,0.0,0.0,0.0
USC00046657,2022-09-20,73.04,87.98,89.96,0.0,0.0,0.0,0.0
USC00046657,2022-09-21,73.04,87.98,89.96,0.0,0.0,0.0,0.0
USC00046657,2022-09-22,77.0,87.98,89.96,0.0,0.0,0.0,0.0
USC00046657,2022-09-23,80.96,87.98,89.96,0.0,0.0,0.0,0.0
USC00046657,2022-09-24,82.94,87.98,89.96,0.0,0.0,0.0,0.0
USC00046657,2022-09-25,84.92,87.98,89.96,0.0,0.0,0.0,0.0
USC00046657,2022-09-26,86.0,87.98,89.96,0.0,0.0,0.0,0.0
USC00046657,2022-09-27,87.08,87.98,89.96,0.0,0.0,0.0,0.0
USC00046657,2022-09-28,82.94,87.98,89.96,0.0,0.0,0.0,0.0
USC00046657,2022-09-29,80.06,87.98,89.96,0.0,0.0,0.0,0.0
USC00046657,2022-09-30,78.98,87.98,89.96,0.0,0.0,0.0,0.0
USC00046657,2022-10-01,77.0,87.98,89.96,,,,
USC00046657,2022-10-02,75.92,87.98,89.96,,,,
USC00046657,2022-10-03,75.92,87.98,89.96,,,,
USC00046657,2022-10-04,80.06,87.98,89.96,,,,
USC00046657,2022-10-05,78.08,87.98,89.96,,,,
USC00046657,2022-10-06,78.98,87.98,89.96,,,,
USC00046657,2022-10-07,78.08,87.98,89.96,,,,
USC00046657,2022-10-08,75.02,87.98,89.96,,,,
USC00046657,2022-10-09,73.04,87.98,89.96,,,,
USC00046657,2022-10-10,73.94,87.98,89.96,,,,
USC00046657,2022-10-11,73.94,87.98,89.96,,,,
USC00046657,2022-10-12,73.04,87.98,89.96,,,,
USC00046657,2022-10-13,73.94,87.98,89.96,,,,
USC00046657,2022-10-14,75.02,87.98,89.96,,,,
USC00046657,2022-10-15,66.02,87.98,89.96,,,,
USC00046657,2022-10-16,66.92,87.98,89.96,,,,
USC00046657,2022-10-17,71.06,87.98,89.96,,,,
USC00046657,2022-10-18,71.96,87.98,89.96,,,,
USC00046657,2022-10-19,73.04,87.98,89.96,,,,
USC00046657,2022-10-20,71.96,87.98,89.96,,,,
USC00046657,2022-10-21,69.98,87.98,89.96,,,,
USC00046657,2022-10-22,60.98,87.98,89.96,,,,
USC00046657,2022-10-23,51.98,87.98,89.96,,,,
USC00046657,2022-10-24,60.08,87.98,89.96,,,,
USC00046657,2022-10-25,64.04,87.98,89.96,,,,
USC00046657,2022-10-26,60.98,87.98,89.96,,,,
USC00046657,2022-10-27,60.98,87.98,89.96,,,,
USC00046657,2022-10-28,64.04,87.98,89.96,,,,
USC00046657,2022-10-29,66.92,87.98,89.96,,,,
USC00046657,2022-10-30,69.98,87.98,89.96,,,,
USC00046657,2022-10-31,69.08,87.98,89.96,,,,
USC00046657,2022-11-01,60.98,87.98,89.96,,,,
USC00046657,2022-11-02,46.94,87.98,89.96,,,,
USC00046657,2022-11-03,42.08,87.98,89.96,,,,
USC00046657,2022-11-04,50.0,87.98,89.96,,,,
USC00046657,2022-11-05,62.96,87.98,89.96,,,,
USC00046657,2022-11-06,62.96,87.98,89.96,,,,
USC00046657,2022-11-07,46.94,87.98,89.96,,,,
USC00046657,2022-11-08,46.04,87.98,89.96,,,,
USC00046657,2022-11-09,39.92,87.98,89.96,,,,
USC00046657,2022-11-10,50.0,87.98,89.96,,,,
USC00046657,2022-11-11,53.06,87.98,89.96,,,,
USC00046657,2022-11-12,53.06,87.98,89.96,,,,
USC00046657,2022-11-13,42.98,87.98,89.96,,,,
USC00046657,2022-11-14,53.96,87.98,89.96,,,,
USC00046657,2022-11-15,53.06,87.98,89.96,,,,
USC00046657,2022-11-16,53.96,87.98,89.96,,,,
USC00046657,2022-11-17,57.02,87.98,89.96,,,,
USC00046657,2022-11-18,57.02,87.98,89.96,,,,
USC00046657,2022-11-19,53.96,87.98,89.96,,,,
USC00046657,2022-11-20,57.92,87.98,89.96,,,,
USC00046657,2022-11-21,55.04,87.98,89.96,,,,
USC00046657,2022-11-22,60.08,87.98,89.96,,,,
USC00046657,2022-11-23,64.04,87.98,89.96,,,,
USC00046657,2022-11-24,57.92,87.98,89.96,,,,
USC00046657,2022-11-25,60.08,87.98,89.96,,,,
USC00046657,2022-11-26,57.92,87.98,89.96,,,,
USC00046657,2022-11-27,60.08,87.98,89.96,,,,
USC00046657,2022-11-28,50.0,87.98,89.96,,,,
USC00046657,2022-11-29,48.92,87.98,89.96,,,,
USC00046657,2022-11-30,51.98,87.98,89.96,,,,
USC00046657,2022-12-01,44.06,87.98,89.96,,,,
USC00046657,2022-12-02,48.02,87.98,89.96,,,,
USC00046657,2022-12-03,53.06,87.98,89.96,,,,
USC00046657,2022-12-04,55.04,87.98,89.96,,,,
USC00046657,2022-12-05,44.06,87.98,89.96,,,,
USC00046657,2022-12-06,42.08,87.98,89.96,,,,
USC00046657,2022-12-07,37.94,87.98,89.96,,,,
USC00046657,2022-12-08,46.94,87.98,89.96,,,,
USC00046657,2022-12-09,48.92,87.98,89.96,,,,
USC00046657,2022-12-10,51.08,87.98,89.96,,,,
USC00046657,2022-12-11,37.94,87.98,89.96,,,,
USC00046657,2022-12-12,33.08,87.98,89.96,,,,
USC00046657,2022-12-13,37.94,87.98,89.96,,,,
USC00046657,2022-12-14,42.98,87.98,89.96,,,,
USC00046657,2022-12-15,51.98,87.98,89.96,,,,
USC00046657,2022-12-16,44.96,87.98,89.96,,,,
USC00046657,2022-12-17,46.94,87.98,89.96,,,,
USC00046657,2022-12-18,46.04,87.98,89.96,,,,
USC00046657,2022-12-19,51.08,87.98,89.96,,,,
USC00046657,2022-12-20,53.96,87.98,89.96,,,,
USC00046657,2022-12-21,57.92,87.98,89.96,,,,
USC00046657,2022-12-22,57.92,87.98,89.96,,,,
USC00046657,2022-12-23,57.02,87.98,89.96,,,,
USC00046657,2022-12-24,66.92,87.98,89.96,,,,
USC00046657,2022-12-25,68.0,87.98,89.96,,,,
USC00046657,2022-12-26,66.92,87.98,89.96,,,,
USC00046657,2022-12-27,57.02,87.98,89.96,,,,
USC00046657,2022-12-28,46.94,87.98,89.96,,,,
USC00046657,2022-12-29,44.96,87.98,89.96,,,,
USC00046657,2022-12-30,50.0,87.98,89.96,,,,
USC00046657,2022-12-31,48.92,87.98,89.96,,,,
USC00046657,2023-01-01,41.0,87.98,89.96,,,,
USC00046657,2023-01-02,35.96,87.98,89.96,,,,
USC00046657,2023-01-03,41.0,87.98,89.96,,,,
USC00046657,2023-01-04,44.96,87.98,89.96,,,,
USC00046657,2023-01-05,41.0,87.98,89.96,,,,
USC00046657,2023-01-06,51.98,87.98,89.96,,,,
USC00046657,2023-01-07,53.96,87.98,89.96,,,,
USC00046657,2023-01-08,53.96,87.98,89.96,,,,
USC00046657,2023-01-09,44.96,87.98,89.96,,,,
USC00046657,2023-01-10,42.98,87.98,89.96,,,,
USC00046657,2023-01-11,44.06,87.98,89.96,,,,
USC00046657,2023-01-12,50.0,87.98,89.96,,,,
USC00046657,2023-01-13,55.94,87.98,89.96,,,,
USC00046657,2023-01-14,44.96,87.98,89.96,,,,
USC00046657,2023-01-15,42.08,87.98,89.96,,,,
USC00046657,2023-01-16,41.0,87.98,89.96,,,,
USC00046657,2023-01-17,33.08,87.98,89.96,,,,
USC00046657,2023-01-18,42.08,87.98,89.96,,,,
USC00046657,2023-01-19,39.92,87.98,89.96,,,,
USC00046657,2023-01-20,41.0,87.98,89.96,,,,
USC00046657,2023-01-21,48.02,87.98,89.96,,,,
USC00046657,2023-01-22,44.06,87.98,89.96,,,,
USC00046657,2023-01-23,41.0,87.98,89.96,,,,
USC00046657,2023-01-24,51.08,87.98,89.96,,,,
USC00046657,2023-01-25,51.98,87.98,89.96,,,,
USC00046657,2023-01-26,42.08,87.98,89.96,,,,
USC00046657,2023-01-27,55.94,87.98,89.96,,,,
USC00046657,2023-01-28,51.98,87.98,89.96,,,,
USC00046657,2023-01-29,32.0,87.98,89.96,,,,
USC00046657,2023-01-30,32.0,87.98,89.96,,,,
USC00046657,2023-01-31,39.92,87.98,89.96,,,,
USC00046657,2023-02-01,48.02,87.98,89.96,,,,
USC00046657,2023-02-02,50.0,87.98,89.96,,,,
USC00046657,2023-02-03,57.02,87.98,89.96,,,,
USC00046657,2023-02-04,62.06,87.98,89.96,,,,
USC00046657,2023-02-05,46.04,87.98,89.96,,,,
USC00046657,2023-02-06,48.92,87.98,89.96,,,,
USC00046657,2023-02-07,53.06,87.98,89.96,,,,
USC00046657,2023-02-08,57.92,87.98,89.96,,,,
USC00046657,2023-02-09,57.92,87.98,89.96,,,,
USC00046657,2023-02-10,51.98,87.98,89.96,,,,
USC00046657,2023-02-11,44.96,87.98,89.96,,,,
USC00046657,2023-02-12,42.08,87.98,89.96,,,,
USC00046657,2023-02-13,41.0,87.98,89.96,,,,
USC00046657,2023-02-14,33.08,87.98,89.96,,,,
USC00046657,2023-02-15,35.96,87.98,89.96,,,,
USC00046657,2023-02-16,41.0,87.98,89.96,,,,
USC00046657,2023-02-17,42.08,87.98,89.96,,,,
USC00046657,2023-02-18,48.92,87.98,89.96,,,,
USC00046657,2023-02-19,51.08,87.98,89.96,,,,
USC00046657,2023-02-20,55.94,87.98,89.96,,,,
USC00046657,2023-02-21,51.98,87.98,89.96,,,,
USC00046657,2023-02-22,28.94,87.98,89.96,,,,
USC00046657,2023-02-23,28.04,87.98,89.96,,,,
USC00046657,2023-02-24,33.98,87.98,89.96,,,,
USC00046657,2023-02-25,35.06,87.98,89.96,,,,
USC00046657,2023-02-26,32.0,87.98,89.96,,,,
USC00046657,2023-02-27,33.08,87.98,89.96,,,,
USC00046657,2023-02-28,33.08,87.98,89.96,,,,
USC00046657,2023-03-01,32.0,87.98,89.96,,,,
USC00046657,2023-03-02,42.08,87.98,89.96,,,,
USC00046657,2023-03-03,48.92,87.98,89.96,,,,
USC00046657,2023-03-04,42.98,87.98,89.96,,,,
USC00046657,2023-03-05,37.94,87.98,89.96,,,,
USC00046657,2023-03-06,41.0,87.98,89.96,,,,
USC00046657,2023-03-07,50.0,87.98,89.96,,,,
USC00046657,2023-03-08,46.94,87.98,89.96,,,,
USC00046657,2023-03-09,55.94,87.98,89.96,,,,
USC00046657,2023-03-10,46.04,87.98,89.96,,,,
USC00046657,2023-03-11,51.08,87.98,89.96,,,,
USC00046657,2023-03-12,51.98,87.98,89.96,,,,
USC00046657,2023-03-13,53.06,87.98,89.96,,,,
USC00046657,2023-03-14,48.02,87.98,89.96,,,,
USC00046657,2023-03-15,46.04,87.98,89.96,,,,
USC00046657,2023-03-16,50.0,87.98,89.96,,,,
USC00046657,2023-03-17,51.98,87.98,89.96,,,,
USC00046657,2023-03-18,53.06,87.98,89.96,,,,
USC00046657,2023-03-19,48.02,87.98,89.96,,,,
USC00046657,2023-03-20,42.08,87.98,89.96,,,,
USC00046657,2023-03-21,39.02,87.98,89.96,,,,
USC00046657,2023-03-22,33.98,87.98,89.96,,,,
USC00046657,2023-03-23,35.96,87.98,89.96,,,,
USC00046657,2023-03-24,42.98,87.98,89.96,,,,
USC00046657,2023-03-25,42.98,87.98,89.96,,,,
USC00046657,2023-03-26,46.04,87.98,89.96,,,,
USC00046657,2023-03-27,46.94,87.98,89.96,,,,
USC00046657,2023-03-28,55.94,87.98,89.96,,,,
USC00046657,2023-03-29,39.02,87.98,89.96,,,,
USC00046657,2023-03-30,33.08,87.98,89.96,,,,
USC00046657,2023-03-31,48.92,87.98,89.96,,,,
USC00046657,2023-04-01,53.96,87.98,89.96,,,,
USC00046657,2023-04-02,57.02,87.98,89.96,,,,
USC00046657,2023-04-03,39.02,87.98,89.96,,,,
USC00046657,2023-04-04,42.08,87.98,89.96,,,,
USC00046657,2023-04-05,51.98,87.98,89.96,,,,
USC00046657,2023-04-06,55.94,87.98,89.96,,,,
USC00046657,2023-04-07,57.92,87.98,89.96,,,,
USC00046657,2023-04-08,59.0,87.98,89.96,,,,
USC00046657,2023-04-09,69.98,87.98,89.96,,,,
USC00046657,2023-04-10,73.94,87.98,89.96,,,,
USC00046657,2023-04-11,71.06,87.98,89.96,,,,
USC00046657,2023-04-12,64.94,87.98,89.96,,,,
USC00046657,2023-04-13,50.0,87.98,89.96,,,,
USC00046657,2023-04-14,50.0,87.98,89.96,,,,
USC00046657,2023-04-15,64.04,87.98,89.96,,,,
USC00046657,2023-04-16,66.02,87.98,89.96,,,,
USC00046657,2023-04-17,62.06,87.98,89.96,,,,
USC00046657,2023-04-18,53.06,87.98,89.96,,,,
USC00046657,2023-04-19,55.04,87.98,89.96,,,,
USC00046657,2023-04-20,68.0,87.98,89.96,,,,
USC00046657,2023-04-21,73.04,87.98,89.96,,,,
USC00046657,2023-04-22,73.04,87.98,89.96,,,,
USC00046657,2023-04-23,69.08,87.98,89.96,,,,
USC00046657,2023-04-24,71.06,87.98,89.96,,,,
USC00046657,2023-04-25,71.06,87.98,89.96,,,,
USC00046657,2023-04-26,71.06,87.98,89.96,,,,
USC00046657,2023-04-27,75.02,87.98,89.96,,,,
USC00046657,2023-04-28,78.08,87.98,89.96,,,,
USC00046657,2023-04-29,78.08,87.98,89.96,,,,
USC00046657,2023-04-30,75.02,87.98,89.96,,,,
USC00046657,2023-05-01,59.0,87.98,89.96,0.0,0.0,0.0,0.0
USC00046657,2023-05-02,48.92,87.98,89.96,0.0,0.0,0.0,0.0
USC00046657,2023-05-03,46.94,87.98,89.96,0.0,0.0,0.0,0.0
USC00046657,2023-05-04,39.02,87.98,89.96,0.0,0.0,0.0,0.0
USC00046657,2023-05-05,42.08,87.98,89.96,0.0,0.0,0.0,0.0
USC00046657,2023-05-06,53.96,87.98,89.96,0.0,0.0,0.0,0.0
USC00046657,2023-05-07,55.94,87.98,89.96,0.0,0.0,0.0,0.0
USC00046657,2023-05-08,60.98,87.98,89.96,0.0,0.0,0.0,0.0
USC00046657,2023-05-09,60.08,87.98,89.96,0.0,0.0,0.0,0.0
USC00046657,2023-05-10,46.04,87.98,89.96,0.0,0.0,0.0,0.0
USC00046657,2023-05-11,64.94,87.98,89.96,0.0,0.0,0.0,0.0
USC00046657,2023-05-12,73.04,87.98,89.96,0.0,0.0,0.0,0.0
USC00046657,2023-05-13,75.02,87.98,89.96,0.0,0.0,0.0,0.0
USC00046657,2023-05-14,75.92,87.98,89.96,0.0,0.0,0.0,0.0
USC00046657,2023-05-15,75.92,87.98,89.96,0.0,0.0,0.0,0.0
USC00046657,2023-05-16,77.0,87.98,89.96,0.0,0.0,0.0,0.0
USC00046657,2023-05-17,78.08,87.98,89.96,0.0,0.0,0.0,0.0
USC00046657,2023-05-18,77.0,87.98,89.96,0.0,0.0,0.0,0.0
USC00046657,2023-05-19,75.02,87.98,89.96,0.0,0.0,0.0,0.0
USC00046657,2023-05-20,73.04,87.98,89.96,0.0,0.0,0.0,0.0
USC00046657,2023-05-21,73.04,87.98,89.96,0.0,0.0,0.0,0.0
USC00046657,2023-05-22,75.02,87.98,89.96,0.0,0.0,0.0,0.0
USC00046657,2023-05-23,71.96,87.98,89.96,0.0,0.0,0.0,0.0
USC00046657,2023-05-24,68.0,87.98,89.96,0.0,0.0,0.0,0.0
USC00046657,2023-05-25,64.94,87.98,89.96,0.0,0.0,0.0,0.0
USC00046657,2023-05-26,62.06,87.98,89.96,0.0,0.0,0.0,0.0
USC00046657,2023-05-27,69.98,87.98,89.96,0.0,0.0,0.0,0.0
USC00046657,2023-05-28,69.08,87.98,89.96,0.0,0.0,0.0,0.0
USC00046657,2023-05-29,66.02,87.98,89.96,0.0,0.0,0.0,0.0
USC00046657,2023-05-30,62.06,87.98,89.96,0.0,0.0,0.0,0.0
USC00046657,2023-05-31,46.94,87.98,89.96,0.0,0.0,0.0,0.0
USC00046657,2023-06-01,66.92,87.98,89.96,0.0,0.0,0.0,0.0
USC00046657,2023-06-02,71.06,87.98,89.96,0.0,0.0,0.0,0.0
USC00046657,2023-06-03,73.94,87.98,89.96,0.0,0.0,0.0,0.0
USC00046657,2023-06-04,73.94,87.98,89.96,0.0,0.0,0.0,0.0
USC00046657,2023-06-05,66.02,87.98,89.96,0.0,0.0,0.0,0.0
USC00046657,2023-06-06,60.98,87.98,89.96,0.0,0.0,0.0,0.0
USC00046657,2023-06-07,62.06,87.98,89.96,0.0,0.0,0.0,0.0
USC00046657,2023-06-08,66.92,87.98,89.96,0.0,0.0,0.0,0.0
USC00046657,2023-06-09,68.0,87.98,89.96,0.0,0.0,0.0,0.0
USC00046657,2023-06-10,68.0,87.98,89.96,0.0,0.0,0.0,0.0
USC00046657,2023-06-11,53.96,87.98,89.96,0.0,0.0,0.0,0.0
USC00046657,2023-06-12,59.0,87.98,89.96,0.0,0.0,0.0,0.0
USC00046657,2023-06-13,66.92,87.98,89.96,0.0,0.0,0.0,0.0
USC00046657,2023-06-14,69.08,87.98,89.96,0.0,0.0,0.0,0.0
USC00046657,2023-06-15,71.96,87.98,89.96,0.0,0.0,0.0,0.0
USC00046657,2023-06-16,71.96,87.98,89.96,0.0,0.0,0.0,0.0
USC00046657,2023-06-17,78.98,87.98,89.96,0.0,0.0,0.0,0.0
USC00046657,2023-06-18,71.96,87.98,89.96,0.0,0.0,0.0,0.0
USC00046657,2023-06-19,68.0,87.98,89.96,0.0,0.0,0.0,0.0
USC00046657,2023-06-20,69.98,87.98,89.96,0.0,0.0,0.0,0.0
USC00046657,2023-06-21,71.06,87.98,89.96,0.0,0.0,0.0,0.0
USC00046657,2023-06-22,66.92,87.98,89.96,0.0,0.0,0.0,0.0
USC00046657,2023-06-23,69.08,87.98,89.96,0.0,0.0,0.0,0.0
USC00046657,2023-06-24,73.94,87.98,89.96,0.0,0.0,0.0,0.0
USC00046657,2023-06-25,75.02,87.98,89.96,0.0,0.0,0.0,0.0
USC00046657,2023-06-26,73.94,87.98,89.96,0.0,0.0,0.0,0.0
USC00046657,2023-06-27,75.02,87.98,89.96,0.0,0.0,0.0,0.0
USC00046657,2023-06-28,71.96,87.98,89.96,0.0,0.0,0.0,0.0
USC00046657,2023-06-29,80.06,87.98,89.96,0.0,0.0,0.0,0.0
USC00046657,2023-06-30,86.0,87.98,89.96,0.0,0.0,0.0,0.0
USC00046657,2023-07-01,89.06,87.98,89.96,1.0,0.0,0.0,0.0
USC00046657,2023-07-02,87.98,87.98,89.96,0.0,0.0,0.0,0.0
USC00046657,2023-07-03,87.98,87.98,89.96,0.0,0.0,0.0,0.0
USC00046657,2023-07-04,80.06,87.98,89.96,0.0,0.0,0.0,0.0
USC00046657,2023-07-05,80.06,87.98,89.96,0.0,0.0,0.0,0.0
USC00046657,2023-07-06,77.0,87.98,89.96,0.0,0.0,0.0,0.0
USC00046657,2023-07-07,75.02,87.98,89.96,0.0,0.0,0.0,0.0
USC00046657,2023-07-08,78.98,87.98,89.96,0.0,0.0,0.0,0.0
USC00046657,2023-07-09,78.08,87.98,89.96,0.0,0.0,0.0,0.0
USC00046657,2023-07-10,80.96,87.98,89.96,0.0,0.0,0.0,0.0
USC00046657,2023-07-11,82.04,87.98,89.96,0.0,0.0,0.0,0.0
USC00046657,2023-07-12,82.04,87.98,89.96,0.0,0.0,0.0,0.0
USC00046657,2023-07-13,82.94,87.98,89.96,0.0,0.0,0.0,0.0
USC00046657,2023-07-14,89.06,87.98,89.96,1.0,1.0,0.0,0.0
USC00046657,2023-07-15,93.02,87.98,89.96,1.0,1.0,1.0,0.0
USC00046657,2023-07-16,91.94,87.98,89.96,1.0,1.0,1.0,0.0
USC00046657,2023-07-17,87.08,87.98,89.96,0.0,0.0,0.0,0.0
USC00046657,2023-07-18,86.0,87.98,89.96,0.0,0.0,0.0,0.0
USC00046657,2023-07-19,86.0,87.98,89.96,0.0,0.0,0.0,0.0
USC00046657,2023-07-20,89.06,87.98,89.96,1.0,1.0,0.0,0.0
USC00046657,2023-07-21,89.06,87.98,89.96,1.0,1.0,0.0,0.0
USC00046657,2023-07-22,91.94,87.98,89.96,1.0,1.0,1.0,0.0
USC00046657,2023-07-23,80.96,87.98,89.96,0.0,0.0,0.0,0.0
USC00046657,2023-07-24,87.08,87.98,89.96,0.0,0.0,0.0,0.0
USC00046657,2023-07-25,87.98,87.98,89.96,0.0,0.0,0.0,0.0
USC00046657,2023-07-26,89.06,87.98,89.96,1.0,1.0,0.0,0.0
USC00046657,2023-07-27,89.96,87.98,89.96,1.0,1.0,0.0,0.0
USC00046657,2023-07-28,89.96,87.98,89.96,1.0,1.0,0.0,0.0
USC00046657,2023-07-29,89.96,87.98,89.96,1.0,1.0,0.0,0.0
USC00046657,2023-07-30,86.0,87.98,89.96,0.0,0.0,0.0,0.0
USC00046657,2023-07-31,75.92,87.98,89.96,0.0,0.0,0.0,0.0
USC00046657,2023-08-01,80.96,87.98,89.96,0.0,0.0,0.0,0.0
USC00046657,2023-08-02,82.94,87.98,89.96,0.0,0.0,0.0,0.0
USC00046657,2023-08-03,80.06,87.98,89.96,0.0,0.0,0.0,0.0
USC00046657,2023-08-04,82.04,87.98,89.96,0.0,0.0,0.0,0.0
USC00046657,2023-08-05,89.06,87.98,89.96,1.0,0.0,0.0,0.0
USC00046657,2023-08-06,84.92,87.98,89.96,0.0,0.0,0.0,0.0
USC00046657,2023-08-07,78.08,87.98,89.96,0.0,0.0,0.0,0.0
USC00046657,2023-08-08,75.92,87.98,89.96,0.0,0.0,0.0,0.0
USC00046657,2023-08-09,78.08,87.98,89.96,0.0,0.0,0.0,0.0
USC00046657,2023-08-10,71.96,87.98,89.96,0.0,0.0,0.0,0.0
USC00046657,2023-08-11,75.02,87.98,89.96,0.0,0.0,0.0,0.0
USC00046657,2023-08-12,77.0,87.98,89.96,0.0,0.0,0.0,0.0
USC00046657,2023-08-13,84.02,87.98,89.96,0.0,0.0,0.0,0.0
USC00046657,2023-08-14,86.0,87.98,89.96,0.0,0.0,0.0,0.0
USC00046657,2023-08-15,87.08,87.98,89.96,0.0,0.0,0.0,0.0
USC00046657,2023-08-16,87.08,87.98,89.96,0.0,0.0,0.0,0.0
USC00046657,2023-08-17,87.08,87.98,89.96,0.0,0.0,0.0,0.0
USC00046657,2023-08-18,84.92,87.98,89.96,0.0,0.0,0.0,0.0
USC00046657,2023-08-19,71.06,87.98,89.96,0.0,0.0,0.0,0.0
USC00046657,2023-08-20,62.96,87.98,89.96,0.0,0.0,0.0,0.0
USC00046657,2023-08-21,66.92,87.98,89.96,0.0,0.0,0.0,0.0
USC00046657,2023-08-22,75.02,87.98,89.96,0.0,0.0,0.0,0.0
USC00046657,2023-08-23,82.04,87.98,89.96,0.0,0.0,0.0,0.0
USC00046657,2023-08-24,80.96,87.98,89.96,0.0,0.0,0.0,0.0
USC00046657,2023-08-25,82.04,87.98,89.96,0.0,0.0,0.0,0.0
USC00046657,2023-08-26,84.92,87.98,89.96,0.0,0.0,0.0,0.0
USC00046657,2023-08-27,87.08,87.98,89.96,0.0,0.0,0.0,0.0
USC00046657,2023-08-28,89.96,87.98,89.96,1.0,0.0,0.0,0.0
USC00046657,2023-08-29,89.06,87.98,89.96,1.0,0.0,0.0,0.0
USC00046657,2023-08-30,86.0,87.98,89.96,0.0,0.0,0.0,0.0
USC00046657,2023-08-31,84.92,87.98,89.96,0.0,0.0,0.0,0.0
USC00046657,2023-09-01,71.96,87.98,89.96,0.0,0.0,0.0,0.0
USC00046657,2023-09-02,64.94,87.98,89.96,0.0,0.0,0.0,0.0
USC00046657,2023-09-03,69.98,87.98,89.96,0.0,0.0,0.0,0.0
USC00046657,2023-09-04,69.08,87.98,89.96,0.0,0.0,0.0,0.0
USC00046657,2023-09-05,75.02,87.98,89.96,0.0,0.0,0.0,0.0
USC00046657,2023-09-06,80.06,87.98,89.96,0.0,0.0,0.0,0.0
USC00046657,2023-09-07,78.08,87.98,89.96,0.0,0.0,0.0,0.0
USC00046657,2023-09-08,82.04,87.98,89.96,0.0,0.0,0.0,0.0
USC00046657,2023-09-09,84.92,87.98,89.96,0.0,0.0,0.0,0.0
USC00046657,2023-09-10,78.08,87.98,89.96,0.0,0.0,0.0,0.0
USC00046657,2023-09-11,73.94,87.98,89.96,0.0,0.0,0.0,0.0
USC00046657,2023-09-12,75.02,87.98,89.96,0.0,0.0,0.0,0.0
USC00046657,2023-09-13,71.96,87.98,89.96,0.0,0.0,0.0,0.0
USC00046657,2023-09-14,77.0,87.98,89.96,0.0,0.0,0.0,0.0
USC00046657,2023-09-15,80.96,87.98,89.96,0.0,0.0,0.0,0.0
USC00046657,2023-09-16,78.98,87.98,89.96,0.0,0.0,0.0,0.0
USC00046657,2023-09-17,77.0,87.98,89.96,0.0,0.0,0.0,0.0
USC00046657,2023-09-18,71.06,87.98,89.96,0.0,0.0,0.0,0.0
USC00046657,2023-09-19,75.92,87.98,89.96,0.0,0.0,0.0,0.0
USC00046657,2023-09-20,62.06,87.98,89.96,0.0,0.0,0.0,0.0
USC00046657,2023-09-21,68.0,87.98,89.96,0.0,0.0,0.0,0.0
USC00046657,2023-09-22,66.92,87.98,89.96,0.0,0.0,0.0,0.0
USC00046657,2023-09-23,69.98,87.98,89.96,0.0,0.0,0.0,0.0
USC00046657,2023-09-24,75.92,87.98,89.96,0.0,0.0,0.0,0.0
USC00046657,2023-09-25,73.04,87.98,89.96,0.0,0.0,0.0,0.0
USC00046657,2023-09-26,78.08,87.98,89.96,0.0,0.0,0.0,0.0
USC00046657,2023-09-27,80.96,87.98,89.96,0.0,0.0,0.0,0.0
USC00046657,2023-09-28,75.92,87.98,89.96,0.0,0.0,0.0,0.0
USC00046657,2023-09-29,71.06,87.98,89.96,0.0,0.0,0.0,0.0
USC00046657,2023-09-30,53.96,87.98,89.96,0.0,0.0,0.0,0.0
USC00046657,2023-10-01,48.02,87.98,89.96,,,,
USC00046657,2023-10-02,57.92,87.98,89.96,,,,
USC00046657,2023-10-03,66.92,87.98,89.96,,,,
USC00046657,2023-10-04,73.94,87.98,89.96,,,,
USC00046657,2023-10-05,77.0,87.98,89.96,,,,
USC00046657,2023-10-06,80.96,87.98,89.96,,,,
USC00046657,2023-10-07,82.04,87.98,89.96,,,,
USC00046657,2023-10-08,80.06,87.98,89.96,,,,
USC00046657,2023-10-09,77.0,87.98,89.96,,,,
USC00046657,2023-10-10,69.98,87.98,89.96,,,,
USC00046657,2023-10-11,60.08,87.98,89.96,,,,
USC00046657,2023-10-12,68.0,87.98,89.96,,,,
USC00046657,2023-10-13,64.94,87.98,89.96,,,,
USC00046657,2023-10-14,73.04,87.98,89.96,,,,
USC00046657,2023-10-15,78.08,87.98,89.96,,,,
USC00046657,2023-10-16,78.98,87.98,89.96,,,,
USC00046657,2023-10-17,77.0,87.98,89.96,,,,
USC00046657,2023-10-18,80.06,87.98,89.96,,,,
USC00046657,2023-10-19,82.94,87.98,89.96,,,,
USC00046657,2023-10-20,80.06,87.98,89.96,,,,
USC00046657,2023-10-21,75.02,87.98,89.96,,,,
USC00046657,2023-10-22,69.08,87.98,89.96,,,,
USC00046657,2023-10-23,53.96,87.98,89.96,,,,
USC00046657,2023-10-24,66.92,87.98,89.96,,,,
USC00046657,2023-10-25,64.94,87.98,89.96,,,,
USC00046657,2023-10-26,64.94,87.98,89.96,,,,
USC00046657,2023-10-27,64.94,87.98,89.96,,,,
USC00046657,2023-10-28,59.0,87.98,89.96,,,,
USC00046657,2023-10-29,60.08,87.98,89.96,,,,
USC00046657,2023-10-30,64.94,87.98,89.96,,,,
USC00046657,2023-10-31,64.04,87.98,89.96,,,,
USC00046657,2023-11-01,66.02,87.98,89.96,,,,
USC00046657,2023-11-02,71.06,87.98,89.96,,,,
USC00046657,2023-11-03,71.96,87.98,89.96,,,,
USC00046657,2023-11-04,75.92,87.98,89.96,,,,
USC00046657,2023-11-05,73.94,87.98,89.96,,,,
USC00046657,2023-11-06,69.08,87.98,89.96,,,,
USC00046657,2023-11-07,55.94,87.98,89.96,,,,
USC00046657,2023-11-08,59.0,87.98,89.96,,,,
USC00046657,2023-11-09,59.0,87.98,89.96,,,,
USC00046657,2023-11-10,60.08,87.98,89.96,,,,
USC00046657,2023-11-11,64.94,87.98,89.96,,,,
USC00046657,2023-11-12,62.06,87.98,89.96,,,,
USC00046657,2023-11-13,60.98,87.98,89.96,,,,
USC00046657,2023-11-14,64.94,87.98,89.96,,,,
USC00046657,2023-11-15,57.02,87.98,89.96,,,,
USC00046657,2023-11-16,55.94,87.98,89.96,,,,
USC00046657,2023-11-17,55.94,87.98,89.96,,,,
USC00046657,2023-11-18,48.02,87.98,89.96,,,,
USC00046657,2023-11-19,50.0,87.98,89.96,,,,
USC00046657,2023-11-20,53.96,87.98,89.96,,,,
USC00046657,2023-11-21,57.92,87.98,89.96,,,,
USC00046657,2023-11-22,62.06,87.98,89.96,,,,
USC00046657,2023-11-23,60.08,87.98,89.96,,,,
USC00046657,2023-11-24,42.98,87.98,89.96,,,,
USC00046657,2023-11-25,46.94,87.98,89.96,,,,
USC00046657,2023-11-26,46.04,87.98,89.96,,,,
USC00046657,2023-11-27,51.08,87.98,89.96,,,,
USC00046657,2023-11-28,55.04,87.98,89.96,,,,
USC00046657,2023-11-29,44.96,87.98,89.96,,,,
USC00046657,2023-11-30,42.98,87.98,89.96,,,,
USC00046657,2023-12-01,44.06,87.98,89.96,,,,
USC00046657,2023-12-02,55.04,87.98,89.96,,,,
USC00046657,2023-12-03,59.0,87.98,89.96,,,,
USC00046657,2023-12-04,60.98,87.98,89.96,,,,
USC00046657,2023-12-05,60.98,87.98,89.96,,,,
USC00046657,2023-12-06,64.04,87.98,89.96,,,,
USC00046657,2023-12-07,55.04,87.98,89.96,,,,
USC00046657,2023-12-08,60.98,87.98,89.96,,,,
USC00046657,2023-12-09,48.02,87.98,89.96,,,,
USC00046657,2023-12-10,62.96,87.98,89.96,,,,
USC00046657,2023-12-11,66.02,87.98,89.96,,,,
USC00046657,2023-12-12,59.0,87.98,89.96,,,,
USC00046657,2023-12-13,53.06,87.98,89.96,,,,
USC00046657,2023-12-14,55.04,87.98,89.96,,,,
USC00046657,2023-12-15,57.02,87.98,89.96,,,,
USC00046657,2023-12-16,62.06,87.98,89.96,,,,
USC00046657,2023-12-17,62.96,87.98,89.96,,,,
USC00046657,2023-12-18,59.0,87.98,89.96,,,,
USC00046657,2023-12-19,50.0,87.98,89.96,,,,
USC00046657,2023-12-20,51.08,87.98,89.96,,,,
USC00046657,2023-12-21,48.02,87.98,89.96,,,,
USC00046657,2023-12-22,42.98,87.98,89.96,,,,
USC00046657,2023-12-23,46.04,87.98,89.96,,,,
USC00046657,2023-12-24,50.0,87.98,89.96,,,,
USC00046657,2023-12-25,55.94,87.98,89.96,,,,
USC00046657,2023-12-26,55.94,87.98,89.96,,,,
USC00046657,2023-12-27,57.92,87.98,89.96,,,,
USC00046657,2023-12-28,60.98,87.98,89.96,,,,
USC00046657,2023-12-29,57.02,87.98,89.96,,,,
USC00046657,2023-12-30,42.98,87.98,89.96,,,,
USC00046657,2023-12-31,41.0,87.98,89.96,,,,
USC00046657,2024-01-01,44.96,87.98,89.96,,,,
USC00046657,2024-01-02,48.02,87.98,89.96,,,,
USC00046657,2024-01-03,37.04,87.98,89.96,,,,
USC00046657,2024-01-04,41.0,87.98,89.96,,,,
USC00046657,2024-01-05,44.96,87.98,89.96,,,,
USC00046657,2024-01-06,48.02,87.98,89.96,,,,
USC00046657,2024-01-07,33.98,87.98,89.96,,,,
USC00046657,2024-01-08,39.92,87.98,89.96,,,,
USC00046657,2024-01-09,48.02,87.98,89.96,,,,
USC00046657,2024-01-10,44.06,87.98,89.96,,,,
USC00046657,2024-01-11,37.94,87.98,89.96,,,,
USC00046657,2024-01-12,53.06,87.98,89.96,,,,
USC00046657,2024-01-13,53.96,87.98,89.96,,,,
USC00046657,2024-01-14,51.08,87.98,89.96,,,,
USC00046657,2024-01-15,57.92,87.98,89.96,,,,
USC00046657,2024-01-16,59.0,87.98,89.96,,,,
USC00046657,2024-01-17,53.96,87.98,89.96,,,,
USC00046657,2024-01-18,60.08,87.98,89.96,,,,
USC00046657,2024-01-19,55.94,87.98,89.96,,,,
USC00046657,2024-01-20,44.96,87.98,89.96,,,,
USC00046657,2024-01-21,42.98,87.98,89.96,,,,
USC00046657,2024-01-22,42.98,87.98,89.96,,,,
USC00046657,2024-01-23,44.06,87.98,89.96,,,,
USC00046657,2024-01-24,48.02,87.98,89.96,,,,
USC00046657,2024-01-25,44.96,87.98,89.96,,,,
USC00046657,2024-01-26,55.94,87.98,89.96,,,,
USC00046657,2024-01-27,59.0,87.98,89.96,,,,
USC00046657,2024-01-28,59.0,87.98,89.96,,,,
USC00046657,2024-01-29,59.0,87.98,89.96,,,,
USC00046657,2024-01-30,60.08,87.98,89.96,,,,
USC00046657,2024-01-31,53.96,87.98,89.96,,,,
USC00046657,2024-02-01,39.92,87.98,89.96,,,,
USC00046657,2024-02-02,33.98,87.98,89.96,,,,
USC00046657,2024-02-03,39.02,87.98,89.96,,,,
USC00046657,2024-02-04,46.04,87.98,89.96,,,,
USC00046657,2024-02-05,42.98,87.98,89.96,,,,
USC00046657,2024-02-06,41.0,87.98,89.96,,,,
USC00046657,2024-02-07,33.08,87.98,89.96,,,,
USC00046657,2024-02-08,33.08,87.98,89.96,,,,
USC00046657,2024-02-09,33.98,87.98,89.96,,,,
USC00046657,2024-02-10,39.02,87.98,89.96,,,,
USC00046657,2024-02-11,46.04,87.98,89.96,,,,
USC00046657,2024-02-12,51.08,87.98,89.96,,,,
USC00046657,2024-02-13,48.02,87.98,89.96,,,,
USC00046657,2024-02-14,53.96,87.98,89.96,,,,
USC00046657,2024-02-15,50.0,87.98,89.96,,,,
USC00046657,2024-02-16,55.94,87.98,89.96,,,,
USC00046657,2024-02-17,57.92,87.98,89.96,,,,
USC00046657,2024-02-18,53.06,87.98,89.96,,,,
USC00046657,2024-02-19,46.94,87.98,89.96,,,,
USC00046657,2024-02-20,42.98,87.98,89.96,,,,
USC00046657,2024-02-21,41.0,87.98,89.96,,,,
USC00046657,2024-02-22,51.98,87.98,89.96,,,,
USC00046657,2024-02-23,55.94,87.98,89.96,,,,
USC00046657,2024-02-24,57.92,87.98,89.96,,,,
USC00046657,2024-02-25,55.94,87.98,89.96,,,,
USC00046657,2024-02-26,51.98,87.98,89.96,,,,
USC00046657,2024-02-27,46.04,87.98,89.96,,,,
USC00046657,2024-02-28,55.04,87.98,89.96,,,,
USC00046657,2024-02-29,51.08,87.98,89.96,,,,
USC00046657,2024-03-01,50.0,87.98,89.96,,,,
USC00046657,2024-03-02,41.0,87.98,89.96,,,,
USC00046657,2024-03-03,39.92,87.98,89.96,,,,
USC00046657,2024-03-04,46.94,87.98,89.96,,,,
USC00046657,2024-03-05,50.0,87.98,89.96,,,,
USC00046657,2024-03-06,46.94,87.98,89.96,,,,
USC00046657,2024-03-07,39.02,87.98,89.96,,,,
USC00046657,2024-03-08,53.06,87.98,89.96,,,,
USC00046657,2024-03-09,53.06,87.98,89.96,,,,
USC00046657,2024-03-10,55.04,87.98,89.96,,,,
USC00046657,2024-03-11,50.0,87.98,89.96,,,,
USC00046657,2024-03-12,44.96,87.98,89.96,,,,
USC00046657,2024-03-13,50.0,87.98,89.96,,,,
USC00046657,2024-03-14,44.06,87.98,89.96,,,,
USC00046657,2024-03-15,39.92,87.98,89.96,,,,
USC00046657,2024-03-16,46.04,87.98,89.96,,,,
USC00046657,2024-03-17,51.98,87.98,89.96,,,,
USC00046657,2024-03-18,51.08,87.98,89.96,,,,
USC00046657,2024-03-19,53.96,87.98,89.96,,,,
USC00046657,2024-03-20,60.08,87.98,89.96,,,,
USC00046657,2024-03-21,60.08,87.98,89.96,,,,
USC00046657,2024-03-22,59.0,87.98,89.96,,,,
USC00046657,2024-03-23,48.92,87.98,89.96,,,,
USC00046657,2024-03-24,33.98,87.98,89.96,,,,
USC00046657,2024-03-25,44.96,87.98,89.96,,,,
USC00046657,2024-03-26,48.02,87.98,89.96,,,,
USC00046657,2024-03-27,59.0,87.98,89.96,,,,
USC00046657,2024-03-28,55.94,87.98,89.96,,,,
USC00046657,2024-03-29,48.92,87.98,89.96,,,,
USC00046657,2024-03-30,37.94,87.98,89.96,,,,
USC00046657,2024-03-31,33.98,87.98,89.96,,,,
USC00046657,2024-04-01,44.96,87.98,89.96,,,,
USC00046657,2024-04-02,57.02,87.98,89.96,,,,
USC00046657,2024-04-03,60.98,87.98,89.96,,,,
USC00046657,2024-04-04,51.08,87.98,89.96,,,,
USC00046657,2024-04-05,39.02,87.98,89.96,,,,
USC00046657,2024-04-06,42.98,87.98,89.96,,,,
USC00046657,2024-04-07,50.0,87.98,89.96,,,,
USC00046657,2024-04-08,50.0,87.98,89.96,,,,
USC00046657,2024-04-09,60.08,87.98,89.96,,,,
USC00046657,2024-04-10,69.08,87.98,89.96,,,,
USC00046657,2024-04-11,69.98,87.98,89.96,,,,
USC00046657,2024-04-12,62.06,87.98,89.96,,,,
USC00046657,2024-04-13,51.98,87.98,89.96,,,,
USC00046657,2024-04-14,42.98,87.98,89.96,,,,
USC00046657,2024-04-15,55.04,87.98,89.96,,,,
USC00046657,2024-04-16,66.92,87.98,89.96,,,,
USC00046657,2024-04-17,68.0,87.98,89.96,,,,
USC00046657,2024-04-18,66.02,87.98,89.96,,,,
USC00046657,2024-04-19,64.04,87.98,89.96,,,,
USC00046657,2024-04-20,71.96,87.98,89.96,,,,
USC00046657,2024-04-21,75.02,87.98,89.96,,,,
USC00046657,2024-04-22,71.96,87.98,89.96,,,,
USC00046657,2024-04-23,62.06,87.98,89.96,,,,
USC00046657,2024-04-24,57.02,87.98,89.96,,,,
USC00046657,2024-04-25,51.08,87.98,89.96,,,,
USC00046657,2024-04-26,44.96,87.98,89.96,,,,
USC00046657,2024-04-27,53.96,87.98,89.96,,,,
USC00046657,2024-04-28,62.96,87.98,89.96,,,,
USC00046657,2024-04-29,66.02,87.98,89.96,,,,
USC00046657,2024-04-30,68.0,87.98,89.96,,,,
USC00046657,2024-05-01,66.92,87.98,89.96,0.0,0.0,0.0,0.0
USC00046657,2024-05-02,69.08,87.98,89.96,0.0,0.0,0.0,0.0
USC00046657,2024-05-03,66.02,87.98,89.96,0.0,0.0,0.0,0.0
USC00046657,2024-05-04,64.04,87.98,89.96,0.0,0.0,0.0,0.0
USC00046657,2024-05-05,44.96,87.98,89.96,0.0,0.0,0.0,0.0
USC00046657,2024-05-06,62.96,87.98,89.96,0.0,0.0,0.0,0.0
USC00046657,2024-05-07,64.04,87.98,89.96,0.0,0.0,0.0,0.0
USC00046657,2024-05-08,64.94,87.98,89.96,0.0,0.0,0.0,0.0
USC00046657,2024-05-09,64.04,87.98,89.96,0.0,0.0,0.0,0.0
USC00046657,2024-05-10,66.92,87.98,89.96,0.0,0.0,0.0,0.0
USC00046657,2024-05-11,68.0,87.98,89.96,0.0,0.0,0.0,0.0
USC00046657,2024-05-12,71.06,87.98,89.96,0.0,0.0,0.0,0.0
USC00046657,2024-05-13,69.98,87.98,89.96,0.0,0.0,0.0,0.0
USC00046657,2024-05-14,68.0,87.98,89.96,0.0,0.0,0.0,0.0
USC00046657,2024-05-15,71.06,87.98,89.96,0.0,0.0,0.0,0.0
USC00046657,2024-05-16,75.92,87.98,89.96,0.0,0.0,0.0,0.0
USC00046657,2024-05-17,73.04,87.98,89.96,0.0,0.0,0.0,0.0
USC00046657,2024-05-18,69.98,87.98,89.96,0.0,0.0,0.0,0.0
USC00046657,2024-05-19,69.08,87.98,89.96,0.0,0.0,0.0,0.0
USC00046657,2024-05-20,64.04,87.98,89.96,0.0,0.0,0.0,0.0
USC00046657,2024-05-21,66.92,87.98,89.96,0.0,0.0,0.0,0.0
USC00046657,2024-05-22,69.08,87.98,89.96,0.0,0.0,0.0,0.0
USC00046657,2024-05-23,69.08,87.98,89.96,0.0,0.0,0.0,0.0
USC00046657,2024-05-24,64.04,87.98,89.96,0.0,0.0,0.0,0.0
USC00046657,2024-05-25,60.08,87.98,89.96,0.0,0.0,0.0,0.0
USC00046657,2024-05-26,69.98,87.98,89.96,0.0,0.0,0.0,0.0
USC00046657,2024-05-27,71.06,87.98,89.96,0.0,0.0,0.0,0.0
USC00046657,2024-05-28,71.96,87.98,89.96,0.0,0.0,0.0,0.0
USC00046657,2024-05-29,71.06,87.98,89.96,0.0,0.0,0.0,0.0
USC00046657,2024-05-30,78.08,87.98,89.96,0.0,0.0,0.0,0.0
USC00046657,2024-05-31,78.98,87.98,89.96,0.0,0.0,0.0,0.0
USC00046657,2024-06-01,75.02,87.98,89.96,0.0,0.0,0.0,0.0
USC00046657,2024-06-02,71.96,87.98,89.96,0.0,0.0,0.0,0.0
USC00046657,2024-06-03,78.08,87.98,89.96,0.0,0.0,0.0,0.0
USC00046657,2024-06-04,80.06,87.98,89.96,0.0,0.0,0.0,0.0
USC00046657,2024-06-05,84.02,87.98,89.96,0.0,0.0,0.0,0.0
USC00046657,2024-06-06,82.04,87.98,89.96,0.0,0.0,0.0,0.0
USC00046657,2024-06-07,80.06,87.98,89.96,0.0,0.0,0.0,0.0
USC00046657,2024-06-08,78.98,87.98,89.96,0.0,0.0,0.0,0.0
USC00046657,2024-06-09,75.02,87.98,89.96,0.0,0.0,0.0,0.0
USC00046657,2024-06-10,78.98,87.98,89.96,0.0,0.0,0.0,0.0
USC00046657,2024-06-11,84.02,87.98,89.96,0.0,0.0,0.0,0.0
USC00046657,2024-06-12,75.92,87.98,89.96,0.0,0.0,0.0,0.0
USC00046657,2024-06-13,75.02,87.98,89.96,0.0,0.0,0.0,0.0
USC00046657,2024-06-14,84.02,87.98,89.96,0.0,0.0,0.0,0.0
USC00046657,2024-06-15,86.0,87.98,89.96,0.0,0.0,0.0,0.0
USC00046657,2024-06-16,78.08,87.98,89.96,0.0,0.0,0.0,0.0
USC00046657,2024-06-17,71.06,87.98,89.96,0.0,0.0,0.0,0.0
USC00046657,2024-06-18,75.92,87.98,89.96,0.0,0.0,0.0,0.0
USC00046657,2024-06-19,73.04,87.98,89.96,0.0,0.0,0.0,0.0
USC00046657,2024-06-20,75.92,87.98,89.96,0.0,0.0,0.0,0.0
USC00046657,2024-06-21,82.04,87.98,89.96,0.0,0.0,0.0,0.0
USC00046657,2024-06-22,84.02,87.98,89.96,0.0,0.0,0.0,0.0
USC00046657,2024-06-23,84.92,87.98,89.96,0.0,0.0,0.0,0.0
USC00046657,2024-06-24,84.92,87.98,89.96,0.0,0.0,0.0,0.0
USC00046657,2024-06-25,82.04,87.98,89.96,0.0,0.0,0.0,0.0
USC00046657,2024-06-26,84.02,87.98,89.96,0.0,0.0,0.0,0.0
USC00046657,2024-06-27,82.04,87.98,89.96,0.0,0.0,0.0,0.0
USC00046657,2024-06-28,82.04,87.98,89.96,0.0,0.0,0.0,0.0
USC00046657,2024-06-29,84.92,87.98,89.96,0.0,0.0,0.0,0.0
USC00046657,2024-06-30,87.08,87.98,89.96,0.0,0.0,0.0,0.0
USC00046657,2024-07-01,84.02,87.98,89.96,0.0,0.0,0.0,0.0
USC00046657,2024-07-02,86.0,87.98,89.96,0.0,0.0,0.0,0.0
USC00046657,2024-07-03,89.96,87.98,89.96,1.0,1.0,0.0,0.0
USC00046657,2024-07-04,91.94,87.98,89.96,1.0,1.0,1.0,1.0
USC00046657,2024-07-05,96.98,87.98,89.96,1.0,1.0,1.0,1.0
USC00046657,2024-07-06,96.08,87.98,89.96,1.0,1.0,1.0,1.0
USC00046657,2024-07-07,91.04,87.98,89.96,1.0,1.0,1.0,1.0
USC00046657,2024-07-08,96.08,87.98,89.96,1.0,1.0,1.0,1.0
USC00046657,2024-07-09,93.02,87.98,89.96,1.0,1.0,1.0,1.0
USC00046657,2024-07-10,93.92,87.98,89.96,1.0,1.0,1.0,1.0
USC00046657,2024-07-11,91.94,87.98,89.96,1.0,1.0,1.0,1.0
USC00046657,2024-07-12,91.04,87.98,89.96,1.0,1.0,1.0,1.0
USC00046657,2024-07-13,89.06,87.98,89.96,1.0,1.0,0.0,0.0
USC00046657,2024-07-14,86.0,87.98,89.96,0.0,0.0,0.0,0.0
USC00046657,2024-07-15,84.92,87.98,89.96,0.0,0.0,0.0,0.0
USC00046657,2024-07-16,84.02,87.98,89.96,0.0,0.0,0.0,0.0
USC00046657,2024-07-17,86.0,87.98,89.96,0.0,0.0,0.0,0.0
USC00046657,2024-07-18,87.98,87.98,89.96,0.0,0.0,0.0,0.0
USC00046657,2024-07-19,89.06,87.98,89.96,1.0,1.0,0.0,0.0
USC00046657,2024-07-20,89.96,87.98,89.96,1.0,1.0,0.0,0.0
USC00046657,2024-07-21,89.96,87.98,89.96,1.0,1.0,0.0,0.0
USC00046657,2024-07-22,89.96,87.98,89.96,1.0,1.0,0.0,0.0
USC00046657,2024-07-23,89.96,87.98,89.96,1.0,1.0,0.0,0.0
USC00046657,2024-07-24,91.04,87.98,89.96,1.0,1.0,1.0,0.0
USC00046657,2024-07-25,91.04,87.98,89.96,1.0,1.0,1.0,0.0
USC00046657,2024-07-26,87.08,87.98,89.96,0.0,0.0,0.0,0.0
USC00046657,2024-07-27,84.02,87.98,89.96,0.0,0.0,0.0,0.0
USC00046657,2024-07-28,80.96,87.98,89.96,0.0,0.0,0.0,0.0
USC00046657,2024-07-29,82.94,87.98,89.96,0.0,0.0,0.0,0.0
USC00046657,2024-07-30,80.96,87.98,89.96,0.0,0.0,0.0,0.0
USC00046657,2024-07-31,84.92,87.98,89.96,0.0,0.0,0.0,0.0
USC00046657,2024-08-01,84.92,87.98,89.96,0.0,0.0,0.0,0.0
USC00046657,2024-08-02,86.0,87.98,89.96,0.0,0.0,0.0,0.0
USC00046657,2024-08-03,87.98,87.98,89.96,0.0,0.0,0.0,0.0
USC00046657,2024-08-04,93.02,87.98,89.96,1.0,1.0,1.0,1.0
USC00046657,2024-08-05,93.02,87.98,89.96,1.0,1.0,1.0,1.0
USC00046657,2024-08-06,91.94,87.98,89.96,1.0,1.0,1.0,1.0
USC00046657,2024-08-07,84.02,87.98,89.96,0.0,0.0,0.0,0.0
USC00046657,2024-08-08,84.02,87.98,89.96,0.0,0.0,0.0,0.0
USC00046657,2024-08-09,89.06,87.98,89.96,1.0,0.0,0.0,0.0
USC00046657,2024-08-10,89.06,87.98,89.96,1.0,0.0,0.0,0.0
USC00046657,2024-08-11,82.94,87.98,89.96,0.0,0.0,0.0,0.0
USC00046657,2024-08-12,82.94,87.98,89.96,0.0,0.0,0.0,0.0
USC00046657,2024-08-13,82.04,87.98,89.96,0.0,0.0,0.0,0.0
USC00046657,2024-08-14,82.94,87.98,89.96,0.0,0.0,0.0,0.0
USC00046657,2024-08-15,84.92,87.98,89.96,0.0,0.0,0.0,0.0
USC00046657,2024-08-16,84.02,87.98,89.96,0.0,0.0,0.0,0.0
USC00046657,2024-08-17,82.04,87.98,89.96,0.0,0.0,0.0,0.0
USC00046657,2024-08-18,84.02,87.98,89.96,0.0,0.0,0.0,0.0
USC00046657,2024-08-19,86.0,87.98,89.96,0.0,0.0,0.0,0.0
USC00046657,2024-08-20,89.96,87.98,89.96,1.0,0.0,0.0,0.0
USC00046657,2024-08-21,89.06,87.98,89.96,1.0,0.0,0.0,0.0
USC00046657,2024-08-22,82.04,87.98,89.96,0.0,0.0,0.0,0.0
USC00046657,2024-08-23,77.0,87.98,89.96,0.0,0.0,0.0,0.0
USC00046657,2024-08-24,71.96,87.98,89.96,0.0,0.0,0.0,0.0
USC00046657,2024-08-25,75.02,87.98,89.96,0.0,0.0,0.0,0.0
USC00046657,2024-08-26,84.02,87.98,89.96,0.0,0.0,0.0,0.0
USC00046657,2024-08-27,84.02,87.98,89.96,0.0,0.0,0.0,0.0
USC00046657,2024-08-28,82.04,87.98,89.96,0.0,0.0,0.0,0.0
USC00046657,2024-08-29,84.92,87.98,89.96,0.0,0.0,0.0,0.0
USC00046657,2024-08-30,89.06,87.98,89.96,1.0,1.0,0.0,0.0
USC00046657,2024-08-31,89.06,87.98,89.96,1.0,1.0,0.0,0.0
USC00046657,2024-09-01,89.96,87.98,89.96,1.0,1.0,0.0,0.0
USC00046657,2024-09-02,89.06,87.98,89.96,1.0,1.0,0.0,0.0
USC00046657,2024-09-03,87.98,87.98,89.96,0.0,0.0,0.0,0.0
USC00046657,2024-09-04,91.04,87.98,89.96,1.0,1.0,1.0,1.0
USC00046657,2024-09-05,95.0,87.98,89.96,1.0,1.0,1.0,1.0
USC00046657,2024-09-06,96.08,87.98,89.96,1.0,1.0,1.0,1.0
USC00046657,2024-09-07,91.94,87.98,89.96,1.0,1.0,1.0,1.0
USC00046657,2024-09-08,87.98,87.98,89.96,0.0,0.0,0.0,0.0
USC00046657,2024-09-09,89.96,87.98,89.96,1.0,0.0,0.0,0.0
USC00046657,2024-09-10,84.92,87.98,89.96,0.0,0.0,0.0,0.0
USC00046657,2024-09-11,78.08,87.98,89.96,0.0,0.0,0.0,0.0
USC00046657,2024-09-12,75.02,87.98,89.96,0.0,0.0,0.0,0.0
USC00046657,2024-09-13,80.96,87.98,89.96,0.0,0.0,0.0,0.0
USC00046657,2024-09-14,80.06,87.98,89.96,0.0,0.0,0.0,0.0
USC00046657,2024-09-15,73.94,87.98,89.96,0.0,0.0,0.0,0.0
USC00046657,2024-09-16,55.94,87.98,89.96,0.0,0.0,0.0,0.0
USC00046657,2024-09-17,60.98,87.98,89.96,0.0,0.0,0.0,0.0
USC00046657,2024-09-18,69.98,87.98,89.96,0.0,0.0,0.0,0.0
USC00046657,2024-09-19,68.0,87.98,89.96,0.0,0.0,0.0,0.0
USC00046657,2024-09-20,55.04,87.98,89.96,0.0,0.0,0.0,0.0
USC00046657,2024-09-21,73.04,87.98,89.96,0.0,0.0,0.0,0.0
USC00046657,2024-09-22,80.96,87.98,89.96,0.0,0.0,0.0,0.0
USC00046657,2024-09-23,86.0,87.98,89.96,0.0,0.0,0.0,0.0
USC00046657,2024-09-24,87.08,87.98,89.96,0.0,0.0,0.0,0.0
USC00046657,2024-09-25,84.02,87.98,89.96,0.0,0.0,0.0,0.0
USC00046657,2024-09-26,84.02,87.98,89.96,0.0,0.0,0.0,0.0
USC00046657,2024-09-27,84.92,87.98,89.96,0.0,0.0,0.0,0.0
USC00046657,2024-09-28,84.92,87.98,89.96,0.0,0.0,0.0,0.0
USC00046657,2024-09-29,82.94,87.98,89.96,0.0,0.0,0.0,0.0
USC00046657,2024-09-30,87.98,87.98,89.96,0.0,0.0,0.0,0.0
USC00046657,2024-10-01,93.02,87.98,89.96,,,,
USC00046657,2024-10-02,91.94,87.98,89.96,,,,
USC00046657,2024-10-03,89.96,87.98,89.96,,,,
USC00046657,2024-10-04,91.04,87.98,89.96,,,,
USC00046657,2024-10-05,89.96,87.98,89.96,,,,
USC00046657,2024-10-06,91.04,87.98,89.96,,,,
USC00046657,2024-10-07,87.08,87.98,89.96,,,,
USC00046657,2024-10-08,82.04,87.98,89.96,,,,
USC00046657,2024-10-09,78.98,87.98,89.96,,,,
USC00046657,2024-10-10,77.0,87.98,89.96,,,,
USC00046657,2024-10-11,78.98,87.98,89.96,,,,
USC00046657,2024-10-12,75.92,87.98,89.96,,,,
USC00046657,2024-10-13,71.96,87.98,89.96,,,,
USC00046657,2024-10-14,71.06,87.98,89.96,,,,
USC00046657,2024-10-15,78.98,87.98,89.96,,,,
USC00046657,2024-10-16,73.94,87.98,89.96,,,,
USC00046657,2024-10-17,57.02,87.98,89.96,,,,
USC00046657,2024-10-18,55.94,87.98,89.96,,,,
USC00046657,2024-10-19,64.94,87.98,89.96,,,,
USC00046657,2024-10-20,69.98,87.98,89.96,,,,
USC00046657,2024-10-21,73.94,87.98,89.96,,,,
USC00046657,2024-10-22,77.0,87.98,89.96,,,,
USC00046657,2024-10-23,78.98,87.98,89.96,,,,
USC00046657,2024-10-24,75.92,87.98,89.96,,,,
USC00046657,2024-10-25,78.08,87.98,89.96,,,,
USC00046657,2024-10-26,80.06,87.98,89.96,,,,
USC00046657,2024-10-27,75.92,87.98,89.96,,,,
USC00046657,2024-10-28,60.98,87.98,89.96,,,,
USC00046657,2024-10-29,48.02,87.98,89.96,,,,
USC00046657,2024-10-30,59.0,87.98,89.96,,,,
USC00046657,2024-10-31,57.02,87.98,89.96,,,,
USC00046657,2024-11-01,60.98,87.98,89.96,,,,
USC00046657,2024-11-02,51.08,87.98,89.96,,,,
USC00046657,2024-11-03,48.92,87.98,89.96,,,,
USC00046657,2024-11-04,57.02,87.98,89.96,,,,
USC00046657,2024-11-05,62.06,87.98,89.96,,,,
USC00046657,2024-11-06,53.06,87.98,89.96,,,,
USC00046657,2024-11-07,55.04,87.98,89.96,,,,
USC00046657,2024-11-08,60.98,87.98,89.96,,,,
USC00046657,2024-11-09,66.02,87.98,89.96,,,,
USC00046657,2024-11-10,66.92,87.98,89.96,,,,
USC00046657,2024-11-11,64.94,87.98,89.96,,,,
USC00046657,2024-11-12,57.02,87.98,89.96,,,,
USC00046657,2024-11-13,64.04,87.98,89.96,,,,
USC00046657,2024-11-14,64.94,87.98,89.96,,,,
USC00046657,2024-11-15,37.94,87.98,89.96,,,,
USC00046657,2024-11-16,42.08,87.98,89.96,,,,
USC00046657,2024-11-17,51.08,87.98,89.96,,,,
USC00046657,2024-11-18,51.98,87.98,89.96,,,,
USC00046657,2024-11-19,51.08,87.98,89.96,,,,
USC00046657,2024-11-20,64.04,87.98,89.96,,,,
USC00046657,2024-11-21,66.92,87.98,89.96,,,,
USC00046657,2024-11-22,68.0,87.98,89.96,,,,
USC00046657,2024-11-23,59.0,87.98,89.96,,,,
USC00046657,2024-11-24,48.02,87.98,89.96,,,,
USC00046657,2024-11-25,59.0,87.98,89.96,,,,
USC00046657,2024-11-26,57.02,87.98,89.96,,,,
USC00046657,2024-11-27,55.94,87.98,89.96,,,,
USC00046657,2024-11-28,57.02,87.98,89.96,,,,
USC00046657,2024-11-29,59.0,87.98,89.96,,,,
USC00046657,2024-11-30,66.92,87.98,89.96,,,,
USC00046657,2024-12-01,64.94,87.98,89.96,,,,
USC00046657,2024-12-02,64.94,87.98,89.96,,,,
USC00046657,2024-12-03,60.98,87.98,89.96,,,,
USC00046657,2024-12-04,64.94,87.98,89.96,,,,
USC00046657,2024-12-05,62.96,87.98,89.96,,,,
USC00046657,2024-12-06,64.94,87.98,89.96,,,,
USC00046657,2024-12-07,62.06,87.98,89.96,,,,
USC00046657,2024-12-08,57.92,87.98,89.96,,,,
USC00046657,2024-12-09,62.96,87.98,89.96,,,,
USC00046657,2024-12-10,53.06,87.98,89.96,,,,
USC00046657,2024-12-11,57.92,87.98,89.96,,,,
USC00046657,2024-12-12,53.96,87.98,89.96,,,,
USC00046657,2024-12-13,50.0,87.98,89.96,,,,
USC00046657,2024-12-14,55.94,87.98,89.96,,,,
USC00046657,2024-12-15,55.94,87.98,89.96,,,,
USC00046657,2024-12-16,62.96,87.98,89.96,,,,
USC00046657,2024-12-17,64.04,87.98,89.96,,,,
USC00046657,2024-12-18,64.94,87.98,89.96,,,,
USC00046657,2024-12-19,64.94,87.98,89.96,,,,
USC00046657,2024-12-20,66.92,87.98,89.96,,,,
USC00046657,2024-12-21,62.96,87.98,89.96,,,,
USC00046657,2024-12-22,62.96,87.98,89.96,,,,
USC00046657,2024-12-23,62.96,87.98,89.96,,,,
USC00046657,2024-12-24,59.0,87.98,89.96,,,,
USC00046657,2024-12-25,51.08,87.98,89.96,,,,
USC00046657,2024-12-26,53.96,87.98,89.96,,,,
USC00046657,2024-12-27,51.98,87.98,89.96,,,,
USC00046657,2024-12-28,60.08,87.98,89.96,,,,
USC00046657,2024-12-29,64.04,87.98,89.96,,,,
USC00046657,2024-12-30,66.02,87.98,89.96,,,,
USC00046657,2024-12-31,62.06,87.98,89.96,,,,
USW00023188,2021-01-01,69.98,80.96,84.02,,,,
USW00023188,2021-01-02,66.02,80.96,84.02,,,,
USW00023188,2021-01-03,64.04,80.96,84.02,,,,
USW00023188,2021-01-04,64.04,80.96,84.02,,,,
USW00023188,2021-01-05,60.98,80.96,84.02,,,,
USW00023188,2021-01-06,62.96,80.96,84.02,,,,
USW00023188,2021-01-07,68.0,80.96,84.02,,,,
USW00023188,2021-01-08,66.92,80.96,84.02,,,,
USW00023188,2021-01-09,68.0,80.96,84.02,,,,
USW00023188,2021-01-10,73.04,80.96,84.02,,,,
USW00023188,2021-01-11,69.98,80.96,84.02,,,,
USW00023188,2021-01-12,71.96,80.96,84.02,,,,
USW00023188,2021-01-13,71.96,80.96,84.02,,,,
USW00023188,2021-01-14,80.96,80.96,84.02,,,,
USW00023188,2021-01-15,87.98,80.96,84.02,,,,
USW00023188,2021-01-16,73.94,80.96,84.02,,,,
USW00023188,2021-01-17,82.04,80.96,84.02,,,,
USW00023188,2021-01-18,69.08,80.96,84.02,,,,
USW00023188,2021-01-19,73.04,80.96,84.02,,,,
USW00023188,2021-01-20,73.04,80.96,84.02,,,,
USW00023188,2021-01-21,69.08,80.96,84.02,,,,
USW00023188,2021-01-22,64.04,80.96,84.02,,,,
USW00023188,2021-01-23,60.08,80.96,84.02,,,,
USW00023188,2021-01-24,60.08,80.96,84.02,,,,
USW00023188,2021-01-25,57.02,80.96,84.02,,,,
USW00023188,2021-01-26,59.0,80.96,84.02,,,,
USW00023188,2021-01-27,62.06,80.96,84.02,,,,
USW00023188,2021-01-28,64.04,80.96,84.02,,,,
USW00023188,2021-01-29,62.06,80.96,84.02,,,,
USW00023188,2021-01-30,62.06,80.96,84.02,,,,
USW00023188,2021-01-31,68.0,80.96,84.02,,,,
USW00023188,2021-02-01,71.96,80.96,84.02,,,,
USW00023188,2021-02-02,66.92,80.96,84.02,,,,
USW00023188,2021-02-03,62.06,80.96,84.02,,,,
USW00023188,2021-02-04,62.96,80.96,84.02,,,,
USW00023188,2021-02-05,66.02,80.96,84.02,,,,
USW00023188,2021-02-06,69.08,80.96,84.02,,,,
USW00023188,2021-02-07,66.92,80.96,84.02,,,,
USW00023188,2021-02-08,60.08,80.96,84.02,,,,
USW00023188,2021-02-09,62.06,80.96,84.02,,,,
USW00023188,2021-02-10,62.96,80.96,84.02,,,,
USW00023188,2021-02-11,66.92,80.96,84.02,,,,
USW00023188,2021-02-12,64.94,80.96,84.02,,,,
USW00023188,2021-02-13,62.96,80.96,84.02,,,,
USW00023188,2021-02-14,66.02,80.96,84.02,,,,
USW00023188,2021-02-15,64.04,80.96,84.02,,,,
USW00023188,2021-02-16,64.04,80.96,84.02,,,,
USW00023188,2021-02-17,64.04,80.96,84.02,,,,
USW00023188,2021-02-18,69.08,80.96,84.02,,,,
USW00023188,2021-02-19,68.0,80.96,84.02,,,,
USW00023188,2021-02-20,66.02,80.96,84.02,,,,
USW00023188,2021-02-21,82.04,80.96,84.02,,,,
USW00023188,2021-02-22,78.08,80.96,84.02,,,,
USW00023188,2021-02-23,75.02,80.96,84.02,,,,
USW00023188,2021-02-24,68.0,80.96,84.02,,,,
USW00023188,2021-02-25,71.06,80.96,84.02,,,,
USW00023188,2021-02-26,73.94,80.96,84.02,,,,
USW00023188,2021-02-27,64.94,80.96,84.02,,,,
USW00023188,2021-02-28,73.94,80.96,84.02,,,,
USW00023188,2021-03-01,77.0,80.96,84.02,,,,
USW00023188,2021-03-02,71.96,80.96,84.02,,,,
USW00023188,2021-03-03,62.96,80.96,84.02,,,,
USW00023188,2021-03-04,66.02,80.96,84.02,,,,
USW00023188,2021-03-05,69.08,80.96,84.02,,,,
USW00023188,2021-03-06,66.92,80.96,84.02,,,,
USW00023188,2021-03-07,64.04,80.96,84.02,,,,
USW00023188,2021-03-08,64.04,80.96,84.02,,,,
USW00023188,2021-03-09,64.04,80.96,84.02,,,,
USW00023188,2021-03-10,62.96,80.96,84.02,,,,
USW00023188,2021-03-11,60.08,80.96,84.02,,,,
USW00023188,2021-03-12,60.98,80.96,84.02,,,,
USW00023188,2021-03-13,64.04,80.96,84.02,,,,
USW00023188,2021-03-14,62.96,80.96,84.02,,,,
USW00023188,2021-03-15,59.0,80.96,84.02,,,,
USW00023188,2021-03-16,60.98,80.96,84.02,,,,
USW00023188,2021-03-17,62.06,80.96,84.02,,,,
USW00023188,2021-03-18,62.96,80.96,84.02,,,,
USW00023188,2021-03-19,66.92,80.96,84.02,,,,
USW00023188,2021-03-20,66.02,80.96,84.02,,,,
USW00023188,2021-03-21,64.04,80.96,84.02,,,,
USW00023188,2021-03-22,66.02,80.96,84.02,,,,
USW00023188,2021-03-23,64.04,80.96,84.02,,,,
USW00023188,2021-03-24,66.02,80.96,84.02,,,,
USW00023188,2021-03-25,62.06,80.96,84.02,,,,
USW00023188,2021-03-26,64.04,80.96,84.02,,,,
USW00023188,2021-03-27,73.04,80.96,84.02,,,,
USW00023188,2021-03-28,82.04,80.96,84.02,,,,
USW00023188,2021-03-29,71.96,80.96,84.02,,,,
USW00023188,2021-03-30,66.92,80.96,84.02,,,,
USW00023188,2021-03-31,87.98,80.96,84.02,,,,
USW00023188,2021-04-01,87.98,80.96,84.02,,,,
USW00023188,2021-04-02,69.08,80.96,84.02,,,,
USW00023188,2021-04-03,68.0,80.96,84.02,,,,
USW00023188,2021-04-04,73.04,80.96,84.02,,,,
USW00023188,2021-04-05,66.92,80.96,84.02,,,,
USW00023188,2021-04-06,69.08,80.96,84.02,,,,
USW00023188,2021-04-07,73.04,80.96,84.02,,,,
USW00023188,2021-04-08,69.98,80.96,84.02,,,,
USW00023188,2021-04-09,69.98,80.96,84.02,,,,
USW00023188,2021-04-10,69.98,80.96,84.02,,,,
USW00023188,2021-04-11,66.92,80.96,84.02,,,,
USW00023188,2021-04-12,66.92,80.96,84.02,,,,
USW00023188,2021-04-13,62.06,80.96,84.02,,,,
USW00023188,2021-04-14,64.04,80.96,84.02,,,,
USW00023188,2021-04-15,66.02,80.96,84.02,,,,
USW00023188,2021-04-16,68.0,80.96,84.02,,,,
USW00023188,2021-04-17,66.92,80.96,84.02,,,,
USW00023188,2021-04-18,82.04,80.96,84.02,,,,
USW00023188,2021-04-19,80.06,80.96,84.02,,,,
USW00023188,2021-04-20,66.02,80.96,84.02,,,,
USW00023188,2021-04-21,64.04,80.96,84.02,,,,
USW00023188,2021-04-22,62.96,80.96,84.02,,,,
USW00023188,2021-04-23,64.04,80.96,84.02,,,,
USW00023188,2021-04-24,66.92,80.96,84.02,,,,
USW00023188,2021-04-25,66.92,80.96,84.02,,,,
USW00023188,2021-04-26,66.02,80.96,84.02,,,,
USW00023188,2021-04-27,64.94,80.96,84.02,,,,
USW00023188,2021-04-28,71.96,80.96,84.02,,,,
USW00023188,2021-04-29,80.96,80.96,84.02,,,,
USW00023188,2021-04-30,82.94,80.96,84.02,,,,
USW00023188,2021-05-01,68.0,80.96,84.02,0.0,0.0,0.0,0.0
USW00023188,2021-05-02,66.02,80.96,84.02,0.0,0.0,0.0,0.0
USW00023188,2021-05-03,71.06,80.96,84.02,0.0,0.0,0.0,0.0
USW00023188,2021-05-04,73.04,80.96,84.02,0.0,0.0,0.0,0.0
USW00023188,2021-05-05,71.96,80.96,84.02,0.0,0.0,0.0,0.0
USW00023188,2021-05-06,68.0,80.96,84.02,0.0,0.0,0.0,0.0
USW00023188,2021-05-07,68.0,80.96,84.02,0.0,0.0,0.0,0.0
USW00023188,2021-05-08,68.0,80.96,84.02,0.0,0.0,0.0,0.0
USW00023188,2021-05-09,69.08,80.96,84.02,0.0,0.0,0.0,0.0
USW00023188,2021-05-10,66.92,80.96,84.02,0.0,0.0,0.0,0.0
USW00023188,2021-05-11,66.92,80.96,84.02,0.0,0.0,0.0,0.0
USW00023188,2021-05-12,69.08,80.96,84.02,0.0,0.0,0.0,0.0
USW00023188,2021-05-13,71.96,80.96,84.02,0.0,0.0,0.0,0.0
USW00023188,2021-05-14,69.98,80.96,84.02,0.0,0.0,0.0,0.0
USW00023188,2021-05-15,66.92,80.96,84.02,0.0,0.0,0.0,0.0
USW00023188,2021-05-16,64.94,80.96,84.02,0.0,0.0,0.0,0.0
USW00023188,2021-05-17,68.0,80.96,84.02,0.0,0.0,0.0,0.0
USW00023188,2021-05-18,69.98,80.96,84.02,0.0,0.0,0.0,0.0
USW00023188,2021-05-19,69.08,80.96,84.02,0.0,0.0,0.0,0.0
USW00023188,2021-05-20,66.92,80.96,84.02,0.0,0.0,0.0,0.0
USW00023188,2021-05-21,66.02,80.96,84.02,0.0,0.0,0.0,0.0
USW00023188,2021-05-22,66.02,80.96,84.02,0.0,0.0,0.0,0.0
USW00023188,2021-05-23,69.98,80.96,84.02,0.0,0.0,0.0,0.0
USW00023188,2021-05-24,75.92,80.96,84.02,0.0,0.0,0.0,0.0
USW00023188,2021-05-25,75.92,80.96,84.02,0.0,0.0,0.0,0.0
USW00023188,2021-05-26,69.98,80.96,84.02,0.0,0.0,0.0,0.0
USW00023188,2021-05-27,69.08,80.96,84.02,0.0,0.0,0.0,0.0
USW00023188,2021-05-28,69.08,80.96,84.02,0.0,0.0,0.0,0.0
USW00023188,2021-05-29,66.02,80.96,84.02,0.0,0.0,0.0,0.0
USW00023188,2021-05-30,68.0,80.96,84.02,0.0,0.0,0.0,0.0
USW00023188,2021-05-31,69.98,80.96,84.02,0.0,0.0,0.0,0.0
USW00023188,2021-06-01,69.08,80.96,84.02,0.0,0.0,0.0,0.0
USW00023188,2021-06-02,71.06,80.96,84.02,0.0,0.0,0.0,0.0
USW00023188,2021-06-03,68.0,80.96,84.02,0.0,0.0,0.0,0.0
USW00023188,2021-06-04,71.06,80.96,84.02,0.0,0.0,0.0,0.0
USW00023188,2021-06-05,71.06,80.96,84.02,0.0,0.0,0.0,0.0
USW00023188,2021-06-06,69.98,80.96,84.02,0.0,0.0,0.0,0.0
USW00023188,2021-06-07,66.92,80.96,84.02,0.0,0.0,0.0,0.0
USW00023188,2021-06-08,71.96,80.96,84.02,0.0,0.0,0.0,0.0
USW00023188,2021-06-09,71.96,80.96,84.02,0.0,0.0,0.0,0.0
USW00023188,2021-06-10,73.04,80.96,84.02,0.0,0.0,0.0,0.0
USW00023188,2021-06-11,75.92,80.96,84.02,0.0,0.0,0.0,0.0
USW00023188,2021-06-12,75.02,80.96,84.02,0.0,0.0,0.0,0.0
USW00023188,2021-06-13,75.02,80.96,84.02,0.0,0.0,0.0,0.0
USW00023188,2021-06-14,75.02,80.96,84.02,0.0,0.0,0.0,0.0
USW00023188,2021-06-15,87.08,80.96,84.02,1.0,0.0,1.0,0.0
USW00023188,2021-06-16,71.96,80.96,84.02,0.0,0.0,0.0,0.0
USW00023188,2021-06-17,73.04,80.96,84.02,0.0,0.0,0.0,0.0
USW00023188,2021-06-18,71.06,80.96,84.02,0.0,0.0,0.0,0.0
USW00023188,2021-06-19,73.04,80.96,84.02,0.0,0.0,0.0,0.0
USW00023188,2021-06-20,73.04,80.96,84.02,0.0,0.0,0.0,0.0
USW00023188,2021-06-21,75.02,80.96,84.02,0.0,0.0,0.0,0.0
USW00023188,2021-06-22,71.96,80.96,84.02,0.0,0.0,0.0,0.0
USW00023188,2021-06-23,73.94,80.96,84.02,0.0,0.0,0.0,0.0
USW00023188,2021-06-24,73.94,80.96,84.02,0.0,0.0,0.0,0.0
USW00023188,2021-06-25,75.02,80.96,84.02,0.0,0.0,0.0,0.0
USW00023188,2021-06-26,73.04,80.96,84.02,0.0,0.0,0.0,0.0
USW00023188,2021-06-27,73.04,80.96,84.02,0.0,0.0,0.0,0.0
USW00023188,2021-06-28,71.06,80.96,84.02,0.0,0.0,0.0,0.0
USW00023188,2021-06-29,71.96,80.96,84.02,0.0,0.0,0.0,0.0
USW00023188,2021-06-30,73.04,80.96,84.02,0.0,0.0,0.0,0.0
USW00023188,2021-07-01,75.02,80.96,84.02,0.0,0.0,0.0,0.0
USW00023188,2021-07-02,75.02,80.96,84.02,0.0,0.0,0.0,0.0
USW00023188,2021-07-03,73.94,80.96,84.02,0.0,0.0,0.0,0.0
USW00023188,2021-07-04,73.94,80.96,84.02,0.0,0.0,0.0,0.0
USW00023188,2021-07-05,75.02,80.96,84.02,0.0,0.0,0.0,0.0
USW00023188,2021-07-06,73.94,80.96,84.02,0.0,0.0,0.0,0.0
USW00023188,2021-07-07,73.94,80.96,84.02,0.0,0.0,0.0,0.0
USW00023188,2021-07-08,75.92,80.96,84.02,0.0,0.0,0.0,0.0
USW00023188,2021-07-09,78.08,80.96,84.02,0.0,0.0,0.0,0.0
USW00023188,2021-07-10,80.96,80.96,84.02,0.0,0.0,0.0,0.0
USW00023188,2021-07-11,75.02,80.96,84.02,0.0,0.0,0.0,0.0
USW00023188,2021-07-12,75.92,80.96,84.02,0.0,0.0,0.0,0.0
USW00023188,2021-07-13,78.08,80.96,84.02,0.0,0.0,0.0,0.0
USW00023188,2021-07-14,77.0,80.96,84.02,0.0,0.0,0.0,0.0
USW00023188,2021-07-15,78.08,80.96,84.02,0.0,0.0,0.0,0.0
USW00023188,2021-07-16,78.98,80.96,84.02,0.0,0.0,0.0,0.0
USW00023188,2021-07-17,78.98,80.96,84.02,0.0,0.0,0.0,0.0
USW00023188,2021-07-18,82.04,80.96,84.02,1.0,1.0,0.0,0.0
USW00023188,2021-07-19,82.04,80.96,84.02,1.0,1.0,0.0,0.0
USW00023188,2021-07-20,84.02,80.96,84.02,1.0,1.0,0.0,0.0
USW00023188,2021-07-21,80.96,80.96,84.02,0.0,0.0,0.0,0.0
USW00023188,2021-07-22,78.08,80.96,84.02,0.0,0.0,0.0,0.0
USW00023188,2021-07-23,78.98,80.96,84.02,0.0,0.0,0.0,0.0
USW00023188,2021-07-24,77.0,80.96,84.02,0.0,0.0,0.0,0.0
USW00023188,2021-07-25,77.0,80.96,84.02,0.0,0.0,0.0,0.0
USW00023188,2021-07-26,75.02,80.96,84.02,0.0,0.0,0.0,0.0
USW00023188,2021-07-27,77.0,80.96,84.02,0.0,0.0,0.0,0.0
USW00023188,2021-07-28,78.98,80.96,84.02,0.0,0.0,0.0,0.0
USW00023188,2021-07-29,78.08,80.96,84.02,0.0,0.0,0.0,0.0
USW00023188,2021-07-30,77.0,80.96,84.02,0.0,0.0,0.0,0.0
USW00023188,2021-07-31,77.0,80.96,84.02,0.0,0.0,0.0,0.0
USW00023188,2021-08-01,80.06,80.96,84.02,0.0,0.0,0.0,0.0
USW00023188,2021-08-02,80.96,80.96,84.02,0.0,0.0,0.0,0.0
USW00023188,2021-08-03,78.08,80.96,84.02,0.0,0.0,0.0,0.0
USW00023188,2021-08-04,75.92,80.96,84.02,0.0,0.0,0.0,0.0
USW00023188,2021-08-05,78.08,80.96,84.02,0.0,0.0,0.0,0.0
USW00023188,2021-08-06,73.94,80.96,84.02,0.0,0.0,0.0,0.0
USW00023188,2021-08-07,73.94,80.96,84.02,0.0,0.0,0.0,0.0
USW00023188,2021-08-08,75.02,80.96,84.02,0.0,0.0,0.0,0.0
USW00023188,2021-08-09,78.08,80.96,84.02,0.0,0.0,0.0,0.0
USW00023188,2021-08-10,78.98,80.96,84.02,0.0,0.0,0.0,0.0
USW00023188,2021-08-11,82.04,80.96,84.02,1.0,1.0,0.0,0.0
USW00023188,2021-08-12,82.94,80.96,84.02,1.0,1.0,0.0,0.0
USW00023188,2021-08-13,86.0,80.96,84.02,1.0,1.0,1.0,0.0
USW00023188,2021-08-14,82.94,80.96,84.02,1.0,1.0,0.0,0.0
USW00023188,2021-08-15,78.98,80.96,84.02,0.0,0.0,0.0,0.0
USW00023188,2021-08-16,78.98,80.96,84.02,0.0,0.0,0.0,0.0
USW00023188,2021-08-17,78.08,80.96,84.02,0.0,0.0,0.0,0.0
USW00023188,2021-08-18,78.98,80.96,84.02,0.0,0.0,0.0,0.0
USW00023188,2021-08-19,78.08,80.96,84.02,0.0,0.0,0.0,0.0
USW00023188,2021-08-20,75.92,80.96,84.02,0.0,0.0,0.0,0.0
USW00023188,2021-08-21,78.08,80.96,84.02,0.0,0.0,0.0,0.0
USW00023188,2021-08-22,77.0,80.96,84.02,0.0,0.0,0.0,0.0
USW00023188,2021-08-23,78.08,80.96,84.02,0.0,0.0,0.0,0.0
USW00023188,2021-08-24,78.08,80.96,84.02,0.0,0.0,0.0,0.0
USW00023188,2021-08-25,80.06,80.96,84.02,0.0,0.0,0.0,0.0
USW00023188,2021-08-26,82.04,80.96,84.02,1.0,0.0,0.0,0.0
USW00023188,2021-08-27,78.98,80.96,84.02,0.0,0.0,0.0,0.0
USW00023188,2021-08-28,77.0,80.96,84.02,0.0,0.0,0.0,0.0
USW00023188,2021-08-29,77.0,80.96,84.02,0.0,0.0,0.0,0.0
USW00023188,2021-08-30,78.08,80.96,84.02,0.0,0.0,0.0,0.0
USW00023188,2021-08-31,73.94,80.96,84.02,0.0,0.0,0.0,0.0
USW00023188,2021-09-01,77.0,80.96,84.02,0.0,0.0,0.0,0.0
USW00023188,2021-09-02,78.08,80.96,84.02,0.0,0.0,0.0,0.0
USW00023188,2021-09-03,75.92,80.96,84.02,0.0,0.0,0.0,0.0
USW00023188,2021-09-04,82.94,80.96,84.02,1.0,0.0,0.0,0.0
USW00023188,2021-09-05,78.98,80.96,84.02,0.0,0.0,0.0,0.0
USW00023188,2021-09-06,77.0,80.96,84.02,0.0,0.0,0.0,0.0
USW00023188,2021-09-07,80.96,80.96,84.02,0.0,0.0,0.0,0.0
USW00023188,2021-09-08,82.04,80.96,84.02,1.0,0.0,0.0,0.0
USW00023188,2021-09-09,84.92,80.96,84.02,1.0,0.0,1.0,0.0
USW00023188,2021-09-10,80.96,80.96,84.02,0.0,0.0,0.0,0.0
USW00023188,2021-09-11,84.92,80.96,84.02,1.0,0.0,1.0,0.0
USW00023188,2021-09-12,80.06,80.96,84.02,0.0,0.0,0.0,0.0
USW00023188,2021-09-13,75.92,80.96,84.02,0.0,0.0,0.0,0.0
USW00023188,2021-09-14,77.0,80.96,84.02,0.0,0.0,0.0,0.0
USW00023188,2021-09-15,75.92,80.96,84.02,0.0,0.0,0.0,0.0
USW00023188,2021-09-16,75.02,80.96,84.02,0.0,0.0,0.0,0.0
USW00023188,2021-09-17,75.02,80.96,84.02,0.0,0.0,0.0,0.0
USW00023188,2021-09-18,75.02,80.96,84.02,0.0,0.0,0.0,0.0
USW00023188,2021-09-19,75.02,80.96,84.02,0.0,0.0,0.0,0.0
USW00023188,2021-09-20,75.92,80.96,84.02,0.0,0.0,0.0,0.0
USW00023188,2021-09-21,84.02,80.96,84.02,1.0,0.0,0.0,0.0
USW00023188,2021-09-22,86.0,80.96,84.02,1.0,0.0,1.0,0.0
USW00023188,2021-09-23,77.0,80.96,84.02,0.0,0.0,0.0,0.0
USW00023188,2021-09-24,75.92,80.96,84.02,0.0,0.0,0.0,0.0
USW00023188,2021-09-25,73.94,80.96,84.02,0.0,0.0,0.0,0.0
USW00023188,2021-09-26,69.98,80.96,84.02,0.0,0.0,0.0,0.0
USW00023188,2021-09-27,69.98,80.96,84.02,0.0,0.0,0.0,0.0
USW00023188,2021-09-28,71.96,80.96,84.02,0.0,0.0,0.0,0.0
USW00023188,2021-09-29,75.02,80.96,84.02,0.0,0.0,0.0,0.0
USW00023188,2021-09-30,77.0,80.96,84.02,0.0,0.0,0.0,0.0
USW00023188,2021-10-01,89.96,80.96,84.02,,,,
USW00023188,2021-10-02,86.0,80.96,84.02,,,,
USW00023188,2021-10-03,87.98,80.96,84.02,,,,
USW00023188,2021-10-04,84.02,80.96,84.02,,,,
USW00023188,2021-10-05,75.92,80.96,84.02,,,,
USW00023188,2021-10-06,73.94,80.96,84.02,,,,
USW00023188,2021-10-07,73.04,80.96,84.02,,,,
USW00023188,2021-10-08,71.06,80.96,84.02,,,,
USW00023188,2021-10-09,71.96,80.96,84.02,,,,
USW00023188,2021-10-10,73.94,80.96,84.02,,,,
USW00023188,2021-10-11,69.98,80.96,84.02,,,,
USW00023188,2021-10-12,71.06,80.96,84.02,,,,
USW00023188,2021-10-13,73.04,80.96,84.02,,,,
USW00023188,2021-10-14,71.96,80.96,84.02,,,,
USW00023188,2021-10-15,84.92,80.96,84.02,,,,
USW00023188,2021-10-16,86.0,80.96,84.02,,,,
USW00023188,2021-10-17,75.02,80.96,84.02,,,,
USW00023188,2021-10-18,69.08,80.96,84.02,,,,
USW00023188,2021-10-19,69.08,80.96,84.02,,,,
USW00023188,2021-10-20,69.98,80.96,84.02,,,,
USW00023188,2021-10-21,71.96,80.96,84.02,,,,
USW00023188,2021-10-22,69.08,80.96,84.02,,,,
USW00023188,2021-10-23,69.08,80.96,84.02,,,,
USW00023188,2021-10-24,71.06,80.96,84.02,,,,
USW00023188,2021-10-25,69.08,80.96,84.02,,,,
USW00023188,2021-10-26,69.08,80.96,84.02,,,,
USW00023188,2021-10-27,78.98,80.96,84.02,,,,
USW00023188,2021-10-28,84.92,80.96,84.02,,,,
USW00023188,2021-10-29,78.98,80.96,84.02,,,,
USW00023188,2021-10-30,68.0,80.96,84.02,,,,
USW00023188,2021-10-31,69.98,80.96,84.02,,,,
USW00023188,2021-11-01,71.06,80.96,84.02,,,,
USW00023188,2021-11-02,68.0,80.96,84.02,,,,
USW00023188,2021-11-03,68.0,80.96,84.02,,,,
USW00023188,2021-11-04,66.92,80.96,84.02,,,,
USW00023188,2021-11-05,69.08,80.96,84.02,,,,
USW00023188,2021-11-06,69.08,80.96,84.02,,,,
USW00023188,2021-11-07,69.08,80.96,84.02,,,,
USW00023188,2021-11-08,66.92,80.96,84.02,,,,
USW00023188,2021-11-09,69.08,80.96,84.02,,,,
USW00023188,2021-11-10,69.98,80.96,84.02,,,,
USW00023188,2021-11-11,84.92,80.96,84.02,,,,
USW00023188,2021-11-12,91.94,80.96,84.02,,,,
USW00023188,2021-11-13,84.92,80.96,84.02,,,,
USW00023188,2021-11-14,87.08,80.96,84.02,,,,
USW00023188,2021-11-15,80.96,80.96,84.02,,,,
USW00023188,2021-11-16,66.02,80.96,84.02,,,,
USW00023188,2021-11-17,69.08,80.96,84.02,,,,
USW00023188,2021-11-18,66.02,80.96,84.02,,,,
USW00023188,2021-11-19,66.92,80.96,84.02,,,,
USW00023188,2021-11-20,66.02,80.96,84.02,,,,
USW00023188,2021-11-21,80.06,80.96,84.02,,,,
USW00023188,2021-11-22,82.04,80.96,84.02,,,,
USW00023188,2021-11-23,66.02,80.96,84.02,,,,
USW00023188,2021-11-24,66.92,80.96,84.02,,,,
USW00023188,2021-11-25,78.98,80.96,84.02,,,,
USW00023188,2021-11-26,78.08,80.96,84.02,,,,
USW00023188,2021-11-27,75.02,80.96,84.02,,,,
USW00023188,2021-11-28,77.0,80.96,84.02,,,,
USW00023188,2021-11-29,73.94,80.96,84.02,,,,
USW00023188,2021-11-30,64.94,80.96,84.02,,,,
USW00023188,2021-12-01,66.02,80.96,84.02,,,,
USW00023188,2021-12-02,62.06,80.96,84.02,,,,
USW00023188,2021-12-03,62.96,80.96,84.02,,,,
USW00023188,2021-12-04,62.96,80.96,84.02,,,,
USW00023188,2021-12-05,64.04,80.96,84.02,,,,
USW00023188,2021-12-06,60.98,80.96,84.02,,,,
USW00023188,2021-12-07,62.06,80.96,84.02,,,,
USW00023188,2021-12-08,69.08,80.96,84.02,,,,
USW00023188,2021-12-09,62.96,80.96,84.02,,,,
USW00023188,2021-12-10,60.98,80.96,84.02,,,,
USW00023188,2021-12-11,66.92,80.96,84.02,,,,
USW00023188,2021-12-12,64.04,80.96,84.02,,,,
USW00023188,2021-12-13,60.08,80.96,84.02,,,,
USW00023188,2021-12-14,60.98,80.96,84.02,,,,
USW00023188,2021-12-15,59.0,80.96,84.02,,,,
USW00023188,2021-12-16,57.92,80.96,84.02,,,,
USW00023188,2021-12-17,64.04,80.96,84.02,,,,
USW00023188,2021-12-18,64.94,80.96,84.02,,,,
USW00023188,2021-12-19,62.96,80.96,84.02,,,,
USW00023188,2021-12-20,62.96,80.96,84.02,,,,
USW00023188,2021-12-21,66.02,80.96,84.02,,,,
USW00023188,2021-12-22,64.04,80.96,84.02,,,,
USW00023188,2021-12-23,64.04,80.96,84.02,,,,
USW00023188,2021-12-24,62.96,80.96,84.02,,,,
USW00023188,2021-12-25,57.92,80.96,84.02,,,,
USW00023188,2021-12-26,60.08,80.96,84.02,,,,
USW00023188,2021-12-27,55.94,80.96,84.02,,,,
USW00023188,2021-12-28,57.02,80.96,84.02,,,,
USW00023188,2021-12-29,57.92,80.96,84.02,,,,
USW00023188,2021-12-30,64.04,80.96,84.02,,,,
USW00023188,2021-12-31,64.04,80.96,84.02,,,,
USW00023188,2022-01-01,64.04,80.96,84.02,,,,
USW00023188,2022-01-02,66.92,80.96,84.02,,,,
USW00023188,2022-01-03,60.08,80.96,84.02,,,,
USW00023188,2022-01-04,60.08,80.96,84.02,,,,
USW00023188,2022-01-05,64.94,80.96,84.02,,,,
USW00023188,2022-01-06,64.94,80.96,84.02,,,,
USW00023188,2022-01-07,59.0,80.96,84.02,,,,
USW00023188,2022-01-08,60.98,80.96,84.02,,,,
USW00023188,2022-01-09,69.08,80.96,84.02,,,,
USW00023188,2022-01-10,71.96,80.96,84.02,,,,
USW00023188,2022-01-11,75.92,80.96,84.02,,,,
USW00023188,2022-01-12,73.94,80.96,84.02,,,,
USW00023188,2022-01-13,71.96,80.96,84.02,,,,
USW00023188,2022-01-14,69.98,80.96,84.02,,,,
USW00023188,2022-01-15,69.98,80.96,84.02,,,,
USW00023188,2022-01-16,66.92,80.96,84.02,,,,
USW00023188,2022-01-17,66.02,80.96,84.02,,,,
USW00023188,2022-01-18,62.96,80.96,84.02,,,,
USW00023188,2022-01-19,64.04,80.96,84.02,,,,
USW00023188,2022-01-20,68.0,80.96,84.02,,,,
USW00023188,2022-01-21,62.06,80.96,84.02,,,,
USW00023188,2022-01-22,69.08,80.96,84.02,,,,
USW00023188,2022-01-23,69.98,80.96,84.02,,,,
USW00023188,2022-01-24,66.02,80.96,84.02,,,,
USW00023188,2022-01-25,62.06,80.96,84.02,,,,
USW00023188,2022-01-26,66.92,80.96,84.02,,,,
USW00023188,2022-01-27,69.98,80.96,84.02,,,,
USW00023188,2022-01-28,77.0,80.96,84.02,,,,
USW00023188,2022-01-29,69.08,80.96,84.02,,,,
USW00023188,2022-01-30,66.92,80.96,84.02,,,,
USW00023188,2022-01-31,62.06,80.96,84.02,,,,
USW00023188,2022-02-01,62.96,80.96,84.02,,,,
USW00023188,2022-02-02,66.02,80.96,84.02,,,,
USW00023188,2022-02-03,64.04,80.96,84.02,,,,
USW00023188,2022-02-04,66.92,80.96,84.02,,,,
USW00023188,2022-02-05,68.0,80.96,84.02,,,,
USW00023188,2022-02-06,71.96,80.96,84.02,,,,
USW00023188,2022-02-07,73.94,80.96,84.02,,,,
USW00023188,2022-02-08,75.92,80.96,84.02,,,,
USW00023188,2022-02-09,84.92,80.96,84.02,,,,
USW00023188,2022-02-10,82.04,80.96,84.02,,,,
USW00023188,2022-02-11,80.96,80.96,84.02,,,,
USW00023188,2022-02-12,91.04,80.96,84.02,,,,
USW00023188,2022-02-13,82.94,80.96,84.02,,,,
USW00023188,2022-02-14,75.02,80.96,84.02,,,,
USW00023188,2022-02-15,60.08,80.96,84.02,,,,
USW00023188,2022-02-16,62.06,80.96,84.02,,,,
USW00023188,2022-02-17,71.06,80.96,84.02,,,,
USW00023188,2022-02-18,69.08,80.96,84.02,,,,
USW00023188,2022-02-19,68.0,80.96,84.02,,,,
USW00023188,2022-02-20,62.96,80.96,84.02,,,,
USW00023188,2022-02-21,62.06,80.96,84.02,,,,
USW00023188,2022-02-22,60.08,80.96,84.02,,,,
USW00023188,2022-02-23,55.94,80.96,84.02,,,,
USW00023188,2022-02-24,60.08,80.96,84.02,,,,
USW00023188,2022-02-25,60.08,80.96,84.02,,,,
USW00023188,2022-02-26,66.92,80.96,84.02,,,,
USW00023188,2022-02-27,69.08,80.96,84.02,,,,
USW00023188,2022-02-28,75.02,80.96,84.02,,,,
USW00023188,2022-03-01,75.92,80.96,84.02,,,,
USW00023188,2022-03-02,78.08,80.96,84.02,,,,
USW00023188,2022-03-03,60.98,80.96,84.02,,,,
USW00023188,2022-03-04,62.96,80.96,84.02,,,,
USW00023188,2022-03-05,59.0,80.96,84.02,,,,
USW00023188,2022-03-06,60.98,80.96,84.02,,,,
USW00023188,2022-03-07,64.04,80.96,84.02,,,,
USW00023188,2022-03-08,66.92,80.96,84.02,,,,
USW00023188,2022-03-09,62.96,80.96,84.02,,,,
USW00023188,2022-03-10,64.04,80.96,84.02,,,,
USW00023188,2022-03-11,69.08,80.96,84.02,,,,
USW00023188,2022-03-12,71.96,80.96,84.02,,,,
USW00023188,2022-03-13,62.96,80.96,84.02,,,,
USW00023188,2022-03-14,66.02,80.96,84.02,,,,
USW00023188,2022-03-15,66.02,80.96,84.02,,,,
USW00023188,2022-03-16,66.92,80.96,84.02,,,,
USW00023188,2022-03-17,73.94,80.96,84.02,,,,
USW00023188,2022-03-18,73.94,80.96,84.02,,,,
USW00023188,2022-03-19,66.02,80.96,84.02,,,,
USW00023188,2022-03-20,64.04,80.96,84.02,,,,
USW00023188,2022-03-21,66.92,80.96,84.02,,,,
USW00023188,2022-03-22,77.0,80.96,84.02,,,,
USW00023188,2022-03-23,84.92,80.96,84.02,,,,
USW00023188,2022-03-24,71.96,80.96,84.02,,,,
USW00023188,2022-03-25,66.92,80.96,84.02,,,,
USW00023188,2022-03-26,66.02,80.96,84.02,,,,
USW00023188,2022-03-27,62.96,80.96,84.02,,,,
USW00023188,2022-03-28,66.02,80.96,84.02,,,,
USW00023188,2022-03-29,62.96,80.96,84.02,,,,
USW00023188,2022-03-30,64.94,80.96,84.02,,,,
USW00023188,2022-03-31,62.06,80.96,84.02,,,,
USW00023188,2022-04-01,68.0,80.96,84.02,,,,
USW00023188,2022-04-02,62.06,80.96,84.02,,,,
USW00023188,2022-04-03,62.96,80.96,84.02,,,,
USW00023188,2022-04-04,66.02,80.96,84.02,,,,
USW00023188,2022-04-05,68.0,80.96,84.02,,,,
USW00023188,2022-04-06,71.96,80.96,84.02,,,,
USW00023188,2022-04-07,89.06,80.96,84.02,,,,
USW00023188,2022-04-08,95.0,80.96,84.02,,,,
USW00023188,2022-04-09,69.98,80.96,84.02,,,,
USW00023188,2022-04-10,66.92,80.96,84.02,,,,
USW00023188,2022-04-11,64.94,80.96,84.02,,,,
USW00023188,2022-04-12,66.02,80.96,84.02,,,,
USW00023188,2022-04-13,66.02,80.96,84.02,,,,
USW00023188,2022-04-14,66.02,80.96,84.02,,,,
USW00023188,2022-04-15,66.92,80.96,84.02,,,,
USW00023188,2022-04-16,66.02,80.96,84.02,,,,
USW00023188,2022-04-17,66.92,80.96,84.02,,,,
USW00023188,2022-04-18,69.08,80.96,84.02,,,,
USW00023188,2022-04-19,69.08,80.96,84.02,,,,
USW00023188,2022-04-20,66.92,80.96,84.02,,,,
USW00023188,2022-04-21,66.92,80.96,84.02,,,,
USW00023188,2022-04-22,66.02,80.96,84.02,,,,
USW00023188,2022-04-23,66.02,80.96,84.02,,,,
USW00023188,2022-04-24,78.98,80.96,84.02,,,,
USW00023188,2022-04-25,82.04,80.96,84.02,,,,
USW00023188,2022-04-26,73.04,80.96,84.02,,,,
USW00023188,2022-04-27,64.04,80.96,84.02,,,,
USW00023188,2022-04-28,64.04,80.96,84.02,,,,
USW00023188,2022-04-29,66.92,80.96,84.02,,,,
USW00023188,2022-04-30,68.0,80.96,84.02,,,,
USW00023188,2022-05-01,66.02,80.96,84.02,0.0,0.0,0.0,0.0
USW00023188,2022-05-02,64.94,80.96,84.02,0.0,0.0,0.0,0.0
USW00023188,2022-05-03,64.04,80.96,84.02,0.0,0.0,0.0,0.0
USW00023188,2022-05-04,68.0,80.96,84.02,0.0,0.0,0.0,0.0
USW00023188,2022-05-05,69.08,80.96,84.02,0.0,0.0,0.0,0.0
USW00023188,2022-05-06,66.92,80.96,84.02,0.0,0.0,0.0,0.0
USW00023188,2022-05-07,66.02,80.96,84.02,0.0,0.0,0.0,0.0
USW00023188,2022-05-08,64.94,80.96,84.02,0.0,0.0,0.0,0.0
USW00023188,2022-05-09,66.92,80.96,84.02,0.0,0.0,0.0,0.0
USW00023188,2022-05-10,66.02,80.96,84.02,0.0,0.0,0.0,0.0
USW00023188,2022-05-11,64.94,80.96,84.02,0.0,0.0,0.0,0.0
USW00023188,2022-05-12,75.02,80.96,84.02,0.0,0.0,0.0,0.0
USW00023188,2022-05-13,77.0,80.96,84.02,0.0,0.0,0.0,0.0
USW00023188,2022-05-14,80.96,80.96,84.02,0.0,0.0,0.0,0.0
USW00023188,2022-05-15,69.98,80.96,84.02,0.0,0.0,0.0,0.0
USW00023188,2022-05-16,66.92,80.96,84.02,0.0,0.0,0.0,0.0
USW00023188,2022-05-17,64.04,80.96,84.02,0.0,0.0,0.0,0.0
USW00023188,2022-05-18,64.94,80.96,84.02,0.0,0.0,0.0,0.0
USW00023188,2022-05-19,64.94,80.96,84.02,0.0,0.0,0.0,0.0
USW00023188,2022-05-20,64.94,80.96,84.02,0.0,0.0,0.0,0.0
USW00023188,2022-05-21,66.02,80.96,84.02,0.0,0.0,0.0,0.0
USW00023188,2022-05-22,68.0,80.96,84.02,0.0,0.0,0.0,0.0
USW00023188,2022-05-23,64.94,80.96,84.02,0.0,0.0,0.0,0.0
USW00023188,2022-05-24,64.04,80.96,84.02,0.0,0.0,0.0,0.0
USW00023188,2022-05-25,66.02,80.96,84.02,0.0,0.0,0.0,0.0
USW00023188,2022-05-26,66.02,80.96,84.02,0.0,0.0,0.0,0.0
USW00023188,2022-05-27,68.0,80.96,84.02,0.0,0.0,0.0,0.0
USW00023188,2022-05-28,64.94,80.96,84.02,0.0,0.0,0.0,0.0
USW00023188,2022-05-29,66.92,80.96,84.02,0.0,0.0,0.0,0.0
USW00023188,2022-05-30,68.0,80.96,84.02,0.0,0.0,0.0,0.0
USW00023188,2022-05-31,68.0,80.96,84.02,0.0,0.0,0.0,0.0
USW00023188,2022-06-01,66.92,80.96,84.02,0.0,0.0,0.0,0.0
USW00023188,2022-06-02,66.92,80.96,84.02,0.0,0.0,0.0,0.0
USW00023188,2022-06-03,66.92,80.96,84.02,0.0,0.0,0.0,0.0
USW00023188,2022-06-04,68.0,80.96,84.02,0.0,0.0,0.0,0.0
USW00023188,2022-06-05,69.98,80.96,84.02,0.0,0.0,0.0,0.0
USW00023188,2022-06-06,69.98,80.96,84.02,0.0,0.0,0.0,0.0
USW00023188,2022-06-07,66.92,80.96,84.02,0.0,0.0,0.0,0.0
USW00023188,2022-06-08,69.08,80.96,84.02,0.0,0.0,0.0,0.0
USW00023188,2022-06-09,69.08,80.96,84.02,0.0,0.0,0.0,0.0
USW00023188,2022-06-10,71.06,80.96,84.02,0.0,0.0,0.0,0.0
USW00023188,2022-06-11,71.06,80.96,84.02,0.0,0.0,0.0,0.0
USW00023188,2022-06-12,68.0,80.96,84.02,0.0,0.0,0.0,0.0
USW00023188,2022-06-13,66.92,80.96,84.02,0.0,0.0,0.0,0.0
USW00023188,2022-06-14,69.08,80.96,84.02,0.0,0.0,0.0,0.0
USW00023188,2022-06-15,68.0,80.96,84.02,0.0,0.0,0.0,0.0
USW00023188,2022-06-16,69.08,80.96,84.02,0.0,0.0,0.0,0.0
USW00023188,2022-06-17,68.0,80.96,84.02,0.0,0.0,0.0,0.0
USW00023188,2022-06-18,68.0,80.96,84.02,0.0,0.0,0.0,0.0
USW00023188,2022-06-19,71.96,80.96,84.02,0.0,0.0,0.0,0.0
USW00023188,2022-06-20,77.0,80.96,84.02,0.0,0.0,0.0,0.0
USW00023188,2022-06-21,73.04,80.96,84.02,0.0,0.0,0.0,0.0
USW00023188,2022-06-22,73.94,80.96,84.02,0.0,0.0,0.0,0.0
USW00023188,2022-06-23,75.92,80.96,84.02,0.0,0.0,0.0,0.0
USW00023188,2022-06-24,73.94,80.96,84.02,0.0,0.0,0.0,0.0
USW00023188,2022-06-25,71.96,80.96,84.02,0.0,0.0,0.0,0.0
USW00023188,2022-06-26,73.04,80.96,84.02,0.0,0.0,0.0,0.0
USW00023188,2022-06-27,75.02,80.96,84.02,0.0,0.0,0.0,0.0
USW00023188,2022-06-28,77.0,80.96,84.02,0.0,0.0,0.0,0.0
USW00023188,2022-06-29,75.92,80.96,84.02,0.0,0.0,0.0,0.0
USW00023188,2022-06-30,75.92,80.96,84.02,0.0,0.0,0.0,0.0
USW00023188,2022-07-01,73.04,80.96,84.02,0.0,0.0,0.0,0.0
USW00023188,2022-07-02,71.96,80.96,84.02,0.0,0.0,0.0,0.0
USW00023188,2022-07-03,69.98,80.96,84.02,0.0,0.0,0.0,0.0
USW00023188,2022-07-04,69.08,80.96,84.02,0.0,0.0,0.0,0.0
USW00023188,2022-07-05,71.96,80.96,84.02,0.0,0.0,0.0,0.0
USW00023188,2022-07-06,73.04,80.96,84.02,0.0,0.0,0.0,0.0
USW00023188,2022-07-07,71.06,80.96,84.02,0.0,0.0,0.0,0.0
USW00023188,2022-07-08,71.96,80.96,84.02,0.0,0.0,0.0,0.0
USW00023188,2022-07-09,71.96,80.96,84.02,0.0,0.0,0.0,0.0
USW00023188,2022-07-10,73.04,80.96,84.02,0.0,0.0,0.0,0.0
USW00023188,2022-07-11,69.98,80.96,84.02,0.0,0.0,0.0,0.0
USW00023188,2022-07-12,71.06,80.96,84.02,0.0,0.0,0.0,0.0
USW00023188,2022-07-13,71.06,80.96,84.02,0.0,0.0,0.0,0.0
USW00023188,2022-07-14,71.06,80.96,84.02,0.0,0.0,0.0,0.0
USW00023188,2022-07-15,71.06,80.96,84.02,0.0,0.0,0.0,0.0
USW00023188,2022-07-16,71.06,80.96,84.02,0.0,0.0,0.0,0.0
USW00023188,2022-07-17,71.06,80.96,84.02,0.0,0.0,0.0,0.0
USW00023188,2022-07-18,77.0,80.96,84.02,0.0,0.0,0.0,0.0
USW00023188,2022-07-19,78.08,80.96,84.02,0.0,0.0,0.0,0.0
USW00023188,2022-07-20,80.06,80.96,84.02,0.0,0.0,0.0,0.0
USW00023188,2022-07-21,78.08,80.96,84.02,0.0,0.0,0.0,0.0
USW00023188,2022-07-22,73.94,80.96,84.02,0.0,0.0,0.0,0.0
USW00023188,2022-07-23,73.94,80.96,84.02,0.0,0.0,0.0,0.0
USW00023188,2022-07-24,73.94,80.96,84.02,0.0,0.0,0.0,0.0
USW00023188,2022-07-25,73.94,80.96,84.02,0.0,0.0,0.0,0.0
USW00023188,2022-07-26,75.92,80.96,84.02,0.0,0.0,0.0,0.0
USW00023188,2022-07-27,75.92,80.96,84.02,0.0,0.0,0.0,0.0
USW00023188,2022-07-28,75.92,80.96,84.02,0.0,0.0,0.0,0.0
USW00023188,2022-07-29,75.02,80.96,84.02,0.0,0.0,0.0,0.0
USW00023188,2022-07-30,78.08,80.96,84.02,0.0,0.0,0.0,0.0
USW00023188,2022-07-31,78.98,80.96,84.02,0.0,0.0,0.0,0.0
USW00023188,2022-08-01,80.06,80.96,84.02,0.0,0.0,0.0,0.0
USW00023188,2022-08-02,78.98,80.96,84.02,0.0,0.0,0.0,0.0
USW00023188,2022-08-03,77.0,80.96,84.02,0.0,0.0,0.0,0.0
USW00023188,2022-08-04,78.98,80.96,84.02,0.0,0.0,0.0,0.0
USW00023188,2022-08-05,80.06,80.96,84.02,0.0,0.0,0.0,0.0
USW00023188,2022-08-06,78.08,80.96,84.02,0.0,0.0,0.0,0.0
USW00023188,2022-08-07,78.98,80.96,84.02,0.0,0.0,0.0,0.0
USW00023188,2022-08-08,80.96,80.96,84.02,0.0,0.0,0.0,0.0
USW00023188,2022-08-09,84.92,80.96,84.02,1.0,1.0,1.0,0.0
USW00023188,2022-08-10,84.92,80.96,84.02,1.0,1.0,1.0,0.0
USW00023188,2022-08-11,82.94,80.96,84.02,1.0,1.0,0.0,0.0
USW00023188,2022-08-12,82.04,80.96,84.02,1.0,1.0,0.0,0.0
USW00023188,2022-08-13,80.06,80.96,84.02,0.0,0.0,0.0,0.0
USW00023188,2022-08-14,80.96,80.96,84.02,0.0,0.0,0.0,0.0
USW00023188,2022-08-15,78.98,80.96,84.02,0.0,0.0,0.0,0.0
USW00023188,2022-08-16,80.06,80.96,84.02,0.0,0.0,0.0,0.0
USW00023188,2022-08-17,80.96,80.96,84.02,0.0,0.0,0.0,0.0
USW00023188,2022-08-18,80.96,80.96,84.02,0.0,0.0,0.0,0.0
USW00023188,2022-08-19,77.0,80.96,84.02,0.0,0.0,0.0,0.0
USW00023188,2022-08-20,75.92,80.96,84.02,0.0,0.0,0.0,0.0
USW00023188,2022-08-21,75.02,80.96,84.02,0.0,0.0,0.0,0.0
USW00023188,2022-08-22,78.98,80.96,84.02,0.0,0.0,0.0,0.0
USW00023188,2022-08-23,75.92,80.96,84.02,0.0,0.0,0.0,0.0
USW00023188,2022-08-24,75.92,80.96,84.02,0.0,0.0,0.0,0.0
USW00023188,2022-08-25,78.98,80.96,84.02,0.0,0.0,0.0,0.0
USW00023188,2022-08-26,80.06,80.96,84.02,0.0,0.0,0.0,0.0
USW00023188,2022-08-27,77.0,80.96,84.02,0.0,0.0,0.0,0.0
USW00023188,2022-08-28,75.92,80.96,84.02,0.0,0.0,0.0,0.0
USW00023188,2022-08-29,78.08,80.96,84.02,0.0,0.0,0.0,0.0
USW00023188,2022-08-30,82.04,80.96,84.02,1.0,1.0,0.0,0.0
USW00023188,2022-08-31,84.92,80.96,84.02,1.0,1.0,1.0,1.0
USW00023188,2022-09-01,84.92,80.96,84.02,1.0,1.0,1.0,1.0
USW00023188,2022-09-02,89.06,80.96,84.02,1.0,1.0,1.0,1.0
USW00023188,2022-09-03,95.0,80.96,84.02,1.0,1.0,1.0,1.0
USW00023188,2022-09-04,91.04,80.96,84.02,1.0,1.0,1.0,1.0
USW00023188,2022-09-05,89.06,80.96,84.02,1.0,1.0,1.0,1.0
USW00023188,2022-09-06,86.0,80.96,84.02,1.0,1.0,1.0,1.0
USW00023188,2022-09-07,89.06,80.96,84.02,1.0,1.0,1.0,1.0
USW00023188,2022-09-08,93.92,80.96,84.02,1.0,1.0,1.0,1.0
USW00023188,2022-09-09,89.06,80.96,84.02,1.0,1.0,1.0,1.0
USW00023188,2022-09-10,80.06,80.96,84.02,0.0,0.0,0.0,0.0
USW00023188,2022-09-11,84.02,80.96,84.02,1.0,0.0,0.0,0.0
USW00023188,2022-09-12,80.96,80.96,84.02,0.0,0.0,0.0,0.0
USW00023188,2022-09-13,80.06,80.96,84.02,0.0,0.0,0.0,0.0
USW00023188,2022-09-14,75.92,80.96,84.02,0.0,0.0,0.0,0.0
USW00023188,2022-09-15,75.02,80.96,84.02,0.0,0.0,0.0,0.0
USW00023188,2022-09-16,75.92,80.96,84.02,0.0,0.0,0.0,0.0
USW00023188,2022-09-17,75.02,80.96,84.02,0.0,0.0,0.0,0.0
USW00023188,2022-09-18,73.04,80.96,84.02,0.0,0.0,0.0,0.0
USW00023188,2022-09-19,75.92,80.96,84.02,0.0,0.0,0.0,0.0
USW00023188,2022-09-20,78.08,80.96,84.02,0.0,0.0,0.0,0.0
USW00023188,2022-09-21,78.08,80.96,84.02,0.0,0.0,0.0,0.0
USW00023188,2022-09-22,78.98,80.96,84.02,0.0,0.0,0.0,0.0
USW00023188,2022-09-23,80.96,80.96,84.02,0.0,0.0,0.0,0.0
USW00023188,2022-09-24,80.96,80.96,84.02,0.0,0.0,0.0,0.0
USW00023188,2022-09-25,80.06,80.96,84.02,0.0,0.0,0.0,0.0
USW00023188,2022-09-26,80.06,80.96,84.02,0.0,0.0,0.0,0.0
USW00023188,2022-09-27,84.92,80.96,84.02,1.0,0.0,1.0,0.0
USW00023188,2022-09-28,78.98,80.96,84.02,0.0,0.0,0.0,0.0
USW00023188,2022-09-29,77.0,80.96,84.02,0.0,0.0,0.0,0.0
USW00023188,2022-09-30,73.04,80.96,84.02,0.0,0.0,0.0,0.0
USW00023188,2022-10-01,73.04,80.96,84.02,,,,
USW00023188,2022-10-02,73.94,80.96,84.02,,,,
USW00023188,2022-10-03,73.04,80.96,84.02,,,,
USW00023188,2022-10-04,73.94,80.96,84.02,,,,
USW00023188,2022-10-05,69.98,80.96,84.02,,,,
USW00023188,2022-10-06,69.98,80.96,84.02,,,,
USW00023188,2022-10-07,75.02,80.96,84.02,,,,
USW00023188,2022-10-08,77.0,80.96,84.02,,,,
USW00023188,2022-10-09,75.92,80.96,84.02,,,,
USW00023188,2022-10-10,73.04,80.96,84.02,,,,
USW00023188,2022-10-11,73.04,80.96,84.02,,,,
USW00023188,2022-10-12,73.94,80.96,84.02,,,,
USW00023188,2022-10-13,69.98,80.96,84.02,,,,
USW00023188,2022-10-14,69.08,80.96,84.02,,,,
USW00023188,2022-10-15,73.04,80.96,84.02,,,,
USW00023188,2022-10-16,73.94,80.96,84.02,,,,
USW00023188,2022-10-17,73.94,80.96,84.02,,,,
USW00023188,2022-10-18,80.96,80.96,84.02,,,,
USW00023188,2022-10-19,95.0,80.96,84.02,,,,
USW00023188,2022-10-20,80.06,80.96,84.02,,,,
USW00023188,2022-10-21,73.04,80.96,84.02,,,,
USW00023188,2022-10-22,69.98,80.96,84.02,,,,
USW00023188,2022-10-23,69.08,80.96,84.02,,,,
USW00023188,2022-10-24,73.94,80.96,84.02,,,,
USW00023188,2022-10-25,73.94,80.96,84.02,,,,
USW00023188,2022-10-26,71.06,80.96,84.02,,,,
USW00023188,2022-10-27,69.98,80.96,84.02,,,,
USW00023188,2022-10-28,71.96,80.96,84.02,,,,
USW00023188,2022-10-29,73.04,80.96,84.02,,,,
USW00023188,2022-10-30,75.92,80.96,84.02,,,,
USW00023188,2022-10-31,77.0,80.96,84.02,,,,
USW00023188,2022-11-01,69.08,80.96,84.02,,,,
USW00023188,2022-11-02,66.92,80.96,84.02,,,,
USW00023188,2022-11-03,64.04,80.96,84.02,,,,
USW00023188,2022-11-04,69.08,80.96,84.02,,,,
USW00023188,2022-11-05,69.98,80.96,84.02,,,,
USW00023188,2022-11-06,66.92,80.96,84.02,,,,
USW00023188,2022-11-07,66.92,80.96,84.02,,,,
USW00023188,2022-11-08,66.92,80.96,84.02,,,,
USW00023188,2022-11-09,69.98,80.96,84.02,,,,
USW00023188,2022-11-10,64.94,80.96,84.02,,,,
USW00023188,2022-11-11,69.08,80.96,84.02,,,,
USW00023188,2022-11-12,66.92,80.96,84.02,,,,
USW00023188,2022-11-13,64.04,80.96,84.02,,,,
USW00023188,2022-11-14,68.0,80.96,84.02,,,,
USW00023188,2022-11-15,69.08,80.96,84.02,,,,
USW00023188,2022-11-16,75.92,80.96,84.02,,,,
USW00023188,2022-11-17,71.06,80.96,84.02,,,,
USW00023188,2022-11-18,64.94,80.96,84.02,,,,
USW00023188,2022-11-19,73.94,80.96,84.02,,,,
USW00023188,2022-11-20,75.92,80.96,84.02,,,,
USW00023188,2022-11-21,75.92,80.96,84.02,,,,
USW00023188,2022-11-22,71.96,80.96,84.02,,,,
USW00023188,2022-11-23,71.06,80.96,84.02,,,,
USW00023188,2022-11-24,82.04,80.96,84.02,,,,
USW00023188,2022-11-25,73.94,80.96,84.02,,,,
USW00023188,2022-11-26,66.92,80.96,84.02,,,,
USW00023188,2022-11-27,66.92,80.96,84.02,,,,
USW00023188,2022-11-28,62.96,80.96,84.02,,,,
USW00023188,2022-11-29,62.96,80.96,84.02,,,,
USW00023188,2022-11-30,62.06,80.96,84.02,,,,
USW00023188,2022-12-01,62.06,80.96,84.02,,,,
USW00023188,2022-12-02,69.08,80.96,84.02,,,,
USW00023188,2022-12-03,66.92,80.96,84.02,,,,
USW00023188,2022-12-04,64.94,80.96,84.02,,,,
USW00023188,2022-12-05,64.94,80.96,84.02,,,,
USW00023188,2022-12-06,62.96,80.96,84.02,,,,
USW00023188,2022-12-07,62.96,80.96,84.02,,,,
USW00023188,2022-12-08,62.06,80.96,84.02,,,,
USW00023188,2022-12-09,62.06,80.96,84.02,,,,
USW00023188,2022-12-10,64.04,80.96,84.02,,,,
USW00023188,2022-12-11,60.98,80.96,84.02,,,,
USW00023188,2022-12-12,55.94,80.96,84.02,,,,
USW00023188,2022-12-13,60.08,80.96,84.02,,,,
USW00023188,2022-12-14,62.06,80.96,84.02,,,,
USW00023188,2022-12-15,62.06,80.96,84.02,,,,
USW00023188,2022-12-16,68.0,80.96,84.02,,,,
USW00023188,2022-12-17,64.94,80.96,84.02,,,,
USW00023188,2022-12-18,62.96,80.96,84.02,,,,
USW00023188,2022-12-19,64.94,80.96,84.02,,,,
USW00023188,2022-12-20,66.02,80.96,84.02,,,,
USW00023188,2022-12-21,69.08,80.96,84.02,,,,
USW00023188,2022-12-22,66.02,80.96,84.02,,,,
USW00023188,2022-12-23,62.96,80.96,84.02,,,,
USW00023188,2022-12-24,69.08,80.96,84.02,,,,
USW00023188,2022-12-25,80.06,80.96,84.02,,,,
USW00023188,2022-12-26,82.04,80.96,84.02,,,,
USW00023188,2022-12-27,64.04,80.96,84.02,,,,
USW00023188,2022-12-28,64.94,80.96,84.02,,,,
USW00023188,2022-12-29,62.06,80.96,84.02,,,,
USW00023188,2022-12-30,62.06,80.96,84.02,,,,
USW00023188,2022-12-31,60.98,80.96,84.02,,,,
USW00023188,2023-01-01,60.98,80.96,84.02,,,,
USW00023188,2023-01-02,60.08,80.96,84.02,,,,
USW00023188,2023-01-03,64.04,80.96,84.02,,,,
USW00023188,2023-01-04,64.94,80.96,84.02,,,,
USW00023188,2023-01-05,62.96,80.96,84.02,,,,
USW00023188,2023-01-06,62.96,80.96,84.02,,,,
USW00023188,2023-01-07,66.92,80.96,84.02,,,,
USW00023188,2023-01-08,68.0,80.96,84.02,,,,
USW00023188,2023-01-09,64.94,80.96,84.02,,,,
USW00023188,2023-01-10,62.96,80.96,84.02,,,,
USW00023188,2023-01-11,64.04,80.96,84.02,,,,
USW00023188,2023-01-12,73.04,80.96,84.02,,,,
USW00023188,2023-01-13,68.0,80.96,84.02,,,,
USW00023188,2023-01-14,62.06,80.96,84.02,,,,
USW00023188,2023-01-15,62.96,80.96,84.02,,,,
USW00023188,2023-01-16,62.06,80.96,84.02,,,,
USW00023188,2023-01-17,59.0,80.96,84.02,,,,
USW00023188,2023-01-18,60.98,80.96,84.02,,,,
USW00023188,2023-01-19,60.08,80.96,84.02,,,,
USW00023188,2023-01-20,60.98,80.96,84.02,,,,
USW00023188,2023-01-21,62.96,80.96,84.02,,,,
USW00023188,2023-01-22,60.98,80.96,84.02,,,,
USW00023188,2023-01-23,64.94,80.96,84.02,,,,
USW00023188,2023-01-24,66.02,80.96,84.02,,,,
USW00023188,2023-01-25,68.0,80.96,84.02,,,,
USW00023188,2023-01-26,71.06,80.96,84.02,,,,
USW00023188,2023-01-27,66.02,80.96,84.02,,,,
USW00023188,2023-01-28,60.98,80.96,84.02,,,,
USW00023188,2023-01-29,59.0,80.96,84.02,,,,
USW00023188,2023-01-30,59.0,80.96,84.02,,,,
USW00023188,2023-01-31,60.98,80.96,84.02,,,,
USW00023188,2023-02-01,66.02,80.96,84.02,,,,
USW00023188,2023-02-02,68.0,80.96,84.02,,,,
USW00023188,2023-02-03,69.08,80.96,84.02,,,,
USW00023188,2023-02-04,66.92,80.96,84.02,,,,
USW00023188,2023-02-05,62.96,80.96,84.02,,,,
USW00023188,2023-02-06,64.94,80.96,84.02,,,,
USW00023188,2023-02-07,69.98,80.96,84.02,,,,
USW00023188,2023-02-08,69.98,80.96,84.02,,,,
USW00023188,2023-02-09,78.08,80.96,84.02,,,,
USW00023188,2023-02-10,73.04,80.96,84.02,,,,
USW00023188,2023-02-11,60.98,80.96,84.02,,,,
USW00023188,2023-02-12,60.08,80.96,84.02,,,,
USW00023188,2023-02-13,60.98,80.96,84.02,,,,
USW00023188,2023-02-14,57.92,80.96,84.02,,,,
USW00023188,2023-02-15,60.08,80.96,84.02,,,,
USW00023188,2023-02-16,69.08,80.96,84.02,,,,
USW00023188,2023-02-17,64.94,80.96,84.02,,,,
USW00023188,2023-02-18,66.92,80.96,84.02,,,,
USW00023188,2023-02-19,64.04,80.96,84.02,,,,
USW00023188,2023-02-20,66.02,80.96,84.02,,,,
USW00023188,2023-02-21,62.96,80.96,84.02,,,,
USW00023188,2023-02-22,59.0,80.96,84.02,,,,
USW00023188,2023-02-23,57.92,80.96,84.02,,,,
USW00023188,2023-02-24,60.98,80.96,84.02,,,,
USW00023188,2023-02-25,57.92,80.96,84.02,,,,
USW00023188,2023-02-26,57.92,80.96,84.02,,,,
USW00023188,2023-02-27,60.08,80.96,84.02,,,,
USW00023188,2023-02-28,60.98,80.96,84.02,,,,
USW00023188,2023-03-01,57.92,80.96,84.02,,,,
USW00023188,2023-03-02,60.08,80.96,84.02,,,,
USW00023188,2023-03-03,60.08,80.96,84.02,,,,
USW00023188,2023-03-04,60.08,80.96,84.02,,,,
USW00023188,2023-03-05,60.98,80.96,84.02,,,,
USW00023188,2023-03-06,62.06,80.96,84.02,,,,
USW00023188,2023-03-07,60.98,80.96,84.02,,,,
USW00023188,2023-03-08,60.98,80.96,84.02,,,,
USW00023188,2023-03-09,62.96,80.96,84.02,,,,
USW00023188,2023-03-10,62.96,80.96,84.02,,,,
USW00023188,2023-03-11,64.04,80.96,84.02,,,,
USW00023188,2023-03-12,64.94,80.96,84.02,,,,
USW00023188,2023-03-13,64.04,80.96,84.02,,,,
USW00023188,2023-03-14,66.02,80.96,84.02,,,,
USW00023188,2023-03-15,60.98,80.96,84.02,,,,
USW00023188,2023-03-16,62.06,80.96,84.02,,,,
USW00023188,2023-03-17,62.96,80.96,84.02,,,,
USW00023188,2023-03-18,75.92,80.96,84.02,,,,
USW00023188,2023-03-19,64.04,80.96,84.02,,,,
USW00023188,2023-03-20,62.96,80.96,84.02,,,,
USW00023188,2023-03-21,64.04,80.96,84.02,,,,
USW00023188,2023-03-22,62.96,80.96,84.02,,,,
USW00023188,2023-03-23,62.06,80.96,84.02,,,,
USW00023188,2023-03-24,62.96,80.96,84.02,,,,
USW00023188,2023-03-25,62.96,80.96,84.02,,,,
USW00023188,2023-03-26,62.96,80.96,84.02,,,,
USW00023188,2023-03-27,69.98,80.96,84.02,,,,
USW00023188,2023-03-28,69.08,80.96,84.02,,,,
USW00023188,2023-03-29,59.0,80.96,84.02,,,,
USW00023188,2023-03-30,62.06,80.96,84.02,,,,
USW00023188,2023-03-31,62.96,80.96,84.02,,,,
USW00023188,2023-04-01,66.02,80.96,84.02,,,,
USW00023188,2023-04-02,62.96,80.96,84.02,,,,
USW00023188,2023-04-03,62.96,80.96,84.02,,,,
USW00023188,2023-04-04,62.06,80.96,84.02,,,,
USW00023188,2023-04-05,64.04,80.96,84.02,,,,
USW00023188,2023-04-06,71.06,80.96,84.02,,,,
USW00023188,2023-04-07,66.92,80.96,84.02,,,,
USW00023188,2023-04-08,66.02,80.96,84.02,,,,
USW00023188,2023-04-09,62.96,80.96,84.02,,,,
USW00023188,2023-04-10,64.04,80.96,84.02,,,,
USW00023188,2023-04-11,64.94,80.96,84.02,,,,
USW00023188,2023-04-12,60.08,80.96,84.02,,,,
USW00023188,2023-04-13,59.0,80.96,84.02,,,,
USW00023188,2023-04-14,64.04,80.96,84.02,,,,
USW00023188,2023-04-15,64.94,80.96,84.02,,,,
USW00023188,2023-04-16,60.98,80.96,84.02,,,,
USW00023188,2023-04-17,62.96,80.96,84.02,,,,
USW00023188,2023-04-18,64.94,80.96,84.02,,,,
USW00023188,2023-04-19,66.92,80.96,84.02,,,,
USW00023188,2023-04-20,73.94,80.96,84.02,,,,
USW00023188,2023-04-21,82.04,80.96,84.02,,,,
USW00023188,2023-04-22,80.96,80.96,84.02,,,,
USW00023188,2023-04-23,64.94,80.96,84.02,,,,
USW00023188,2023-04-24,66.92,80.96,84.02,,,,
USW00023188,2023-04-25,66.92,80.96,84.02,,,,
USW00023188,2023-04-26,69.98,80.96,84.02,,,,
USW00023188,2023-04-27,66.92,80.96,84.02,,,,
USW00023188,2023-04-28,66.02,80.96,84.02,,,,
USW00023188,2023-04-29,66.02,80.96,84.02,,,,
USW00023188,2023-04-30,62.96,80.96,84.02,,,,
USW00023188,2023-05-01,64.94,80.96,84.02,0.0,0.0,0.0,0.0
USW00023188,2023-05-02,64.94,80.96,84.02,0.0,0.0,0.0,0.0
USW00023188,2023-05-03,66.02,80.96,84.02,0.0,0.0,0.0,0.0
USW00023188,2023-05-04,66.92,80.96,84.02,0.0,0.0,0.0,0.0
USW00023188,2023-05-05,66.92,80.96,84.02,0.0,0.0,0.0,0.0
USW00023188,2023-05-06,68.0,80.96,84.02,0.0,0.0,0.0,0.0
USW00023188,2023-05-07,69.98,80.96,84.02,0.0,0.0,0.0,0.0
USW00023188,2023-05-08,66.92,80.96,84.02,0.0,0.0,0.0,0.0
USW00023188,2023-05-09,66.02,80.96,84.02,0.0,0.0,0.0,0.0
USW00023188,2023-05-10,66.02,80.96,84.02,0.0,0.0,0.0,0.0
USW00023188,2023-05-11,66.92,80.96,84.02,0.0,0.0,0.0,0.0
USW00023188,2023-05-12,64.94,80.96,84.02,0.0,0.0,0.0,0.0
USW00023188,2023-05-13,66.02,80.96,84.02,0.0,0.0,0.0,0.0
USW00023188,2023-05-14,64.04,80.96,84.02,0.0,0.0,0.0,0.0
USW00023188,2023-05-15,66.92,80.96,84.02,0.0,0.0,0.0,0.0
USW00023188,2023-05-16,69.98,80.96,84.02,0.0,0.0,0.0,0.0
USW00023188,2023-05-17,64.04,80.96,84.02,0.0,0.0,0.0,0.0
USW00023188,2023-05-18,66.92,80.96,84.02,0.0,0.0,0.0,0.0
USW00023188,2023-05-19,66.02,80.96,84.02,0.0,0.0,0.0,0.0
USW00023188,2023-05-20,66.92,80.96,84.02,0.0,0.0,0.0,0.0
USW00023188,2023-05-21,69.08,80.96,84.02,0.0,0.0,0.0,0.0
USW00023188,2023-05-22,64.04,80.96,84.02,0.0,0.0,0.0,0.0
USW00023188,2023-05-23,64.04,80.96,84.02,0.0,0.0,0.0,0.0
USW00023188,2023-05-24,66.02,80.96,84.02,0.0,0.0,0.0,0.0
USW00023188,2023-05-25,66.92,80.96,84.02,0.0,0.0,0.0,0.0
USW00023188,2023-05-26,69.08,80.96,84.02,0.0,0.0,0.0,0.0
USW00023188,2023-05-27,69.08,80.96,84.02,0.0,0.0,0.0,0.0
USW00023188,2023-05-28,66.92,80.96,84.02,0.0,0.0,0.0,0.0
USW00023188,2023-05-29,64.04,80.96,84.02,0.0,0.0,0.0,0.0
USW00023188,2023-05-30,66.02,80.96,84.02,0.0,0.0,0.0,0.0
USW00023188,2023-05-31,66.02,80.96,84.02,0.0,0.0,0.0,0.0
USW00023188,2023-06-01,66.02,80.96,84.02,0.0,0.0,0.0,0.0
USW00023188,2023-06-02,69.08,80.96,84.02,0.0,0.0,0.0,0.0
USW00023188,2023-06-03,69.08,80.96,84.02,0.0,0.0,0.0,0.0
USW00023188,2023-06-04,69.08,80.96,84.02,0.0,0.0,0.0,0.0
USW00023188,2023-06-05,66.02,80.96,84.02,0.0,0.0,0.0,0.0
USW00023188,2023-06-06,69.08,80.96,84.02,0.0,0.0,0.0,0.0
USW00023188,2023-06-07,69.98,80.96,84.02,0.0,0.0,0.0,0.0
USW00023188,2023-06-08,69.98,80.96,84.02,0.0,0.0,0.0,0.0
USW00023188,2023-06-09,69.98,80.96,84.02,0.0,0.0,0.0,0.0
USW00023188,2023-06-10,66.92,80.96,84.02,0.0,0.0,0.0,0.0
USW00023188,2023-06-11,64.94,80.96,84.02,0.0,0.0,0.0,0.0
USW00023188,2023-06-12,69.08,80.96,84.02,0.0,0.0,0.0,0.0
USW00023188,2023-06-13,66.92,80.96,84.02,0.0,0.0,0.0,0.0
USW00023188,2023-06-14,69.08,80.96,84.02,0.0,0.0,0.0,0.0
USW00023188,2023-06-15,71.06,80.96,84.02,0.0,0.0,0.0,0.0
USW00023188,2023-06-16,71.96,80.96,84.02,0.0,0.0,0.0,0.0
USW00023188,2023-06-17,71.06,80.96,84.02,0.0,0.0,0.0,0.0
USW00023188,2023-06-18,69.08,80.96,84.02,0.0,0.0,0.0,0.0
USW00023188,2023-06-19,71.06,80.96,84.02,0.0,0.0,0.0,0.0
USW00023188,2023-06-20,73.04,80.96,84.02,0.0,0.0,0.0,0.0
USW00023188,2023-06-21,73.04,80.96,84.02,0.0,0.0,0.0,0.0
USW00023188,2023-06-22,68.0,80.96,84.02,0.0,0.0,0.0,0.0
USW00023188,2023-06-23,69.98,80.96,84.02,0.0,0.0,0.0,0.0
USW00023188,2023-06-24,69.98,80.96,84.02,0.0,0.0,0.0,0.0
USW00023188,2023-06-25,69.98,80.96,84.02,0.0,0.0,0.0,0.0
USW00023188,2023-06-26,71.06,80.96,84.02,0.0,0.0,0.0,0.0
USW00023188,2023-06-27,71.06,80.96,84.02,0.0,0.0,0.0,0.0
USW00023188,2023-06-28,69.08,80.96,84.02,0.0,0.0,0.0,0.0
USW00023188,2023-06-29,71.06,80.96,84.02,0.0,0.0,0.0,0.0
USW00023188,2023-06-30,73.04,80.96,84.02,0.0,0.0,0.0,0.0
USW00023188,2023-07-01,73.04,80.96,84.02,0.0,0.0,0.0,0.0
USW00023188,2023-07-02,73.04,80.96,84.02,0.0,0.0,0.0,0.0
USW00023188,2023-07-03,71.96,80.96,84.02,0.0,0.0,0.0,0.0
USW00023188,2023-07-04,71.96,80.96,84.02,0.0,0.0,0.0,0.0
USW00023188,2023-07-05,71.96,80.96,84.02,0.0,0.0,0.0,0.0
USW00023188,2023-07-06,69.98,80.96,84.02,0.0,0.0,0.0,0.0
USW00023188,2023-07-07,69.98,80.96,84.02,0.0,0.0,0.0,0.0
USW00023188,2023-07-08,69.98,80.96,84.02,0.0,0.0,0.0,0.0
USW00023188,2023-07-09,71.96,80.96,84.02,0.0,0.0,0.0,0.0
USW00023188,2023-07-10,73.04,80.96,84.02,0.0,0.0,0.0,0.0
USW00023188,2023-07-11,75.92,80.96,84.02,0.0,0.0,0.0,0.0
USW00023188,2023-07-12,80.06,80.96,84.02,0.0,0.0,0.0,0.0
USW00023188,2023-07-13,80.06,80.96,84.02,0.0,0.0,0.0,0.0
USW00023188,2023-07-14,78.08,80.96,84.02,0.0,0.0,0.0,0.0
USW00023188,2023-07-15,75.02,80.96,84.02,0.0,0.0,0.0,0.0
USW00023188,2023-07-16,75.02,80.96,84.02,0.0,0.0,0.0,0.0
USW00023188,2023-07-17,78.08,80.96,84.02,0.0,0.0,0.0,0.0
USW00023188,2023-07-18,77.0,80.96,84.02,0.0,0.0,0.0,0.0
USW00023188,2023-07-19,78.08,80.96,84.02,0.0,0.0,0.0,0.0
USW00023188,2023-07-20,75.92,80.96,84.02,0.0,0.0,0.0,0.0
USW00023188,2023-07-21,77.0,80.96,84.02,0.0,0.0,0.0,0.0
USW00023188,2023-07-22,75.92,80.96,84.02,0.0,0.0,0.0,0.0
USW00023188,2023-07-23,75.02,80.96,84.02,0.0,0.0,0.0,0.0
USW00023188,2023-07-24,75.92,80.96,84.02,0.0,0.0,0.0,0.0
USW00023188,2023-07-25,78.08,80.96,84.02,0.0,0.0,0.0,0.0
USW00023188,2023-07-26,82.04,80.96,84.02,1.0,0.0,0.0,0.0
USW00023188,2023-07-27,77.0,80.96,84.02,0.0,0.0,0.0,0.0
USW00023188,2023-07-28,73.94,80.96,84.02,0.0,0.0,0.0,0.0
USW00023188,2023-07-29,78.08,80.96,84.02,0.0,0.0,0.0,0.0
USW00023188,2023-07-30,80.06,80.96,84.02,0.0,0.0,0.0,0.0
USW00023188,2023-07-31,78.08,80.96,84.02,0.0,0.0,0.0,0.0
USW00023188,2023-08-01,80.96,80.96,84.02,0.0,0.0,0.0,0.0
USW00023188,2023-08-02,78.08,80.96,84.02,0.0,0.0,0.0,0.0
USW00023188,2023-08-03,75.02,80.96,84.02,0.0,0.0,0.0,0.0
USW00023188,2023-08-04,75.92,80.96,84.02,0.0,0.0,0.0,0.0
USW00023188,2023-08-05,75.92,80.96,84.02,0.0,0.0,0.0,0.0
USW00023188,2023-08-06,77.0,80.96,84.02,0.0,0.0,0.0,0.0
USW00023188,2023-08-07,80.06,80.96,84.02,0.0,0.0,0.0,0.0
USW00023188,2023-08-08,82.94,80.96,84.02,1.0,0.0,0.0,0.0
USW00023188,2023-08-09,78.08,80.96,84.02,0.0,0.0,0.0,0.0
USW00023188,2023-08-10,75.02,80.96,84.02,0.0,0.0,0.0,0.0
USW00023188,2023-08-11,75.92,80.96,84.02,0.0,0.0,0.0,0.0
USW00023188,2023-08-12,75.92,80.96,84.02,0.0,0.0,0.0,0.0
USW00023188,2023-08-13,75.92,80.96,84.02,0.0,0.0,0.0,0.0
USW00023188,2023-08-14,75.02,80.96,84.02,0.0,0.0,0.0,0.0
USW00023188,2023-08-15,75.92,80.96,84.02,0.0,0.0,0.0,0.0
USW00023188,2023-08-16,78.98,80.96,84.02,0.0,0.0,0.0,0.0
USW00023188,2023-08-17,75.02,80.96,84.02,0.0,0.0,0.0,0.0
USW00023188,2023-08-18,75.02,80.96,84.02,0.0,0.0,0.0,0.0
USW00023188,2023-08-19,75.02,80.96,84.02,0.0,0.0,0.0,0.0
USW00023188,2023-08-20,75.02,80.96,84.02,0.0,0.0,0.0,0.0
USW00023188,2023-08-21,75.92,80.96,84.02,0.0,0.0,0.0,0.0
USW00023188,2023-08-22,78.08,80.96,84.02,0.0,0.0,0.0,0.0
USW00023188,2023-08-23,75.02,80.96,84.02,0.0,0.0,0.0,0.0
USW00023188,2023-08-24,75.02,80.96,84.02,0.0,0.0,0.0,0.0
USW00023188,2023-08-25,75.02,80.96,84.02,0.0,0.0,0.0,0.0
USW00023188,2023-08-26,75.92,80.96,84.02,0.0,0.0,0.0,0.0
USW00023188,2023-08-27,78.98,80.96,84.02,0.0,0.0,0.0,0.0
USW00023188,2023-08-28,82.94,80.96,84.02,1.0,0.0,0.0,0.0
USW00023188,2023-08-29,84.02,80.96,84.02,1.0,0.0,0.0,0.0
USW00023188,2023-08-30,77.0,80.96,84.02,0.0,0.0,0.0,0.0
USW00023188,2023-08-31,77.0,80.96,84.02,0.0,0.0,0.0,0.0
USW00023188,2023-09-01,75.92,80.96,84.02,0.0,0.0,0.0,0.0
USW00023188,2023-09-02,78.08,80.96,84.02,0.0,0.0,0.0,0.0
USW00023188,2023-09-03,78.98,80.96,84.02,0.0,0.0,0.0,0.0
USW00023188,2023-09-04,75.92,80.96,84.02,0.0,0.0,0.0,0.0
USW00023188,2023-09-05,73.94,80.96,84.02,0.0,0.0,0.0,0.0
USW00023188,2023-09-06,77.0,80.96,84.02,0.0,0.0,0.0,0.0
USW00023188,2023-09-07,78.08,80.96,84.02,0.0,0.0,0.0,0.0
USW00023188,2023-09-08,80.96,80.96,84.02,0.0,0.0,0.0,0.0
USW00023188,2023-09-09,82.94,80.96,84.02,1.0,1.0,0.0,0.0
USW00023188,2023-09-10,82.94,80.96,84.02,1.0,1.0,0.0,0.0
USW00023188,2023-09-11,86.0,80.96,84.02,1.0,1.0,1.0,0.0
USW00023188,2023-09-12,77.0,80.96,84.02,0.0,0.0,0.0,0.0
USW00023188,2023-09-13,75.02,80.96,84.02,0.0,0.0,0.0,0.0
USW00023188,2023-09-14,75.02,80.96,84.02,0.0,0.0,0.0,0.0
USW00023188,2023-09-15,73.04,80.96,84.02,0.0,0.0,0.0,0.0
USW00023188,2023-09-16,71.96,80.96,84.02,0.0,0.0,0.0,0.0
USW00023188,2023-09-17,71.06,80.96,84.02,0.0,0.0,0.0,0.0
USW00023188,2023-09-18,75.02,80.96,84.02,0.0,0.0,0.0,0.0
USW00023188,2023-09-19,75.02,80.96,84.02,0.0,0.0,0.0,0.0
USW00023188,2023-09-20,73.94,80.96,84.02,0.0,0.0,0.0,0.0
USW00023188,2023-09-21,75.02,80.96,84.02,0.0,0.0,0.0,0.0
USW00023188,2023-09-22,69.08,80.96,84.02,0.0,0.0,0.0,0.0
USW00023188,2023-09-23,73.94,80.96,84.02,0.0,0.0,0.0,0.0
USW00023188,2023-09-24,75.02,80.96,84.02,0.0,0.0,0.0,0.0
USW00023188,2023-09-25,75.02,80.96,84.02,0.0,0.0,0.0,0.0
USW00023188,2023-09-26,75.02,80.96,84.02,0.0,0.0,0.0,0.0
USW00023188,2023-09-27,73.94,80.96,84.02,0.0,0.0,0.0,0.0
USW00023188,2023-09-28,71.96,80.96,84.02,0.0,0.0,0.0,0.0
USW00023188,2023-09-29,71.06,80.96,84.02,0.0,0.0,0.0,0.0
USW00023188,2023-09-30,71.96,80.96,84.02,0.0,0.0,0.0,0.0
USW00023188,2023-10-01,71.06,80.96,84.02,,,,
USW00023188,2023-10-02,71.96,80.96,84.02,,,,
USW00023188,2023-10-03,75.02,80.96,84.02,,,,
USW00023188,2023-10-04,80.96,80.96,84.02,,,,
USW00023188,2023-10-05,84.02,80.96,84.02,,,,
USW00023188,2023-10-06,77.0,80.96,84.02,,,,
USW00023188,2023-10-07,78.08,80.96,84.02,,,,
USW00023188,2023-10-08,75.92,80.96,84.02,,,,
USW00023188,2023-10-09,73.94,80.96,84.02,,,,
USW00023188,2023-10-10,73.04,80.96,84.02,,,,
USW00023188,2023-10-11,71.96,80.96,84.02,,,,
USW00023188,2023-10-12,73.04,80.96,84.02,,,,
USW00023188,2023-10-13,73.04,80.96,84.02,,,,
USW00023188,2023-10-14,75.92,80.96,84.02,,,,
USW00023188,2023-10-15,78.08,80.96,84.02,,,,
USW00023188,2023-10-16,73.94,80.96,84.02,,,,
USW00023188,2023-10-17,73.04,80.96,84.02,,,,
USW00023188,2023-10-18,71.96,80.96,84.02,,,,
USW00023188,2023-10-19,73.94,80.96,84.02,,,,
USW00023188,2023-10-20,78.98,80.96,84.02,,,,
USW00023188,2023-10-21,78.08,80.96,84.02,,,,
USW00023188,2023-10-22,71.96,80.96,84.02,,,,
USW00023188,2023-10-23,69.98,80.96,84.02,,,,
USW00023188,2023-10-24,71.96,80.96,84.02,,,,
USW00023188,2023-10-25,66.92,80.96,84.02,,,,
USW00023188,2023-10-26,71.96,80.96,84.02,,,,
USW00023188,2023-10-27,71.06,80.96,84.02,,,,
USW00023188,2023-10-28,69.98,80.96,84.02,,,,
USW00023188,2023-10-29,78.98,80.96,84.02,,,,
USW00023188,2023-10-30,78.08,80.96,84.02,,,,
USW00023188,2023-10-31,80.96,80.96,84.02,,,,
USW00023188,2023-11-01,84.92,80.96,84.02,,,,
USW00023188,2023-11-02,82.04,80.96,84.02,,,,
USW00023188,2023-11-03,78.08,80.96,84.02,,,,
USW00023188,2023-11-04,75.92,80.96,84.02,,,,
USW00023188,2023-11-05,75.02,80.96,84.02,,,,
USW00023188,2023-11-06,69.98,80.96,84.02,,,,
USW00023188,2023-11-07,69.08,80.96,84.02,,,,
USW00023188,2023-11-08,69.98,80.96,84.02,,,,
USW00023188,2023-11-09,75.02,80.96,84.02,,,,
USW00023188,2023-11-10,75.92,80.96,84.02,,,,
USW00023188,2023-11-11,73.94,80.96,84.02,,,,
USW00023188,2023-11-12,80.06,80.96,84.02,,,,
USW00023188,2023-11-13,75.02,80.96,84.02,,,,
USW00023188,2023-11-14,75.02,80.96,84.02,,,,
USW00023188,2023-11-15,69.08,80.96,84.02,,,,
USW00023188,2023-11-16,73.04,80.96,84.02,,,,
USW00023188,2023-11-17,71.06,80.96,84.02,,,,
USW00023188,2023-11-18,69.98,80.96,84.02,,,,
USW00023188,2023-11-19,69.08,80.96,84.02,,,,
USW00023188,2023-11-20,73.94,80.96,84.02,,,,
USW00023188,2023-11-21,78.08,80.96,84.02,,,,
USW00023188,2023-11-22,78.08,80.96,84.02,,,,
USW00023188,2023-11-23,68.0,80.96,84.02,,,,
USW00023188,2023-11-24,66.02,80.96,84.02,,,,
USW00023188,2023-11-25,66.92,80.96,84.02,,,,
USW00023188,2023-11-26,71.06,80.96,84.02,,,,
USW00023188,2023-11-27,71.06,80.96,84.02,,,,
USW00023188,2023-11-28,69.08,80.96,84.02,,,,
USW00023188,2023-11-29,64.94,80.96,84.02,,,,
USW00023188,2023-11-30,64.04,80.96,84.02,,,,
USW00023188,2023-12-01,66.92,80.96,84.02,,,,
USW00023188,2023-12-02,66.02,80.96,84.02,,,,
USW00023188,2023-12-03,68.0,80.96,84.02,,,,
USW00023188,2023-12-04,69.98,80.96,84.02,,,,
USW00023188,2023-12-05,78.08,80.96,84.02,,,,
USW00023188,2023-12-06,69.08,80.96,84.02,,,,
USW00023188,2023-12-07,66.02,80.96,84.02,,,,
USW00023188,2023-12-08,66.92,80.96,84.02,,,,
USW00023188,2023-12-09,75.02,80.96,84.02,,,,
USW00023188,2023-12-10,71.96,80.96,84.02,,,,
USW00023188,2023-12-11,68.0,80.96,84.02,,,,
USW00023188,2023-12-12,62.96,80.96,84.02,,,,
USW00023188,2023-12-13,64.94,80.96,84.02,,,,
USW00023188,2023-12-14,71.06,80.96,84.02,,,,
USW00023188,2023-12-15,77.0,80.96,84.02,,,,
USW00023188,2023-12-16,77.0,80.96,84.02,,,,
USW00023188,2023-12-17,73.94,80.96,84.02,,,,
USW00023188,2023-12-18,73.04,80.96,84.02,,,,
USW00023188,2023-12-19,69.08,80.96,84.02,,,,
USW00023188,2023-12-20,68.0,80.96,84.02,,,,
USW00023188,2023-12-21,69.98,80.96,84.02,,,,
USW00023188,2023-12-22,64.94,80.96,84.02,,,,
USW00023188,2023-12-23,64.94,80.96,84.02,,,,
USW00023188,2023-12-24,66.02,80.96,84.02,,,,
USW00023188,2023-12-25,66.02,80.96,84.02,,,,
USW00023188,2023-12-26,66.92,80.96,84.02,,,,
USW00023188,2023-12-27,64.94,80.96,84.02,,,,
USW00023188,2023-12-28,64.04,80.96,84.02,,,,
USW00023188,2023-12-29,64.94,80.96,84.02,,,,
USW00023188,2023-12-30,62.06,80.96,84.02,,,,
USW00023188,2023-12-31,60.98,80.96,84.02,,,,
USW00023188,2024-01-01,64.04,80.96,84.02,,,,
USW00023188,2024-01-02,64.04,80.96,84.02,,,,
USW00023188,2024-01-03,60.98,80.96,84.02,,,,
USW00023188,2024-01-04,62.06,80.96,84.02,,,,
USW00023188,2024-01-05,64.94,80.96,84.02,,,,
USW00023188,2024-01-06,66.02,80.96,84.02,,,,
USW00023188,2024-01-07,60.08,80.96,84.02,,,,
USW00023188,2024-01-08,60.08,80.96,84.02,,,,
USW00023188,2024-01-09,62.96,80.96,84.02,,,,
USW00023188,2024-01-10,62.06,80.96,84.02,,,,
USW00023188,2024-01-11,64.04,80.96,84.02,,,,
USW00023188,2024-01-12,62.06,80.96,84.02,,,,
USW00023188,2024-01-13,62.06,80.96,84.02,,,,
USW00023188,2024-01-14,62.06,80.96,84.02,,,,
USW00023188,2024-01-15,62.06,80.96,84.02,,,,
USW00023188,2024-01-16,64.94,80.96,84.02,,,,
USW00023188,2024-01-17,60.98,80.96,84.02,,,,
USW00023188,2024-01-18,66.02,80.96,84.02,,,,
USW00023188,2024-01-19,71.96,80.96,84.02,,,,
USW00023188,2024-01-20,62.06,80.96,84.02,,,,
USW00023188,2024-01-21,62.06,80.96,84.02,,,,
USW00023188,2024-01-22,62.06,80.96,84.02,,,,
USW00023188,2024-01-23,62.96,80.96,84.02,,,,
USW00023188,2024-01-24,60.98,80.96,84.02,,,,
USW00023188,2024-01-25,62.06,80.96,84.02,,,,
USW00023188,2024-01-26,66.02,80.96,84.02,,,,
USW00023188,2024-01-27,71.96,80.96,84.02,,,,
USW00023188,2024-01-28,78.08,80.96,84.02,,,,
USW00023188,2024-01-29,75.02,80.96,84.02,,,,
USW00023188,2024-01-30,73.04,80.96,84.02,,,,
USW00023188,2024-01-31,62.96,80.96,84.02,,,,
USW00023188,2024-02-01,60.98,80.96,84.02,,,,
USW00023188,2024-02-02,62.06,80.96,84.02,,,,
USW00023188,2024-02-03,62.06,80.96,84.02,,,,
USW00023188,2024-02-04,64.04,80.96,84.02,,,,
USW00023188,2024-02-05,64.04,80.96,84.02,,,,
USW00023188,2024-02-06,60.08,80.96,84.02,,,,
USW00023188,2024-02-07,60.98,80.96,84.02,,,,
USW00023188,2024-02-08,60.08,80.96,84.02,,,,
USW00023188,2024-02-09,60.08,80.96,84.02,,,,
USW00023188,2024-02-10,62.06,80.96,84.02,,,,
USW00023188,2024-02-11,64.94,80.96,84.02,,,,
USW00023188,2024-02-12,64.04,80.96,84.02,,,,
USW00023188,2024-02-13,62.96,80.96,84.02,,,,
USW00023188,2024-02-14,62.96,80.96,84.02,,,,
USW00023188,2024-02-15,64.04,80.96,84.02,,,,
USW00023188,2024-02-16,64.04,80.96,84.02,,,,
USW00023188,2024-02-17,62.06,80.96,84.02,,,,
USW00023188,2024-02-18,64.94,80.96,84.02,,,,
USW00023188,2024-02-19,66.02,80.96,84.02,,,,
USW00023188,2024-02-20,64.04,80.96,84.02,,,,
USW00023188,2024-02-21,64.94,80.96,84.02,,,,
USW00023188,2024-02-22,64.04,80.96,84.02,,,,
USW00023188,2024-02-23,73.94,80.96,84.02,,,,
USW00023188,2024-02-24,75.02,80.96,84.02,,,,
USW00023188,2024-02-25,64.94,80.96,84.02,,,,
USW00023188,2024-02-26,62.96,80.96,84.02,,,,
USW00023188,2024-02-27,66.92,80.96,84.02,,,,
USW00023188,2024-02-28,64.94,80.96,84.02,,,,
USW00023188,2024-02-29,66.02,80.96,84.02,,,,
USW00023188,2024-03-01,66.02,80.96,84.02,,,,
USW00023188,2024-03-02,64.04,80.96,84.02,,,,
USW00023188,2024-03-03,64.04,80.96,84.02,,,,
USW00023188,2024-03-04,64.04,80.96,84.02,,,,
USW00023188,2024-03-05,64.04,80.96,84.02,,,,
USW00023188,2024-03-06,64.94,80.96,84.02,,,,
USW00023188,2024-03-07,62.96,80.96,84.02,,,,
USW00023188,2024-03-08,66.02,80.96,84.02,,,,
USW00023188,2024-03-09,69.08,80.96,84.02,,,,
USW00023188,2024-03-10,66.02,80.96,84.02,,,,
USW00023188,2024-03-11,64.04,80.96,84.02,,,,
USW00023188,2024-03-12,64.94,80.96,84.02,,,,
USW00023188,2024-03-13,66.02,80.96,84.02,,,,
USW00023188,2024-03-14,68.0,80.96,84.02,,,,
USW00023188,2024-03-15,64.04,80.96,84.02,,,,
USW00023188,2024-03-16,68.0,80.96,84.02,,,,
USW00023188,2024-03-17,66.02,80.96,84.02,,,,
USW00023188,2024-03-18,75.92,80.96,84.02,,,,
USW00023188,2024-03-19,69.98,80.96,84.02,,,,
USW00023188,2024-03-20,66.02,80.96,84.02,,,,
USW00023188,2024-03-21,69.08,80.96,84.02,,,,
USW00023188,2024-03-22,66.92,80.96,84.02,,,,
USW00023188,2024-03-23,64.94,80.96,84.02,,,,
USW00023188,2024-03-24,64.04,80.96,84.02,,,,
USW00023188,2024-03-25,64.04,80.96,84.02,,,,
USW00023188,2024-03-26,64.94,80.96,84.02,,,,
USW00023188,2024-03-27,66.92,80.96,84.02,,,,
USW00023188,2024-03-28,64.94,80.96,84.02,,,,
USW00023188,2024-03-29,64.04,80.96,84.02,,,,
USW00023188,2024-03-30,60.08,80.96,84.02,,,,
USW00023188,2024-03-31,64.94,80.96,84.02,,,,
USW00023188,2024-04-01,64.94,80.96,84.02,,,,
USW00023188,2024-04-02,69.08,80.96,84.02,,,,
USW00023188,2024-04-03,69.98,80.96,84.02,,,,
USW00023188,2024-04-04,66.02,80.96,84.02,,,,
USW00023188,2024-04-05,60.08,80.96,84.02,,,,
USW00023188,2024-04-06,62.96,80.96,84.02,,,,
USW00023188,2024-04-07,64.94,80.96,84.02,,,,
USW00023188,2024-04-08,64.04,80.96,84.02,,,,
USW00023188,2024-04-09,73.04,80.96,84.02,,,,
USW00023188,2024-04-10,73.94,80.96,84.02,,,,
USW00023188,2024-04-11,66.02,80.96,84.02,,,,
USW00023188,2024-04-12,62.96,80.96,84.02,,,,
USW00023188,2024-04-13,66.92,80.96,84.02,,,,
USW00023188,2024-04-14,64.94,80.96,84.02,,,,
USW00023188,2024-04-15,66.92,80.96,84.02,,,,
USW00023188,2024-04-16,69.98,80.96,84.02,,,,
USW00023188,2024-04-17,69.08,80.96,84.02,,,,
USW00023188,2024-04-18,71.96,80.96,84.02,,,,
USW00023188,2024-04-19,66.92,80.96,84.02,,,,
USW00023188,2024-04-20,68.0,80.96,84.02,,,,
USW00023188,2024-04-21,68.0,80.96,84.02,,,,
USW00023188,2024-04-22,62.96,80.96,84.02,,,,
USW00023188,2024-04-23,66.02,80.96,84.02,,,,
USW00023188,2024-04-24,66.92,80.96,84.02,,,,
USW00023188,2024-04-25,66.92,80.96,84.02,,,,
USW00023188,2024-04-26,66.02,80.96,84.02,,,,
USW00023188,2024-04-27,68.0,80.96,84.02,,,,
USW00023188,2024-04-28,69.08,80.96,84.02,,,,
USW00023188,2024-04-29,69.08,80.96,84.02,,,,
USW00023188,2024-04-30,66.92,80.96,84.02,,,,
USW00023188,2024-05-01,69.08,80.96,84.02,0.0,0.0,0.0,0.0
USW00023188,2024-05-02,68.0,80.96,84.02,0.0,0.0,0.0,0.0
USW00023188,2024-05-03,69.08,80.96,84.02,0.0,0.0,0.0,0.0
USW00023188,2024-05-04,66.92,80.96,84.02,0.0,0.0,0.0,0.0
USW00023188,2024-05-05,64.94,80.96,84.02,0.0,0.0,0.0,0.0
USW00023188,2024-05-06,69.08,80.96,84.02,0.0,0.0,0.0,0.0
USW00023188,2024-05-07,68.0,80.96,84.02,0.0,0.0,0.0,0.0
USW00023188,2024-05-08,66.92,80.96,84.02,0.0,0.0,0.0,0.0
USW00023188,2024-05-09,69.08,80.96,84.02,0.0,0.0,0.0,0.0
USW00023188,2024-05-10,66.92,80.96,84.02,0.0,0.0,0.0,0.0
USW00023188,2024-05-11,66.92,80.96,84.02,0.0,0.0,0.0,0.0
USW00023188,2024-05-12,69.08,80.96,84.02,0.0,0.0,0.0,0.0
USW00023188,2024-05-13,66.92,80.96,84.02,0.0,0.0,0.0,0.0
USW00023188,2024-05-14,66.92,80.96,84.02,0.0,0.0,0.0,0.0
USW00023188,2024-05-15,62.96,80.96,84.02,0.0,0.0,0.0,0.0
USW00023188,2024-05-16,69.08,80.96,84.02,0.0,0.0,0.0,0.0
USW00023188,2024-05-17,66.92,80.96,84.02,0.0,0.0,0.0,0.0
USW00023188,2024-05-18,69.98,80.96,84.02,0.0,0.0,0.0,0.0
USW00023188,2024-05-19,68.0,80.96,84.02,0.0,0.0,0.0,0.0
USW00023188,2024-05-20,66.92,80.96,84.02,0.0,0.0,0.0,0.0
USW00023188,2024-05-21,68.0,80.96,84.02,0.0,0.0,0.0,0.0
USW00023188,2024-05-22,68.0,80.96,84.02,0.0,0.0,0.0,0.0
USW00023188,2024-05-23,66.92,80.96,84.02,0.0,0.0,0.0,0.0
USW00023188,2024-05-24,68.0,80.96,84.02,0.0,0.0,0.0,0.0
USW00023188,2024-05-25,64.94,80.96,84.02,0.0,0.0,0.0,0.0
USW00023188,2024-05-26,66.92,80.96,84.02,0.0,0.0,0.0,0.0
USW00023188,2024-05-27,68.0,80.96,84.02,0.0,0.0,0.0,0.0
USW00023188,2024-05-28,68.0,80.96,84.02,0.0,0.0,0.0,0.0
USW00023188,2024-05-29,66.02,80.96,84.02,0.0,0.0,0.0,0.0
USW00023188,2024-05-30,66.92,80.96,84.02,0.0,0.0,0.0,0.0
USW00023188,2024-05-31,69.08,80.96,84.02,0.0,0.0,0.0,0.0
USW00023188,2024-06-01,69.08,80.96,84.02,0.0,0.0,0.0,0.0
USW00023188,2024-06-02,66.02,80.96,84.02,0.0,0.0,0.0,0.0
USW00023188,2024-06-03,68.0,80.96,84.02,0.0,0.0,0.0,0.0
USW00023188,2024-06-04,68.0,80.96,84.02,0.0,0.0,0.0,0.0
USW00023188,2024-06-05,68.0,80.96,84.02,0.0,0.0,0.0,0.0
USW00023188,2024-06-06,68.0,80.96,84.02,0.0,0.0,0.0,0.0
USW00023188,2024-06-07,66.02,80.96,84.02,0.0,0.0,0.0,0.0
USW00023188,2024-06-08,68.0,80.96,84.02,0.0,0.0,0.0,0.0
USW00023188,2024-06-09,66.92,80.96,84.02,0.0,0.0,0.0,0.0
USW00023188,2024-06-10,69.98,80.96,84.02,0.0,0.0,0.0,0.0
USW00023188,2024-06-11,66.02,80.96,84.02,0.0,0.0,0.0,0.0
USW00023188,2024-06-12,71.96,80.96,84.02,0.0,0.0,0.0,0.0
USW00023188,2024-06-13,71.06,80.96,84.02,0.0,0.0,0.0,0.0
USW00023188,2024-06-14,71.96,80.96,84.02,0.0,0.0,0.0,0.0
USW00023188,2024-06-15,73.94,80.96,84.02,0.0,0.0,0.0,0.0
USW00023188,2024-06-16,69.08,80.96,84.02,0.0,0.0,0.0,0.0
USW00023188,2024-06-17,69.08,80.96,84.02,0.0,0.0,0.0,0.0
USW00023188,2024-06-18,69.08,80.96,84.02,0.0,0.0,0.0,0.0
USW00023188,2024-06-19,69.98,80.96,84.02,0.0,0.0,0.0,0.0
USW00023188,2024-06-20,71.96,80.96,84.02,0.0,0.0,0.0,0.0
USW00023188,2024-06-21,73.04,80.96,84.02,0.0,0.0,0.0,0.0
USW00023188,2024-06-22,73.94,80.96,84.02,0.0,0.0,0.0,0.0
USW00023188,2024-06-23,84.02,80.96,84.02,1.0,0.0,0.0,0.0
USW00023188,2024-06-24,80.96,80.96,84.02,0.0,0.0,0.0,0.0
USW00023188,2024-06-25,78.08,80.96,84.02,0.0,0.0,0.0,0.0
USW00023188,2024-06-26,75.02,80.96,84.02,0.0,0.0,0.0,0.0
USW00023188,2024-06-27,73.04,80.96,84.02,0.0,0.0,0.0,0.0
USW00023188,2024-06-28,71.06,80.96,84.02,0.0,0.0,0.0,0.0
USW00023188,2024-06-29,75.02,80.96,84.02,0.0,0.0,0.0,0.0
USW00023188,2024-06-30,75.92,80.96,84.02,0.0,0.0,0.0,0.0
USW00023188,2024-07-01,71.96,80.96,84.02,0.0,0.0,0.0,0.0
USW00023188,2024-07-02,73.94,80.96,84.02,0.0,0.0,0.0,0.0
USW00023188,2024-07-03,77.0,80.96,84.02,0.0,0.0,0.0,0.0
USW00023188,2024-07-04,77.0,80.96,84.02,0.0,0.0,0.0,0.0
USW00023188,2024-07-05,77.0,80.96,84.02,0.0,0.0,0.0,0.0
USW00023188,2024-07-06,75.92,80.96,84.02,0.0,0.0,0.0,0.0
USW00023188,2024-07-07,75.92,80.96,84.02,0.0,0.0,0.0,0.0
USW00023188,2024-07-08,77.0,80.96,84.02,0.0,0.0,0.0,0.0
USW00023188,2024-07-09,75.92,80.96,84.02,0.0,0.0,0.0,0.0
USW00023188,2024-07-10,75.02,80.96,84.02,0.0,0.0,0.0,0.0
USW00023188,2024-07-11,75.92,80.96,84.02,0.0,0.0,0.0,0.0
USW00023188,2024-07-12,77.0,80.96,84.02,0.0,0.0,0.0,0.0
USW00023188,2024-07-13,75.02,80.96,84.02,0.0,0.0,0.0,0.0
USW00023188,2024-07-14,77.0,80.96,84.02,0.0,0.0,0.0,0.0
USW00023188,2024-07-15,75.92,80.96,84.02,0.0,0.0,0.0,0.0
USW00023188,2024-07-16,75.92,80.96,84.02,0.0,0.0,0.0,0.0
USW00023188,2024-07-17,77.0,80.96,84.02,0.0,0.0,0.0,0.0
USW00023188,2024-07-18,77.0,80.96,84.02,0.0,0.0,0.0,0.0
USW00023188,2024-07-19,78.08,80.96,84.02,0.0,0.0,0.0,0.0
USW00023188,2024-07-20,78.08,80.96,84.02,0.0,0.0,0.0,0.0
USW00023188,2024-07-21,75.02,80.96,84.02,0.0,0.0,0.0,0.0
USW00023188,2024-07-22,78.08,80.96,84.02,0.0,0.0,0.0,0.0
USW00023188,2024-07-23,78.98,80.96,84.02,0.0,0.0,0.0,0.0
USW00023188,2024-07-24,80.06,80.96,84.02,0.0,0.0,0.0,0.0
USW00023188,2024-07-25,80.06,80.96,84.02,0.0,0.0,0.0,0.0
USW00023188,2024-07-26,80.06,80.96,84.02,0.0,0.0,0.0,0.0
USW00023188,2024-07-27,77.0,80.96,84.02,0.0,0.0,0.0,0.0
USW00023188,2024-07-28,77.0,80.96,84.02,0.0,0.0,0.0,0.0
USW00023188,2024-07-29,75.92,80.96,84.02,0.0,0.0,0.0,0.0
USW00023188,2024-07-30,75.92,80.96,84.02,0.0,0.0,0.0,0.0
USW00023188,2024-07-31,75.92,80.96,84.02,0.0,0.0,0.0,0.0
USW00023188,2024-08-01,75.92,80.96,84.02,0.0,0.0,0.0,0.0
USW00023188,2024-08-02,82.94,80.96,84.02,1.0,0.0,0.0,0.0
USW00023188,2024-08-03,78.98,80.96,84.02,0.0,0.0,0.0,0.0
USW00023188,2024-08-04,78.98,80.96,84.02,0.0,0.0,0.0,0.0
USW00023188,2024-08-05,78.98,80.96,84.02,0.0,0.0,0.0,0.0
USW00023188,2024-08-06,84.92,80.96,84.02,1.0,0.0,1.0,0.0
USW00023188,2024-08-07,75.92,80.96,84.02,0.0,0.0,0.0,0.0
USW00023188,2024-08-08,78.08,80.96,84.02,0.0,0.0,0.0,0.0
USW00023188,2024-08-09,77.0,80.96,84.02,0.0,0.0,0.0,0.0
USW00023188,2024-08-10,78.08,80.96,84.02,0.0,0.0,0.0,0.0
USW00023188,2024-08-11,78.98,80.96,84.02,0.0,0.0,0.0,0.0
USW00023188,2024-08-12,82.94,80.96,84.02,1.0,0.0,0.0,0.0
USW00023188,2024-08-13,80.96,80.96,84.02,0.0,0.0,0.0,0.0
USW00023188,2024-08-14,78.98,80.96,84.02,0.0,0.0,0.0,0.0
USW00023188,2024-08-15,80.06,80.96,84.02,0.0,0.0,0.0,0.0
USW00023188,2024-08-16,75.92,80.96,84.02,0.0,0.0,0.0,0.0
USW00023188,2024-08-17,75.92,80.96,84.02,0.0,0.0,0.0,0.0
USW00023188,2024-08-18,78.98,80.96,84.02,0.0,0.0,0.0,0.0
USW00023188,2024-08-19,80.96,80.96,84.02,0.0,0.0,0.0,0.0
USW00023188,2024-08-20,84.02,80.96,84.02,1.0,0.0,0.0,0.0
USW00023188,2024-08-21,82.94,80.96,84.02,1.0,0.0,0.0,0.0
USW00023188,2024-08-22,78.98,80.96,84.02,0.0,0.0,0.0,0.0
USW00023188,2024-08-23,77.0,80.96,84.02,0.0,0.0,0.0,0.0
USW00023188,2024-08-24,77.0,80.96,84.02,0.0,0.0,0.0,0.0
USW00023188,2024-08-25,78.98,80.96,84.02,0.0,0.0,0.0,0.0
USW00023188,2024-08-26,80.96,80.96,84.02,0.0,0.0,0.0,0.0
USW00023188,2024-08-27,75.92,80.96,84.02,0.0,0.0,0.0,0.0
USW00023188,2024-08-28,77.0,80.96,84.02,0.0,0.0,0.0,0.0
USW00023188,2024-08-29,77.0,80.96,84.02,0.0,0.0,0.0,0.0
USW00023188,2024-08-30,78.08,80.96,84.02,0.0,0.0,0.0,0.0
USW00023188,2024-08-31,75.92,80.96,84.02,0.0,0.0,0.0,0.0
USW00023188,2024-09-01,75.02,80.96,84.02,0.0,0.0,0.0,0.0
USW00023188,2024-09-02,78.08,80.96,84.02,0.0,0.0,0.0,0.0
USW00023188,2024-09-03,80.96,80.96,84.02,0.0,0.0,0.0,0.0
USW00023188,2024-09-04,82.04,80.96,84.02,1.0,1.0,0.0,0.0
USW00023188,2024-09-05,89.06,80.96,84.02,1.0,1.0,1.0,1.0
USW00023188,2024-09-06,86.0,80.96,84.02,1.0,1.0,1.0,1.0
USW00023188,2024-09-07,89.96,80.96,84.02,1.0,1.0,1.0,1.0
USW00023188,2024-09-08,93.92,80.96,84.02,1.0,1.0,1.0,1.0
USW00023188,2024-09-09,93.02,80.96,84.02,1.0,1.0,1.0,1.0
USW00023188,2024-09-10,82.94,80.96,84.02,1.0,1.0,0.0,0.0
USW00023188,2024-09-11,73.94,80.96,84.02,0.0,0.0,0.0,0.0
USW00023188,2024-09-12,75.02,80.96,84.02,0.0,0.0,0.0,0.0
USW00023188,2024-09-13,75.02,80.96,84.02,0.0,0.0,0.0,0.0
USW00023188,2024-09-14,75.92,80.96,84.02,0.0,0.0,0.0,0.0
USW00023188,2024-09-15,71.96,80.96,84.02,0.0,0.0,0.0,0.0
USW00023188,2024-09-16,73.94,80.96,84.02,0.0,0.0,0.0,0.0
USW00023188,2024-09-17,73.04,80.96,84.02,0.0,0.0,0.0,0.0
USW00023188,2024-09-18,73.04,80.96,84.02,0.0,0.0,0.0,0.0
USW00023188,2024-09-19,73.94,80.96,84.02,0.0,0.0,0.0,0.0
USW00023188,2024-09-20,73.94,80.96,84.02,0.0,0.0,0.0,0.0
USW00023188,2024-09-21,73.94,80.96,84.02,0.0,0.0,0.0,0.0
USW00023188,2024-09-22,75.02,80.96,84.02,0.0,0.0,0.0,0.0
USW00023188,2024-09-23,73.94,80.96,84.02,0.0,0.0,0.0,0.0
USW00023188,2024-09-24,73.94,80.96,84.02,0.0,0.0,0.0,0.0
USW00023188,2024-09-25,71.96,80.96,84.02,0.0,0.0,0.0,0.0
USW00023188,2024-09-26,73.04,80.96,84.02,0.0,0.0,0.0,0.0
USW00023188,2024-09-27,71.96,80.96,84.02,0.0,0.0,0.0,0.0
USW00023188,2024-09-28,71.06,80.96,84.02,0.0,0.0,0.0,0.0
USW00023188,2024-09-29,71.96,80.96,84.02,0.0,0.0,0.0,0.0
USW00023188,2024-09-30,73.04,80.96,84.02,0.0,0.0,0.0,0.0
USW00023188,2024-10-01,73.04,80.96,84.02,,,,
USW00023188,2024-10-02,73.04,80.96,84.02,,,,
USW00023188,2024-10-03,71.96,80.96,84.02,,,,
USW00023188,2024-10-04,71.96,80.96,84.02,,,,
USW00023188,2024-10-05,73.04,80.96,84.02,,,,
USW00023188,2024-10-06,71.96,80.96,84.02,,,,
USW00023188,2024-10-07,73.94,80.96,84.02,,,,
USW00023188,2024-10-08,71.06,80.96,84.02,,,,
USW00023188,2024-10-09,71.96,80.96,84.02,,,,
USW00023188,2024-10-10,73.94,80.96,84.02,,,,
USW00023188,2024-10-11,73.04,80.96,84.02,,,,
USW00023188,2024-10-12,75.02,80.96,84.02,,,,
USW00023188,2024-10-13,71.96,80.96,84.02,,,,
USW00023188,2024-10-14,71.96,80.96,84.02,,,,
USW00023188,2024-10-15,69.98,80.96,84.02,,,,
USW00023188,2024-10-16,68.0,80.96,84.02,,,,
USW00023188,2024-10-17,75.02,80.96,84.02,,,,
USW00023188,2024-10-18,71.96,80.96,84.02,,,,
USW00023188,2024-10-19,78.08,80.96,84.02,,,,
USW00023188,2024-10-20,80.06,80.96,84.02,,,,
USW00023188,2024-10-21,78.08,80.96,84.02,,,,
USW00023188,2024-10-22,75.92,80.96,84.02,,,,
USW00023188,2024-10-23,78.98,80.96,84.02,,,,
USW00023188,2024-10-24,75.02,80.96,84.02,,,,
USW00023188,2024-10-25,71.96,80.96,84.02,,,,
USW00023188,2024-10-26,73.94,80.96,84.02,,,,
USW00023188,2024-10-27,77.0,80.96,84.02,,,,
USW00023188,2024-10-28,71.06,80.96,84.02,,,,
USW00023188,2024-10-29,68.0,80.96,84.02,,,,
USW00023188,2024-10-30,71.96,80.96,84.02,,,,
USW00023188,2024-10-31,71.06,80.96,84.02,,,,
USW00023188,2024-11-01,69.98,80.96,84.02,,,,
USW00023188,2024-11-02,69.08,80.96,84.02,,,,
USW00023188,2024-11-03,69.08,80.96,84.02,,,,
USW00023188,2024-11-04,75.92,80.96,84.02,,,,
USW00023188,2024-11-05,75.92,80.96,84.02,,,,
USW00023188,2024-11-06,78.98,80.96,84.02,,,,
USW00023188,2024-11-07,75.02,80.96,84.02,,,,
USW00023188,2024-11-08,73.94,80.96,84.02,,,,
USW00023188,2024-11-09,75.02,80.96,84.02,,,,
USW00023188,2024-11-10,75.92,80.96,84.02,,,,
USW00023188,2024-11-11,71.06,80.96,84.02,,,,
USW00023188,2024-11-12,69.08,80.96,84.02,,,,
USW00023188,2024-11-13,78.08,80.96,84.02,,,,
USW00023188,2024-11-14,73.04,80.96,84.02,,,,
USW00023188,2024-11-15,66.02,80.96,84.02,,,,
USW00023188,2024-11-16,64.04,80.96,84.02,,,,
USW00023188,2024-11-17,66.92,80.96,84.02,,,,
USW00023188,2024-11-18,66.02,80.96,84.02,,,,
USW00023188,2024-11-19,66.92,80.96,84.02,,,,
USW00023188,2024-11-20,73.04,80.96,84.02,,,,
USW00023188,2024-11-21,69.98,80.96,84.02,,,,
USW00023188,2024-11-22,69.08,80.96,84.02,,,,
USW00023188,2024-11-23,66.02,80.96,84.02,,,,
USW00023188,2024-11-24,66.02,80.96,84.02,,,,
USW00023188,2024-11-25,73.04,80.96,84.02,,,,
USW00023188,2024-11-26,69.08,80.96,84.02,,,,
USW00023188,2024-11-27,69.08,80.96,84.02,,,,
USW00023188,2024-11-28,68.0,80.96,84.02,,,,
USW00023188,2024-11-29,71.96,80.96,84.02,,,,
USW00023188,2024-11-30,77.0,80.96,84.02,,,,
USW00023188,2024-12-01,71.96,80.96,84.02,,,,
USW00023188,2024-12-02,69.98,80.96,84.02,,,,
USW00023188,2024-12-03,66.92,80.96,84.02,,,,
USW00023188,2024-12-04,64.04,80.96,84.02,,,,
USW00023188,2024-12-05,62.96,80.96,84.02,,,,
USW00023188,2024-12-06,66.02,80.96,84.02,,,,
USW00023188,2024-12-07,78.98,80.96,84.02,,,,
USW00023188,2024-12-08,62.06,80.96,84.02,,,,
USW00023188,2024-12-09,64.04,80.96,84.02,,,,
USW00023188,2024-12-10,73.04,80.96,84.02,,,,
USW00023188,2024-12-11,71.06,80.96,84.02,,,,
USW00023188,2024-12-12,64.04,80.96,84.02,,,,
USW00023188,2024-12-13,64.04,80.96,84.02,,,,
USW00023188,2024-12-14,69.08,80.96,84.02,,,,
USW00023188,2024-12-15,64.94,80.96,84.02,,,,
USW00023188,2024-12-16,68.0,80.96,84.02,,,,
USW00023188,2024-12-17,69.08,80.96,84.02,,,,
USW00023188,2024-12-18,69.98,80.96,84.02,,,,
USW00023188,2024-12-19,71.96,80.96,84.02,,,,
USW00023188,2024-12-20,64.94,80.96,84.02,,,,
USW00023188,2024-12-21,66.02,80.96,84.02,,,,
USW00023188,2024-12-22,66.92,80.96,84.02,,,,
USW00023188,2024-12-23,64.94,80.96,84.02,,,,
USW00023188,2024-12-24,60.98,80.96,84.02,,,,
USW00023188,2024-12-25,64.94,80.96,84.02,,,,
USW00023188,2024-12-26,66.02,80.96,84.02,,,,
USW00023188,2024-12-27,62.96,80.96,84.02,,,,
USW00023188,2024-12-28,62.96,80.96,84.02,,,,
USW00023188,2024-12-29,62.96,80.96,84.02,,,,
USW00023188,2024-12-30,62.96,80.96,84.02,,,,
USW00023188,2024-12-31,60.98,80.96,84.02,,,,
