report_edition,report_year,institution_unitid,campus_id,campus,category,category_label,family,geography,count,raw_value,status,pdf_page,printed_page,source_line,source_url,source_sha256
2026,2023,122409,122409001,San Diego,murder,Murder/Nonnegligent Manslaughter,criminal_offenses,residential,0,0,reported_numeric,7,7,8,https://police.sdsu.edu/_resources/files/asr_2026_newdraft.pdf#page=7,8d697b9134573a07dd7d53a0db29c18f8fe3a5b97e026fb8221237766155c80b
2026,2023,122409,122409001,San Diego,murder,Murder/Nonnegligent Manslaughter,criminal_offenses,oncampus,0,0,reported_numeric,7,7,8,https://police.sdsu.edu/_resources/files/asr_2026_newdraft.pdf#page=7,8d697b9134573a07dd7d53a0db29c18f8fe3a5b97e026fb8221237766155c80b
2026,2023,122409,122409001,San Diego,murder,Murder/Nonnegligent Manslaughter,criminal_offenses,noncampus,0,0,reported_numeric,7,7,8,https://police.sdsu.edu/_resources/files/asr_2026_newdraft.pdf#page=7,8d697b9134573a07dd7d53a0db29c18f8fe3a5b97e026fb8221237766155c80b
2026,2023,122409,122409001,San Diego,murder,Murder/Nonnegligent Manslaughter,criminal_offenses,publicproperty,0,0,reported_numeric,7,7,8,https://police.sdsu.edu/_resources/files/asr_2026_newdraft.pdf#page=7,8d697b9134573a07dd7d53a0db29c18f8fe3a5b97e026fb8221237766155c80b
2026,2024,122409,122409001,San Diego,murder,Murder/Nonnegligent Manslaughter,criminal_offenses,residential,0,0,reported_numeric,7,7,9,https://police.sdsu.edu/_resources/files/asr_2026_newdraft.pdf#page=7,8d697b9134573a07dd7d53a0db29c18f8fe3a5b97e026fb8221237766155c80b
2026,2024,122409,122409001,San Diego,murder,Murder/Nonnegligent Manslaughter,criminal_offenses,oncampus,0,0,reported_numeric,7,7,9,https://police.sdsu.edu/_resources/files/asr_2026_newdraft.pdf#page=7,8d697b9134573a07dd7d53a0db29c18f8fe3a5b97e026fb8221237766155c80b
2026,2024,122409,122409001,San Diego,murder,Murder/Nonnegligent Manslaughter,criminal_offenses,noncampus,0,0,reported_numeric,7,7,9,https://police.sdsu.edu/_resources/files/asr_2026_newdraft.pdf#page=7,8d697b9134573a07dd7d53a0db29c18f8fe3a5b97e026fb8221237766155c80b
2026,2024,122409,122409001,San Diego,murder,Murder/Nonnegligent Manslaughter,criminal_offenses,publicproperty,0,0,reported_numeric,7,7,9,https://police.sdsu.edu/_resources/files/asr_2026_newdraft.pdf#page=7,8d697b9134573a07dd7d53a0db29c18f8fe3a5b97e026fb8221237766155c80b
2026,2025,122409,122409001,San Diego,murder,Murder/Nonnegligent Manslaughter,criminal_offenses,residential,0,0,reported_numeric,7,7,10,https://police.sdsu.edu/_resources/files/asr_2026_newdraft.pdf#page=7,8d697b9134573a07dd7d53a0db29c18f8fe3a5b97e026fb8221237766155c80b
2026,2025,122409,122409001,San Diego,murder,Murder/Nonnegligent Manslaughter,criminal_offenses,oncampus,0,0,reported_numeric,7,7,10,https://police.sdsu.edu/_resources/files/asr_2026_newdraft.pdf#page=7,8d697b9134573a07dd7d53a0db29c18f8fe3a5b97e026fb8221237766155c80b
2026,2025,122409,122409001,San Diego,murder,Murder/Nonnegligent Manslaughter,criminal_offenses,noncampus,0,0,reported_numeric,7,7,10,https://police.sdsu.edu/_resources/files/asr_2026_newdraft.pdf#page=7,8d697b9134573a07dd7d53a0db29c18f8fe3a5b97e026fb8221237766155c80b
2026,2025,122409,122409001,San Diego,murder,Murder/Nonnegligent Manslaughter,criminal_offenses,publicproperty,0,0,reported_numeric,7,7,10,https://police.sdsu.edu/_resources/files/asr_2026_newdraft.pdf#page=7,8d697b9134573a07dd7d53a0db29c18f8fe3a5b97e026fb8221237766155c80b
2026,2023,122409,122409001,San Diego,negligent_manslaughter,Negligent Manslaughter,criminal_offenses,residential,0,0,reported_numeric,7,7,15,https://police.sdsu.edu/_resources/files/asr_2026_newdraft.pdf#page=7,8d697b9134573a07dd7d53a0db29c18f8fe3a5b97e026fb8221237766155c80b
2026,2023,122409,122409001,San Diego,negligent_manslaughter,Negligent Manslaughter,criminal_offenses,oncampus,0,0,reported_numeric,7,7,15,https://police.sdsu.edu/_resources/files/asr_2026_newdraft.pdf#page=7,8d697b9134573a07dd7d53a0db29c18f8fe3a5b97e026fb8221237766155c80b
2026,2023,122409,122409001,San Diego,negligent_manslaughter,Negligent Manslaughter,criminal_offenses,noncampus,0,0,reported_numeric,7,7,15,https://police.sdsu.edu/_resources/files/asr_2026_newdraft.pdf#page=7,8d697b9134573a07dd7d53a0db29c18f8fe3a5b97e026fb8221237766155c80b
2026,2023,122409,122409001,San Diego,negligent_manslaughter,Negligent Manslaughter,criminal_offenses,publicproperty,0,0,reported_numeric,7,7,15,https://police.sdsu.edu/_resources/files/asr_2026_newdraft.pdf#page=7,8d697b9134573a07dd7d53a0db29c18f8fe3a5b97e026fb8221237766155c80b
2026,2024,122409,122409001,San Diego,negligent_manslaughter,Negligent Manslaughter,criminal_offenses,residential,0,0,reported_numeric,7,7,16,https://police.sdsu.edu/_resources/files/asr_2026_newdraft.pdf#page=7,8d697b9134573a07dd7d53a0db29c18f8fe3a5b97e026fb8221237766155c80b
2026,2024,122409,122409001,San Diego,negligent_manslaughter,Negligent Manslaughter,criminal_offenses,oncampus,0,0,reported_numeric,7,7,16,https://police.sdsu.edu/_resources/files/asr_2026_newdraft.pdf#page=7,8d697b9134573a07dd7d53a0db29c18f8fe3a5b97e026fb8221237766155c80b
2026,2024,122409,122409001,San Diego,negligent_manslaughter,Negligent Manslaughter,criminal_offenses,noncampus,0,0,reported_numeric,7,7,16,https://police.sdsu.edu/_resources/files/asr_2026_newdraft.pdf#page=7,8d697b9134573a07dd7d53a0db29c18f8fe3a5b97e026fb8221237766155c80b
2026,2024,122409,122409001,San Diego,negligent_manslaughter,Negligent Manslaughter,criminal_offenses,publicproperty,0,0,reported_numeric,7,7,16,https://police.sdsu.edu/_resources/files/asr_2026_newdraft.pdf#page=7,8d697b9134573a07dd7d53a0db29c18f8fe3a5b97e026fb8221237766155c80b
2026,2025,122409,122409001,San Diego,negligent_manslaughter,Negligent Manslaughter,criminal_offenses,residential,0,0,reported_numeric,7,7,17,https://police.sdsu.edu/_resources/files/asr_2026_newdraft.pdf#page=7,8d697b9134573a07dd7d53a0db29c18f8fe3a5b97e026fb8221237766155c80b
2026,2025,122409,122409001,San Diego,negligent_manslaughter,Negligent Manslaughter,criminal_offenses,oncampus,0,0,reported_numeric,7,7,17,https://police.sdsu.edu/_resources/files/asr_2026_newdraft.pdf#page=7,8d697b9134573a07dd7d53a0db29c18f8fe3a5b97e026fb8221237766155c80b
2026,2025,122409,122409001,San Diego,negligent_manslaughter,Negligent Manslaughter,criminal_offenses,noncampus,0,0,reported_numeric,7,7,17,https://police.sdsu.edu/_resources/files/asr_2026_newdraft.pdf#page=7,8d697b9134573a07dd7d53a0db29c18f8fe3a5b97e026fb8221237766155c80b
2026,2025,122409,122409001,San Diego,negligent_manslaughter,Negligent Manslaughter,criminal_offenses,publicproperty,0,0,reported_numeric,7,7,17,https://police.sdsu.edu/_resources/files/asr_2026_newdraft.pdf#page=7,8d697b9134573a07dd7d53a0db29c18f8fe3a5b97e026fb8221237766155c80b
2026,2023,122409,122409001,San Diego,rape,Rape,criminal_offenses,residential,8,8,reported_numeric,7,7,23,https://police.sdsu.edu/_resources/files/asr_2026_newdraft.pdf#page=7,8d697b9134573a07dd7d53a0db29c18f8fe3a5b97e026fb8221237766155c80b
2026,2023,122409,122409001,San Diego,rape,Rape,criminal_offenses,oncampus,11,11,reported_numeric,7,7,23,https://police.sdsu.edu/_resources/files/asr_2026_newdraft.pdf#page=7,8d697b9134573a07dd7d53a0db29c18f8fe3a5b97e026fb8221237766155c80b
2026,2023,122409,122409001,San Diego,rape,Rape,criminal_offenses,noncampus,2,2,reported_numeric,7,7,23,https://police.sdsu.edu/_resources/files/asr_2026_newdraft.pdf#page=7,8d697b9134573a07dd7d53a0db29c18f8fe3a5b97e026fb8221237766155c80b
2026,2023,122409,122409001,San Diego,rape,Rape,criminal_offenses,publicproperty,0,0,reported_numeric,7,7,23,https://police.sdsu.edu/_resources/files/asr_2026_newdraft.pdf#page=7,8d697b9134573a07dd7d53a0db29c18f8fe3a5b97e026fb8221237766155c80b
2026,2024,122409,122409001,San Diego,rape,Rape,criminal_offenses,residential,1,1,reported_numeric,7,7,24,https://police.sdsu.edu/_resources/files/asr_2026_newdraft.pdf#page=7,8d697b9134573a07dd7d53a0db29c18f8fe3a5b97e026fb8221237766155c80b
2026,2024,122409,122409001,San Diego,rape,Rape,criminal_offenses,oncampus,1,1,reported_numeric,7,7,24,https://police.sdsu.edu/_resources/files/asr_2026_newdraft.pdf#page=7,8d697b9134573a07dd7d53a0db29c18f8fe3a5b97e026fb8221237766155c80b
2026,2024,122409,122409001,San Diego,rape,Rape,criminal_offenses,noncampus,2,2,reported_numeric,7,7,24,https://police.sdsu.edu/_resources/files/asr_2026_newdraft.pdf#page=7,8d697b9134573a07dd7d53a0db29c18f8fe3a5b97e026fb8221237766155c80b
2026,2024,122409,122409001,San Diego,rape,Rape,criminal_offenses,publicproperty,0,0,reported_numeric,7,7,24,https://police.sdsu.edu/_resources/files/asr_2026_newdraft.pdf#page=7,8d697b9134573a07dd7d53a0db29c18f8fe3a5b97e026fb8221237766155c80b
2026,2025,122409,122409001,San Diego,rape,Rape,criminal_offenses,residential,10,10,reported_numeric,7,7,25,https://police.sdsu.edu/_resources/files/asr_2026_newdraft.pdf#page=7,8d697b9134573a07dd7d53a0db29c18f8fe3a5b97e026fb8221237766155c80b
2026,2025,122409,122409001,San Diego,rape,Rape,criminal_offenses,oncampus,11,11,reported_numeric,7,7,25,https://police.sdsu.edu/_resources/files/asr_2026_newdraft.pdf#page=7,8d697b9134573a07dd7d53a0db29c18f8fe3a5b97e026fb8221237766155c80b
2026,2025,122409,122409001,San Diego,rape,Rape,criminal_offenses,noncampus,5,5,reported_numeric,7,7,25,https://police.sdsu.edu/_resources/files/asr_2026_newdraft.pdf#page=7,8d697b9134573a07dd7d53a0db29c18f8fe3a5b97e026fb8221237766155c80b
2026,2025,122409,122409001,San Diego,rape,Rape,criminal_offenses,publicproperty,0,0,reported_numeric,7,7,25,https://police.sdsu.edu/_resources/files/asr_2026_newdraft.pdf#page=7,8d697b9134573a07dd7d53a0db29c18f8fe3a5b97e026fb8221237766155c80b
2026,2023,122409,122409001,San Diego,fondling,Fondling,criminal_offenses,residential,0,0,reported_numeric,7,7,31,https://police.sdsu.edu/_resources/files/asr_2026_newdraft.pdf#page=7,8d697b9134573a07dd7d53a0db29c18f8fe3a5b97e026fb8221237766155c80b
2026,2023,122409,122409001,San Diego,fondling,Fondling,criminal_offenses,oncampus,0,0,reported_numeric,7,7,31,https://police.sdsu.edu/_resources/files/asr_2026_newdraft.pdf#page=7,8d697b9134573a07dd7d53a0db29c18f8fe3a5b97e026fb8221237766155c80b
2026,2023,122409,122409001,San Diego,fondling,Fondling,criminal_offenses,noncampus,0,0,reported_numeric,7,7,31,https://police.sdsu.edu/_resources/files/asr_2026_newdraft.pdf#page=7,8d697b9134573a07dd7d53a0db29c18f8fe3a5b97e026fb8221237766155c80b
2026,2023,122409,122409001,San Diego,fondling,Fondling,criminal_offenses,publicproperty,1,1,reported_numeric,7,7,31,https://police.sdsu.edu/_resources/files/asr_2026_newdraft.pdf#page=7,8d697b9134573a07dd7d53a0db29c18f8fe3a5b97e026fb8221237766155c80b
2026,2024,122409,122409001,San Diego,fondling,Fondling,criminal_offenses,residential,0,0,reported_numeric,7,7,32,https://police.sdsu.edu/_resources/files/asr_2026_newdraft.pdf#page=7,8d697b9134573a07dd7d53a0db29c18f8fe3a5b97e026fb8221237766155c80b
2026,2024,122409,122409001,San Diego,fondling,Fondling,criminal_offenses,oncampus,2,2,reported_numeric,7,7,32,https://police.sdsu.edu/_resources/files/asr_2026_newdraft.pdf#page=7,8d697b9134573a07dd7d53a0db29c18f8fe3a5b97e026fb8221237766155c80b
2026,2024,122409,122409001,San Diego,fondling,Fondling,criminal_offenses,noncampus,0,0,reported_numeric,7,7,32,https://police.sdsu.edu/_resources/files/asr_2026_newdraft.pdf#page=7,8d697b9134573a07dd7d53a0db29c18f8fe3a5b97e026fb8221237766155c80b
2026,2024,122409,122409001,San Diego,fondling,Fondling,criminal_offenses,publicproperty,0,0,reported_numeric,7,7,32,https://police.sdsu.edu/_resources/files/asr_2026_newdraft.pdf#page=7,8d697b9134573a07dd7d53a0db29c18f8fe3a5b97e026fb8221237766155c80b
2026,2025,122409,122409001,San Diego,fondling,Fondling,criminal_offenses,residential,5,5,reported_numeric,7,7,33,https://police.sdsu.edu/_resources/files/asr_2026_newdraft.pdf#page=7,8d697b9134573a07dd7d53a0db29c18f8fe3a5b97e026fb8221237766155c80b
2026,2025,122409,122409001,San Diego,fondling,Fondling,criminal_offenses,oncampus,7,7,reported_numeric,7,7,33,https://police.sdsu.edu/_resources/files/asr_2026_newdraft.pdf#page=7,8d697b9134573a07dd7d53a0db29c18f8fe3a5b97e026fb8221237766155c80b
2026,2025,122409,122409001,San Diego,fondling,Fondling,criminal_offenses,noncampus,0,0,reported_numeric,7,7,33,https://police.sdsu.edu/_resources/files/asr_2026_newdraft.pdf#page=7,8d697b9134573a07dd7d53a0db29c18f8fe3a5b97e026fb8221237766155c80b
2026,2025,122409,122409001,San Diego,fondling,Fondling,criminal_offenses,publicproperty,0,0,reported_numeric,7,7,33,https://police.sdsu.edu/_resources/files/asr_2026_newdraft.pdf#page=7,8d697b9134573a07dd7d53a0db29c18f8fe3a5b97e026fb8221237766155c80b
2026,2023,122409,122409001,San Diego,incest,Incest,criminal_offenses,residential,0,0,reported_numeric,7,7,39,https://police.sdsu.edu/_resources/files/asr_2026_newdraft.pdf#page=7,8d697b9134573a07dd7d53a0db29c18f8fe3a5b97e026fb8221237766155c80b
2026,2023,122409,122409001,San Diego,incest,Incest,criminal_offenses,oncampus,0,0,reported_numeric,7,7,39,https://police.sdsu.edu/_resources/files/asr_2026_newdraft.pdf#page=7,8d697b9134573a07dd7d53a0db29c18f8fe3a5b97e026fb8221237766155c80b
2026,2023,122409,122409001,San Diego,incest,Incest,criminal_offenses,noncampus,0,0,reported_numeric,7,7,39,https://police.sdsu.edu/_resources/files/asr_2026_newdraft.pdf#page=7,8d697b9134573a07dd7d53a0db29c18f8fe3a5b97e026fb8221237766155c80b
2026,2023,122409,122409001,San Diego,incest,Incest,criminal_offenses,publicproperty,0,0,reported_numeric,7,7,39,https://police.sdsu.edu/_resources/files/asr_2026_newdraft.pdf#page=7,8d697b9134573a07dd7d53a0db29c18f8fe3a5b97e026fb8221237766155c80b
2026,2024,122409,122409001,San Diego,incest,Incest,criminal_offenses,residential,0,0,reported_numeric,7,7,40,https://police.sdsu.edu/_resources/files/asr_2026_newdraft.pdf#page=7,8d697b9134573a07dd7d53a0db29c18f8fe3a5b97e026fb8221237766155c80b
2026,2024,122409,122409001,San Diego,incest,Incest,criminal_offenses,oncampus,0,0,reported_numeric,7,7,40,https://police.sdsu.edu/_resources/files/asr_2026_newdraft.pdf#page=7,8d697b9134573a07dd7d53a0db29c18f8fe3a5b97e026fb8221237766155c80b
2026,2024,122409,122409001,San Diego,incest,Incest,criminal_offenses,noncampus,0,0,reported_numeric,7,7,40,https://police.sdsu.edu/_resources/files/asr_2026_newdraft.pdf#page=7,8d697b9134573a07dd7d53a0db29c18f8fe3a5b97e026fb8221237766155c80b
2026,2024,122409,122409001,San Diego,incest,Incest,criminal_offenses,publicproperty,0,0,reported_numeric,7,7,40,https://police.sdsu.edu/_resources/files/asr_2026_newdraft.pdf#page=7,8d697b9134573a07dd7d53a0db29c18f8fe3a5b97e026fb8221237766155c80b
2026,2025,122409,122409001,San Diego,incest,Incest,criminal_offenses,residential,0,0,reported_numeric,7,7,41,https://police.sdsu.edu/_resources/files/asr_2026_newdraft.pdf#page=7,8d697b9134573a07dd7d53a0db29c18f8fe3a5b97e026fb8221237766155c80b
2026,2025,122409,122409001,San Diego,incest,Incest,criminal_offenses,oncampus,0,0,reported_numeric,7,7,41,https://police.sdsu.edu/_resources/files/asr_2026_newdraft.pdf#page=7,8d697b9134573a07dd7d53a0db29c18f8fe3a5b97e026fb8221237766155c80b
2026,2025,122409,122409001,San Diego,incest,Incest,criminal_offenses,noncampus,0,0,reported_numeric,7,7,41,https://police.sdsu.edu/_resources/files/asr_2026_newdraft.pdf#page=7,8d697b9134573a07dd7d53a0db29c18f8fe3a5b97e026fb8221237766155c80b
2026,2025,122409,122409001,San Diego,incest,Incest,criminal_offenses,publicproperty,0,0,reported_numeric,7,7,41,https://police.sdsu.edu/_resources/files/asr_2026_newdraft.pdf#page=7,8d697b9134573a07dd7d53a0db29c18f8fe3a5b97e026fb8221237766155c80b
2026,2023,122409,122409001,San Diego,statutory_rape,Statutory Rape,criminal_offenses,residential,0,0,reported_numeric,7,7,47,https://police.sdsu.edu/_resources/files/asr_2026_newdraft.pdf#page=7,8d697b9134573a07dd7d53a0db29c18f8fe3a5b97e026fb8221237766155c80b
2026,2023,122409,122409001,San Diego,statutory_rape,Statutory Rape,criminal_offenses,oncampus,0,0,reported_numeric,7,7,47,https://police.sdsu.edu/_resources/files/asr_2026_newdraft.pdf#page=7,8d697b9134573a07dd7d53a0db29c18f8fe3a5b97e026fb8221237766155c80b
2026,2023,122409,122409001,San Diego,statutory_rape,Statutory Rape,criminal_offenses,noncampus,0,0,reported_numeric,7,7,47,https://police.sdsu.edu/_resources/files/asr_2026_newdraft.pdf#page=7,8d697b9134573a07dd7d53a0db29c18f8fe3a5b97e026fb8221237766155c80b
2026,2023,122409,122409001,San Diego,statutory_rape,Statutory Rape,criminal_offenses,publicproperty,0,0,reported_numeric,7,7,47,https://police.sdsu.edu/_resources/files/asr_2026_newdraft.pdf#page=7,8d697b9134573a07dd7d53a0db29c18f8fe3a5b97e026fb8221237766155c80b
2026,2024,122409,122409001,San Diego,statutory_rape,Statutory Rape,criminal_offenses,residential,0,0,reported_numeric,7,7,48,https://police.sdsu.edu/_resources/files/asr_2026_newdraft.pdf#page=7,8d697b9134573a07dd7d53a0db29c18f8fe3a5b97e026fb8221237766155c80b
2026,2024,122409,122409001,San Diego,statutory_rape,Statutory Rape,criminal_offenses,oncampus,0,0,reported_numeric,7,7,48,https://police.sdsu.edu/_resources/files/asr_2026_newdraft.pdf#page=7,8d697b9134573a07dd7d53a0db29c18f8fe3a5b97e026fb8221237766155c80b
2026,2024,122409,122409001,San Diego,statutory_rape,Statutory Rape,criminal_offenses,noncampus,0,0,reported_numeric,7,7,48,https://police.sdsu.edu/_resources/files/asr_2026_newdraft.pdf#page=7,8d697b9134573a07dd7d53a0db29c18f8fe3a5b97e026fb8221237766155c80b
2026,2024,122409,122409001,San Diego,statutory_rape,Statutory Rape,criminal_offenses,publicproperty,0,0,reported_numeric,7,7,48,https://police.sdsu.edu/_resources/files/asr_2026_newdraft.pdf#page=7,8d697b9134573a07dd7d53a0db29c18f8fe3a5b97e026fb8221237766155c80b
2026,2025,122409,122409001,San Diego,statutory_rape,Statutory Rape,criminal_offenses,residential,0,0,reported_numeric,7,7,49,https://police.sdsu.edu/_resources/files/asr_2026_newdraft.pdf#page=7,8d697b9134573a07dd7d53a0db29c18f8fe3a5b97e026fb8221237766155c80b
2026,2025,122409,122409001,San Diego,statutory_rape,Statutory Rape,criminal_offenses,oncampus,0,0,reported_numeric,7,7,49,https://police.sdsu.edu/_resources/files/asr_2026_newdraft.pdf#page=7,8d697b9134573a07dd7d53a0db29c18f8fe3a5b97e026fb8221237766155c80b
2026,2025,122409,122409001,San Diego,statutory_rape,Statutory Rape,criminal_offenses,noncampus,0,0,reported_numeric,7,7,49,https://police.sdsu.edu/_resources/files/asr_2026_newdraft.pdf#page=7,8d697b9134573a07dd7d53a0db29c18f8fe3a5b97e026fb8221237766155c80b
2026,2025,122409,122409001,San Diego,statutory_rape,Statutory Rape,criminal_offenses,publicproperty,0,0,reported_numeric,7,7,49,https://police.sdsu.edu/_resources/files/asr_2026_newdraft.pdf#page=7,8d697b9134573a07dd7d53a0db29c18f8fe3a5b97e026fb8221237766155c80b
2026,2023,122409,122409001,San Diego,robbery,Robbery,criminal_offenses,residential,0,0,reported_numeric,8,8,4,https://police.sdsu.edu/_resources/files/asr_2026_newdraft.pdf#page=8,8d697b9134573a07dd7d53a0db29c18f8fe3a5b97e026fb8221237766155c80b
2026,2023,122409,122409001,San Diego,robbery,Robbery,criminal_offenses,oncampus,1,1,reported_numeric,8,8,4,https://police.sdsu.edu/_resources/files/asr_2026_newdraft.pdf#page=8,8d697b9134573a07dd7d53a0db29c18f8fe3a5b97e026fb8221237766155c80b
2026,2023,122409,122409001,San Diego,robbery,Robbery,criminal_offenses,noncampus,0,0,reported_numeric,8,8,4,https://police.sdsu.edu/_resources/files/asr_2026_newdraft.pdf#page=8,8d697b9134573a07dd7d53a0db29c18f8fe3a5b97e026fb8221237766155c80b
2026,2023,122409,122409001,San Diego,robbery,Robbery,criminal_offenses,publicproperty,2,2,reported_numeric,8,8,4,https://police.sdsu.edu/_resources/files/asr_2026_newdraft.pdf#page=8,8d697b9134573a07dd7d53a0db29c18f8fe3a5b97e026fb8221237766155c80b
2026,2024,122409,122409001,San Diego,robbery,Robbery,criminal_offenses,residential,0,0,reported_numeric,8,8,5,https://police.sdsu.edu/_resources/files/asr_2026_newdraft.pdf#page=8,8d697b9134573a07dd7d53a0db29c18f8fe3a5b97e026fb8221237766155c80b
2026,2024,122409,122409001,San Diego,robbery,Robbery,criminal_offenses,oncampus,2,2,reported_numeric,8,8,5,https://police.sdsu.edu/_resources/files/asr_2026_newdraft.pdf#page=8,8d697b9134573a07dd7d53a0db29c18f8fe3a5b97e026fb8221237766155c80b
2026,2024,122409,122409001,San Diego,robbery,Robbery,criminal_offenses,noncampus,0,0,reported_numeric,8,8,5,https://police.sdsu.edu/_resources/files/asr_2026_newdraft.pdf#page=8,8d697b9134573a07dd7d53a0db29c18f8fe3a5b97e026fb8221237766155c80b
2026,2024,122409,122409001,San Diego,robbery,Robbery,criminal_offenses,publicproperty,2,2,reported_numeric,8,8,5,https://police.sdsu.edu/_resources/files/asr_2026_newdraft.pdf#page=8,8d697b9134573a07dd7d53a0db29c18f8fe3a5b97e026fb8221237766155c80b
2026,2025,122409,122409001,San Diego,robbery,Robbery,criminal_offenses,residential,0,0,reported_numeric,8,8,6,https://police.sdsu.edu/_resources/files/asr_2026_newdraft.pdf#page=8,8d697b9134573a07dd7d53a0db29c18f8fe3a5b97e026fb8221237766155c80b
2026,2025,122409,122409001,San Diego,robbery,Robbery,criminal_offenses,oncampus,3,3,reported_numeric,8,8,6,https://police.sdsu.edu/_resources/files/asr_2026_newdraft.pdf#page=8,8d697b9134573a07dd7d53a0db29c18f8fe3a5b97e026fb8221237766155c80b
2026,2025,122409,122409001,San Diego,robbery,Robbery,criminal_offenses,noncampus,0,0,reported_numeric,8,8,6,https://police.sdsu.edu/_resources/files/asr_2026_newdraft.pdf#page=8,8d697b9134573a07dd7d53a0db29c18f8fe3a5b97e026fb8221237766155c80b
2026,2025,122409,122409001,San Diego,robbery,Robbery,criminal_offenses,publicproperty,4,4,reported_numeric,8,8,6,https://police.sdsu.edu/_resources/files/asr_2026_newdraft.pdf#page=8,8d697b9134573a07dd7d53a0db29c18f8fe3a5b97e026fb8221237766155c80b
2026,2023,122409,122409001,San Diego,aggravated_assault,Aggravated Assault,criminal_offenses,residential,2,2,reported_numeric,8,8,12,https://police.sdsu.edu/_resources/files/asr_2026_newdraft.pdf#page=8,8d697b9134573a07dd7d53a0db29c18f8fe3a5b97e026fb8221237766155c80b
2026,2023,122409,122409001,San Diego,aggravated_assault,Aggravated Assault,criminal_offenses,oncampus,4,4,reported_numeric,8,8,12,https://police.sdsu.edu/_resources/files/asr_2026_newdraft.pdf#page=8,8d697b9134573a07dd7d53a0db29c18f8fe3a5b97e026fb8221237766155c80b
2026,2023,122409,122409001,San Diego,aggravated_assault,Aggravated Assault,criminal_offenses,noncampus,2,2,reported_numeric,8,8,12,https://police.sdsu.edu/_resources/files/asr_2026_newdraft.pdf#page=8,8d697b9134573a07dd7d53a0db29c18f8fe3a5b97e026fb8221237766155c80b
2026,2023,122409,122409001,San Diego,aggravated_assault,Aggravated Assault,criminal_offenses,publicproperty,1,1,reported_numeric,8,8,12,https://police.sdsu.edu/_resources/files/asr_2026_newdraft.pdf#page=8,8d697b9134573a07dd7d53a0db29c18f8fe3a5b97e026fb8221237766155c80b
2026,2024,122409,122409001,San Diego,aggravated_assault,Aggravated Assault,criminal_offenses,residential,1,1,reported_numeric,8,8,13,https://police.sdsu.edu/_resources/files/asr_2026_newdraft.pdf#page=8,8d697b9134573a07dd7d53a0db29c18f8fe3a5b97e026fb8221237766155c80b
2026,2024,122409,122409001,San Diego,aggravated_assault,Aggravated Assault,criminal_offenses,oncampus,14,14,reported_numeric,8,8,13,https://police.sdsu.edu/_resources/files/asr_2026_newdraft.pdf#page=8,8d697b9134573a07dd7d53a0db29c18f8fe3a5b97e026fb8221237766155c80b
2026,2024,122409,122409001,San Diego,aggravated_assault,Aggravated Assault,criminal_offenses,noncampus,4,4,reported_numeric,8,8,13,https://police.sdsu.edu/_resources/files/asr_2026_newdraft.pdf#page=8,8d697b9134573a07dd7d53a0db29c18f8fe3a5b97e026fb8221237766155c80b
2026,2024,122409,122409001,San Diego,aggravated_assault,Aggravated Assault,criminal_offenses,publicproperty,3,3,reported_numeric,8,8,13,https://police.sdsu.edu/_resources/files/asr_2026_newdraft.pdf#page=8,8d697b9134573a07dd7d53a0db29c18f8fe3a5b97e026fb8221237766155c80b
2026,2025,122409,122409001,San Diego,aggravated_assault,Aggravated Assault,criminal_offenses,residential,1,1,reported_numeric,8,8,14,https://police.sdsu.edu/_resources/files/asr_2026_newdraft.pdf#page=8,8d697b9134573a07dd7d53a0db29c18f8fe3a5b97e026fb8221237766155c80b
2026,2025,122409,122409001,San Diego,aggravated_assault,Aggravated Assault,criminal_offenses,oncampus,12,12,reported_numeric,8,8,14,https://police.sdsu.edu/_resources/files/asr_2026_newdraft.pdf#page=8,8d697b9134573a07dd7d53a0db29c18f8fe3a5b97e026fb8221237766155c80b
2026,2025,122409,122409001,San Diego,aggravated_assault,Aggravated Assault,criminal_offenses,noncampus,1,1,reported_numeric,8,8,14,https://police.sdsu.edu/_resources/files/asr_2026_newdraft.pdf#page=8,8d697b9134573a07dd7d53a0db29c18f8fe3a5b97e026fb8221237766155c80b
2026,2025,122409,122409001,San Diego,aggravated_assault,Aggravated Assault,criminal_offenses,publicproperty,4,4,reported_numeric,8,8,14,https://police.sdsu.edu/_resources/files/asr_2026_newdraft.pdf#page=8,8d697b9134573a07dd7d53a0db29c18f8fe3a5b97e026fb8221237766155c80b
2026,2023,122409,122409001,San Diego,burglary,Burglary,criminal_offenses,residential,6,6,reported_numeric,8,8,20,https://police.sdsu.edu/_resources/files/asr_2026_newdraft.pdf#page=8,8d697b9134573a07dd7d53a0db29c18f8fe3a5b97e026fb8221237766155c80b
2026,2023,122409,122409001,San Diego,burglary,Burglary,criminal_offenses,oncampus,18,18,reported_numeric,8,8,20,https://police.sdsu.edu/_resources/files/asr_2026_newdraft.pdf#page=8,8d697b9134573a07dd7d53a0db29c18f8fe3a5b97e026fb8221237766155c80b
2026,2023,122409,122409001,San Diego,burglary,Burglary,criminal_offenses,noncampus,5,5,reported_numeric,8,8,20,https://police.sdsu.edu/_resources/files/asr_2026_newdraft.pdf#page=8,8d697b9134573a07dd7d53a0db29c18f8fe3a5b97e026fb8221237766155c80b
2026,2023,122409,122409001,San Diego,burglary,Burglary,criminal_offenses,publicproperty,0,0,reported_numeric,8,8,20,https://police.sdsu.edu/_resources/files/asr_2026_newdraft.pdf#page=8,8d697b9134573a07dd7d53a0db29c18f8fe3a5b97e026fb8221237766155c80b
2026,2024,122409,122409001,San Diego,burglary,Burglary,criminal_offenses,residential,5,5,reported_numeric,8,8,21,https://police.sdsu.edu/_resources/files/asr_2026_newdraft.pdf#page=8,8d697b9134573a07dd7d53a0db29c18f8fe3a5b97e026fb8221237766155c80b
2026,2024,122409,122409001,San Diego,burglary,Burglary,criminal_offenses,oncampus,20,20,reported_numeric,8,8,21,https://police.sdsu.edu/_resources/files/asr_2026_newdraft.pdf#page=8,8d697b9134573a07dd7d53a0db29c18f8fe3a5b97e026fb8221237766155c80b
2026,2024,122409,122409001,San Diego,burglary,Burglary,criminal_offenses,noncampus,11,11,reported_numeric,8,8,21,https://police.sdsu.edu/_resources/files/asr_2026_newdraft.pdf#page=8,8d697b9134573a07dd7d53a0db29c18f8fe3a5b97e026fb8221237766155c80b
2026,2024,122409,122409001,San Diego,burglary,Burglary,criminal_offenses,publicproperty,0,0,reported_numeric,8,8,21,https://police.sdsu.edu/_resources/files/asr_2026_newdraft.pdf#page=8,8d697b9134573a07dd7d53a0db29c18f8fe3a5b97e026fb8221237766155c80b
2026,2025,122409,122409001,San Diego,burglary,Burglary,criminal_offenses,residential,8,8,reported_numeric,8,8,22,https://police.sdsu.edu/_resources/files/asr_2026_newdraft.pdf#page=8,8d697b9134573a07dd7d53a0db29c18f8fe3a5b97e026fb8221237766155c80b
2026,2025,122409,122409001,San Diego,burglary,Burglary,criminal_offenses,oncampus,11,11,reported_numeric,8,8,22,https://police.sdsu.edu/_resources/files/asr_2026_newdraft.pdf#page=8,8d697b9134573a07dd7d53a0db29c18f8fe3a5b97e026fb8221237766155c80b
2026,2025,122409,122409001,San Diego,burglary,Burglary,criminal_offenses,noncampus,3,3,reported_numeric,8,8,22,https://police.sdsu.edu/_resources/files/asr_2026_newdraft.pdf#page=8,8d697b9134573a07dd7d53a0db29c18f8fe3a5b97e026fb8221237766155c80b
2026,2025,122409,122409001,San Diego,burglary,Burglary,criminal_offenses,publicproperty,0,0,reported_numeric,8,8,22,https://police.sdsu.edu/_resources/files/asr_2026_newdraft.pdf#page=8,8d697b9134573a07dd7d53a0db29c18f8fe3a5b97e026fb8221237766155c80b
2026,2023,122409,122409001,San Diego,motor_vehicle_theft,Motor Vehicle Theft,criminal_offenses,residential,0,0,reported_numeric,8,8,28,https://police.sdsu.edu/_resources/files/asr_2026_newdraft.pdf#page=8,8d697b9134573a07dd7d53a0db29c18f8fe3a5b97e026fb8221237766155c80b
2026,2023,122409,122409001,San Diego,motor_vehicle_theft,Motor Vehicle Theft,criminal_offenses,oncampus,16,16,reported_numeric,8,8,28,https://police.sdsu.edu/_resources/files/asr_2026_newdraft.pdf#page=8,8d697b9134573a07dd7d53a0db29c18f8fe3a5b97e026fb8221237766155c80b
2026,2023,122409,122409001,San Diego,motor_vehicle_theft,Motor Vehicle Theft,criminal_offenses,noncampus,2,2,reported_numeric,8,8,28,https://police.sdsu.edu/_resources/files/asr_2026_newdraft.pdf#page=8,8d697b9134573a07dd7d53a0db29c18f8fe3a5b97e026fb8221237766155c80b
2026,2023,122409,122409001,San Diego,motor_vehicle_theft,Motor Vehicle Theft,criminal_offenses,publicproperty,0,0,reported_numeric,8,8,28,https://police.sdsu.edu/_resources/files/asr_2026_newdraft.pdf#page=8,8d697b9134573a07dd7d53a0db29c18f8fe3a5b97e026fb8221237766155c80b
2026,2024,122409,122409001,San Diego,motor_vehicle_theft,Motor Vehicle Theft,criminal_offenses,residential,0,0,reported_numeric,8,8,29,https://police.sdsu.edu/_resources/files/asr_2026_newdraft.pdf#page=8,8d697b9134573a07dd7d53a0db29c18f8fe3a5b97e026fb8221237766155c80b
2026,2024,122409,122409001,San Diego,motor_vehicle_theft,Motor Vehicle Theft,criminal_offenses,oncampus,6,6,reported_numeric,8,8,29,https://police.sdsu.edu/_resources/files/asr_2026_newdraft.pdf#page=8,8d697b9134573a07dd7d53a0db29c18f8fe3a5b97e026fb8221237766155c80b
2026,2024,122409,122409001,San Diego,motor_vehicle_theft,Motor Vehicle Theft,criminal_offenses,noncampus,0,0,reported_numeric,8,8,29,https://police.sdsu.edu/_resources/files/asr_2026_newdraft.pdf#page=8,8d697b9134573a07dd7d53a0db29c18f8fe3a5b97e026fb8221237766155c80b
2026,2024,122409,122409001,San Diego,motor_vehicle_theft,Motor Vehicle Theft,criminal_offenses,publicproperty,1,1,reported_numeric,8,8,29,https://police.sdsu.edu/_resources/files/asr_2026_newdraft.pdf#page=8,8d697b9134573a07dd7d53a0db29c18f8fe3a5b97e026fb8221237766155c80b
2026,2025,122409,122409001,San Diego,motor_vehicle_theft,Motor Vehicle Theft,criminal_offenses,residential,0,0,reported_numeric,8,8,30,https://police.sdsu.edu/_resources/files/asr_2026_newdraft.pdf#page=8,8d697b9134573a07dd7d53a0db29c18f8fe3a5b97e026fb8221237766155c80b
2026,2025,122409,122409001,San Diego,motor_vehicle_theft,Motor Vehicle Theft,criminal_offenses,oncampus,7,7,reported_numeric,8,8,30,https://police.sdsu.edu/_resources/files/asr_2026_newdraft.pdf#page=8,8d697b9134573a07dd7d53a0db29c18f8fe3a5b97e026fb8221237766155c80b
2026,2025,122409,122409001,San Diego,motor_vehicle_theft,Motor Vehicle Theft,criminal_offenses,noncampus,0,0,reported_numeric,8,8,30,https://police.sdsu.edu/_resources/files/asr_2026_newdraft.pdf#page=8,8d697b9134573a07dd7d53a0db29c18f8fe3a5b97e026fb8221237766155c80b
2026,2025,122409,122409001,San Diego,motor_vehicle_theft,Motor Vehicle Theft,criminal_offenses,publicproperty,1,1,reported_numeric,8,8,30,https://police.sdsu.edu/_resources/files/asr_2026_newdraft.pdf#page=8,8d697b9134573a07dd7d53a0db29c18f8fe3a5b97e026fb8221237766155c80b
2026,2023,122409,122409001,San Diego,arson,Arson,criminal_offenses,residential,0,0,reported_numeric,8,8,36,https://police.sdsu.edu/_resources/files/asr_2026_newdraft.pdf#page=8,8d697b9134573a07dd7d53a0db29c18f8fe3a5b97e026fb8221237766155c80b
2026,2023,122409,122409001,San Diego,arson,Arson,criminal_offenses,oncampus,1,1,reported_numeric,8,8,36,https://police.sdsu.edu/_resources/files/asr_2026_newdraft.pdf#page=8,8d697b9134573a07dd7d53a0db29c18f8fe3a5b97e026fb8221237766155c80b
2026,2023,122409,122409001,San Diego,arson,Arson,criminal_offenses,noncampus,0,0,reported_numeric,8,8,36,https://police.sdsu.edu/_resources/files/asr_2026_newdraft.pdf#page=8,8d697b9134573a07dd7d53a0db29c18f8fe3a5b97e026fb8221237766155c80b
2026,2023,122409,122409001,San Diego,arson,Arson,criminal_offenses,publicproperty,1,1,reported_numeric,8,8,36,https://police.sdsu.edu/_resources/files/asr_2026_newdraft.pdf#page=8,8d697b9134573a07dd7d53a0db29c18f8fe3a5b97e026fb8221237766155c80b
2026,2024,122409,122409001,San Diego,arson,Arson,criminal_offenses,residential,0,0,reported_numeric,8,8,37,https://police.sdsu.edu/_resources/files/asr_2026_newdraft.pdf#page=8,8d697b9134573a07dd7d53a0db29c18f8fe3a5b97e026fb8221237766155c80b
2026,2024,122409,122409001,San Diego,arson,Arson,criminal_offenses,oncampus,1,1,reported_numeric,8,8,37,https://police.sdsu.edu/_resources/files/asr_2026_newdraft.pdf#page=8,8d697b9134573a07dd7d53a0db29c18f8fe3a5b97e026fb8221237766155c80b
2026,2024,122409,122409001,San Diego,arson,Arson,criminal_offenses,noncampus,0,0,reported_numeric,8,8,37,https://police.sdsu.edu/_resources/files/asr_2026_newdraft.pdf#page=8,8d697b9134573a07dd7d53a0db29c18f8fe3a5b97e026fb8221237766155c80b
2026,2024,122409,122409001,San Diego,arson,Arson,criminal_offenses,publicproperty,0,0,reported_numeric,8,8,37,https://police.sdsu.edu/_resources/files/asr_2026_newdraft.pdf#page=8,8d697b9134573a07dd7d53a0db29c18f8fe3a5b97e026fb8221237766155c80b
2026,2025,122409,122409001,San Diego,arson,Arson,criminal_offenses,residential,0,0,reported_numeric,8,8,38,https://police.sdsu.edu/_resources/files/asr_2026_newdraft.pdf#page=8,8d697b9134573a07dd7d53a0db29c18f8fe3a5b97e026fb8221237766155c80b
2026,2025,122409,122409001,San Diego,arson,Arson,criminal_offenses,oncampus,1,1,reported_numeric,8,8,38,https://police.sdsu.edu/_resources/files/asr_2026_newdraft.pdf#page=8,8d697b9134573a07dd7d53a0db29c18f8fe3a5b97e026fb8221237766155c80b
2026,2025,122409,122409001,San Diego,arson,Arson,criminal_offenses,noncampus,0,0,reported_numeric,8,8,38,https://police.sdsu.edu/_resources/files/asr_2026_newdraft.pdf#page=8,8d697b9134573a07dd7d53a0db29c18f8fe3a5b97e026fb8221237766155c80b
2026,2025,122409,122409001,San Diego,arson,Arson,criminal_offenses,publicproperty,1,1,reported_numeric,8,8,38,https://police.sdsu.edu/_resources/files/asr_2026_newdraft.pdf#page=8,8d697b9134573a07dd7d53a0db29c18f8fe3a5b97e026fb8221237766155c80b
2026,2023,122409,122409001,San Diego,domestic_violence,Domestic Violence,vawa,residential,0,0,reported_numeric,8,8,44,https://police.sdsu.edu/_resources/files/asr_2026_newdraft.pdf#page=8,8d697b9134573a07dd7d53a0db29c18f8fe3a5b97e026fb8221237766155c80b
2026,2023,122409,122409001,San Diego,domestic_violence,Domestic Violence,vawa,oncampus,2,2,reported_numeric,8,8,44,https://police.sdsu.edu/_resources/files/asr_2026_newdraft.pdf#page=8,8d697b9134573a07dd7d53a0db29c18f8fe3a5b97e026fb8221237766155c80b
2026,2023,122409,122409001,San Diego,domestic_violence,Domestic Violence,vawa,noncampus,0,0,reported_numeric,8,8,44,https://police.sdsu.edu/_resources/files/asr_2026_newdraft.pdf#page=8,8d697b9134573a07dd7d53a0db29c18f8fe3a5b97e026fb8221237766155c80b
2026,2023,122409,122409001,San Diego,domestic_violence,Domestic Violence,vawa,publicproperty,0,0,reported_numeric,8,8,44,https://police.sdsu.edu/_resources/files/asr_2026_newdraft.pdf#page=8,8d697b9134573a07dd7d53a0db29c18f8fe3a5b97e026fb8221237766155c80b
2026,2024,122409,122409001,San Diego,domestic_violence,Domestic Violence,vawa,residential,3,3,reported_numeric,8,8,45,https://police.sdsu.edu/_resources/files/asr_2026_newdraft.pdf#page=8,8d697b9134573a07dd7d53a0db29c18f8fe3a5b97e026fb8221237766155c80b
2026,2024,122409,122409001,San Diego,domestic_violence,Domestic Violence,vawa,oncampus,10,10,reported_numeric,8,8,45,https://police.sdsu.edu/_resources/files/asr_2026_newdraft.pdf#page=8,8d697b9134573a07dd7d53a0db29c18f8fe3a5b97e026fb8221237766155c80b
2026,2024,122409,122409001,San Diego,domestic_violence,Domestic Violence,vawa,noncampus,1,1,reported_numeric,8,8,45,https://police.sdsu.edu/_resources/files/asr_2026_newdraft.pdf#page=8,8d697b9134573a07dd7d53a0db29c18f8fe3a5b97e026fb8221237766155c80b
2026,2024,122409,122409001,San Diego,domestic_violence,Domestic Violence,vawa,publicproperty,0,0,reported_numeric,8,8,45,https://police.sdsu.edu/_resources/files/asr_2026_newdraft.pdf#page=8,8d697b9134573a07dd7d53a0db29c18f8fe3a5b97e026fb8221237766155c80b
2026,2025,122409,122409001,San Diego,domestic_violence,Domestic Violence,vawa,residential,5,5,reported_numeric,8,8,46,https://police.sdsu.edu/_resources/files/asr_2026_newdraft.pdf#page=8,8d697b9134573a07dd7d53a0db29c18f8fe3a5b97e026fb8221237766155c80b
2026,2025,122409,122409001,San Diego,domestic_violence,Domestic Violence,vawa,oncampus,11,11,reported_numeric,8,8,46,https://police.sdsu.edu/_resources/files/asr_2026_newdraft.pdf#page=8,8d697b9134573a07dd7d53a0db29c18f8fe3a5b97e026fb8221237766155c80b
2026,2025,122409,122409001,San Diego,domestic_violence,Domestic Violence,vawa,noncampus,1,1,reported_numeric,8,8,46,https://police.sdsu.edu/_resources/files/asr_2026_newdraft.pdf#page=8,8d697b9134573a07dd7d53a0db29c18f8fe3a5b97e026fb8221237766155c80b
2026,2025,122409,122409001,San Diego,domestic_violence,Domestic Violence,vawa,publicproperty,1,1,reported_numeric,8,8,46,https://police.sdsu.edu/_resources/files/asr_2026_newdraft.pdf#page=8,8d697b9134573a07dd7d53a0db29c18f8fe3a5b97e026fb8221237766155c80b
2026,2023,122409,122409001,San Diego,dating_violence,Dating Violence,vawa,residential,0,0,reported_numeric,9,9,4,https://police.sdsu.edu/_resources/files/asr_2026_newdraft.pdf#page=9,8d697b9134573a07dd7d53a0db29c18f8fe3a5b97e026fb8221237766155c80b
2026,2023,122409,122409001,San Diego,dating_violence,Dating Violence,vawa,oncampus,0,0,reported_numeric,9,9,4,https://police.sdsu.edu/_resources/files/asr_2026_newdraft.pdf#page=9,8d697b9134573a07dd7d53a0db29c18f8fe3a5b97e026fb8221237766155c80b
2026,2023,122409,122409001,San Diego,dating_violence,Dating Violence,vawa,noncampus,0,0,reported_numeric,9,9,4,https://police.sdsu.edu/_resources/files/asr_2026_newdraft.pdf#page=9,8d697b9134573a07dd7d53a0db29c18f8fe3a5b97e026fb8221237766155c80b
2026,2023,122409,122409001,San Diego,dating_violence,Dating Violence,vawa,publicproperty,0,0,reported_numeric,9,9,4,https://police.sdsu.edu/_resources/files/asr_2026_newdraft.pdf#page=9,8d697b9134573a07dd7d53a0db29c18f8fe3a5b97e026fb8221237766155c80b
2026,2024,122409,122409001,San Diego,dating_violence,Dating Violence,vawa,residential,0,0,reported_numeric,9,9,5,https://police.sdsu.edu/_resources/files/asr_2026_newdraft.pdf#page=9,8d697b9134573a07dd7d53a0db29c18f8fe3a5b97e026fb8221237766155c80b
2026,2024,122409,122409001,San Diego,dating_violence,Dating Violence,vawa,oncampus,0,0,reported_numeric,9,9,5,https://police.sdsu.edu/_resources/files/asr_2026_newdraft.pdf#page=9,8d697b9134573a07dd7d53a0db29c18f8fe3a5b97e026fb8221237766155c80b
2026,2024,122409,122409001,San Diego,dating_violence,Dating Violence,vawa,noncampus,0,0,reported_numeric,9,9,5,https://police.sdsu.edu/_resources/files/asr_2026_newdraft.pdf#page=9,8d697b9134573a07dd7d53a0db29c18f8fe3a5b97e026fb8221237766155c80b
2026,2024,122409,122409001,San Diego,dating_violence,Dating Violence,vawa,publicproperty,0,0,reported_numeric,9,9,5,https://police.sdsu.edu/_resources/files/asr_2026_newdraft.pdf#page=9,8d697b9134573a07dd7d53a0db29c18f8fe3a5b97e026fb8221237766155c80b
2026,2025,122409,122409001,San Diego,dating_violence,Dating Violence,vawa,residential,0,0,reported_numeric,9,9,6,https://police.sdsu.edu/_resources/files/asr_2026_newdraft.pdf#page=9,8d697b9134573a07dd7d53a0db29c18f8fe3a5b97e026fb8221237766155c80b
2026,2025,122409,122409001,San Diego,dating_violence,Dating Violence,vawa,oncampus,0,0,reported_numeric,9,9,6,https://police.sdsu.edu/_resources/files/asr_2026_newdraft.pdf#page=9,8d697b9134573a07dd7d53a0db29c18f8fe3a5b97e026fb8221237766155c80b
2026,2025,122409,122409001,San Diego,dating_violence,Dating Violence,vawa,noncampus,0,0,reported_numeric,9,9,6,https://police.sdsu.edu/_resources/files/asr_2026_newdraft.pdf#page=9,8d697b9134573a07dd7d53a0db29c18f8fe3a5b97e026fb8221237766155c80b
2026,2025,122409,122409001,San Diego,dating_violence,Dating Violence,vawa,publicproperty,0,0,reported_numeric,9,9,6,https://police.sdsu.edu/_resources/files/asr_2026_newdraft.pdf#page=9,8d697b9134573a07dd7d53a0db29c18f8fe3a5b97e026fb8221237766155c80b
2026,2023,122409,122409001,San Diego,stalking,Stalking,vawa,residential,1,1,reported_numeric,9,9,12,https://police.sdsu.edu/_resources/files/asr_2026_newdraft.pdf#page=9,8d697b9134573a07dd7d53a0db29c18f8fe3a5b97e026fb8221237766155c80b
2026,2023,122409,122409001,San Diego,stalking,Stalking,vawa,oncampus,2,2,reported_numeric,9,9,12,https://police.sdsu.edu/_resources/files/asr_2026_newdraft.pdf#page=9,8d697b9134573a07dd7d53a0db29c18f8fe3a5b97e026fb8221237766155c80b
2026,2023,122409,122409001,San Diego,stalking,Stalking,vawa,noncampus,0,0,reported_numeric,9,9,12,https://police.sdsu.edu/_resources/files/asr_2026_newdraft.pdf#page=9,8d697b9134573a07dd7d53a0db29c18f8fe3a5b97e026fb8221237766155c80b
2026,2023,122409,122409001,San Diego,stalking,Stalking,vawa,publicproperty,0,0,reported_numeric,9,9,12,https://police.sdsu.edu/_resources/files/asr_2026_newdraft.pdf#page=9,8d697b9134573a07dd7d53a0db29c18f8fe3a5b97e026fb8221237766155c80b
2026,2024,122409,122409001,San Diego,stalking,Stalking,vawa,residential,0,0,reported_numeric,9,9,13,https://police.sdsu.edu/_resources/files/asr_2026_newdraft.pdf#page=9,8d697b9134573a07dd7d53a0db29c18f8fe3a5b97e026fb8221237766155c80b
2026,2024,122409,122409001,San Diego,stalking,Stalking,vawa,oncampus,0,0,reported_numeric,9,9,13,https://police.sdsu.edu/_resources/files/asr_2026_newdraft.pdf#page=9,8d697b9134573a07dd7d53a0db29c18f8fe3a5b97e026fb8221237766155c80b
2026,2024,122409,122409001,San Diego,stalking,Stalking,vawa,noncampus,0,0,reported_numeric,9,9,13,https://police.sdsu.edu/_resources/files/asr_2026_newdraft.pdf#page=9,8d697b9134573a07dd7d53a0db29c18f8fe3a5b97e026fb8221237766155c80b
2026,2024,122409,122409001,San Diego,stalking,Stalking,vawa,publicproperty,0,0,reported_numeric,9,9,13,https://police.sdsu.edu/_resources/files/asr_2026_newdraft.pdf#page=9,8d697b9134573a07dd7d53a0db29c18f8fe3a5b97e026fb8221237766155c80b
2026,2025,122409,122409001,San Diego,stalking,Stalking,vawa,residential,0,0,reported_numeric,9,9,14,https://police.sdsu.edu/_resources/files/asr_2026_newdraft.pdf#page=9,8d697b9134573a07dd7d53a0db29c18f8fe3a5b97e026fb8221237766155c80b
2026,2025,122409,122409001,San Diego,stalking,Stalking,vawa,oncampus,1,1,reported_numeric,9,9,14,https://police.sdsu.edu/_resources/files/asr_2026_newdraft.pdf#page=9,8d697b9134573a07dd7d53a0db29c18f8fe3a5b97e026fb8221237766155c80b
2026,2025,122409,122409001,San Diego,stalking,Stalking,vawa,noncampus,0,0,reported_numeric,9,9,14,https://police.sdsu.edu/_resources/files/asr_2026_newdraft.pdf#page=9,8d697b9134573a07dd7d53a0db29c18f8fe3a5b97e026fb8221237766155c80b
2026,2025,122409,122409001,San Diego,stalking,Stalking,vawa,publicproperty,0,0,reported_numeric,9,9,14,https://police.sdsu.edu/_resources/files/asr_2026_newdraft.pdf#page=9,8d697b9134573a07dd7d53a0db29c18f8fe3a5b97e026fb8221237766155c80b
2026,2023,122409,122409002,Imperial Valley,murder,Murder/Nonnegligent Manslaughter,criminal_offenses,residential,0,0,reported_numeric,12,12,6,https://police.sdsu.edu/_resources/files/asr_2026_newdraft.pdf#page=12,8d697b9134573a07dd7d53a0db29c18f8fe3a5b97e026fb8221237766155c80b
2026,2023,122409,122409002,Imperial Valley,murder,Murder/Nonnegligent Manslaughter,criminal_offenses,oncampus,0,0,reported_numeric,12,12,6,https://police.sdsu.edu/_resources/files/asr_2026_newdraft.pdf#page=12,8d697b9134573a07dd7d53a0db29c18f8fe3a5b97e026fb8221237766155c80b
2026,2023,122409,122409002,Imperial Valley,murder,Murder/Nonnegligent Manslaughter,criminal_offenses,noncampus,0,0,reported_numeric,12,12,6,https://police.sdsu.edu/_resources/files/asr_2026_newdraft.pdf#page=12,8d697b9134573a07dd7d53a0db29c18f8fe3a5b97e026fb8221237766155c80b
2026,2023,122409,122409002,Imperial Valley,murder,Murder/Nonnegligent Manslaughter,criminal_offenses,publicproperty,0,0,reported_numeric,12,12,6,https://police.sdsu.edu/_resources/files/asr_2026_newdraft.pdf#page=12,8d697b9134573a07dd7d53a0db29c18f8fe3a5b97e026fb8221237766155c80b
2026,2024,122409,122409002,Imperial Valley,murder,Murder/Nonnegligent Manslaughter,criminal_offenses,residential,0,0,reported_numeric,12,12,7,https://police.sdsu.edu/_resources/files/asr_2026_newdraft.pdf#page=12,8d697b9134573a07dd7d53a0db29c18f8fe3a5b97e026fb8221237766155c80b
2026,2024,122409,122409002,Imperial Valley,murder,Murder/Nonnegligent Manslaughter,criminal_offenses,oncampus,0,0,reported_numeric,12,12,7,https://police.sdsu.edu/_resources/files/asr_2026_newdraft.pdf#page=12,8d697b9134573a07dd7d53a0db29c18f8fe3a5b97e026fb8221237766155c80b
2026,2024,122409,122409002,Imperial Valley,murder,Murder/Nonnegligent Manslaughter,criminal_offenses,noncampus,0,0,reported_numeric,12,12,7,https://police.sdsu.edu/_resources/files/asr_2026_newdraft.pdf#page=12,8d697b9134573a07dd7d53a0db29c18f8fe3a5b97e026fb8221237766155c80b
2026,2024,122409,122409002,Imperial Valley,murder,Murder/Nonnegligent Manslaughter,criminal_offenses,publicproperty,0,0,reported_numeric,12,12,7,https://police.sdsu.edu/_resources/files/asr_2026_newdraft.pdf#page=12,8d697b9134573a07dd7d53a0db29c18f8fe3a5b97e026fb8221237766155c80b
2026,2025,122409,122409002,Imperial Valley,murder,Murder/Nonnegligent Manslaughter,criminal_offenses,residential,0,0,reported_numeric,12,12,8,https://police.sdsu.edu/_resources/files/asr_2026_newdraft.pdf#page=12,8d697b9134573a07dd7d53a0db29c18f8fe3a5b97e026fb8221237766155c80b
2026,2025,122409,122409002,Imperial Valley,murder,Murder/Nonnegligent Manslaughter,criminal_offenses,oncampus,0,0,reported_numeric,12,12,8,https://police.sdsu.edu/_resources/files/asr_2026_newdraft.pdf#page=12,8d697b9134573a07dd7d53a0db29c18f8fe3a5b97e026fb8221237766155c80b
2026,2025,122409,122409002,Imperial Valley,murder,Murder/Nonnegligent Manslaughter,criminal_offenses,noncampus,0,0,reported_numeric,12,12,8,https://police.sdsu.edu/_resources/files/asr_2026_newdraft.pdf#page=12,8d697b9134573a07dd7d53a0db29c18f8fe3a5b97e026fb8221237766155c80b
2026,2025,122409,122409002,Imperial Valley,murder,Murder/Nonnegligent Manslaughter,criminal_offenses,publicproperty,0,0,reported_numeric,12,12,8,https://police.sdsu.edu/_resources/files/asr_2026_newdraft.pdf#page=12,8d697b9134573a07dd7d53a0db29c18f8fe3a5b97e026fb8221237766155c80b
2026,2023,122409,122409002,Imperial Valley,negligent_manslaughter,Negligent Manslaughter,criminal_offenses,residential,0,0,reported_numeric,12,12,13,https://police.sdsu.edu/_resources/files/asr_2026_newdraft.pdf#page=12,8d697b9134573a07dd7d53a0db29c18f8fe3a5b97e026fb8221237766155c80b
2026,2023,122409,122409002,Imperial Valley,negligent_manslaughter,Negligent Manslaughter,criminal_offenses,oncampus,0,0,reported_numeric,12,12,13,https://police.sdsu.edu/_resources/files/asr_2026_newdraft.pdf#page=12,8d697b9134573a07dd7d53a0db29c18f8fe3a5b97e026fb8221237766155c80b
2026,2023,122409,122409002,Imperial Valley,negligent_manslaughter,Negligent Manslaughter,criminal_offenses,noncampus,0,0,reported_numeric,12,12,13,https://police.sdsu.edu/_resources/files/asr_2026_newdraft.pdf#page=12,8d697b9134573a07dd7d53a0db29c18f8fe3a5b97e026fb8221237766155c80b
2026,2023,122409,122409002,Imperial Valley,negligent_manslaughter,Negligent Manslaughter,criminal_offenses,publicproperty,0,0,reported_numeric,12,12,13,https://police.sdsu.edu/_resources/files/asr_2026_newdraft.pdf#page=12,8d697b9134573a07dd7d53a0db29c18f8fe3a5b97e026fb8221237766155c80b
2026,2024,122409,122409002,Imperial Valley,negligent_manslaughter,Negligent Manslaughter,criminal_offenses,residential,0,0,reported_numeric,12,12,14,https://police.sdsu.edu/_resources/files/asr_2026_newdraft.pdf#page=12,8d697b9134573a07dd7d53a0db29c18f8fe3a5b97e026fb8221237766155c80b
2026,2024,122409,122409002,Imperial Valley,negligent_manslaughter,Negligent Manslaughter,criminal_offenses,oncampus,0,0,reported_numeric,12,12,14,https://police.sdsu.edu/_resources/files/asr_2026_newdraft.pdf#page=12,8d697b9134573a07dd7d53a0db29c18f8fe3a5b97e026fb8221237766155c80b
2026,2024,122409,122409002,Imperial Valley,negligent_manslaughter,Negligent Manslaughter,criminal_offenses,noncampus,0,0,reported_numeric,12,12,14,https://police.sdsu.edu/_resources/files/asr_2026_newdraft.pdf#page=12,8d697b9134573a07dd7d53a0db29c18f8fe3a5b97e026fb8221237766155c80b
2026,2024,122409,122409002,Imperial Valley,negligent_manslaughter,Negligent Manslaughter,criminal_offenses,publicproperty,0,0,reported_numeric,12,12,14,https://police.sdsu.edu/_resources/files/asr_2026_newdraft.pdf#page=12,8d697b9134573a07dd7d53a0db29c18f8fe3a5b97e026fb8221237766155c80b
2026,2025,122409,122409002,Imperial Valley,negligent_manslaughter,Negligent Manslaughter,criminal_offenses,residential,0,0,reported_numeric,12,12,15,https://police.sdsu.edu/_resources/files/asr_2026_newdraft.pdf#page=12,8d697b9134573a07dd7d53a0db29c18f8fe3a5b97e026fb8221237766155c80b
2026,2025,122409,122409002,Imperial Valley,negligent_manslaughter,Negligent Manslaughter,criminal_offenses,oncampus,0,0,reported_numeric,12,12,15,https://police.sdsu.edu/_resources/files/asr_2026_newdraft.pdf#page=12,8d697b9134573a07dd7d53a0db29c18f8fe3a5b97e026fb8221237766155c80b
2026,2025,122409,122409002,Imperial Valley,negligent_manslaughter,Negligent Manslaughter,criminal_offenses,noncampus,0,0,reported_numeric,12,12,15,https://police.sdsu.edu/_resources/files/asr_2026_newdraft.pdf#page=12,8d697b9134573a07dd7d53a0db29c18f8fe3a5b97e026fb8221237766155c80b
2026,2025,122409,122409002,Imperial Valley,negligent_manslaughter,Negligent Manslaughter,criminal_offenses,publicproperty,0,0,reported_numeric,12,12,15,https://police.sdsu.edu/_resources/files/asr_2026_newdraft.pdf#page=12,8d697b9134573a07dd7d53a0db29c18f8fe3a5b97e026fb8221237766155c80b
2026,2023,122409,122409002,Imperial Valley,rape,Rape,criminal_offenses,residential,0,0,reported_numeric,12,12,20,https://police.sdsu.edu/_resources/files/asr_2026_newdraft.pdf#page=12,8d697b9134573a07dd7d53a0db29c18f8fe3a5b97e026fb8221237766155c80b
2026,2023,122409,122409002,Imperial Valley,rape,Rape,criminal_offenses,oncampus,0,0,reported_numeric,12,12,20,https://police.sdsu.edu/_resources/files/asr_2026_newdraft.pdf#page=12,8d697b9134573a07dd7d53a0db29c18f8fe3a5b97e026fb8221237766155c80b
2026,2023,122409,122409002,Imperial Valley,rape,Rape,criminal_offenses,noncampus,0,0,reported_numeric,12,12,20,https://police.sdsu.edu/_resources/files/asr_2026_newdraft.pdf#page=12,8d697b9134573a07dd7d53a0db29c18f8fe3a5b97e026fb8221237766155c80b
2026,2023,122409,122409002,Imperial Valley,rape,Rape,criminal_offenses,publicproperty,0,0,reported_numeric,12,12,20,https://police.sdsu.edu/_resources/files/asr_2026_newdraft.pdf#page=12,8d697b9134573a07dd7d53a0db29c18f8fe3a5b97e026fb8221237766155c80b
2026,2024,122409,122409002,Imperial Valley,rape,Rape,criminal_offenses,residential,0,0,reported_numeric,12,12,21,https://police.sdsu.edu/_resources/files/asr_2026_newdraft.pdf#page=12,8d697b9134573a07dd7d53a0db29c18f8fe3a5b97e026fb8221237766155c80b
2026,2024,122409,122409002,Imperial Valley,rape,Rape,criminal_offenses,oncampus,0,0,reported_numeric,12,12,21,https://police.sdsu.edu/_resources/files/asr_2026_newdraft.pdf#page=12,8d697b9134573a07dd7d53a0db29c18f8fe3a5b97e026fb8221237766155c80b
2026,2024,122409,122409002,Imperial Valley,rape,Rape,criminal_offenses,noncampus,0,0,reported_numeric,12,12,21,https://police.sdsu.edu/_resources/files/asr_2026_newdraft.pdf#page=12,8d697b9134573a07dd7d53a0db29c18f8fe3a5b97e026fb8221237766155c80b
2026,2024,122409,122409002,Imperial Valley,rape,Rape,criminal_offenses,publicproperty,0,0,reported_numeric,12,12,21,https://police.sdsu.edu/_resources/files/asr_2026_newdraft.pdf#page=12,8d697b9134573a07dd7d53a0db29c18f8fe3a5b97e026fb8221237766155c80b
2026,2025,122409,122409002,Imperial Valley,rape,Rape,criminal_offenses,residential,0,0,reported_numeric,12,12,22,https://police.sdsu.edu/_resources/files/asr_2026_newdraft.pdf#page=12,8d697b9134573a07dd7d53a0db29c18f8fe3a5b97e026fb8221237766155c80b
2026,2025,122409,122409002,Imperial Valley,rape,Rape,criminal_offenses,oncampus,0,0,reported_numeric,12,12,22,https://police.sdsu.edu/_resources/files/asr_2026_newdraft.pdf#page=12,8d697b9134573a07dd7d53a0db29c18f8fe3a5b97e026fb8221237766155c80b
2026,2025,122409,122409002,Imperial Valley,rape,Rape,criminal_offenses,noncampus,0,0,reported_numeric,12,12,22,https://police.sdsu.edu/_resources/files/asr_2026_newdraft.pdf#page=12,8d697b9134573a07dd7d53a0db29c18f8fe3a5b97e026fb8221237766155c80b
2026,2025,122409,122409002,Imperial Valley,rape,Rape,criminal_offenses,publicproperty,0,0,reported_numeric,12,12,22,https://police.sdsu.edu/_resources/files/asr_2026_newdraft.pdf#page=12,8d697b9134573a07dd7d53a0db29c18f8fe3a5b97e026fb8221237766155c80b
2026,2023,122409,122409002,Imperial Valley,fondling,Fondling,criminal_offenses,residential,0,0,reported_numeric,12,12,28,https://police.sdsu.edu/_resources/files/asr_2026_newdraft.pdf#page=12,8d697b9134573a07dd7d53a0db29c18f8fe3a5b97e026fb8221237766155c80b
2026,2023,122409,122409002,Imperial Valley,fondling,Fondling,criminal_offenses,oncampus,0,0,reported_numeric,12,12,28,https://police.sdsu.edu/_resources/files/asr_2026_newdraft.pdf#page=12,8d697b9134573a07dd7d53a0db29c18f8fe3a5b97e026fb8221237766155c80b
2026,2023,122409,122409002,Imperial Valley,fondling,Fondling,criminal_offenses,noncampus,0,0,reported_numeric,12,12,28,https://police.sdsu.edu/_resources/files/asr_2026_newdraft.pdf#page=12,8d697b9134573a07dd7d53a0db29c18f8fe3a5b97e026fb8221237766155c80b
2026,2023,122409,122409002,Imperial Valley,fondling,Fondling,criminal_offenses,publicproperty,0,0,reported_numeric,12,12,28,https://police.sdsu.edu/_resources/files/asr_2026_newdraft.pdf#page=12,8d697b9134573a07dd7d53a0db29c18f8fe3a5b97e026fb8221237766155c80b
2026,2024,122409,122409002,Imperial Valley,fondling,Fondling,criminal_offenses,residential,0,0,reported_numeric,12,12,29,https://police.sdsu.edu/_resources/files/asr_2026_newdraft.pdf#page=12,8d697b9134573a07dd7d53a0db29c18f8fe3a5b97e026fb8221237766155c80b
2026,2024,122409,122409002,Imperial Valley,fondling,Fondling,criminal_offenses,oncampus,0,0,reported_numeric,12,12,29,https://police.sdsu.edu/_resources/files/asr_2026_newdraft.pdf#page=12,8d697b9134573a07dd7d53a0db29c18f8fe3a5b97e026fb8221237766155c80b
2026,2024,122409,122409002,Imperial Valley,fondling,Fondling,criminal_offenses,noncampus,0,0,reported_numeric,12,12,29,https://police.sdsu.edu/_resources/files/asr_2026_newdraft.pdf#page=12,8d697b9134573a07dd7d53a0db29c18f8fe3a5b97e026fb8221237766155c80b
2026,2024,122409,122409002,Imperial Valley,fondling,Fondling,criminal_offenses,publicproperty,0,0,reported_numeric,12,12,29,https://police.sdsu.edu/_resources/files/asr_2026_newdraft.pdf#page=12,8d697b9134573a07dd7d53a0db29c18f8fe3a5b97e026fb8221237766155c80b
2026,2025,122409,122409002,Imperial Valley,fondling,Fondling,criminal_offenses,residential,0,0,reported_numeric,12,12,30,https://police.sdsu.edu/_resources/files/asr_2026_newdraft.pdf#page=12,8d697b9134573a07dd7d53a0db29c18f8fe3a5b97e026fb8221237766155c80b
2026,2025,122409,122409002,Imperial Valley,fondling,Fondling,criminal_offenses,oncampus,0,0,reported_numeric,12,12,30,https://police.sdsu.edu/_resources/files/asr_2026_newdraft.pdf#page=12,8d697b9134573a07dd7d53a0db29c18f8fe3a5b97e026fb8221237766155c80b
2026,2025,122409,122409002,Imperial Valley,fondling,Fondling,criminal_offenses,noncampus,0,0,reported_numeric,12,12,30,https://police.sdsu.edu/_resources/files/asr_2026_newdraft.pdf#page=12,8d697b9134573a07dd7d53a0db29c18f8fe3a5b97e026fb8221237766155c80b
2026,2025,122409,122409002,Imperial Valley,fondling,Fondling,criminal_offenses,publicproperty,0,0,reported_numeric,12,12,30,https://police.sdsu.edu/_resources/files/asr_2026_newdraft.pdf#page=12,8d697b9134573a07dd7d53a0db29c18f8fe3a5b97e026fb8221237766155c80b
2026,2023,122409,122409002,Imperial Valley,incest,Incest,criminal_offenses,residential,0,0,reported_numeric,12,12,36,https://police.sdsu.edu/_resources/files/asr_2026_newdraft.pdf#page=12,8d697b9134573a07dd7d53a0db29c18f8fe3a5b97e026fb8221237766155c80b
2026,2023,122409,122409002,Imperial Valley,incest,Incest,criminal_offenses,oncampus,0,0,reported_numeric,12,12,36,https://police.sdsu.edu/_resources/files/asr_2026_newdraft.pdf#page=12,8d697b9134573a07dd7d53a0db29c18f8fe3a5b97e026fb8221237766155c80b
2026,2023,122409,122409002,Imperial Valley,incest,Incest,criminal_offenses,noncampus,0,0,reported_numeric,12,12,36,https://police.sdsu.edu/_resources/files/asr_2026_newdraft.pdf#page=12,8d697b9134573a07dd7d53a0db29c18f8fe3a5b97e026fb8221237766155c80b
2026,2023,122409,122409002,Imperial Valley,incest,Incest,criminal_offenses,publicproperty,0,0,reported_numeric,12,12,36,https://police.sdsu.edu/_resources/files/asr_2026_newdraft.pdf#page=12,8d697b9134573a07dd7d53a0db29c18f8fe3a5b97e026fb8221237766155c80b
2026,2024,122409,122409002,Imperial Valley,incest,Incest,criminal_offenses,residential,0,0,reported_numeric,12,12,37,https://police.sdsu.edu/_resources/files/asr_2026_newdraft.pdf#page=12,8d697b9134573a07dd7d53a0db29c18f8fe3a5b97e026fb8221237766155c80b
2026,2024,122409,122409002,Imperial Valley,incest,Incest,criminal_offenses,oncampus,0,0,reported_numeric,12,12,37,https://police.sdsu.edu/_resources/files/asr_2026_newdraft.pdf#page=12,8d697b9134573a07dd7d53a0db29c18f8fe3a5b97e026fb8221237766155c80b
2026,2024,122409,122409002,Imperial Valley,incest,Incest,criminal_offenses,noncampus,0,0,reported_numeric,12,12,37,https://police.sdsu.edu/_resources/files/asr_2026_newdraft.pdf#page=12,8d697b9134573a07dd7d53a0db29c18f8fe3a5b97e026fb8221237766155c80b
2026,2024,122409,122409002,Imperial Valley,incest,Incest,criminal_offenses,publicproperty,0,0,reported_numeric,12,12,37,https://police.sdsu.edu/_resources/files/asr_2026_newdraft.pdf#page=12,8d697b9134573a07dd7d53a0db29c18f8fe3a5b97e026fb8221237766155c80b
2026,2025,122409,122409002,Imperial Valley,incest,Incest,criminal_offenses,residential,0,0,reported_numeric,12,12,38,https://police.sdsu.edu/_resources/files/asr_2026_newdraft.pdf#page=12,8d697b9134573a07dd7d53a0db29c18f8fe3a5b97e026fb8221237766155c80b
2026,2025,122409,122409002,Imperial Valley,incest,Incest,criminal_offenses,oncampus,0,0,reported_numeric,12,12,38,https://police.sdsu.edu/_resources/files/asr_2026_newdraft.pdf#page=12,8d697b9134573a07dd7d53a0db29c18f8fe3a5b97e026fb8221237766155c80b
2026,2025,122409,122409002,Imperial Valley,incest,Incest,criminal_offenses,noncampus,0,0,reported_numeric,12,12,38,https://police.sdsu.edu/_resources/files/asr_2026_newdraft.pdf#page=12,8d697b9134573a07dd7d53a0db29c18f8fe3a5b97e026fb8221237766155c80b
2026,2025,122409,122409002,Imperial Valley,incest,Incest,criminal_offenses,publicproperty,0,0,reported_numeric,12,12,38,https://police.sdsu.edu/_resources/files/asr_2026_newdraft.pdf#page=12,8d697b9134573a07dd7d53a0db29c18f8fe3a5b97e026fb8221237766155c80b
2026,2023,122409,122409002,Imperial Valley,statutory_rape,Statutory Rape,criminal_offenses,residential,0,0,reported_numeric,12,12,44,https://police.sdsu.edu/_resources/files/asr_2026_newdraft.pdf#page=12,8d697b9134573a07dd7d53a0db29c18f8fe3a5b97e026fb8221237766155c80b
2026,2023,122409,122409002,Imperial Valley,statutory_rape,Statutory Rape,criminal_offenses,oncampus,0,0,reported_numeric,12,12,44,https://police.sdsu.edu/_resources/files/asr_2026_newdraft.pdf#page=12,8d697b9134573a07dd7d53a0db29c18f8fe3a5b97e026fb8221237766155c80b
2026,2023,122409,122409002,Imperial Valley,statutory_rape,Statutory Rape,criminal_offenses,noncampus,0,0,reported_numeric,12,12,44,https://police.sdsu.edu/_resources/files/asr_2026_newdraft.pdf#page=12,8d697b9134573a07dd7d53a0db29c18f8fe3a5b97e026fb8221237766155c80b
2026,2023,122409,122409002,Imperial Valley,statutory_rape,Statutory Rape,criminal_offenses,publicproperty,0,0,reported_numeric,12,12,44,https://police.sdsu.edu/_resources/files/asr_2026_newdraft.pdf#page=12,8d697b9134573a07dd7d53a0db29c18f8fe3a5b97e026fb8221237766155c80b
2026,2024,122409,122409002,Imperial Valley,statutory_rape,Statutory Rape,criminal_offenses,residential,0,0,reported_numeric,12,12,45,https://police.sdsu.edu/_resources/files/asr_2026_newdraft.pdf#page=12,8d697b9134573a07dd7d53a0db29c18f8fe3a5b97e026fb8221237766155c80b
2026,2024,122409,122409002,Imperial Valley,statutory_rape,Statutory Rape,criminal_offenses,oncampus,0,0,reported_numeric,12,12,45,https://police.sdsu.edu/_resources/files/asr_2026_newdraft.pdf#page=12,8d697b9134573a07dd7d53a0db29c18f8fe3a5b97e026fb8221237766155c80b
2026,2024,122409,122409002,Imperial Valley,statutory_rape,Statutory Rape,criminal_offenses,noncampus,0,0,reported_numeric,12,12,45,https://police.sdsu.edu/_resources/files/asr_2026_newdraft.pdf#page=12,8d697b9134573a07dd7d53a0db29c18f8fe3a5b97e026fb8221237766155c80b
2026,2024,122409,122409002,Imperial Valley,statutory_rape,Statutory Rape,criminal_offenses,publicproperty,0,0,reported_numeric,12,12,45,https://police.sdsu.edu/_resources/files/asr_2026_newdraft.pdf#page=12,8d697b9134573a07dd7d53a0db29c18f8fe3a5b97e026fb8221237766155c80b
2026,2025,122409,122409002,Imperial Valley,statutory_rape,Statutory Rape,criminal_offenses,residential,0,0,reported_numeric,12,12,46,https://police.sdsu.edu/_resources/files/asr_2026_newdraft.pdf#page=12,8d697b9134573a07dd7d53a0db29c18f8fe3a5b97e026fb8221237766155c80b
2026,2025,122409,122409002,Imperial Valley,statutory_rape,Statutory Rape,criminal_offenses,oncampus,0,0,reported_numeric,12,12,46,https://police.sdsu.edu/_resources/files/asr_2026_newdraft.pdf#page=12,8d697b9134573a07dd7d53a0db29c18f8fe3a5b97e026fb8221237766155c80b
2026,2025,122409,122409002,Imperial Valley,statutory_rape,Statutory Rape,criminal_offenses,noncampus,0,0,reported_numeric,12,12,46,https://police.sdsu.edu/_resources/files/asr_2026_newdraft.pdf#page=12,8d697b9134573a07dd7d53a0db29c18f8fe3a5b97e026fb8221237766155c80b
2026,2025,122409,122409002,Imperial Valley,statutory_rape,Statutory Rape,criminal_offenses,publicproperty,0,0,reported_numeric,12,12,46,https://police.sdsu.edu/_resources/files/asr_2026_newdraft.pdf#page=12,8d697b9134573a07dd7d53a0db29c18f8fe3a5b97e026fb8221237766155c80b
2026,2023,122409,122409002,Imperial Valley,robbery,Robbery,criminal_offenses,residential,0,0,reported_numeric,13,13,4,https://police.sdsu.edu/_resources/files/asr_2026_newdraft.pdf#page=13,8d697b9134573a07dd7d53a0db29c18f8fe3a5b97e026fb8221237766155c80b
2026,2023,122409,122409002,Imperial Valley,robbery,Robbery,criminal_offenses,oncampus,0,0,reported_numeric,13,13,4,https://police.sdsu.edu/_resources/files/asr_2026_newdraft.pdf#page=13,8d697b9134573a07dd7d53a0db29c18f8fe3a5b97e026fb8221237766155c80b
2026,2023,122409,122409002,Imperial Valley,robbery,Robbery,criminal_offenses,noncampus,0,0,reported_numeric,13,13,4,https://police.sdsu.edu/_resources/files/asr_2026_newdraft.pdf#page=13,8d697b9134573a07dd7d53a0db29c18f8fe3a5b97e026fb8221237766155c80b
2026,2023,122409,122409002,Imperial Valley,robbery,Robbery,criminal_offenses,publicproperty,0,0,reported_numeric,13,13,4,https://police.sdsu.edu/_resources/files/asr_2026_newdraft.pdf#page=13,8d697b9134573a07dd7d53a0db29c18f8fe3a5b97e026fb8221237766155c80b
2026,2024,122409,122409002,Imperial Valley,robbery,Robbery,criminal_offenses,residential,0,0,reported_numeric,13,13,5,https://police.sdsu.edu/_resources/files/asr_2026_newdraft.pdf#page=13,8d697b9134573a07dd7d53a0db29c18f8fe3a5b97e026fb8221237766155c80b
2026,2024,122409,122409002,Imperial Valley,robbery,Robbery,criminal_offenses,oncampus,0,0,reported_numeric,13,13,5,https://police.sdsu.edu/_resources/files/asr_2026_newdraft.pdf#page=13,8d697b9134573a07dd7d53a0db29c18f8fe3a5b97e026fb8221237766155c80b
2026,2024,122409,122409002,Imperial Valley,robbery,Robbery,criminal_offenses,noncampus,0,0,reported_numeric,13,13,5,https://police.sdsu.edu/_resources/files/asr_2026_newdraft.pdf#page=13,8d697b9134573a07dd7d53a0db29c18f8fe3a5b97e026fb8221237766155c80b
2026,2024,122409,122409002,Imperial Valley,robbery,Robbery,criminal_offenses,publicproperty,0,0,reported_numeric,13,13,5,https://police.sdsu.edu/_resources/files/asr_2026_newdraft.pdf#page=13,8d697b9134573a07dd7d53a0db29c18f8fe3a5b97e026fb8221237766155c80b
2026,2025,122409,122409002,Imperial Valley,robbery,Robbery,criminal_offenses,residential,0,0,reported_numeric,13,13,6,https://police.sdsu.edu/_resources/files/asr_2026_newdraft.pdf#page=13,8d697b9134573a07dd7d53a0db29c18f8fe3a5b97e026fb8221237766155c80b
2026,2025,122409,122409002,Imperial Valley,robbery,Robbery,criminal_offenses,oncampus,0,0,reported_numeric,13,13,6,https://police.sdsu.edu/_resources/files/asr_2026_newdraft.pdf#page=13,8d697b9134573a07dd7d53a0db29c18f8fe3a5b97e026fb8221237766155c80b
2026,2025,122409,122409002,Imperial Valley,robbery,Robbery,criminal_offenses,noncampus,0,0,reported_numeric,13,13,6,https://police.sdsu.edu/_resources/files/asr_2026_newdraft.pdf#page=13,8d697b9134573a07dd7d53a0db29c18f8fe3a5b97e026fb8221237766155c80b
2026,2025,122409,122409002,Imperial Valley,robbery,Robbery,criminal_offenses,publicproperty,0,0,reported_numeric,13,13,6,https://police.sdsu.edu/_resources/files/asr_2026_newdraft.pdf#page=13,8d697b9134573a07dd7d53a0db29c18f8fe3a5b97e026fb8221237766155c80b
2026,2023,122409,122409002,Imperial Valley,aggravated_assault,Aggravated Assault,criminal_offenses,residential,0,0,reported_numeric,13,13,12,https://police.sdsu.edu/_resources/files/asr_2026_newdraft.pdf#page=13,8d697b9134573a07dd7d53a0db29c18f8fe3a5b97e026fb8221237766155c80b
2026,2023,122409,122409002,Imperial Valley,aggravated_assault,Aggravated Assault,criminal_offenses,oncampus,0,0,reported_numeric,13,13,12,https://police.sdsu.edu/_resources/files/asr_2026_newdraft.pdf#page=13,8d697b9134573a07dd7d53a0db29c18f8fe3a5b97e026fb8221237766155c80b
2026,2023,122409,122409002,Imperial Valley,aggravated_assault,Aggravated Assault,criminal_offenses,noncampus,0,0,reported_numeric,13,13,12,https://police.sdsu.edu/_resources/files/asr_2026_newdraft.pdf#page=13,8d697b9134573a07dd7d53a0db29c18f8fe3a5b97e026fb8221237766155c80b
2026,2023,122409,122409002,Imperial Valley,aggravated_assault,Aggravated Assault,criminal_offenses,publicproperty,0,0,reported_numeric,13,13,12,https://police.sdsu.edu/_resources/files/asr_2026_newdraft.pdf#page=13,8d697b9134573a07dd7d53a0db29c18f8fe3a5b97e026fb8221237766155c80b
2026,2024,122409,122409002,Imperial Valley,aggravated_assault,Aggravated Assault,criminal_offenses,residential,0,0,reported_numeric,13,13,13,https://police.sdsu.edu/_resources/files/asr_2026_newdraft.pdf#page=13,8d697b9134573a07dd7d53a0db29c18f8fe3a5b97e026fb8221237766155c80b
2026,2024,122409,122409002,Imperial Valley,aggravated_assault,Aggravated Assault,criminal_offenses,oncampus,0,0,reported_numeric,13,13,13,https://police.sdsu.edu/_resources/files/asr_2026_newdraft.pdf#page=13,8d697b9134573a07dd7d53a0db29c18f8fe3a5b97e026fb8221237766155c80b
2026,2024,122409,122409002,Imperial Valley,aggravated_assault,Aggravated Assault,criminal_offenses,noncampus,0,0,reported_numeric,13,13,13,https://police.sdsu.edu/_resources/files/asr_2026_newdraft.pdf#page=13,8d697b9134573a07dd7d53a0db29c18f8fe3a5b97e026fb8221237766155c80b
2026,2024,122409,122409002,Imperial Valley,aggravated_assault,Aggravated Assault,criminal_offenses,publicproperty,0,0,reported_numeric,13,13,13,https://police.sdsu.edu/_resources/files/asr_2026_newdraft.pdf#page=13,8d697b9134573a07dd7d53a0db29c18f8fe3a5b97e026fb8221237766155c80b
2026,2025,122409,122409002,Imperial Valley,aggravated_assault,Aggravated Assault,criminal_offenses,residential,0,0,reported_numeric,13,13,14,https://police.sdsu.edu/_resources/files/asr_2026_newdraft.pdf#page=13,8d697b9134573a07dd7d53a0db29c18f8fe3a5b97e026fb8221237766155c80b
2026,2025,122409,122409002,Imperial Valley,aggravated_assault,Aggravated Assault,criminal_offenses,oncampus,0,0,reported_numeric,13,13,14,https://police.sdsu.edu/_resources/files/asr_2026_newdraft.pdf#page=13,8d697b9134573a07dd7d53a0db29c18f8fe3a5b97e026fb8221237766155c80b
2026,2025,122409,122409002,Imperial Valley,aggravated_assault,Aggravated Assault,criminal_offenses,noncampus,0,0,reported_numeric,13,13,14,https://police.sdsu.edu/_resources/files/asr_2026_newdraft.pdf#page=13,8d697b9134573a07dd7d53a0db29c18f8fe3a5b97e026fb8221237766155c80b
2026,2025,122409,122409002,Imperial Valley,aggravated_assault,Aggravated Assault,criminal_offenses,publicproperty,0,0,reported_numeric,13,13,14,https://police.sdsu.edu/_resources/files/asr_2026_newdraft.pdf#page=13,8d697b9134573a07dd7d53a0db29c18f8fe3a5b97e026fb8221237766155c80b
2026,2023,122409,122409002,Imperial Valley,burglary,Burglary,criminal_offenses,residential,0,0,reported_numeric,13,13,20,https://police.sdsu.edu/_resources/files/asr_2026_newdraft.pdf#page=13,8d697b9134573a07dd7d53a0db29c18f8fe3a5b97e026fb8221237766155c80b
2026,2023,122409,122409002,Imperial Valley,burglary,Burglary,criminal_offenses,oncampus,0,0,reported_numeric,13,13,20,https://police.sdsu.edu/_resources/files/asr_2026_newdraft.pdf#page=13,8d697b9134573a07dd7d53a0db29c18f8fe3a5b97e026fb8221237766155c80b
2026,2023,122409,122409002,Imperial Valley,burglary,Burglary,criminal_offenses,noncampus,0,0,reported_numeric,13,13,20,https://police.sdsu.edu/_resources/files/asr_2026_newdraft.pdf#page=13,8d697b9134573a07dd7d53a0db29c18f8fe3a5b97e026fb8221237766155c80b
2026,2023,122409,122409002,Imperial Valley,burglary,Burglary,criminal_offenses,publicproperty,0,0,reported_numeric,13,13,20,https://police.sdsu.edu/_resources/files/asr_2026_newdraft.pdf#page=13,8d697b9134573a07dd7d53a0db29c18f8fe3a5b97e026fb8221237766155c80b
2026,2024,122409,122409002,Imperial Valley,burglary,Burglary,criminal_offenses,residential,0,0,reported_numeric,13,13,21,https://police.sdsu.edu/_resources/files/asr_2026_newdraft.pdf#page=13,8d697b9134573a07dd7d53a0db29c18f8fe3a5b97e026fb8221237766155c80b
2026,2024,122409,122409002,Imperial Valley,burglary,Burglary,criminal_offenses,oncampus,0,0,reported_numeric,13,13,21,https://police.sdsu.edu/_resources/files/asr_2026_newdraft.pdf#page=13,8d697b9134573a07dd7d53a0db29c18f8fe3a5b97e026fb8221237766155c80b
2026,2024,122409,122409002,Imperial Valley,burglary,Burglary,criminal_offenses,noncampus,0,0,reported_numeric,13,13,21,https://police.sdsu.edu/_resources/files/asr_2026_newdraft.pdf#page=13,8d697b9134573a07dd7d53a0db29c18f8fe3a5b97e026fb8221237766155c80b
2026,2024,122409,122409002,Imperial Valley,burglary,Burglary,criminal_offenses,publicproperty,0,0,reported_numeric,13,13,21,https://police.sdsu.edu/_resources/files/asr_2026_newdraft.pdf#page=13,8d697b9134573a07dd7d53a0db29c18f8fe3a5b97e026fb8221237766155c80b
2026,2025,122409,122409002,Imperial Valley,burglary,Burglary,criminal_offenses,residential,0,0,reported_numeric,13,13,22,https://police.sdsu.edu/_resources/files/asr_2026_newdraft.pdf#page=13,8d697b9134573a07dd7d53a0db29c18f8fe3a5b97e026fb8221237766155c80b
2026,2025,122409,122409002,Imperial Valley,burglary,Burglary,criminal_offenses,oncampus,3,3,reported_numeric,13,13,22,https://police.sdsu.edu/_resources/files/asr_2026_newdraft.pdf#page=13,8d697b9134573a07dd7d53a0db29c18f8fe3a5b97e026fb8221237766155c80b
2026,2025,122409,122409002,Imperial Valley,burglary,Burglary,criminal_offenses,noncampus,0,0,reported_numeric,13,13,22,https://police.sdsu.edu/_resources/files/asr_2026_newdraft.pdf#page=13,8d697b9134573a07dd7d53a0db29c18f8fe3a5b97e026fb8221237766155c80b
2026,2025,122409,122409002,Imperial Valley,burglary,Burglary,criminal_offenses,publicproperty,0,0,reported_numeric,13,13,22,https://police.sdsu.edu/_resources/files/asr_2026_newdraft.pdf#page=13,8d697b9134573a07dd7d53a0db29c18f8fe3a5b97e026fb8221237766155c80b
2026,2023,122409,122409002,Imperial Valley,motor_vehicle_theft,Motor Vehicle Theft,criminal_offenses,residential,0,0,reported_numeric,13,13,28,https://police.sdsu.edu/_resources/files/asr_2026_newdraft.pdf#page=13,8d697b9134573a07dd7d53a0db29c18f8fe3a5b97e026fb8221237766155c80b
2026,2023,122409,122409002,Imperial Valley,motor_vehicle_theft,Motor Vehicle Theft,criminal_offenses,oncampus,0,0,reported_numeric,13,13,28,https://police.sdsu.edu/_resources/files/asr_2026_newdraft.pdf#page=13,8d697b9134573a07dd7d53a0db29c18f8fe3a5b97e026fb8221237766155c80b
2026,2023,122409,122409002,Imperial Valley,motor_vehicle_theft,Motor Vehicle Theft,criminal_offenses,noncampus,0,0,reported_numeric,13,13,28,https://police.sdsu.edu/_resources/files/asr_2026_newdraft.pdf#page=13,8d697b9134573a07dd7d53a0db29c18f8fe3a5b97e026fb8221237766155c80b
2026,2023,122409,122409002,Imperial Valley,motor_vehicle_theft,Motor Vehicle Theft,criminal_offenses,publicproperty,0,0,reported_numeric,13,13,28,https://police.sdsu.edu/_resources/files/asr_2026_newdraft.pdf#page=13,8d697b9134573a07dd7d53a0db29c18f8fe3a5b97e026fb8221237766155c80b
2026,2024,122409,122409002,Imperial Valley,motor_vehicle_theft,Motor Vehicle Theft,criminal_offenses,residential,0,0,reported_numeric,13,13,29,https://police.sdsu.edu/_resources/files/asr_2026_newdraft.pdf#page=13,8d697b9134573a07dd7d53a0db29c18f8fe3a5b97e026fb8221237766155c80b
2026,2024,122409,122409002,Imperial Valley,motor_vehicle_theft,Motor Vehicle Theft,criminal_offenses,oncampus,0,0,reported_numeric,13,13,29,https://police.sdsu.edu/_resources/files/asr_2026_newdraft.pdf#page=13,8d697b9134573a07dd7d53a0db29c18f8fe3a5b97e026fb8221237766155c80b
2026,2024,122409,122409002,Imperial Valley,motor_vehicle_theft,Motor Vehicle Theft,criminal_offenses,noncampus,0,0,reported_numeric,13,13,29,https://police.sdsu.edu/_resources/files/asr_2026_newdraft.pdf#page=13,8d697b9134573a07dd7d53a0db29c18f8fe3a5b97e026fb8221237766155c80b
2026,2024,122409,122409002,Imperial Valley,motor_vehicle_theft,Motor Vehicle Theft,criminal_offenses,publicproperty,0,0,reported_numeric,13,13,29,https://police.sdsu.edu/_resources/files/asr_2026_newdraft.pdf#page=13,8d697b9134573a07dd7d53a0db29c18f8fe3a5b97e026fb8221237766155c80b
2026,2025,122409,122409002,Imperial Valley,motor_vehicle_theft,Motor Vehicle Theft,criminal_offenses,residential,0,0,reported_numeric,13,13,30,https://police.sdsu.edu/_resources/files/asr_2026_newdraft.pdf#page=13,8d697b9134573a07dd7d53a0db29c18f8fe3a5b97e026fb8221237766155c80b
2026,2025,122409,122409002,Imperial Valley,motor_vehicle_theft,Motor Vehicle Theft,criminal_offenses,oncampus,0,0,reported_numeric,13,13,30,https://police.sdsu.edu/_resources/files/asr_2026_newdraft.pdf#page=13,8d697b9134573a07dd7d53a0db29c18f8fe3a5b97e026fb8221237766155c80b
2026,2025,122409,122409002,Imperial Valley,motor_vehicle_theft,Motor Vehicle Theft,criminal_offenses,noncampus,0,0,reported_numeric,13,13,30,https://police.sdsu.edu/_resources/files/asr_2026_newdraft.pdf#page=13,8d697b9134573a07dd7d53a0db29c18f8fe3a5b97e026fb8221237766155c80b
2026,2025,122409,122409002,Imperial Valley,motor_vehicle_theft,Motor Vehicle Theft,criminal_offenses,publicproperty,0,0,reported_numeric,13,13,30,https://police.sdsu.edu/_resources/files/asr_2026_newdraft.pdf#page=13,8d697b9134573a07dd7d53a0db29c18f8fe3a5b97e026fb8221237766155c80b
2026,2023,122409,122409002,Imperial Valley,arson,Arson,criminal_offenses,residential,0,0,reported_numeric,13,13,36,https://police.sdsu.edu/_resources/files/asr_2026_newdraft.pdf#page=13,8d697b9134573a07dd7d53a0db29c18f8fe3a5b97e026fb8221237766155c80b
2026,2023,122409,122409002,Imperial Valley,arson,Arson,criminal_offenses,oncampus,0,0,reported_numeric,13,13,36,https://police.sdsu.edu/_resources/files/asr_2026_newdraft.pdf#page=13,8d697b9134573a07dd7d53a0db29c18f8fe3a5b97e026fb8221237766155c80b
2026,2023,122409,122409002,Imperial Valley,arson,Arson,criminal_offenses,noncampus,0,0,reported_numeric,13,13,36,https://police.sdsu.edu/_resources/files/asr_2026_newdraft.pdf#page=13,8d697b9134573a07dd7d53a0db29c18f8fe3a5b97e026fb8221237766155c80b
2026,2023,122409,122409002,Imperial Valley,arson,Arson,criminal_offenses,publicproperty,0,0,reported_numeric,13,13,36,https://police.sdsu.edu/_resources/files/asr_2026_newdraft.pdf#page=13,8d697b9134573a07dd7d53a0db29c18f8fe3a5b97e026fb8221237766155c80b
2026,2024,122409,122409002,Imperial Valley,arson,Arson,criminal_offenses,residential,0,0,reported_numeric,13,13,37,https://police.sdsu.edu/_resources/files/asr_2026_newdraft.pdf#page=13,8d697b9134573a07dd7d53a0db29c18f8fe3a5b97e026fb8221237766155c80b
2026,2024,122409,122409002,Imperial Valley,arson,Arson,criminal_offenses,oncampus,0,0,reported_numeric,13,13,37,https://police.sdsu.edu/_resources/files/asr_2026_newdraft.pdf#page=13,8d697b9134573a07dd7d53a0db29c18f8fe3a5b97e026fb8221237766155c80b
2026,2024,122409,122409002,Imperial Valley,arson,Arson,criminal_offenses,noncampus,0,0,reported_numeric,13,13,37,https://police.sdsu.edu/_resources/files/asr_2026_newdraft.pdf#page=13,8d697b9134573a07dd7d53a0db29c18f8fe3a5b97e026fb8221237766155c80b
2026,2024,122409,122409002,Imperial Valley,arson,Arson,criminal_offenses,publicproperty,0,0,reported_numeric,13,13,37,https://police.sdsu.edu/_resources/files/asr_2026_newdraft.pdf#page=13,8d697b9134573a07dd7d53a0db29c18f8fe3a5b97e026fb8221237766155c80b
2026,2025,122409,122409002,Imperial Valley,arson,Arson,criminal_offenses,residential,0,0,reported_numeric,13,13,38,https://police.sdsu.edu/_resources/files/asr_2026_newdraft.pdf#page=13,8d697b9134573a07dd7d53a0db29c18f8fe3a5b97e026fb8221237766155c80b
2026,2025,122409,122409002,Imperial Valley,arson,Arson,criminal_offenses,oncampus,0,0,reported_numeric,13,13,38,https://police.sdsu.edu/_resources/files/asr_2026_newdraft.pdf#page=13,8d697b9134573a07dd7d53a0db29c18f8fe3a5b97e026fb8221237766155c80b
2026,2025,122409,122409002,Imperial Valley,arson,Arson,criminal_offenses,noncampus,0,0,reported_numeric,13,13,38,https://police.sdsu.edu/_resources/files/asr_2026_newdraft.pdf#page=13,8d697b9134573a07dd7d53a0db29c18f8fe3a5b97e026fb8221237766155c80b
2026,2025,122409,122409002,Imperial Valley,arson,Arson,criminal_offenses,publicproperty,0,0,reported_numeric,13,13,38,https://police.sdsu.edu/_resources/files/asr_2026_newdraft.pdf#page=13,8d697b9134573a07dd7d53a0db29c18f8fe3a5b97e026fb8221237766155c80b
2026,2023,122409,122409002,Imperial Valley,domestic_violence,Domestic Violence,vawa,residential,0,0,reported_numeric,13,13,44,https://police.sdsu.edu/_resources/files/asr_2026_newdraft.pdf#page=13,8d697b9134573a07dd7d53a0db29c18f8fe3a5b97e026fb8221237766155c80b
2026,2023,122409,122409002,Imperial Valley,domestic_violence,Domestic Violence,vawa,oncampus,0,0,reported_numeric,13,13,44,https://police.sdsu.edu/_resources/files/asr_2026_newdraft.pdf#page=13,8d697b9134573a07dd7d53a0db29c18f8fe3a5b97e026fb8221237766155c80b
2026,2023,122409,122409002,Imperial Valley,domestic_violence,Domestic Violence,vawa,noncampus,0,0,reported_numeric,13,13,44,https://police.sdsu.edu/_resources/files/asr_2026_newdraft.pdf#page=13,8d697b9134573a07dd7d53a0db29c18f8fe3a5b97e026fb8221237766155c80b
2026,2023,122409,122409002,Imperial Valley,domestic_violence,Domestic Violence,vawa,publicproperty,0,0,reported_numeric,13,13,44,https://police.sdsu.edu/_resources/files/asr_2026_newdraft.pdf#page=13,8d697b9134573a07dd7d53a0db29c18f8fe3a5b97e026fb8221237766155c80b
2026,2024,122409,122409002,Imperial Valley,domestic_violence,Domestic Violence,vawa,residential,0,0,reported_numeric,13,13,45,https://police.sdsu.edu/_resources/files/asr_2026_newdraft.pdf#page=13,8d697b9134573a07dd7d53a0db29c18f8fe3a5b97e026fb8221237766155c80b
2026,2024,122409,122409002,Imperial Valley,domestic_violence,Domestic Violence,vawa,oncampus,0,0,reported_numeric,13,13,45,https://police.sdsu.edu/_resources/files/asr_2026_newdraft.pdf#page=13,8d697b9134573a07dd7d53a0db29c18f8fe3a5b97e026fb8221237766155c80b
2026,2024,122409,122409002,Imperial Valley,domestic_violence,Domestic Violence,vawa,noncampus,0,0,reported_numeric,13,13,45,https://police.sdsu.edu/_resources/files/asr_2026_newdraft.pdf#page=13,8d697b9134573a07dd7d53a0db29c18f8fe3a5b97e026fb8221237766155c80b
2026,2024,122409,122409002,Imperial Valley,domestic_violence,Domestic Violence,vawa,publicproperty,0,0,reported_numeric,13,13,45,https://police.sdsu.edu/_resources/files/asr_2026_newdraft.pdf#page=13,8d697b9134573a07dd7d53a0db29c18f8fe3a5b97e026fb8221237766155c80b
2026,2025,122409,122409002,Imperial Valley,domestic_violence,Domestic Violence,vawa,residential,0,0,reported_numeric,13,13,46,https://police.sdsu.edu/_resources/files/asr_2026_newdraft.pdf#page=13,8d697b9134573a07dd7d53a0db29c18f8fe3a5b97e026fb8221237766155c80b
2026,2025,122409,122409002,Imperial Valley,domestic_violence,Domestic Violence,vawa,oncampus,0,0,reported_numeric,13,13,46,https://police.sdsu.edu/_resources/files/asr_2026_newdraft.pdf#page=13,8d697b9134573a07dd7d53a0db29c18f8fe3a5b97e026fb8221237766155c80b
2026,2025,122409,122409002,Imperial Valley,domestic_violence,Domestic Violence,vawa,noncampus,0,0,reported_numeric,13,13,46,https://police.sdsu.edu/_resources/files/asr_2026_newdraft.pdf#page=13,8d697b9134573a07dd7d53a0db29c18f8fe3a5b97e026fb8221237766155c80b
2026,2025,122409,122409002,Imperial Valley,domestic_violence,Domestic Violence,vawa,publicproperty,0,0,reported_numeric,13,13,46,https://police.sdsu.edu/_resources/files/asr_2026_newdraft.pdf#page=13,8d697b9134573a07dd7d53a0db29c18f8fe3a5b97e026fb8221237766155c80b
2026,2023,122409,122409002,Imperial Valley,dating_violence,Dating Violence,vawa,residential,0,0,reported_numeric,14,14,4,https://police.sdsu.edu/_resources/files/asr_2026_newdraft.pdf#page=14,8d697b9134573a07dd7d53a0db29c18f8fe3a5b97e026fb8221237766155c80b
2026,2023,122409,122409002,Imperial Valley,dating_violence,Dating Violence,vawa,oncampus,0,0,reported_numeric,14,14,4,https://police.sdsu.edu/_resources/files/asr_2026_newdraft.pdf#page=14,8d697b9134573a07dd7d53a0db29c18f8fe3a5b97e026fb8221237766155c80b
2026,2023,122409,122409002,Imperial Valley,dating_violence,Dating Violence,vawa,noncampus,0,0,reported_numeric,14,14,4,https://police.sdsu.edu/_resources/files/asr_2026_newdraft.pdf#page=14,8d697b9134573a07dd7d53a0db29c18f8fe3a5b97e026fb8221237766155c80b
2026,2023,122409,122409002,Imperial Valley,dating_violence,Dating Violence,vawa,publicproperty,0,0,reported_numeric,14,14,4,https://police.sdsu.edu/_resources/files/asr_2026_newdraft.pdf#page=14,8d697b9134573a07dd7d53a0db29c18f8fe3a5b97e026fb8221237766155c80b
2026,2024,122409,122409002,Imperial Valley,dating_violence,Dating Violence,vawa,residential,0,0,reported_numeric,14,14,5,https://police.sdsu.edu/_resources/files/asr_2026_newdraft.pdf#page=14,8d697b9134573a07dd7d53a0db29c18f8fe3a5b97e026fb8221237766155c80b
2026,2024,122409,122409002,Imperial Valley,dating_violence,Dating Violence,vawa,oncampus,0,0,reported_numeric,14,14,5,https://police.sdsu.edu/_resources/files/asr_2026_newdraft.pdf#page=14,8d697b9134573a07dd7d53a0db29c18f8fe3a5b97e026fb8221237766155c80b
2026,2024,122409,122409002,Imperial Valley,dating_violence,Dating Violence,vawa,noncampus,0,0,reported_numeric,14,14,5,https://police.sdsu.edu/_resources/files/asr_2026_newdraft.pdf#page=14,8d697b9134573a07dd7d53a0db29c18f8fe3a5b97e026fb8221237766155c80b
2026,2024,122409,122409002,Imperial Valley,dating_violence,Dating Violence,vawa,publicproperty,0,0,reported_numeric,14,14,5,https://police.sdsu.edu/_resources/files/asr_2026_newdraft.pdf#page=14,8d697b9134573a07dd7d53a0db29c18f8fe3a5b97e026fb8221237766155c80b
2026,2025,122409,122409002,Imperial Valley,dating_violence,Dating Violence,vawa,residential,0,0,reported_numeric,14,14,6,https://police.sdsu.edu/_resources/files/asr_2026_newdraft.pdf#page=14,8d697b9134573a07dd7d53a0db29c18f8fe3a5b97e026fb8221237766155c80b
2026,2025,122409,122409002,Imperial Valley,dating_violence,Dating Violence,vawa,oncampus,0,0,reported_numeric,14,14,6,https://police.sdsu.edu/_resources/files/asr_2026_newdraft.pdf#page=14,8d697b9134573a07dd7d53a0db29c18f8fe3a5b97e026fb8221237766155c80b
2026,2025,122409,122409002,Imperial Valley,dating_violence,Dating Violence,vawa,noncampus,0,0,reported_numeric,14,14,6,https://police.sdsu.edu/_resources/files/asr_2026_newdraft.pdf#page=14,8d697b9134573a07dd7d53a0db29c18f8fe3a5b97e026fb8221237766155c80b
2026,2025,122409,122409002,Imperial Valley,dating_violence,Dating Violence,vawa,publicproperty,0,0,reported_numeric,14,14,6,https://police.sdsu.edu/_resources/files/asr_2026_newdraft.pdf#page=14,8d697b9134573a07dd7d53a0db29c18f8fe3a5b97e026fb8221237766155c80b
2026,2023,122409,122409002,Imperial Valley,stalking,Stalking,vawa,residential,0,0,reported_numeric,14,14,12,https://police.sdsu.edu/_resources/files/asr_2026_newdraft.pdf#page=14,8d697b9134573a07dd7d53a0db29c18f8fe3a5b97e026fb8221237766155c80b
2026,2023,122409,122409002,Imperial Valley,stalking,Stalking,vawa,oncampus,0,0,reported_numeric,14,14,12,https://police.sdsu.edu/_resources/files/asr_2026_newdraft.pdf#page=14,8d697b9134573a07dd7d53a0db29c18f8fe3a5b97e026fb8221237766155c80b
2026,2023,122409,122409002,Imperial Valley,stalking,Stalking,vawa,noncampus,0,0,reported_numeric,14,14,12,https://police.sdsu.edu/_resources/files/asr_2026_newdraft.pdf#page=14,8d697b9134573a07dd7d53a0db29c18f8fe3a5b97e026fb8221237766155c80b
2026,2023,122409,122409002,Imperial Valley,stalking,Stalking,vawa,publicproperty,0,0,reported_numeric,14,14,12,https://police.sdsu.edu/_resources/files/asr_2026_newdraft.pdf#page=14,8d697b9134573a07dd7d53a0db29c18f8fe3a5b97e026fb8221237766155c80b
2026,2024,122409,122409002,Imperial Valley,stalking,Stalking,vawa,residential,0,0,reported_numeric,14,14,13,https://police.sdsu.edu/_resources/files/asr_2026_newdraft.pdf#page=14,8d697b9134573a07dd7d53a0db29c18f8fe3a5b97e026fb8221237766155c80b
2026,2024,122409,122409002,Imperial Valley,stalking,Stalking,vawa,oncampus,0,0,reported_numeric,14,14,13,https://police.sdsu.edu/_resources/files/asr_2026_newdraft.pdf#page=14,8d697b9134573a07dd7d53a0db29c18f8fe3a5b97e026fb8221237766155c80b
2026,2024,122409,122409002,Imperial Valley,stalking,Stalking,vawa,noncampus,0,0,reported_numeric,14,14,13,https://police.sdsu.edu/_resources/files/asr_2026_newdraft.pdf#page=14,8d697b9134573a07dd7d53a0db29c18f8fe3a5b97e026fb8221237766155c80b
2026,2024,122409,122409002,Imperial Valley,stalking,Stalking,vawa,publicproperty,0,0,reported_numeric,14,14,13,https://police.sdsu.edu/_resources/files/asr_2026_newdraft.pdf#page=14,8d697b9134573a07dd7d53a0db29c18f8fe3a5b97e026fb8221237766155c80b
2026,2025,122409,122409002,Imperial Valley,stalking,Stalking,vawa,residential,0,0,reported_numeric,14,14,14,https://police.sdsu.edu/_resources/files/asr_2026_newdraft.pdf#page=14,8d697b9134573a07dd7d53a0db29c18f8fe3a5b97e026fb8221237766155c80b
2026,2025,122409,122409002,Imperial Valley,stalking,Stalking,vawa,oncampus,0,0,reported_numeric,14,14,14,https://police.sdsu.edu/_resources/files/asr_2026_newdraft.pdf#page=14,8d697b9134573a07dd7d53a0db29c18f8fe3a5b97e026fb8221237766155c80b
2026,2025,122409,122409002,Imperial Valley,stalking,Stalking,vawa,noncampus,0,0,reported_numeric,14,14,14,https://police.sdsu.edu/_resources/files/asr_2026_newdraft.pdf#page=14,8d697b9134573a07dd7d53a0db29c18f8fe3a5b97e026fb8221237766155c80b
2026,2025,122409,122409002,Imperial Valley,stalking,Stalking,vawa,publicproperty,0,0,reported_numeric,14,14,14,https://police.sdsu.edu/_resources/files/asr_2026_newdraft.pdf#page=14,8d697b9134573a07dd7d53a0db29c18f8fe3a5b97e026fb8221237766155c80b
2026,2023,122409,122409003,Georgia,murder,Murder/Nonnegligent Manslaughter,criminal_offenses,residential,0,0,reported_numeric,16,16,6,https://police.sdsu.edu/_resources/files/asr_2026_newdraft.pdf#page=16,8d697b9134573a07dd7d53a0db29c18f8fe3a5b97e026fb8221237766155c80b
2026,2023,122409,122409003,Georgia,murder,Murder/Nonnegligent Manslaughter,criminal_offenses,oncampus,0,0,reported_numeric,16,16,6,https://police.sdsu.edu/_resources/files/asr_2026_newdraft.pdf#page=16,8d697b9134573a07dd7d53a0db29c18f8fe3a5b97e026fb8221237766155c80b
2026,2023,122409,122409003,Georgia,murder,Murder/Nonnegligent Manslaughter,criminal_offenses,noncampus,0,0,reported_numeric,16,16,6,https://police.sdsu.edu/_resources/files/asr_2026_newdraft.pdf#page=16,8d697b9134573a07dd7d53a0db29c18f8fe3a5b97e026fb8221237766155c80b
2026,2023,122409,122409003,Georgia,murder,Murder/Nonnegligent Manslaughter,criminal_offenses,publicproperty,0,0,reported_numeric,16,16,6,https://police.sdsu.edu/_resources/files/asr_2026_newdraft.pdf#page=16,8d697b9134573a07dd7d53a0db29c18f8fe3a5b97e026fb8221237766155c80b
2026,2024,122409,122409003,Georgia,murder,Murder/Nonnegligent Manslaughter,criminal_offenses,residential,0,0,reported_numeric,16,16,7,https://police.sdsu.edu/_resources/files/asr_2026_newdraft.pdf#page=16,8d697b9134573a07dd7d53a0db29c18f8fe3a5b97e026fb8221237766155c80b
2026,2024,122409,122409003,Georgia,murder,Murder/Nonnegligent Manslaughter,criminal_offenses,oncampus,0,0,reported_numeric,16,16,7,https://police.sdsu.edu/_resources/files/asr_2026_newdraft.pdf#page=16,8d697b9134573a07dd7d53a0db29c18f8fe3a5b97e026fb8221237766155c80b
2026,2024,122409,122409003,Georgia,murder,Murder/Nonnegligent Manslaughter,criminal_offenses,noncampus,0,0,reported_numeric,16,16,7,https://police.sdsu.edu/_resources/files/asr_2026_newdraft.pdf#page=16,8d697b9134573a07dd7d53a0db29c18f8fe3a5b97e026fb8221237766155c80b
2026,2024,122409,122409003,Georgia,murder,Murder/Nonnegligent Manslaughter,criminal_offenses,publicproperty,0,0,reported_numeric,16,16,7,https://police.sdsu.edu/_resources/files/asr_2026_newdraft.pdf#page=16,8d697b9134573a07dd7d53a0db29c18f8fe3a5b97e026fb8221237766155c80b
2026,2025,122409,122409003,Georgia,murder,Murder/Nonnegligent Manslaughter,criminal_offenses,residential,0,0,reported_numeric,16,16,8,https://police.sdsu.edu/_resources/files/asr_2026_newdraft.pdf#page=16,8d697b9134573a07dd7d53a0db29c18f8fe3a5b97e026fb8221237766155c80b
2026,2025,122409,122409003,Georgia,murder,Murder/Nonnegligent Manslaughter,criminal_offenses,oncampus,0,0,reported_numeric,16,16,8,https://police.sdsu.edu/_resources/files/asr_2026_newdraft.pdf#page=16,8d697b9134573a07dd7d53a0db29c18f8fe3a5b97e026fb8221237766155c80b
2026,2025,122409,122409003,Georgia,murder,Murder/Nonnegligent Manslaughter,criminal_offenses,noncampus,0,0,reported_numeric,16,16,8,https://police.sdsu.edu/_resources/files/asr_2026_newdraft.pdf#page=16,8d697b9134573a07dd7d53a0db29c18f8fe3a5b97e026fb8221237766155c80b
2026,2025,122409,122409003,Georgia,murder,Murder/Nonnegligent Manslaughter,criminal_offenses,publicproperty,0,0,reported_numeric,16,16,8,https://police.sdsu.edu/_resources/files/asr_2026_newdraft.pdf#page=16,8d697b9134573a07dd7d53a0db29c18f8fe3a5b97e026fb8221237766155c80b
2026,2023,122409,122409003,Georgia,negligent_manslaughter,Negligent Manslaughter,criminal_offenses,residential,0,0,reported_numeric,16,16,13,https://police.sdsu.edu/_resources/files/asr_2026_newdraft.pdf#page=16,8d697b9134573a07dd7d53a0db29c18f8fe3a5b97e026fb8221237766155c80b
2026,2023,122409,122409003,Georgia,negligent_manslaughter,Negligent Manslaughter,criminal_offenses,oncampus,0,0,reported_numeric,16,16,13,https://police.sdsu.edu/_resources/files/asr_2026_newdraft.pdf#page=16,8d697b9134573a07dd7d53a0db29c18f8fe3a5b97e026fb8221237766155c80b
2026,2023,122409,122409003,Georgia,negligent_manslaughter,Negligent Manslaughter,criminal_offenses,noncampus,0,0,reported_numeric,16,16,13,https://police.sdsu.edu/_resources/files/asr_2026_newdraft.pdf#page=16,8d697b9134573a07dd7d53a0db29c18f8fe3a5b97e026fb8221237766155c80b
2026,2023,122409,122409003,Georgia,negligent_manslaughter,Negligent Manslaughter,criminal_offenses,publicproperty,0,0,reported_numeric,16,16,13,https://police.sdsu.edu/_resources/files/asr_2026_newdraft.pdf#page=16,8d697b9134573a07dd7d53a0db29c18f8fe3a5b97e026fb8221237766155c80b
2026,2024,122409,122409003,Georgia,negligent_manslaughter,Negligent Manslaughter,criminal_offenses,residential,0,0,reported_numeric,16,16,14,https://police.sdsu.edu/_resources/files/asr_2026_newdraft.pdf#page=16,8d697b9134573a07dd7d53a0db29c18f8fe3a5b97e026fb8221237766155c80b
2026,2024,122409,122409003,Georgia,negligent_manslaughter,Negligent Manslaughter,criminal_offenses,oncampus,0,0,reported_numeric,16,16,14,https://police.sdsu.edu/_resources/files/asr_2026_newdraft.pdf#page=16,8d697b9134573a07dd7d53a0db29c18f8fe3a5b97e026fb8221237766155c80b
2026,2024,122409,122409003,Georgia,negligent_manslaughter,Negligent Manslaughter,criminal_offenses,noncampus,0,0,reported_numeric,16,16,14,https://police.sdsu.edu/_resources/files/asr_2026_newdraft.pdf#page=16,8d697b9134573a07dd7d53a0db29c18f8fe3a5b97e026fb8221237766155c80b
2026,2024,122409,122409003,Georgia,negligent_manslaughter,Negligent Manslaughter,criminal_offenses,publicproperty,0,0,reported_numeric,16,16,14,https://police.sdsu.edu/_resources/files/asr_2026_newdraft.pdf#page=16,8d697b9134573a07dd7d53a0db29c18f8fe3a5b97e026fb8221237766155c80b
2026,2025,122409,122409003,Georgia,negligent_manslaughter,Negligent Manslaughter,criminal_offenses,residential,0,0,reported_numeric,16,16,15,https://police.sdsu.edu/_resources/files/asr_2026_newdraft.pdf#page=16,8d697b9134573a07dd7d53a0db29c18f8fe3a5b97e026fb8221237766155c80b
2026,2025,122409,122409003,Georgia,negligent_manslaughter,Negligent Manslaughter,criminal_offenses,oncampus,0,0,reported_numeric,16,16,15,https://police.sdsu.edu/_resources/files/asr_2026_newdraft.pdf#page=16,8d697b9134573a07dd7d53a0db29c18f8fe3a5b97e026fb8221237766155c80b
2026,2025,122409,122409003,Georgia,negligent_manslaughter,Negligent Manslaughter,criminal_offenses,noncampus,0,0,reported_numeric,16,16,15,https://police.sdsu.edu/_resources/files/asr_2026_newdraft.pdf#page=16,8d697b9134573a07dd7d53a0db29c18f8fe3a5b97e026fb8221237766155c80b
2026,2025,122409,122409003,Georgia,negligent_manslaughter,Negligent Manslaughter,criminal_offenses,publicproperty,0,0,reported_numeric,16,16,15,https://police.sdsu.edu/_resources/files/asr_2026_newdraft.pdf#page=16,8d697b9134573a07dd7d53a0db29c18f8fe3a5b97e026fb8221237766155c80b
2026,2023,122409,122409003,Georgia,rape,Rape,criminal_offenses,residential,0,0,reported_numeric,16,16,20,https://police.sdsu.edu/_resources/files/asr_2026_newdraft.pdf#page=16,8d697b9134573a07dd7d53a0db29c18f8fe3a5b97e026fb8221237766155c80b
2026,2023,122409,122409003,Georgia,rape,Rape,criminal_offenses,oncampus,0,0,reported_numeric,16,16,20,https://police.sdsu.edu/_resources/files/asr_2026_newdraft.pdf#page=16,8d697b9134573a07dd7d53a0db29c18f8fe3a5b97e026fb8221237766155c80b
2026,2023,122409,122409003,Georgia,rape,Rape,criminal_offenses,noncampus,0,0,reported_numeric,16,16,20,https://police.sdsu.edu/_resources/files/asr_2026_newdraft.pdf#page=16,8d697b9134573a07dd7d53a0db29c18f8fe3a5b97e026fb8221237766155c80b
2026,2023,122409,122409003,Georgia,rape,Rape,criminal_offenses,publicproperty,0,0,reported_numeric,16,16,20,https://police.sdsu.edu/_resources/files/asr_2026_newdraft.pdf#page=16,8d697b9134573a07dd7d53a0db29c18f8fe3a5b97e026fb8221237766155c80b
2026,2024,122409,122409003,Georgia,rape,Rape,criminal_offenses,residential,0,0,reported_numeric,16,16,21,https://police.sdsu.edu/_resources/files/asr_2026_newdraft.pdf#page=16,8d697b9134573a07dd7d53a0db29c18f8fe3a5b97e026fb8221237766155c80b
2026,2024,122409,122409003,Georgia,rape,Rape,criminal_offenses,oncampus,0,0,reported_numeric,16,16,21,https://police.sdsu.edu/_resources/files/asr_2026_newdraft.pdf#page=16,8d697b9134573a07dd7d53a0db29c18f8fe3a5b97e026fb8221237766155c80b
2026,2024,122409,122409003,Georgia,rape,Rape,criminal_offenses,noncampus,0,0,reported_numeric,16,16,21,https://police.sdsu.edu/_resources/files/asr_2026_newdraft.pdf#page=16,8d697b9134573a07dd7d53a0db29c18f8fe3a5b97e026fb8221237766155c80b
2026,2024,122409,122409003,Georgia,rape,Rape,criminal_offenses,publicproperty,0,0,reported_numeric,16,16,21,https://police.sdsu.edu/_resources/files/asr_2026_newdraft.pdf#page=16,8d697b9134573a07dd7d53a0db29c18f8fe3a5b97e026fb8221237766155c80b
2026,2025,122409,122409003,Georgia,rape,Rape,criminal_offenses,residential,0,0,reported_numeric,16,16,22,https://police.sdsu.edu/_resources/files/asr_2026_newdraft.pdf#page=16,8d697b9134573a07dd7d53a0db29c18f8fe3a5b97e026fb8221237766155c80b
2026,2025,122409,122409003,Georgia,rape,Rape,criminal_offenses,oncampus,0,0,reported_numeric,16,16,22,https://police.sdsu.edu/_resources/files/asr_2026_newdraft.pdf#page=16,8d697b9134573a07dd7d53a0db29c18f8fe3a5b97e026fb8221237766155c80b
2026,2025,122409,122409003,Georgia,rape,Rape,criminal_offenses,noncampus,0,0,reported_numeric,16,16,22,https://police.sdsu.edu/_resources/files/asr_2026_newdraft.pdf#page=16,8d697b9134573a07dd7d53a0db29c18f8fe3a5b97e026fb8221237766155c80b
2026,2025,122409,122409003,Georgia,rape,Rape,criminal_offenses,publicproperty,0,0,reported_numeric,16,16,22,https://police.sdsu.edu/_resources/files/asr_2026_newdraft.pdf#page=16,8d697b9134573a07dd7d53a0db29c18f8fe3a5b97e026fb8221237766155c80b
2026,2023,122409,122409003,Georgia,fondling,Fondling,criminal_offenses,residential,0,0,reported_numeric,16,16,28,https://police.sdsu.edu/_resources/files/asr_2026_newdraft.pdf#page=16,8d697b9134573a07dd7d53a0db29c18f8fe3a5b97e026fb8221237766155c80b
2026,2023,122409,122409003,Georgia,fondling,Fondling,criminal_offenses,oncampus,0,0,reported_numeric,16,16,28,https://police.sdsu.edu/_resources/files/asr_2026_newdraft.pdf#page=16,8d697b9134573a07dd7d53a0db29c18f8fe3a5b97e026fb8221237766155c80b
2026,2023,122409,122409003,Georgia,fondling,Fondling,criminal_offenses,noncampus,0,0,reported_numeric,16,16,28,https://police.sdsu.edu/_resources/files/asr_2026_newdraft.pdf#page=16,8d697b9134573a07dd7d53a0db29c18f8fe3a5b97e026fb8221237766155c80b
2026,2023,122409,122409003,Georgia,fondling,Fondling,criminal_offenses,publicproperty,0,0,reported_numeric,16,16,28,https://police.sdsu.edu/_resources/files/asr_2026_newdraft.pdf#page=16,8d697b9134573a07dd7d53a0db29c18f8fe3a5b97e026fb8221237766155c80b
2026,2024,122409,122409003,Georgia,fondling,Fondling,criminal_offenses,residential,0,0,reported_numeric,16,16,29,https://police.sdsu.edu/_resources/files/asr_2026_newdraft.pdf#page=16,8d697b9134573a07dd7d53a0db29c18f8fe3a5b97e026fb8221237766155c80b
2026,2024,122409,122409003,Georgia,fondling,Fondling,criminal_offenses,oncampus,0,0,reported_numeric,16,16,29,https://police.sdsu.edu/_resources/files/asr_2026_newdraft.pdf#page=16,8d697b9134573a07dd7d53a0db29c18f8fe3a5b97e026fb8221237766155c80b
2026,2024,122409,122409003,Georgia,fondling,Fondling,criminal_offenses,noncampus,0,0,reported_numeric,16,16,29,https://police.sdsu.edu/_resources/files/asr_2026_newdraft.pdf#page=16,8d697b9134573a07dd7d53a0db29c18f8fe3a5b97e026fb8221237766155c80b
2026,2024,122409,122409003,Georgia,fondling,Fondling,criminal_offenses,publicproperty,0,0,reported_numeric,16,16,29,https://police.sdsu.edu/_resources/files/asr_2026_newdraft.pdf#page=16,8d697b9134573a07dd7d53a0db29c18f8fe3a5b97e026fb8221237766155c80b
2026,2025,122409,122409003,Georgia,fondling,Fondling,criminal_offenses,residential,0,0,reported_numeric,16,16,30,https://police.sdsu.edu/_resources/files/asr_2026_newdraft.pdf#page=16,8d697b9134573a07dd7d53a0db29c18f8fe3a5b97e026fb8221237766155c80b
2026,2025,122409,122409003,Georgia,fondling,Fondling,criminal_offenses,oncampus,0,0,reported_numeric,16,16,30,https://police.sdsu.edu/_resources/files/asr_2026_newdraft.pdf#page=16,8d697b9134573a07dd7d53a0db29c18f8fe3a5b97e026fb8221237766155c80b
2026,2025,122409,122409003,Georgia,fondling,Fondling,criminal_offenses,noncampus,0,0,reported_numeric,16,16,30,https://police.sdsu.edu/_resources/files/asr_2026_newdraft.pdf#page=16,8d697b9134573a07dd7d53a0db29c18f8fe3a5b97e026fb8221237766155c80b
2026,2025,122409,122409003,Georgia,fondling,Fondling,criminal_offenses,publicproperty,0,0,reported_numeric,16,16,30,https://police.sdsu.edu/_resources/files/asr_2026_newdraft.pdf#page=16,8d697b9134573a07dd7d53a0db29c18f8fe3a5b97e026fb8221237766155c80b
2026,2023,122409,122409003,Georgia,incest,Incest,criminal_offenses,residential,0,0,reported_numeric,16,16,36,https://police.sdsu.edu/_resources/files/asr_2026_newdraft.pdf#page=16,8d697b9134573a07dd7d53a0db29c18f8fe3a5b97e026fb8221237766155c80b
2026,2023,122409,122409003,Georgia,incest,Incest,criminal_offenses,oncampus,0,0,reported_numeric,16,16,36,https://police.sdsu.edu/_resources/files/asr_2026_newdraft.pdf#page=16,8d697b9134573a07dd7d53a0db29c18f8fe3a5b97e026fb8221237766155c80b
2026,2023,122409,122409003,Georgia,incest,Incest,criminal_offenses,noncampus,0,0,reported_numeric,16,16,36,https://police.sdsu.edu/_resources/files/asr_2026_newdraft.pdf#page=16,8d697b9134573a07dd7d53a0db29c18f8fe3a5b97e026fb8221237766155c80b
2026,2023,122409,122409003,Georgia,incest,Incest,criminal_offenses,publicproperty,0,0,reported_numeric,16,16,36,https://police.sdsu.edu/_resources/files/asr_2026_newdraft.pdf#page=16,8d697b9134573a07dd7d53a0db29c18f8fe3a5b97e026fb8221237766155c80b
2026,2024,122409,122409003,Georgia,incest,Incest,criminal_offenses,residential,0,0,reported_numeric,16,16,37,https://police.sdsu.edu/_resources/files/asr_2026_newdraft.pdf#page=16,8d697b9134573a07dd7d53a0db29c18f8fe3a5b97e026fb8221237766155c80b
2026,2024,122409,122409003,Georgia,incest,Incest,criminal_offenses,oncampus,0,0,reported_numeric,16,16,37,https://police.sdsu.edu/_resources/files/asr_2026_newdraft.pdf#page=16,8d697b9134573a07dd7d53a0db29c18f8fe3a5b97e026fb8221237766155c80b
2026,2024,122409,122409003,Georgia,incest,Incest,criminal_offenses,noncampus,0,0,reported_numeric,16,16,37,https://police.sdsu.edu/_resources/files/asr_2026_newdraft.pdf#page=16,8d697b9134573a07dd7d53a0db29c18f8fe3a5b97e026fb8221237766155c80b
2026,2024,122409,122409003,Georgia,incest,Incest,criminal_offenses,publicproperty,0,0,reported_numeric,16,16,37,https://police.sdsu.edu/_resources/files/asr_2026_newdraft.pdf#page=16,8d697b9134573a07dd7d53a0db29c18f8fe3a5b97e026fb8221237766155c80b
2026,2025,122409,122409003,Georgia,incest,Incest,criminal_offenses,residential,0,0,reported_numeric,16,16,38,https://police.sdsu.edu/_resources/files/asr_2026_newdraft.pdf#page=16,8d697b9134573a07dd7d53a0db29c18f8fe3a5b97e026fb8221237766155c80b
2026,2025,122409,122409003,Georgia,incest,Incest,criminal_offenses,oncampus,0,0,reported_numeric,16,16,38,https://police.sdsu.edu/_resources/files/asr_2026_newdraft.pdf#page=16,8d697b9134573a07dd7d53a0db29c18f8fe3a5b97e026fb8221237766155c80b
2026,2025,122409,122409003,Georgia,incest,Incest,criminal_offenses,noncampus,0,0,reported_numeric,16,16,38,https://police.sdsu.edu/_resources/files/asr_2026_newdraft.pdf#page=16,8d697b9134573a07dd7d53a0db29c18f8fe3a5b97e026fb8221237766155c80b
2026,2025,122409,122409003,Georgia,incest,Incest,criminal_offenses,publicproperty,0,0,reported_numeric,16,16,38,https://police.sdsu.edu/_resources/files/asr_2026_newdraft.pdf#page=16,8d697b9134573a07dd7d53a0db29c18f8fe3a5b97e026fb8221237766155c80b
2026,2023,122409,122409003,Georgia,statutory_rape,Statutory Rape,criminal_offenses,residential,0,0,reported_numeric,16,16,44,https://police.sdsu.edu/_resources/files/asr_2026_newdraft.pdf#page=16,8d697b9134573a07dd7d53a0db29c18f8fe3a5b97e026fb8221237766155c80b
2026,2023,122409,122409003,Georgia,statutory_rape,Statutory Rape,criminal_offenses,oncampus,0,0,reported_numeric,16,16,44,https://police.sdsu.edu/_resources/files/asr_2026_newdraft.pdf#page=16,8d697b9134573a07dd7d53a0db29c18f8fe3a5b97e026fb8221237766155c80b
2026,2023,122409,122409003,Georgia,statutory_rape,Statutory Rape,criminal_offenses,noncampus,0,0,reported_numeric,16,16,44,https://police.sdsu.edu/_resources/files/asr_2026_newdraft.pdf#page=16,8d697b9134573a07dd7d53a0db29c18f8fe3a5b97e026fb8221237766155c80b
2026,2023,122409,122409003,Georgia,statutory_rape,Statutory Rape,criminal_offenses,publicproperty,0,0,reported_numeric,16,16,44,https://police.sdsu.edu/_resources/files/asr_2026_newdraft.pdf#page=16,8d697b9134573a07dd7d53a0db29c18f8fe3a5b97e026fb8221237766155c80b
2026,2024,122409,122409003,Georgia,statutory_rape,Statutory Rape,criminal_offenses,residential,0,0,reported_numeric,16,16,45,https://police.sdsu.edu/_resources/files/asr_2026_newdraft.pdf#page=16,8d697b9134573a07dd7d53a0db29c18f8fe3a5b97e026fb8221237766155c80b
2026,2024,122409,122409003,Georgia,statutory_rape,Statutory Rape,criminal_offenses,oncampus,0,0,reported_numeric,16,16,45,https://police.sdsu.edu/_resources/files/asr_2026_newdraft.pdf#page=16,8d697b9134573a07dd7d53a0db29c18f8fe3a5b97e026fb8221237766155c80b
2026,2024,122409,122409003,Georgia,statutory_rape,Statutory Rape,criminal_offenses,noncampus,0,0,reported_numeric,16,16,45,https://police.sdsu.edu/_resources/files/asr_2026_newdraft.pdf#page=16,8d697b9134573a07dd7d53a0db29c18f8fe3a5b97e026fb8221237766155c80b
2026,2024,122409,122409003,Georgia,statutory_rape,Statutory Rape,criminal_offenses,publicproperty,0,0,reported_numeric,16,16,45,https://police.sdsu.edu/_resources/files/asr_2026_newdraft.pdf#page=16,8d697b9134573a07dd7d53a0db29c18f8fe3a5b97e026fb8221237766155c80b
2026,2025,122409,122409003,Georgia,statutory_rape,Statutory Rape,criminal_offenses,residential,0,0,reported_numeric,16,16,46,https://police.sdsu.edu/_resources/files/asr_2026_newdraft.pdf#page=16,8d697b9134573a07dd7d53a0db29c18f8fe3a5b97e026fb8221237766155c80b
2026,2025,122409,122409003,Georgia,statutory_rape,Statutory Rape,criminal_offenses,oncampus,0,0,reported_numeric,16,16,46,https://police.sdsu.edu/_resources/files/asr_2026_newdraft.pdf#page=16,8d697b9134573a07dd7d53a0db29c18f8fe3a5b97e026fb8221237766155c80b
2026,2025,122409,122409003,Georgia,statutory_rape,Statutory Rape,criminal_offenses,noncampus,0,0,reported_numeric,16,16,46,https://police.sdsu.edu/_resources/files/asr_2026_newdraft.pdf#page=16,8d697b9134573a07dd7d53a0db29c18f8fe3a5b97e026fb8221237766155c80b
2026,2025,122409,122409003,Georgia,statutory_rape,Statutory Rape,criminal_offenses,publicproperty,0,0,reported_numeric,16,16,46,https://police.sdsu.edu/_resources/files/asr_2026_newdraft.pdf#page=16,8d697b9134573a07dd7d53a0db29c18f8fe3a5b97e026fb8221237766155c80b
2026,2023,122409,122409003,Georgia,robbery,Robbery,criminal_offenses,residential,0,0,reported_numeric,17,17,4,https://police.sdsu.edu/_resources/files/asr_2026_newdraft.pdf#page=17,8d697b9134573a07dd7d53a0db29c18f8fe3a5b97e026fb8221237766155c80b
2026,2023,122409,122409003,Georgia,robbery,Robbery,criminal_offenses,oncampus,0,0,reported_numeric,17,17,4,https://police.sdsu.edu/_resources/files/asr_2026_newdraft.pdf#page=17,8d697b9134573a07dd7d53a0db29c18f8fe3a5b97e026fb8221237766155c80b
2026,2023,122409,122409003,Georgia,robbery,Robbery,criminal_offenses,noncampus,0,0,reported_numeric,17,17,4,https://police.sdsu.edu/_resources/files/asr_2026_newdraft.pdf#page=17,8d697b9134573a07dd7d53a0db29c18f8fe3a5b97e026fb8221237766155c80b
2026,2023,122409,122409003,Georgia,robbery,Robbery,criminal_offenses,publicproperty,0,0,reported_numeric,17,17,4,https://police.sdsu.edu/_resources/files/asr_2026_newdraft.pdf#page=17,8d697b9134573a07dd7d53a0db29c18f8fe3a5b97e026fb8221237766155c80b
2026,2024,122409,122409003,Georgia,robbery,Robbery,criminal_offenses,residential,0,0,reported_numeric,17,17,5,https://police.sdsu.edu/_resources/files/asr_2026_newdraft.pdf#page=17,8d697b9134573a07dd7d53a0db29c18f8fe3a5b97e026fb8221237766155c80b
2026,2024,122409,122409003,Georgia,robbery,Robbery,criminal_offenses,oncampus,0,0,reported_numeric,17,17,5,https://police.sdsu.edu/_resources/files/asr_2026_newdraft.pdf#page=17,8d697b9134573a07dd7d53a0db29c18f8fe3a5b97e026fb8221237766155c80b
2026,2024,122409,122409003,Georgia,robbery,Robbery,criminal_offenses,noncampus,0,0,reported_numeric,17,17,5,https://police.sdsu.edu/_resources/files/asr_2026_newdraft.pdf#page=17,8d697b9134573a07dd7d53a0db29c18f8fe3a5b97e026fb8221237766155c80b
2026,2024,122409,122409003,Georgia,robbery,Robbery,criminal_offenses,publicproperty,0,0,reported_numeric,17,17,5,https://police.sdsu.edu/_resources/files/asr_2026_newdraft.pdf#page=17,8d697b9134573a07dd7d53a0db29c18f8fe3a5b97e026fb8221237766155c80b
2026,2025,122409,122409003,Georgia,robbery,Robbery,criminal_offenses,residential,0,0,reported_numeric,17,17,6,https://police.sdsu.edu/_resources/files/asr_2026_newdraft.pdf#page=17,8d697b9134573a07dd7d53a0db29c18f8fe3a5b97e026fb8221237766155c80b
2026,2025,122409,122409003,Georgia,robbery,Robbery,criminal_offenses,oncampus,0,0,reported_numeric,17,17,6,https://police.sdsu.edu/_resources/files/asr_2026_newdraft.pdf#page=17,8d697b9134573a07dd7d53a0db29c18f8fe3a5b97e026fb8221237766155c80b
2026,2025,122409,122409003,Georgia,robbery,Robbery,criminal_offenses,noncampus,0,0,reported_numeric,17,17,6,https://police.sdsu.edu/_resources/files/asr_2026_newdraft.pdf#page=17,8d697b9134573a07dd7d53a0db29c18f8fe3a5b97e026fb8221237766155c80b
2026,2025,122409,122409003,Georgia,robbery,Robbery,criminal_offenses,publicproperty,0,0,reported_numeric,17,17,6,https://police.sdsu.edu/_resources/files/asr_2026_newdraft.pdf#page=17,8d697b9134573a07dd7d53a0db29c18f8fe3a5b97e026fb8221237766155c80b
2026,2023,122409,122409003,Georgia,aggravated_assault,Aggravated Assault,criminal_offenses,residential,0,0,reported_numeric,17,17,12,https://police.sdsu.edu/_resources/files/asr_2026_newdraft.pdf#page=17,8d697b9134573a07dd7d53a0db29c18f8fe3a5b97e026fb8221237766155c80b
2026,2023,122409,122409003,Georgia,aggravated_assault,Aggravated Assault,criminal_offenses,oncampus,0,0,reported_numeric,17,17,12,https://police.sdsu.edu/_resources/files/asr_2026_newdraft.pdf#page=17,8d697b9134573a07dd7d53a0db29c18f8fe3a5b97e026fb8221237766155c80b
2026,2023,122409,122409003,Georgia,aggravated_assault,Aggravated Assault,criminal_offenses,noncampus,0,0,reported_numeric,17,17,12,https://police.sdsu.edu/_resources/files/asr_2026_newdraft.pdf#page=17,8d697b9134573a07dd7d53a0db29c18f8fe3a5b97e026fb8221237766155c80b
2026,2023,122409,122409003,Georgia,aggravated_assault,Aggravated Assault,criminal_offenses,publicproperty,0,0,reported_numeric,17,17,12,https://police.sdsu.edu/_resources/files/asr_2026_newdraft.pdf#page=17,8d697b9134573a07dd7d53a0db29c18f8fe3a5b97e026fb8221237766155c80b
2026,2024,122409,122409003,Georgia,aggravated_assault,Aggravated Assault,criminal_offenses,residential,0,0,reported_numeric,17,17,13,https://police.sdsu.edu/_resources/files/asr_2026_newdraft.pdf#page=17,8d697b9134573a07dd7d53a0db29c18f8fe3a5b97e026fb8221237766155c80b
2026,2024,122409,122409003,Georgia,aggravated_assault,Aggravated Assault,criminal_offenses,oncampus,0,0,reported_numeric,17,17,13,https://police.sdsu.edu/_resources/files/asr_2026_newdraft.pdf#page=17,8d697b9134573a07dd7d53a0db29c18f8fe3a5b97e026fb8221237766155c80b
2026,2024,122409,122409003,Georgia,aggravated_assault,Aggravated Assault,criminal_offenses,noncampus,0,0,reported_numeric,17,17,13,https://police.sdsu.edu/_resources/files/asr_2026_newdraft.pdf#page=17,8d697b9134573a07dd7d53a0db29c18f8fe3a5b97e026fb8221237766155c80b
2026,2024,122409,122409003,Georgia,aggravated_assault,Aggravated Assault,criminal_offenses,publicproperty,0,0,reported_numeric,17,17,13,https://police.sdsu.edu/_resources/files/asr_2026_newdraft.pdf#page=17,8d697b9134573a07dd7d53a0db29c18f8fe3a5b97e026fb8221237766155c80b
2026,2025,122409,122409003,Georgia,aggravated_assault,Aggravated Assault,criminal_offenses,residential,0,0,reported_numeric,17,17,14,https://police.sdsu.edu/_resources/files/asr_2026_newdraft.pdf#page=17,8d697b9134573a07dd7d53a0db29c18f8fe3a5b97e026fb8221237766155c80b
2026,2025,122409,122409003,Georgia,aggravated_assault,Aggravated Assault,criminal_offenses,oncampus,0,0,reported_numeric,17,17,14,https://police.sdsu.edu/_resources/files/asr_2026_newdraft.pdf#page=17,8d697b9134573a07dd7d53a0db29c18f8fe3a5b97e026fb8221237766155c80b
2026,2025,122409,122409003,Georgia,aggravated_assault,Aggravated Assault,criminal_offenses,noncampus,0,0,reported_numeric,17,17,14,https://police.sdsu.edu/_resources/files/asr_2026_newdraft.pdf#page=17,8d697b9134573a07dd7d53a0db29c18f8fe3a5b97e026fb8221237766155c80b
2026,2025,122409,122409003,Georgia,aggravated_assault,Aggravated Assault,criminal_offenses,publicproperty,0,0,reported_numeric,17,17,14,https://police.sdsu.edu/_resources/files/asr_2026_newdraft.pdf#page=17,8d697b9134573a07dd7d53a0db29c18f8fe3a5b97e026fb8221237766155c80b
2026,2023,122409,122409003,Georgia,burglary,Burglary,criminal_offenses,residential,0,0,reported_numeric,17,17,20,https://police.sdsu.edu/_resources/files/asr_2026_newdraft.pdf#page=17,8d697b9134573a07dd7d53a0db29c18f8fe3a5b97e026fb8221237766155c80b
2026,2023,122409,122409003,Georgia,burglary,Burglary,criminal_offenses,oncampus,0,0,reported_numeric,17,17,20,https://police.sdsu.edu/_resources/files/asr_2026_newdraft.pdf#page=17,8d697b9134573a07dd7d53a0db29c18f8fe3a5b97e026fb8221237766155c80b
2026,2023,122409,122409003,Georgia,burglary,Burglary,criminal_offenses,noncampus,0,0,reported_numeric,17,17,20,https://police.sdsu.edu/_resources/files/asr_2026_newdraft.pdf#page=17,8d697b9134573a07dd7d53a0db29c18f8fe3a5b97e026fb8221237766155c80b
2026,2023,122409,122409003,Georgia,burglary,Burglary,criminal_offenses,publicproperty,0,0,reported_numeric,17,17,20,https://police.sdsu.edu/_resources/files/asr_2026_newdraft.pdf#page=17,8d697b9134573a07dd7d53a0db29c18f8fe3a5b97e026fb8221237766155c80b
2026,2024,122409,122409003,Georgia,burglary,Burglary,criminal_offenses,residential,0,0,reported_numeric,17,17,21,https://police.sdsu.edu/_resources/files/asr_2026_newdraft.pdf#page=17,8d697b9134573a07dd7d53a0db29c18f8fe3a5b97e026fb8221237766155c80b
2026,2024,122409,122409003,Georgia,burglary,Burglary,criminal_offenses,oncampus,0,0,reported_numeric,17,17,21,https://police.sdsu.edu/_resources/files/asr_2026_newdraft.pdf#page=17,8d697b9134573a07dd7d53a0db29c18f8fe3a5b97e026fb8221237766155c80b
2026,2024,122409,122409003,Georgia,burglary,Burglary,criminal_offenses,noncampus,0,0,reported_numeric,17,17,21,https://police.sdsu.edu/_resources/files/asr_2026_newdraft.pdf#page=17,8d697b9134573a07dd7d53a0db29c18f8fe3a5b97e026fb8221237766155c80b
2026,2024,122409,122409003,Georgia,burglary,Burglary,criminal_offenses,publicproperty,0,0,reported_numeric,17,17,21,https://police.sdsu.edu/_resources/files/asr_2026_newdraft.pdf#page=17,8d697b9134573a07dd7d53a0db29c18f8fe3a5b97e026fb8221237766155c80b
2026,2025,122409,122409003,Georgia,burglary,Burglary,criminal_offenses,residential,0,0,reported_numeric,17,17,22,https://police.sdsu.edu/_resources/files/asr_2026_newdraft.pdf#page=17,8d697b9134573a07dd7d53a0db29c18f8fe3a5b97e026fb8221237766155c80b
2026,2025,122409,122409003,Georgia,burglary,Burglary,criminal_offenses,oncampus,0,0,reported_numeric,17,17,22,https://police.sdsu.edu/_resources/files/asr_2026_newdraft.pdf#page=17,8d697b9134573a07dd7d53a0db29c18f8fe3a5b97e026fb8221237766155c80b
2026,2025,122409,122409003,Georgia,burglary,Burglary,criminal_offenses,noncampus,0,0,reported_numeric,17,17,22,https://police.sdsu.edu/_resources/files/asr_2026_newdraft.pdf#page=17,8d697b9134573a07dd7d53a0db29c18f8fe3a5b97e026fb8221237766155c80b
2026,2025,122409,122409003,Georgia,burglary,Burglary,criminal_offenses,publicproperty,0,0,reported_numeric,17,17,22,https://police.sdsu.edu/_resources/files/asr_2026_newdraft.pdf#page=17,8d697b9134573a07dd7d53a0db29c18f8fe3a5b97e026fb8221237766155c80b
2026,2023,122409,122409003,Georgia,motor_vehicle_theft,Motor Vehicle Theft,criminal_offenses,residential,0,0,reported_numeric,17,17,28,https://police.sdsu.edu/_resources/files/asr_2026_newdraft.pdf#page=17,8d697b9134573a07dd7d53a0db29c18f8fe3a5b97e026fb8221237766155c80b
2026,2023,122409,122409003,Georgia,motor_vehicle_theft,Motor Vehicle Theft,criminal_offenses,oncampus,0,0,reported_numeric,17,17,28,https://police.sdsu.edu/_resources/files/asr_2026_newdraft.pdf#page=17,8d697b9134573a07dd7d53a0db29c18f8fe3a5b97e026fb8221237766155c80b
2026,2023,122409,122409003,Georgia,motor_vehicle_theft,Motor Vehicle Theft,criminal_offenses,noncampus,0,0,reported_numeric,17,17,28,https://police.sdsu.edu/_resources/files/asr_2026_newdraft.pdf#page=17,8d697b9134573a07dd7d53a0db29c18f8fe3a5b97e026fb8221237766155c80b
2026,2023,122409,122409003,Georgia,motor_vehicle_theft,Motor Vehicle Theft,criminal_offenses,publicproperty,0,0,reported_numeric,17,17,28,https://police.sdsu.edu/_resources/files/asr_2026_newdraft.pdf#page=17,8d697b9134573a07dd7d53a0db29c18f8fe3a5b97e026fb8221237766155c80b
2026,2024,122409,122409003,Georgia,motor_vehicle_theft,Motor Vehicle Theft,criminal_offenses,residential,0,0,reported_numeric,17,17,29,https://police.sdsu.edu/_resources/files/asr_2026_newdraft.pdf#page=17,8d697b9134573a07dd7d53a0db29c18f8fe3a5b97e026fb8221237766155c80b
2026,2024,122409,122409003,Georgia,motor_vehicle_theft,Motor Vehicle Theft,criminal_offenses,oncampus,0,0,reported_numeric,17,17,29,https://police.sdsu.edu/_resources/files/asr_2026_newdraft.pdf#page=17,8d697b9134573a07dd7d53a0db29c18f8fe3a5b97e026fb8221237766155c80b
2026,2024,122409,122409003,Georgia,motor_vehicle_theft,Motor Vehicle Theft,criminal_offenses,noncampus,0,0,reported_numeric,17,17,29,https://police.sdsu.edu/_resources/files/asr_2026_newdraft.pdf#page=17,8d697b9134573a07dd7d53a0db29c18f8fe3a5b97e026fb8221237766155c80b
2026,2024,122409,122409003,Georgia,motor_vehicle_theft,Motor Vehicle Theft,criminal_offenses,publicproperty,0,0,reported_numeric,17,17,29,https://police.sdsu.edu/_resources/files/asr_2026_newdraft.pdf#page=17,8d697b9134573a07dd7d53a0db29c18f8fe3a5b97e026fb8221237766155c80b
2026,2025,122409,122409003,Georgia,motor_vehicle_theft,Motor Vehicle Theft,criminal_offenses,residential,0,0,reported_numeric,17,17,30,https://police.sdsu.edu/_resources/files/asr_2026_newdraft.pdf#page=17,8d697b9134573a07dd7d53a0db29c18f8fe3a5b97e026fb8221237766155c80b
2026,2025,122409,122409003,Georgia,motor_vehicle_theft,Motor Vehicle Theft,criminal_offenses,oncampus,0,0,reported_numeric,17,17,30,https://police.sdsu.edu/_resources/files/asr_2026_newdraft.pdf#page=17,8d697b9134573a07dd7d53a0db29c18f8fe3a5b97e026fb8221237766155c80b
2026,2025,122409,122409003,Georgia,motor_vehicle_theft,Motor Vehicle Theft,criminal_offenses,noncampus,0,0,reported_numeric,17,17,30,https://police.sdsu.edu/_resources/files/asr_2026_newdraft.pdf#page=17,8d697b9134573a07dd7d53a0db29c18f8fe3a5b97e026fb8221237766155c80b
2026,2025,122409,122409003,Georgia,motor_vehicle_theft,Motor Vehicle Theft,criminal_offenses,publicproperty,0,0,reported_numeric,17,17,30,https://police.sdsu.edu/_resources/files/asr_2026_newdraft.pdf#page=17,8d697b9134573a07dd7d53a0db29c18f8fe3a5b97e026fb8221237766155c80b
2026,2023,122409,122409003,Georgia,arson,Arson,criminal_offenses,residential,0,0,reported_numeric,17,17,36,https://police.sdsu.edu/_resources/files/asr_2026_newdraft.pdf#page=17,8d697b9134573a07dd7d53a0db29c18f8fe3a5b97e026fb8221237766155c80b
2026,2023,122409,122409003,Georgia,arson,Arson,criminal_offenses,oncampus,0,0,reported_numeric,17,17,36,https://police.sdsu.edu/_resources/files/asr_2026_newdraft.pdf#page=17,8d697b9134573a07dd7d53a0db29c18f8fe3a5b97e026fb8221237766155c80b
2026,2023,122409,122409003,Georgia,arson,Arson,criminal_offenses,noncampus,0,0,reported_numeric,17,17,36,https://police.sdsu.edu/_resources/files/asr_2026_newdraft.pdf#page=17,8d697b9134573a07dd7d53a0db29c18f8fe3a5b97e026fb8221237766155c80b
2026,2023,122409,122409003,Georgia,arson,Arson,criminal_offenses,publicproperty,0,0,reported_numeric,17,17,36,https://police.sdsu.edu/_resources/files/asr_2026_newdraft.pdf#page=17,8d697b9134573a07dd7d53a0db29c18f8fe3a5b97e026fb8221237766155c80b
2026,2024,122409,122409003,Georgia,arson,Arson,criminal_offenses,residential,0,0,reported_numeric,17,17,37,https://police.sdsu.edu/_resources/files/asr_2026_newdraft.pdf#page=17,8d697b9134573a07dd7d53a0db29c18f8fe3a5b97e026fb8221237766155c80b
2026,2024,122409,122409003,Georgia,arson,Arson,criminal_offenses,oncampus,0,0,reported_numeric,17,17,37,https://police.sdsu.edu/_resources/files/asr_2026_newdraft.pdf#page=17,8d697b9134573a07dd7d53a0db29c18f8fe3a5b97e026fb8221237766155c80b
2026,2024,122409,122409003,Georgia,arson,Arson,criminal_offenses,noncampus,0,0,reported_numeric,17,17,37,https://police.sdsu.edu/_resources/files/asr_2026_newdraft.pdf#page=17,8d697b9134573a07dd7d53a0db29c18f8fe3a5b97e026fb8221237766155c80b
2026,2024,122409,122409003,Georgia,arson,Arson,criminal_offenses,publicproperty,0,0,reported_numeric,17,17,37,https://police.sdsu.edu/_resources/files/asr_2026_newdraft.pdf#page=17,8d697b9134573a07dd7d53a0db29c18f8fe3a5b97e026fb8221237766155c80b
2026,2025,122409,122409003,Georgia,arson,Arson,criminal_offenses,residential,0,0,reported_numeric,17,17,38,https://police.sdsu.edu/_resources/files/asr_2026_newdraft.pdf#page=17,8d697b9134573a07dd7d53a0db29c18f8fe3a5b97e026fb8221237766155c80b
2026,2025,122409,122409003,Georgia,arson,Arson,criminal_offenses,oncampus,0,0,reported_numeric,17,17,38,https://police.sdsu.edu/_resources/files/asr_2026_newdraft.pdf#page=17,8d697b9134573a07dd7d53a0db29c18f8fe3a5b97e026fb8221237766155c80b
2026,2025,122409,122409003,Georgia,arson,Arson,criminal_offenses,noncampus,0,0,reported_numeric,17,17,38,https://police.sdsu.edu/_resources/files/asr_2026_newdraft.pdf#page=17,8d697b9134573a07dd7d53a0db29c18f8fe3a5b97e026fb8221237766155c80b
2026,2025,122409,122409003,Georgia,arson,Arson,criminal_offenses,publicproperty,0,0,reported_numeric,17,17,38,https://police.sdsu.edu/_resources/files/asr_2026_newdraft.pdf#page=17,8d697b9134573a07dd7d53a0db29c18f8fe3a5b97e026fb8221237766155c80b
2026,2023,122409,122409003,Georgia,domestic_violence,Domestic Violence,vawa,residential,0,0,reported_numeric,17,17,44,https://police.sdsu.edu/_resources/files/asr_2026_newdraft.pdf#page=17,8d697b9134573a07dd7d53a0db29c18f8fe3a5b97e026fb8221237766155c80b
2026,2023,122409,122409003,Georgia,domestic_violence,Domestic Violence,vawa,oncampus,0,0,reported_numeric,17,17,44,https://police.sdsu.edu/_resources/files/asr_2026_newdraft.pdf#page=17,8d697b9134573a07dd7d53a0db29c18f8fe3a5b97e026fb8221237766155c80b
2026,2023,122409,122409003,Georgia,domestic_violence,Domestic Violence,vawa,noncampus,0,0,reported_numeric,17,17,44,https://police.sdsu.edu/_resources/files/asr_2026_newdraft.pdf#page=17,8d697b9134573a07dd7d53a0db29c18f8fe3a5b97e026fb8221237766155c80b
2026,2023,122409,122409003,Georgia,domestic_violence,Domestic Violence,vawa,publicproperty,0,0,reported_numeric,17,17,44,https://police.sdsu.edu/_resources/files/asr_2026_newdraft.pdf#page=17,8d697b9134573a07dd7d53a0db29c18f8fe3a5b97e026fb8221237766155c80b
2026,2024,122409,122409003,Georgia,domestic_violence,Domestic Violence,vawa,residential,0,0,reported_numeric,17,17,45,https://police.sdsu.edu/_resources/files/asr_2026_newdraft.pdf#page=17,8d697b9134573a07dd7d53a0db29c18f8fe3a5b97e026fb8221237766155c80b
2026,2024,122409,122409003,Georgia,domestic_violence,Domestic Violence,vawa,oncampus,0,0,reported_numeric,17,17,45,https://police.sdsu.edu/_resources/files/asr_2026_newdraft.pdf#page=17,8d697b9134573a07dd7d53a0db29c18f8fe3a5b97e026fb8221237766155c80b
2026,2024,122409,122409003,Georgia,domestic_violence,Domestic Violence,vawa,noncampus,0,0,reported_numeric,17,17,45,https://police.sdsu.edu/_resources/files/asr_2026_newdraft.pdf#page=17,8d697b9134573a07dd7d53a0db29c18f8fe3a5b97e026fb8221237766155c80b
2026,2024,122409,122409003,Georgia,domestic_violence,Domestic Violence,vawa,publicproperty,0,0,reported_numeric,17,17,45,https://police.sdsu.edu/_resources/files/asr_2026_newdraft.pdf#page=17,8d697b9134573a07dd7d53a0db29c18f8fe3a5b97e026fb8221237766155c80b
2026,2025,122409,122409003,Georgia,domestic_violence,Domestic Violence,vawa,residential,0,0,reported_numeric,17,17,46,https://police.sdsu.edu/_resources/files/asr_2026_newdraft.pdf#page=17,8d697b9134573a07dd7d53a0db29c18f8fe3a5b97e026fb8221237766155c80b
2026,2025,122409,122409003,Georgia,domestic_violence,Domestic Violence,vawa,oncampus,0,0,reported_numeric,17,17,46,https://police.sdsu.edu/_resources/files/asr_2026_newdraft.pdf#page=17,8d697b9134573a07dd7d53a0db29c18f8fe3a5b97e026fb8221237766155c80b
2026,2025,122409,122409003,Georgia,domestic_violence,Domestic Violence,vawa,noncampus,0,0,reported_numeric,17,17,46,https://police.sdsu.edu/_resources/files/asr_2026_newdraft.pdf#page=17,8d697b9134573a07dd7d53a0db29c18f8fe3a5b97e026fb8221237766155c80b
2026,2025,122409,122409003,Georgia,domestic_violence,Domestic Violence,vawa,publicproperty,0,0,reported_numeric,17,17,46,https://police.sdsu.edu/_resources/files/asr_2026_newdraft.pdf#page=17,8d697b9134573a07dd7d53a0db29c18f8fe3a5b97e026fb8221237766155c80b
2026,2023,122409,122409003,Georgia,dating_violence,Dating Violence,vawa,residential,0,0,reported_numeric,18,18,4,https://police.sdsu.edu/_resources/files/asr_2026_newdraft.pdf#page=18,8d697b9134573a07dd7d53a0db29c18f8fe3a5b97e026fb8221237766155c80b
2026,2023,122409,122409003,Georgia,dating_violence,Dating Violence,vawa,oncampus,0,0,reported_numeric,18,18,4,https://police.sdsu.edu/_resources/files/asr_2026_newdraft.pdf#page=18,8d697b9134573a07dd7d53a0db29c18f8fe3a5b97e026fb8221237766155c80b
2026,2023,122409,122409003,Georgia,dating_violence,Dating Violence,vawa,noncampus,0,0,reported_numeric,18,18,4,https://police.sdsu.edu/_resources/files/asr_2026_newdraft.pdf#page=18,8d697b9134573a07dd7d53a0db29c18f8fe3a5b97e026fb8221237766155c80b
2026,2023,122409,122409003,Georgia,dating_violence,Dating Violence,vawa,publicproperty,0,0,reported_numeric,18,18,4,https://police.sdsu.edu/_resources/files/asr_2026_newdraft.pdf#page=18,8d697b9134573a07dd7d53a0db29c18f8fe3a5b97e026fb8221237766155c80b
2026,2024,122409,122409003,Georgia,dating_violence,Dating Violence,vawa,residential,0,0,reported_numeric,18,18,5,https://police.sdsu.edu/_resources/files/asr_2026_newdraft.pdf#page=18,8d697b9134573a07dd7d53a0db29c18f8fe3a5b97e026fb8221237766155c80b
2026,2024,122409,122409003,Georgia,dating_violence,Dating Violence,vawa,oncampus,0,0,reported_numeric,18,18,5,https://police.sdsu.edu/_resources/files/asr_2026_newdraft.pdf#page=18,8d697b9134573a07dd7d53a0db29c18f8fe3a5b97e026fb8221237766155c80b
2026,2024,122409,122409003,Georgia,dating_violence,Dating Violence,vawa,noncampus,0,0,reported_numeric,18,18,5,https://police.sdsu.edu/_resources/files/asr_2026_newdraft.pdf#page=18,8d697b9134573a07dd7d53a0db29c18f8fe3a5b97e026fb8221237766155c80b
2026,2024,122409,122409003,Georgia,dating_violence,Dating Violence,vawa,publicproperty,0,0,reported_numeric,18,18,5,https://police.sdsu.edu/_resources/files/asr_2026_newdraft.pdf#page=18,8d697b9134573a07dd7d53a0db29c18f8fe3a5b97e026fb8221237766155c80b
2026,2025,122409,122409003,Georgia,dating_violence,Dating Violence,vawa,residential,0,0,reported_numeric,18,18,6,https://police.sdsu.edu/_resources/files/asr_2026_newdraft.pdf#page=18,8d697b9134573a07dd7d53a0db29c18f8fe3a5b97e026fb8221237766155c80b
2026,2025,122409,122409003,Georgia,dating_violence,Dating Violence,vawa,oncampus,0,0,reported_numeric,18,18,6,https://police.sdsu.edu/_resources/files/asr_2026_newdraft.pdf#page=18,8d697b9134573a07dd7d53a0db29c18f8fe3a5b97e026fb8221237766155c80b
2026,2025,122409,122409003,Georgia,dating_violence,Dating Violence,vawa,noncampus,0,0,reported_numeric,18,18,6,https://police.sdsu.edu/_resources/files/asr_2026_newdraft.pdf#page=18,8d697b9134573a07dd7d53a0db29c18f8fe3a5b97e026fb8221237766155c80b
2026,2025,122409,122409003,Georgia,dating_violence,Dating Violence,vawa,publicproperty,0,0,reported_numeric,18,18,6,https://police.sdsu.edu/_resources/files/asr_2026_newdraft.pdf#page=18,8d697b9134573a07dd7d53a0db29c18f8fe3a5b97e026fb8221237766155c80b
2026,2023,122409,122409003,Georgia,stalking,Stalking,vawa,residential,0,0,reported_numeric,18,18,12,https://police.sdsu.edu/_resources/files/asr_2026_newdraft.pdf#page=18,8d697b9134573a07dd7d53a0db29c18f8fe3a5b97e026fb8221237766155c80b
2026,2023,122409,122409003,Georgia,stalking,Stalking,vawa,oncampus,0,0,reported_numeric,18,18,12,https://police.sdsu.edu/_resources/files/asr_2026_newdraft.pdf#page=18,8d697b9134573a07dd7d53a0db29c18f8fe3a5b97e026fb8221237766155c80b
2026,2023,122409,122409003,Georgia,stalking,Stalking,vawa,noncampus,0,0,reported_numeric,18,18,12,https://police.sdsu.edu/_resources/files/asr_2026_newdraft.pdf#page=18,8d697b9134573a07dd7d53a0db29c18f8fe3a5b97e026fb8221237766155c80b
2026,2023,122409,122409003,Georgia,stalking,Stalking,vawa,publicproperty,0,0,reported_numeric,18,18,12,https://police.sdsu.edu/_resources/files/asr_2026_newdraft.pdf#page=18,8d697b9134573a07dd7d53a0db29c18f8fe3a5b97e026fb8221237766155c80b
2026,2024,122409,122409003,Georgia,stalking,Stalking,vawa,residential,0,0,reported_numeric,18,18,13,https://police.sdsu.edu/_resources/files/asr_2026_newdraft.pdf#page=18,8d697b9134573a07dd7d53a0db29c18f8fe3a5b97e026fb8221237766155c80b
2026,2024,122409,122409003,Georgia,stalking,Stalking,vawa,oncampus,0,0,reported_numeric,18,18,13,https://police.sdsu.edu/_resources/files/asr_2026_newdraft.pdf#page=18,8d697b9134573a07dd7d53a0db29c18f8fe3a5b97e026fb8221237766155c80b
2026,2024,122409,122409003,Georgia,stalking,Stalking,vawa,noncampus,0,0,reported_numeric,18,18,13,https://police.sdsu.edu/_resources/files/asr_2026_newdraft.pdf#page=18,8d697b9134573a07dd7d53a0db29c18f8fe3a5b97e026fb8221237766155c80b
2026,2024,122409,122409003,Georgia,stalking,Stalking,vawa,publicproperty,0,0,reported_numeric,18,18,13,https://police.sdsu.edu/_resources/files/asr_2026_newdraft.pdf#page=18,8d697b9134573a07dd7d53a0db29c18f8fe3a5b97e026fb8221237766155c80b
2026,2025,122409,122409003,Georgia,stalking,Stalking,vawa,residential,0,0,reported_numeric,18,18,14,https://police.sdsu.edu/_resources/files/asr_2026_newdraft.pdf#page=18,8d697b9134573a07dd7d53a0db29c18f8fe3a5b97e026fb8221237766155c80b
2026,2025,122409,122409003,Georgia,stalking,Stalking,vawa,oncampus,0,0,reported_numeric,18,18,14,https://police.sdsu.edu/_resources/files/asr_2026_newdraft.pdf#page=18,8d697b9134573a07dd7d53a0db29c18f8fe3a5b97e026fb8221237766155c80b
2026,2025,122409,122409003,Georgia,stalking,Stalking,vawa,noncampus,0,0,reported_numeric,18,18,14,https://police.sdsu.edu/_resources/files/asr_2026_newdraft.pdf#page=18,8d697b9134573a07dd7d53a0db29c18f8fe3a5b97e026fb8221237766155c80b
2026,2025,122409,122409003,Georgia,stalking,Stalking,vawa,publicproperty,0,0,reported_numeric,18,18,14,https://police.sdsu.edu/_resources/files/asr_2026_newdraft.pdf#page=18,8d697b9134573a07dd7d53a0db29c18f8fe3a5b97e026fb8221237766155c80b
