report_edition,report_year,institution_unitid,campus_id,campus,category,category_label,family,geography,count,raw_value,status,pdf_page,printed_page,source_line,source_url,source_sha256
2025,2022,122409,122409001,San Diego,murder,Murder/Nonnegligent Manslaughter,criminal_offenses,residential,0,0,reported_numeric,7,7,10,https://police.sdsu.edu/_resources/files/annual-security-reports/2025-annual-security-report-finalized-08-18-25.pdf#page=7,3242ccb9a6632269bcd68c2cd5e045d3c73af502841519f2b17d2f5985ced4e3
2025,2022,122409,122409001,San Diego,murder,Murder/Nonnegligent Manslaughter,criminal_offenses,oncampus,0,0,reported_numeric,7,7,10,https://police.sdsu.edu/_resources/files/annual-security-reports/2025-annual-security-report-finalized-08-18-25.pdf#page=7,3242ccb9a6632269bcd68c2cd5e045d3c73af502841519f2b17d2f5985ced4e3
2025,2022,122409,122409001,San Diego,murder,Murder/Nonnegligent Manslaughter,criminal_offenses,noncampus,0,0,reported_numeric,7,7,10,https://police.sdsu.edu/_resources/files/annual-security-reports/2025-annual-security-report-finalized-08-18-25.pdf#page=7,3242ccb9a6632269bcd68c2cd5e045d3c73af502841519f2b17d2f5985ced4e3
2025,2022,122409,122409001,San Diego,murder,Murder/Nonnegligent Manslaughter,criminal_offenses,publicproperty,0,0,reported_numeric,7,7,10,https://police.sdsu.edu/_resources/files/annual-security-reports/2025-annual-security-report-finalized-08-18-25.pdf#page=7,3242ccb9a6632269bcd68c2cd5e045d3c73af502841519f2b17d2f5985ced4e3
2025,2023,122409,122409001,San Diego,murder,Murder/Nonnegligent Manslaughter,criminal_offenses,residential,0,0,reported_numeric,7,7,11,https://police.sdsu.edu/_resources/files/annual-security-reports/2025-annual-security-report-finalized-08-18-25.pdf#page=7,3242ccb9a6632269bcd68c2cd5e045d3c73af502841519f2b17d2f5985ced4e3
2025,2023,122409,122409001,San Diego,murder,Murder/Nonnegligent Manslaughter,criminal_offenses,oncampus,0,0,reported_numeric,7,7,11,https://police.sdsu.edu/_resources/files/annual-security-reports/2025-annual-security-report-finalized-08-18-25.pdf#page=7,3242ccb9a6632269bcd68c2cd5e045d3c73af502841519f2b17d2f5985ced4e3
2025,2023,122409,122409001,San Diego,murder,Murder/Nonnegligent Manslaughter,criminal_offenses,noncampus,0,0,reported_numeric,7,7,11,https://police.sdsu.edu/_resources/files/annual-security-reports/2025-annual-security-report-finalized-08-18-25.pdf#page=7,3242ccb9a6632269bcd68c2cd5e045d3c73af502841519f2b17d2f5985ced4e3
2025,2023,122409,122409001,San Diego,murder,Murder/Nonnegligent Manslaughter,criminal_offenses,publicproperty,0,0,reported_numeric,7,7,11,https://police.sdsu.edu/_resources/files/annual-security-reports/2025-annual-security-report-finalized-08-18-25.pdf#page=7,3242ccb9a6632269bcd68c2cd5e045d3c73af502841519f2b17d2f5985ced4e3
2025,2024,122409,122409001,San Diego,murder,Murder/Nonnegligent Manslaughter,criminal_offenses,residential,0,0,reported_numeric,7,7,12,https://police.sdsu.edu/_resources/files/annual-security-reports/2025-annual-security-report-finalized-08-18-25.pdf#page=7,3242ccb9a6632269bcd68c2cd5e045d3c73af502841519f2b17d2f5985ced4e3
2025,2024,122409,122409001,San Diego,murder,Murder/Nonnegligent Manslaughter,criminal_offenses,oncampus,0,0,reported_numeric,7,7,12,https://police.sdsu.edu/_resources/files/annual-security-reports/2025-annual-security-report-finalized-08-18-25.pdf#page=7,3242ccb9a6632269bcd68c2cd5e045d3c73af502841519f2b17d2f5985ced4e3
2025,2024,122409,122409001,San Diego,murder,Murder/Nonnegligent Manslaughter,criminal_offenses,noncampus,0,0,reported_numeric,7,7,12,https://police.sdsu.edu/_resources/files/annual-security-reports/2025-annual-security-report-finalized-08-18-25.pdf#page=7,3242ccb9a6632269bcd68c2cd5e045d3c73af502841519f2b17d2f5985ced4e3
2025,2024,122409,122409001,San Diego,murder,Murder/Nonnegligent Manslaughter,criminal_offenses,publicproperty,0,0,reported_numeric,7,7,12,https://police.sdsu.edu/_resources/files/annual-security-reports/2025-annual-security-report-finalized-08-18-25.pdf#page=7,3242ccb9a6632269bcd68c2cd5e045d3c73af502841519f2b17d2f5985ced4e3
2025,2022,122409,122409001,San Diego,negligent_manslaughter,Negligent Manslaughter,criminal_offenses,residential,0,0,reported_numeric,7,7,18,https://police.sdsu.edu/_resources/files/annual-security-reports/2025-annual-security-report-finalized-08-18-25.pdf#page=7,3242ccb9a6632269bcd68c2cd5e045d3c73af502841519f2b17d2f5985ced4e3
2025,2022,122409,122409001,San Diego,negligent_manslaughter,Negligent Manslaughter,criminal_offenses,oncampus,0,0,reported_numeric,7,7,18,https://police.sdsu.edu/_resources/files/annual-security-reports/2025-annual-security-report-finalized-08-18-25.pdf#page=7,3242ccb9a6632269bcd68c2cd5e045d3c73af502841519f2b17d2f5985ced4e3
2025,2022,122409,122409001,San Diego,negligent_manslaughter,Negligent Manslaughter,criminal_offenses,noncampus,0,0,reported_numeric,7,7,18,https://police.sdsu.edu/_resources/files/annual-security-reports/2025-annual-security-report-finalized-08-18-25.pdf#page=7,3242ccb9a6632269bcd68c2cd5e045d3c73af502841519f2b17d2f5985ced4e3
2025,2022,122409,122409001,San Diego,negligent_manslaughter,Negligent Manslaughter,criminal_offenses,publicproperty,0,0,reported_numeric,7,7,18,https://police.sdsu.edu/_resources/files/annual-security-reports/2025-annual-security-report-finalized-08-18-25.pdf#page=7,3242ccb9a6632269bcd68c2cd5e045d3c73af502841519f2b17d2f5985ced4e3
2025,2023,122409,122409001,San Diego,negligent_manslaughter,Negligent Manslaughter,criminal_offenses,residential,0,0,reported_numeric,7,7,19,https://police.sdsu.edu/_resources/files/annual-security-reports/2025-annual-security-report-finalized-08-18-25.pdf#page=7,3242ccb9a6632269bcd68c2cd5e045d3c73af502841519f2b17d2f5985ced4e3
2025,2023,122409,122409001,San Diego,negligent_manslaughter,Negligent Manslaughter,criminal_offenses,oncampus,0,0,reported_numeric,7,7,19,https://police.sdsu.edu/_resources/files/annual-security-reports/2025-annual-security-report-finalized-08-18-25.pdf#page=7,3242ccb9a6632269bcd68c2cd5e045d3c73af502841519f2b17d2f5985ced4e3
2025,2023,122409,122409001,San Diego,negligent_manslaughter,Negligent Manslaughter,criminal_offenses,noncampus,0,0,reported_numeric,7,7,19,https://police.sdsu.edu/_resources/files/annual-security-reports/2025-annual-security-report-finalized-08-18-25.pdf#page=7,3242ccb9a6632269bcd68c2cd5e045d3c73af502841519f2b17d2f5985ced4e3
2025,2023,122409,122409001,San Diego,negligent_manslaughter,Negligent Manslaughter,criminal_offenses,publicproperty,0,0,reported_numeric,7,7,19,https://police.sdsu.edu/_resources/files/annual-security-reports/2025-annual-security-report-finalized-08-18-25.pdf#page=7,3242ccb9a6632269bcd68c2cd5e045d3c73af502841519f2b17d2f5985ced4e3
2025,2024,122409,122409001,San Diego,negligent_manslaughter,Negligent Manslaughter,criminal_offenses,residential,0,0,reported_numeric,7,7,20,https://police.sdsu.edu/_resources/files/annual-security-reports/2025-annual-security-report-finalized-08-18-25.pdf#page=7,3242ccb9a6632269bcd68c2cd5e045d3c73af502841519f2b17d2f5985ced4e3
2025,2024,122409,122409001,San Diego,negligent_manslaughter,Negligent Manslaughter,criminal_offenses,oncampus,0,0,reported_numeric,7,7,20,https://police.sdsu.edu/_resources/files/annual-security-reports/2025-annual-security-report-finalized-08-18-25.pdf#page=7,3242ccb9a6632269bcd68c2cd5e045d3c73af502841519f2b17d2f5985ced4e3
2025,2024,122409,122409001,San Diego,negligent_manslaughter,Negligent Manslaughter,criminal_offenses,noncampus,0,0,reported_numeric,7,7,20,https://police.sdsu.edu/_resources/files/annual-security-reports/2025-annual-security-report-finalized-08-18-25.pdf#page=7,3242ccb9a6632269bcd68c2cd5e045d3c73af502841519f2b17d2f5985ced4e3
2025,2024,122409,122409001,San Diego,negligent_manslaughter,Negligent Manslaughter,criminal_offenses,publicproperty,0,0,reported_numeric,7,7,20,https://police.sdsu.edu/_resources/files/annual-security-reports/2025-annual-security-report-finalized-08-18-25.pdf#page=7,3242ccb9a6632269bcd68c2cd5e045d3c73af502841519f2b17d2f5985ced4e3
2025,2022,122409,122409001,San Diego,rape,Rape,criminal_offenses,residential,9,9,reported_numeric,7,7,27,https://police.sdsu.edu/_resources/files/annual-security-reports/2025-annual-security-report-finalized-08-18-25.pdf#page=7,3242ccb9a6632269bcd68c2cd5e045d3c73af502841519f2b17d2f5985ced4e3
2025,2022,122409,122409001,San Diego,rape,Rape,criminal_offenses,oncampus,12,12,reported_numeric,7,7,27,https://police.sdsu.edu/_resources/files/annual-security-reports/2025-annual-security-report-finalized-08-18-25.pdf#page=7,3242ccb9a6632269bcd68c2cd5e045d3c73af502841519f2b17d2f5985ced4e3
2025,2022,122409,122409001,San Diego,rape,Rape,criminal_offenses,noncampus,1,1,reported_numeric,7,7,27,https://police.sdsu.edu/_resources/files/annual-security-reports/2025-annual-security-report-finalized-08-18-25.pdf#page=7,3242ccb9a6632269bcd68c2cd5e045d3c73af502841519f2b17d2f5985ced4e3
2025,2022,122409,122409001,San Diego,rape,Rape,criminal_offenses,publicproperty,1,1,reported_numeric,7,7,27,https://police.sdsu.edu/_resources/files/annual-security-reports/2025-annual-security-report-finalized-08-18-25.pdf#page=7,3242ccb9a6632269bcd68c2cd5e045d3c73af502841519f2b17d2f5985ced4e3
2025,2023,122409,122409001,San Diego,rape,Rape,criminal_offenses,residential,7,7,reported_numeric,7,7,28,https://police.sdsu.edu/_resources/files/annual-security-reports/2025-annual-security-report-finalized-08-18-25.pdf#page=7,3242ccb9a6632269bcd68c2cd5e045d3c73af502841519f2b17d2f5985ced4e3
2025,2023,122409,122409001,San Diego,rape,Rape,criminal_offenses,oncampus,11,11,reported_numeric,7,7,28,https://police.sdsu.edu/_resources/files/annual-security-reports/2025-annual-security-report-finalized-08-18-25.pdf#page=7,3242ccb9a6632269bcd68c2cd5e045d3c73af502841519f2b17d2f5985ced4e3
2025,2023,122409,122409001,San Diego,rape,Rape,criminal_offenses,noncampus,2,2,reported_numeric,7,7,28,https://police.sdsu.edu/_resources/files/annual-security-reports/2025-annual-security-report-finalized-08-18-25.pdf#page=7,3242ccb9a6632269bcd68c2cd5e045d3c73af502841519f2b17d2f5985ced4e3
2025,2023,122409,122409001,San Diego,rape,Rape,criminal_offenses,publicproperty,0,0,reported_numeric,7,7,28,https://police.sdsu.edu/_resources/files/annual-security-reports/2025-annual-security-report-finalized-08-18-25.pdf#page=7,3242ccb9a6632269bcd68c2cd5e045d3c73af502841519f2b17d2f5985ced4e3
2025,2024,122409,122409001,San Diego,rape,Rape,criminal_offenses,residential,1,1,reported_numeric,7,7,29,https://police.sdsu.edu/_resources/files/annual-security-reports/2025-annual-security-report-finalized-08-18-25.pdf#page=7,3242ccb9a6632269bcd68c2cd5e045d3c73af502841519f2b17d2f5985ced4e3
2025,2024,122409,122409001,San Diego,rape,Rape,criminal_offenses,oncampus,1,1,reported_numeric,7,7,29,https://police.sdsu.edu/_resources/files/annual-security-reports/2025-annual-security-report-finalized-08-18-25.pdf#page=7,3242ccb9a6632269bcd68c2cd5e045d3c73af502841519f2b17d2f5985ced4e3
2025,2024,122409,122409001,San Diego,rape,Rape,criminal_offenses,noncampus,2,2,reported_numeric,7,7,29,https://police.sdsu.edu/_resources/files/annual-security-reports/2025-annual-security-report-finalized-08-18-25.pdf#page=7,3242ccb9a6632269bcd68c2cd5e045d3c73af502841519f2b17d2f5985ced4e3
2025,2024,122409,122409001,San Diego,rape,Rape,criminal_offenses,publicproperty,0,0,reported_numeric,7,7,29,https://police.sdsu.edu/_resources/files/annual-security-reports/2025-annual-security-report-finalized-08-18-25.pdf#page=7,3242ccb9a6632269bcd68c2cd5e045d3c73af502841519f2b17d2f5985ced4e3
2025,2022,122409,122409001,San Diego,fondling,Fondling,criminal_offenses,residential,13,13,reported_numeric,7,7,35,https://police.sdsu.edu/_resources/files/annual-security-reports/2025-annual-security-report-finalized-08-18-25.pdf#page=7,3242ccb9a6632269bcd68c2cd5e045d3c73af502841519f2b17d2f5985ced4e3
2025,2022,122409,122409001,San Diego,fondling,Fondling,criminal_offenses,oncampus,16,16,reported_numeric,7,7,35,https://police.sdsu.edu/_resources/files/annual-security-reports/2025-annual-security-report-finalized-08-18-25.pdf#page=7,3242ccb9a6632269bcd68c2cd5e045d3c73af502841519f2b17d2f5985ced4e3
2025,2022,122409,122409001,San Diego,fondling,Fondling,criminal_offenses,noncampus,0,0,reported_numeric,7,7,35,https://police.sdsu.edu/_resources/files/annual-security-reports/2025-annual-security-report-finalized-08-18-25.pdf#page=7,3242ccb9a6632269bcd68c2cd5e045d3c73af502841519f2b17d2f5985ced4e3
2025,2022,122409,122409001,San Diego,fondling,Fondling,criminal_offenses,publicproperty,2,2,reported_numeric,7,7,35,https://police.sdsu.edu/_resources/files/annual-security-reports/2025-annual-security-report-finalized-08-18-25.pdf#page=7,3242ccb9a6632269bcd68c2cd5e045d3c73af502841519f2b17d2f5985ced4e3
2025,2023,122409,122409001,San Diego,fondling,Fondling,criminal_offenses,residential,0,0,reported_numeric,7,7,36,https://police.sdsu.edu/_resources/files/annual-security-reports/2025-annual-security-report-finalized-08-18-25.pdf#page=7,3242ccb9a6632269bcd68c2cd5e045d3c73af502841519f2b17d2f5985ced4e3
2025,2023,122409,122409001,San Diego,fondling,Fondling,criminal_offenses,oncampus,0,0,reported_numeric,7,7,36,https://police.sdsu.edu/_resources/files/annual-security-reports/2025-annual-security-report-finalized-08-18-25.pdf#page=7,3242ccb9a6632269bcd68c2cd5e045d3c73af502841519f2b17d2f5985ced4e3
2025,2023,122409,122409001,San Diego,fondling,Fondling,criminal_offenses,noncampus,0,0,reported_numeric,7,7,36,https://police.sdsu.edu/_resources/files/annual-security-reports/2025-annual-security-report-finalized-08-18-25.pdf#page=7,3242ccb9a6632269bcd68c2cd5e045d3c73af502841519f2b17d2f5985ced4e3
2025,2023,122409,122409001,San Diego,fondling,Fondling,criminal_offenses,publicproperty,1,1,reported_numeric,7,7,36,https://police.sdsu.edu/_resources/files/annual-security-reports/2025-annual-security-report-finalized-08-18-25.pdf#page=7,3242ccb9a6632269bcd68c2cd5e045d3c73af502841519f2b17d2f5985ced4e3
2025,2024,122409,122409001,San Diego,fondling,Fondling,criminal_offenses,residential,0,0,reported_numeric,7,7,37,https://police.sdsu.edu/_resources/files/annual-security-reports/2025-annual-security-report-finalized-08-18-25.pdf#page=7,3242ccb9a6632269bcd68c2cd5e045d3c73af502841519f2b17d2f5985ced4e3
2025,2024,122409,122409001,San Diego,fondling,Fondling,criminal_offenses,oncampus,2,2,reported_numeric,7,7,37,https://police.sdsu.edu/_resources/files/annual-security-reports/2025-annual-security-report-finalized-08-18-25.pdf#page=7,3242ccb9a6632269bcd68c2cd5e045d3c73af502841519f2b17d2f5985ced4e3
2025,2024,122409,122409001,San Diego,fondling,Fondling,criminal_offenses,noncampus,0,0,reported_numeric,7,7,37,https://police.sdsu.edu/_resources/files/annual-security-reports/2025-annual-security-report-finalized-08-18-25.pdf#page=7,3242ccb9a6632269bcd68c2cd5e045d3c73af502841519f2b17d2f5985ced4e3
2025,2024,122409,122409001,San Diego,fondling,Fondling,criminal_offenses,publicproperty,0,0,reported_numeric,7,7,37,https://police.sdsu.edu/_resources/files/annual-security-reports/2025-annual-security-report-finalized-08-18-25.pdf#page=7,3242ccb9a6632269bcd68c2cd5e045d3c73af502841519f2b17d2f5985ced4e3
2025,2022,122409,122409001,San Diego,incest,Incest,criminal_offenses,residential,0,0,reported_numeric,7,7,44,https://police.sdsu.edu/_resources/files/annual-security-reports/2025-annual-security-report-finalized-08-18-25.pdf#page=7,3242ccb9a6632269bcd68c2cd5e045d3c73af502841519f2b17d2f5985ced4e3
2025,2022,122409,122409001,San Diego,incest,Incest,criminal_offenses,oncampus,0,0,reported_numeric,7,7,44,https://police.sdsu.edu/_resources/files/annual-security-reports/2025-annual-security-report-finalized-08-18-25.pdf#page=7,3242ccb9a6632269bcd68c2cd5e045d3c73af502841519f2b17d2f5985ced4e3
2025,2022,122409,122409001,San Diego,incest,Incest,criminal_offenses,noncampus,0,0,reported_numeric,7,7,44,https://police.sdsu.edu/_resources/files/annual-security-reports/2025-annual-security-report-finalized-08-18-25.pdf#page=7,3242ccb9a6632269bcd68c2cd5e045d3c73af502841519f2b17d2f5985ced4e3
2025,2022,122409,122409001,San Diego,incest,Incest,criminal_offenses,publicproperty,0,0,reported_numeric,7,7,44,https://police.sdsu.edu/_resources/files/annual-security-reports/2025-annual-security-report-finalized-08-18-25.pdf#page=7,3242ccb9a6632269bcd68c2cd5e045d3c73af502841519f2b17d2f5985ced4e3
2025,2023,122409,122409001,San Diego,incest,Incest,criminal_offenses,residential,0,0,reported_numeric,7,7,45,https://police.sdsu.edu/_resources/files/annual-security-reports/2025-annual-security-report-finalized-08-18-25.pdf#page=7,3242ccb9a6632269bcd68c2cd5e045d3c73af502841519f2b17d2f5985ced4e3
2025,2023,122409,122409001,San Diego,incest,Incest,criminal_offenses,oncampus,0,0,reported_numeric,7,7,45,https://police.sdsu.edu/_resources/files/annual-security-reports/2025-annual-security-report-finalized-08-18-25.pdf#page=7,3242ccb9a6632269bcd68c2cd5e045d3c73af502841519f2b17d2f5985ced4e3
2025,2023,122409,122409001,San Diego,incest,Incest,criminal_offenses,noncampus,0,0,reported_numeric,7,7,45,https://police.sdsu.edu/_resources/files/annual-security-reports/2025-annual-security-report-finalized-08-18-25.pdf#page=7,3242ccb9a6632269bcd68c2cd5e045d3c73af502841519f2b17d2f5985ced4e3
2025,2023,122409,122409001,San Diego,incest,Incest,criminal_offenses,publicproperty,0,0,reported_numeric,7,7,45,https://police.sdsu.edu/_resources/files/annual-security-reports/2025-annual-security-report-finalized-08-18-25.pdf#page=7,3242ccb9a6632269bcd68c2cd5e045d3c73af502841519f2b17d2f5985ced4e3
2025,2024,122409,122409001,San Diego,incest,Incest,criminal_offenses,residential,0,0,reported_numeric,7,7,46,https://police.sdsu.edu/_resources/files/annual-security-reports/2025-annual-security-report-finalized-08-18-25.pdf#page=7,3242ccb9a6632269bcd68c2cd5e045d3c73af502841519f2b17d2f5985ced4e3
2025,2024,122409,122409001,San Diego,incest,Incest,criminal_offenses,oncampus,0,0,reported_numeric,7,7,46,https://police.sdsu.edu/_resources/files/annual-security-reports/2025-annual-security-report-finalized-08-18-25.pdf#page=7,3242ccb9a6632269bcd68c2cd5e045d3c73af502841519f2b17d2f5985ced4e3
2025,2024,122409,122409001,San Diego,incest,Incest,criminal_offenses,noncampus,0,0,reported_numeric,7,7,46,https://police.sdsu.edu/_resources/files/annual-security-reports/2025-annual-security-report-finalized-08-18-25.pdf#page=7,3242ccb9a6632269bcd68c2cd5e045d3c73af502841519f2b17d2f5985ced4e3
2025,2024,122409,122409001,San Diego,incest,Incest,criminal_offenses,publicproperty,0,0,reported_numeric,7,7,46,https://police.sdsu.edu/_resources/files/annual-security-reports/2025-annual-security-report-finalized-08-18-25.pdf#page=7,3242ccb9a6632269bcd68c2cd5e045d3c73af502841519f2b17d2f5985ced4e3
2025,2022,122409,122409001,San Diego,statutory_rape,Statutory Rape,criminal_offenses,residential,0,0,reported_numeric,8,8,5,https://police.sdsu.edu/_resources/files/annual-security-reports/2025-annual-security-report-finalized-08-18-25.pdf#page=8,3242ccb9a6632269bcd68c2cd5e045d3c73af502841519f2b17d2f5985ced4e3
2025,2022,122409,122409001,San Diego,statutory_rape,Statutory Rape,criminal_offenses,oncampus,0,0,reported_numeric,8,8,5,https://police.sdsu.edu/_resources/files/annual-security-reports/2025-annual-security-report-finalized-08-18-25.pdf#page=8,3242ccb9a6632269bcd68c2cd5e045d3c73af502841519f2b17d2f5985ced4e3
2025,2022,122409,122409001,San Diego,statutory_rape,Statutory Rape,criminal_offenses,noncampus,0,0,reported_numeric,8,8,5,https://police.sdsu.edu/_resources/files/annual-security-reports/2025-annual-security-report-finalized-08-18-25.pdf#page=8,3242ccb9a6632269bcd68c2cd5e045d3c73af502841519f2b17d2f5985ced4e3
2025,2022,122409,122409001,San Diego,statutory_rape,Statutory Rape,criminal_offenses,publicproperty,0,0,reported_numeric,8,8,5,https://police.sdsu.edu/_resources/files/annual-security-reports/2025-annual-security-report-finalized-08-18-25.pdf#page=8,3242ccb9a6632269bcd68c2cd5e045d3c73af502841519f2b17d2f5985ced4e3
2025,2023,122409,122409001,San Diego,statutory_rape,Statutory Rape,criminal_offenses,residential,0,0,reported_numeric,8,8,6,https://police.sdsu.edu/_resources/files/annual-security-reports/2025-annual-security-report-finalized-08-18-25.pdf#page=8,3242ccb9a6632269bcd68c2cd5e045d3c73af502841519f2b17d2f5985ced4e3
2025,2023,122409,122409001,San Diego,statutory_rape,Statutory Rape,criminal_offenses,oncampus,0,0,reported_numeric,8,8,6,https://police.sdsu.edu/_resources/files/annual-security-reports/2025-annual-security-report-finalized-08-18-25.pdf#page=8,3242ccb9a6632269bcd68c2cd5e045d3c73af502841519f2b17d2f5985ced4e3
2025,2023,122409,122409001,San Diego,statutory_rape,Statutory Rape,criminal_offenses,noncampus,0,0,reported_numeric,8,8,6,https://police.sdsu.edu/_resources/files/annual-security-reports/2025-annual-security-report-finalized-08-18-25.pdf#page=8,3242ccb9a6632269bcd68c2cd5e045d3c73af502841519f2b17d2f5985ced4e3
2025,2023,122409,122409001,San Diego,statutory_rape,Statutory Rape,criminal_offenses,publicproperty,0,0,reported_numeric,8,8,6,https://police.sdsu.edu/_resources/files/annual-security-reports/2025-annual-security-report-finalized-08-18-25.pdf#page=8,3242ccb9a6632269bcd68c2cd5e045d3c73af502841519f2b17d2f5985ced4e3
2025,2024,122409,122409001,San Diego,statutory_rape,Statutory Rape,criminal_offenses,residential,0,0,reported_numeric,8,8,7,https://police.sdsu.edu/_resources/files/annual-security-reports/2025-annual-security-report-finalized-08-18-25.pdf#page=8,3242ccb9a6632269bcd68c2cd5e045d3c73af502841519f2b17d2f5985ced4e3
2025,2024,122409,122409001,San Diego,statutory_rape,Statutory Rape,criminal_offenses,oncampus,0,0,reported_numeric,8,8,7,https://police.sdsu.edu/_resources/files/annual-security-reports/2025-annual-security-report-finalized-08-18-25.pdf#page=8,3242ccb9a6632269bcd68c2cd5e045d3c73af502841519f2b17d2f5985ced4e3
2025,2024,122409,122409001,San Diego,statutory_rape,Statutory Rape,criminal_offenses,noncampus,0,0,reported_numeric,8,8,7,https://police.sdsu.edu/_resources/files/annual-security-reports/2025-annual-security-report-finalized-08-18-25.pdf#page=8,3242ccb9a6632269bcd68c2cd5e045d3c73af502841519f2b17d2f5985ced4e3
2025,2024,122409,122409001,San Diego,statutory_rape,Statutory Rape,criminal_offenses,publicproperty,0,0,reported_numeric,8,8,7,https://police.sdsu.edu/_resources/files/annual-security-reports/2025-annual-security-report-finalized-08-18-25.pdf#page=8,3242ccb9a6632269bcd68c2cd5e045d3c73af502841519f2b17d2f5985ced4e3
2025,2022,122409,122409001,San Diego,robbery,Robbery,criminal_offenses,residential,1,1,reported_numeric,8,8,14,https://police.sdsu.edu/_resources/files/annual-security-reports/2025-annual-security-report-finalized-08-18-25.pdf#page=8,3242ccb9a6632269bcd68c2cd5e045d3c73af502841519f2b17d2f5985ced4e3
2025,2022,122409,122409001,San Diego,robbery,Robbery,criminal_offenses,oncampus,5,5,reported_numeric,8,8,14,https://police.sdsu.edu/_resources/files/annual-security-reports/2025-annual-security-report-finalized-08-18-25.pdf#page=8,3242ccb9a6632269bcd68c2cd5e045d3c73af502841519f2b17d2f5985ced4e3
2025,2022,122409,122409001,San Diego,robbery,Robbery,criminal_offenses,noncampus,0,0,reported_numeric,8,8,14,https://police.sdsu.edu/_resources/files/annual-security-reports/2025-annual-security-report-finalized-08-18-25.pdf#page=8,3242ccb9a6632269bcd68c2cd5e045d3c73af502841519f2b17d2f5985ced4e3
2025,2022,122409,122409001,San Diego,robbery,Robbery,criminal_offenses,publicproperty,1,1,reported_numeric,8,8,14,https://police.sdsu.edu/_resources/files/annual-security-reports/2025-annual-security-report-finalized-08-18-25.pdf#page=8,3242ccb9a6632269bcd68c2cd5e045d3c73af502841519f2b17d2f5985ced4e3
2025,2023,122409,122409001,San Diego,robbery,Robbery,criminal_offenses,residential,0,0,reported_numeric,8,8,15,https://police.sdsu.edu/_resources/files/annual-security-reports/2025-annual-security-report-finalized-08-18-25.pdf#page=8,3242ccb9a6632269bcd68c2cd5e045d3c73af502841519f2b17d2f5985ced4e3
2025,2023,122409,122409001,San Diego,robbery,Robbery,criminal_offenses,oncampus,1,1,reported_numeric,8,8,15,https://police.sdsu.edu/_resources/files/annual-security-reports/2025-annual-security-report-finalized-08-18-25.pdf#page=8,3242ccb9a6632269bcd68c2cd5e045d3c73af502841519f2b17d2f5985ced4e3
2025,2023,122409,122409001,San Diego,robbery,Robbery,criminal_offenses,noncampus,0,0,reported_numeric,8,8,15,https://police.sdsu.edu/_resources/files/annual-security-reports/2025-annual-security-report-finalized-08-18-25.pdf#page=8,3242ccb9a6632269bcd68c2cd5e045d3c73af502841519f2b17d2f5985ced4e3
2025,2023,122409,122409001,San Diego,robbery,Robbery,criminal_offenses,publicproperty,2,2,reported_numeric,8,8,15,https://police.sdsu.edu/_resources/files/annual-security-reports/2025-annual-security-report-finalized-08-18-25.pdf#page=8,3242ccb9a6632269bcd68c2cd5e045d3c73af502841519f2b17d2f5985ced4e3
2025,2024,122409,122409001,San Diego,robbery,Robbery,criminal_offenses,residential,0,0,reported_numeric,8,8,16,https://police.sdsu.edu/_resources/files/annual-security-reports/2025-annual-security-report-finalized-08-18-25.pdf#page=8,3242ccb9a6632269bcd68c2cd5e045d3c73af502841519f2b17d2f5985ced4e3
2025,2024,122409,122409001,San Diego,robbery,Robbery,criminal_offenses,oncampus,2,2,reported_numeric,8,8,16,https://police.sdsu.edu/_resources/files/annual-security-reports/2025-annual-security-report-finalized-08-18-25.pdf#page=8,3242ccb9a6632269bcd68c2cd5e045d3c73af502841519f2b17d2f5985ced4e3
2025,2024,122409,122409001,San Diego,robbery,Robbery,criminal_offenses,noncampus,0,0,reported_numeric,8,8,16,https://police.sdsu.edu/_resources/files/annual-security-reports/2025-annual-security-report-finalized-08-18-25.pdf#page=8,3242ccb9a6632269bcd68c2cd5e045d3c73af502841519f2b17d2f5985ced4e3
2025,2024,122409,122409001,San Diego,robbery,Robbery,criminal_offenses,publicproperty,2,2,reported_numeric,8,8,16,https://police.sdsu.edu/_resources/files/annual-security-reports/2025-annual-security-report-finalized-08-18-25.pdf#page=8,3242ccb9a6632269bcd68c2cd5e045d3c73af502841519f2b17d2f5985ced4e3
2025,2022,122409,122409001,San Diego,aggravated_assault,Aggravated Assault,criminal_offenses,residential,2,2,reported_numeric,8,8,22,https://police.sdsu.edu/_resources/files/annual-security-reports/2025-annual-security-report-finalized-08-18-25.pdf#page=8,3242ccb9a6632269bcd68c2cd5e045d3c73af502841519f2b17d2f5985ced4e3
2025,2022,122409,122409001,San Diego,aggravated_assault,Aggravated Assault,criminal_offenses,oncampus,6,6,reported_numeric,8,8,22,https://police.sdsu.edu/_resources/files/annual-security-reports/2025-annual-security-report-finalized-08-18-25.pdf#page=8,3242ccb9a6632269bcd68c2cd5e045d3c73af502841519f2b17d2f5985ced4e3
2025,2022,122409,122409001,San Diego,aggravated_assault,Aggravated Assault,criminal_offenses,noncampus,0,0,reported_numeric,8,8,22,https://police.sdsu.edu/_resources/files/annual-security-reports/2025-annual-security-report-finalized-08-18-25.pdf#page=8,3242ccb9a6632269bcd68c2cd5e045d3c73af502841519f2b17d2f5985ced4e3
2025,2022,122409,122409001,San Diego,aggravated_assault,Aggravated Assault,criminal_offenses,publicproperty,2,2,reported_numeric,8,8,22,https://police.sdsu.edu/_resources/files/annual-security-reports/2025-annual-security-report-finalized-08-18-25.pdf#page=8,3242ccb9a6632269bcd68c2cd5e045d3c73af502841519f2b17d2f5985ced4e3
2025,2023,122409,122409001,San Diego,aggravated_assault,Aggravated Assault,criminal_offenses,residential,2,2,reported_numeric,8,8,23,https://police.sdsu.edu/_resources/files/annual-security-reports/2025-annual-security-report-finalized-08-18-25.pdf#page=8,3242ccb9a6632269bcd68c2cd5e045d3c73af502841519f2b17d2f5985ced4e3
2025,2023,122409,122409001,San Diego,aggravated_assault,Aggravated Assault,criminal_offenses,oncampus,4,4,reported_numeric,8,8,23,https://police.sdsu.edu/_resources/files/annual-security-reports/2025-annual-security-report-finalized-08-18-25.pdf#page=8,3242ccb9a6632269bcd68c2cd5e045d3c73af502841519f2b17d2f5985ced4e3
2025,2023,122409,122409001,San Diego,aggravated_assault,Aggravated Assault,criminal_offenses,noncampus,2,2,reported_numeric,8,8,23,https://police.sdsu.edu/_resources/files/annual-security-reports/2025-annual-security-report-finalized-08-18-25.pdf#page=8,3242ccb9a6632269bcd68c2cd5e045d3c73af502841519f2b17d2f5985ced4e3
2025,2023,122409,122409001,San Diego,aggravated_assault,Aggravated Assault,criminal_offenses,publicproperty,1,1,reported_numeric,8,8,23,https://police.sdsu.edu/_resources/files/annual-security-reports/2025-annual-security-report-finalized-08-18-25.pdf#page=8,3242ccb9a6632269bcd68c2cd5e045d3c73af502841519f2b17d2f5985ced4e3
2025,2024,122409,122409001,San Diego,aggravated_assault,Aggravated Assault,criminal_offenses,residential,1,1,reported_numeric,8,8,24,https://police.sdsu.edu/_resources/files/annual-security-reports/2025-annual-security-report-finalized-08-18-25.pdf#page=8,3242ccb9a6632269bcd68c2cd5e045d3c73af502841519f2b17d2f5985ced4e3
2025,2024,122409,122409001,San Diego,aggravated_assault,Aggravated Assault,criminal_offenses,oncampus,14,14,reported_numeric,8,8,24,https://police.sdsu.edu/_resources/files/annual-security-reports/2025-annual-security-report-finalized-08-18-25.pdf#page=8,3242ccb9a6632269bcd68c2cd5e045d3c73af502841519f2b17d2f5985ced4e3
2025,2024,122409,122409001,San Diego,aggravated_assault,Aggravated Assault,criminal_offenses,noncampus,4,4,reported_numeric,8,8,24,https://police.sdsu.edu/_resources/files/annual-security-reports/2025-annual-security-report-finalized-08-18-25.pdf#page=8,3242ccb9a6632269bcd68c2cd5e045d3c73af502841519f2b17d2f5985ced4e3
2025,2024,122409,122409001,San Diego,aggravated_assault,Aggravated Assault,criminal_offenses,publicproperty,3,3,reported_numeric,8,8,24,https://police.sdsu.edu/_resources/files/annual-security-reports/2025-annual-security-report-finalized-08-18-25.pdf#page=8,3242ccb9a6632269bcd68c2cd5e045d3c73af502841519f2b17d2f5985ced4e3
2025,2022,122409,122409001,San Diego,burglary,Burglary,criminal_offenses,residential,18,18,reported_numeric,8,8,30,https://police.sdsu.edu/_resources/files/annual-security-reports/2025-annual-security-report-finalized-08-18-25.pdf#page=8,3242ccb9a6632269bcd68c2cd5e045d3c73af502841519f2b17d2f5985ced4e3
2025,2022,122409,122409001,San Diego,burglary,Burglary,criminal_offenses,oncampus,50,50,reported_numeric,8,8,30,https://police.sdsu.edu/_resources/files/annual-security-reports/2025-annual-security-report-finalized-08-18-25.pdf#page=8,3242ccb9a6632269bcd68c2cd5e045d3c73af502841519f2b17d2f5985ced4e3
2025,2022,122409,122409001,San Diego,burglary,Burglary,criminal_offenses,noncampus,7,7,reported_numeric,8,8,30,https://police.sdsu.edu/_resources/files/annual-security-reports/2025-annual-security-report-finalized-08-18-25.pdf#page=8,3242ccb9a6632269bcd68c2cd5e045d3c73af502841519f2b17d2f5985ced4e3
2025,2022,122409,122409001,San Diego,burglary,Burglary,criminal_offenses,publicproperty,0,0,reported_numeric,8,8,30,https://police.sdsu.edu/_resources/files/annual-security-reports/2025-annual-security-report-finalized-08-18-25.pdf#page=8,3242ccb9a6632269bcd68c2cd5e045d3c73af502841519f2b17d2f5985ced4e3
2025,2023,122409,122409001,San Diego,burglary,Burglary,criminal_offenses,residential,6,6,reported_numeric,8,8,31,https://police.sdsu.edu/_resources/files/annual-security-reports/2025-annual-security-report-finalized-08-18-25.pdf#page=8,3242ccb9a6632269bcd68c2cd5e045d3c73af502841519f2b17d2f5985ced4e3
2025,2023,122409,122409001,San Diego,burglary,Burglary,criminal_offenses,oncampus,18,18,reported_numeric,8,8,31,https://police.sdsu.edu/_resources/files/annual-security-reports/2025-annual-security-report-finalized-08-18-25.pdf#page=8,3242ccb9a6632269bcd68c2cd5e045d3c73af502841519f2b17d2f5985ced4e3
2025,2023,122409,122409001,San Diego,burglary,Burglary,criminal_offenses,noncampus,5,5,reported_numeric,8,8,31,https://police.sdsu.edu/_resources/files/annual-security-reports/2025-annual-security-report-finalized-08-18-25.pdf#page=8,3242ccb9a6632269bcd68c2cd5e045d3c73af502841519f2b17d2f5985ced4e3
2025,2023,122409,122409001,San Diego,burglary,Burglary,criminal_offenses,publicproperty,0,0,reported_numeric,8,8,31,https://police.sdsu.edu/_resources/files/annual-security-reports/2025-annual-security-report-finalized-08-18-25.pdf#page=8,3242ccb9a6632269bcd68c2cd5e045d3c73af502841519f2b17d2f5985ced4e3
2025,2024,122409,122409001,San Diego,burglary,Burglary,criminal_offenses,residential,5,5,reported_numeric,8,8,32,https://police.sdsu.edu/_resources/files/annual-security-reports/2025-annual-security-report-finalized-08-18-25.pdf#page=8,3242ccb9a6632269bcd68c2cd5e045d3c73af502841519f2b17d2f5985ced4e3
2025,2024,122409,122409001,San Diego,burglary,Burglary,criminal_offenses,oncampus,20,20,reported_numeric,8,8,32,https://police.sdsu.edu/_resources/files/annual-security-reports/2025-annual-security-report-finalized-08-18-25.pdf#page=8,3242ccb9a6632269bcd68c2cd5e045d3c73af502841519f2b17d2f5985ced4e3
2025,2024,122409,122409001,San Diego,burglary,Burglary,criminal_offenses,noncampus,11,11,reported_numeric,8,8,32,https://police.sdsu.edu/_resources/files/annual-security-reports/2025-annual-security-report-finalized-08-18-25.pdf#page=8,3242ccb9a6632269bcd68c2cd5e045d3c73af502841519f2b17d2f5985ced4e3
2025,2024,122409,122409001,San Diego,burglary,Burglary,criminal_offenses,publicproperty,0,0,reported_numeric,8,8,32,https://police.sdsu.edu/_resources/files/annual-security-reports/2025-annual-security-report-finalized-08-18-25.pdf#page=8,3242ccb9a6632269bcd68c2cd5e045d3c73af502841519f2b17d2f5985ced4e3
2025,2022,122409,122409001,San Diego,motor_vehicle_theft,Motor Vehicle Theft,criminal_offenses,residential,0,0,reported_numeric,8,8,39,https://police.sdsu.edu/_resources/files/annual-security-reports/2025-annual-security-report-finalized-08-18-25.pdf#page=8,3242ccb9a6632269bcd68c2cd5e045d3c73af502841519f2b17d2f5985ced4e3
2025,2022,122409,122409001,San Diego,motor_vehicle_theft,Motor Vehicle Theft,criminal_offenses,oncampus,11,11,reported_numeric,8,8,39,https://police.sdsu.edu/_resources/files/annual-security-reports/2025-annual-security-report-finalized-08-18-25.pdf#page=8,3242ccb9a6632269bcd68c2cd5e045d3c73af502841519f2b17d2f5985ced4e3
2025,2022,122409,122409001,San Diego,motor_vehicle_theft,Motor Vehicle Theft,criminal_offenses,noncampus,0,0,reported_numeric,8,8,39,https://police.sdsu.edu/_resources/files/annual-security-reports/2025-annual-security-report-finalized-08-18-25.pdf#page=8,3242ccb9a6632269bcd68c2cd5e045d3c73af502841519f2b17d2f5985ced4e3
2025,2022,122409,122409001,San Diego,motor_vehicle_theft,Motor Vehicle Theft,criminal_offenses,publicproperty,1,1,reported_numeric,8,8,39,https://police.sdsu.edu/_resources/files/annual-security-reports/2025-annual-security-report-finalized-08-18-25.pdf#page=8,3242ccb9a6632269bcd68c2cd5e045d3c73af502841519f2b17d2f5985ced4e3
2025,2023,122409,122409001,San Diego,motor_vehicle_theft,Motor Vehicle Theft,criminal_offenses,residential,0,0,reported_numeric,8,8,40,https://police.sdsu.edu/_resources/files/annual-security-reports/2025-annual-security-report-finalized-08-18-25.pdf#page=8,3242ccb9a6632269bcd68c2cd5e045d3c73af502841519f2b17d2f5985ced4e3
2025,2023,122409,122409001,San Diego,motor_vehicle_theft,Motor Vehicle Theft,criminal_offenses,oncampus,16,16,reported_numeric,8,8,40,https://police.sdsu.edu/_resources/files/annual-security-reports/2025-annual-security-report-finalized-08-18-25.pdf#page=8,3242ccb9a6632269bcd68c2cd5e045d3c73af502841519f2b17d2f5985ced4e3
2025,2023,122409,122409001,San Diego,motor_vehicle_theft,Motor Vehicle Theft,criminal_offenses,noncampus,2,2,reported_numeric,8,8,40,https://police.sdsu.edu/_resources/files/annual-security-reports/2025-annual-security-report-finalized-08-18-25.pdf#page=8,3242ccb9a6632269bcd68c2cd5e045d3c73af502841519f2b17d2f5985ced4e3
2025,2023,122409,122409001,San Diego,motor_vehicle_theft,Motor Vehicle Theft,criminal_offenses,publicproperty,0,0,reported_numeric,8,8,40,https://police.sdsu.edu/_resources/files/annual-security-reports/2025-annual-security-report-finalized-08-18-25.pdf#page=8,3242ccb9a6632269bcd68c2cd5e045d3c73af502841519f2b17d2f5985ced4e3
2025,2024,122409,122409001,San Diego,motor_vehicle_theft,Motor Vehicle Theft,criminal_offenses,residential,0,0,reported_numeric,8,8,41,https://police.sdsu.edu/_resources/files/annual-security-reports/2025-annual-security-report-finalized-08-18-25.pdf#page=8,3242ccb9a6632269bcd68c2cd5e045d3c73af502841519f2b17d2f5985ced4e3
2025,2024,122409,122409001,San Diego,motor_vehicle_theft,Motor Vehicle Theft,criminal_offenses,oncampus,6,6,reported_numeric,8,8,41,https://police.sdsu.edu/_resources/files/annual-security-reports/2025-annual-security-report-finalized-08-18-25.pdf#page=8,3242ccb9a6632269bcd68c2cd5e045d3c73af502841519f2b17d2f5985ced4e3
2025,2024,122409,122409001,San Diego,motor_vehicle_theft,Motor Vehicle Theft,criminal_offenses,noncampus,0,0,reported_numeric,8,8,41,https://police.sdsu.edu/_resources/files/annual-security-reports/2025-annual-security-report-finalized-08-18-25.pdf#page=8,3242ccb9a6632269bcd68c2cd5e045d3c73af502841519f2b17d2f5985ced4e3
2025,2024,122409,122409001,San Diego,motor_vehicle_theft,Motor Vehicle Theft,criminal_offenses,publicproperty,1,1,reported_numeric,8,8,41,https://police.sdsu.edu/_resources/files/annual-security-reports/2025-annual-security-report-finalized-08-18-25.pdf#page=8,3242ccb9a6632269bcd68c2cd5e045d3c73af502841519f2b17d2f5985ced4e3
2025,2022,122409,122409001,San Diego,arson,Arson,criminal_offenses,residential,1,1,reported_numeric,9,9,5,https://police.sdsu.edu/_resources/files/annual-security-reports/2025-annual-security-report-finalized-08-18-25.pdf#page=9,3242ccb9a6632269bcd68c2cd5e045d3c73af502841519f2b17d2f5985ced4e3
2025,2022,122409,122409001,San Diego,arson,Arson,criminal_offenses,oncampus,3,3,reported_numeric,9,9,5,https://police.sdsu.edu/_resources/files/annual-security-reports/2025-annual-security-report-finalized-08-18-25.pdf#page=9,3242ccb9a6632269bcd68c2cd5e045d3c73af502841519f2b17d2f5985ced4e3
2025,2022,122409,122409001,San Diego,arson,Arson,criminal_offenses,noncampus,0,0,reported_numeric,9,9,5,https://police.sdsu.edu/_resources/files/annual-security-reports/2025-annual-security-report-finalized-08-18-25.pdf#page=9,3242ccb9a6632269bcd68c2cd5e045d3c73af502841519f2b17d2f5985ced4e3
2025,2022,122409,122409001,San Diego,arson,Arson,criminal_offenses,publicproperty,0,0,reported_numeric,9,9,5,https://police.sdsu.edu/_resources/files/annual-security-reports/2025-annual-security-report-finalized-08-18-25.pdf#page=9,3242ccb9a6632269bcd68c2cd5e045d3c73af502841519f2b17d2f5985ced4e3
2025,2023,122409,122409001,San Diego,arson,Arson,criminal_offenses,residential,0,0,reported_numeric,9,9,6,https://police.sdsu.edu/_resources/files/annual-security-reports/2025-annual-security-report-finalized-08-18-25.pdf#page=9,3242ccb9a6632269bcd68c2cd5e045d3c73af502841519f2b17d2f5985ced4e3
2025,2023,122409,122409001,San Diego,arson,Arson,criminal_offenses,oncampus,1,1,reported_numeric,9,9,6,https://police.sdsu.edu/_resources/files/annual-security-reports/2025-annual-security-report-finalized-08-18-25.pdf#page=9,3242ccb9a6632269bcd68c2cd5e045d3c73af502841519f2b17d2f5985ced4e3
2025,2023,122409,122409001,San Diego,arson,Arson,criminal_offenses,noncampus,0,0,reported_numeric,9,9,6,https://police.sdsu.edu/_resources/files/annual-security-reports/2025-annual-security-report-finalized-08-18-25.pdf#page=9,3242ccb9a6632269bcd68c2cd5e045d3c73af502841519f2b17d2f5985ced4e3
2025,2023,122409,122409001,San Diego,arson,Arson,criminal_offenses,publicproperty,1,1,reported_numeric,9,9,6,https://police.sdsu.edu/_resources/files/annual-security-reports/2025-annual-security-report-finalized-08-18-25.pdf#page=9,3242ccb9a6632269bcd68c2cd5e045d3c73af502841519f2b17d2f5985ced4e3
2025,2024,122409,122409001,San Diego,arson,Arson,criminal_offenses,residential,0,0,reported_numeric,9,9,7,https://police.sdsu.edu/_resources/files/annual-security-reports/2025-annual-security-report-finalized-08-18-25.pdf#page=9,3242ccb9a6632269bcd68c2cd5e045d3c73af502841519f2b17d2f5985ced4e3
2025,2024,122409,122409001,San Diego,arson,Arson,criminal_offenses,oncampus,1,1,reported_numeric,9,9,7,https://police.sdsu.edu/_resources/files/annual-security-reports/2025-annual-security-report-finalized-08-18-25.pdf#page=9,3242ccb9a6632269bcd68c2cd5e045d3c73af502841519f2b17d2f5985ced4e3
2025,2024,122409,122409001,San Diego,arson,Arson,criminal_offenses,noncampus,0,0,reported_numeric,9,9,7,https://police.sdsu.edu/_resources/files/annual-security-reports/2025-annual-security-report-finalized-08-18-25.pdf#page=9,3242ccb9a6632269bcd68c2cd5e045d3c73af502841519f2b17d2f5985ced4e3
2025,2024,122409,122409001,San Diego,arson,Arson,criminal_offenses,publicproperty,0,0,reported_numeric,9,9,7,https://police.sdsu.edu/_resources/files/annual-security-reports/2025-annual-security-report-finalized-08-18-25.pdf#page=9,3242ccb9a6632269bcd68c2cd5e045d3c73af502841519f2b17d2f5985ced4e3
2025,2022,122409,122409001,San Diego,domestic_violence,Domestic Violence,vawa,residential,3,3,reported_numeric,9,9,14,https://police.sdsu.edu/_resources/files/annual-security-reports/2025-annual-security-report-finalized-08-18-25.pdf#page=9,3242ccb9a6632269bcd68c2cd5e045d3c73af502841519f2b17d2f5985ced4e3
2025,2022,122409,122409001,San Diego,domestic_violence,Domestic Violence,vawa,oncampus,4,4,reported_numeric,9,9,14,https://police.sdsu.edu/_resources/files/annual-security-reports/2025-annual-security-report-finalized-08-18-25.pdf#page=9,3242ccb9a6632269bcd68c2cd5e045d3c73af502841519f2b17d2f5985ced4e3
2025,2022,122409,122409001,San Diego,domestic_violence,Domestic Violence,vawa,noncampus,1,1,reported_numeric,9,9,14,https://police.sdsu.edu/_resources/files/annual-security-reports/2025-annual-security-report-finalized-08-18-25.pdf#page=9,3242ccb9a6632269bcd68c2cd5e045d3c73af502841519f2b17d2f5985ced4e3
2025,2022,122409,122409001,San Diego,domestic_violence,Domestic Violence,vawa,publicproperty,0,0,reported_numeric,9,9,14,https://police.sdsu.edu/_resources/files/annual-security-reports/2025-annual-security-report-finalized-08-18-25.pdf#page=9,3242ccb9a6632269bcd68c2cd5e045d3c73af502841519f2b17d2f5985ced4e3
2025,2023,122409,122409001,San Diego,domestic_violence,Domestic Violence,vawa,residential,0,0,reported_numeric,9,9,15,https://police.sdsu.edu/_resources/files/annual-security-reports/2025-annual-security-report-finalized-08-18-25.pdf#page=9,3242ccb9a6632269bcd68c2cd5e045d3c73af502841519f2b17d2f5985ced4e3
2025,2023,122409,122409001,San Diego,domestic_violence,Domestic Violence,vawa,oncampus,2,2,reported_numeric,9,9,15,https://police.sdsu.edu/_resources/files/annual-security-reports/2025-annual-security-report-finalized-08-18-25.pdf#page=9,3242ccb9a6632269bcd68c2cd5e045d3c73af502841519f2b17d2f5985ced4e3
2025,2023,122409,122409001,San Diego,domestic_violence,Domestic Violence,vawa,noncampus,0,0,reported_numeric,9,9,15,https://police.sdsu.edu/_resources/files/annual-security-reports/2025-annual-security-report-finalized-08-18-25.pdf#page=9,3242ccb9a6632269bcd68c2cd5e045d3c73af502841519f2b17d2f5985ced4e3
2025,2023,122409,122409001,San Diego,domestic_violence,Domestic Violence,vawa,publicproperty,0,0,reported_numeric,9,9,15,https://police.sdsu.edu/_resources/files/annual-security-reports/2025-annual-security-report-finalized-08-18-25.pdf#page=9,3242ccb9a6632269bcd68c2cd5e045d3c73af502841519f2b17d2f5985ced4e3
2025,2024,122409,122409001,San Diego,domestic_violence,Domestic Violence,vawa,residential,3,3,reported_numeric,9,9,16,https://police.sdsu.edu/_resources/files/annual-security-reports/2025-annual-security-report-finalized-08-18-25.pdf#page=9,3242ccb9a6632269bcd68c2cd5e045d3c73af502841519f2b17d2f5985ced4e3
2025,2024,122409,122409001,San Diego,domestic_violence,Domestic Violence,vawa,oncampus,10,10,reported_numeric,9,9,16,https://police.sdsu.edu/_resources/files/annual-security-reports/2025-annual-security-report-finalized-08-18-25.pdf#page=9,3242ccb9a6632269bcd68c2cd5e045d3c73af502841519f2b17d2f5985ced4e3
2025,2024,122409,122409001,San Diego,domestic_violence,Domestic Violence,vawa,noncampus,1,1,reported_numeric,9,9,16,https://police.sdsu.edu/_resources/files/annual-security-reports/2025-annual-security-report-finalized-08-18-25.pdf#page=9,3242ccb9a6632269bcd68c2cd5e045d3c73af502841519f2b17d2f5985ced4e3
2025,2024,122409,122409001,San Diego,domestic_violence,Domestic Violence,vawa,publicproperty,0,0,reported_numeric,9,9,16,https://police.sdsu.edu/_resources/files/annual-security-reports/2025-annual-security-report-finalized-08-18-25.pdf#page=9,3242ccb9a6632269bcd68c2cd5e045d3c73af502841519f2b17d2f5985ced4e3
2025,2022,122409,122409001,San Diego,dating_violence,Dating Violence,vawa,residential,0,0,reported_numeric,9,9,22,https://police.sdsu.edu/_resources/files/annual-security-reports/2025-annual-security-report-finalized-08-18-25.pdf#page=9,3242ccb9a6632269bcd68c2cd5e045d3c73af502841519f2b17d2f5985ced4e3
2025,2022,122409,122409001,San Diego,dating_violence,Dating Violence,vawa,oncampus,0,0,reported_numeric,9,9,22,https://police.sdsu.edu/_resources/files/annual-security-reports/2025-annual-security-report-finalized-08-18-25.pdf#page=9,3242ccb9a6632269bcd68c2cd5e045d3c73af502841519f2b17d2f5985ced4e3
2025,2022,122409,122409001,San Diego,dating_violence,Dating Violence,vawa,noncampus,0,0,reported_numeric,9,9,22,https://police.sdsu.edu/_resources/files/annual-security-reports/2025-annual-security-report-finalized-08-18-25.pdf#page=9,3242ccb9a6632269bcd68c2cd5e045d3c73af502841519f2b17d2f5985ced4e3
2025,2022,122409,122409001,San Diego,dating_violence,Dating Violence,vawa,publicproperty,0,0,reported_numeric,9,9,22,https://police.sdsu.edu/_resources/files/annual-security-reports/2025-annual-security-report-finalized-08-18-25.pdf#page=9,3242ccb9a6632269bcd68c2cd5e045d3c73af502841519f2b17d2f5985ced4e3
2025,2023,122409,122409001,San Diego,dating_violence,Dating Violence,vawa,residential,0,0,reported_numeric,9,9,23,https://police.sdsu.edu/_resources/files/annual-security-reports/2025-annual-security-report-finalized-08-18-25.pdf#page=9,3242ccb9a6632269bcd68c2cd5e045d3c73af502841519f2b17d2f5985ced4e3
2025,2023,122409,122409001,San Diego,dating_violence,Dating Violence,vawa,oncampus,0,0,reported_numeric,9,9,23,https://police.sdsu.edu/_resources/files/annual-security-reports/2025-annual-security-report-finalized-08-18-25.pdf#page=9,3242ccb9a6632269bcd68c2cd5e045d3c73af502841519f2b17d2f5985ced4e3
2025,2023,122409,122409001,San Diego,dating_violence,Dating Violence,vawa,noncampus,0,0,reported_numeric,9,9,23,https://police.sdsu.edu/_resources/files/annual-security-reports/2025-annual-security-report-finalized-08-18-25.pdf#page=9,3242ccb9a6632269bcd68c2cd5e045d3c73af502841519f2b17d2f5985ced4e3
2025,2023,122409,122409001,San Diego,dating_violence,Dating Violence,vawa,publicproperty,0,0,reported_numeric,9,9,23,https://police.sdsu.edu/_resources/files/annual-security-reports/2025-annual-security-report-finalized-08-18-25.pdf#page=9,3242ccb9a6632269bcd68c2cd5e045d3c73af502841519f2b17d2f5985ced4e3
2025,2024,122409,122409001,San Diego,dating_violence,Dating Violence,vawa,residential,0,0,reported_numeric,9,9,24,https://police.sdsu.edu/_resources/files/annual-security-reports/2025-annual-security-report-finalized-08-18-25.pdf#page=9,3242ccb9a6632269bcd68c2cd5e045d3c73af502841519f2b17d2f5985ced4e3
2025,2024,122409,122409001,San Diego,dating_violence,Dating Violence,vawa,oncampus,0,0,reported_numeric,9,9,24,https://police.sdsu.edu/_resources/files/annual-security-reports/2025-annual-security-report-finalized-08-18-25.pdf#page=9,3242ccb9a6632269bcd68c2cd5e045d3c73af502841519f2b17d2f5985ced4e3
2025,2024,122409,122409001,San Diego,dating_violence,Dating Violence,vawa,noncampus,0,0,reported_numeric,9,9,24,https://police.sdsu.edu/_resources/files/annual-security-reports/2025-annual-security-report-finalized-08-18-25.pdf#page=9,3242ccb9a6632269bcd68c2cd5e045d3c73af502841519f2b17d2f5985ced4e3
2025,2024,122409,122409001,San Diego,dating_violence,Dating Violence,vawa,publicproperty,0,0,reported_numeric,9,9,24,https://police.sdsu.edu/_resources/files/annual-security-reports/2025-annual-security-report-finalized-08-18-25.pdf#page=9,3242ccb9a6632269bcd68c2cd5e045d3c73af502841519f2b17d2f5985ced4e3
2025,2022,122409,122409001,San Diego,stalking,Stalking,vawa,residential,0,0,reported_numeric,9,9,30,https://police.sdsu.edu/_resources/files/annual-security-reports/2025-annual-security-report-finalized-08-18-25.pdf#page=9,3242ccb9a6632269bcd68c2cd5e045d3c73af502841519f2b17d2f5985ced4e3
2025,2022,122409,122409001,San Diego,stalking,Stalking,vawa,oncampus,0,0,reported_numeric,9,9,30,https://police.sdsu.edu/_resources/files/annual-security-reports/2025-annual-security-report-finalized-08-18-25.pdf#page=9,3242ccb9a6632269bcd68c2cd5e045d3c73af502841519f2b17d2f5985ced4e3
2025,2022,122409,122409001,San Diego,stalking,Stalking,vawa,noncampus,0,0,reported_numeric,9,9,30,https://police.sdsu.edu/_resources/files/annual-security-reports/2025-annual-security-report-finalized-08-18-25.pdf#page=9,3242ccb9a6632269bcd68c2cd5e045d3c73af502841519f2b17d2f5985ced4e3
2025,2022,122409,122409001,San Diego,stalking,Stalking,vawa,publicproperty,0,0,reported_numeric,9,9,30,https://police.sdsu.edu/_resources/files/annual-security-reports/2025-annual-security-report-finalized-08-18-25.pdf#page=9,3242ccb9a6632269bcd68c2cd5e045d3c73af502841519f2b17d2f5985ced4e3
2025,2023,122409,122409001,San Diego,stalking,Stalking,vawa,residential,1,1,reported_numeric,9,9,31,https://police.sdsu.edu/_resources/files/annual-security-reports/2025-annual-security-report-finalized-08-18-25.pdf#page=9,3242ccb9a6632269bcd68c2cd5e045d3c73af502841519f2b17d2f5985ced4e3
2025,2023,122409,122409001,San Diego,stalking,Stalking,vawa,oncampus,2,2,reported_numeric,9,9,31,https://police.sdsu.edu/_resources/files/annual-security-reports/2025-annual-security-report-finalized-08-18-25.pdf#page=9,3242ccb9a6632269bcd68c2cd5e045d3c73af502841519f2b17d2f5985ced4e3
2025,2023,122409,122409001,San Diego,stalking,Stalking,vawa,noncampus,0,0,reported_numeric,9,9,31,https://police.sdsu.edu/_resources/files/annual-security-reports/2025-annual-security-report-finalized-08-18-25.pdf#page=9,3242ccb9a6632269bcd68c2cd5e045d3c73af502841519f2b17d2f5985ced4e3
2025,2023,122409,122409001,San Diego,stalking,Stalking,vawa,publicproperty,0,0,reported_numeric,9,9,31,https://police.sdsu.edu/_resources/files/annual-security-reports/2025-annual-security-report-finalized-08-18-25.pdf#page=9,3242ccb9a6632269bcd68c2cd5e045d3c73af502841519f2b17d2f5985ced4e3
2025,2024,122409,122409001,San Diego,stalking,Stalking,vawa,residential,0,0,reported_numeric,9,9,32,https://police.sdsu.edu/_resources/files/annual-security-reports/2025-annual-security-report-finalized-08-18-25.pdf#page=9,3242ccb9a6632269bcd68c2cd5e045d3c73af502841519f2b17d2f5985ced4e3
2025,2024,122409,122409001,San Diego,stalking,Stalking,vawa,oncampus,0,0,reported_numeric,9,9,32,https://police.sdsu.edu/_resources/files/annual-security-reports/2025-annual-security-report-finalized-08-18-25.pdf#page=9,3242ccb9a6632269bcd68c2cd5e045d3c73af502841519f2b17d2f5985ced4e3
2025,2024,122409,122409001,San Diego,stalking,Stalking,vawa,noncampus,0,0,reported_numeric,9,9,32,https://police.sdsu.edu/_resources/files/annual-security-reports/2025-annual-security-report-finalized-08-18-25.pdf#page=9,3242ccb9a6632269bcd68c2cd5e045d3c73af502841519f2b17d2f5985ced4e3
2025,2024,122409,122409001,San Diego,stalking,Stalking,vawa,publicproperty,0,0,reported_numeric,9,9,32,https://police.sdsu.edu/_resources/files/annual-security-reports/2025-annual-security-report-finalized-08-18-25.pdf#page=9,3242ccb9a6632269bcd68c2cd5e045d3c73af502841519f2b17d2f5985ced4e3
2025,2022,122409,122409001,San Diego,arrests_weapons,Arrests for Weapons Law Violations,arrests,residential,1,1,reported_numeric,9,9,39,https://police.sdsu.edu/_resources/files/annual-security-reports/2025-annual-security-report-finalized-08-18-25.pdf#page=9,3242ccb9a6632269bcd68c2cd5e045d3c73af502841519f2b17d2f5985ced4e3
2025,2022,122409,122409001,San Diego,arrests_weapons,Arrests for Weapons Law Violations,arrests,oncampus,11,11,reported_numeric,9,9,39,https://police.sdsu.edu/_resources/files/annual-security-reports/2025-annual-security-report-finalized-08-18-25.pdf#page=9,3242ccb9a6632269bcd68c2cd5e045d3c73af502841519f2b17d2f5985ced4e3
2025,2022,122409,122409001,San Diego,arrests_weapons,Arrests for Weapons Law Violations,arrests,noncampus,1,1,reported_numeric,9,9,39,https://police.sdsu.edu/_resources/files/annual-security-reports/2025-annual-security-report-finalized-08-18-25.pdf#page=9,3242ccb9a6632269bcd68c2cd5e045d3c73af502841519f2b17d2f5985ced4e3
2025,2022,122409,122409001,San Diego,arrests_weapons,Arrests for Weapons Law Violations,arrests,publicproperty,0,0,reported_numeric,9,9,39,https://police.sdsu.edu/_resources/files/annual-security-reports/2025-annual-security-report-finalized-08-18-25.pdf#page=9,3242ccb9a6632269bcd68c2cd5e045d3c73af502841519f2b17d2f5985ced4e3
2025,2023,122409,122409001,San Diego,arrests_weapons,Arrests for Weapons Law Violations,arrests,residential,0,0,reported_numeric,9,9,40,https://police.sdsu.edu/_resources/files/annual-security-reports/2025-annual-security-report-finalized-08-18-25.pdf#page=9,3242ccb9a6632269bcd68c2cd5e045d3c73af502841519f2b17d2f5985ced4e3
2025,2023,122409,122409001,San Diego,arrests_weapons,Arrests for Weapons Law Violations,arrests,oncampus,7,7,reported_numeric,9,9,40,https://police.sdsu.edu/_resources/files/annual-security-reports/2025-annual-security-report-finalized-08-18-25.pdf#page=9,3242ccb9a6632269bcd68c2cd5e045d3c73af502841519f2b17d2f5985ced4e3
2025,2023,122409,122409001,San Diego,arrests_weapons,Arrests for Weapons Law Violations,arrests,noncampus,1,1,reported_numeric,9,9,40,https://police.sdsu.edu/_resources/files/annual-security-reports/2025-annual-security-report-finalized-08-18-25.pdf#page=9,3242ccb9a6632269bcd68c2cd5e045d3c73af502841519f2b17d2f5985ced4e3
2025,2023,122409,122409001,San Diego,arrests_weapons,Arrests for Weapons Law Violations,arrests,publicproperty,0,0,reported_numeric,9,9,40,https://police.sdsu.edu/_resources/files/annual-security-reports/2025-annual-security-report-finalized-08-18-25.pdf#page=9,3242ccb9a6632269bcd68c2cd5e045d3c73af502841519f2b17d2f5985ced4e3
2025,2024,122409,122409001,San Diego,arrests_weapons,Arrests for Weapons Law Violations,arrests,residential,3,3,reported_numeric,9,9,41,https://police.sdsu.edu/_resources/files/annual-security-reports/2025-annual-security-report-finalized-08-18-25.pdf#page=9,3242ccb9a6632269bcd68c2cd5e045d3c73af502841519f2b17d2f5985ced4e3
2025,2024,122409,122409001,San Diego,arrests_weapons,Arrests for Weapons Law Violations,arrests,oncampus,20,20,reported_numeric,9,9,41,https://police.sdsu.edu/_resources/files/annual-security-reports/2025-annual-security-report-finalized-08-18-25.pdf#page=9,3242ccb9a6632269bcd68c2cd5e045d3c73af502841519f2b17d2f5985ced4e3
2025,2024,122409,122409001,San Diego,arrests_weapons,Arrests for Weapons Law Violations,arrests,noncampus,1,1,reported_numeric,9,9,41,https://police.sdsu.edu/_resources/files/annual-security-reports/2025-annual-security-report-finalized-08-18-25.pdf#page=9,3242ccb9a6632269bcd68c2cd5e045d3c73af502841519f2b17d2f5985ced4e3
2025,2024,122409,122409001,San Diego,arrests_weapons,Arrests for Weapons Law Violations,arrests,publicproperty,1,1,reported_numeric,9,9,41,https://police.sdsu.edu/_resources/files/annual-security-reports/2025-annual-security-report-finalized-08-18-25.pdf#page=9,3242ccb9a6632269bcd68c2cd5e045d3c73af502841519f2b17d2f5985ced4e3
2025,2022,122409,122409001,San Diego,arrests_drug,Arrests for Drug Law Violations,arrests,residential,1,1,reported_numeric,10,10,5,https://police.sdsu.edu/_resources/files/annual-security-reports/2025-annual-security-report-finalized-08-18-25.pdf#page=10,3242ccb9a6632269bcd68c2cd5e045d3c73af502841519f2b17d2f5985ced4e3
2025,2022,122409,122409001,San Diego,arrests_drug,Arrests for Drug Law Violations,arrests,oncampus,36,36,reported_numeric,10,10,5,https://police.sdsu.edu/_resources/files/annual-security-reports/2025-annual-security-report-finalized-08-18-25.pdf#page=10,3242ccb9a6632269bcd68c2cd5e045d3c73af502841519f2b17d2f5985ced4e3
2025,2022,122409,122409001,San Diego,arrests_drug,Arrests for Drug Law Violations,arrests,noncampus,6,6,reported_numeric,10,10,5,https://police.sdsu.edu/_resources/files/annual-security-reports/2025-annual-security-report-finalized-08-18-25.pdf#page=10,3242ccb9a6632269bcd68c2cd5e045d3c73af502841519f2b17d2f5985ced4e3
2025,2022,122409,122409001,San Diego,arrests_drug,Arrests for Drug Law Violations,arrests,publicproperty,11,11,reported_numeric,10,10,5,https://police.sdsu.edu/_resources/files/annual-security-reports/2025-annual-security-report-finalized-08-18-25.pdf#page=10,3242ccb9a6632269bcd68c2cd5e045d3c73af502841519f2b17d2f5985ced4e3
2025,2023,122409,122409001,San Diego,arrests_drug,Arrests for Drug Law Violations,arrests,residential,1,1,reported_numeric,10,10,6,https://police.sdsu.edu/_resources/files/annual-security-reports/2025-annual-security-report-finalized-08-18-25.pdf#page=10,3242ccb9a6632269bcd68c2cd5e045d3c73af502841519f2b17d2f5985ced4e3
2025,2023,122409,122409001,San Diego,arrests_drug,Arrests for Drug Law Violations,arrests,oncampus,14,14,reported_numeric,10,10,6,https://police.sdsu.edu/_resources/files/annual-security-reports/2025-annual-security-report-finalized-08-18-25.pdf#page=10,3242ccb9a6632269bcd68c2cd5e045d3c73af502841519f2b17d2f5985ced4e3
2025,2023,122409,122409001,San Diego,arrests_drug,Arrests for Drug Law Violations,arrests,noncampus,0,0,reported_numeric,10,10,6,https://police.sdsu.edu/_resources/files/annual-security-reports/2025-annual-security-report-finalized-08-18-25.pdf#page=10,3242ccb9a6632269bcd68c2cd5e045d3c73af502841519f2b17d2f5985ced4e3
2025,2023,122409,122409001,San Diego,arrests_drug,Arrests for Drug Law Violations,arrests,publicproperty,3,3,reported_numeric,10,10,6,https://police.sdsu.edu/_resources/files/annual-security-reports/2025-annual-security-report-finalized-08-18-25.pdf#page=10,3242ccb9a6632269bcd68c2cd5e045d3c73af502841519f2b17d2f5985ced4e3
2025,2024,122409,122409001,San Diego,arrests_drug,Arrests for Drug Law Violations,arrests,residential,0,0,reported_numeric,10,10,7,https://police.sdsu.edu/_resources/files/annual-security-reports/2025-annual-security-report-finalized-08-18-25.pdf#page=10,3242ccb9a6632269bcd68c2cd5e045d3c73af502841519f2b17d2f5985ced4e3
2025,2024,122409,122409001,San Diego,arrests_drug,Arrests for Drug Law Violations,arrests,oncampus,10,10,reported_numeric,10,10,7,https://police.sdsu.edu/_resources/files/annual-security-reports/2025-annual-security-report-finalized-08-18-25.pdf#page=10,3242ccb9a6632269bcd68c2cd5e045d3c73af502841519f2b17d2f5985ced4e3
2025,2024,122409,122409001,San Diego,arrests_drug,Arrests for Drug Law Violations,arrests,noncampus,1,1,reported_numeric,10,10,7,https://police.sdsu.edu/_resources/files/annual-security-reports/2025-annual-security-report-finalized-08-18-25.pdf#page=10,3242ccb9a6632269bcd68c2cd5e045d3c73af502841519f2b17d2f5985ced4e3
2025,2024,122409,122409001,San Diego,arrests_drug,Arrests for Drug Law Violations,arrests,publicproperty,6,6,reported_numeric,10,10,7,https://police.sdsu.edu/_resources/files/annual-security-reports/2025-annual-security-report-finalized-08-18-25.pdf#page=10,3242ccb9a6632269bcd68c2cd5e045d3c73af502841519f2b17d2f5985ced4e3
2025,2022,122409,122409001,San Diego,arrests_liquor,Arrests for Liquor Law Violations,arrests,residential,0,0,reported_numeric,10,10,14,https://police.sdsu.edu/_resources/files/annual-security-reports/2025-annual-security-report-finalized-08-18-25.pdf#page=10,3242ccb9a6632269bcd68c2cd5e045d3c73af502841519f2b17d2f5985ced4e3
2025,2022,122409,122409001,San Diego,arrests_liquor,Arrests for Liquor Law Violations,arrests,oncampus,1,1,reported_numeric,10,10,14,https://police.sdsu.edu/_resources/files/annual-security-reports/2025-annual-security-report-finalized-08-18-25.pdf#page=10,3242ccb9a6632269bcd68c2cd5e045d3c73af502841519f2b17d2f5985ced4e3
2025,2022,122409,122409001,San Diego,arrests_liquor,Arrests for Liquor Law Violations,arrests,noncampus,0,0,reported_numeric,10,10,14,https://police.sdsu.edu/_resources/files/annual-security-reports/2025-annual-security-report-finalized-08-18-25.pdf#page=10,3242ccb9a6632269bcd68c2cd5e045d3c73af502841519f2b17d2f5985ced4e3
2025,2022,122409,122409001,San Diego,arrests_liquor,Arrests for Liquor Law Violations,arrests,publicproperty,3,3,reported_numeric,10,10,14,https://police.sdsu.edu/_resources/files/annual-security-reports/2025-annual-security-report-finalized-08-18-25.pdf#page=10,3242ccb9a6632269bcd68c2cd5e045d3c73af502841519f2b17d2f5985ced4e3
2025,2023,122409,122409001,San Diego,arrests_liquor,Arrests for Liquor Law Violations,arrests,residential,1,1,reported_numeric,10,10,15,https://police.sdsu.edu/_resources/files/annual-security-reports/2025-annual-security-report-finalized-08-18-25.pdf#page=10,3242ccb9a6632269bcd68c2cd5e045d3c73af502841519f2b17d2f5985ced4e3
2025,2023,122409,122409001,San Diego,arrests_liquor,Arrests for Liquor Law Violations,arrests,oncampus,4,4,reported_numeric,10,10,15,https://police.sdsu.edu/_resources/files/annual-security-reports/2025-annual-security-report-finalized-08-18-25.pdf#page=10,3242ccb9a6632269bcd68c2cd5e045d3c73af502841519f2b17d2f5985ced4e3
2025,2023,122409,122409001,San Diego,arrests_liquor,Arrests for Liquor Law Violations,arrests,noncampus,0,0,reported_numeric,10,10,15,https://police.sdsu.edu/_resources/files/annual-security-reports/2025-annual-security-report-finalized-08-18-25.pdf#page=10,3242ccb9a6632269bcd68c2cd5e045d3c73af502841519f2b17d2f5985ced4e3
2025,2023,122409,122409001,San Diego,arrests_liquor,Arrests for Liquor Law Violations,arrests,publicproperty,0,0,reported_numeric,10,10,15,https://police.sdsu.edu/_resources/files/annual-security-reports/2025-annual-security-report-finalized-08-18-25.pdf#page=10,3242ccb9a6632269bcd68c2cd5e045d3c73af502841519f2b17d2f5985ced4e3
2025,2024,122409,122409001,San Diego,arrests_liquor,Arrests for Liquor Law Violations,arrests,residential,0,0,reported_numeric,10,10,16,https://police.sdsu.edu/_resources/files/annual-security-reports/2025-annual-security-report-finalized-08-18-25.pdf#page=10,3242ccb9a6632269bcd68c2cd5e045d3c73af502841519f2b17d2f5985ced4e3
2025,2024,122409,122409001,San Diego,arrests_liquor,Arrests for Liquor Law Violations,arrests,oncampus,6,6,reported_numeric,10,10,16,https://police.sdsu.edu/_resources/files/annual-security-reports/2025-annual-security-report-finalized-08-18-25.pdf#page=10,3242ccb9a6632269bcd68c2cd5e045d3c73af502841519f2b17d2f5985ced4e3
2025,2024,122409,122409001,San Diego,arrests_liquor,Arrests for Liquor Law Violations,arrests,noncampus,0,0,reported_numeric,10,10,16,https://police.sdsu.edu/_resources/files/annual-security-reports/2025-annual-security-report-finalized-08-18-25.pdf#page=10,3242ccb9a6632269bcd68c2cd5e045d3c73af502841519f2b17d2f5985ced4e3
2025,2024,122409,122409001,San Diego,arrests_liquor,Arrests for Liquor Law Violations,arrests,publicproperty,4,4,reported_numeric,10,10,16,https://police.sdsu.edu/_resources/files/annual-security-reports/2025-annual-security-report-finalized-08-18-25.pdf#page=10,3242ccb9a6632269bcd68c2cd5e045d3c73af502841519f2b17d2f5985ced4e3
2025,2022,122409,122409001,San Diego,referrals_weapons,Referrals to Disciplinary Action for Weapons Law Violations,disciplinary_referrals,residential,10,10,reported_numeric,10,10,22,https://police.sdsu.edu/_resources/files/annual-security-reports/2025-annual-security-report-finalized-08-18-25.pdf#page=10,3242ccb9a6632269bcd68c2cd5e045d3c73af502841519f2b17d2f5985ced4e3
2025,2022,122409,122409001,San Diego,referrals_weapons,Referrals to Disciplinary Action for Weapons Law Violations,disciplinary_referrals,oncampus,10,10,reported_numeric,10,10,22,https://police.sdsu.edu/_resources/files/annual-security-reports/2025-annual-security-report-finalized-08-18-25.pdf#page=10,3242ccb9a6632269bcd68c2cd5e045d3c73af502841519f2b17d2f5985ced4e3
2025,2022,122409,122409001,San Diego,referrals_weapons,Referrals to Disciplinary Action for Weapons Law Violations,disciplinary_referrals,noncampus,0,0,reported_numeric,10,10,22,https://police.sdsu.edu/_resources/files/annual-security-reports/2025-annual-security-report-finalized-08-18-25.pdf#page=10,3242ccb9a6632269bcd68c2cd5e045d3c73af502841519f2b17d2f5985ced4e3
2025,2022,122409,122409001,San Diego,referrals_weapons,Referrals to Disciplinary Action for Weapons Law Violations,disciplinary_referrals,publicproperty,0,0,reported_numeric,10,10,22,https://police.sdsu.edu/_resources/files/annual-security-reports/2025-annual-security-report-finalized-08-18-25.pdf#page=10,3242ccb9a6632269bcd68c2cd5e045d3c73af502841519f2b17d2f5985ced4e3
2025,2023,122409,122409001,San Diego,referrals_weapons,Referrals to Disciplinary Action for Weapons Law Violations,disciplinary_referrals,residential,0,0,reported_numeric,10,10,23,https://police.sdsu.edu/_resources/files/annual-security-reports/2025-annual-security-report-finalized-08-18-25.pdf#page=10,3242ccb9a6632269bcd68c2cd5e045d3c73af502841519f2b17d2f5985ced4e3
2025,2023,122409,122409001,San Diego,referrals_weapons,Referrals to Disciplinary Action for Weapons Law Violations,disciplinary_referrals,oncampus,0,0,reported_numeric,10,10,23,https://police.sdsu.edu/_resources/files/annual-security-reports/2025-annual-security-report-finalized-08-18-25.pdf#page=10,3242ccb9a6632269bcd68c2cd5e045d3c73af502841519f2b17d2f5985ced4e3
2025,2023,122409,122409001,San Diego,referrals_weapons,Referrals to Disciplinary Action for Weapons Law Violations,disciplinary_referrals,noncampus,0,0,reported_numeric,10,10,23,https://police.sdsu.edu/_resources/files/annual-security-reports/2025-annual-security-report-finalized-08-18-25.pdf#page=10,3242ccb9a6632269bcd68c2cd5e045d3c73af502841519f2b17d2f5985ced4e3
2025,2023,122409,122409001,San Diego,referrals_weapons,Referrals to Disciplinary Action for Weapons Law Violations,disciplinary_referrals,publicproperty,0,0,reported_numeric,10,10,23,https://police.sdsu.edu/_resources/files/annual-security-reports/2025-annual-security-report-finalized-08-18-25.pdf#page=10,3242ccb9a6632269bcd68c2cd5e045d3c73af502841519f2b17d2f5985ced4e3
2025,2024,122409,122409001,San Diego,referrals_weapons,Referrals to Disciplinary Action for Weapons Law Violations,disciplinary_referrals,residential,16,16,reported_numeric,10,10,24,https://police.sdsu.edu/_resources/files/annual-security-reports/2025-annual-security-report-finalized-08-18-25.pdf#page=10,3242ccb9a6632269bcd68c2cd5e045d3c73af502841519f2b17d2f5985ced4e3
2025,2024,122409,122409001,San Diego,referrals_weapons,Referrals to Disciplinary Action for Weapons Law Violations,disciplinary_referrals,oncampus,16,16,reported_numeric,10,10,24,https://police.sdsu.edu/_resources/files/annual-security-reports/2025-annual-security-report-finalized-08-18-25.pdf#page=10,3242ccb9a6632269bcd68c2cd5e045d3c73af502841519f2b17d2f5985ced4e3
2025,2024,122409,122409001,San Diego,referrals_weapons,Referrals to Disciplinary Action for Weapons Law Violations,disciplinary_referrals,noncampus,0,0,reported_numeric,10,10,24,https://police.sdsu.edu/_resources/files/annual-security-reports/2025-annual-security-report-finalized-08-18-25.pdf#page=10,3242ccb9a6632269bcd68c2cd5e045d3c73af502841519f2b17d2f5985ced4e3
2025,2024,122409,122409001,San Diego,referrals_weapons,Referrals to Disciplinary Action for Weapons Law Violations,disciplinary_referrals,publicproperty,0,0,reported_numeric,10,10,24,https://police.sdsu.edu/_resources/files/annual-security-reports/2025-annual-security-report-finalized-08-18-25.pdf#page=10,3242ccb9a6632269bcd68c2cd5e045d3c73af502841519f2b17d2f5985ced4e3
2025,2022,122409,122409001,San Diego,referrals_drug,Referrals to Disciplinary Action for Drug Law Violations,disciplinary_referrals,residential,148,148,reported_numeric,10,10,30,https://police.sdsu.edu/_resources/files/annual-security-reports/2025-annual-security-report-finalized-08-18-25.pdf#page=10,3242ccb9a6632269bcd68c2cd5e045d3c73af502841519f2b17d2f5985ced4e3
2025,2022,122409,122409001,San Diego,referrals_drug,Referrals to Disciplinary Action for Drug Law Violations,disciplinary_referrals,oncampus,148,148,reported_numeric,10,10,30,https://police.sdsu.edu/_resources/files/annual-security-reports/2025-annual-security-report-finalized-08-18-25.pdf#page=10,3242ccb9a6632269bcd68c2cd5e045d3c73af502841519f2b17d2f5985ced4e3
2025,2022,122409,122409001,San Diego,referrals_drug,Referrals to Disciplinary Action for Drug Law Violations,disciplinary_referrals,noncampus,0,0,reported_numeric,10,10,30,https://police.sdsu.edu/_resources/files/annual-security-reports/2025-annual-security-report-finalized-08-18-25.pdf#page=10,3242ccb9a6632269bcd68c2cd5e045d3c73af502841519f2b17d2f5985ced4e3
2025,2022,122409,122409001,San Diego,referrals_drug,Referrals to Disciplinary Action for Drug Law Violations,disciplinary_referrals,publicproperty,0,0,reported_numeric,10,10,30,https://police.sdsu.edu/_resources/files/annual-security-reports/2025-annual-security-report-finalized-08-18-25.pdf#page=10,3242ccb9a6632269bcd68c2cd5e045d3c73af502841519f2b17d2f5985ced4e3
2025,2023,122409,122409001,San Diego,referrals_drug,Referrals to Disciplinary Action for Drug Law Violations,disciplinary_referrals,residential,269,269,reported_numeric,10,10,31,https://police.sdsu.edu/_resources/files/annual-security-reports/2025-annual-security-report-finalized-08-18-25.pdf#page=10,3242ccb9a6632269bcd68c2cd5e045d3c73af502841519f2b17d2f5985ced4e3
2025,2023,122409,122409001,San Diego,referrals_drug,Referrals to Disciplinary Action for Drug Law Violations,disciplinary_referrals,oncampus,269,269,reported_numeric,10,10,31,https://police.sdsu.edu/_resources/files/annual-security-reports/2025-annual-security-report-finalized-08-18-25.pdf#page=10,3242ccb9a6632269bcd68c2cd5e045d3c73af502841519f2b17d2f5985ced4e3
2025,2023,122409,122409001,San Diego,referrals_drug,Referrals to Disciplinary Action for Drug Law Violations,disciplinary_referrals,noncampus,0,0,reported_numeric,10,10,31,https://police.sdsu.edu/_resources/files/annual-security-reports/2025-annual-security-report-finalized-08-18-25.pdf#page=10,3242ccb9a6632269bcd68c2cd5e045d3c73af502841519f2b17d2f5985ced4e3
2025,2023,122409,122409001,San Diego,referrals_drug,Referrals to Disciplinary Action for Drug Law Violations,disciplinary_referrals,publicproperty,0,0,reported_numeric,10,10,31,https://police.sdsu.edu/_resources/files/annual-security-reports/2025-annual-security-report-finalized-08-18-25.pdf#page=10,3242ccb9a6632269bcd68c2cd5e045d3c73af502841519f2b17d2f5985ced4e3
2025,2024,122409,122409001,San Diego,referrals_drug,Referrals to Disciplinary Action for Drug Law Violations,disciplinary_referrals,residential,241,241,reported_numeric,10,10,32,https://police.sdsu.edu/_resources/files/annual-security-reports/2025-annual-security-report-finalized-08-18-25.pdf#page=10,3242ccb9a6632269bcd68c2cd5e045d3c73af502841519f2b17d2f5985ced4e3
2025,2024,122409,122409001,San Diego,referrals_drug,Referrals to Disciplinary Action for Drug Law Violations,disciplinary_referrals,oncampus,241,241,reported_numeric,10,10,32,https://police.sdsu.edu/_resources/files/annual-security-reports/2025-annual-security-report-finalized-08-18-25.pdf#page=10,3242ccb9a6632269bcd68c2cd5e045d3c73af502841519f2b17d2f5985ced4e3
2025,2024,122409,122409001,San Diego,referrals_drug,Referrals to Disciplinary Action for Drug Law Violations,disciplinary_referrals,noncampus,0,0,reported_numeric,10,10,32,https://police.sdsu.edu/_resources/files/annual-security-reports/2025-annual-security-report-finalized-08-18-25.pdf#page=10,3242ccb9a6632269bcd68c2cd5e045d3c73af502841519f2b17d2f5985ced4e3
2025,2024,122409,122409001,San Diego,referrals_drug,Referrals to Disciplinary Action for Drug Law Violations,disciplinary_referrals,publicproperty,0,0,reported_numeric,10,10,32,https://police.sdsu.edu/_resources/files/annual-security-reports/2025-annual-security-report-finalized-08-18-25.pdf#page=10,3242ccb9a6632269bcd68c2cd5e045d3c73af502841519f2b17d2f5985ced4e3
2025,2022,122409,122409001,San Diego,referrals_liquor,Referrals to Disciplinary Action for Liquor Law Violations,disciplinary_referrals,residential,749,749,reported_numeric,10,10,38,https://police.sdsu.edu/_resources/files/annual-security-reports/2025-annual-security-report-finalized-08-18-25.pdf#page=10,3242ccb9a6632269bcd68c2cd5e045d3c73af502841519f2b17d2f5985ced4e3
2025,2022,122409,122409001,San Diego,referrals_liquor,Referrals to Disciplinary Action for Liquor Law Violations,disciplinary_referrals,oncampus,749,749,reported_numeric,10,10,38,https://police.sdsu.edu/_resources/files/annual-security-reports/2025-annual-security-report-finalized-08-18-25.pdf#page=10,3242ccb9a6632269bcd68c2cd5e045d3c73af502841519f2b17d2f5985ced4e3
2025,2022,122409,122409001,San Diego,referrals_liquor,Referrals to Disciplinary Action for Liquor Law Violations,disciplinary_referrals,noncampus,0,0,reported_numeric,10,10,38,https://police.sdsu.edu/_resources/files/annual-security-reports/2025-annual-security-report-finalized-08-18-25.pdf#page=10,3242ccb9a6632269bcd68c2cd5e045d3c73af502841519f2b17d2f5985ced4e3
2025,2022,122409,122409001,San Diego,referrals_liquor,Referrals to Disciplinary Action for Liquor Law Violations,disciplinary_referrals,publicproperty,0,0,reported_numeric,10,10,38,https://police.sdsu.edu/_resources/files/annual-security-reports/2025-annual-security-report-finalized-08-18-25.pdf#page=10,3242ccb9a6632269bcd68c2cd5e045d3c73af502841519f2b17d2f5985ced4e3
2025,2023,122409,122409001,San Diego,referrals_liquor,Referrals to Disciplinary Action for Liquor Law Violations,disciplinary_referrals,residential,774,774,reported_numeric,10,10,39,https://police.sdsu.edu/_resources/files/annual-security-reports/2025-annual-security-report-finalized-08-18-25.pdf#page=10,3242ccb9a6632269bcd68c2cd5e045d3c73af502841519f2b17d2f5985ced4e3
2025,2023,122409,122409001,San Diego,referrals_liquor,Referrals to Disciplinary Action for Liquor Law Violations,disciplinary_referrals,oncampus,774,774,reported_numeric,10,10,39,https://police.sdsu.edu/_resources/files/annual-security-reports/2025-annual-security-report-finalized-08-18-25.pdf#page=10,3242ccb9a6632269bcd68c2cd5e045d3c73af502841519f2b17d2f5985ced4e3
2025,2023,122409,122409001,San Diego,referrals_liquor,Referrals to Disciplinary Action for Liquor Law Violations,disciplinary_referrals,noncampus,0,0,reported_numeric,10,10,39,https://police.sdsu.edu/_resources/files/annual-security-reports/2025-annual-security-report-finalized-08-18-25.pdf#page=10,3242ccb9a6632269bcd68c2cd5e045d3c73af502841519f2b17d2f5985ced4e3
2025,2023,122409,122409001,San Diego,referrals_liquor,Referrals to Disciplinary Action for Liquor Law Violations,disciplinary_referrals,publicproperty,0,0,reported_numeric,10,10,39,https://police.sdsu.edu/_resources/files/annual-security-reports/2025-annual-security-report-finalized-08-18-25.pdf#page=10,3242ccb9a6632269bcd68c2cd5e045d3c73af502841519f2b17d2f5985ced4e3
2025,2024,122409,122409001,San Diego,referrals_liquor,Referrals to Disciplinary Action for Liquor Law Violations,disciplinary_referrals,residential,685,685,reported_numeric,10,10,40,https://police.sdsu.edu/_resources/files/annual-security-reports/2025-annual-security-report-finalized-08-18-25.pdf#page=10,3242ccb9a6632269bcd68c2cd5e045d3c73af502841519f2b17d2f5985ced4e3
2025,2024,122409,122409001,San Diego,referrals_liquor,Referrals to Disciplinary Action for Liquor Law Violations,disciplinary_referrals,oncampus,685,685,reported_numeric,10,10,40,https://police.sdsu.edu/_resources/files/annual-security-reports/2025-annual-security-report-finalized-08-18-25.pdf#page=10,3242ccb9a6632269bcd68c2cd5e045d3c73af502841519f2b17d2f5985ced4e3
2025,2024,122409,122409001,San Diego,referrals_liquor,Referrals to Disciplinary Action for Liquor Law Violations,disciplinary_referrals,noncampus,0,0,reported_numeric,10,10,40,https://police.sdsu.edu/_resources/files/annual-security-reports/2025-annual-security-report-finalized-08-18-25.pdf#page=10,3242ccb9a6632269bcd68c2cd5e045d3c73af502841519f2b17d2f5985ced4e3
2025,2024,122409,122409001,San Diego,referrals_liquor,Referrals to Disciplinary Action for Liquor Law Violations,disciplinary_referrals,publicproperty,0,0,reported_numeric,10,10,40,https://police.sdsu.edu/_resources/files/annual-security-reports/2025-annual-security-report-finalized-08-18-25.pdf#page=10,3242ccb9a6632269bcd68c2cd5e045d3c73af502841519f2b17d2f5985ced4e3
2025,2022,122409,122409002,Imperial Valley,murder,Murder/Nonnegligent Manslaughter,criminal_offenses,residential,0,0,reported_numeric,12,12,8,https://police.sdsu.edu/_resources/files/annual-security-reports/2025-annual-security-report-finalized-08-18-25.pdf#page=12,3242ccb9a6632269bcd68c2cd5e045d3c73af502841519f2b17d2f5985ced4e3
2025,2022,122409,122409002,Imperial Valley,murder,Murder/Nonnegligent Manslaughter,criminal_offenses,oncampus,0,0,reported_numeric,12,12,8,https://police.sdsu.edu/_resources/files/annual-security-reports/2025-annual-security-report-finalized-08-18-25.pdf#page=12,3242ccb9a6632269bcd68c2cd5e045d3c73af502841519f2b17d2f5985ced4e3
2025,2022,122409,122409002,Imperial Valley,murder,Murder/Nonnegligent Manslaughter,criminal_offenses,noncampus,0,0,reported_numeric,12,12,8,https://police.sdsu.edu/_resources/files/annual-security-reports/2025-annual-security-report-finalized-08-18-25.pdf#page=12,3242ccb9a6632269bcd68c2cd5e045d3c73af502841519f2b17d2f5985ced4e3
2025,2022,122409,122409002,Imperial Valley,murder,Murder/Nonnegligent Manslaughter,criminal_offenses,publicproperty,0,0,reported_numeric,12,12,8,https://police.sdsu.edu/_resources/files/annual-security-reports/2025-annual-security-report-finalized-08-18-25.pdf#page=12,3242ccb9a6632269bcd68c2cd5e045d3c73af502841519f2b17d2f5985ced4e3
2025,2023,122409,122409002,Imperial Valley,murder,Murder/Nonnegligent Manslaughter,criminal_offenses,residential,0,0,reported_numeric,12,12,9,https://police.sdsu.edu/_resources/files/annual-security-reports/2025-annual-security-report-finalized-08-18-25.pdf#page=12,3242ccb9a6632269bcd68c2cd5e045d3c73af502841519f2b17d2f5985ced4e3
2025,2023,122409,122409002,Imperial Valley,murder,Murder/Nonnegligent Manslaughter,criminal_offenses,oncampus,0,0,reported_numeric,12,12,9,https://police.sdsu.edu/_resources/files/annual-security-reports/2025-annual-security-report-finalized-08-18-25.pdf#page=12,3242ccb9a6632269bcd68c2cd5e045d3c73af502841519f2b17d2f5985ced4e3
2025,2023,122409,122409002,Imperial Valley,murder,Murder/Nonnegligent Manslaughter,criminal_offenses,noncampus,0,0,reported_numeric,12,12,9,https://police.sdsu.edu/_resources/files/annual-security-reports/2025-annual-security-report-finalized-08-18-25.pdf#page=12,3242ccb9a6632269bcd68c2cd5e045d3c73af502841519f2b17d2f5985ced4e3
2025,2023,122409,122409002,Imperial Valley,murder,Murder/Nonnegligent Manslaughter,criminal_offenses,publicproperty,0,0,reported_numeric,12,12,9,https://police.sdsu.edu/_resources/files/annual-security-reports/2025-annual-security-report-finalized-08-18-25.pdf#page=12,3242ccb9a6632269bcd68c2cd5e045d3c73af502841519f2b17d2f5985ced4e3
2025,2024,122409,122409002,Imperial Valley,murder,Murder/Nonnegligent Manslaughter,criminal_offenses,residential,0,0,reported_numeric,12,12,10,https://police.sdsu.edu/_resources/files/annual-security-reports/2025-annual-security-report-finalized-08-18-25.pdf#page=12,3242ccb9a6632269bcd68c2cd5e045d3c73af502841519f2b17d2f5985ced4e3
2025,2024,122409,122409002,Imperial Valley,murder,Murder/Nonnegligent Manslaughter,criminal_offenses,oncampus,0,0,reported_numeric,12,12,10,https://police.sdsu.edu/_resources/files/annual-security-reports/2025-annual-security-report-finalized-08-18-25.pdf#page=12,3242ccb9a6632269bcd68c2cd5e045d3c73af502841519f2b17d2f5985ced4e3
2025,2024,122409,122409002,Imperial Valley,murder,Murder/Nonnegligent Manslaughter,criminal_offenses,noncampus,0,0,reported_numeric,12,12,10,https://police.sdsu.edu/_resources/files/annual-security-reports/2025-annual-security-report-finalized-08-18-25.pdf#page=12,3242ccb9a6632269bcd68c2cd5e045d3c73af502841519f2b17d2f5985ced4e3
2025,2024,122409,122409002,Imperial Valley,murder,Murder/Nonnegligent Manslaughter,criminal_offenses,publicproperty,0,0,reported_numeric,12,12,10,https://police.sdsu.edu/_resources/files/annual-security-reports/2025-annual-security-report-finalized-08-18-25.pdf#page=12,3242ccb9a6632269bcd68c2cd5e045d3c73af502841519f2b17d2f5985ced4e3
2025,2022,122409,122409002,Imperial Valley,negligent_manslaughter,Negligent Manslaughter,criminal_offenses,residential,0,0,reported_numeric,12,12,16,https://police.sdsu.edu/_resources/files/annual-security-reports/2025-annual-security-report-finalized-08-18-25.pdf#page=12,3242ccb9a6632269bcd68c2cd5e045d3c73af502841519f2b17d2f5985ced4e3
2025,2022,122409,122409002,Imperial Valley,negligent_manslaughter,Negligent Manslaughter,criminal_offenses,oncampus,0,0,reported_numeric,12,12,16,https://police.sdsu.edu/_resources/files/annual-security-reports/2025-annual-security-report-finalized-08-18-25.pdf#page=12,3242ccb9a6632269bcd68c2cd5e045d3c73af502841519f2b17d2f5985ced4e3
2025,2022,122409,122409002,Imperial Valley,negligent_manslaughter,Negligent Manslaughter,criminal_offenses,noncampus,0,0,reported_numeric,12,12,16,https://police.sdsu.edu/_resources/files/annual-security-reports/2025-annual-security-report-finalized-08-18-25.pdf#page=12,3242ccb9a6632269bcd68c2cd5e045d3c73af502841519f2b17d2f5985ced4e3
2025,2022,122409,122409002,Imperial Valley,negligent_manslaughter,Negligent Manslaughter,criminal_offenses,publicproperty,0,0,reported_numeric,12,12,16,https://police.sdsu.edu/_resources/files/annual-security-reports/2025-annual-security-report-finalized-08-18-25.pdf#page=12,3242ccb9a6632269bcd68c2cd5e045d3c73af502841519f2b17d2f5985ced4e3
2025,2023,122409,122409002,Imperial Valley,negligent_manslaughter,Negligent Manslaughter,criminal_offenses,residential,0,0,reported_numeric,12,12,17,https://police.sdsu.edu/_resources/files/annual-security-reports/2025-annual-security-report-finalized-08-18-25.pdf#page=12,3242ccb9a6632269bcd68c2cd5e045d3c73af502841519f2b17d2f5985ced4e3
2025,2023,122409,122409002,Imperial Valley,negligent_manslaughter,Negligent Manslaughter,criminal_offenses,oncampus,0,0,reported_numeric,12,12,17,https://police.sdsu.edu/_resources/files/annual-security-reports/2025-annual-security-report-finalized-08-18-25.pdf#page=12,3242ccb9a6632269bcd68c2cd5e045d3c73af502841519f2b17d2f5985ced4e3
2025,2023,122409,122409002,Imperial Valley,negligent_manslaughter,Negligent Manslaughter,criminal_offenses,noncampus,0,0,reported_numeric,12,12,17,https://police.sdsu.edu/_resources/files/annual-security-reports/2025-annual-security-report-finalized-08-18-25.pdf#page=12,3242ccb9a6632269bcd68c2cd5e045d3c73af502841519f2b17d2f5985ced4e3
2025,2023,122409,122409002,Imperial Valley,negligent_manslaughter,Negligent Manslaughter,criminal_offenses,publicproperty,0,0,reported_numeric,12,12,17,https://police.sdsu.edu/_resources/files/annual-security-reports/2025-annual-security-report-finalized-08-18-25.pdf#page=12,3242ccb9a6632269bcd68c2cd5e045d3c73af502841519f2b17d2f5985ced4e3
2025,2024,122409,122409002,Imperial Valley,negligent_manslaughter,Negligent Manslaughter,criminal_offenses,residential,0,0,reported_numeric,12,12,18,https://police.sdsu.edu/_resources/files/annual-security-reports/2025-annual-security-report-finalized-08-18-25.pdf#page=12,3242ccb9a6632269bcd68c2cd5e045d3c73af502841519f2b17d2f5985ced4e3
2025,2024,122409,122409002,Imperial Valley,negligent_manslaughter,Negligent Manslaughter,criminal_offenses,oncampus,0,0,reported_numeric,12,12,18,https://police.sdsu.edu/_resources/files/annual-security-reports/2025-annual-security-report-finalized-08-18-25.pdf#page=12,3242ccb9a6632269bcd68c2cd5e045d3c73af502841519f2b17d2f5985ced4e3
2025,2024,122409,122409002,Imperial Valley,negligent_manslaughter,Negligent Manslaughter,criminal_offenses,noncampus,0,0,reported_numeric,12,12,18,https://police.sdsu.edu/_resources/files/annual-security-reports/2025-annual-security-report-finalized-08-18-25.pdf#page=12,3242ccb9a6632269bcd68c2cd5e045d3c73af502841519f2b17d2f5985ced4e3
2025,2024,122409,122409002,Imperial Valley,negligent_manslaughter,Negligent Manslaughter,criminal_offenses,publicproperty,0,0,reported_numeric,12,12,18,https://police.sdsu.edu/_resources/files/annual-security-reports/2025-annual-security-report-finalized-08-18-25.pdf#page=12,3242ccb9a6632269bcd68c2cd5e045d3c73af502841519f2b17d2f5985ced4e3
2025,2022,122409,122409002,Imperial Valley,rape,Rape,criminal_offenses,residential,0,0,reported_numeric,12,12,24,https://police.sdsu.edu/_resources/files/annual-security-reports/2025-annual-security-report-finalized-08-18-25.pdf#page=12,3242ccb9a6632269bcd68c2cd5e045d3c73af502841519f2b17d2f5985ced4e3
2025,2022,122409,122409002,Imperial Valley,rape,Rape,criminal_offenses,oncampus,0,0,reported_numeric,12,12,24,https://police.sdsu.edu/_resources/files/annual-security-reports/2025-annual-security-report-finalized-08-18-25.pdf#page=12,3242ccb9a6632269bcd68c2cd5e045d3c73af502841519f2b17d2f5985ced4e3
2025,2022,122409,122409002,Imperial Valley,rape,Rape,criminal_offenses,noncampus,0,0,reported_numeric,12,12,24,https://police.sdsu.edu/_resources/files/annual-security-reports/2025-annual-security-report-finalized-08-18-25.pdf#page=12,3242ccb9a6632269bcd68c2cd5e045d3c73af502841519f2b17d2f5985ced4e3
2025,2022,122409,122409002,Imperial Valley,rape,Rape,criminal_offenses,publicproperty,0,0,reported_numeric,12,12,24,https://police.sdsu.edu/_resources/files/annual-security-reports/2025-annual-security-report-finalized-08-18-25.pdf#page=12,3242ccb9a6632269bcd68c2cd5e045d3c73af502841519f2b17d2f5985ced4e3
2025,2023,122409,122409002,Imperial Valley,rape,Rape,criminal_offenses,residential,0,0,reported_numeric,12,12,25,https://police.sdsu.edu/_resources/files/annual-security-reports/2025-annual-security-report-finalized-08-18-25.pdf#page=12,3242ccb9a6632269bcd68c2cd5e045d3c73af502841519f2b17d2f5985ced4e3
2025,2023,122409,122409002,Imperial Valley,rape,Rape,criminal_offenses,oncampus,0,0,reported_numeric,12,12,25,https://police.sdsu.edu/_resources/files/annual-security-reports/2025-annual-security-report-finalized-08-18-25.pdf#page=12,3242ccb9a6632269bcd68c2cd5e045d3c73af502841519f2b17d2f5985ced4e3
2025,2023,122409,122409002,Imperial Valley,rape,Rape,criminal_offenses,noncampus,0,0,reported_numeric,12,12,25,https://police.sdsu.edu/_resources/files/annual-security-reports/2025-annual-security-report-finalized-08-18-25.pdf#page=12,3242ccb9a6632269bcd68c2cd5e045d3c73af502841519f2b17d2f5985ced4e3
2025,2023,122409,122409002,Imperial Valley,rape,Rape,criminal_offenses,publicproperty,0,0,reported_numeric,12,12,25,https://police.sdsu.edu/_resources/files/annual-security-reports/2025-annual-security-report-finalized-08-18-25.pdf#page=12,3242ccb9a6632269bcd68c2cd5e045d3c73af502841519f2b17d2f5985ced4e3
2025,2024,122409,122409002,Imperial Valley,rape,Rape,criminal_offenses,residential,0,0,reported_numeric,12,12,26,https://police.sdsu.edu/_resources/files/annual-security-reports/2025-annual-security-report-finalized-08-18-25.pdf#page=12,3242ccb9a6632269bcd68c2cd5e045d3c73af502841519f2b17d2f5985ced4e3
2025,2024,122409,122409002,Imperial Valley,rape,Rape,criminal_offenses,oncampus,0,0,reported_numeric,12,12,26,https://police.sdsu.edu/_resources/files/annual-security-reports/2025-annual-security-report-finalized-08-18-25.pdf#page=12,3242ccb9a6632269bcd68c2cd5e045d3c73af502841519f2b17d2f5985ced4e3
2025,2024,122409,122409002,Imperial Valley,rape,Rape,criminal_offenses,noncampus,0,0,reported_numeric,12,12,26,https://police.sdsu.edu/_resources/files/annual-security-reports/2025-annual-security-report-finalized-08-18-25.pdf#page=12,3242ccb9a6632269bcd68c2cd5e045d3c73af502841519f2b17d2f5985ced4e3
2025,2024,122409,122409002,Imperial Valley,rape,Rape,criminal_offenses,publicproperty,0,0,reported_numeric,12,12,26,https://police.sdsu.edu/_resources/files/annual-security-reports/2025-annual-security-report-finalized-08-18-25.pdf#page=12,3242ccb9a6632269bcd68c2cd5e045d3c73af502841519f2b17d2f5985ced4e3
2025,2022,122409,122409002,Imperial Valley,fondling,Fondling,criminal_offenses,residential,0,0,reported_numeric,12,12,33,https://police.sdsu.edu/_resources/files/annual-security-reports/2025-annual-security-report-finalized-08-18-25.pdf#page=12,3242ccb9a6632269bcd68c2cd5e045d3c73af502841519f2b17d2f5985ced4e3
2025,2022,122409,122409002,Imperial Valley,fondling,Fondling,criminal_offenses,oncampus,0,0,reported_numeric,12,12,33,https://police.sdsu.edu/_resources/files/annual-security-reports/2025-annual-security-report-finalized-08-18-25.pdf#page=12,3242ccb9a6632269bcd68c2cd5e045d3c73af502841519f2b17d2f5985ced4e3
2025,2022,122409,122409002,Imperial Valley,fondling,Fondling,criminal_offenses,noncampus,0,0,reported_numeric,12,12,33,https://police.sdsu.edu/_resources/files/annual-security-reports/2025-annual-security-report-finalized-08-18-25.pdf#page=12,3242ccb9a6632269bcd68c2cd5e045d3c73af502841519f2b17d2f5985ced4e3
2025,2022,122409,122409002,Imperial Valley,fondling,Fondling,criminal_offenses,publicproperty,0,0,reported_numeric,12,12,33,https://police.sdsu.edu/_resources/files/annual-security-reports/2025-annual-security-report-finalized-08-18-25.pdf#page=12,3242ccb9a6632269bcd68c2cd5e045d3c73af502841519f2b17d2f5985ced4e3
2025,2023,122409,122409002,Imperial Valley,fondling,Fondling,criminal_offenses,residential,0,0,reported_numeric,12,12,34,https://police.sdsu.edu/_resources/files/annual-security-reports/2025-annual-security-report-finalized-08-18-25.pdf#page=12,3242ccb9a6632269bcd68c2cd5e045d3c73af502841519f2b17d2f5985ced4e3
2025,2023,122409,122409002,Imperial Valley,fondling,Fondling,criminal_offenses,oncampus,0,0,reported_numeric,12,12,34,https://police.sdsu.edu/_resources/files/annual-security-reports/2025-annual-security-report-finalized-08-18-25.pdf#page=12,3242ccb9a6632269bcd68c2cd5e045d3c73af502841519f2b17d2f5985ced4e3
2025,2023,122409,122409002,Imperial Valley,fondling,Fondling,criminal_offenses,noncampus,0,0,reported_numeric,12,12,34,https://police.sdsu.edu/_resources/files/annual-security-reports/2025-annual-security-report-finalized-08-18-25.pdf#page=12,3242ccb9a6632269bcd68c2cd5e045d3c73af502841519f2b17d2f5985ced4e3
2025,2023,122409,122409002,Imperial Valley,fondling,Fondling,criminal_offenses,publicproperty,0,0,reported_numeric,12,12,34,https://police.sdsu.edu/_resources/files/annual-security-reports/2025-annual-security-report-finalized-08-18-25.pdf#page=12,3242ccb9a6632269bcd68c2cd5e045d3c73af502841519f2b17d2f5985ced4e3
2025,2024,122409,122409002,Imperial Valley,fondling,Fondling,criminal_offenses,residential,0,0,reported_numeric,12,12,35,https://police.sdsu.edu/_resources/files/annual-security-reports/2025-annual-security-report-finalized-08-18-25.pdf#page=12,3242ccb9a6632269bcd68c2cd5e045d3c73af502841519f2b17d2f5985ced4e3
2025,2024,122409,122409002,Imperial Valley,fondling,Fondling,criminal_offenses,oncampus,0,0,reported_numeric,12,12,35,https://police.sdsu.edu/_resources/files/annual-security-reports/2025-annual-security-report-finalized-08-18-25.pdf#page=12,3242ccb9a6632269bcd68c2cd5e045d3c73af502841519f2b17d2f5985ced4e3
2025,2024,122409,122409002,Imperial Valley,fondling,Fondling,criminal_offenses,noncampus,0,0,reported_numeric,12,12,35,https://police.sdsu.edu/_resources/files/annual-security-reports/2025-annual-security-report-finalized-08-18-25.pdf#page=12,3242ccb9a6632269bcd68c2cd5e045d3c73af502841519f2b17d2f5985ced4e3
2025,2024,122409,122409002,Imperial Valley,fondling,Fondling,criminal_offenses,publicproperty,0,0,reported_numeric,12,12,35,https://police.sdsu.edu/_resources/files/annual-security-reports/2025-annual-security-report-finalized-08-18-25.pdf#page=12,3242ccb9a6632269bcd68c2cd5e045d3c73af502841519f2b17d2f5985ced4e3
2025,2022,122409,122409002,Imperial Valley,incest,Incest,criminal_offenses,residential,0,0,reported_numeric,12,12,41,https://police.sdsu.edu/_resources/files/annual-security-reports/2025-annual-security-report-finalized-08-18-25.pdf#page=12,3242ccb9a6632269bcd68c2cd5e045d3c73af502841519f2b17d2f5985ced4e3
2025,2022,122409,122409002,Imperial Valley,incest,Incest,criminal_offenses,oncampus,0,0,reported_numeric,12,12,41,https://police.sdsu.edu/_resources/files/annual-security-reports/2025-annual-security-report-finalized-08-18-25.pdf#page=12,3242ccb9a6632269bcd68c2cd5e045d3c73af502841519f2b17d2f5985ced4e3
2025,2022,122409,122409002,Imperial Valley,incest,Incest,criminal_offenses,noncampus,0,0,reported_numeric,12,12,41,https://police.sdsu.edu/_resources/files/annual-security-reports/2025-annual-security-report-finalized-08-18-25.pdf#page=12,3242ccb9a6632269bcd68c2cd5e045d3c73af502841519f2b17d2f5985ced4e3
2025,2022,122409,122409002,Imperial Valley,incest,Incest,criminal_offenses,publicproperty,0,0,reported_numeric,12,12,41,https://police.sdsu.edu/_resources/files/annual-security-reports/2025-annual-security-report-finalized-08-18-25.pdf#page=12,3242ccb9a6632269bcd68c2cd5e045d3c73af502841519f2b17d2f5985ced4e3
2025,2023,122409,122409002,Imperial Valley,incest,Incest,criminal_offenses,residential,0,0,reported_numeric,12,12,42,https://police.sdsu.edu/_resources/files/annual-security-reports/2025-annual-security-report-finalized-08-18-25.pdf#page=12,3242ccb9a6632269bcd68c2cd5e045d3c73af502841519f2b17d2f5985ced4e3
2025,2023,122409,122409002,Imperial Valley,incest,Incest,criminal_offenses,oncampus,0,0,reported_numeric,12,12,42,https://police.sdsu.edu/_resources/files/annual-security-reports/2025-annual-security-report-finalized-08-18-25.pdf#page=12,3242ccb9a6632269bcd68c2cd5e045d3c73af502841519f2b17d2f5985ced4e3
2025,2023,122409,122409002,Imperial Valley,incest,Incest,criminal_offenses,noncampus,0,0,reported_numeric,12,12,42,https://police.sdsu.edu/_resources/files/annual-security-reports/2025-annual-security-report-finalized-08-18-25.pdf#page=12,3242ccb9a6632269bcd68c2cd5e045d3c73af502841519f2b17d2f5985ced4e3
2025,2023,122409,122409002,Imperial Valley,incest,Incest,criminal_offenses,publicproperty,0,0,reported_numeric,12,12,42,https://police.sdsu.edu/_resources/files/annual-security-reports/2025-annual-security-report-finalized-08-18-25.pdf#page=12,3242ccb9a6632269bcd68c2cd5e045d3c73af502841519f2b17d2f5985ced4e3
2025,2024,122409,122409002,Imperial Valley,incest,Incest,criminal_offenses,residential,0,0,reported_numeric,12,12,43,https://police.sdsu.edu/_resources/files/annual-security-reports/2025-annual-security-report-finalized-08-18-25.pdf#page=12,3242ccb9a6632269bcd68c2cd5e045d3c73af502841519f2b17d2f5985ced4e3
2025,2024,122409,122409002,Imperial Valley,incest,Incest,criminal_offenses,oncampus,0,0,reported_numeric,12,12,43,https://police.sdsu.edu/_resources/files/annual-security-reports/2025-annual-security-report-finalized-08-18-25.pdf#page=12,3242ccb9a6632269bcd68c2cd5e045d3c73af502841519f2b17d2f5985ced4e3
2025,2024,122409,122409002,Imperial Valley,incest,Incest,criminal_offenses,noncampus,0,0,reported_numeric,12,12,43,https://police.sdsu.edu/_resources/files/annual-security-reports/2025-annual-security-report-finalized-08-18-25.pdf#page=12,3242ccb9a6632269bcd68c2cd5e045d3c73af502841519f2b17d2f5985ced4e3
2025,2024,122409,122409002,Imperial Valley,incest,Incest,criminal_offenses,publicproperty,0,0,reported_numeric,12,12,43,https://police.sdsu.edu/_resources/files/annual-security-reports/2025-annual-security-report-finalized-08-18-25.pdf#page=12,3242ccb9a6632269bcd68c2cd5e045d3c73af502841519f2b17d2f5985ced4e3
2025,2022,122409,122409002,Imperial Valley,statutory_rape,Statutory Rape,criminal_offenses,residential,0,0,reported_numeric,13,13,5,https://police.sdsu.edu/_resources/files/annual-security-reports/2025-annual-security-report-finalized-08-18-25.pdf#page=13,3242ccb9a6632269bcd68c2cd5e045d3c73af502841519f2b17d2f5985ced4e3
2025,2022,122409,122409002,Imperial Valley,statutory_rape,Statutory Rape,criminal_offenses,oncampus,0,0,reported_numeric,13,13,5,https://police.sdsu.edu/_resources/files/annual-security-reports/2025-annual-security-report-finalized-08-18-25.pdf#page=13,3242ccb9a6632269bcd68c2cd5e045d3c73af502841519f2b17d2f5985ced4e3
2025,2022,122409,122409002,Imperial Valley,statutory_rape,Statutory Rape,criminal_offenses,noncampus,0,0,reported_numeric,13,13,5,https://police.sdsu.edu/_resources/files/annual-security-reports/2025-annual-security-report-finalized-08-18-25.pdf#page=13,3242ccb9a6632269bcd68c2cd5e045d3c73af502841519f2b17d2f5985ced4e3
2025,2022,122409,122409002,Imperial Valley,statutory_rape,Statutory Rape,criminal_offenses,publicproperty,0,0,reported_numeric,13,13,5,https://police.sdsu.edu/_resources/files/annual-security-reports/2025-annual-security-report-finalized-08-18-25.pdf#page=13,3242ccb9a6632269bcd68c2cd5e045d3c73af502841519f2b17d2f5985ced4e3
2025,2023,122409,122409002,Imperial Valley,statutory_rape,Statutory Rape,criminal_offenses,residential,0,0,reported_numeric,13,13,6,https://police.sdsu.edu/_resources/files/annual-security-reports/2025-annual-security-report-finalized-08-18-25.pdf#page=13,3242ccb9a6632269bcd68c2cd5e045d3c73af502841519f2b17d2f5985ced4e3
2025,2023,122409,122409002,Imperial Valley,statutory_rape,Statutory Rape,criminal_offenses,oncampus,0,0,reported_numeric,13,13,6,https://police.sdsu.edu/_resources/files/annual-security-reports/2025-annual-security-report-finalized-08-18-25.pdf#page=13,3242ccb9a6632269bcd68c2cd5e045d3c73af502841519f2b17d2f5985ced4e3
2025,2023,122409,122409002,Imperial Valley,statutory_rape,Statutory Rape,criminal_offenses,noncampus,0,0,reported_numeric,13,13,6,https://police.sdsu.edu/_resources/files/annual-security-reports/2025-annual-security-report-finalized-08-18-25.pdf#page=13,3242ccb9a6632269bcd68c2cd5e045d3c73af502841519f2b17d2f5985ced4e3
2025,2023,122409,122409002,Imperial Valley,statutory_rape,Statutory Rape,criminal_offenses,publicproperty,0,0,reported_numeric,13,13,6,https://police.sdsu.edu/_resources/files/annual-security-reports/2025-annual-security-report-finalized-08-18-25.pdf#page=13,3242ccb9a6632269bcd68c2cd5e045d3c73af502841519f2b17d2f5985ced4e3
2025,2024,122409,122409002,Imperial Valley,statutory_rape,Statutory Rape,criminal_offenses,residential,0,0,reported_numeric,13,13,7,https://police.sdsu.edu/_resources/files/annual-security-reports/2025-annual-security-report-finalized-08-18-25.pdf#page=13,3242ccb9a6632269bcd68c2cd5e045d3c73af502841519f2b17d2f5985ced4e3
2025,2024,122409,122409002,Imperial Valley,statutory_rape,Statutory Rape,criminal_offenses,oncampus,0,0,reported_numeric,13,13,7,https://police.sdsu.edu/_resources/files/annual-security-reports/2025-annual-security-report-finalized-08-18-25.pdf#page=13,3242ccb9a6632269bcd68c2cd5e045d3c73af502841519f2b17d2f5985ced4e3
2025,2024,122409,122409002,Imperial Valley,statutory_rape,Statutory Rape,criminal_offenses,noncampus,0,0,reported_numeric,13,13,7,https://police.sdsu.edu/_resources/files/annual-security-reports/2025-annual-security-report-finalized-08-18-25.pdf#page=13,3242ccb9a6632269bcd68c2cd5e045d3c73af502841519f2b17d2f5985ced4e3
2025,2024,122409,122409002,Imperial Valley,statutory_rape,Statutory Rape,criminal_offenses,publicproperty,0,0,reported_numeric,13,13,7,https://police.sdsu.edu/_resources/files/annual-security-reports/2025-annual-security-report-finalized-08-18-25.pdf#page=13,3242ccb9a6632269bcd68c2cd5e045d3c73af502841519f2b17d2f5985ced4e3
2025,2022,122409,122409002,Imperial Valley,robbery,Robbery,criminal_offenses,residential,0,0,reported_numeric,13,13,14,https://police.sdsu.edu/_resources/files/annual-security-reports/2025-annual-security-report-finalized-08-18-25.pdf#page=13,3242ccb9a6632269bcd68c2cd5e045d3c73af502841519f2b17d2f5985ced4e3
2025,2022,122409,122409002,Imperial Valley,robbery,Robbery,criminal_offenses,oncampus,0,0,reported_numeric,13,13,14,https://police.sdsu.edu/_resources/files/annual-security-reports/2025-annual-security-report-finalized-08-18-25.pdf#page=13,3242ccb9a6632269bcd68c2cd5e045d3c73af502841519f2b17d2f5985ced4e3
2025,2022,122409,122409002,Imperial Valley,robbery,Robbery,criminal_offenses,noncampus,0,0,reported_numeric,13,13,14,https://police.sdsu.edu/_resources/files/annual-security-reports/2025-annual-security-report-finalized-08-18-25.pdf#page=13,3242ccb9a6632269bcd68c2cd5e045d3c73af502841519f2b17d2f5985ced4e3
2025,2022,122409,122409002,Imperial Valley,robbery,Robbery,criminal_offenses,publicproperty,0,0,reported_numeric,13,13,14,https://police.sdsu.edu/_resources/files/annual-security-reports/2025-annual-security-report-finalized-08-18-25.pdf#page=13,3242ccb9a6632269bcd68c2cd5e045d3c73af502841519f2b17d2f5985ced4e3
2025,2023,122409,122409002,Imperial Valley,robbery,Robbery,criminal_offenses,residential,0,0,reported_numeric,13,13,15,https://police.sdsu.edu/_resources/files/annual-security-reports/2025-annual-security-report-finalized-08-18-25.pdf#page=13,3242ccb9a6632269bcd68c2cd5e045d3c73af502841519f2b17d2f5985ced4e3
2025,2023,122409,122409002,Imperial Valley,robbery,Robbery,criminal_offenses,oncampus,0,0,reported_numeric,13,13,15,https://police.sdsu.edu/_resources/files/annual-security-reports/2025-annual-security-report-finalized-08-18-25.pdf#page=13,3242ccb9a6632269bcd68c2cd5e045d3c73af502841519f2b17d2f5985ced4e3
2025,2023,122409,122409002,Imperial Valley,robbery,Robbery,criminal_offenses,noncampus,0,0,reported_numeric,13,13,15,https://police.sdsu.edu/_resources/files/annual-security-reports/2025-annual-security-report-finalized-08-18-25.pdf#page=13,3242ccb9a6632269bcd68c2cd5e045d3c73af502841519f2b17d2f5985ced4e3
2025,2023,122409,122409002,Imperial Valley,robbery,Robbery,criminal_offenses,publicproperty,0,0,reported_numeric,13,13,15,https://police.sdsu.edu/_resources/files/annual-security-reports/2025-annual-security-report-finalized-08-18-25.pdf#page=13,3242ccb9a6632269bcd68c2cd5e045d3c73af502841519f2b17d2f5985ced4e3
2025,2024,122409,122409002,Imperial Valley,robbery,Robbery,criminal_offenses,residential,0,0,reported_numeric,13,13,16,https://police.sdsu.edu/_resources/files/annual-security-reports/2025-annual-security-report-finalized-08-18-25.pdf#page=13,3242ccb9a6632269bcd68c2cd5e045d3c73af502841519f2b17d2f5985ced4e3
2025,2024,122409,122409002,Imperial Valley,robbery,Robbery,criminal_offenses,oncampus,0,0,reported_numeric,13,13,16,https://police.sdsu.edu/_resources/files/annual-security-reports/2025-annual-security-report-finalized-08-18-25.pdf#page=13,3242ccb9a6632269bcd68c2cd5e045d3c73af502841519f2b17d2f5985ced4e3
2025,2024,122409,122409002,Imperial Valley,robbery,Robbery,criminal_offenses,noncampus,0,0,reported_numeric,13,13,16,https://police.sdsu.edu/_resources/files/annual-security-reports/2025-annual-security-report-finalized-08-18-25.pdf#page=13,3242ccb9a6632269bcd68c2cd5e045d3c73af502841519f2b17d2f5985ced4e3
2025,2024,122409,122409002,Imperial Valley,robbery,Robbery,criminal_offenses,publicproperty,0,0,reported_numeric,13,13,16,https://police.sdsu.edu/_resources/files/annual-security-reports/2025-annual-security-report-finalized-08-18-25.pdf#page=13,3242ccb9a6632269bcd68c2cd5e045d3c73af502841519f2b17d2f5985ced4e3
2025,2022,122409,122409002,Imperial Valley,aggravated_assault,Aggravated Assault,criminal_offenses,residential,0,0,reported_numeric,13,13,22,https://police.sdsu.edu/_resources/files/annual-security-reports/2025-annual-security-report-finalized-08-18-25.pdf#page=13,3242ccb9a6632269bcd68c2cd5e045d3c73af502841519f2b17d2f5985ced4e3
2025,2022,122409,122409002,Imperial Valley,aggravated_assault,Aggravated Assault,criminal_offenses,oncampus,0,0,reported_numeric,13,13,22,https://police.sdsu.edu/_resources/files/annual-security-reports/2025-annual-security-report-finalized-08-18-25.pdf#page=13,3242ccb9a6632269bcd68c2cd5e045d3c73af502841519f2b17d2f5985ced4e3
2025,2022,122409,122409002,Imperial Valley,aggravated_assault,Aggravated Assault,criminal_offenses,noncampus,0,0,reported_numeric,13,13,22,https://police.sdsu.edu/_resources/files/annual-security-reports/2025-annual-security-report-finalized-08-18-25.pdf#page=13,3242ccb9a6632269bcd68c2cd5e045d3c73af502841519f2b17d2f5985ced4e3
2025,2022,122409,122409002,Imperial Valley,aggravated_assault,Aggravated Assault,criminal_offenses,publicproperty,0,0,reported_numeric,13,13,22,https://police.sdsu.edu/_resources/files/annual-security-reports/2025-annual-security-report-finalized-08-18-25.pdf#page=13,3242ccb9a6632269bcd68c2cd5e045d3c73af502841519f2b17d2f5985ced4e3
2025,2023,122409,122409002,Imperial Valley,aggravated_assault,Aggravated Assault,criminal_offenses,residential,0,0,reported_numeric,13,13,23,https://police.sdsu.edu/_resources/files/annual-security-reports/2025-annual-security-report-finalized-08-18-25.pdf#page=13,3242ccb9a6632269bcd68c2cd5e045d3c73af502841519f2b17d2f5985ced4e3
2025,2023,122409,122409002,Imperial Valley,aggravated_assault,Aggravated Assault,criminal_offenses,oncampus,0,0,reported_numeric,13,13,23,https://police.sdsu.edu/_resources/files/annual-security-reports/2025-annual-security-report-finalized-08-18-25.pdf#page=13,3242ccb9a6632269bcd68c2cd5e045d3c73af502841519f2b17d2f5985ced4e3
2025,2023,122409,122409002,Imperial Valley,aggravated_assault,Aggravated Assault,criminal_offenses,noncampus,0,0,reported_numeric,13,13,23,https://police.sdsu.edu/_resources/files/annual-security-reports/2025-annual-security-report-finalized-08-18-25.pdf#page=13,3242ccb9a6632269bcd68c2cd5e045d3c73af502841519f2b17d2f5985ced4e3
2025,2023,122409,122409002,Imperial Valley,aggravated_assault,Aggravated Assault,criminal_offenses,publicproperty,0,0,reported_numeric,13,13,23,https://police.sdsu.edu/_resources/files/annual-security-reports/2025-annual-security-report-finalized-08-18-25.pdf#page=13,3242ccb9a6632269bcd68c2cd5e045d3c73af502841519f2b17d2f5985ced4e3
2025,2024,122409,122409002,Imperial Valley,aggravated_assault,Aggravated Assault,criminal_offenses,residential,0,0,reported_numeric,13,13,24,https://police.sdsu.edu/_resources/files/annual-security-reports/2025-annual-security-report-finalized-08-18-25.pdf#page=13,3242ccb9a6632269bcd68c2cd5e045d3c73af502841519f2b17d2f5985ced4e3
2025,2024,122409,122409002,Imperial Valley,aggravated_assault,Aggravated Assault,criminal_offenses,oncampus,0,0,reported_numeric,13,13,24,https://police.sdsu.edu/_resources/files/annual-security-reports/2025-annual-security-report-finalized-08-18-25.pdf#page=13,3242ccb9a6632269bcd68c2cd5e045d3c73af502841519f2b17d2f5985ced4e3
2025,2024,122409,122409002,Imperial Valley,aggravated_assault,Aggravated Assault,criminal_offenses,noncampus,0,0,reported_numeric,13,13,24,https://police.sdsu.edu/_resources/files/annual-security-reports/2025-annual-security-report-finalized-08-18-25.pdf#page=13,3242ccb9a6632269bcd68c2cd5e045d3c73af502841519f2b17d2f5985ced4e3
2025,2024,122409,122409002,Imperial Valley,aggravated_assault,Aggravated Assault,criminal_offenses,publicproperty,0,0,reported_numeric,13,13,24,https://police.sdsu.edu/_resources/files/annual-security-reports/2025-annual-security-report-finalized-08-18-25.pdf#page=13,3242ccb9a6632269bcd68c2cd5e045d3c73af502841519f2b17d2f5985ced4e3
2025,2022,122409,122409002,Imperial Valley,burglary,Burglary,criminal_offenses,residential,0,0,reported_numeric,13,13,30,https://police.sdsu.edu/_resources/files/annual-security-reports/2025-annual-security-report-finalized-08-18-25.pdf#page=13,3242ccb9a6632269bcd68c2cd5e045d3c73af502841519f2b17d2f5985ced4e3
2025,2022,122409,122409002,Imperial Valley,burglary,Burglary,criminal_offenses,oncampus,0,0,reported_numeric,13,13,30,https://police.sdsu.edu/_resources/files/annual-security-reports/2025-annual-security-report-finalized-08-18-25.pdf#page=13,3242ccb9a6632269bcd68c2cd5e045d3c73af502841519f2b17d2f5985ced4e3
2025,2022,122409,122409002,Imperial Valley,burglary,Burglary,criminal_offenses,noncampus,0,0,reported_numeric,13,13,30,https://police.sdsu.edu/_resources/files/annual-security-reports/2025-annual-security-report-finalized-08-18-25.pdf#page=13,3242ccb9a6632269bcd68c2cd5e045d3c73af502841519f2b17d2f5985ced4e3
2025,2022,122409,122409002,Imperial Valley,burglary,Burglary,criminal_offenses,publicproperty,0,0,reported_numeric,13,13,30,https://police.sdsu.edu/_resources/files/annual-security-reports/2025-annual-security-report-finalized-08-18-25.pdf#page=13,3242ccb9a6632269bcd68c2cd5e045d3c73af502841519f2b17d2f5985ced4e3
2025,2023,122409,122409002,Imperial Valley,burglary,Burglary,criminal_offenses,residential,0,0,reported_numeric,13,13,31,https://police.sdsu.edu/_resources/files/annual-security-reports/2025-annual-security-report-finalized-08-18-25.pdf#page=13,3242ccb9a6632269bcd68c2cd5e045d3c73af502841519f2b17d2f5985ced4e3
2025,2023,122409,122409002,Imperial Valley,burglary,Burglary,criminal_offenses,oncampus,0,0,reported_numeric,13,13,31,https://police.sdsu.edu/_resources/files/annual-security-reports/2025-annual-security-report-finalized-08-18-25.pdf#page=13,3242ccb9a6632269bcd68c2cd5e045d3c73af502841519f2b17d2f5985ced4e3
2025,2023,122409,122409002,Imperial Valley,burglary,Burglary,criminal_offenses,noncampus,0,0,reported_numeric,13,13,31,https://police.sdsu.edu/_resources/files/annual-security-reports/2025-annual-security-report-finalized-08-18-25.pdf#page=13,3242ccb9a6632269bcd68c2cd5e045d3c73af502841519f2b17d2f5985ced4e3
2025,2023,122409,122409002,Imperial Valley,burglary,Burglary,criminal_offenses,publicproperty,0,0,reported_numeric,13,13,31,https://police.sdsu.edu/_resources/files/annual-security-reports/2025-annual-security-report-finalized-08-18-25.pdf#page=13,3242ccb9a6632269bcd68c2cd5e045d3c73af502841519f2b17d2f5985ced4e3
2025,2024,122409,122409002,Imperial Valley,burglary,Burglary,criminal_offenses,residential,0,0,reported_numeric,13,13,32,https://police.sdsu.edu/_resources/files/annual-security-reports/2025-annual-security-report-finalized-08-18-25.pdf#page=13,3242ccb9a6632269bcd68c2cd5e045d3c73af502841519f2b17d2f5985ced4e3
2025,2024,122409,122409002,Imperial Valley,burglary,Burglary,criminal_offenses,oncampus,0,0,reported_numeric,13,13,32,https://police.sdsu.edu/_resources/files/annual-security-reports/2025-annual-security-report-finalized-08-18-25.pdf#page=13,3242ccb9a6632269bcd68c2cd5e045d3c73af502841519f2b17d2f5985ced4e3
2025,2024,122409,122409002,Imperial Valley,burglary,Burglary,criminal_offenses,noncampus,0,0,reported_numeric,13,13,32,https://police.sdsu.edu/_resources/files/annual-security-reports/2025-annual-security-report-finalized-08-18-25.pdf#page=13,3242ccb9a6632269bcd68c2cd5e045d3c73af502841519f2b17d2f5985ced4e3
2025,2024,122409,122409002,Imperial Valley,burglary,Burglary,criminal_offenses,publicproperty,0,0,reported_numeric,13,13,32,https://police.sdsu.edu/_resources/files/annual-security-reports/2025-annual-security-report-finalized-08-18-25.pdf#page=13,3242ccb9a6632269bcd68c2cd5e045d3c73af502841519f2b17d2f5985ced4e3
2025,2022,122409,122409002,Imperial Valley,motor_vehicle_theft,Motor Vehicle Theft,criminal_offenses,residential,0,0,reported_numeric,13,13,39,https://police.sdsu.edu/_resources/files/annual-security-reports/2025-annual-security-report-finalized-08-18-25.pdf#page=13,3242ccb9a6632269bcd68c2cd5e045d3c73af502841519f2b17d2f5985ced4e3
2025,2022,122409,122409002,Imperial Valley,motor_vehicle_theft,Motor Vehicle Theft,criminal_offenses,oncampus,0,0,reported_numeric,13,13,39,https://police.sdsu.edu/_resources/files/annual-security-reports/2025-annual-security-report-finalized-08-18-25.pdf#page=13,3242ccb9a6632269bcd68c2cd5e045d3c73af502841519f2b17d2f5985ced4e3
2025,2022,122409,122409002,Imperial Valley,motor_vehicle_theft,Motor Vehicle Theft,criminal_offenses,noncampus,0,0,reported_numeric,13,13,39,https://police.sdsu.edu/_resources/files/annual-security-reports/2025-annual-security-report-finalized-08-18-25.pdf#page=13,3242ccb9a6632269bcd68c2cd5e045d3c73af502841519f2b17d2f5985ced4e3
2025,2022,122409,122409002,Imperial Valley,motor_vehicle_theft,Motor Vehicle Theft,criminal_offenses,publicproperty,0,0,reported_numeric,13,13,39,https://police.sdsu.edu/_resources/files/annual-security-reports/2025-annual-security-report-finalized-08-18-25.pdf#page=13,3242ccb9a6632269bcd68c2cd5e045d3c73af502841519f2b17d2f5985ced4e3
2025,2023,122409,122409002,Imperial Valley,motor_vehicle_theft,Motor Vehicle Theft,criminal_offenses,residential,0,0,reported_numeric,13,13,40,https://police.sdsu.edu/_resources/files/annual-security-reports/2025-annual-security-report-finalized-08-18-25.pdf#page=13,3242ccb9a6632269bcd68c2cd5e045d3c73af502841519f2b17d2f5985ced4e3
2025,2023,122409,122409002,Imperial Valley,motor_vehicle_theft,Motor Vehicle Theft,criminal_offenses,oncampus,0,0,reported_numeric,13,13,40,https://police.sdsu.edu/_resources/files/annual-security-reports/2025-annual-security-report-finalized-08-18-25.pdf#page=13,3242ccb9a6632269bcd68c2cd5e045d3c73af502841519f2b17d2f5985ced4e3
2025,2023,122409,122409002,Imperial Valley,motor_vehicle_theft,Motor Vehicle Theft,criminal_offenses,noncampus,0,0,reported_numeric,13,13,40,https://police.sdsu.edu/_resources/files/annual-security-reports/2025-annual-security-report-finalized-08-18-25.pdf#page=13,3242ccb9a6632269bcd68c2cd5e045d3c73af502841519f2b17d2f5985ced4e3
2025,2023,122409,122409002,Imperial Valley,motor_vehicle_theft,Motor Vehicle Theft,criminal_offenses,publicproperty,0,0,reported_numeric,13,13,40,https://police.sdsu.edu/_resources/files/annual-security-reports/2025-annual-security-report-finalized-08-18-25.pdf#page=13,3242ccb9a6632269bcd68c2cd5e045d3c73af502841519f2b17d2f5985ced4e3
2025,2024,122409,122409002,Imperial Valley,motor_vehicle_theft,Motor Vehicle Theft,criminal_offenses,residential,0,0,reported_numeric,13,13,41,https://police.sdsu.edu/_resources/files/annual-security-reports/2025-annual-security-report-finalized-08-18-25.pdf#page=13,3242ccb9a6632269bcd68c2cd5e045d3c73af502841519f2b17d2f5985ced4e3
2025,2024,122409,122409002,Imperial Valley,motor_vehicle_theft,Motor Vehicle Theft,criminal_offenses,oncampus,0,0,reported_numeric,13,13,41,https://police.sdsu.edu/_resources/files/annual-security-reports/2025-annual-security-report-finalized-08-18-25.pdf#page=13,3242ccb9a6632269bcd68c2cd5e045d3c73af502841519f2b17d2f5985ced4e3
2025,2024,122409,122409002,Imperial Valley,motor_vehicle_theft,Motor Vehicle Theft,criminal_offenses,noncampus,0,0,reported_numeric,13,13,41,https://police.sdsu.edu/_resources/files/annual-security-reports/2025-annual-security-report-finalized-08-18-25.pdf#page=13,3242ccb9a6632269bcd68c2cd5e045d3c73af502841519f2b17d2f5985ced4e3
2025,2024,122409,122409002,Imperial Valley,motor_vehicle_theft,Motor Vehicle Theft,criminal_offenses,publicproperty,0,0,reported_numeric,13,13,41,https://police.sdsu.edu/_resources/files/annual-security-reports/2025-annual-security-report-finalized-08-18-25.pdf#page=13,3242ccb9a6632269bcd68c2cd5e045d3c73af502841519f2b17d2f5985ced4e3
2025,2022,122409,122409002,Imperial Valley,arson,Arson,criminal_offenses,residential,0,0,reported_numeric,14,14,5,https://police.sdsu.edu/_resources/files/annual-security-reports/2025-annual-security-report-finalized-08-18-25.pdf#page=14,3242ccb9a6632269bcd68c2cd5e045d3c73af502841519f2b17d2f5985ced4e3
2025,2022,122409,122409002,Imperial Valley,arson,Arson,criminal_offenses,oncampus,0,0,reported_numeric,14,14,5,https://police.sdsu.edu/_resources/files/annual-security-reports/2025-annual-security-report-finalized-08-18-25.pdf#page=14,3242ccb9a6632269bcd68c2cd5e045d3c73af502841519f2b17d2f5985ced4e3
2025,2022,122409,122409002,Imperial Valley,arson,Arson,criminal_offenses,noncampus,0,0,reported_numeric,14,14,5,https://police.sdsu.edu/_resources/files/annual-security-reports/2025-annual-security-report-finalized-08-18-25.pdf#page=14,3242ccb9a6632269bcd68c2cd5e045d3c73af502841519f2b17d2f5985ced4e3
2025,2022,122409,122409002,Imperial Valley,arson,Arson,criminal_offenses,publicproperty,0,0,reported_numeric,14,14,5,https://police.sdsu.edu/_resources/files/annual-security-reports/2025-annual-security-report-finalized-08-18-25.pdf#page=14,3242ccb9a6632269bcd68c2cd5e045d3c73af502841519f2b17d2f5985ced4e3
2025,2023,122409,122409002,Imperial Valley,arson,Arson,criminal_offenses,residential,0,0,reported_numeric,14,14,6,https://police.sdsu.edu/_resources/files/annual-security-reports/2025-annual-security-report-finalized-08-18-25.pdf#page=14,3242ccb9a6632269bcd68c2cd5e045d3c73af502841519f2b17d2f5985ced4e3
2025,2023,122409,122409002,Imperial Valley,arson,Arson,criminal_offenses,oncampus,0,0,reported_numeric,14,14,6,https://police.sdsu.edu/_resources/files/annual-security-reports/2025-annual-security-report-finalized-08-18-25.pdf#page=14,3242ccb9a6632269bcd68c2cd5e045d3c73af502841519f2b17d2f5985ced4e3
2025,2023,122409,122409002,Imperial Valley,arson,Arson,criminal_offenses,noncampus,0,0,reported_numeric,14,14,6,https://police.sdsu.edu/_resources/files/annual-security-reports/2025-annual-security-report-finalized-08-18-25.pdf#page=14,3242ccb9a6632269bcd68c2cd5e045d3c73af502841519f2b17d2f5985ced4e3
2025,2023,122409,122409002,Imperial Valley,arson,Arson,criminal_offenses,publicproperty,0,0,reported_numeric,14,14,6,https://police.sdsu.edu/_resources/files/annual-security-reports/2025-annual-security-report-finalized-08-18-25.pdf#page=14,3242ccb9a6632269bcd68c2cd5e045d3c73af502841519f2b17d2f5985ced4e3
2025,2024,122409,122409002,Imperial Valley,arson,Arson,criminal_offenses,residential,0,0,reported_numeric,14,14,7,https://police.sdsu.edu/_resources/files/annual-security-reports/2025-annual-security-report-finalized-08-18-25.pdf#page=14,3242ccb9a6632269bcd68c2cd5e045d3c73af502841519f2b17d2f5985ced4e3
2025,2024,122409,122409002,Imperial Valley,arson,Arson,criminal_offenses,oncampus,0,0,reported_numeric,14,14,7,https://police.sdsu.edu/_resources/files/annual-security-reports/2025-annual-security-report-finalized-08-18-25.pdf#page=14,3242ccb9a6632269bcd68c2cd5e045d3c73af502841519f2b17d2f5985ced4e3
2025,2024,122409,122409002,Imperial Valley,arson,Arson,criminal_offenses,noncampus,0,0,reported_numeric,14,14,7,https://police.sdsu.edu/_resources/files/annual-security-reports/2025-annual-security-report-finalized-08-18-25.pdf#page=14,3242ccb9a6632269bcd68c2cd5e045d3c73af502841519f2b17d2f5985ced4e3
2025,2024,122409,122409002,Imperial Valley,arson,Arson,criminal_offenses,publicproperty,0,0,reported_numeric,14,14,7,https://police.sdsu.edu/_resources/files/annual-security-reports/2025-annual-security-report-finalized-08-18-25.pdf#page=14,3242ccb9a6632269bcd68c2cd5e045d3c73af502841519f2b17d2f5985ced4e3
2025,2022,122409,122409002,Imperial Valley,domestic_violence,Domestic Violence,vawa,residential,0,0,reported_numeric,14,14,14,https://police.sdsu.edu/_resources/files/annual-security-reports/2025-annual-security-report-finalized-08-18-25.pdf#page=14,3242ccb9a6632269bcd68c2cd5e045d3c73af502841519f2b17d2f5985ced4e3
2025,2022,122409,122409002,Imperial Valley,domestic_violence,Domestic Violence,vawa,oncampus,0,0,reported_numeric,14,14,14,https://police.sdsu.edu/_resources/files/annual-security-reports/2025-annual-security-report-finalized-08-18-25.pdf#page=14,3242ccb9a6632269bcd68c2cd5e045d3c73af502841519f2b17d2f5985ced4e3
2025,2022,122409,122409002,Imperial Valley,domestic_violence,Domestic Violence,vawa,noncampus,0,0,reported_numeric,14,14,14,https://police.sdsu.edu/_resources/files/annual-security-reports/2025-annual-security-report-finalized-08-18-25.pdf#page=14,3242ccb9a6632269bcd68c2cd5e045d3c73af502841519f2b17d2f5985ced4e3
2025,2022,122409,122409002,Imperial Valley,domestic_violence,Domestic Violence,vawa,publicproperty,0,0,reported_numeric,14,14,14,https://police.sdsu.edu/_resources/files/annual-security-reports/2025-annual-security-report-finalized-08-18-25.pdf#page=14,3242ccb9a6632269bcd68c2cd5e045d3c73af502841519f2b17d2f5985ced4e3
2025,2023,122409,122409002,Imperial Valley,domestic_violence,Domestic Violence,vawa,residential,0,0,reported_numeric,14,14,15,https://police.sdsu.edu/_resources/files/annual-security-reports/2025-annual-security-report-finalized-08-18-25.pdf#page=14,3242ccb9a6632269bcd68c2cd5e045d3c73af502841519f2b17d2f5985ced4e3
2025,2023,122409,122409002,Imperial Valley,domestic_violence,Domestic Violence,vawa,oncampus,0,0,reported_numeric,14,14,15,https://police.sdsu.edu/_resources/files/annual-security-reports/2025-annual-security-report-finalized-08-18-25.pdf#page=14,3242ccb9a6632269bcd68c2cd5e045d3c73af502841519f2b17d2f5985ced4e3
2025,2023,122409,122409002,Imperial Valley,domestic_violence,Domestic Violence,vawa,noncampus,0,0,reported_numeric,14,14,15,https://police.sdsu.edu/_resources/files/annual-security-reports/2025-annual-security-report-finalized-08-18-25.pdf#page=14,3242ccb9a6632269bcd68c2cd5e045d3c73af502841519f2b17d2f5985ced4e3
2025,2023,122409,122409002,Imperial Valley,domestic_violence,Domestic Violence,vawa,publicproperty,0,0,reported_numeric,14,14,15,https://police.sdsu.edu/_resources/files/annual-security-reports/2025-annual-security-report-finalized-08-18-25.pdf#page=14,3242ccb9a6632269bcd68c2cd5e045d3c73af502841519f2b17d2f5985ced4e3
2025,2024,122409,122409002,Imperial Valley,domestic_violence,Domestic Violence,vawa,residential,0,0,reported_numeric,14,14,16,https://police.sdsu.edu/_resources/files/annual-security-reports/2025-annual-security-report-finalized-08-18-25.pdf#page=14,3242ccb9a6632269bcd68c2cd5e045d3c73af502841519f2b17d2f5985ced4e3
2025,2024,122409,122409002,Imperial Valley,domestic_violence,Domestic Violence,vawa,oncampus,0,0,reported_numeric,14,14,16,https://police.sdsu.edu/_resources/files/annual-security-reports/2025-annual-security-report-finalized-08-18-25.pdf#page=14,3242ccb9a6632269bcd68c2cd5e045d3c73af502841519f2b17d2f5985ced4e3
2025,2024,122409,122409002,Imperial Valley,domestic_violence,Domestic Violence,vawa,noncampus,0,0,reported_numeric,14,14,16,https://police.sdsu.edu/_resources/files/annual-security-reports/2025-annual-security-report-finalized-08-18-25.pdf#page=14,3242ccb9a6632269bcd68c2cd5e045d3c73af502841519f2b17d2f5985ced4e3
2025,2024,122409,122409002,Imperial Valley,domestic_violence,Domestic Violence,vawa,publicproperty,0,0,reported_numeric,14,14,16,https://police.sdsu.edu/_resources/files/annual-security-reports/2025-annual-security-report-finalized-08-18-25.pdf#page=14,3242ccb9a6632269bcd68c2cd5e045d3c73af502841519f2b17d2f5985ced4e3
2025,2022,122409,122409002,Imperial Valley,dating_violence,Dating Violence,vawa,residential,0,0,reported_numeric,14,14,22,https://police.sdsu.edu/_resources/files/annual-security-reports/2025-annual-security-report-finalized-08-18-25.pdf#page=14,3242ccb9a6632269bcd68c2cd5e045d3c73af502841519f2b17d2f5985ced4e3
2025,2022,122409,122409002,Imperial Valley,dating_violence,Dating Violence,vawa,oncampus,0,0,reported_numeric,14,14,22,https://police.sdsu.edu/_resources/files/annual-security-reports/2025-annual-security-report-finalized-08-18-25.pdf#page=14,3242ccb9a6632269bcd68c2cd5e045d3c73af502841519f2b17d2f5985ced4e3
2025,2022,122409,122409002,Imperial Valley,dating_violence,Dating Violence,vawa,noncampus,0,0,reported_numeric,14,14,22,https://police.sdsu.edu/_resources/files/annual-security-reports/2025-annual-security-report-finalized-08-18-25.pdf#page=14,3242ccb9a6632269bcd68c2cd5e045d3c73af502841519f2b17d2f5985ced4e3
2025,2022,122409,122409002,Imperial Valley,dating_violence,Dating Violence,vawa,publicproperty,0,0,reported_numeric,14,14,22,https://police.sdsu.edu/_resources/files/annual-security-reports/2025-annual-security-report-finalized-08-18-25.pdf#page=14,3242ccb9a6632269bcd68c2cd5e045d3c73af502841519f2b17d2f5985ced4e3
2025,2023,122409,122409002,Imperial Valley,dating_violence,Dating Violence,vawa,residential,0,0,reported_numeric,14,14,23,https://police.sdsu.edu/_resources/files/annual-security-reports/2025-annual-security-report-finalized-08-18-25.pdf#page=14,3242ccb9a6632269bcd68c2cd5e045d3c73af502841519f2b17d2f5985ced4e3
2025,2023,122409,122409002,Imperial Valley,dating_violence,Dating Violence,vawa,oncampus,0,0,reported_numeric,14,14,23,https://police.sdsu.edu/_resources/files/annual-security-reports/2025-annual-security-report-finalized-08-18-25.pdf#page=14,3242ccb9a6632269bcd68c2cd5e045d3c73af502841519f2b17d2f5985ced4e3
2025,2023,122409,122409002,Imperial Valley,dating_violence,Dating Violence,vawa,noncampus,0,0,reported_numeric,14,14,23,https://police.sdsu.edu/_resources/files/annual-security-reports/2025-annual-security-report-finalized-08-18-25.pdf#page=14,3242ccb9a6632269bcd68c2cd5e045d3c73af502841519f2b17d2f5985ced4e3
2025,2023,122409,122409002,Imperial Valley,dating_violence,Dating Violence,vawa,publicproperty,0,0,reported_numeric,14,14,23,https://police.sdsu.edu/_resources/files/annual-security-reports/2025-annual-security-report-finalized-08-18-25.pdf#page=14,3242ccb9a6632269bcd68c2cd5e045d3c73af502841519f2b17d2f5985ced4e3
2025,2024,122409,122409002,Imperial Valley,dating_violence,Dating Violence,vawa,residential,0,0,reported_numeric,14,14,24,https://police.sdsu.edu/_resources/files/annual-security-reports/2025-annual-security-report-finalized-08-18-25.pdf#page=14,3242ccb9a6632269bcd68c2cd5e045d3c73af502841519f2b17d2f5985ced4e3
2025,2024,122409,122409002,Imperial Valley,dating_violence,Dating Violence,vawa,oncampus,0,0,reported_numeric,14,14,24,https://police.sdsu.edu/_resources/files/annual-security-reports/2025-annual-security-report-finalized-08-18-25.pdf#page=14,3242ccb9a6632269bcd68c2cd5e045d3c73af502841519f2b17d2f5985ced4e3
2025,2024,122409,122409002,Imperial Valley,dating_violence,Dating Violence,vawa,noncampus,0,0,reported_numeric,14,14,24,https://police.sdsu.edu/_resources/files/annual-security-reports/2025-annual-security-report-finalized-08-18-25.pdf#page=14,3242ccb9a6632269bcd68c2cd5e045d3c73af502841519f2b17d2f5985ced4e3
2025,2024,122409,122409002,Imperial Valley,dating_violence,Dating Violence,vawa,publicproperty,0,0,reported_numeric,14,14,24,https://police.sdsu.edu/_resources/files/annual-security-reports/2025-annual-security-report-finalized-08-18-25.pdf#page=14,3242ccb9a6632269bcd68c2cd5e045d3c73af502841519f2b17d2f5985ced4e3
2025,2022,122409,122409002,Imperial Valley,stalking,Stalking,vawa,residential,0,0,reported_numeric,14,14,30,https://police.sdsu.edu/_resources/files/annual-security-reports/2025-annual-security-report-finalized-08-18-25.pdf#page=14,3242ccb9a6632269bcd68c2cd5e045d3c73af502841519f2b17d2f5985ced4e3
2025,2022,122409,122409002,Imperial Valley,stalking,Stalking,vawa,oncampus,0,0,reported_numeric,14,14,30,https://police.sdsu.edu/_resources/files/annual-security-reports/2025-annual-security-report-finalized-08-18-25.pdf#page=14,3242ccb9a6632269bcd68c2cd5e045d3c73af502841519f2b17d2f5985ced4e3
2025,2022,122409,122409002,Imperial Valley,stalking,Stalking,vawa,noncampus,0,0,reported_numeric,14,14,30,https://police.sdsu.edu/_resources/files/annual-security-reports/2025-annual-security-report-finalized-08-18-25.pdf#page=14,3242ccb9a6632269bcd68c2cd5e045d3c73af502841519f2b17d2f5985ced4e3
2025,2022,122409,122409002,Imperial Valley,stalking,Stalking,vawa,publicproperty,0,0,reported_numeric,14,14,30,https://police.sdsu.edu/_resources/files/annual-security-reports/2025-annual-security-report-finalized-08-18-25.pdf#page=14,3242ccb9a6632269bcd68c2cd5e045d3c73af502841519f2b17d2f5985ced4e3
2025,2023,122409,122409002,Imperial Valley,stalking,Stalking,vawa,residential,0,0,reported_numeric,14,14,31,https://police.sdsu.edu/_resources/files/annual-security-reports/2025-annual-security-report-finalized-08-18-25.pdf#page=14,3242ccb9a6632269bcd68c2cd5e045d3c73af502841519f2b17d2f5985ced4e3
2025,2023,122409,122409002,Imperial Valley,stalking,Stalking,vawa,oncampus,0,0,reported_numeric,14,14,31,https://police.sdsu.edu/_resources/files/annual-security-reports/2025-annual-security-report-finalized-08-18-25.pdf#page=14,3242ccb9a6632269bcd68c2cd5e045d3c73af502841519f2b17d2f5985ced4e3
2025,2023,122409,122409002,Imperial Valley,stalking,Stalking,vawa,noncampus,0,0,reported_numeric,14,14,31,https://police.sdsu.edu/_resources/files/annual-security-reports/2025-annual-security-report-finalized-08-18-25.pdf#page=14,3242ccb9a6632269bcd68c2cd5e045d3c73af502841519f2b17d2f5985ced4e3
2025,2023,122409,122409002,Imperial Valley,stalking,Stalking,vawa,publicproperty,0,0,reported_numeric,14,14,31,https://police.sdsu.edu/_resources/files/annual-security-reports/2025-annual-security-report-finalized-08-18-25.pdf#page=14,3242ccb9a6632269bcd68c2cd5e045d3c73af502841519f2b17d2f5985ced4e3
2025,2024,122409,122409002,Imperial Valley,stalking,Stalking,vawa,residential,0,0,reported_numeric,14,14,32,https://police.sdsu.edu/_resources/files/annual-security-reports/2025-annual-security-report-finalized-08-18-25.pdf#page=14,3242ccb9a6632269bcd68c2cd5e045d3c73af502841519f2b17d2f5985ced4e3
2025,2024,122409,122409002,Imperial Valley,stalking,Stalking,vawa,oncampus,0,0,reported_numeric,14,14,32,https://police.sdsu.edu/_resources/files/annual-security-reports/2025-annual-security-report-finalized-08-18-25.pdf#page=14,3242ccb9a6632269bcd68c2cd5e045d3c73af502841519f2b17d2f5985ced4e3
2025,2024,122409,122409002,Imperial Valley,stalking,Stalking,vawa,noncampus,0,0,reported_numeric,14,14,32,https://police.sdsu.edu/_resources/files/annual-security-reports/2025-annual-security-report-finalized-08-18-25.pdf#page=14,3242ccb9a6632269bcd68c2cd5e045d3c73af502841519f2b17d2f5985ced4e3
2025,2024,122409,122409002,Imperial Valley,stalking,Stalking,vawa,publicproperty,0,0,reported_numeric,14,14,32,https://police.sdsu.edu/_resources/files/annual-security-reports/2025-annual-security-report-finalized-08-18-25.pdf#page=14,3242ccb9a6632269bcd68c2cd5e045d3c73af502841519f2b17d2f5985ced4e3
2025,2022,122409,122409002,Imperial Valley,arrests_weapons,Arrests for Weapons Law Violations,arrests,residential,0,0,reported_numeric,14,14,39,https://police.sdsu.edu/_resources/files/annual-security-reports/2025-annual-security-report-finalized-08-18-25.pdf#page=14,3242ccb9a6632269bcd68c2cd5e045d3c73af502841519f2b17d2f5985ced4e3
2025,2022,122409,122409002,Imperial Valley,arrests_weapons,Arrests for Weapons Law Violations,arrests,oncampus,0,0,reported_numeric,14,14,39,https://police.sdsu.edu/_resources/files/annual-security-reports/2025-annual-security-report-finalized-08-18-25.pdf#page=14,3242ccb9a6632269bcd68c2cd5e045d3c73af502841519f2b17d2f5985ced4e3
2025,2022,122409,122409002,Imperial Valley,arrests_weapons,Arrests for Weapons Law Violations,arrests,noncampus,0,0,reported_numeric,14,14,39,https://police.sdsu.edu/_resources/files/annual-security-reports/2025-annual-security-report-finalized-08-18-25.pdf#page=14,3242ccb9a6632269bcd68c2cd5e045d3c73af502841519f2b17d2f5985ced4e3
2025,2022,122409,122409002,Imperial Valley,arrests_weapons,Arrests for Weapons Law Violations,arrests,publicproperty,0,0,reported_numeric,14,14,39,https://police.sdsu.edu/_resources/files/annual-security-reports/2025-annual-security-report-finalized-08-18-25.pdf#page=14,3242ccb9a6632269bcd68c2cd5e045d3c73af502841519f2b17d2f5985ced4e3
2025,2023,122409,122409002,Imperial Valley,arrests_weapons,Arrests for Weapons Law Violations,arrests,residential,0,0,reported_numeric,14,14,40,https://police.sdsu.edu/_resources/files/annual-security-reports/2025-annual-security-report-finalized-08-18-25.pdf#page=14,3242ccb9a6632269bcd68c2cd5e045d3c73af502841519f2b17d2f5985ced4e3
2025,2023,122409,122409002,Imperial Valley,arrests_weapons,Arrests for Weapons Law Violations,arrests,oncampus,0,0,reported_numeric,14,14,40,https://police.sdsu.edu/_resources/files/annual-security-reports/2025-annual-security-report-finalized-08-18-25.pdf#page=14,3242ccb9a6632269bcd68c2cd5e045d3c73af502841519f2b17d2f5985ced4e3
2025,2023,122409,122409002,Imperial Valley,arrests_weapons,Arrests for Weapons Law Violations,arrests,noncampus,0,0,reported_numeric,14,14,40,https://police.sdsu.edu/_resources/files/annual-security-reports/2025-annual-security-report-finalized-08-18-25.pdf#page=14,3242ccb9a6632269bcd68c2cd5e045d3c73af502841519f2b17d2f5985ced4e3
2025,2023,122409,122409002,Imperial Valley,arrests_weapons,Arrests for Weapons Law Violations,arrests,publicproperty,0,0,reported_numeric,14,14,40,https://police.sdsu.edu/_resources/files/annual-security-reports/2025-annual-security-report-finalized-08-18-25.pdf#page=14,3242ccb9a6632269bcd68c2cd5e045d3c73af502841519f2b17d2f5985ced4e3
2025,2024,122409,122409002,Imperial Valley,arrests_weapons,Arrests for Weapons Law Violations,arrests,residential,0,0,reported_numeric,14,14,41,https://police.sdsu.edu/_resources/files/annual-security-reports/2025-annual-security-report-finalized-08-18-25.pdf#page=14,3242ccb9a6632269bcd68c2cd5e045d3c73af502841519f2b17d2f5985ced4e3
2025,2024,122409,122409002,Imperial Valley,arrests_weapons,Arrests for Weapons Law Violations,arrests,oncampus,0,0,reported_numeric,14,14,41,https://police.sdsu.edu/_resources/files/annual-security-reports/2025-annual-security-report-finalized-08-18-25.pdf#page=14,3242ccb9a6632269bcd68c2cd5e045d3c73af502841519f2b17d2f5985ced4e3
2025,2024,122409,122409002,Imperial Valley,arrests_weapons,Arrests for Weapons Law Violations,arrests,noncampus,0,0,reported_numeric,14,14,41,https://police.sdsu.edu/_resources/files/annual-security-reports/2025-annual-security-report-finalized-08-18-25.pdf#page=14,3242ccb9a6632269bcd68c2cd5e045d3c73af502841519f2b17d2f5985ced4e3
2025,2024,122409,122409002,Imperial Valley,arrests_weapons,Arrests for Weapons Law Violations,arrests,publicproperty,0,0,reported_numeric,14,14,41,https://police.sdsu.edu/_resources/files/annual-security-reports/2025-annual-security-report-finalized-08-18-25.pdf#page=14,3242ccb9a6632269bcd68c2cd5e045d3c73af502841519f2b17d2f5985ced4e3
2025,2022,122409,122409002,Imperial Valley,arrests_drug,Arrests for Drug Law Violations,arrests,residential,0,0,reported_numeric,15,15,5,https://police.sdsu.edu/_resources/files/annual-security-reports/2025-annual-security-report-finalized-08-18-25.pdf#page=15,3242ccb9a6632269bcd68c2cd5e045d3c73af502841519f2b17d2f5985ced4e3
2025,2022,122409,122409002,Imperial Valley,arrests_drug,Arrests for Drug Law Violations,arrests,oncampus,0,0,reported_numeric,15,15,5,https://police.sdsu.edu/_resources/files/annual-security-reports/2025-annual-security-report-finalized-08-18-25.pdf#page=15,3242ccb9a6632269bcd68c2cd5e045d3c73af502841519f2b17d2f5985ced4e3
2025,2022,122409,122409002,Imperial Valley,arrests_drug,Arrests for Drug Law Violations,arrests,noncampus,0,0,reported_numeric,15,15,5,https://police.sdsu.edu/_resources/files/annual-security-reports/2025-annual-security-report-finalized-08-18-25.pdf#page=15,3242ccb9a6632269bcd68c2cd5e045d3c73af502841519f2b17d2f5985ced4e3
2025,2022,122409,122409002,Imperial Valley,arrests_drug,Arrests for Drug Law Violations,arrests,publicproperty,0,0,reported_numeric,15,15,5,https://police.sdsu.edu/_resources/files/annual-security-reports/2025-annual-security-report-finalized-08-18-25.pdf#page=15,3242ccb9a6632269bcd68c2cd5e045d3c73af502841519f2b17d2f5985ced4e3
2025,2023,122409,122409002,Imperial Valley,arrests_drug,Arrests for Drug Law Violations,arrests,residential,0,0,reported_numeric,15,15,6,https://police.sdsu.edu/_resources/files/annual-security-reports/2025-annual-security-report-finalized-08-18-25.pdf#page=15,3242ccb9a6632269bcd68c2cd5e045d3c73af502841519f2b17d2f5985ced4e3
2025,2023,122409,122409002,Imperial Valley,arrests_drug,Arrests for Drug Law Violations,arrests,oncampus,0,0,reported_numeric,15,15,6,https://police.sdsu.edu/_resources/files/annual-security-reports/2025-annual-security-report-finalized-08-18-25.pdf#page=15,3242ccb9a6632269bcd68c2cd5e045d3c73af502841519f2b17d2f5985ced4e3
2025,2023,122409,122409002,Imperial Valley,arrests_drug,Arrests for Drug Law Violations,arrests,noncampus,0,0,reported_numeric,15,15,6,https://police.sdsu.edu/_resources/files/annual-security-reports/2025-annual-security-report-finalized-08-18-25.pdf#page=15,3242ccb9a6632269bcd68c2cd5e045d3c73af502841519f2b17d2f5985ced4e3
2025,2023,122409,122409002,Imperial Valley,arrests_drug,Arrests for Drug Law Violations,arrests,publicproperty,0,0,reported_numeric,15,15,6,https://police.sdsu.edu/_resources/files/annual-security-reports/2025-annual-security-report-finalized-08-18-25.pdf#page=15,3242ccb9a6632269bcd68c2cd5e045d3c73af502841519f2b17d2f5985ced4e3
2025,2024,122409,122409002,Imperial Valley,arrests_drug,Arrests for Drug Law Violations,arrests,residential,0,0,reported_numeric,15,15,7,https://police.sdsu.edu/_resources/files/annual-security-reports/2025-annual-security-report-finalized-08-18-25.pdf#page=15,3242ccb9a6632269bcd68c2cd5e045d3c73af502841519f2b17d2f5985ced4e3
2025,2024,122409,122409002,Imperial Valley,arrests_drug,Arrests for Drug Law Violations,arrests,oncampus,0,0,reported_numeric,15,15,7,https://police.sdsu.edu/_resources/files/annual-security-reports/2025-annual-security-report-finalized-08-18-25.pdf#page=15,3242ccb9a6632269bcd68c2cd5e045d3c73af502841519f2b17d2f5985ced4e3
2025,2024,122409,122409002,Imperial Valley,arrests_drug,Arrests for Drug Law Violations,arrests,noncampus,0,0,reported_numeric,15,15,7,https://police.sdsu.edu/_resources/files/annual-security-reports/2025-annual-security-report-finalized-08-18-25.pdf#page=15,3242ccb9a6632269bcd68c2cd5e045d3c73af502841519f2b17d2f5985ced4e3
2025,2024,122409,122409002,Imperial Valley,arrests_drug,Arrests for Drug Law Violations,arrests,publicproperty,0,0,reported_numeric,15,15,7,https://police.sdsu.edu/_resources/files/annual-security-reports/2025-annual-security-report-finalized-08-18-25.pdf#page=15,3242ccb9a6632269bcd68c2cd5e045d3c73af502841519f2b17d2f5985ced4e3
2025,2022,122409,122409002,Imperial Valley,arrests_liquor,Arrests for Liquor Law Violations,arrests,residential,0,0,reported_numeric,15,15,14,https://police.sdsu.edu/_resources/files/annual-security-reports/2025-annual-security-report-finalized-08-18-25.pdf#page=15,3242ccb9a6632269bcd68c2cd5e045d3c73af502841519f2b17d2f5985ced4e3
2025,2022,122409,122409002,Imperial Valley,arrests_liquor,Arrests for Liquor Law Violations,arrests,oncampus,0,0,reported_numeric,15,15,14,https://police.sdsu.edu/_resources/files/annual-security-reports/2025-annual-security-report-finalized-08-18-25.pdf#page=15,3242ccb9a6632269bcd68c2cd5e045d3c73af502841519f2b17d2f5985ced4e3
2025,2022,122409,122409002,Imperial Valley,arrests_liquor,Arrests for Liquor Law Violations,arrests,noncampus,0,0,reported_numeric,15,15,14,https://police.sdsu.edu/_resources/files/annual-security-reports/2025-annual-security-report-finalized-08-18-25.pdf#page=15,3242ccb9a6632269bcd68c2cd5e045d3c73af502841519f2b17d2f5985ced4e3
2025,2022,122409,122409002,Imperial Valley,arrests_liquor,Arrests for Liquor Law Violations,arrests,publicproperty,0,0,reported_numeric,15,15,14,https://police.sdsu.edu/_resources/files/annual-security-reports/2025-annual-security-report-finalized-08-18-25.pdf#page=15,3242ccb9a6632269bcd68c2cd5e045d3c73af502841519f2b17d2f5985ced4e3
2025,2023,122409,122409002,Imperial Valley,arrests_liquor,Arrests for Liquor Law Violations,arrests,residential,0,0,reported_numeric,15,15,15,https://police.sdsu.edu/_resources/files/annual-security-reports/2025-annual-security-report-finalized-08-18-25.pdf#page=15,3242ccb9a6632269bcd68c2cd5e045d3c73af502841519f2b17d2f5985ced4e3
2025,2023,122409,122409002,Imperial Valley,arrests_liquor,Arrests for Liquor Law Violations,arrests,oncampus,0,0,reported_numeric,15,15,15,https://police.sdsu.edu/_resources/files/annual-security-reports/2025-annual-security-report-finalized-08-18-25.pdf#page=15,3242ccb9a6632269bcd68c2cd5e045d3c73af502841519f2b17d2f5985ced4e3
2025,2023,122409,122409002,Imperial Valley,arrests_liquor,Arrests for Liquor Law Violations,arrests,noncampus,0,0,reported_numeric,15,15,15,https://police.sdsu.edu/_resources/files/annual-security-reports/2025-annual-security-report-finalized-08-18-25.pdf#page=15,3242ccb9a6632269bcd68c2cd5e045d3c73af502841519f2b17d2f5985ced4e3
2025,2023,122409,122409002,Imperial Valley,arrests_liquor,Arrests for Liquor Law Violations,arrests,publicproperty,0,0,reported_numeric,15,15,15,https://police.sdsu.edu/_resources/files/annual-security-reports/2025-annual-security-report-finalized-08-18-25.pdf#page=15,3242ccb9a6632269bcd68c2cd5e045d3c73af502841519f2b17d2f5985ced4e3
2025,2024,122409,122409002,Imperial Valley,arrests_liquor,Arrests for Liquor Law Violations,arrests,residential,0,0,reported_numeric,15,15,16,https://police.sdsu.edu/_resources/files/annual-security-reports/2025-annual-security-report-finalized-08-18-25.pdf#page=15,3242ccb9a6632269bcd68c2cd5e045d3c73af502841519f2b17d2f5985ced4e3
2025,2024,122409,122409002,Imperial Valley,arrests_liquor,Arrests for Liquor Law Violations,arrests,oncampus,0,0,reported_numeric,15,15,16,https://police.sdsu.edu/_resources/files/annual-security-reports/2025-annual-security-report-finalized-08-18-25.pdf#page=15,3242ccb9a6632269bcd68c2cd5e045d3c73af502841519f2b17d2f5985ced4e3
2025,2024,122409,122409002,Imperial Valley,arrests_liquor,Arrests for Liquor Law Violations,arrests,noncampus,0,0,reported_numeric,15,15,16,https://police.sdsu.edu/_resources/files/annual-security-reports/2025-annual-security-report-finalized-08-18-25.pdf#page=15,3242ccb9a6632269bcd68c2cd5e045d3c73af502841519f2b17d2f5985ced4e3
2025,2024,122409,122409002,Imperial Valley,arrests_liquor,Arrests for Liquor Law Violations,arrests,publicproperty,0,0,reported_numeric,15,15,16,https://police.sdsu.edu/_resources/files/annual-security-reports/2025-annual-security-report-finalized-08-18-25.pdf#page=15,3242ccb9a6632269bcd68c2cd5e045d3c73af502841519f2b17d2f5985ced4e3
2025,2022,122409,122409002,Imperial Valley,referrals_weapons,Referrals to Disciplinary Action for Weapons Law Violations,disciplinary_referrals,residential,0,0,reported_numeric,15,15,22,https://police.sdsu.edu/_resources/files/annual-security-reports/2025-annual-security-report-finalized-08-18-25.pdf#page=15,3242ccb9a6632269bcd68c2cd5e045d3c73af502841519f2b17d2f5985ced4e3
2025,2022,122409,122409002,Imperial Valley,referrals_weapons,Referrals to Disciplinary Action for Weapons Law Violations,disciplinary_referrals,oncampus,0,0,reported_numeric,15,15,22,https://police.sdsu.edu/_resources/files/annual-security-reports/2025-annual-security-report-finalized-08-18-25.pdf#page=15,3242ccb9a6632269bcd68c2cd5e045d3c73af502841519f2b17d2f5985ced4e3
2025,2022,122409,122409002,Imperial Valley,referrals_weapons,Referrals to Disciplinary Action for Weapons Law Violations,disciplinary_referrals,noncampus,0,0,reported_numeric,15,15,22,https://police.sdsu.edu/_resources/files/annual-security-reports/2025-annual-security-report-finalized-08-18-25.pdf#page=15,3242ccb9a6632269bcd68c2cd5e045d3c73af502841519f2b17d2f5985ced4e3
2025,2022,122409,122409002,Imperial Valley,referrals_weapons,Referrals to Disciplinary Action for Weapons Law Violations,disciplinary_referrals,publicproperty,0,0,reported_numeric,15,15,22,https://police.sdsu.edu/_resources/files/annual-security-reports/2025-annual-security-report-finalized-08-18-25.pdf#page=15,3242ccb9a6632269bcd68c2cd5e045d3c73af502841519f2b17d2f5985ced4e3
2025,2023,122409,122409002,Imperial Valley,referrals_weapons,Referrals to Disciplinary Action for Weapons Law Violations,disciplinary_referrals,residential,0,0,reported_numeric,15,15,23,https://police.sdsu.edu/_resources/files/annual-security-reports/2025-annual-security-report-finalized-08-18-25.pdf#page=15,3242ccb9a6632269bcd68c2cd5e045d3c73af502841519f2b17d2f5985ced4e3
2025,2023,122409,122409002,Imperial Valley,referrals_weapons,Referrals to Disciplinary Action for Weapons Law Violations,disciplinary_referrals,oncampus,0,0,reported_numeric,15,15,23,https://police.sdsu.edu/_resources/files/annual-security-reports/2025-annual-security-report-finalized-08-18-25.pdf#page=15,3242ccb9a6632269bcd68c2cd5e045d3c73af502841519f2b17d2f5985ced4e3
2025,2023,122409,122409002,Imperial Valley,referrals_weapons,Referrals to Disciplinary Action for Weapons Law Violations,disciplinary_referrals,noncampus,0,0,reported_numeric,15,15,23,https://police.sdsu.edu/_resources/files/annual-security-reports/2025-annual-security-report-finalized-08-18-25.pdf#page=15,3242ccb9a6632269bcd68c2cd5e045d3c73af502841519f2b17d2f5985ced4e3
2025,2023,122409,122409002,Imperial Valley,referrals_weapons,Referrals to Disciplinary Action for Weapons Law Violations,disciplinary_referrals,publicproperty,0,0,reported_numeric,15,15,23,https://police.sdsu.edu/_resources/files/annual-security-reports/2025-annual-security-report-finalized-08-18-25.pdf#page=15,3242ccb9a6632269bcd68c2cd5e045d3c73af502841519f2b17d2f5985ced4e3
2025,2024,122409,122409002,Imperial Valley,referrals_weapons,Referrals to Disciplinary Action for Weapons Law Violations,disciplinary_referrals,residential,0,0,reported_numeric,15,15,24,https://police.sdsu.edu/_resources/files/annual-security-reports/2025-annual-security-report-finalized-08-18-25.pdf#page=15,3242ccb9a6632269bcd68c2cd5e045d3c73af502841519f2b17d2f5985ced4e3
2025,2024,122409,122409002,Imperial Valley,referrals_weapons,Referrals to Disciplinary Action for Weapons Law Violations,disciplinary_referrals,oncampus,0,0,reported_numeric,15,15,24,https://police.sdsu.edu/_resources/files/annual-security-reports/2025-annual-security-report-finalized-08-18-25.pdf#page=15,3242ccb9a6632269bcd68c2cd5e045d3c73af502841519f2b17d2f5985ced4e3
2025,2024,122409,122409002,Imperial Valley,referrals_weapons,Referrals to Disciplinary Action for Weapons Law Violations,disciplinary_referrals,noncampus,0,0,reported_numeric,15,15,24,https://police.sdsu.edu/_resources/files/annual-security-reports/2025-annual-security-report-finalized-08-18-25.pdf#page=15,3242ccb9a6632269bcd68c2cd5e045d3c73af502841519f2b17d2f5985ced4e3
2025,2024,122409,122409002,Imperial Valley,referrals_weapons,Referrals to Disciplinary Action for Weapons Law Violations,disciplinary_referrals,publicproperty,0,0,reported_numeric,15,15,24,https://police.sdsu.edu/_resources/files/annual-security-reports/2025-annual-security-report-finalized-08-18-25.pdf#page=15,3242ccb9a6632269bcd68c2cd5e045d3c73af502841519f2b17d2f5985ced4e3
2025,2022,122409,122409002,Imperial Valley,referrals_drug,Referrals to Disciplinary Action for Drug Law Violations,disciplinary_referrals,residential,0,0,reported_numeric,15,15,30,https://police.sdsu.edu/_resources/files/annual-security-reports/2025-annual-security-report-finalized-08-18-25.pdf#page=15,3242ccb9a6632269bcd68c2cd5e045d3c73af502841519f2b17d2f5985ced4e3
2025,2022,122409,122409002,Imperial Valley,referrals_drug,Referrals to Disciplinary Action for Drug Law Violations,disciplinary_referrals,oncampus,0,0,reported_numeric,15,15,30,https://police.sdsu.edu/_resources/files/annual-security-reports/2025-annual-security-report-finalized-08-18-25.pdf#page=15,3242ccb9a6632269bcd68c2cd5e045d3c73af502841519f2b17d2f5985ced4e3
2025,2022,122409,122409002,Imperial Valley,referrals_drug,Referrals to Disciplinary Action for Drug Law Violations,disciplinary_referrals,noncampus,0,0,reported_numeric,15,15,30,https://police.sdsu.edu/_resources/files/annual-security-reports/2025-annual-security-report-finalized-08-18-25.pdf#page=15,3242ccb9a6632269bcd68c2cd5e045d3c73af502841519f2b17d2f5985ced4e3
2025,2022,122409,122409002,Imperial Valley,referrals_drug,Referrals to Disciplinary Action for Drug Law Violations,disciplinary_referrals,publicproperty,0,0,reported_numeric,15,15,30,https://police.sdsu.edu/_resources/files/annual-security-reports/2025-annual-security-report-finalized-08-18-25.pdf#page=15,3242ccb9a6632269bcd68c2cd5e045d3c73af502841519f2b17d2f5985ced4e3
2025,2023,122409,122409002,Imperial Valley,referrals_drug,Referrals to Disciplinary Action for Drug Law Violations,disciplinary_referrals,residential,0,0,reported_numeric,15,15,31,https://police.sdsu.edu/_resources/files/annual-security-reports/2025-annual-security-report-finalized-08-18-25.pdf#page=15,3242ccb9a6632269bcd68c2cd5e045d3c73af502841519f2b17d2f5985ced4e3
2025,2023,122409,122409002,Imperial Valley,referrals_drug,Referrals to Disciplinary Action for Drug Law Violations,disciplinary_referrals,oncampus,0,0,reported_numeric,15,15,31,https://police.sdsu.edu/_resources/files/annual-security-reports/2025-annual-security-report-finalized-08-18-25.pdf#page=15,3242ccb9a6632269bcd68c2cd5e045d3c73af502841519f2b17d2f5985ced4e3
2025,2023,122409,122409002,Imperial Valley,referrals_drug,Referrals to Disciplinary Action for Drug Law Violations,disciplinary_referrals,noncampus,0,0,reported_numeric,15,15,31,https://police.sdsu.edu/_resources/files/annual-security-reports/2025-annual-security-report-finalized-08-18-25.pdf#page=15,3242ccb9a6632269bcd68c2cd5e045d3c73af502841519f2b17d2f5985ced4e3
2025,2023,122409,122409002,Imperial Valley,referrals_drug,Referrals to Disciplinary Action for Drug Law Violations,disciplinary_referrals,publicproperty,0,0,reported_numeric,15,15,31,https://police.sdsu.edu/_resources/files/annual-security-reports/2025-annual-security-report-finalized-08-18-25.pdf#page=15,3242ccb9a6632269bcd68c2cd5e045d3c73af502841519f2b17d2f5985ced4e3
2025,2024,122409,122409002,Imperial Valley,referrals_drug,Referrals to Disciplinary Action for Drug Law Violations,disciplinary_referrals,residential,0,0,reported_numeric,15,15,32,https://police.sdsu.edu/_resources/files/annual-security-reports/2025-annual-security-report-finalized-08-18-25.pdf#page=15,3242ccb9a6632269bcd68c2cd5e045d3c73af502841519f2b17d2f5985ced4e3
2025,2024,122409,122409002,Imperial Valley,referrals_drug,Referrals to Disciplinary Action for Drug Law Violations,disciplinary_referrals,oncampus,0,0,reported_numeric,15,15,32,https://police.sdsu.edu/_resources/files/annual-security-reports/2025-annual-security-report-finalized-08-18-25.pdf#page=15,3242ccb9a6632269bcd68c2cd5e045d3c73af502841519f2b17d2f5985ced4e3
2025,2024,122409,122409002,Imperial Valley,referrals_drug,Referrals to Disciplinary Action for Drug Law Violations,disciplinary_referrals,noncampus,0,0,reported_numeric,15,15,32,https://police.sdsu.edu/_resources/files/annual-security-reports/2025-annual-security-report-finalized-08-18-25.pdf#page=15,3242ccb9a6632269bcd68c2cd5e045d3c73af502841519f2b17d2f5985ced4e3
2025,2024,122409,122409002,Imperial Valley,referrals_drug,Referrals to Disciplinary Action for Drug Law Violations,disciplinary_referrals,publicproperty,0,0,reported_numeric,15,15,32,https://police.sdsu.edu/_resources/files/annual-security-reports/2025-annual-security-report-finalized-08-18-25.pdf#page=15,3242ccb9a6632269bcd68c2cd5e045d3c73af502841519f2b17d2f5985ced4e3
2025,2022,122409,122409002,Imperial Valley,referrals_liquor,Referrals to Disciplinary Action for Liquor Law Violations,disciplinary_referrals,residential,0,0,reported_numeric,15,15,38,https://police.sdsu.edu/_resources/files/annual-security-reports/2025-annual-security-report-finalized-08-18-25.pdf#page=15,3242ccb9a6632269bcd68c2cd5e045d3c73af502841519f2b17d2f5985ced4e3
2025,2022,122409,122409002,Imperial Valley,referrals_liquor,Referrals to Disciplinary Action for Liquor Law Violations,disciplinary_referrals,oncampus,0,0,reported_numeric,15,15,38,https://police.sdsu.edu/_resources/files/annual-security-reports/2025-annual-security-report-finalized-08-18-25.pdf#page=15,3242ccb9a6632269bcd68c2cd5e045d3c73af502841519f2b17d2f5985ced4e3
2025,2022,122409,122409002,Imperial Valley,referrals_liquor,Referrals to Disciplinary Action for Liquor Law Violations,disciplinary_referrals,noncampus,0,0,reported_numeric,15,15,38,https://police.sdsu.edu/_resources/files/annual-security-reports/2025-annual-security-report-finalized-08-18-25.pdf#page=15,3242ccb9a6632269bcd68c2cd5e045d3c73af502841519f2b17d2f5985ced4e3
2025,2022,122409,122409002,Imperial Valley,referrals_liquor,Referrals to Disciplinary Action for Liquor Law Violations,disciplinary_referrals,publicproperty,0,0,reported_numeric,15,15,38,https://police.sdsu.edu/_resources/files/annual-security-reports/2025-annual-security-report-finalized-08-18-25.pdf#page=15,3242ccb9a6632269bcd68c2cd5e045d3c73af502841519f2b17d2f5985ced4e3
2025,2023,122409,122409002,Imperial Valley,referrals_liquor,Referrals to Disciplinary Action for Liquor Law Violations,disciplinary_referrals,residential,0,0,reported_numeric,15,15,39,https://police.sdsu.edu/_resources/files/annual-security-reports/2025-annual-security-report-finalized-08-18-25.pdf#page=15,3242ccb9a6632269bcd68c2cd5e045d3c73af502841519f2b17d2f5985ced4e3
2025,2023,122409,122409002,Imperial Valley,referrals_liquor,Referrals to Disciplinary Action for Liquor Law Violations,disciplinary_referrals,oncampus,0,0,reported_numeric,15,15,39,https://police.sdsu.edu/_resources/files/annual-security-reports/2025-annual-security-report-finalized-08-18-25.pdf#page=15,3242ccb9a6632269bcd68c2cd5e045d3c73af502841519f2b17d2f5985ced4e3
2025,2023,122409,122409002,Imperial Valley,referrals_liquor,Referrals to Disciplinary Action for Liquor Law Violations,disciplinary_referrals,noncampus,0,0,reported_numeric,15,15,39,https://police.sdsu.edu/_resources/files/annual-security-reports/2025-annual-security-report-finalized-08-18-25.pdf#page=15,3242ccb9a6632269bcd68c2cd5e045d3c73af502841519f2b17d2f5985ced4e3
2025,2023,122409,122409002,Imperial Valley,referrals_liquor,Referrals to Disciplinary Action for Liquor Law Violations,disciplinary_referrals,publicproperty,0,0,reported_numeric,15,15,39,https://police.sdsu.edu/_resources/files/annual-security-reports/2025-annual-security-report-finalized-08-18-25.pdf#page=15,3242ccb9a6632269bcd68c2cd5e045d3c73af502841519f2b17d2f5985ced4e3
2025,2024,122409,122409002,Imperial Valley,referrals_liquor,Referrals to Disciplinary Action for Liquor Law Violations,disciplinary_referrals,residential,0,0,reported_numeric,15,15,40,https://police.sdsu.edu/_resources/files/annual-security-reports/2025-annual-security-report-finalized-08-18-25.pdf#page=15,3242ccb9a6632269bcd68c2cd5e045d3c73af502841519f2b17d2f5985ced4e3
2025,2024,122409,122409002,Imperial Valley,referrals_liquor,Referrals to Disciplinary Action for Liquor Law Violations,disciplinary_referrals,oncampus,0,0,reported_numeric,15,15,40,https://police.sdsu.edu/_resources/files/annual-security-reports/2025-annual-security-report-finalized-08-18-25.pdf#page=15,3242ccb9a6632269bcd68c2cd5e045d3c73af502841519f2b17d2f5985ced4e3
2025,2024,122409,122409002,Imperial Valley,referrals_liquor,Referrals to Disciplinary Action for Liquor Law Violations,disciplinary_referrals,noncampus,0,0,reported_numeric,15,15,40,https://police.sdsu.edu/_resources/files/annual-security-reports/2025-annual-security-report-finalized-08-18-25.pdf#page=15,3242ccb9a6632269bcd68c2cd5e045d3c73af502841519f2b17d2f5985ced4e3
2025,2024,122409,122409002,Imperial Valley,referrals_liquor,Referrals to Disciplinary Action for Liquor Law Violations,disciplinary_referrals,publicproperty,0,0,reported_numeric,15,15,40,https://police.sdsu.edu/_resources/files/annual-security-reports/2025-annual-security-report-finalized-08-18-25.pdf#page=15,3242ccb9a6632269bcd68c2cd5e045d3c73af502841519f2b17d2f5985ced4e3
2025,2022,122409,122409003,Georgia,murder,Murder/Nonnegligent Manslaughter,criminal_offenses,residential,0,0,reported_numeric,16,16,8,https://police.sdsu.edu/_resources/files/annual-security-reports/2025-annual-security-report-finalized-08-18-25.pdf#page=16,3242ccb9a6632269bcd68c2cd5e045d3c73af502841519f2b17d2f5985ced4e3
2025,2022,122409,122409003,Georgia,murder,Murder/Nonnegligent Manslaughter,criminal_offenses,oncampus,0,0,reported_numeric,16,16,8,https://police.sdsu.edu/_resources/files/annual-security-reports/2025-annual-security-report-finalized-08-18-25.pdf#page=16,3242ccb9a6632269bcd68c2cd5e045d3c73af502841519f2b17d2f5985ced4e3
2025,2022,122409,122409003,Georgia,murder,Murder/Nonnegligent Manslaughter,criminal_offenses,noncampus,0,0,reported_numeric,16,16,8,https://police.sdsu.edu/_resources/files/annual-security-reports/2025-annual-security-report-finalized-08-18-25.pdf#page=16,3242ccb9a6632269bcd68c2cd5e045d3c73af502841519f2b17d2f5985ced4e3
2025,2022,122409,122409003,Georgia,murder,Murder/Nonnegligent Manslaughter,criminal_offenses,publicproperty,0,0,reported_numeric,16,16,8,https://police.sdsu.edu/_resources/files/annual-security-reports/2025-annual-security-report-finalized-08-18-25.pdf#page=16,3242ccb9a6632269bcd68c2cd5e045d3c73af502841519f2b17d2f5985ced4e3
2025,2023,122409,122409003,Georgia,murder,Murder/Nonnegligent Manslaughter,criminal_offenses,residential,0,0,reported_numeric,16,16,9,https://police.sdsu.edu/_resources/files/annual-security-reports/2025-annual-security-report-finalized-08-18-25.pdf#page=16,3242ccb9a6632269bcd68c2cd5e045d3c73af502841519f2b17d2f5985ced4e3
2025,2023,122409,122409003,Georgia,murder,Murder/Nonnegligent Manslaughter,criminal_offenses,oncampus,0,0,reported_numeric,16,16,9,https://police.sdsu.edu/_resources/files/annual-security-reports/2025-annual-security-report-finalized-08-18-25.pdf#page=16,3242ccb9a6632269bcd68c2cd5e045d3c73af502841519f2b17d2f5985ced4e3
2025,2023,122409,122409003,Georgia,murder,Murder/Nonnegligent Manslaughter,criminal_offenses,noncampus,0,0,reported_numeric,16,16,9,https://police.sdsu.edu/_resources/files/annual-security-reports/2025-annual-security-report-finalized-08-18-25.pdf#page=16,3242ccb9a6632269bcd68c2cd5e045d3c73af502841519f2b17d2f5985ced4e3
2025,2023,122409,122409003,Georgia,murder,Murder/Nonnegligent Manslaughter,criminal_offenses,publicproperty,0,0,reported_numeric,16,16,9,https://police.sdsu.edu/_resources/files/annual-security-reports/2025-annual-security-report-finalized-08-18-25.pdf#page=16,3242ccb9a6632269bcd68c2cd5e045d3c73af502841519f2b17d2f5985ced4e3
2025,2024,122409,122409003,Georgia,murder,Murder/Nonnegligent Manslaughter,criminal_offenses,residential,0,0,reported_numeric,16,16,10,https://police.sdsu.edu/_resources/files/annual-security-reports/2025-annual-security-report-finalized-08-18-25.pdf#page=16,3242ccb9a6632269bcd68c2cd5e045d3c73af502841519f2b17d2f5985ced4e3
2025,2024,122409,122409003,Georgia,murder,Murder/Nonnegligent Manslaughter,criminal_offenses,oncampus,0,0,reported_numeric,16,16,10,https://police.sdsu.edu/_resources/files/annual-security-reports/2025-annual-security-report-finalized-08-18-25.pdf#page=16,3242ccb9a6632269bcd68c2cd5e045d3c73af502841519f2b17d2f5985ced4e3
2025,2024,122409,122409003,Georgia,murder,Murder/Nonnegligent Manslaughter,criminal_offenses,noncampus,0,0,reported_numeric,16,16,10,https://police.sdsu.edu/_resources/files/annual-security-reports/2025-annual-security-report-finalized-08-18-25.pdf#page=16,3242ccb9a6632269bcd68c2cd5e045d3c73af502841519f2b17d2f5985ced4e3
2025,2024,122409,122409003,Georgia,murder,Murder/Nonnegligent Manslaughter,criminal_offenses,publicproperty,0,0,reported_numeric,16,16,10,https://police.sdsu.edu/_resources/files/annual-security-reports/2025-annual-security-report-finalized-08-18-25.pdf#page=16,3242ccb9a6632269bcd68c2cd5e045d3c73af502841519f2b17d2f5985ced4e3
2025,2022,122409,122409003,Georgia,negligent_manslaughter,Negligent Manslaughter,criminal_offenses,residential,0,0,reported_numeric,16,16,16,https://police.sdsu.edu/_resources/files/annual-security-reports/2025-annual-security-report-finalized-08-18-25.pdf#page=16,3242ccb9a6632269bcd68c2cd5e045d3c73af502841519f2b17d2f5985ced4e3
2025,2022,122409,122409003,Georgia,negligent_manslaughter,Negligent Manslaughter,criminal_offenses,oncampus,0,0,reported_numeric,16,16,16,https://police.sdsu.edu/_resources/files/annual-security-reports/2025-annual-security-report-finalized-08-18-25.pdf#page=16,3242ccb9a6632269bcd68c2cd5e045d3c73af502841519f2b17d2f5985ced4e3
2025,2022,122409,122409003,Georgia,negligent_manslaughter,Negligent Manslaughter,criminal_offenses,noncampus,0,0,reported_numeric,16,16,16,https://police.sdsu.edu/_resources/files/annual-security-reports/2025-annual-security-report-finalized-08-18-25.pdf#page=16,3242ccb9a6632269bcd68c2cd5e045d3c73af502841519f2b17d2f5985ced4e3
2025,2022,122409,122409003,Georgia,negligent_manslaughter,Negligent Manslaughter,criminal_offenses,publicproperty,0,0,reported_numeric,16,16,16,https://police.sdsu.edu/_resources/files/annual-security-reports/2025-annual-security-report-finalized-08-18-25.pdf#page=16,3242ccb9a6632269bcd68c2cd5e045d3c73af502841519f2b17d2f5985ced4e3
2025,2023,122409,122409003,Georgia,negligent_manslaughter,Negligent Manslaughter,criminal_offenses,residential,0,0,reported_numeric,16,16,17,https://police.sdsu.edu/_resources/files/annual-security-reports/2025-annual-security-report-finalized-08-18-25.pdf#page=16,3242ccb9a6632269bcd68c2cd5e045d3c73af502841519f2b17d2f5985ced4e3
2025,2023,122409,122409003,Georgia,negligent_manslaughter,Negligent Manslaughter,criminal_offenses,oncampus,0,0,reported_numeric,16,16,17,https://police.sdsu.edu/_resources/files/annual-security-reports/2025-annual-security-report-finalized-08-18-25.pdf#page=16,3242ccb9a6632269bcd68c2cd5e045d3c73af502841519f2b17d2f5985ced4e3
2025,2023,122409,122409003,Georgia,negligent_manslaughter,Negligent Manslaughter,criminal_offenses,noncampus,0,0,reported_numeric,16,16,17,https://police.sdsu.edu/_resources/files/annual-security-reports/2025-annual-security-report-finalized-08-18-25.pdf#page=16,3242ccb9a6632269bcd68c2cd5e045d3c73af502841519f2b17d2f5985ced4e3
2025,2023,122409,122409003,Georgia,negligent_manslaughter,Negligent Manslaughter,criminal_offenses,publicproperty,0,0,reported_numeric,16,16,17,https://police.sdsu.edu/_resources/files/annual-security-reports/2025-annual-security-report-finalized-08-18-25.pdf#page=16,3242ccb9a6632269bcd68c2cd5e045d3c73af502841519f2b17d2f5985ced4e3
2025,2024,122409,122409003,Georgia,negligent_manslaughter,Negligent Manslaughter,criminal_offenses,residential,0,0,reported_numeric,16,16,18,https://police.sdsu.edu/_resources/files/annual-security-reports/2025-annual-security-report-finalized-08-18-25.pdf#page=16,3242ccb9a6632269bcd68c2cd5e045d3c73af502841519f2b17d2f5985ced4e3
2025,2024,122409,122409003,Georgia,negligent_manslaughter,Negligent Manslaughter,criminal_offenses,oncampus,0,0,reported_numeric,16,16,18,https://police.sdsu.edu/_resources/files/annual-security-reports/2025-annual-security-report-finalized-08-18-25.pdf#page=16,3242ccb9a6632269bcd68c2cd5e045d3c73af502841519f2b17d2f5985ced4e3
2025,2024,122409,122409003,Georgia,negligent_manslaughter,Negligent Manslaughter,criminal_offenses,noncampus,0,0,reported_numeric,16,16,18,https://police.sdsu.edu/_resources/files/annual-security-reports/2025-annual-security-report-finalized-08-18-25.pdf#page=16,3242ccb9a6632269bcd68c2cd5e045d3c73af502841519f2b17d2f5985ced4e3
2025,2024,122409,122409003,Georgia,negligent_manslaughter,Negligent Manslaughter,criminal_offenses,publicproperty,0,0,reported_numeric,16,16,18,https://police.sdsu.edu/_resources/files/annual-security-reports/2025-annual-security-report-finalized-08-18-25.pdf#page=16,3242ccb9a6632269bcd68c2cd5e045d3c73af502841519f2b17d2f5985ced4e3
2025,2022,122409,122409003,Georgia,rape,Rape,criminal_offenses,residential,0,0,reported_numeric,16,16,24,https://police.sdsu.edu/_resources/files/annual-security-reports/2025-annual-security-report-finalized-08-18-25.pdf#page=16,3242ccb9a6632269bcd68c2cd5e045d3c73af502841519f2b17d2f5985ced4e3
2025,2022,122409,122409003,Georgia,rape,Rape,criminal_offenses,oncampus,0,0,reported_numeric,16,16,24,https://police.sdsu.edu/_resources/files/annual-security-reports/2025-annual-security-report-finalized-08-18-25.pdf#page=16,3242ccb9a6632269bcd68c2cd5e045d3c73af502841519f2b17d2f5985ced4e3
2025,2022,122409,122409003,Georgia,rape,Rape,criminal_offenses,noncampus,0,0,reported_numeric,16,16,24,https://police.sdsu.edu/_resources/files/annual-security-reports/2025-annual-security-report-finalized-08-18-25.pdf#page=16,3242ccb9a6632269bcd68c2cd5e045d3c73af502841519f2b17d2f5985ced4e3
2025,2022,122409,122409003,Georgia,rape,Rape,criminal_offenses,publicproperty,0,0,reported_numeric,16,16,24,https://police.sdsu.edu/_resources/files/annual-security-reports/2025-annual-security-report-finalized-08-18-25.pdf#page=16,3242ccb9a6632269bcd68c2cd5e045d3c73af502841519f2b17d2f5985ced4e3
2025,2023,122409,122409003,Georgia,rape,Rape,criminal_offenses,residential,0,0,reported_numeric,16,16,25,https://police.sdsu.edu/_resources/files/annual-security-reports/2025-annual-security-report-finalized-08-18-25.pdf#page=16,3242ccb9a6632269bcd68c2cd5e045d3c73af502841519f2b17d2f5985ced4e3
2025,2023,122409,122409003,Georgia,rape,Rape,criminal_offenses,oncampus,0,0,reported_numeric,16,16,25,https://police.sdsu.edu/_resources/files/annual-security-reports/2025-annual-security-report-finalized-08-18-25.pdf#page=16,3242ccb9a6632269bcd68c2cd5e045d3c73af502841519f2b17d2f5985ced4e3
2025,2023,122409,122409003,Georgia,rape,Rape,criminal_offenses,noncampus,0,0,reported_numeric,16,16,25,https://police.sdsu.edu/_resources/files/annual-security-reports/2025-annual-security-report-finalized-08-18-25.pdf#page=16,3242ccb9a6632269bcd68c2cd5e045d3c73af502841519f2b17d2f5985ced4e3
2025,2023,122409,122409003,Georgia,rape,Rape,criminal_offenses,publicproperty,0,0,reported_numeric,16,16,25,https://police.sdsu.edu/_resources/files/annual-security-reports/2025-annual-security-report-finalized-08-18-25.pdf#page=16,3242ccb9a6632269bcd68c2cd5e045d3c73af502841519f2b17d2f5985ced4e3
2025,2024,122409,122409003,Georgia,rape,Rape,criminal_offenses,residential,0,0,reported_numeric,16,16,26,https://police.sdsu.edu/_resources/files/annual-security-reports/2025-annual-security-report-finalized-08-18-25.pdf#page=16,3242ccb9a6632269bcd68c2cd5e045d3c73af502841519f2b17d2f5985ced4e3
2025,2024,122409,122409003,Georgia,rape,Rape,criminal_offenses,oncampus,0,0,reported_numeric,16,16,26,https://police.sdsu.edu/_resources/files/annual-security-reports/2025-annual-security-report-finalized-08-18-25.pdf#page=16,3242ccb9a6632269bcd68c2cd5e045d3c73af502841519f2b17d2f5985ced4e3
2025,2024,122409,122409003,Georgia,rape,Rape,criminal_offenses,noncampus,0,0,reported_numeric,16,16,26,https://police.sdsu.edu/_resources/files/annual-security-reports/2025-annual-security-report-finalized-08-18-25.pdf#page=16,3242ccb9a6632269bcd68c2cd5e045d3c73af502841519f2b17d2f5985ced4e3
2025,2024,122409,122409003,Georgia,rape,Rape,criminal_offenses,publicproperty,0,0,reported_numeric,16,16,26,https://police.sdsu.edu/_resources/files/annual-security-reports/2025-annual-security-report-finalized-08-18-25.pdf#page=16,3242ccb9a6632269bcd68c2cd5e045d3c73af502841519f2b17d2f5985ced4e3
2025,2022,122409,122409003,Georgia,fondling,Fondling,criminal_offenses,residential,0,0,reported_numeric,16,16,33,https://police.sdsu.edu/_resources/files/annual-security-reports/2025-annual-security-report-finalized-08-18-25.pdf#page=16,3242ccb9a6632269bcd68c2cd5e045d3c73af502841519f2b17d2f5985ced4e3
2025,2022,122409,122409003,Georgia,fondling,Fondling,criminal_offenses,oncampus,0,0,reported_numeric,16,16,33,https://police.sdsu.edu/_resources/files/annual-security-reports/2025-annual-security-report-finalized-08-18-25.pdf#page=16,3242ccb9a6632269bcd68c2cd5e045d3c73af502841519f2b17d2f5985ced4e3
2025,2022,122409,122409003,Georgia,fondling,Fondling,criminal_offenses,noncampus,0,0,reported_numeric,16,16,33,https://police.sdsu.edu/_resources/files/annual-security-reports/2025-annual-security-report-finalized-08-18-25.pdf#page=16,3242ccb9a6632269bcd68c2cd5e045d3c73af502841519f2b17d2f5985ced4e3
2025,2022,122409,122409003,Georgia,fondling,Fondling,criminal_offenses,publicproperty,0,0,reported_numeric,16,16,33,https://police.sdsu.edu/_resources/files/annual-security-reports/2025-annual-security-report-finalized-08-18-25.pdf#page=16,3242ccb9a6632269bcd68c2cd5e045d3c73af502841519f2b17d2f5985ced4e3
2025,2023,122409,122409003,Georgia,fondling,Fondling,criminal_offenses,residential,0,0,reported_numeric,16,16,34,https://police.sdsu.edu/_resources/files/annual-security-reports/2025-annual-security-report-finalized-08-18-25.pdf#page=16,3242ccb9a6632269bcd68c2cd5e045d3c73af502841519f2b17d2f5985ced4e3
2025,2023,122409,122409003,Georgia,fondling,Fondling,criminal_offenses,oncampus,0,0,reported_numeric,16,16,34,https://police.sdsu.edu/_resources/files/annual-security-reports/2025-annual-security-report-finalized-08-18-25.pdf#page=16,3242ccb9a6632269bcd68c2cd5e045d3c73af502841519f2b17d2f5985ced4e3
2025,2023,122409,122409003,Georgia,fondling,Fondling,criminal_offenses,noncampus,0,0,reported_numeric,16,16,34,https://police.sdsu.edu/_resources/files/annual-security-reports/2025-annual-security-report-finalized-08-18-25.pdf#page=16,3242ccb9a6632269bcd68c2cd5e045d3c73af502841519f2b17d2f5985ced4e3
2025,2023,122409,122409003,Georgia,fondling,Fondling,criminal_offenses,publicproperty,0,0,reported_numeric,16,16,34,https://police.sdsu.edu/_resources/files/annual-security-reports/2025-annual-security-report-finalized-08-18-25.pdf#page=16,3242ccb9a6632269bcd68c2cd5e045d3c73af502841519f2b17d2f5985ced4e3
2025,2024,122409,122409003,Georgia,fondling,Fondling,criminal_offenses,residential,0,0,reported_numeric,16,16,35,https://police.sdsu.edu/_resources/files/annual-security-reports/2025-annual-security-report-finalized-08-18-25.pdf#page=16,3242ccb9a6632269bcd68c2cd5e045d3c73af502841519f2b17d2f5985ced4e3
2025,2024,122409,122409003,Georgia,fondling,Fondling,criminal_offenses,oncampus,0,0,reported_numeric,16,16,35,https://police.sdsu.edu/_resources/files/annual-security-reports/2025-annual-security-report-finalized-08-18-25.pdf#page=16,3242ccb9a6632269bcd68c2cd5e045d3c73af502841519f2b17d2f5985ced4e3
2025,2024,122409,122409003,Georgia,fondling,Fondling,criminal_offenses,noncampus,0,0,reported_numeric,16,16,35,https://police.sdsu.edu/_resources/files/annual-security-reports/2025-annual-security-report-finalized-08-18-25.pdf#page=16,3242ccb9a6632269bcd68c2cd5e045d3c73af502841519f2b17d2f5985ced4e3
2025,2024,122409,122409003,Georgia,fondling,Fondling,criminal_offenses,publicproperty,0,0,reported_numeric,16,16,35,https://police.sdsu.edu/_resources/files/annual-security-reports/2025-annual-security-report-finalized-08-18-25.pdf#page=16,3242ccb9a6632269bcd68c2cd5e045d3c73af502841519f2b17d2f5985ced4e3
2025,2022,122409,122409003,Georgia,incest,Incest,criminal_offenses,residential,0,0,reported_numeric,16,16,41,https://police.sdsu.edu/_resources/files/annual-security-reports/2025-annual-security-report-finalized-08-18-25.pdf#page=16,3242ccb9a6632269bcd68c2cd5e045d3c73af502841519f2b17d2f5985ced4e3
2025,2022,122409,122409003,Georgia,incest,Incest,criminal_offenses,oncampus,0,0,reported_numeric,16,16,41,https://police.sdsu.edu/_resources/files/annual-security-reports/2025-annual-security-report-finalized-08-18-25.pdf#page=16,3242ccb9a6632269bcd68c2cd5e045d3c73af502841519f2b17d2f5985ced4e3
2025,2022,122409,122409003,Georgia,incest,Incest,criminal_offenses,noncampus,0,0,reported_numeric,16,16,41,https://police.sdsu.edu/_resources/files/annual-security-reports/2025-annual-security-report-finalized-08-18-25.pdf#page=16,3242ccb9a6632269bcd68c2cd5e045d3c73af502841519f2b17d2f5985ced4e3
2025,2022,122409,122409003,Georgia,incest,Incest,criminal_offenses,publicproperty,0,0,reported_numeric,16,16,41,https://police.sdsu.edu/_resources/files/annual-security-reports/2025-annual-security-report-finalized-08-18-25.pdf#page=16,3242ccb9a6632269bcd68c2cd5e045d3c73af502841519f2b17d2f5985ced4e3
2025,2023,122409,122409003,Georgia,incest,Incest,criminal_offenses,residential,0,0,reported_numeric,16,16,42,https://police.sdsu.edu/_resources/files/annual-security-reports/2025-annual-security-report-finalized-08-18-25.pdf#page=16,3242ccb9a6632269bcd68c2cd5e045d3c73af502841519f2b17d2f5985ced4e3
2025,2023,122409,122409003,Georgia,incest,Incest,criminal_offenses,oncampus,0,0,reported_numeric,16,16,42,https://police.sdsu.edu/_resources/files/annual-security-reports/2025-annual-security-report-finalized-08-18-25.pdf#page=16,3242ccb9a6632269bcd68c2cd5e045d3c73af502841519f2b17d2f5985ced4e3
2025,2023,122409,122409003,Georgia,incest,Incest,criminal_offenses,noncampus,0,0,reported_numeric,16,16,42,https://police.sdsu.edu/_resources/files/annual-security-reports/2025-annual-security-report-finalized-08-18-25.pdf#page=16,3242ccb9a6632269bcd68c2cd5e045d3c73af502841519f2b17d2f5985ced4e3
2025,2023,122409,122409003,Georgia,incest,Incest,criminal_offenses,publicproperty,0,0,reported_numeric,16,16,42,https://police.sdsu.edu/_resources/files/annual-security-reports/2025-annual-security-report-finalized-08-18-25.pdf#page=16,3242ccb9a6632269bcd68c2cd5e045d3c73af502841519f2b17d2f5985ced4e3
2025,2024,122409,122409003,Georgia,incest,Incest,criminal_offenses,residential,0,0,reported_numeric,16,16,43,https://police.sdsu.edu/_resources/files/annual-security-reports/2025-annual-security-report-finalized-08-18-25.pdf#page=16,3242ccb9a6632269bcd68c2cd5e045d3c73af502841519f2b17d2f5985ced4e3
2025,2024,122409,122409003,Georgia,incest,Incest,criminal_offenses,oncampus,0,0,reported_numeric,16,16,43,https://police.sdsu.edu/_resources/files/annual-security-reports/2025-annual-security-report-finalized-08-18-25.pdf#page=16,3242ccb9a6632269bcd68c2cd5e045d3c73af502841519f2b17d2f5985ced4e3
2025,2024,122409,122409003,Georgia,incest,Incest,criminal_offenses,noncampus,0,0,reported_numeric,16,16,43,https://police.sdsu.edu/_resources/files/annual-security-reports/2025-annual-security-report-finalized-08-18-25.pdf#page=16,3242ccb9a6632269bcd68c2cd5e045d3c73af502841519f2b17d2f5985ced4e3
2025,2024,122409,122409003,Georgia,incest,Incest,criminal_offenses,publicproperty,0,0,reported_numeric,16,16,43,https://police.sdsu.edu/_resources/files/annual-security-reports/2025-annual-security-report-finalized-08-18-25.pdf#page=16,3242ccb9a6632269bcd68c2cd5e045d3c73af502841519f2b17d2f5985ced4e3
2025,2022,122409,122409003,Georgia,statutory_rape,Statutory Rape,criminal_offenses,residential,0,0,reported_numeric,17,17,5,https://police.sdsu.edu/_resources/files/annual-security-reports/2025-annual-security-report-finalized-08-18-25.pdf#page=17,3242ccb9a6632269bcd68c2cd5e045d3c73af502841519f2b17d2f5985ced4e3
2025,2022,122409,122409003,Georgia,statutory_rape,Statutory Rape,criminal_offenses,oncampus,0,0,reported_numeric,17,17,5,https://police.sdsu.edu/_resources/files/annual-security-reports/2025-annual-security-report-finalized-08-18-25.pdf#page=17,3242ccb9a6632269bcd68c2cd5e045d3c73af502841519f2b17d2f5985ced4e3
2025,2022,122409,122409003,Georgia,statutory_rape,Statutory Rape,criminal_offenses,noncampus,0,0,reported_numeric,17,17,5,https://police.sdsu.edu/_resources/files/annual-security-reports/2025-annual-security-report-finalized-08-18-25.pdf#page=17,3242ccb9a6632269bcd68c2cd5e045d3c73af502841519f2b17d2f5985ced4e3
2025,2022,122409,122409003,Georgia,statutory_rape,Statutory Rape,criminal_offenses,publicproperty,0,0,reported_numeric,17,17,5,https://police.sdsu.edu/_resources/files/annual-security-reports/2025-annual-security-report-finalized-08-18-25.pdf#page=17,3242ccb9a6632269bcd68c2cd5e045d3c73af502841519f2b17d2f5985ced4e3
2025,2023,122409,122409003,Georgia,statutory_rape,Statutory Rape,criminal_offenses,residential,0,0,reported_numeric,17,17,6,https://police.sdsu.edu/_resources/files/annual-security-reports/2025-annual-security-report-finalized-08-18-25.pdf#page=17,3242ccb9a6632269bcd68c2cd5e045d3c73af502841519f2b17d2f5985ced4e3
2025,2023,122409,122409003,Georgia,statutory_rape,Statutory Rape,criminal_offenses,oncampus,0,0,reported_numeric,17,17,6,https://police.sdsu.edu/_resources/files/annual-security-reports/2025-annual-security-report-finalized-08-18-25.pdf#page=17,3242ccb9a6632269bcd68c2cd5e045d3c73af502841519f2b17d2f5985ced4e3
2025,2023,122409,122409003,Georgia,statutory_rape,Statutory Rape,criminal_offenses,noncampus,0,0,reported_numeric,17,17,6,https://police.sdsu.edu/_resources/files/annual-security-reports/2025-annual-security-report-finalized-08-18-25.pdf#page=17,3242ccb9a6632269bcd68c2cd5e045d3c73af502841519f2b17d2f5985ced4e3
2025,2023,122409,122409003,Georgia,statutory_rape,Statutory Rape,criminal_offenses,publicproperty,0,0,reported_numeric,17,17,6,https://police.sdsu.edu/_resources/files/annual-security-reports/2025-annual-security-report-finalized-08-18-25.pdf#page=17,3242ccb9a6632269bcd68c2cd5e045d3c73af502841519f2b17d2f5985ced4e3
2025,2024,122409,122409003,Georgia,statutory_rape,Statutory Rape,criminal_offenses,residential,0,0,reported_numeric,17,17,7,https://police.sdsu.edu/_resources/files/annual-security-reports/2025-annual-security-report-finalized-08-18-25.pdf#page=17,3242ccb9a6632269bcd68c2cd5e045d3c73af502841519f2b17d2f5985ced4e3
2025,2024,122409,122409003,Georgia,statutory_rape,Statutory Rape,criminal_offenses,oncampus,0,0,reported_numeric,17,17,7,https://police.sdsu.edu/_resources/files/annual-security-reports/2025-annual-security-report-finalized-08-18-25.pdf#page=17,3242ccb9a6632269bcd68c2cd5e045d3c73af502841519f2b17d2f5985ced4e3
2025,2024,122409,122409003,Georgia,statutory_rape,Statutory Rape,criminal_offenses,noncampus,0,0,reported_numeric,17,17,7,https://police.sdsu.edu/_resources/files/annual-security-reports/2025-annual-security-report-finalized-08-18-25.pdf#page=17,3242ccb9a6632269bcd68c2cd5e045d3c73af502841519f2b17d2f5985ced4e3
2025,2024,122409,122409003,Georgia,statutory_rape,Statutory Rape,criminal_offenses,publicproperty,0,0,reported_numeric,17,17,7,https://police.sdsu.edu/_resources/files/annual-security-reports/2025-annual-security-report-finalized-08-18-25.pdf#page=17,3242ccb9a6632269bcd68c2cd5e045d3c73af502841519f2b17d2f5985ced4e3
2025,2022,122409,122409003,Georgia,robbery,Robbery,criminal_offenses,residential,0,0,reported_numeric,17,17,14,https://police.sdsu.edu/_resources/files/annual-security-reports/2025-annual-security-report-finalized-08-18-25.pdf#page=17,3242ccb9a6632269bcd68c2cd5e045d3c73af502841519f2b17d2f5985ced4e3
2025,2022,122409,122409003,Georgia,robbery,Robbery,criminal_offenses,oncampus,0,0,reported_numeric,17,17,14,https://police.sdsu.edu/_resources/files/annual-security-reports/2025-annual-security-report-finalized-08-18-25.pdf#page=17,3242ccb9a6632269bcd68c2cd5e045d3c73af502841519f2b17d2f5985ced4e3
2025,2022,122409,122409003,Georgia,robbery,Robbery,criminal_offenses,noncampus,0,0,reported_numeric,17,17,14,https://police.sdsu.edu/_resources/files/annual-security-reports/2025-annual-security-report-finalized-08-18-25.pdf#page=17,3242ccb9a6632269bcd68c2cd5e045d3c73af502841519f2b17d2f5985ced4e3
2025,2022,122409,122409003,Georgia,robbery,Robbery,criminal_offenses,publicproperty,0,0,reported_numeric,17,17,14,https://police.sdsu.edu/_resources/files/annual-security-reports/2025-annual-security-report-finalized-08-18-25.pdf#page=17,3242ccb9a6632269bcd68c2cd5e045d3c73af502841519f2b17d2f5985ced4e3
2025,2023,122409,122409003,Georgia,robbery,Robbery,criminal_offenses,residential,0,0,reported_numeric,17,17,15,https://police.sdsu.edu/_resources/files/annual-security-reports/2025-annual-security-report-finalized-08-18-25.pdf#page=17,3242ccb9a6632269bcd68c2cd5e045d3c73af502841519f2b17d2f5985ced4e3
2025,2023,122409,122409003,Georgia,robbery,Robbery,criminal_offenses,oncampus,0,0,reported_numeric,17,17,15,https://police.sdsu.edu/_resources/files/annual-security-reports/2025-annual-security-report-finalized-08-18-25.pdf#page=17,3242ccb9a6632269bcd68c2cd5e045d3c73af502841519f2b17d2f5985ced4e3
2025,2023,122409,122409003,Georgia,robbery,Robbery,criminal_offenses,noncampus,0,0,reported_numeric,17,17,15,https://police.sdsu.edu/_resources/files/annual-security-reports/2025-annual-security-report-finalized-08-18-25.pdf#page=17,3242ccb9a6632269bcd68c2cd5e045d3c73af502841519f2b17d2f5985ced4e3
2025,2023,122409,122409003,Georgia,robbery,Robbery,criminal_offenses,publicproperty,0,0,reported_numeric,17,17,15,https://police.sdsu.edu/_resources/files/annual-security-reports/2025-annual-security-report-finalized-08-18-25.pdf#page=17,3242ccb9a6632269bcd68c2cd5e045d3c73af502841519f2b17d2f5985ced4e3
2025,2024,122409,122409003,Georgia,robbery,Robbery,criminal_offenses,residential,0,0,reported_numeric,17,17,16,https://police.sdsu.edu/_resources/files/annual-security-reports/2025-annual-security-report-finalized-08-18-25.pdf#page=17,3242ccb9a6632269bcd68c2cd5e045d3c73af502841519f2b17d2f5985ced4e3
2025,2024,122409,122409003,Georgia,robbery,Robbery,criminal_offenses,oncampus,0,0,reported_numeric,17,17,16,https://police.sdsu.edu/_resources/files/annual-security-reports/2025-annual-security-report-finalized-08-18-25.pdf#page=17,3242ccb9a6632269bcd68c2cd5e045d3c73af502841519f2b17d2f5985ced4e3
2025,2024,122409,122409003,Georgia,robbery,Robbery,criminal_offenses,noncampus,0,0,reported_numeric,17,17,16,https://police.sdsu.edu/_resources/files/annual-security-reports/2025-annual-security-report-finalized-08-18-25.pdf#page=17,3242ccb9a6632269bcd68c2cd5e045d3c73af502841519f2b17d2f5985ced4e3
2025,2024,122409,122409003,Georgia,robbery,Robbery,criminal_offenses,publicproperty,0,0,reported_numeric,17,17,16,https://police.sdsu.edu/_resources/files/annual-security-reports/2025-annual-security-report-finalized-08-18-25.pdf#page=17,3242ccb9a6632269bcd68c2cd5e045d3c73af502841519f2b17d2f5985ced4e3
2025,2022,122409,122409003,Georgia,aggravated_assault,Aggravated Assault,criminal_offenses,residential,0,0,reported_numeric,17,17,22,https://police.sdsu.edu/_resources/files/annual-security-reports/2025-annual-security-report-finalized-08-18-25.pdf#page=17,3242ccb9a6632269bcd68c2cd5e045d3c73af502841519f2b17d2f5985ced4e3
2025,2022,122409,122409003,Georgia,aggravated_assault,Aggravated Assault,criminal_offenses,oncampus,0,0,reported_numeric,17,17,22,https://police.sdsu.edu/_resources/files/annual-security-reports/2025-annual-security-report-finalized-08-18-25.pdf#page=17,3242ccb9a6632269bcd68c2cd5e045d3c73af502841519f2b17d2f5985ced4e3
2025,2022,122409,122409003,Georgia,aggravated_assault,Aggravated Assault,criminal_offenses,noncampus,0,0,reported_numeric,17,17,22,https://police.sdsu.edu/_resources/files/annual-security-reports/2025-annual-security-report-finalized-08-18-25.pdf#page=17,3242ccb9a6632269bcd68c2cd5e045d3c73af502841519f2b17d2f5985ced4e3
2025,2022,122409,122409003,Georgia,aggravated_assault,Aggravated Assault,criminal_offenses,publicproperty,0,0,reported_numeric,17,17,22,https://police.sdsu.edu/_resources/files/annual-security-reports/2025-annual-security-report-finalized-08-18-25.pdf#page=17,3242ccb9a6632269bcd68c2cd5e045d3c73af502841519f2b17d2f5985ced4e3
2025,2023,122409,122409003,Georgia,aggravated_assault,Aggravated Assault,criminal_offenses,residential,0,0,reported_numeric,17,17,23,https://police.sdsu.edu/_resources/files/annual-security-reports/2025-annual-security-report-finalized-08-18-25.pdf#page=17,3242ccb9a6632269bcd68c2cd5e045d3c73af502841519f2b17d2f5985ced4e3
2025,2023,122409,122409003,Georgia,aggravated_assault,Aggravated Assault,criminal_offenses,oncampus,0,0,reported_numeric,17,17,23,https://police.sdsu.edu/_resources/files/annual-security-reports/2025-annual-security-report-finalized-08-18-25.pdf#page=17,3242ccb9a6632269bcd68c2cd5e045d3c73af502841519f2b17d2f5985ced4e3
2025,2023,122409,122409003,Georgia,aggravated_assault,Aggravated Assault,criminal_offenses,noncampus,0,0,reported_numeric,17,17,23,https://police.sdsu.edu/_resources/files/annual-security-reports/2025-annual-security-report-finalized-08-18-25.pdf#page=17,3242ccb9a6632269bcd68c2cd5e045d3c73af502841519f2b17d2f5985ced4e3
2025,2023,122409,122409003,Georgia,aggravated_assault,Aggravated Assault,criminal_offenses,publicproperty,0,0,reported_numeric,17,17,23,https://police.sdsu.edu/_resources/files/annual-security-reports/2025-annual-security-report-finalized-08-18-25.pdf#page=17,3242ccb9a6632269bcd68c2cd5e045d3c73af502841519f2b17d2f5985ced4e3
2025,2024,122409,122409003,Georgia,aggravated_assault,Aggravated Assault,criminal_offenses,residential,0,0,reported_numeric,17,17,24,https://police.sdsu.edu/_resources/files/annual-security-reports/2025-annual-security-report-finalized-08-18-25.pdf#page=17,3242ccb9a6632269bcd68c2cd5e045d3c73af502841519f2b17d2f5985ced4e3
2025,2024,122409,122409003,Georgia,aggravated_assault,Aggravated Assault,criminal_offenses,oncampus,0,0,reported_numeric,17,17,24,https://police.sdsu.edu/_resources/files/annual-security-reports/2025-annual-security-report-finalized-08-18-25.pdf#page=17,3242ccb9a6632269bcd68c2cd5e045d3c73af502841519f2b17d2f5985ced4e3
2025,2024,122409,122409003,Georgia,aggravated_assault,Aggravated Assault,criminal_offenses,noncampus,0,0,reported_numeric,17,17,24,https://police.sdsu.edu/_resources/files/annual-security-reports/2025-annual-security-report-finalized-08-18-25.pdf#page=17,3242ccb9a6632269bcd68c2cd5e045d3c73af502841519f2b17d2f5985ced4e3
2025,2024,122409,122409003,Georgia,aggravated_assault,Aggravated Assault,criminal_offenses,publicproperty,0,0,reported_numeric,17,17,24,https://police.sdsu.edu/_resources/files/annual-security-reports/2025-annual-security-report-finalized-08-18-25.pdf#page=17,3242ccb9a6632269bcd68c2cd5e045d3c73af502841519f2b17d2f5985ced4e3
2025,2022,122409,122409003,Georgia,burglary,Burglary,criminal_offenses,residential,0,0,reported_numeric,17,17,30,https://police.sdsu.edu/_resources/files/annual-security-reports/2025-annual-security-report-finalized-08-18-25.pdf#page=17,3242ccb9a6632269bcd68c2cd5e045d3c73af502841519f2b17d2f5985ced4e3
2025,2022,122409,122409003,Georgia,burglary,Burglary,criminal_offenses,oncampus,0,0,reported_numeric,17,17,30,https://police.sdsu.edu/_resources/files/annual-security-reports/2025-annual-security-report-finalized-08-18-25.pdf#page=17,3242ccb9a6632269bcd68c2cd5e045d3c73af502841519f2b17d2f5985ced4e3
2025,2022,122409,122409003,Georgia,burglary,Burglary,criminal_offenses,noncampus,0,0,reported_numeric,17,17,30,https://police.sdsu.edu/_resources/files/annual-security-reports/2025-annual-security-report-finalized-08-18-25.pdf#page=17,3242ccb9a6632269bcd68c2cd5e045d3c73af502841519f2b17d2f5985ced4e3
2025,2022,122409,122409003,Georgia,burglary,Burglary,criminal_offenses,publicproperty,0,0,reported_numeric,17,17,30,https://police.sdsu.edu/_resources/files/annual-security-reports/2025-annual-security-report-finalized-08-18-25.pdf#page=17,3242ccb9a6632269bcd68c2cd5e045d3c73af502841519f2b17d2f5985ced4e3
2025,2023,122409,122409003,Georgia,burglary,Burglary,criminal_offenses,residential,0,0,reported_numeric,17,17,31,https://police.sdsu.edu/_resources/files/annual-security-reports/2025-annual-security-report-finalized-08-18-25.pdf#page=17,3242ccb9a6632269bcd68c2cd5e045d3c73af502841519f2b17d2f5985ced4e3
2025,2023,122409,122409003,Georgia,burglary,Burglary,criminal_offenses,oncampus,0,0,reported_numeric,17,17,31,https://police.sdsu.edu/_resources/files/annual-security-reports/2025-annual-security-report-finalized-08-18-25.pdf#page=17,3242ccb9a6632269bcd68c2cd5e045d3c73af502841519f2b17d2f5985ced4e3
2025,2023,122409,122409003,Georgia,burglary,Burglary,criminal_offenses,noncampus,0,0,reported_numeric,17,17,31,https://police.sdsu.edu/_resources/files/annual-security-reports/2025-annual-security-report-finalized-08-18-25.pdf#page=17,3242ccb9a6632269bcd68c2cd5e045d3c73af502841519f2b17d2f5985ced4e3
2025,2023,122409,122409003,Georgia,burglary,Burglary,criminal_offenses,publicproperty,0,0,reported_numeric,17,17,31,https://police.sdsu.edu/_resources/files/annual-security-reports/2025-annual-security-report-finalized-08-18-25.pdf#page=17,3242ccb9a6632269bcd68c2cd5e045d3c73af502841519f2b17d2f5985ced4e3
2025,2024,122409,122409003,Georgia,burglary,Burglary,criminal_offenses,residential,0,0,reported_numeric,17,17,32,https://police.sdsu.edu/_resources/files/annual-security-reports/2025-annual-security-report-finalized-08-18-25.pdf#page=17,3242ccb9a6632269bcd68c2cd5e045d3c73af502841519f2b17d2f5985ced4e3
2025,2024,122409,122409003,Georgia,burglary,Burglary,criminal_offenses,oncampus,0,0,reported_numeric,17,17,32,https://police.sdsu.edu/_resources/files/annual-security-reports/2025-annual-security-report-finalized-08-18-25.pdf#page=17,3242ccb9a6632269bcd68c2cd5e045d3c73af502841519f2b17d2f5985ced4e3
2025,2024,122409,122409003,Georgia,burglary,Burglary,criminal_offenses,noncampus,0,0,reported_numeric,17,17,32,https://police.sdsu.edu/_resources/files/annual-security-reports/2025-annual-security-report-finalized-08-18-25.pdf#page=17,3242ccb9a6632269bcd68c2cd5e045d3c73af502841519f2b17d2f5985ced4e3
2025,2024,122409,122409003,Georgia,burglary,Burglary,criminal_offenses,publicproperty,0,0,reported_numeric,17,17,32,https://police.sdsu.edu/_resources/files/annual-security-reports/2025-annual-security-report-finalized-08-18-25.pdf#page=17,3242ccb9a6632269bcd68c2cd5e045d3c73af502841519f2b17d2f5985ced4e3
2025,2022,122409,122409003,Georgia,motor_vehicle_theft,Motor Vehicle Theft,criminal_offenses,residential,0,0,reported_numeric,17,17,39,https://police.sdsu.edu/_resources/files/annual-security-reports/2025-annual-security-report-finalized-08-18-25.pdf#page=17,3242ccb9a6632269bcd68c2cd5e045d3c73af502841519f2b17d2f5985ced4e3
2025,2022,122409,122409003,Georgia,motor_vehicle_theft,Motor Vehicle Theft,criminal_offenses,oncampus,0,0,reported_numeric,17,17,39,https://police.sdsu.edu/_resources/files/annual-security-reports/2025-annual-security-report-finalized-08-18-25.pdf#page=17,3242ccb9a6632269bcd68c2cd5e045d3c73af502841519f2b17d2f5985ced4e3
2025,2022,122409,122409003,Georgia,motor_vehicle_theft,Motor Vehicle Theft,criminal_offenses,noncampus,0,0,reported_numeric,17,17,39,https://police.sdsu.edu/_resources/files/annual-security-reports/2025-annual-security-report-finalized-08-18-25.pdf#page=17,3242ccb9a6632269bcd68c2cd5e045d3c73af502841519f2b17d2f5985ced4e3
2025,2022,122409,122409003,Georgia,motor_vehicle_theft,Motor Vehicle Theft,criminal_offenses,publicproperty,0,0,reported_numeric,17,17,39,https://police.sdsu.edu/_resources/files/annual-security-reports/2025-annual-security-report-finalized-08-18-25.pdf#page=17,3242ccb9a6632269bcd68c2cd5e045d3c73af502841519f2b17d2f5985ced4e3
2025,2023,122409,122409003,Georgia,motor_vehicle_theft,Motor Vehicle Theft,criminal_offenses,residential,0,0,reported_numeric,17,17,40,https://police.sdsu.edu/_resources/files/annual-security-reports/2025-annual-security-report-finalized-08-18-25.pdf#page=17,3242ccb9a6632269bcd68c2cd5e045d3c73af502841519f2b17d2f5985ced4e3
2025,2023,122409,122409003,Georgia,motor_vehicle_theft,Motor Vehicle Theft,criminal_offenses,oncampus,0,0,reported_numeric,17,17,40,https://police.sdsu.edu/_resources/files/annual-security-reports/2025-annual-security-report-finalized-08-18-25.pdf#page=17,3242ccb9a6632269bcd68c2cd5e045d3c73af502841519f2b17d2f5985ced4e3
2025,2023,122409,122409003,Georgia,motor_vehicle_theft,Motor Vehicle Theft,criminal_offenses,noncampus,0,0,reported_numeric,17,17,40,https://police.sdsu.edu/_resources/files/annual-security-reports/2025-annual-security-report-finalized-08-18-25.pdf#page=17,3242ccb9a6632269bcd68c2cd5e045d3c73af502841519f2b17d2f5985ced4e3
2025,2023,122409,122409003,Georgia,motor_vehicle_theft,Motor Vehicle Theft,criminal_offenses,publicproperty,0,0,reported_numeric,17,17,40,https://police.sdsu.edu/_resources/files/annual-security-reports/2025-annual-security-report-finalized-08-18-25.pdf#page=17,3242ccb9a6632269bcd68c2cd5e045d3c73af502841519f2b17d2f5985ced4e3
2025,2024,122409,122409003,Georgia,motor_vehicle_theft,Motor Vehicle Theft,criminal_offenses,residential,0,0,reported_numeric,17,17,41,https://police.sdsu.edu/_resources/files/annual-security-reports/2025-annual-security-report-finalized-08-18-25.pdf#page=17,3242ccb9a6632269bcd68c2cd5e045d3c73af502841519f2b17d2f5985ced4e3
2025,2024,122409,122409003,Georgia,motor_vehicle_theft,Motor Vehicle Theft,criminal_offenses,oncampus,0,0,reported_numeric,17,17,41,https://police.sdsu.edu/_resources/files/annual-security-reports/2025-annual-security-report-finalized-08-18-25.pdf#page=17,3242ccb9a6632269bcd68c2cd5e045d3c73af502841519f2b17d2f5985ced4e3
2025,2024,122409,122409003,Georgia,motor_vehicle_theft,Motor Vehicle Theft,criminal_offenses,noncampus,0,0,reported_numeric,17,17,41,https://police.sdsu.edu/_resources/files/annual-security-reports/2025-annual-security-report-finalized-08-18-25.pdf#page=17,3242ccb9a6632269bcd68c2cd5e045d3c73af502841519f2b17d2f5985ced4e3
2025,2024,122409,122409003,Georgia,motor_vehicle_theft,Motor Vehicle Theft,criminal_offenses,publicproperty,0,0,reported_numeric,17,17,41,https://police.sdsu.edu/_resources/files/annual-security-reports/2025-annual-security-report-finalized-08-18-25.pdf#page=17,3242ccb9a6632269bcd68c2cd5e045d3c73af502841519f2b17d2f5985ced4e3
2025,2022,122409,122409003,Georgia,arson,Arson,criminal_offenses,residential,0,0,reported_numeric,18,18,5,https://police.sdsu.edu/_resources/files/annual-security-reports/2025-annual-security-report-finalized-08-18-25.pdf#page=18,3242ccb9a6632269bcd68c2cd5e045d3c73af502841519f2b17d2f5985ced4e3
2025,2022,122409,122409003,Georgia,arson,Arson,criminal_offenses,oncampus,0,0,reported_numeric,18,18,5,https://police.sdsu.edu/_resources/files/annual-security-reports/2025-annual-security-report-finalized-08-18-25.pdf#page=18,3242ccb9a6632269bcd68c2cd5e045d3c73af502841519f2b17d2f5985ced4e3
2025,2022,122409,122409003,Georgia,arson,Arson,criminal_offenses,noncampus,0,0,reported_numeric,18,18,5,https://police.sdsu.edu/_resources/files/annual-security-reports/2025-annual-security-report-finalized-08-18-25.pdf#page=18,3242ccb9a6632269bcd68c2cd5e045d3c73af502841519f2b17d2f5985ced4e3
2025,2022,122409,122409003,Georgia,arson,Arson,criminal_offenses,publicproperty,0,0,reported_numeric,18,18,5,https://police.sdsu.edu/_resources/files/annual-security-reports/2025-annual-security-report-finalized-08-18-25.pdf#page=18,3242ccb9a6632269bcd68c2cd5e045d3c73af502841519f2b17d2f5985ced4e3
2025,2023,122409,122409003,Georgia,arson,Arson,criminal_offenses,residential,0,0,reported_numeric,18,18,6,https://police.sdsu.edu/_resources/files/annual-security-reports/2025-annual-security-report-finalized-08-18-25.pdf#page=18,3242ccb9a6632269bcd68c2cd5e045d3c73af502841519f2b17d2f5985ced4e3
2025,2023,122409,122409003,Georgia,arson,Arson,criminal_offenses,oncampus,0,0,reported_numeric,18,18,6,https://police.sdsu.edu/_resources/files/annual-security-reports/2025-annual-security-report-finalized-08-18-25.pdf#page=18,3242ccb9a6632269bcd68c2cd5e045d3c73af502841519f2b17d2f5985ced4e3
2025,2023,122409,122409003,Georgia,arson,Arson,criminal_offenses,noncampus,0,0,reported_numeric,18,18,6,https://police.sdsu.edu/_resources/files/annual-security-reports/2025-annual-security-report-finalized-08-18-25.pdf#page=18,3242ccb9a6632269bcd68c2cd5e045d3c73af502841519f2b17d2f5985ced4e3
2025,2023,122409,122409003,Georgia,arson,Arson,criminal_offenses,publicproperty,0,0,reported_numeric,18,18,6,https://police.sdsu.edu/_resources/files/annual-security-reports/2025-annual-security-report-finalized-08-18-25.pdf#page=18,3242ccb9a6632269bcd68c2cd5e045d3c73af502841519f2b17d2f5985ced4e3
2025,2024,122409,122409003,Georgia,arson,Arson,criminal_offenses,residential,0,0,reported_numeric,18,18,7,https://police.sdsu.edu/_resources/files/annual-security-reports/2025-annual-security-report-finalized-08-18-25.pdf#page=18,3242ccb9a6632269bcd68c2cd5e045d3c73af502841519f2b17d2f5985ced4e3
2025,2024,122409,122409003,Georgia,arson,Arson,criminal_offenses,oncampus,0,0,reported_numeric,18,18,7,https://police.sdsu.edu/_resources/files/annual-security-reports/2025-annual-security-report-finalized-08-18-25.pdf#page=18,3242ccb9a6632269bcd68c2cd5e045d3c73af502841519f2b17d2f5985ced4e3
2025,2024,122409,122409003,Georgia,arson,Arson,criminal_offenses,noncampus,0,0,reported_numeric,18,18,7,https://police.sdsu.edu/_resources/files/annual-security-reports/2025-annual-security-report-finalized-08-18-25.pdf#page=18,3242ccb9a6632269bcd68c2cd5e045d3c73af502841519f2b17d2f5985ced4e3
2025,2024,122409,122409003,Georgia,arson,Arson,criminal_offenses,publicproperty,0,0,reported_numeric,18,18,7,https://police.sdsu.edu/_resources/files/annual-security-reports/2025-annual-security-report-finalized-08-18-25.pdf#page=18,3242ccb9a6632269bcd68c2cd5e045d3c73af502841519f2b17d2f5985ced4e3
2025,2022,122409,122409003,Georgia,domestic_violence,Domestic Violence,vawa,residential,0,0,reported_numeric,18,18,14,https://police.sdsu.edu/_resources/files/annual-security-reports/2025-annual-security-report-finalized-08-18-25.pdf#page=18,3242ccb9a6632269bcd68c2cd5e045d3c73af502841519f2b17d2f5985ced4e3
2025,2022,122409,122409003,Georgia,domestic_violence,Domestic Violence,vawa,oncampus,0,0,reported_numeric,18,18,14,https://police.sdsu.edu/_resources/files/annual-security-reports/2025-annual-security-report-finalized-08-18-25.pdf#page=18,3242ccb9a6632269bcd68c2cd5e045d3c73af502841519f2b17d2f5985ced4e3
2025,2022,122409,122409003,Georgia,domestic_violence,Domestic Violence,vawa,noncampus,0,0,reported_numeric,18,18,14,https://police.sdsu.edu/_resources/files/annual-security-reports/2025-annual-security-report-finalized-08-18-25.pdf#page=18,3242ccb9a6632269bcd68c2cd5e045d3c73af502841519f2b17d2f5985ced4e3
2025,2022,122409,122409003,Georgia,domestic_violence,Domestic Violence,vawa,publicproperty,0,0,reported_numeric,18,18,14,https://police.sdsu.edu/_resources/files/annual-security-reports/2025-annual-security-report-finalized-08-18-25.pdf#page=18,3242ccb9a6632269bcd68c2cd5e045d3c73af502841519f2b17d2f5985ced4e3
2025,2023,122409,122409003,Georgia,domestic_violence,Domestic Violence,vawa,residential,0,0,reported_numeric,18,18,15,https://police.sdsu.edu/_resources/files/annual-security-reports/2025-annual-security-report-finalized-08-18-25.pdf#page=18,3242ccb9a6632269bcd68c2cd5e045d3c73af502841519f2b17d2f5985ced4e3
2025,2023,122409,122409003,Georgia,domestic_violence,Domestic Violence,vawa,oncampus,0,0,reported_numeric,18,18,15,https://police.sdsu.edu/_resources/files/annual-security-reports/2025-annual-security-report-finalized-08-18-25.pdf#page=18,3242ccb9a6632269bcd68c2cd5e045d3c73af502841519f2b17d2f5985ced4e3
2025,2023,122409,122409003,Georgia,domestic_violence,Domestic Violence,vawa,noncampus,0,0,reported_numeric,18,18,15,https://police.sdsu.edu/_resources/files/annual-security-reports/2025-annual-security-report-finalized-08-18-25.pdf#page=18,3242ccb9a6632269bcd68c2cd5e045d3c73af502841519f2b17d2f5985ced4e3
2025,2023,122409,122409003,Georgia,domestic_violence,Domestic Violence,vawa,publicproperty,0,0,reported_numeric,18,18,15,https://police.sdsu.edu/_resources/files/annual-security-reports/2025-annual-security-report-finalized-08-18-25.pdf#page=18,3242ccb9a6632269bcd68c2cd5e045d3c73af502841519f2b17d2f5985ced4e3
2025,2024,122409,122409003,Georgia,domestic_violence,Domestic Violence,vawa,residential,0,0,reported_numeric,18,18,16,https://police.sdsu.edu/_resources/files/annual-security-reports/2025-annual-security-report-finalized-08-18-25.pdf#page=18,3242ccb9a6632269bcd68c2cd5e045d3c73af502841519f2b17d2f5985ced4e3
2025,2024,122409,122409003,Georgia,domestic_violence,Domestic Violence,vawa,oncampus,0,0,reported_numeric,18,18,16,https://police.sdsu.edu/_resources/files/annual-security-reports/2025-annual-security-report-finalized-08-18-25.pdf#page=18,3242ccb9a6632269bcd68c2cd5e045d3c73af502841519f2b17d2f5985ced4e3
2025,2024,122409,122409003,Georgia,domestic_violence,Domestic Violence,vawa,noncampus,0,0,reported_numeric,18,18,16,https://police.sdsu.edu/_resources/files/annual-security-reports/2025-annual-security-report-finalized-08-18-25.pdf#page=18,3242ccb9a6632269bcd68c2cd5e045d3c73af502841519f2b17d2f5985ced4e3
2025,2024,122409,122409003,Georgia,domestic_violence,Domestic Violence,vawa,publicproperty,0,0,reported_numeric,18,18,16,https://police.sdsu.edu/_resources/files/annual-security-reports/2025-annual-security-report-finalized-08-18-25.pdf#page=18,3242ccb9a6632269bcd68c2cd5e045d3c73af502841519f2b17d2f5985ced4e3
2025,2022,122409,122409003,Georgia,dating_violence,Dating Violence,vawa,residential,0,0,reported_numeric,18,18,22,https://police.sdsu.edu/_resources/files/annual-security-reports/2025-annual-security-report-finalized-08-18-25.pdf#page=18,3242ccb9a6632269bcd68c2cd5e045d3c73af502841519f2b17d2f5985ced4e3
2025,2022,122409,122409003,Georgia,dating_violence,Dating Violence,vawa,oncampus,0,0,reported_numeric,18,18,22,https://police.sdsu.edu/_resources/files/annual-security-reports/2025-annual-security-report-finalized-08-18-25.pdf#page=18,3242ccb9a6632269bcd68c2cd5e045d3c73af502841519f2b17d2f5985ced4e3
2025,2022,122409,122409003,Georgia,dating_violence,Dating Violence,vawa,noncampus,0,0,reported_numeric,18,18,22,https://police.sdsu.edu/_resources/files/annual-security-reports/2025-annual-security-report-finalized-08-18-25.pdf#page=18,3242ccb9a6632269bcd68c2cd5e045d3c73af502841519f2b17d2f5985ced4e3
2025,2022,122409,122409003,Georgia,dating_violence,Dating Violence,vawa,publicproperty,0,0,reported_numeric,18,18,22,https://police.sdsu.edu/_resources/files/annual-security-reports/2025-annual-security-report-finalized-08-18-25.pdf#page=18,3242ccb9a6632269bcd68c2cd5e045d3c73af502841519f2b17d2f5985ced4e3
2025,2023,122409,122409003,Georgia,dating_violence,Dating Violence,vawa,residential,0,0,reported_numeric,18,18,23,https://police.sdsu.edu/_resources/files/annual-security-reports/2025-annual-security-report-finalized-08-18-25.pdf#page=18,3242ccb9a6632269bcd68c2cd5e045d3c73af502841519f2b17d2f5985ced4e3
2025,2023,122409,122409003,Georgia,dating_violence,Dating Violence,vawa,oncampus,0,0,reported_numeric,18,18,23,https://police.sdsu.edu/_resources/files/annual-security-reports/2025-annual-security-report-finalized-08-18-25.pdf#page=18,3242ccb9a6632269bcd68c2cd5e045d3c73af502841519f2b17d2f5985ced4e3
2025,2023,122409,122409003,Georgia,dating_violence,Dating Violence,vawa,noncampus,0,0,reported_numeric,18,18,23,https://police.sdsu.edu/_resources/files/annual-security-reports/2025-annual-security-report-finalized-08-18-25.pdf#page=18,3242ccb9a6632269bcd68c2cd5e045d3c73af502841519f2b17d2f5985ced4e3
2025,2023,122409,122409003,Georgia,dating_violence,Dating Violence,vawa,publicproperty,0,0,reported_numeric,18,18,23,https://police.sdsu.edu/_resources/files/annual-security-reports/2025-annual-security-report-finalized-08-18-25.pdf#page=18,3242ccb9a6632269bcd68c2cd5e045d3c73af502841519f2b17d2f5985ced4e3
2025,2024,122409,122409003,Georgia,dating_violence,Dating Violence,vawa,residential,0,0,reported_numeric,18,18,24,https://police.sdsu.edu/_resources/files/annual-security-reports/2025-annual-security-report-finalized-08-18-25.pdf#page=18,3242ccb9a6632269bcd68c2cd5e045d3c73af502841519f2b17d2f5985ced4e3
2025,2024,122409,122409003,Georgia,dating_violence,Dating Violence,vawa,oncampus,0,0,reported_numeric,18,18,24,https://police.sdsu.edu/_resources/files/annual-security-reports/2025-annual-security-report-finalized-08-18-25.pdf#page=18,3242ccb9a6632269bcd68c2cd5e045d3c73af502841519f2b17d2f5985ced4e3
2025,2024,122409,122409003,Georgia,dating_violence,Dating Violence,vawa,noncampus,0,0,reported_numeric,18,18,24,https://police.sdsu.edu/_resources/files/annual-security-reports/2025-annual-security-report-finalized-08-18-25.pdf#page=18,3242ccb9a6632269bcd68c2cd5e045d3c73af502841519f2b17d2f5985ced4e3
2025,2024,122409,122409003,Georgia,dating_violence,Dating Violence,vawa,publicproperty,0,0,reported_numeric,18,18,24,https://police.sdsu.edu/_resources/files/annual-security-reports/2025-annual-security-report-finalized-08-18-25.pdf#page=18,3242ccb9a6632269bcd68c2cd5e045d3c73af502841519f2b17d2f5985ced4e3
2025,2022,122409,122409003,Georgia,stalking,Stalking,vawa,residential,0,0,reported_numeric,18,18,30,https://police.sdsu.edu/_resources/files/annual-security-reports/2025-annual-security-report-finalized-08-18-25.pdf#page=18,3242ccb9a6632269bcd68c2cd5e045d3c73af502841519f2b17d2f5985ced4e3
2025,2022,122409,122409003,Georgia,stalking,Stalking,vawa,oncampus,0,0,reported_numeric,18,18,30,https://police.sdsu.edu/_resources/files/annual-security-reports/2025-annual-security-report-finalized-08-18-25.pdf#page=18,3242ccb9a6632269bcd68c2cd5e045d3c73af502841519f2b17d2f5985ced4e3
2025,2022,122409,122409003,Georgia,stalking,Stalking,vawa,noncampus,0,0,reported_numeric,18,18,30,https://police.sdsu.edu/_resources/files/annual-security-reports/2025-annual-security-report-finalized-08-18-25.pdf#page=18,3242ccb9a6632269bcd68c2cd5e045d3c73af502841519f2b17d2f5985ced4e3
2025,2022,122409,122409003,Georgia,stalking,Stalking,vawa,publicproperty,0,0,reported_numeric,18,18,30,https://police.sdsu.edu/_resources/files/annual-security-reports/2025-annual-security-report-finalized-08-18-25.pdf#page=18,3242ccb9a6632269bcd68c2cd5e045d3c73af502841519f2b17d2f5985ced4e3
2025,2023,122409,122409003,Georgia,stalking,Stalking,vawa,residential,0,0,reported_numeric,18,18,31,https://police.sdsu.edu/_resources/files/annual-security-reports/2025-annual-security-report-finalized-08-18-25.pdf#page=18,3242ccb9a6632269bcd68c2cd5e045d3c73af502841519f2b17d2f5985ced4e3
2025,2023,122409,122409003,Georgia,stalking,Stalking,vawa,oncampus,0,0,reported_numeric,18,18,31,https://police.sdsu.edu/_resources/files/annual-security-reports/2025-annual-security-report-finalized-08-18-25.pdf#page=18,3242ccb9a6632269bcd68c2cd5e045d3c73af502841519f2b17d2f5985ced4e3
2025,2023,122409,122409003,Georgia,stalking,Stalking,vawa,noncampus,0,0,reported_numeric,18,18,31,https://police.sdsu.edu/_resources/files/annual-security-reports/2025-annual-security-report-finalized-08-18-25.pdf#page=18,3242ccb9a6632269bcd68c2cd5e045d3c73af502841519f2b17d2f5985ced4e3
2025,2023,122409,122409003,Georgia,stalking,Stalking,vawa,publicproperty,0,0,reported_numeric,18,18,31,https://police.sdsu.edu/_resources/files/annual-security-reports/2025-annual-security-report-finalized-08-18-25.pdf#page=18,3242ccb9a6632269bcd68c2cd5e045d3c73af502841519f2b17d2f5985ced4e3
2025,2024,122409,122409003,Georgia,stalking,Stalking,vawa,residential,0,0,reported_numeric,18,18,32,https://police.sdsu.edu/_resources/files/annual-security-reports/2025-annual-security-report-finalized-08-18-25.pdf#page=18,3242ccb9a6632269bcd68c2cd5e045d3c73af502841519f2b17d2f5985ced4e3
2025,2024,122409,122409003,Georgia,stalking,Stalking,vawa,oncampus,0,0,reported_numeric,18,18,32,https://police.sdsu.edu/_resources/files/annual-security-reports/2025-annual-security-report-finalized-08-18-25.pdf#page=18,3242ccb9a6632269bcd68c2cd5e045d3c73af502841519f2b17d2f5985ced4e3
2025,2024,122409,122409003,Georgia,stalking,Stalking,vawa,noncampus,0,0,reported_numeric,18,18,32,https://police.sdsu.edu/_resources/files/annual-security-reports/2025-annual-security-report-finalized-08-18-25.pdf#page=18,3242ccb9a6632269bcd68c2cd5e045d3c73af502841519f2b17d2f5985ced4e3
2025,2024,122409,122409003,Georgia,stalking,Stalking,vawa,publicproperty,0,0,reported_numeric,18,18,32,https://police.sdsu.edu/_resources/files/annual-security-reports/2025-annual-security-report-finalized-08-18-25.pdf#page=18,3242ccb9a6632269bcd68c2cd5e045d3c73af502841519f2b17d2f5985ced4e3
2025,2022,122409,122409003,Georgia,arrests_weapons,Arrests for Weapons Law Violations,arrests,residential,0,0,reported_numeric,18,18,39,https://police.sdsu.edu/_resources/files/annual-security-reports/2025-annual-security-report-finalized-08-18-25.pdf#page=18,3242ccb9a6632269bcd68c2cd5e045d3c73af502841519f2b17d2f5985ced4e3
2025,2022,122409,122409003,Georgia,arrests_weapons,Arrests for Weapons Law Violations,arrests,oncampus,0,0,reported_numeric,18,18,39,https://police.sdsu.edu/_resources/files/annual-security-reports/2025-annual-security-report-finalized-08-18-25.pdf#page=18,3242ccb9a6632269bcd68c2cd5e045d3c73af502841519f2b17d2f5985ced4e3
2025,2022,122409,122409003,Georgia,arrests_weapons,Arrests for Weapons Law Violations,arrests,noncampus,0,0,reported_numeric,18,18,39,https://police.sdsu.edu/_resources/files/annual-security-reports/2025-annual-security-report-finalized-08-18-25.pdf#page=18,3242ccb9a6632269bcd68c2cd5e045d3c73af502841519f2b17d2f5985ced4e3
2025,2022,122409,122409003,Georgia,arrests_weapons,Arrests for Weapons Law Violations,arrests,publicproperty,0,0,reported_numeric,18,18,39,https://police.sdsu.edu/_resources/files/annual-security-reports/2025-annual-security-report-finalized-08-18-25.pdf#page=18,3242ccb9a6632269bcd68c2cd5e045d3c73af502841519f2b17d2f5985ced4e3
2025,2023,122409,122409003,Georgia,arrests_weapons,Arrests for Weapons Law Violations,arrests,residential,0,0,reported_numeric,18,18,40,https://police.sdsu.edu/_resources/files/annual-security-reports/2025-annual-security-report-finalized-08-18-25.pdf#page=18,3242ccb9a6632269bcd68c2cd5e045d3c73af502841519f2b17d2f5985ced4e3
2025,2023,122409,122409003,Georgia,arrests_weapons,Arrests for Weapons Law Violations,arrests,oncampus,0,0,reported_numeric,18,18,40,https://police.sdsu.edu/_resources/files/annual-security-reports/2025-annual-security-report-finalized-08-18-25.pdf#page=18,3242ccb9a6632269bcd68c2cd5e045d3c73af502841519f2b17d2f5985ced4e3
2025,2023,122409,122409003,Georgia,arrests_weapons,Arrests for Weapons Law Violations,arrests,noncampus,0,0,reported_numeric,18,18,40,https://police.sdsu.edu/_resources/files/annual-security-reports/2025-annual-security-report-finalized-08-18-25.pdf#page=18,3242ccb9a6632269bcd68c2cd5e045d3c73af502841519f2b17d2f5985ced4e3
2025,2023,122409,122409003,Georgia,arrests_weapons,Arrests for Weapons Law Violations,arrests,publicproperty,0,0,reported_numeric,18,18,40,https://police.sdsu.edu/_resources/files/annual-security-reports/2025-annual-security-report-finalized-08-18-25.pdf#page=18,3242ccb9a6632269bcd68c2cd5e045d3c73af502841519f2b17d2f5985ced4e3
2025,2024,122409,122409003,Georgia,arrests_weapons,Arrests for Weapons Law Violations,arrests,residential,0,0,reported_numeric,18,18,41,https://police.sdsu.edu/_resources/files/annual-security-reports/2025-annual-security-report-finalized-08-18-25.pdf#page=18,3242ccb9a6632269bcd68c2cd5e045d3c73af502841519f2b17d2f5985ced4e3
2025,2024,122409,122409003,Georgia,arrests_weapons,Arrests for Weapons Law Violations,arrests,oncampus,0,0,reported_numeric,18,18,41,https://police.sdsu.edu/_resources/files/annual-security-reports/2025-annual-security-report-finalized-08-18-25.pdf#page=18,3242ccb9a6632269bcd68c2cd5e045d3c73af502841519f2b17d2f5985ced4e3
2025,2024,122409,122409003,Georgia,arrests_weapons,Arrests for Weapons Law Violations,arrests,noncampus,0,0,reported_numeric,18,18,41,https://police.sdsu.edu/_resources/files/annual-security-reports/2025-annual-security-report-finalized-08-18-25.pdf#page=18,3242ccb9a6632269bcd68c2cd5e045d3c73af502841519f2b17d2f5985ced4e3
2025,2024,122409,122409003,Georgia,arrests_weapons,Arrests for Weapons Law Violations,arrests,publicproperty,0,0,reported_numeric,18,18,41,https://police.sdsu.edu/_resources/files/annual-security-reports/2025-annual-security-report-finalized-08-18-25.pdf#page=18,3242ccb9a6632269bcd68c2cd5e045d3c73af502841519f2b17d2f5985ced4e3
2025,2022,122409,122409003,Georgia,arrests_drug,Arrests for Drug Law Violations,arrests,residential,0,0,reported_numeric,19,19,5,https://police.sdsu.edu/_resources/files/annual-security-reports/2025-annual-security-report-finalized-08-18-25.pdf#page=19,3242ccb9a6632269bcd68c2cd5e045d3c73af502841519f2b17d2f5985ced4e3
2025,2022,122409,122409003,Georgia,arrests_drug,Arrests for Drug Law Violations,arrests,oncampus,0,0,reported_numeric,19,19,5,https://police.sdsu.edu/_resources/files/annual-security-reports/2025-annual-security-report-finalized-08-18-25.pdf#page=19,3242ccb9a6632269bcd68c2cd5e045d3c73af502841519f2b17d2f5985ced4e3
2025,2022,122409,122409003,Georgia,arrests_drug,Arrests for Drug Law Violations,arrests,noncampus,0,0,reported_numeric,19,19,5,https://police.sdsu.edu/_resources/files/annual-security-reports/2025-annual-security-report-finalized-08-18-25.pdf#page=19,3242ccb9a6632269bcd68c2cd5e045d3c73af502841519f2b17d2f5985ced4e3
2025,2022,122409,122409003,Georgia,arrests_drug,Arrests for Drug Law Violations,arrests,publicproperty,0,0,reported_numeric,19,19,5,https://police.sdsu.edu/_resources/files/annual-security-reports/2025-annual-security-report-finalized-08-18-25.pdf#page=19,3242ccb9a6632269bcd68c2cd5e045d3c73af502841519f2b17d2f5985ced4e3
2025,2023,122409,122409003,Georgia,arrests_drug,Arrests for Drug Law Violations,arrests,residential,0,0,reported_numeric,19,19,6,https://police.sdsu.edu/_resources/files/annual-security-reports/2025-annual-security-report-finalized-08-18-25.pdf#page=19,3242ccb9a6632269bcd68c2cd5e045d3c73af502841519f2b17d2f5985ced4e3
2025,2023,122409,122409003,Georgia,arrests_drug,Arrests for Drug Law Violations,arrests,oncampus,0,0,reported_numeric,19,19,6,https://police.sdsu.edu/_resources/files/annual-security-reports/2025-annual-security-report-finalized-08-18-25.pdf#page=19,3242ccb9a6632269bcd68c2cd5e045d3c73af502841519f2b17d2f5985ced4e3
2025,2023,122409,122409003,Georgia,arrests_drug,Arrests for Drug Law Violations,arrests,noncampus,0,0,reported_numeric,19,19,6,https://police.sdsu.edu/_resources/files/annual-security-reports/2025-annual-security-report-finalized-08-18-25.pdf#page=19,3242ccb9a6632269bcd68c2cd5e045d3c73af502841519f2b17d2f5985ced4e3
2025,2023,122409,122409003,Georgia,arrests_drug,Arrests for Drug Law Violations,arrests,publicproperty,0,0,reported_numeric,19,19,6,https://police.sdsu.edu/_resources/files/annual-security-reports/2025-annual-security-report-finalized-08-18-25.pdf#page=19,3242ccb9a6632269bcd68c2cd5e045d3c73af502841519f2b17d2f5985ced4e3
2025,2024,122409,122409003,Georgia,arrests_drug,Arrests for Drug Law Violations,arrests,residential,0,0,reported_numeric,19,19,7,https://police.sdsu.edu/_resources/files/annual-security-reports/2025-annual-security-report-finalized-08-18-25.pdf#page=19,3242ccb9a6632269bcd68c2cd5e045d3c73af502841519f2b17d2f5985ced4e3
2025,2024,122409,122409003,Georgia,arrests_drug,Arrests for Drug Law Violations,arrests,oncampus,0,0,reported_numeric,19,19,7,https://police.sdsu.edu/_resources/files/annual-security-reports/2025-annual-security-report-finalized-08-18-25.pdf#page=19,3242ccb9a6632269bcd68c2cd5e045d3c73af502841519f2b17d2f5985ced4e3
2025,2024,122409,122409003,Georgia,arrests_drug,Arrests for Drug Law Violations,arrests,noncampus,0,0,reported_numeric,19,19,7,https://police.sdsu.edu/_resources/files/annual-security-reports/2025-annual-security-report-finalized-08-18-25.pdf#page=19,3242ccb9a6632269bcd68c2cd5e045d3c73af502841519f2b17d2f5985ced4e3
2025,2024,122409,122409003,Georgia,arrests_drug,Arrests for Drug Law Violations,arrests,publicproperty,0,0,reported_numeric,19,19,7,https://police.sdsu.edu/_resources/files/annual-security-reports/2025-annual-security-report-finalized-08-18-25.pdf#page=19,3242ccb9a6632269bcd68c2cd5e045d3c73af502841519f2b17d2f5985ced4e3
2025,2022,122409,122409003,Georgia,arrests_liquor,Arrests for Liquor Law Violations,arrests,residential,0,0,reported_numeric,19,19,14,https://police.sdsu.edu/_resources/files/annual-security-reports/2025-annual-security-report-finalized-08-18-25.pdf#page=19,3242ccb9a6632269bcd68c2cd5e045d3c73af502841519f2b17d2f5985ced4e3
2025,2022,122409,122409003,Georgia,arrests_liquor,Arrests for Liquor Law Violations,arrests,oncampus,0,0,reported_numeric,19,19,14,https://police.sdsu.edu/_resources/files/annual-security-reports/2025-annual-security-report-finalized-08-18-25.pdf#page=19,3242ccb9a6632269bcd68c2cd5e045d3c73af502841519f2b17d2f5985ced4e3
2025,2022,122409,122409003,Georgia,arrests_liquor,Arrests for Liquor Law Violations,arrests,noncampus,0,0,reported_numeric,19,19,14,https://police.sdsu.edu/_resources/files/annual-security-reports/2025-annual-security-report-finalized-08-18-25.pdf#page=19,3242ccb9a6632269bcd68c2cd5e045d3c73af502841519f2b17d2f5985ced4e3
2025,2022,122409,122409003,Georgia,arrests_liquor,Arrests for Liquor Law Violations,arrests,publicproperty,0,0,reported_numeric,19,19,14,https://police.sdsu.edu/_resources/files/annual-security-reports/2025-annual-security-report-finalized-08-18-25.pdf#page=19,3242ccb9a6632269bcd68c2cd5e045d3c73af502841519f2b17d2f5985ced4e3
2025,2023,122409,122409003,Georgia,arrests_liquor,Arrests for Liquor Law Violations,arrests,residential,0,0,reported_numeric,19,19,15,https://police.sdsu.edu/_resources/files/annual-security-reports/2025-annual-security-report-finalized-08-18-25.pdf#page=19,3242ccb9a6632269bcd68c2cd5e045d3c73af502841519f2b17d2f5985ced4e3
2025,2023,122409,122409003,Georgia,arrests_liquor,Arrests for Liquor Law Violations,arrests,oncampus,0,0,reported_numeric,19,19,15,https://police.sdsu.edu/_resources/files/annual-security-reports/2025-annual-security-report-finalized-08-18-25.pdf#page=19,3242ccb9a6632269bcd68c2cd5e045d3c73af502841519f2b17d2f5985ced4e3
2025,2023,122409,122409003,Georgia,arrests_liquor,Arrests for Liquor Law Violations,arrests,noncampus,0,0,reported_numeric,19,19,15,https://police.sdsu.edu/_resources/files/annual-security-reports/2025-annual-security-report-finalized-08-18-25.pdf#page=19,3242ccb9a6632269bcd68c2cd5e045d3c73af502841519f2b17d2f5985ced4e3
2025,2023,122409,122409003,Georgia,arrests_liquor,Arrests for Liquor Law Violations,arrests,publicproperty,0,0,reported_numeric,19,19,15,https://police.sdsu.edu/_resources/files/annual-security-reports/2025-annual-security-report-finalized-08-18-25.pdf#page=19,3242ccb9a6632269bcd68c2cd5e045d3c73af502841519f2b17d2f5985ced4e3
2025,2024,122409,122409003,Georgia,arrests_liquor,Arrests for Liquor Law Violations,arrests,residential,0,0,reported_numeric,19,19,16,https://police.sdsu.edu/_resources/files/annual-security-reports/2025-annual-security-report-finalized-08-18-25.pdf#page=19,3242ccb9a6632269bcd68c2cd5e045d3c73af502841519f2b17d2f5985ced4e3
2025,2024,122409,122409003,Georgia,arrests_liquor,Arrests for Liquor Law Violations,arrests,oncampus,0,0,reported_numeric,19,19,16,https://police.sdsu.edu/_resources/files/annual-security-reports/2025-annual-security-report-finalized-08-18-25.pdf#page=19,3242ccb9a6632269bcd68c2cd5e045d3c73af502841519f2b17d2f5985ced4e3
2025,2024,122409,122409003,Georgia,arrests_liquor,Arrests for Liquor Law Violations,arrests,noncampus,0,0,reported_numeric,19,19,16,https://police.sdsu.edu/_resources/files/annual-security-reports/2025-annual-security-report-finalized-08-18-25.pdf#page=19,3242ccb9a6632269bcd68c2cd5e045d3c73af502841519f2b17d2f5985ced4e3
2025,2024,122409,122409003,Georgia,arrests_liquor,Arrests for Liquor Law Violations,arrests,publicproperty,0,0,reported_numeric,19,19,16,https://police.sdsu.edu/_resources/files/annual-security-reports/2025-annual-security-report-finalized-08-18-25.pdf#page=19,3242ccb9a6632269bcd68c2cd5e045d3c73af502841519f2b17d2f5985ced4e3
2025,2022,122409,122409003,Georgia,referrals_weapons,Referrals to Disciplinary Action for Weapons Law Violations,disciplinary_referrals,residential,0,0,reported_numeric,19,19,22,https://police.sdsu.edu/_resources/files/annual-security-reports/2025-annual-security-report-finalized-08-18-25.pdf#page=19,3242ccb9a6632269bcd68c2cd5e045d3c73af502841519f2b17d2f5985ced4e3
2025,2022,122409,122409003,Georgia,referrals_weapons,Referrals to Disciplinary Action for Weapons Law Violations,disciplinary_referrals,oncampus,0,0,reported_numeric,19,19,22,https://police.sdsu.edu/_resources/files/annual-security-reports/2025-annual-security-report-finalized-08-18-25.pdf#page=19,3242ccb9a6632269bcd68c2cd5e045d3c73af502841519f2b17d2f5985ced4e3
2025,2022,122409,122409003,Georgia,referrals_weapons,Referrals to Disciplinary Action for Weapons Law Violations,disciplinary_referrals,noncampus,0,0,reported_numeric,19,19,22,https://police.sdsu.edu/_resources/files/annual-security-reports/2025-annual-security-report-finalized-08-18-25.pdf#page=19,3242ccb9a6632269bcd68c2cd5e045d3c73af502841519f2b17d2f5985ced4e3
2025,2022,122409,122409003,Georgia,referrals_weapons,Referrals to Disciplinary Action for Weapons Law Violations,disciplinary_referrals,publicproperty,0,0,reported_numeric,19,19,22,https://police.sdsu.edu/_resources/files/annual-security-reports/2025-annual-security-report-finalized-08-18-25.pdf#page=19,3242ccb9a6632269bcd68c2cd5e045d3c73af502841519f2b17d2f5985ced4e3
2025,2023,122409,122409003,Georgia,referrals_weapons,Referrals to Disciplinary Action for Weapons Law Violations,disciplinary_referrals,residential,0,0,reported_numeric,19,19,23,https://police.sdsu.edu/_resources/files/annual-security-reports/2025-annual-security-report-finalized-08-18-25.pdf#page=19,3242ccb9a6632269bcd68c2cd5e045d3c73af502841519f2b17d2f5985ced4e3
2025,2023,122409,122409003,Georgia,referrals_weapons,Referrals to Disciplinary Action for Weapons Law Violations,disciplinary_referrals,oncampus,0,0,reported_numeric,19,19,23,https://police.sdsu.edu/_resources/files/annual-security-reports/2025-annual-security-report-finalized-08-18-25.pdf#page=19,3242ccb9a6632269bcd68c2cd5e045d3c73af502841519f2b17d2f5985ced4e3
2025,2023,122409,122409003,Georgia,referrals_weapons,Referrals to Disciplinary Action for Weapons Law Violations,disciplinary_referrals,noncampus,0,0,reported_numeric,19,19,23,https://police.sdsu.edu/_resources/files/annual-security-reports/2025-annual-security-report-finalized-08-18-25.pdf#page=19,3242ccb9a6632269bcd68c2cd5e045d3c73af502841519f2b17d2f5985ced4e3
2025,2023,122409,122409003,Georgia,referrals_weapons,Referrals to Disciplinary Action for Weapons Law Violations,disciplinary_referrals,publicproperty,0,0,reported_numeric,19,19,23,https://police.sdsu.edu/_resources/files/annual-security-reports/2025-annual-security-report-finalized-08-18-25.pdf#page=19,3242ccb9a6632269bcd68c2cd5e045d3c73af502841519f2b17d2f5985ced4e3
2025,2024,122409,122409003,Georgia,referrals_weapons,Referrals to Disciplinary Action for Weapons Law Violations,disciplinary_referrals,residential,0,0,reported_numeric,19,19,24,https://police.sdsu.edu/_resources/files/annual-security-reports/2025-annual-security-report-finalized-08-18-25.pdf#page=19,3242ccb9a6632269bcd68c2cd5e045d3c73af502841519f2b17d2f5985ced4e3
2025,2024,122409,122409003,Georgia,referrals_weapons,Referrals to Disciplinary Action for Weapons Law Violations,disciplinary_referrals,oncampus,0,0,reported_numeric,19,19,24,https://police.sdsu.edu/_resources/files/annual-security-reports/2025-annual-security-report-finalized-08-18-25.pdf#page=19,3242ccb9a6632269bcd68c2cd5e045d3c73af502841519f2b17d2f5985ced4e3
2025,2024,122409,122409003,Georgia,referrals_weapons,Referrals to Disciplinary Action for Weapons Law Violations,disciplinary_referrals,noncampus,0,0,reported_numeric,19,19,24,https://police.sdsu.edu/_resources/files/annual-security-reports/2025-annual-security-report-finalized-08-18-25.pdf#page=19,3242ccb9a6632269bcd68c2cd5e045d3c73af502841519f2b17d2f5985ced4e3
2025,2024,122409,122409003,Georgia,referrals_weapons,Referrals to Disciplinary Action for Weapons Law Violations,disciplinary_referrals,publicproperty,0,0,reported_numeric,19,19,24,https://police.sdsu.edu/_resources/files/annual-security-reports/2025-annual-security-report-finalized-08-18-25.pdf#page=19,3242ccb9a6632269bcd68c2cd5e045d3c73af502841519f2b17d2f5985ced4e3
2025,2022,122409,122409003,Georgia,referrals_drug,Referrals to Disciplinary Action for Drug Law Violations,disciplinary_referrals,residential,0,0,reported_numeric,19,19,30,https://police.sdsu.edu/_resources/files/annual-security-reports/2025-annual-security-report-finalized-08-18-25.pdf#page=19,3242ccb9a6632269bcd68c2cd5e045d3c73af502841519f2b17d2f5985ced4e3
2025,2022,122409,122409003,Georgia,referrals_drug,Referrals to Disciplinary Action for Drug Law Violations,disciplinary_referrals,oncampus,0,0,reported_numeric,19,19,30,https://police.sdsu.edu/_resources/files/annual-security-reports/2025-annual-security-report-finalized-08-18-25.pdf#page=19,3242ccb9a6632269bcd68c2cd5e045d3c73af502841519f2b17d2f5985ced4e3
2025,2022,122409,122409003,Georgia,referrals_drug,Referrals to Disciplinary Action for Drug Law Violations,disciplinary_referrals,noncampus,0,0,reported_numeric,19,19,30,https://police.sdsu.edu/_resources/files/annual-security-reports/2025-annual-security-report-finalized-08-18-25.pdf#page=19,3242ccb9a6632269bcd68c2cd5e045d3c73af502841519f2b17d2f5985ced4e3
2025,2022,122409,122409003,Georgia,referrals_drug,Referrals to Disciplinary Action for Drug Law Violations,disciplinary_referrals,publicproperty,0,0,reported_numeric,19,19,30,https://police.sdsu.edu/_resources/files/annual-security-reports/2025-annual-security-report-finalized-08-18-25.pdf#page=19,3242ccb9a6632269bcd68c2cd5e045d3c73af502841519f2b17d2f5985ced4e3
2025,2023,122409,122409003,Georgia,referrals_drug,Referrals to Disciplinary Action for Drug Law Violations,disciplinary_referrals,residential,0,0,reported_numeric,19,19,31,https://police.sdsu.edu/_resources/files/annual-security-reports/2025-annual-security-report-finalized-08-18-25.pdf#page=19,3242ccb9a6632269bcd68c2cd5e045d3c73af502841519f2b17d2f5985ced4e3
2025,2023,122409,122409003,Georgia,referrals_drug,Referrals to Disciplinary Action for Drug Law Violations,disciplinary_referrals,oncampus,0,0,reported_numeric,19,19,31,https://police.sdsu.edu/_resources/files/annual-security-reports/2025-annual-security-report-finalized-08-18-25.pdf#page=19,3242ccb9a6632269bcd68c2cd5e045d3c73af502841519f2b17d2f5985ced4e3
2025,2023,122409,122409003,Georgia,referrals_drug,Referrals to Disciplinary Action for Drug Law Violations,disciplinary_referrals,noncampus,0,0,reported_numeric,19,19,31,https://police.sdsu.edu/_resources/files/annual-security-reports/2025-annual-security-report-finalized-08-18-25.pdf#page=19,3242ccb9a6632269bcd68c2cd5e045d3c73af502841519f2b17d2f5985ced4e3
2025,2023,122409,122409003,Georgia,referrals_drug,Referrals to Disciplinary Action for Drug Law Violations,disciplinary_referrals,publicproperty,0,0,reported_numeric,19,19,31,https://police.sdsu.edu/_resources/files/annual-security-reports/2025-annual-security-report-finalized-08-18-25.pdf#page=19,3242ccb9a6632269bcd68c2cd5e045d3c73af502841519f2b17d2f5985ced4e3
2025,2024,122409,122409003,Georgia,referrals_drug,Referrals to Disciplinary Action for Drug Law Violations,disciplinary_referrals,residential,0,0,reported_numeric,19,19,32,https://police.sdsu.edu/_resources/files/annual-security-reports/2025-annual-security-report-finalized-08-18-25.pdf#page=19,3242ccb9a6632269bcd68c2cd5e045d3c73af502841519f2b17d2f5985ced4e3
2025,2024,122409,122409003,Georgia,referrals_drug,Referrals to Disciplinary Action for Drug Law Violations,disciplinary_referrals,oncampus,0,0,reported_numeric,19,19,32,https://police.sdsu.edu/_resources/files/annual-security-reports/2025-annual-security-report-finalized-08-18-25.pdf#page=19,3242ccb9a6632269bcd68c2cd5e045d3c73af502841519f2b17d2f5985ced4e3
2025,2024,122409,122409003,Georgia,referrals_drug,Referrals to Disciplinary Action for Drug Law Violations,disciplinary_referrals,noncampus,0,0,reported_numeric,19,19,32,https://police.sdsu.edu/_resources/files/annual-security-reports/2025-annual-security-report-finalized-08-18-25.pdf#page=19,3242ccb9a6632269bcd68c2cd5e045d3c73af502841519f2b17d2f5985ced4e3
2025,2024,122409,122409003,Georgia,referrals_drug,Referrals to Disciplinary Action for Drug Law Violations,disciplinary_referrals,publicproperty,0,0,reported_numeric,19,19,32,https://police.sdsu.edu/_resources/files/annual-security-reports/2025-annual-security-report-finalized-08-18-25.pdf#page=19,3242ccb9a6632269bcd68c2cd5e045d3c73af502841519f2b17d2f5985ced4e3
2025,2022,122409,122409003,Georgia,referrals_liquor,Referrals to Disciplinary Action for Liquor Law Violations,disciplinary_referrals,residential,0,0,reported_numeric,19,19,38,https://police.sdsu.edu/_resources/files/annual-security-reports/2025-annual-security-report-finalized-08-18-25.pdf#page=19,3242ccb9a6632269bcd68c2cd5e045d3c73af502841519f2b17d2f5985ced4e3
2025,2022,122409,122409003,Georgia,referrals_liquor,Referrals to Disciplinary Action for Liquor Law Violations,disciplinary_referrals,oncampus,0,0,reported_numeric,19,19,38,https://police.sdsu.edu/_resources/files/annual-security-reports/2025-annual-security-report-finalized-08-18-25.pdf#page=19,3242ccb9a6632269bcd68c2cd5e045d3c73af502841519f2b17d2f5985ced4e3
2025,2022,122409,122409003,Georgia,referrals_liquor,Referrals to Disciplinary Action for Liquor Law Violations,disciplinary_referrals,noncampus,0,0,reported_numeric,19,19,38,https://police.sdsu.edu/_resources/files/annual-security-reports/2025-annual-security-report-finalized-08-18-25.pdf#page=19,3242ccb9a6632269bcd68c2cd5e045d3c73af502841519f2b17d2f5985ced4e3
2025,2022,122409,122409003,Georgia,referrals_liquor,Referrals to Disciplinary Action for Liquor Law Violations,disciplinary_referrals,publicproperty,0,0,reported_numeric,19,19,38,https://police.sdsu.edu/_resources/files/annual-security-reports/2025-annual-security-report-finalized-08-18-25.pdf#page=19,3242ccb9a6632269bcd68c2cd5e045d3c73af502841519f2b17d2f5985ced4e3
2025,2023,122409,122409003,Georgia,referrals_liquor,Referrals to Disciplinary Action for Liquor Law Violations,disciplinary_referrals,residential,0,0,reported_numeric,19,19,39,https://police.sdsu.edu/_resources/files/annual-security-reports/2025-annual-security-report-finalized-08-18-25.pdf#page=19,3242ccb9a6632269bcd68c2cd5e045d3c73af502841519f2b17d2f5985ced4e3
2025,2023,122409,122409003,Georgia,referrals_liquor,Referrals to Disciplinary Action for Liquor Law Violations,disciplinary_referrals,oncampus,0,0,reported_numeric,19,19,39,https://police.sdsu.edu/_resources/files/annual-security-reports/2025-annual-security-report-finalized-08-18-25.pdf#page=19,3242ccb9a6632269bcd68c2cd5e045d3c73af502841519f2b17d2f5985ced4e3
2025,2023,122409,122409003,Georgia,referrals_liquor,Referrals to Disciplinary Action for Liquor Law Violations,disciplinary_referrals,noncampus,0,0,reported_numeric,19,19,39,https://police.sdsu.edu/_resources/files/annual-security-reports/2025-annual-security-report-finalized-08-18-25.pdf#page=19,3242ccb9a6632269bcd68c2cd5e045d3c73af502841519f2b17d2f5985ced4e3
2025,2023,122409,122409003,Georgia,referrals_liquor,Referrals to Disciplinary Action for Liquor Law Violations,disciplinary_referrals,publicproperty,0,0,reported_numeric,19,19,39,https://police.sdsu.edu/_resources/files/annual-security-reports/2025-annual-security-report-finalized-08-18-25.pdf#page=19,3242ccb9a6632269bcd68c2cd5e045d3c73af502841519f2b17d2f5985ced4e3
2025,2024,122409,122409003,Georgia,referrals_liquor,Referrals to Disciplinary Action for Liquor Law Violations,disciplinary_referrals,residential,0,0,reported_numeric,19,19,40,https://police.sdsu.edu/_resources/files/annual-security-reports/2025-annual-security-report-finalized-08-18-25.pdf#page=19,3242ccb9a6632269bcd68c2cd5e045d3c73af502841519f2b17d2f5985ced4e3
2025,2024,122409,122409003,Georgia,referrals_liquor,Referrals to Disciplinary Action for Liquor Law Violations,disciplinary_referrals,oncampus,0,0,reported_numeric,19,19,40,https://police.sdsu.edu/_resources/files/annual-security-reports/2025-annual-security-report-finalized-08-18-25.pdf#page=19,3242ccb9a6632269bcd68c2cd5e045d3c73af502841519f2b17d2f5985ced4e3
2025,2024,122409,122409003,Georgia,referrals_liquor,Referrals to Disciplinary Action for Liquor Law Violations,disciplinary_referrals,noncampus,0,0,reported_numeric,19,19,40,https://police.sdsu.edu/_resources/files/annual-security-reports/2025-annual-security-report-finalized-08-18-25.pdf#page=19,3242ccb9a6632269bcd68c2cd5e045d3c73af502841519f2b17d2f5985ced4e3
2025,2024,122409,122409003,Georgia,referrals_liquor,Referrals to Disciplinary Action for Liquor Law Violations,disciplinary_referrals,publicproperty,0,0,reported_numeric,19,19,40,https://police.sdsu.edu/_resources/files/annual-security-reports/2025-annual-security-report-finalized-08-18-25.pdf#page=19,3242ccb9a6632269bcd68c2cd5e045d3c73af502841519f2b17d2f5985ced4e3
