violation_type,violation_section,violation_description,reviewed_dv_classification,normalized_section,numeric_statute_family,explicit_attempt_prefix,categories,reason,charge_rows,source_id_groups,statute_url
HS,11364,POSS CONTROLLED SUBS PARAPHERNALIA (M),other,11364,11364,0,all|drug,drug: explicit HS numeric statute family 11364,20605,20334,https://leginfo.legislature.ca.gov/faces/codes_displaySection.xhtml?lawCode=HSC&sectionNum=11364.
HS,11377(A),POSSESS CONTROLLED SUBSTANCE (M),other,11377(A),11377,0,all|drug,drug: explicit HS numeric statute family 11377,16729,16599,https://leginfo.legislature.ca.gov/faces/codes_displaySection.xhtml?lawCode=HSC&sectionNum=11377.
PC,647(F)DK,"DRUNK IN PUBLIC: ALCOHOL, DRUGS, COMBO OR TOLUENE (M)",other,647(F)DK,647,0,all,All-source population only; outside the selected statute-family indicators,7763,7763,https://leginfo.legislature.ca.gov/faces/codes_displaySection.xhtml?lawCode=PEN&sectionNum=647.
HS,11350(A),POSS NARCOTIC CONTROLLED SUBS (M),other,11350(A),11350,0,all|drug,drug: explicit HS numeric statute family 11350,6678,6632,https://leginfo.legislature.ca.gov/faces/codes_displaySection.xhtml?lawCode=HSC&sectionNum=11350.
PC,978.5,FELONY BENCH WARRANT (OUR AGENCY),other,978.5,978.5,0,all,All-source population only; outside the selected statute-family indicators,6641,6601,https://leginfo.legislature.ca.gov/faces/codes_displaySection.xhtml?lawCode=PEN&sectionNum=978.5.
ZZ,OUT WARRANT,FELONY OTHER AGENCY'S WARRANT,other,OUTWARRANT,,0,all,All-source population only; outside the selected statute-family indicators,6201,6177,
VC,23152A,DUI ALCOHOL (M),other,23152A,23152,0,all|driving,driving: explicit VC numeric statute family 23152,6163,6161,https://leginfo.legislature.ca.gov/faces/codes_displaySection.xhtml?lawCode=VEH&sectionNum=23152.
ZZ,OUT WARRANT,MISDEMEANOR OTHER AGENCY'S WARRANT,other,OUTWARRANT,,0,all,All-source population only; outside the selected statute-family indicators,6134,6121,
HS,11550(A),USE/UNDER INFL OF CONTROLLED SUBS (M),other,11550(A),11550,0,all|drug,drug: explicit HS numeric statute family 11550,5791,5774,https://leginfo.legislature.ca.gov/faces/codes_displaySection.xhtml?lawCode=HSC&sectionNum=11550.
PC,243(E)(1),BATTERY:SPOUSE/EX SPOUSE/DATE/ETC (M),core_dv,243(E)(1),243,0,all|core,Core DV: existing reviewed exact charge classification,5746,5746,https://leginfo.legislature.ca.gov/faces/codes_displaySection.xhtml?lawCode=PEN&sectionNum=243.
VC,23152B,DUI ALC/0.08 PERCENT (M),other,23152B,23152,0,all|driving,driving: explicit VC numeric statute family 23152,5445,5444,https://leginfo.legislature.ca.gov/faces/codes_displaySection.xhtml?lawCode=VEH&sectionNum=23152.
PC,273.5A,SPOUSAL/COHABITANT ABUSE WITH MINOR INJURY (F),core_dv,273.5A,273.5,0,all|core,Core DV: existing reviewed exact charge classification,5300,5300,https://leginfo.legislature.ca.gov/faces/codes_displaySection.xhtml?lawCode=PEN&sectionNum=273.5.
PC,978.5,MISDEMEANOR BENCH WARRANT (OUR AGENCY),other,978.5,978.5,0,all,All-source population only; outside the selected statute-family indicators,4991,4970,https://leginfo.legislature.ca.gov/faces/codes_displaySection.xhtml?lawCode=PEN&sectionNum=978.5.
PC,827.1,MISD CITE AND RELEASE ON ACTIVE WARRANT (M),other,827.1,827.1,0,all,All-source population only; outside the selected statute-family indicators,4147,4139,https://leginfo.legislature.ca.gov/faces/codes_displaySection.xhtml?lawCode=PEN&sectionNum=827.1.
PC,148(A)(1),OBSTRUCT/RESIST PEACE OFCR/EMER MED TECH (M),other,148(A)(1),148,0,all,All-source population only; outside the selected statute-family indicators,3745,3723,https://leginfo.legislature.ca.gov/faces/codes_displaySection.xhtml?lawCode=PEN&sectionNum=148.
PC,594(B)(1),VANDALISM ($400 OR MORE) (F),other,594(B)(1),594,0,all|property,property: explicit PC numeric statute family 594,2665,2655,https://leginfo.legislature.ca.gov/faces/codes_displaySection.xhtml?lawCode=PEN&sectionNum=594.
PC,459.5,SHOPLIFTING (M),other,459.5,459.5,0,all|property,property: explicit PC numeric statute family 459.5,2497,2461,https://leginfo.legislature.ca.gov/faces/codes_displaySection.xhtml?lawCode=PEN&sectionNum=459.5.
PC,245A1,ASSAULT W/DEADLY WEAPON:NOT F/ARM (F),ambiguous_related,245A1,245,0,all|violence,violence: explicit PC numeric statute family 245; core-DV charge excluded from this family,2399,2381,https://leginfo.legislature.ca.gov/faces/codes_displaySection.xhtml?lawCode=PEN&sectionNum=245.
HS,11378,POSS CONTROLLED SUBS FOR SALE (F),other,11378,11378,0,all|drug,drug: explicit HS numeric statute family 11378,2351,2311,https://leginfo.legislature.ca.gov/faces/codes_displaySection.xhtml?lawCode=HSC&sectionNum=11378.
PC,3056,VIOLATION PAROLE:FELONY,other,3056,3056,0,all,All-source population only; outside the selected statute-family indicators,2348,2344,https://leginfo.legislature.ca.gov/faces/codes_displaySection.xhtml?lawCode=PEN&sectionNum=3056.
PC,243A,BATTERY ON PERSON (M),ambiguous_related,243A,243,0,all|violence,violence: explicit PC numeric statute family 243; core-DV charge excluded from this family,2336,2315,https://leginfo.legislature.ca.gov/faces/codes_displaySection.xhtml?lawCode=PEN&sectionNum=243.
PC,496D(A),POSS STOLEN VEH/VESSEL (F),other,496D(A),496,0,all|property,property: explicit PC numeric statute family 496,2187,2151,https://leginfo.legislature.ca.gov/faces/codes_displaySection.xhtml?lawCode=PEN&sectionNum=496.
PC,273.6(A),VIOLATE DOMESTIC RELATIONS COURT ORDER (M),dv_labeled_order,273.6(A),273.6,0,all,All-source population only; outside the selected statute-family indicators,1959,1959,https://leginfo.legislature.ca.gov/faces/codes_displaySection.xhtml?lawCode=PEN&sectionNum=273.6.
PC,647(F)DK,DISORD CONDUCT:ALC (M),other,647(F)DK,647,0,all,All-source population only; outside the selected statute-family indicators,1865,1847,https://leginfo.legislature.ca.gov/faces/codes_displaySection.xhtml?lawCode=PEN&sectionNum=647.
PC,182(A)(1),CONSPIRACY:COMMIT CRIME (F),other,182(A)(1),182,0,all,All-source population only; outside the selected statute-family indicators,1758,1609,https://leginfo.legislature.ca.gov/faces/codes_displaySection.xhtml?lawCode=PEN&sectionNum=182.
HS,11351,POSSESS/PURCHASE FOR SALE NARCOTIC/CONTROLLED SUBSTANCE (F),other,11351,11351,0,all|drug,drug: explicit HS numeric statute family 11351,1708,1679,https://leginfo.legislature.ca.gov/faces/codes_displaySection.xhtml?lawCode=HSC&sectionNum=11351.
VC,10851(A),TAKE VEHICLE W/O OWNER'S CONSENT/VEHICLE THEFT (F),other,10851(A),10851,0,all|property,property: explicit VC numeric statute family 10851,1663,1638,https://leginfo.legislature.ca.gov/faces/codes_displaySection.xhtml?lawCode=VEH&sectionNum=10851.
PC,166(A)(4),CONTEMPT OF COURT:DISOBEY COURT ORDER (M),ambiguous_related,166(A)(4),166,0,all,All-source population only; outside the selected statute-family indicators,1611,1601,https://leginfo.legislature.ca.gov/faces/codes_displaySection.xhtml?lawCode=PEN&sectionNum=166.
VC,12500(A),DRVG WITHOUT VALID DRVR'S LIC (M),other,12500(A),12500,0,all|driving,driving: explicit VC numeric statute family 12500,1396,1396,https://leginfo.legislature.ca.gov/faces/codes_displaySection.xhtml?lawCode=VEH&sectionNum=12500.
HS,11379(A),TRANS/ETC CONTROLLED SUBS (F),other,11379(A),11379,0,all|drug,drug: explicit HS numeric statute family 11379,1375,1342,https://leginfo.legislature.ca.gov/faces/codes_displaySection.xhtml?lawCode=HSC&sectionNum=11379.
PC,530.5(A),GET CREDIT/ETC OTHER'S ID (F),other,530.5(A),530.5,0,all|property,property: explicit PC numeric statute family 530.5,1356,1333,https://leginfo.legislature.ca.gov/faces/codes_displaySection.xhtml?lawCode=PEN&sectionNum=530.5.
PC,211,ROBBERY (F),ambiguous_related,211,211,0,all,All-source population only; outside the selected statute-family indicators,1354,1327,https://leginfo.legislature.ca.gov/faces/codes_displaySection.xhtml?lawCode=PEN&sectionNum=211.
PC,459,BURGLARY (COMMERCIAL) (F),other,459,459,0,all|property,property: explicit PC numeric statute family 459,1353,1318,https://leginfo.legislature.ca.gov/faces/codes_displaySection.xhtml?lawCode=PEN&sectionNum=459.
PC,273.5A,SPOUSAL/COHABITANT ABUSE WITH SERIOUS INJURY (F),core_dv,273.5A,273.5,0,all|core,Core DV: existing reviewed exact charge classification,1202,1202,https://leginfo.legislature.ca.gov/faces/codes_displaySection.xhtml?lawCode=PEN&sectionNum=273.5.
HS,11352(A),TRANS/SELL NARCOTIC/CONTROLLED SUBS (F),other,11352(A),11352,0,all|drug,drug: explicit HS numeric statute family 11352,1163,1137,https://leginfo.legislature.ca.gov/faces/codes_displaySection.xhtml?lawCode=HSC&sectionNum=11352.
PC,459,BURGLARY (RESIDENTIAL) (F),other,459,459,0,all|property,property: explicit PC numeric statute family 459,1143,1123,https://leginfo.legislature.ca.gov/faces/codes_displaySection.xhtml?lawCode=PEN&sectionNum=459.
VC,14601.2(A),DRIV W/LIC SUSP/REV W/PRIOR DUI CONV (M),other,14601.2(A),14601.2,0,all|driving,driving: explicit VC numeric statute family 14601.2,1142,1142,https://leginfo.legislature.ca.gov/faces/codes_displaySection.xhtml?lawCode=VEH&sectionNum=14601.2.
PC,466,POSS BURGLARY TOOLS (M),other,466,466,0,all|property,property: explicit PC numeric statute family 466,1078,1053,https://leginfo.legislature.ca.gov/faces/codes_displaySection.xhtml?lawCode=PEN&sectionNum=466.
VC,14601.1(A),DRVG WHILE LIC SUSP OR REVOKED:OTHER REASONS (M),other,14601.1(A),14601.1,0,all|driving,driving: explicit VC numeric statute family 14601.1,1075,1075,https://leginfo.legislature.ca.gov/faces/codes_displaySection.xhtml?lawCode=VEH&sectionNum=14601.1.
PC,245(A)(4),ADW WITH FORCE:POSSIBLE GBI (F),ambiguous_related,245(A)(4),245,0,all|violence,violence: explicit PC numeric statute family 245; core-DV charge excluded from this family,1030,1022,https://leginfo.legislature.ca.gov/faces/codes_displaySection.xhtml?lawCode=PEN&sectionNum=245.
PC,29800(A)(1),FELON/ADDICT/POSSESS/ETC FIREARM (F),other,29800(A)(1),29800,0,all|weapons,weapons: explicit PC numeric statute family 29800,1004,996,https://leginfo.legislature.ca.gov/faces/codes_displaySection.xhtml?lawCode=PEN&sectionNum=29800.
PC,422A,THREATEN CRIME WITH INTENT TO TERRORIZE (F),ambiguous_related,422A,422,0,all|violence,violence: explicit PC numeric statute family 422; core-DV charge excluded from this family,1001,997,https://leginfo.legislature.ca.gov/faces/codes_displaySection.xhtml?lawCode=PEN&sectionNum=422.
PC,30305(A)(1),PROHIBITED PERSON OWN/POSSESS/ETC AMMUNITION/ETC (F),other,30305(A)(1),30305,0,all|weapons,weapons: explicit PC numeric statute family 30305,999,993,https://leginfo.legislature.ca.gov/faces/codes_displaySection.xhtml?lawCode=PEN&sectionNum=30305.
PC,594(B)(2)(A),VANDALISM [$400 OR LESS] (M),other,594(B)(2)(A),594,0,all|property,property: explicit PC numeric statute family 594,959,957,https://leginfo.legislature.ca.gov/faces/codes_displaySection.xhtml?lawCode=PEN&sectionNum=594.
VC,10851(A),OTHER AGENCY VEHICLE THEFT/RECOVERY (F),other,10851(A),10851,0,all|property,property: explicit VC numeric statute family 10851,936,936,https://leginfo.legislature.ca.gov/faces/codes_displaySection.xhtml?lawCode=VEH&sectionNum=10851.
PC,166(C)(1),CONTEMPT OF COURT:VIOLATE PROTECTIVE ORDER (M),ambiguous_related,166(C)(1),166,0,all,All-source population only; outside the selected statute-family indicators,918,918,https://leginfo.legislature.ca.gov/faces/codes_displaySection.xhtml?lawCode=PEN&sectionNum=166.
PC,69,OBSTRUCT/RESIST EXECUTIVE OFFICER WITH MINOR INJURY (F),other,69,69,0,all,All-source population only; outside the selected statute-family indicators,918,918,https://leginfo.legislature.ca.gov/faces/codes_displaySection.xhtml?lawCode=PEN&sectionNum=69.
PC,488,PETTY THEFT(Shoplift) (M),other,488,488,0,all|property,property: explicit PC numeric statute family 488,899,890,https://leginfo.legislature.ca.gov/faces/codes_displaySection.xhtml?lawCode=PEN&sectionNum=488.
PC,273.6(A),VIOLATE DOMESTIC VIOLENCE COURT ORDER (M),dv_labeled_order,273.6(A),273.6,0,all,All-source population only; outside the selected statute-family indicators,859,859,https://leginfo.legislature.ca.gov/faces/codes_displaySection.xhtml?lawCode=PEN&sectionNum=273.6.
PC,647(F)DK,DISORDERLY CONDUCT:INTOX DRUG WITH ALCOHOL (M),other,647(F)DK,647,0,all,All-source population only; outside the selected statute-family indicators,840,819,https://leginfo.legislature.ca.gov/faces/codes_displaySection.xhtml?lawCode=PEN&sectionNum=647.
PC,21310,CARRY CONCEALED DIRK OR DAGGER (F),other,21310,21310,0,all|weapons,weapons: explicit PC numeric statute family 21310,832,832,https://leginfo.legislature.ca.gov/faces/codes_displaySection.xhtml?lawCode=PEN&sectionNum=21310.
VC,20002(A),HIT AND RUN:PROP DAMAGE (M),other,20002(A),20002,0,all|driving,driving: explicit VC numeric statute family 20002,823,823,https://leginfo.legislature.ca.gov/faces/codes_displaySection.xhtml?lawCode=VEH&sectionNum=20002.
VC,23152(F),DUI DRUG (M),other,23152(F),23152,0,all|driving,driving: explicit VC numeric statute family 23152,823,823,https://leginfo.legislature.ca.gov/faces/codes_displaySection.xhtml?lawCode=VEH&sectionNum=23152.
VC,4000(A)(1),EXPIRED REGISTRATION (I),other,4000(A)(1),4000,0,all,All-source population only; outside the selected statute-family indicators,809,809,https://leginfo.legislature.ca.gov/faces/codes_displaySection.xhtml?lawCode=VEH&sectionNum=4000.
PC,3455,PRCS VIOLATION,other,3455,3455,0,all,All-source population only; outside the selected statute-family indicators,789,787,https://leginfo.legislature.ca.gov/faces/codes_displaySection.xhtml?lawCode=PEN&sectionNum=3455.
PC,273A(A),WILLFUL CRUELTY TO CHILD WITHOUT INJURY OR DEATH (F),ambiguous_related,273A(A),273,0,all,All-source population only; outside the selected statute-family indicators,723,723,https://leginfo.legislature.ca.gov/faces/codes_displaySection.xhtml?lawCode=PEN&sectionNum=273.
PC,496(A),RECEIVE/ETC KNOWN STOLEN PROPERTY (F),other,496(A),496,0,all|property,property: explicit PC numeric statute family 496,679,662,https://leginfo.legislature.ca.gov/faces/codes_displaySection.xhtml?lawCode=PEN&sectionNum=496.
VC,23578,EXCESSIVE BLOOD ALC OR REFUSAL TO TAKE CHEMICAL TESTING: ENHANCED PENALTIES (I),other,23578,23578,0,all|driving,driving: explicit VC numeric statute family 23578,657,657,https://leginfo.legislature.ca.gov/faces/codes_displaySection.xhtml?lawCode=VEH&sectionNum=23578.
PC,242,SIMPLE BATTERY (M),ambiguous_related,242,242,0,all|violence,violence: explicit PC numeric statute family 242; core-DV charge excluded from this family,644,643,https://leginfo.legislature.ca.gov/faces/codes_displaySection.xhtml?lawCode=PEN&sectionNum=242.
PC,496(A),RECEIVE/ETC KNOWN STOLEN PROPERTY [$950 OR LESS] (M),other,496(A),496,0,all|property,property: explicit PC numeric statute family 496,637,634,https://leginfo.legislature.ca.gov/faces/codes_displaySection.xhtml?lawCode=PEN&sectionNum=496.
VC,4462.5,UNLAWFUL DISPLAY OF REG:INTENT NON-COMPLIANCE (M),other,4462.5,4462.5,0,all,All-source population only; outside the selected statute-family indicators,621,621,https://leginfo.legislature.ca.gov/faces/codes_displaySection.xhtml?lawCode=VEH&sectionNum=4462.5.
VC,2800.2(A),EVADE PEACE OFCR WITH WANTON DISREGARD FOR SAFETY (F),other,2800.2(A),2800.2,0,all|driving,driving: explicit VC numeric statute family 2800.2,586,586,https://leginfo.legislature.ca.gov/faces/codes_displaySection.xhtml?lawCode=VEH&sectionNum=2800.2.
PC,148.9(A),FALSE IDENT TO PEACE OFCR (M),other,148.9(A),148.9,0,all,All-source population only; outside the selected statute-family indicators,573,571,https://leginfo.legislature.ca.gov/faces/codes_displaySection.xhtml?lawCode=PEN&sectionNum=148.9.
HS,11375(B)(2),POSS CNTL SUB W/O PRESCRIPTION (M),other,11375(B)(2),11375,0,all|drug,drug: explicit HS numeric statute family 11375,559,555,https://leginfo.legislature.ca.gov/faces/codes_displaySection.xhtml?lawCode=HSC&sectionNum=11375.
PC,273A(B),WILLFUL CRUELTY TO CHILD NO GBI (M),ambiguous_related,273A(B),273,0,all,All-source population only; outside the selected statute-family indicators,549,546,https://leginfo.legislature.ca.gov/faces/codes_displaySection.xhtml?lawCode=PEN&sectionNum=273.
PC,243D,BATTERY W/SER BODILY INJURY (F),ambiguous_related,243D,243,0,all|violence,violence: explicit PC numeric statute family 243; core-DV charge excluded from this family,538,526,https://leginfo.legislature.ca.gov/faces/codes_displaySection.xhtml?lawCode=PEN&sectionNum=243.
VC,23154(A),OPERATE MOTOR VEHICLE W/0.01% OR MORE BAC WHILE ON PROBATION FOR DUI (I),other,23154(A),23154,0,all|driving,driving: explicit VC numeric statute family 23154,538,538,https://leginfo.legislature.ca.gov/faces/codes_displaySection.xhtml?lawCode=VEH&sectionNum=23154.
PC,69(A),OBSTRUCT/RESIST EXECUTIVE OFFICER WITH MINOR INJURY (F),other,69(A),69,0,all,All-source population only; outside the selected statute-family indicators,534,534,https://leginfo.legislature.ca.gov/faces/codes_displaySection.xhtml?lawCode=PEN&sectionNum=69.
PC,602,TRESPASSING (M),other,602,602,0,all,All-source population only; outside the selected statute-family indicators,509,503,https://leginfo.legislature.ca.gov/faces/codes_displaySection.xhtml?lawCode=PEN&sectionNum=602.
PC,368(B)(1),CAUSE HARM/DEATH OF ELDER /DEPENDENT ADULT (F),ambiguous_related,368(B)(1),368,0,all,All-source population only; outside the selected statute-family indicators,492,491,https://leginfo.legislature.ca.gov/faces/codes_displaySection.xhtml?lawCode=PEN&sectionNum=368.
VC,23152(G),DUI ALCOHOL/DRUG (M),other,23152(G),23152,0,all|driving,driving: explicit VC numeric statute family 23152,486,486,https://leginfo.legislature.ca.gov/faces/codes_displaySection.xhtml?lawCode=VEH&sectionNum=23152.
PC,273A(A),WILLFUL CRUELTY TO CHILD: WITH INJURY/DEATH (F),ambiguous_related,273A(A),273,0,all,All-source population only; outside the selected statute-family indicators,464,452,https://leginfo.legislature.ca.gov/faces/codes_displaySection.xhtml?lawCode=PEN&sectionNum=273.
PC,459,BURGLARY (VEHICLE) (F),other,459,459,0,all|property,property: explicit PC numeric statute family 459,464,454,https://leginfo.legislature.ca.gov/faces/codes_displaySection.xhtml?lawCode=PEN&sectionNum=459.
PC,4573.6,POSS CONTROLLED SUBS IN PRISON/JAIL (F),other,4573.6,4573.6,0,all,All-source population only; outside the selected statute-family indicators,435,435,https://leginfo.legislature.ca.gov/faces/codes_displaySection.xhtml?lawCode=PEN&sectionNum=4573.6.
PC,487(A),GRAND THEFT (Shoplifting) (F),other,487(A),487,0,all|property,property: explicit PC numeric statute family 487,430,413,https://leginfo.legislature.ca.gov/faces/codes_displaySection.xhtml?lawCode=PEN&sectionNum=487.
PC,4573,BRING CONTROLLED SUBS INTO PRISON/JAIL (F),other,4573,4573,0,all,All-source population only; outside the selected statute-family indicators,424,420,https://leginfo.legislature.ca.gov/faces/codes_displaySection.xhtml?lawCode=PEN&sectionNum=4573.
PC,487(A),GRAND THEFT:MONEY/LABOR/PROPERTY (F),other,487(A),487,0,all|property,property: explicit PC numeric statute family 487,411,399,https://leginfo.legislature.ca.gov/faces/codes_displaySection.xhtml?lawCode=PEN&sectionNum=487.
PC,647(F)DK,DISORDERLY CONDUCT:UNDER INFLUENCE OF DRUG (M),other,647(F)DK,647,0,all,All-source population only; outside the selected statute-family indicators,400,394,https://leginfo.legislature.ca.gov/faces/codes_displaySection.xhtml?lawCode=PEN&sectionNum=647.
PC,22210,MANUFACTURE/SALE/POSSESS/ETC LEADED CANE/BILLY/ETC (F),other,22210,22210,0,all|weapons,weapons: explicit PC numeric statute family 22210,398,397,https://leginfo.legislature.ca.gov/faces/codes_displaySection.xhtml?lawCode=PEN&sectionNum=22210.
PC,22810(A),UNLAWFUL POSSESS/USE TEAR GAS OR TEAR GAS WEAPON:EX FEL/ETC (M),other,22810(A),22810,0,all|weapons,weapons: explicit PC numeric statute family 22810,390,390,https://leginfo.legislature.ca.gov/faces/codes_displaySection.xhtml?lawCode=PEN&sectionNum=22810.
PC,417A1,EXHIBIT DEADLY WEAPON OTHER THAN FIREARM (M),other,417A1,417,0,all|weapons,weapons: explicit PC numeric statute family 417,388,388,https://leginfo.legislature.ca.gov/faces/codes_displaySection.xhtml?lawCode=PEN&sectionNum=417.
VC,12500(A),DRVG WITHOUT VALID DRVR'S LIC (I),other,12500(A),12500,0,all|driving,driving: explicit VC numeric statute family 12500,379,378,https://leginfo.legislature.ca.gov/faces/codes_displaySection.xhtml?lawCode=VEH&sectionNum=12500.
HS,11350(A),POSS NARCOTIC CONTROLLED SUBS (F),other,11350(A),11350,0,all|drug,drug: explicit HS numeric statute family 11350,372,370,https://leginfo.legislature.ca.gov/faces/codes_displaySection.xhtml?lawCode=HSC&sectionNum=11350.
PC,4573.6(A),POSS CONTROLLED SUBS IN PRISON/JAIL (F),other,4573.6(A),4573.6,0,all,All-source population only; outside the selected statute-family indicators,352,342,https://leginfo.legislature.ca.gov/faces/codes_displaySection.xhtml?lawCode=PEN&sectionNum=4573.6.
VC,16028A,FAIL TO PROVE FIN RESPONSIBILITY:PEACE OFCR REQUEST (I),other,16028A,16028,0,all,All-source population only; outside the selected statute-family indicators,346,346,https://leginfo.legislature.ca.gov/faces/codes_displaySection.xhtml?lawCode=VEH&sectionNum=16028.
PC,236,FALSE IMPRISON W/VIOL/MENACE/FRAUD/DECEIT (F),ambiguous_related,236,236,0,all,All-source population only; outside the selected statute-family indicators,344,343,https://leginfo.legislature.ca.gov/faces/codes_displaySection.xhtml?lawCode=PEN&sectionNum=236.
PC,485,APPROPRIATE LOST PROPERTY ($950 OR LESS) (M),other,485,485,0,all|property,property: explicit PC numeric statute family 485,342,342,https://leginfo.legislature.ca.gov/faces/codes_displaySection.xhtml?lawCode=PEN&sectionNum=485.
HS,11370.1(A),POSS CONT SUBS WHILE ARMED W/LOADED FIREARM (F),other,11370.1(A),11370.1,0,all|drug,drug: explicit HS numeric statute family 11370.1,340,334,https://leginfo.legislature.ca.gov/faces/codes_displaySection.xhtml?lawCode=HSC&sectionNum=11370.1.
PC,290.018(B),FAIL REGISTER WITH FELONY SEX OFFENDER PRIOR CONVICTION (F),other,290.018(B),290.018,0,all,All-source population only; outside the selected statute-family indicators,337,337,https://leginfo.legislature.ca.gov/faces/codes_displaySection.xhtml?lawCode=PEN&sectionNum=290.018.
PC,591.5,OBSTRUCT USE OF ANY WIRELESS COMMUNICATION DEVICE (M),ambiguous_related,591.5,591.5,0,all,All-source population only; outside the selected statute-family indicators,335,335,https://leginfo.legislature.ca.gov/faces/codes_displaySection.xhtml?lawCode=PEN&sectionNum=591.5.
PC,368(B)(1),LIKELY TO CAUSE HARM/DEATH OF ELDER /DEPENDENT ADULT (F),ambiguous_related,368(B)(1),368,0,all,All-source population only; outside the selected statute-family indicators,332,332,https://leginfo.legislature.ca.gov/faces/codes_displaySection.xhtml?lawCode=PEN&sectionNum=368.
PC,368C,ELDER ABUSE/NEGLECT (M),ambiguous_related,368C,368,0,all,All-source population only; outside the selected statute-family indicators,325,325,https://leginfo.legislature.ca.gov/faces/codes_displaySection.xhtml?lawCode=PEN&sectionNum=368.
PC,488,PETTY THEFT(All Other Larceny) (M),other,488,488,0,all|property,property: explicit PC numeric statute family 488,320,317,https://leginfo.legislature.ca.gov/faces/codes_displaySection.xhtml?lawCode=PEN&sectionNum=488.
PC,1203.2(A),PROBATION VIOLATION:REARREST/REVOKE,other,1203.2(A),1203.2,0,all,All-source population only; outside the selected statute-family indicators,314,309,https://leginfo.legislature.ca.gov/faces/codes_displaySection.xhtml?lawCode=PEN&sectionNum=1203.2.
VC,23153(A),DUI ALCOHOL:CAUSING BODILY INJURY (F),other,23153(A),23153,0,all|driving,driving: explicit VC numeric statute family 23153,307,307,https://leginfo.legislature.ca.gov/faces/codes_displaySection.xhtml?lawCode=VEH&sectionNum=23153.
PC,25850(A),CARRY LOADED FIREARM ON/IN PERSON/VEHICLE:PUBLIC PLACE (M),other,25850(A),25850,0,all|weapons,weapons: explicit PC numeric statute family 25850,304,299,https://leginfo.legislature.ca.gov/faces/codes_displaySection.xhtml?lawCode=PEN&sectionNum=25850.
HS,11377(A),POSS CONTROLLED SUBS (F),other,11377(A),11377,0,all|drug,drug: explicit HS numeric statute family 11377,286,280,https://leginfo.legislature.ca.gov/faces/codes_displaySection.xhtml?lawCode=HSC&sectionNum=11377.
PC,25850(C)(6),CARRY LOADED HANDGUN:NOT REGISTERED OWNER (F),other,25850(C)(6),25850,0,all|weapons,weapons: explicit PC numeric statute family 25850,282,274,https://leginfo.legislature.ca.gov/faces/codes_displaySection.xhtml?lawCode=PEN&sectionNum=25850.
PC,530.5(C)(2),USE OTHERS ID WITH INTENT DEFRAUD:WITH PRIOR CONVICTION (F),other,530.5(C)(2),530.5,0,all|property,property: explicit PC numeric statute family 530.5,279,275,https://leginfo.legislature.ca.gov/faces/codes_displaySection.xhtml?lawCode=PEN&sectionNum=530.5.
HS,11359(B),POSSESS MARIJUANA FOR SALE (M),other,11359(B),11359,0,all|drug,drug: explicit HS numeric statute family 11359,274,274,https://leginfo.legislature.ca.gov/faces/codes_displaySection.xhtml?lawCode=HSC&sectionNum=11359.
HS,11395(B)(1),TREATMENT-MANDATED FELONY HARD DRUGS W/2 OR MORE PRIOR CONVICTIONS (F),other,11395(B)(1),11395,0,all|drug,drug: explicit HS numeric statute family 11395,266,260,https://leginfo.legislature.ca.gov/faces/codes_displaySection.xhtml?lawCode=HSC&sectionNum=11395.
PC,182(A)(1),CONSPIRACY:COMMIT CRIME (M),other,182(A)(1),182,0,all,All-source population only; outside the selected statute-family indicators,265,247,https://leginfo.legislature.ca.gov/faces/codes_displaySection.xhtml?lawCode=PEN&sectionNum=182.
PC,21810,MANUFACTURE/SALE/POSSESS/ETC METAL KNUCKLES (F),other,21810,21810,0,all|weapons,weapons: explicit PC numeric statute family 21810,265,264,https://leginfo.legislature.ca.gov/faces/codes_displaySection.xhtml?lawCode=PEN&sectionNum=21810.
VC,23153(B),DUI .08 ALC:CAUSING BODILY INJ (F),other,23153(B),23153,0,all|driving,driving: explicit VC numeric statute family 23153,253,253,https://leginfo.legislature.ca.gov/faces/codes_displaySection.xhtml?lawCode=VEH&sectionNum=23153.
PC,647(E),DISORDERLY CONDUCT:LODGE WITHOUT CONSENT (M),other,647(E),647,0,all,All-source population only; outside the selected statute-family indicators,251,212,https://leginfo.legislature.ca.gov/faces/codes_displaySection.xhtml?lawCode=PEN&sectionNum=647.
PC,488,PETTY THEFT(from Veh) (M),other,488,488,0,all|property,property: explicit PC numeric statute family 488,250,247,https://leginfo.legislature.ca.gov/faces/codes_displaySection.xhtml?lawCode=PEN&sectionNum=488.
PC,245A2,ADW:ASSAULT WITH FIREARM ON PERS (F),ambiguous_related,245A2,245,0,all|violence,violence: explicit PC numeric statute family 245; core-DV charge excluded from this family,245,244,https://leginfo.legislature.ca.gov/faces/codes_displaySection.xhtml?lawCode=PEN&sectionNum=245.
VC,14601(A),DRVG WHILE LIC SUSP OR REVOKED (M),other,14601(A),14601,0,all|driving,driving: explicit VC numeric statute family 14601,242,242,https://leginfo.legislature.ca.gov/faces/codes_displaySection.xhtml?lawCode=VEH&sectionNum=14601.
PC,487(A),GRAND THEFT (Theft From Building) (F),other,487(A),487,0,all|property,property: explicit PC numeric statute family 487,239,233,https://leginfo.legislature.ca.gov/faces/codes_displaySection.xhtml?lawCode=PEN&sectionNum=487.
HS,11366,KEEP PLACE TO SELL/ETC NARCOTIC CNTL SUBSTANCE (F),other,11366,11366,0,all|drug,drug: explicit HS numeric statute family 11366,236,233,https://leginfo.legislature.ca.gov/faces/codes_displaySection.xhtml?lawCode=HSC&sectionNum=11366.
PC,1551(A),FUGITIVE FROM JUSTICE:WARRANT ARREST (F),other,1551(A),1551,0,all,All-source population only; outside the selected statute-family indicators,231,231,https://leginfo.legislature.ca.gov/faces/codes_displaySection.xhtml?lawCode=PEN&sectionNum=1551.
PC,21510(B),CARRY SWITCHBLADE KNIFE ON PERSON (M),ambiguous_related,21510(B),21510,0,all|weapons,weapons: explicit PC numeric statute family 21510,228,228,https://leginfo.legislature.ca.gov/faces/codes_displaySection.xhtml?lawCode=PEN&sectionNum=21510.
PC,69,THREATEN EXECUTIVE OFFICER WITH VIOLENCE (F),other,69,69,0,all,All-source population only; outside the selected statute-family indicators,227,227,https://leginfo.legislature.ca.gov/faces/codes_displaySection.xhtml?lawCode=PEN&sectionNum=69.
PC,25400(A)(1),CARRY CONCEALED WEAPON IN VEHICLE (F),other,25400(A)(1),25400,0,all|weapons,weapons: explicit PC numeric statute family 25400,224,220,https://leginfo.legislature.ca.gov/faces/codes_displaySection.xhtml?lawCode=PEN&sectionNum=25400.
PC,22610(A),FELON POSSESS/BUY/USE STUN GUN (M),other,22610(A),22610,0,all|weapons,weapons: explicit PC numeric statute family 22610,220,220,https://leginfo.legislature.ca.gov/faces/codes_displaySection.xhtml?lawCode=PEN&sectionNum=22610.
PC,243B,BATTERY ON PEACE OFFICER/EMERGENCY PERSONNEL/ETC (M),ambiguous_related,243B,243,0,all|violence,violence: explicit PC numeric statute family 243; core-DV charge excluded from this family,211,211,https://leginfo.legislature.ca.gov/faces/codes_displaySection.xhtml?lawCode=PEN&sectionNum=243.
PC,488,PETTY THEFT(from Building) (M),other,488,488,0,all|property,property: explicit PC numeric statute family 488,211,210,https://leginfo.legislature.ca.gov/faces/codes_displaySection.xhtml?lawCode=PEN&sectionNum=488.
PC,647 (B)(2),DISORDERLY CONDUCT: PROSTITUTION - COMPENSATION FOR SEX (M),other,647(B)(2),647,0,all,All-source population only; outside the selected statute-family indicators,211,211,https://leginfo.legislature.ca.gov/faces/codes_displaySection.xhtml?lawCode=PEN&sectionNum=647.
VC,2800.1(A),EVADING PEACE OFFICER (M),other,2800.1(A),2800.1,0,all|driving,driving: explicit VC numeric statute family 2800.1,208,208,https://leginfo.legislature.ca.gov/faces/codes_displaySection.xhtml?lawCode=VEH&sectionNum=2800.1.
PC,530.5(C)(1),POSSESS PERSONAL IDENTIFYING INFO WITH INTENT TO DEFRAUD (M),other,530.5(C)(1),530.5,0,all|property,property: explicit PC numeric statute family 530.5,207,202,https://leginfo.legislature.ca.gov/faces/codes_displaySection.xhtml?lawCode=PEN&sectionNum=530.5.
PC,4573.8,POSS DRUGS/ALCOHOLIC BEVERAGE IN PRISON/JAIL (F),other,4573.8,4573.8,0,all,All-source population only; outside the selected statute-family indicators,205,201,https://leginfo.legislature.ca.gov/faces/codes_displaySection.xhtml?lawCode=PEN&sectionNum=4573.8.
PC,664/187(A),ATTEMPTED MURDER (F),other,664/187(A),187,1,all,All-source population only; outside the selected statute-family indicators,203,202,https://leginfo.legislature.ca.gov/faces/codes_displaySection.xhtml?lawCode=PEN&sectionNum=187.
PC,135,DESTROY/CONCEAL EVIDENCE (M),other,135,135,0,all,All-source population only; outside the selected statute-family indicators,201,201,https://leginfo.legislature.ca.gov/faces/codes_displaySection.xhtml?lawCode=PEN&sectionNum=135.
PC,186.22(B)(1),PROMOTE/ASSIST FELONY CRIMINAL STREET GANG (F),other,186.22(B)(1),186.22,0,all,All-source population only; outside the selected statute-family indicators,195,189,https://leginfo.legislature.ca.gov/faces/codes_displaySection.xhtml?lawCode=PEN&sectionNum=186.22.
PC,496(D),ATTEMPT TO COMMIT 496 PC:STOLEN PROP (F),other,496(D),496,0,all|property,property: explicit PC numeric statute family 496,195,192,https://leginfo.legislature.ca.gov/faces/codes_displaySection.xhtml?lawCode=PEN&sectionNum=496.
VC,23103,RECKLESS DRVG:HWY (M),other,23103,23103,0,all|driving,driving: explicit VC numeric statute family 23103,190,190,https://leginfo.legislature.ca.gov/faces/codes_displaySection.xhtml?lawCode=VEH&sectionNum=23103.
PC,529(A),FALSE PERSONATION OF ANOTHER:SPEC CIRC (F),other,529(A),529,0,all,All-source population only; outside the selected statute-family indicators,187,186,https://leginfo.legislature.ca.gov/faces/codes_displaySection.xhtml?lawCode=PEN&sectionNum=529.
PC,602(M),TRESPASS:OCCUPY REAL PROPERTY W/O OWNER CONSENT (M),other,602(M),602,0,all,All-source population only; outside the selected statute-family indicators,186,182,https://leginfo.legislature.ca.gov/faces/codes_displaySection.xhtml?lawCode=PEN&sectionNum=602.
PC,470(D),FORGERY:FALSE CHECKS/RECORDS/CERTIFICATES (F),other,470(D),470,0,all|property,property: explicit PC numeric statute family 470,185,183,https://leginfo.legislature.ca.gov/faces/codes_displaySection.xhtml?lawCode=PEN&sectionNum=470.
PC,530.5(C)(3),POSSESS ID OF 10 OR MORE PERSONS WITH INTENT TO DEFRAUD (F),other,530.5(C)(3),530.5,0,all|property,property: explicit PC numeric statute family 530.5,180,176,https://leginfo.legislature.ca.gov/faces/codes_displaySection.xhtml?lawCode=PEN&sectionNum=530.5.
PC,529(A)(3),PERSONATE TO MAKE OTHER LIABLE (F),other,529(A)(3),529,0,all,All-source population only; outside the selected statute-family indicators,177,177,https://leginfo.legislature.ca.gov/faces/codes_displaySection.xhtml?lawCode=PEN&sectionNum=529.
HS,11377(A),POSSESS CONTROLLED SUBSTANCE,other,11377(A),11377,0,all|drug,drug: explicit HS numeric statute family 11377,175,167,https://leginfo.legislature.ca.gov/faces/codes_displaySection.xhtml?lawCode=HSC&sectionNum=11377.
PC,4571,FELON ON PRISON/JAIL GROUNDS (F),other,4571,4571,0,all,All-source population only; outside the selected statute-family indicators,172,167,https://leginfo.legislature.ca.gov/faces/codes_displaySection.xhtml?lawCode=PEN&sectionNum=4571.
PC,4574(A),SEND/BRING WEAP/TEAR GAS INTO PRISON/JAIL (F),other,4574(A),4574,0,all,All-source population only; outside the selected statute-family indicators,172,170,https://leginfo.legislature.ca.gov/faces/codes_displaySection.xhtml?lawCode=PEN&sectionNum=4574.
PC,487(A),GRAND THEFT (Theft From Mot Veh) (F),other,487(A),487,0,all|property,property: explicit PC numeric statute family 487,172,166,https://leginfo.legislature.ca.gov/faces/codes_displaySection.xhtml?lawCode=PEN&sectionNum=487.
PC,476,MAKE/PASS/PUBLISH FICTITIOUS CHECK/BILL/NOTE (F),other,476,476,0,all|property,property: explicit PC numeric statute family 476,170,168,https://leginfo.legislature.ca.gov/faces/codes_displaySection.xhtml?lawCode=PEN&sectionNum=476.
PC,207(A),KIDNAPPING (F),ambiguous_related,207(A),207,0,all,All-source population only; outside the selected statute-family indicators,169,166,https://leginfo.legislature.ca.gov/faces/codes_displaySection.xhtml?lawCode=PEN&sectionNum=207.
PC,236,FALSE IMPRISONMENT (M),ambiguous_related,236,236,0,all,All-source population only; outside the selected statute-family indicators,168,168,https://leginfo.legislature.ca.gov/faces/codes_displaySection.xhtml?lawCode=PEN&sectionNum=236.
PC,21510(A),POSSESS SWITCHBLADE IN VEHICLE (M),ambiguous_related,21510(A),21510,0,all|weapons,weapons: explicit PC numeric statute family 21510,166,166,https://leginfo.legislature.ca.gov/faces/codes_displaySection.xhtml?lawCode=PEN&sectionNum=21510.
HS,11364,POSS CONTROLLED SUBS PARAPHERNALIA,other,11364,11364,0,all|drug,drug: explicit HS numeric statute family 11364,162,150,https://leginfo.legislature.ca.gov/faces/codes_displaySection.xhtml?lawCode=HSC&sectionNum=11364.
PC,245(A)(4),ADW WITH FORCE:POSSIBLE GBI (M),ambiguous_related,245(A)(4),245,0,all|violence,violence: explicit PC numeric statute family 245; core-DV charge excluded from this family,159,155,https://leginfo.legislature.ca.gov/faces/codes_displaySection.xhtml?lawCode=PEN&sectionNum=245.
PC,186.22(A),PARTICIPATE IN CRIMINAL STREET GANG (F),other,186.22(A),186.22,0,all,All-source population only; outside the selected statute-family indicators,157,146,https://leginfo.legislature.ca.gov/faces/codes_displaySection.xhtml?lawCode=PEN&sectionNum=186.22.
HS,11366.8(B),USE FALSE COMPARTMENT TO STORE CONT SUBS (F),other,11366.8(B),11366.8,0,all|drug,drug: explicit HS numeric statute family 11366.8,155,150,https://leginfo.legislature.ca.gov/faces/codes_displaySection.xhtml?lawCode=HSC&sectionNum=11366.8.
VC,20001(A),HIT AND RUN RESULTING IN DEATH OR INJURY(IBR 90Z),other,20001(A),20001,0,all|driving,driving: explicit VC numeric statute family 20001,155,155,https://leginfo.legislature.ca.gov/faces/codes_displaySection.xhtml?lawCode=VEH&sectionNum=20001.
PC,602(O),TRESPASS:REFUSE TO LEAVE PROPERTY:PEACE OFFICER REQUEST (M),other,602(O),602,0,all,All-source population only; outside the selected statute-family indicators,151,145,https://leginfo.legislature.ca.gov/faces/codes_displaySection.xhtml?lawCode=PEN&sectionNum=602.
VC,10855,EMBEZZLE LEASED/RENTED VEH (F),other,10855,10855,0,all|property,property: explicit VC numeric statute family 10855,151,151,https://leginfo.legislature.ca.gov/faces/codes_displaySection.xhtml?lawCode=VEH&sectionNum=10855.
PC,69(A),THREATEN EXECUTIVE OFFICER WITH VIOLENCE (F),other,69(A),69,0,all,All-source population only; outside the selected statute-family indicators,145,145,https://leginfo.legislature.ca.gov/faces/codes_displaySection.xhtml?lawCode=PEN&sectionNum=69.
PC,25850(C)(1),CARRY LOADED FIREARM WITH PRIOR FELONY CONVICTION (F),other,25850(C)(1),25850,0,all|weapons,weapons: explicit PC numeric statute family 25850,139,138,https://leginfo.legislature.ca.gov/faces/codes_displaySection.xhtml?lawCode=PEN&sectionNum=25850.
VC,23136,DUI:UNDER 21YR W/BA.01 (ZERO TOLERANCE) (I),other,23136,23136,0,all|driving,driving: explicit VC numeric statute family 23136,137,137,https://leginfo.legislature.ca.gov/faces/codes_displaySection.xhtml?lawCode=VEH&sectionNum=23136.
PC,32310(A),MANUFACTURE/SALE/POSSESS/ETC LARGE CAPACITY MAGAZINE (F),other,32310(A),32310,0,all|weapons,weapons: explicit PC numeric statute family 32310,132,128,https://leginfo.legislature.ca.gov/faces/codes_displaySection.xhtml?lawCode=PEN&sectionNum=32310.
HS,11375(B)(1),POSS FOR SALE DESIGNATED CONTROLLED SUBSTANCE (F),other,11375(B)(1),11375,0,all|drug,drug: explicit HS numeric statute family 11375,130,126,https://leginfo.legislature.ca.gov/faces/codes_displaySection.xhtml?lawCode=HSC&sectionNum=11375.
PC,243(C)(2),BATTERY AGAINST POLICE OFFICER WITH MINOR INJURY (F),ambiguous_related,243(C)(2),243,0,all|violence,violence: explicit PC numeric statute family 243; core-DV charge excluded from this family,126,126,https://leginfo.legislature.ca.gov/faces/codes_displaySection.xhtml?lawCode=PEN&sectionNum=243.
GC,8665,STATE OF EMERGENCY VIOLATION (M),other,8665,8665,0,all,All-source population only; outside the selected statute-family indicators,123,123,
PC,602(O),TRESPASS:REFUSE TO LEAVE PROPERTY:OWNER REQUEST (M),other,602(O),602,0,all,All-source population only; outside the selected statute-family indicators,123,119,https://leginfo.legislature.ca.gov/faces/codes_displaySection.xhtml?lawCode=PEN&sectionNum=602.
PC,245A1,ASSAULT W/DEADLY WEAPON:NOT F/ARM (M),ambiguous_related,245A1,245,0,all|violence,violence: explicit PC numeric statute family 245; core-DV charge excluded from this family,122,120,https://leginfo.legislature.ca.gov/faces/codes_displaySection.xhtml?lawCode=PEN&sectionNum=245.
PC,29180(C),OWN F/ARM W/O SERIAL NUM (M),other,29180(C),29180,0,all|weapons,weapons: explicit PC numeric statute family 29180,121,118,https://leginfo.legislature.ca.gov/faces/codes_displaySection.xhtml?lawCode=PEN&sectionNum=29180.
PC,32310(C),POSSESS LARGE CAPACITY MAGAZINE (M),other,32310(C),32310,0,all|weapons,weapons: explicit PC numeric statute family 32310,120,120,https://leginfo.legislature.ca.gov/faces/codes_displaySection.xhtml?lawCode=PEN&sectionNum=32310.
VC,23140A,MINOR UNDER 21YR DRIVE W/BAC 0.05 (I),other,23140A,23140,0,all|driving,driving: explicit VC numeric statute family 23140,119,119,https://leginfo.legislature.ca.gov/faces/codes_displaySection.xhtml?lawCode=VEH&sectionNum=23140.
PC,187A,MURDER (F),ambiguous_related,187A,187,0,all,All-source population only; outside the selected statute-family indicators,118,118,https://leginfo.legislature.ca.gov/faces/codes_displaySection.xhtml?lawCode=PEN&sectionNum=187.
PC,243.9A,BATTERY BY GASSING OF PO/DETENTION/INVEST/PROSECUTION EMP (F),ambiguous_related,243.9A,243.9,0,all,All-source population only; outside the selected statute-family indicators,116,116,https://leginfo.legislature.ca.gov/faces/codes_displaySection.xhtml?lawCode=PEN&sectionNum=243.9.
PC,21310,CARRY CONCEALED DIRK OR DAGGER (M),other,21310,21310,0,all|weapons,weapons: explicit PC numeric statute family 21310,114,114,https://leginfo.legislature.ca.gov/faces/codes_displaySection.xhtml?lawCode=PEN&sectionNum=21310.
PC,314.1,INDECENT EXPOSURE (M),other,314.1,314.1,0,all,All-source population only; outside the selected statute-family indicators,112,112,https://leginfo.legislature.ca.gov/faces/codes_displaySection.xhtml?lawCode=PEN&sectionNum=314.1.
PC,646.9(B),STALKING:TEMPORARY RESTRAINING ORDER (F),ambiguous_related,646.9(B),646.9,0,all,All-source population only; outside the selected statute-family indicators,111,111,https://leginfo.legislature.ca.gov/faces/codes_displaySection.xhtml?lawCode=PEN&sectionNum=646.9.
PC,243(E)(1),BATTERY:SPOUSE/EX SPOUSE/DATE/ETC,core_dv,243(E)(1),243,0,all|core,Core DV: existing reviewed exact charge classification,109,109,https://leginfo.legislature.ca.gov/faces/codes_displaySection.xhtml?lawCode=PEN&sectionNum=243.
PC,30605(A),ILLEGALLY POSSESS ANY ASSAULT WEAPON (F),other,30605(A),30605,0,all|weapons,weapons: explicit PC numeric statute family 30605,109,107,https://leginfo.legislature.ca.gov/faces/codes_displaySection.xhtml?lawCode=PEN&sectionNum=30605.
PC,459,BURGLARY (FOR PURPOSE OF FRAUD/FORGERY) (F),other,459,459,0,all|property,property: explicit PC numeric statute family 459,109,107,https://leginfo.legislature.ca.gov/faces/codes_displaySection.xhtml?lawCode=PEN&sectionNum=459.
PC,71,THREATEN SCHOOL/PUBLIC OFCR/EMPLOYEE (F),other,71,71,0,all,All-source population only; outside the selected statute-family indicators,109,109,https://leginfo.legislature.ca.gov/faces/codes_displaySection.xhtml?lawCode=PEN&sectionNum=71.
VC,23152C,ADDICT DRIVE VEH (M),other,23152C,23152,0,all|driving,driving: explicit VC numeric statute family 23152,109,109,https://leginfo.legislature.ca.gov/faces/codes_displaySection.xhtml?lawCode=VEH&sectionNum=23152.
PC,451D,ARSON:PROP (F),other,451D,451,0,all,All-source population only; outside the selected statute-family indicators,108,108,https://leginfo.legislature.ca.gov/faces/codes_displaySection.xhtml?lawCode=PEN&sectionNum=451.
PC,24610,MANUFACTURE/SALE/POSSESS UNDETECTABLE FIREARM (F),ambiguous_related,24610,24610,0,all|weapons,weapons: explicit PC numeric statute family 24610,105,105,https://leginfo.legislature.ca.gov/faces/codes_displaySection.xhtml?lawCode=PEN&sectionNum=24610.
PC,459,BURGLARY (SHOPLIFTING) (F),other,459,459,0,all|property,property: explicit PC numeric statute family 459,104,104,https://leginfo.legislature.ca.gov/faces/codes_displaySection.xhtml?lawCode=PEN&sectionNum=459.
PC,25400(A)(1),CARRY CONCEALED WEAPON IN VEHICLE (M),other,25400(A)(1),25400,0,all|weapons,weapons: explicit PC numeric statute family 25400,99,99,https://leginfo.legislature.ca.gov/faces/codes_displaySection.xhtml?lawCode=PEN&sectionNum=25400.
PC,470(A),FORGERY (F),other,470(A),470,0,all|property,property: explicit PC numeric statute family 470,97,97,https://leginfo.legislature.ca.gov/faces/codes_displaySection.xhtml?lawCode=PEN&sectionNum=470.
PC,288(A),LEWD OR LASCIVIOUS ACTS W/CHILD UNDER 14 YEARS (F),ambiguous_related,288(A),288,0,all,All-source population only; outside the selected statute-family indicators,96,96,https://leginfo.legislature.ca.gov/faces/codes_displaySection.xhtml?lawCode=PEN&sectionNum=288.
VC,5200,TWO PLATES REQUIRED (I),other,5200,5200,0,all,All-source population only; outside the selected statute-family indicators,94,94,https://leginfo.legislature.ca.gov/faces/codes_displaySection.xhtml?lawCode=VEH&sectionNum=5200.
PC,215(A),CARJACKING (F),ambiguous_related,215(A),215,0,all,All-source population only; outside the selected statute-family indicators,91,90,https://leginfo.legislature.ca.gov/faces/codes_displaySection.xhtml?lawCode=PEN&sectionNum=215.
PC,12022.1,COMMIT FEL ON BAIL OR O/R RELEASE (BAIL+),other,12022.1,12022.1,0,all,All-source population only; outside the selected statute-family indicators,90,89,https://leginfo.legislature.ca.gov/faces/codes_displaySection.xhtml?lawCode=PEN&sectionNum=12022.1.
PC,646.9(A),STALKING (F),ambiguous_related,646.9(A),646.9,0,all,All-source population only; outside the selected statute-family indicators,90,89,https://leginfo.legislature.ca.gov/faces/codes_displaySection.xhtml?lawCode=PEN&sectionNum=646.9.
PC,273.6(B),VIOL COURT ORDER TO PREVENT DOMESTIC VIOL W/PHYSICAL INJ (M),dv_labeled_order,273.6(B),273.6,0,all,All-source population only; outside the selected statute-family indicators,88,88,https://leginfo.legislature.ca.gov/faces/codes_displaySection.xhtml?lawCode=PEN&sectionNum=273.6.
PC,647(B)(1),DISORDERLY CONDUCT: PROSTITUTION - SEX FOR COMPENSATION (M),other,647(B)(1),647,0,all,All-source population only; outside the selected statute-family indicators,88,87,https://leginfo.legislature.ca.gov/faces/codes_displaySection.xhtml?lawCode=PEN&sectionNum=647.
BP,25658(A),SELL LIQUOR TO MINOR (M),other,25658(A),25658,0,all,All-source population only; outside the selected statute-family indicators,87,86,
PC,246.3,WILLFUL DISCHARGE OF FIREARM IN A GROSSLY NEGLIGENT MANNER (F),ambiguous_related,246.3,246.3,0,all,All-source population only; outside the selected statute-family indicators,87,86,https://leginfo.legislature.ca.gov/faces/codes_displaySection.xhtml?lawCode=PEN&sectionNum=246.3.
PC,69(A),OBSTRUCT/RESIST EXECUTIVE OFFICER WITH SERIOUS INJURY (F),other,69(A),69,0,all,All-source population only; outside the selected statute-family indicators,87,86,https://leginfo.legislature.ca.gov/faces/codes_displaySection.xhtml?lawCode=PEN&sectionNum=69.
HS,11360(A)(2),SELL/GIVE/TRANSPORT/ETC MARIJUANA - OVER 18 (M),other,11360(A)(2),11360,0,all|drug,drug: explicit HS numeric statute family 11360,86,85,https://leginfo.legislature.ca.gov/faces/codes_displaySection.xhtml?lawCode=HSC&sectionNum=11360.
PC,245C,ADW NOT A FIREARM ON P.O./FIREFIGHTER:GBI LIKELY (F),ambiguous_related,245C,245,0,all|violence,violence: explicit PC numeric statute family 245; core-DV charge excluded from this family,86,86,https://leginfo.legislature.ca.gov/faces/codes_displaySection.xhtml?lawCode=PEN&sectionNum=245.
PC,71(A)(1),THREATEN SCHOOL/PUBLIC OFCR/EMPLOYEE (F),other,71(A)(1),71,0,all,All-source population only; outside the selected statute-family indicators,86,86,https://leginfo.legislature.ca.gov/faces/codes_displaySection.xhtml?lawCode=PEN&sectionNum=71.
PC,4573(A),BRING NARCOTIC PARAPHERNALIA INTO PRISON/JAIL (F),other,4573(A),4573,0,all,All-source population only; outside the selected statute-family indicators,84,84,https://leginfo.legislature.ca.gov/faces/codes_displaySection.xhtml?lawCode=PEN&sectionNum=4573.
FG,5652,DUMP OR ABANDON REFUSE/ETC IN OR NEAR STATE WATERS (M),other,5652,5652,0,all,All-source population only; outside the selected statute-family indicators,83,61,
HS,11357(B)(2),POSSESS MARIJUANA OVER AN OUNCE - OVER 18 (M),other,11357(B)(2),11357,0,all|drug,drug: explicit HS numeric statute family 11357,81,80,https://leginfo.legislature.ca.gov/faces/codes_displaySection.xhtml?lawCode=HSC&sectionNum=11357.
PC,243.4(E)(1),SEXUAL BATTERY (M),ambiguous_related,243.4(E)(1),243.4,0,all|violence,violence: explicit PC numeric statute family 243.4; core-DV charge excluded from this family,81,81,https://leginfo.legislature.ca.gov/faces/codes_displaySection.xhtml?lawCode=PEN&sectionNum=243.4.
PC,272,CONTRIBUTE TO THE DELINQUENCY OF A MINOR (M),other,272,272,0,all,All-source population only; outside the selected statute-family indicators,80,78,https://leginfo.legislature.ca.gov/faces/codes_displaySection.xhtml?lawCode=PEN&sectionNum=272.
PC,591.5,DAMAGE/DESTROY ANY WIRELESS COMMUNICATION DEVICE (M),ambiguous_related,591.5,591.5,0,all,All-source population only; outside the selected statute-family indicators,80,80,https://leginfo.legislature.ca.gov/faces/codes_displaySection.xhtml?lawCode=PEN&sectionNum=591.5.
VC,23152A,DUI ALCOHOL,other,23152A,23152,0,all|driving,driving: explicit VC numeric statute family 23152,80,80,https://leginfo.legislature.ca.gov/faces/codes_displaySection.xhtml?lawCode=VEH&sectionNum=23152.
VC,23222(B),POSSESS MARIJUANA 1 OZ OR LESS WHILE DRIVING (I),other,23222(B),23222,0,all,All-source population only; outside the selected statute-family indicators,80,80,https://leginfo.legislature.ca.gov/faces/codes_displaySection.xhtml?lawCode=VEH&sectionNum=23222.
HS,11364(A),POSS CONTROLLED SUBS PARAPHERNALIA,other,11364(A),11364,0,all|drug,drug: explicit HS numeric statute family 11364,78,76,https://leginfo.legislature.ca.gov/faces/codes_displaySection.xhtml?lawCode=HSC&sectionNum=11364.
MC,9.01.020,CAMPING ON PUBLIC PROPERTY,other,9.01.020,9.01,0,all,All-source population only; outside the selected statute-family indicators,78,75,
PC,25400(A)(2),CARRY CONCEALED WEAPON ON PERSON (F),other,25400(A)(2),25400,0,all|weapons,weapons: explicit PC numeric statute family 25400,78,78,https://leginfo.legislature.ca.gov/faces/codes_displaySection.xhtml?lawCode=PEN&sectionNum=25400.
PC,25850(A),CARRY LOADED FIREARM IN PUBLIC UNDER SPECIFIC CIRCUMSTANCES (F),other,25850(A),25850,0,all|weapons,weapons: explicit PC numeric statute family 25850,76,76,https://leginfo.legislature.ca.gov/faces/codes_displaySection.xhtml?lawCode=PEN&sectionNum=25850.
PC,487(A),GRAND THEFT (Theft of Mot Veh Parts/Acc) (F),other,487(A),487,0,all|property,property: explicit PC numeric statute family 487,76,73,https://leginfo.legislature.ca.gov/faces/codes_displaySection.xhtml?lawCode=PEN&sectionNum=487.
PC,503,EMBEZZLEMENT [OVER $950] (F),other,503,503,0,all,All-source population only; outside the selected statute-family indicators,76,76,https://leginfo.legislature.ca.gov/faces/codes_displaySection.xhtml?lawCode=PEN&sectionNum=503.
PC,827.1,MISD CITE AND RELEASE ON ACTIVE WARRANT,other,827.1,827.1,0,all,All-source population only; outside the selected statute-family indicators,76,76,https://leginfo.legislature.ca.gov/faces/codes_displaySection.xhtml?lawCode=PEN&sectionNum=827.1.
CO,MISC,MISC CITY/COUNTY MISDEMEANOR ORDINANCES (M),other,MISC,,0,all,All-source population only; outside the selected statute-family indicators,75,75,
PC,22210,MANUFACTURE/SALE/POSSESS/ETC LEADED CANE/BILLY/ETC (M),other,22210,22210,0,all|weapons,weapons: explicit PC numeric statute family 22210,75,75,https://leginfo.legislature.ca.gov/faces/codes_displaySection.xhtml?lawCode=PEN&sectionNum=22210.
PC,484G,THEFT BY USE OF ACCESS CARD INFORMATION [$950 OR LESS] (M),other,484G,484,0,all|property,property: explicit PC numeric statute family 484,75,75,https://leginfo.legislature.ca.gov/faces/codes_displaySection.xhtml?lawCode=PEN&sectionNum=484.
PC,490.4(A)(1),THEFT OF MERCHANDISE W/ INTENT TO SELL/EXCHANGE: OVER $950 (F),other,490.4(A)(1),490.4,0,all,All-source population only; outside the selected statute-family indicators,75,69,https://leginfo.legislature.ca.gov/faces/codes_displaySection.xhtml?lawCode=PEN&sectionNum=490.4.
PC,532A,OBTAIN MONEY/ETC BY FALSE PRETENSES [OVER $950] (F),other,532A,532,0,all,All-source population only; outside the selected statute-family indicators,75,74,https://leginfo.legislature.ca.gov/faces/codes_displaySection.xhtml?lawCode=PEN&sectionNum=532.
BP,25662(A),MINOR POSS ALC (M),other,25662(A),25662,0,all,All-source population only; outside the selected statute-family indicators,73,69,
PC,314(1),INDECENT EXPOSURE (M),other,314(1),314,0,all,All-source population only; outside the selected statute-family indicators,73,73,https://leginfo.legislature.ca.gov/faces/codes_displaySection.xhtml?lawCode=PEN&sectionNum=314.
PC,166(A)(1),CONTEMPT OF COURT:DISORD BEHAVIOR (M),ambiguous_related,166(A)(1),166,0,all,All-source population only; outside the selected statute-family indicators,71,71,https://leginfo.legislature.ca.gov/faces/codes_displaySection.xhtml?lawCode=PEN&sectionNum=166.
PC,21810,MANUFACTURE/SALE/POSSESS/ETC METAL KNUCKLES (M),other,21810,21810,0,all|weapons,weapons: explicit PC numeric statute family 21810,70,70,https://leginfo.legislature.ca.gov/faces/codes_displaySection.xhtml?lawCode=PEN&sectionNum=21810.
PC,29800(B),CONVICTED PERSON POSSESS/OWN/ETC FIREARM (F),other,29800(B),29800,0,all|weapons,weapons: explicit PC numeric statute family 29800,70,70,https://leginfo.legislature.ca.gov/faces/codes_displaySection.xhtml?lawCode=PEN&sectionNum=29800.
PC,496D(A),POSSESS STOLEN VEHICLE/VESSEL/ETC (M),other,496D(A),496,0,all|property,property: explicit PC numeric statute family 496,70,67,https://leginfo.legislature.ca.gov/faces/codes_displaySection.xhtml?lawCode=PEN&sectionNum=496.
PC,484,THEFT (M),other,484,484,0,all|property,property: explicit PC numeric statute family 484,68,68,https://leginfo.legislature.ca.gov/faces/codes_displaySection.xhtml?lawCode=PEN&sectionNum=484.
PC,647.6(A)(1),ANNOY/MOLEST VICTIM UNDER 18 YEARS OF AGE (M),other,647.6(A)(1),647.6,0,all,All-source population only; outside the selected statute-family indicators,68,68,https://leginfo.legislature.ca.gov/faces/codes_displaySection.xhtml?lawCode=PEN&sectionNum=647.6.
PC,4502(A),PRISONER POSS WEAPON (F),other,4502(A),4502,0,all,All-source population only; outside the selected statute-family indicators,67,67,https://leginfo.legislature.ca.gov/faces/codes_displaySection.xhtml?lawCode=PEN&sectionNum=4502.
VC,23152B,DUI ALC/0.08 PERCENT,other,23152B,23152,0,all|driving,driving: explicit VC numeric statute family 23152,67,67,https://leginfo.legislature.ca.gov/faces/codes_displaySection.xhtml?lawCode=VEH&sectionNum=23152.
PC,647(F)DK,DISORD CONDUCT:ALC,other,647(F)DK,647,0,all,All-source population only; outside the selected statute-family indicators,66,65,https://leginfo.legislature.ca.gov/faces/codes_displaySection.xhtml?lawCode=PEN&sectionNum=647.
VC,22350,UNSAFE SPEED (BASIC SPEED LAW) (I),other,22350,22350,0,all,All-source population only; outside the selected statute-family indicators,66,66,https://leginfo.legislature.ca.gov/faces/codes_displaySection.xhtml?lawCode=VEH&sectionNum=22350.
BP,4060,POSSESS CONTROLLED SUBSTANCES WITHOUT A PRESCRIPTION (M),other,4060,4060,0,all,All-source population only; outside the selected statute-family indicators,65,65,
HS,11350(A),POSS NARCOTIC CONTROLLED SUBS,other,11350(A),11350,0,all|drug,drug: explicit HS numeric statute family 11350,65,64,https://leginfo.legislature.ca.gov/faces/codes_displaySection.xhtml?lawCode=HSC&sectionNum=11350.
PC,530.5(E),COMMIT MAIL THEFT (M),other,530.5(E),530.5,0,all|property,property: explicit PC numeric statute family 530.5,65,64,https://leginfo.legislature.ca.gov/faces/codes_displaySection.xhtml?lawCode=PEN&sectionNum=530.5.
MC,9.20.020C,NO PERSON SHALL CAMP ETC. ON PRIVATE PROPERTY W/O PERMISSION (M),other,9.20.020C,9.20,0,all,All-source population only; outside the selected statute-family indicators,64,61,
PC,4573.9,NON-INMATE SELL CNTL SUB TO PERS IN CUST (F),other,4573.9,4573.9,0,all,All-source population only; outside the selected statute-family indicators,63,63,https://leginfo.legislature.ca.gov/faces/codes_displaySection.xhtml?lawCode=PEN&sectionNum=4573.9.
PC,530,PERSONATE TO GET MONEY/PROP [OVER $400] (F),other,530,530,0,all,All-source population only; outside the selected statute-family indicators,63,63,https://leginfo.legislature.ca.gov/faces/codes_displaySection.xhtml?lawCode=PEN&sectionNum=530.
PC,273A(A),WILLFUL CRUELTY TO CHILD:WITH MINOR INJURY (M),ambiguous_related,273A(A),273,0,all,All-source population only; outside the selected statute-family indicators,62,62,https://leginfo.legislature.ca.gov/faces/codes_displaySection.xhtml?lawCode=PEN&sectionNum=273.
HS,11550(E),UNDER INFL OF SPEC CONT SUBS:POSS FIREARM (F),other,11550(E),11550,0,all|drug,drug: explicit HS numeric statute family 11550,61,61,https://leginfo.legislature.ca.gov/faces/codes_displaySection.xhtml?lawCode=HSC&sectionNum=11550.
MC,10.32.040(A),Posses open alcoholic container in public,other,10.32.040(A),10.32,0,all,All-source population only; outside the selected statute-family indicators,61,59,
PC,451C,ARSON:STRUCTURE/FOREST LAND (F),other,451C,451,0,all,All-source population only; outside the selected statute-family indicators,61,61,https://leginfo.legislature.ca.gov/faces/codes_displaySection.xhtml?lawCode=PEN&sectionNum=451.
PC,417A2,EXHIBIT FIREARM (M),other,417A2,417,0,all|weapons,weapons: explicit PC numeric statute family 417,60,60,https://leginfo.legislature.ca.gov/faces/codes_displaySection.xhtml?lawCode=PEN&sectionNum=417.
VC,23550(A),DUI W/PRIOR SPECIFIC CONVICTIONS (F),other,23550(A),23550,0,all|driving,driving: explicit VC numeric statute family 23550,59,59,https://leginfo.legislature.ca.gov/faces/codes_displaySection.xhtml?lawCode=VEH&sectionNum=23550.
PC,25850(C)(2),CARRY STOLEN LOADED FIREARM (F),other,25850(C)(2),25850,0,all|weapons,weapons: explicit PC numeric statute family 25850,58,58,https://leginfo.legislature.ca.gov/faces/codes_displaySection.xhtml?lawCode=PEN&sectionNum=25850.
PC,273.5A,SPOUSAL/COHABITANT ABUSE WITH MINOR INJURY,core_dv,273.5A,273.5,0,all|core,Core DV: existing reviewed exact charge classification,57,57,https://leginfo.legislature.ca.gov/faces/codes_displaySection.xhtml?lawCode=PEN&sectionNum=273.5.
PC,32,ACCESSORY TO FELONY (F),other,32,32,0,all,All-source population only; outside the selected statute-family indicators,57,56,https://leginfo.legislature.ca.gov/faces/codes_displaySection.xhtml?lawCode=PEN&sectionNum=32.
PC,368(B)(1),ACTIONS LIKELY TO CAUSE HARM/DEATH OF ELDER /DEPENDENT ADULT (M),ambiguous_related,368(B)(1),368,0,all,All-source population only; outside the selected statute-family indicators,57,56,https://leginfo.legislature.ca.gov/faces/codes_displaySection.xhtml?lawCode=PEN&sectionNum=368.
PC,647(F)DK,DISORD CONDUCT:UNDER INFL OF TOLUENE (M),other,647(F)DK,647,0,all,All-source population only; outside the selected statute-family indicators,57,57,https://leginfo.legislature.ca.gov/faces/codes_displaySection.xhtml?lawCode=PEN&sectionNum=647.
PC,4600,DAMAGE JAIL/PRISON/PROPERTY (OVER $950) (F),other,4600,4600,0,all,All-source population only; outside the selected statute-family indicators,55,55,https://leginfo.legislature.ca.gov/faces/codes_displaySection.xhtml?lawCode=PEN&sectionNum=4600.
VC,24252A,FAILURE TO MAINTAIN VEH LIGHTING EQUIP (I),other,24252A,24252,0,all,All-source population only; outside the selected statute-family indicators,55,55,https://leginfo.legislature.ca.gov/faces/codes_displaySection.xhtml?lawCode=VEH&sectionNum=24252.
PC,475(C),PASS COMPLETED CHECK WITH INTENT TO DEFRAUD (F),other,475(C),475,0,all|property,property: explicit PC numeric statute family 475,54,54,https://leginfo.legislature.ca.gov/faces/codes_displaySection.xhtml?lawCode=PEN&sectionNum=475.
PC,166(C)(4),VIOLATE PROTECTIVE ORDER:DOMESTIC VIOL:W/PR (F),dv_labeled_order,166(C)(4),166,0,all,All-source population only; outside the selected statute-family indicators,53,53,https://leginfo.legislature.ca.gov/faces/codes_displaySection.xhtml?lawCode=PEN&sectionNum=166.
PC,484G,THEFT BY USE OF ACCESS CARD INFORMATION [OVER $950] (F),other,484G,484,0,all|property,property: explicit PC numeric statute family 484,53,52,https://leginfo.legislature.ca.gov/faces/codes_displaySection.xhtml?lawCode=PEN&sectionNum=484.
VC,10852,TAMPER WITH VEH,other,10852,10852,0,all,All-source population only; outside the selected statute-family indicators,52,52,https://leginfo.legislature.ca.gov/faces/codes_displaySection.xhtml?lawCode=VEH&sectionNum=10852.
VC,14601.1(A),DRVG WHILE LIC SUSP OR REVOKED:OTHER REASONS (I),other,14601.1(A),14601.1,0,all|driving,driving: explicit VC numeric statute family 14601.1,52,52,https://leginfo.legislature.ca.gov/faces/codes_displaySection.xhtml?lawCode=VEH&sectionNum=14601.1.
HS,11550(A),USE/UNDER INFL OF CONTROLLED SUBS,other,11550(A),11550,0,all|drug,drug: explicit HS numeric statute family 11550,51,51,https://leginfo.legislature.ca.gov/faces/codes_displaySection.xhtml?lawCode=HSC&sectionNum=11550.
PC,69,OBSTRUCT/RESIST EXECUTIVE OFFICER WITH SERIOUS INJURY (F),other,69,69,0,all,All-source population only; outside the selected statute-family indicators,51,51,https://leginfo.legislature.ca.gov/faces/codes_displaySection.xhtml?lawCode=PEN&sectionNum=69.
VC,22450(A),FAILED TO STOP FOR STOP SIGN (I),other,22450(A),22450,0,all,All-source population only; outside the selected statute-family indicators,50,50,https://leginfo.legislature.ca.gov/faces/codes_displaySection.xhtml?lawCode=VEH&sectionNum=22450.
VC,2800.4,EVADING A PEACE OFFICER:WRONG WAY DRIVER (F),other,2800.4,2800.4,0,all|driving,driving: explicit VC numeric statute family 2800.4,49,49,https://leginfo.legislature.ca.gov/faces/codes_displaySection.xhtml?lawCode=VEH&sectionNum=2800.4.
PC,368(D),THEFT OF ELDER/DEPENDENT ADULT (LARCENY OVER $950) (F),ambiguous_related,368(D),368,0,all,All-source population only; outside the selected statute-family indicators,48,48,https://leginfo.legislature.ca.gov/faces/codes_displaySection.xhtml?lawCode=PEN&sectionNum=368.
PC,666.1(A)(1),GRAND THEFT (SHOPLIFT) W/2+ PRIOR CONVICTIONS (F),other,666.1(A)(1),666.1,0,all|property,property: explicit PC numeric statute family 666.1,48,47,https://leginfo.legislature.ca.gov/faces/codes_displaySection.xhtml?lawCode=PEN&sectionNum=666.1.
PC,25850(C)(3),CRIMINAL STREET GANG MEMBER CARRY LOADED FIREARM (F),other,25850(C)(3),25850,0,all|weapons,weapons: explicit PC numeric statute family 25850,47,45,https://leginfo.legislature.ca.gov/faces/codes_displaySection.xhtml?lawCode=PEN&sectionNum=25850.
VC,10851(E),TAKE VEHICLE WITHOUT OWNER CONSENT WITH SPECIFIC PRIORS (F),other,10851(E),10851,0,all|property,property: explicit VC numeric statute family 10851,47,47,https://leginfo.legislature.ca.gov/faces/codes_displaySection.xhtml?lawCode=VEH&sectionNum=10851.
BP,25661,POSS/USE FALSE EVIDENCE OF AGE (M),other,25661,25661,0,all,All-source population only; outside the selected statute-family indicators,46,46,
PC,290.018(A),SEX OFFENDER FAIL TO REGISTER/ETC (M),other,290.018(A),290.018,0,all,All-source population only; outside the selected statute-family indicators,45,45,https://leginfo.legislature.ca.gov/faces/codes_displaySection.xhtml?lawCode=PEN&sectionNum=290.018.
PC,4573.6(A),POSS CONTROLLED SUBS IN PRISON/JAIL,other,4573.6(A),4573.6,0,all,All-source population only; outside the selected statute-family indicators,45,43,https://leginfo.legislature.ca.gov/faces/codes_displaySection.xhtml?lawCode=PEN&sectionNum=4573.6.
PC,23900,ALTER/REMOVE/ETC IDENTIFICATION MARKS ON FIREARM (F),other,23900,23900,0,all|weapons,weapons: explicit PC numeric statute family 23900,44,43,https://leginfo.legislature.ca.gov/faces/codes_displaySection.xhtml?lawCode=PEN&sectionNum=23900.
PC,647(H),DISORD CONDUCT:PROWL/LOITER PRIVATE PROP (M),other,647(H),647,0,all,All-source population only; outside the selected statute-family indicators,44,44,https://leginfo.legislature.ca.gov/faces/codes_displaySection.xhtml?lawCode=PEN&sectionNum=647.
VC,4462B,DISPLAY ON VEH/GIVE TO PEACE OFCR FALSE REGISTRATION (I),other,4462B,4462,0,all,All-source population only; outside the selected statute-family indicators,44,44,https://leginfo.legislature.ca.gov/faces/codes_displaySection.xhtml?lawCode=VEH&sectionNum=4462.
PC,475A,POSS BAD CHECK (F),other,475A,475,0,all|property,property: explicit PC numeric statute family 475,43,43,https://leginfo.legislature.ca.gov/faces/codes_displaySection.xhtml?lawCode=PEN&sectionNum=475.
VC,4463(A)(1),FORGE/ALTER VEHICLE REGISTRATION/ETC (M),other,4463(A)(1),4463,0,all,All-source population only; outside the selected statute-family indicators,43,43,https://leginfo.legislature.ca.gov/faces/codes_displaySection.xhtml?lawCode=VEH&sectionNum=4463.
ZZ,980000,COUNTY/MUNICIPAL ORDINANCES,other,980000,980000,0,all,All-source population only; outside the selected statute-family indicators,43,40,
BP,25620,POSS OPEN CONTAINER OF ALC IN PUBLIC (I),other,25620,25620,0,all,All-source population only; outside the selected statute-family indicators,42,40,
PC,290.018(G),290 VIOLATION TRAN 30 DAY UPDATE (M),other,290.018(G),290.018,0,all,All-source population only; outside the selected statute-family indicators,42,42,https://leginfo.legislature.ca.gov/faces/codes_displaySection.xhtml?lawCode=PEN&sectionNum=290.018.
VC,21453A,SIGNAL LIGHTS:CIRCULAR RED (I),other,21453A,21453,0,all,All-source population only; outside the selected statute-family indicators,42,42,https://leginfo.legislature.ca.gov/faces/codes_displaySection.xhtml?lawCode=VEH&sectionNum=21453.
PC,261(A)(2),RAPE BY FORCE/FEAR (F),ambiguous_related,261(A)(2),261,0,all,All-source population only; outside the selected statute-family indicators,41,37,https://leginfo.legislature.ca.gov/faces/codes_displaySection.xhtml?lawCode=PEN&sectionNum=261.
PC,508,EMBEZZLEMENT BY EMPLOYEE [OVER $950],other,508,508,0,all,All-source population only; outside the selected statute-family indicators,41,41,https://leginfo.legislature.ca.gov/faces/codes_displaySection.xhtml?lawCode=PEN&sectionNum=508.
VC,23550.5(A),DRIVING UNDER INFLUENCE WITHIN 10 YEARS OF PRIOR FELONY DUI (F),other,23550.5(A),23550.5,0,all|driving,driving: explicit VC numeric statute family 23550.5,41,41,https://leginfo.legislature.ca.gov/faces/codes_displaySection.xhtml?lawCode=VEH&sectionNum=23550.5.
HS,11357(A)(2),POSSESS MARIJUANA 28.5 GRAMS OR LESS - 18-21 (I),other,11357(A)(2),11357,0,all|drug,drug: explicit HS numeric statute family 11357,40,40,https://leginfo.legislature.ca.gov/faces/codes_displaySection.xhtml?lawCode=HSC&sectionNum=11357.
PC,33210,MANUFACTURE/IMPORT/POSSESS/ETC SHORT-BARRELED RIFLE/SHOTGUN (F),other,33210,33210,0,all|weapons,weapons: explicit PC numeric statute family 33210,40,40,https://leginfo.legislature.ca.gov/faces/codes_displaySection.xhtml?lawCode=PEN&sectionNum=33210.
PC,4573.9(A),NON-INMATE SELL CNTL SUB TO PERS IN CUST (F),other,4573.9(A),4573.9,0,all,All-source population only; outside the selected statute-family indicators,40,37,https://leginfo.legislature.ca.gov/faces/codes_displaySection.xhtml?lawCode=PEN&sectionNum=4573.9.
HS,11370.4(B)4,AMPH/METH/PCP OVER 20KG OR 400L (BAIL+),other,11370.4(B)4,11370.4,0,all|drug,drug: explicit HS numeric statute family 11370.4,39,33,https://leginfo.legislature.ca.gov/faces/codes_displaySection.xhtml?lawCode=HSC&sectionNum=11370.4.
PC,470B,POSSESS DRIVER'S LICENSE/IDENTIFICATION TO COMMIT FORGERY (F),other,470B,470,0,all|property,property: explicit PC numeric statute family 470,39,39,https://leginfo.legislature.ca.gov/faces/codes_displaySection.xhtml?lawCode=PEN&sectionNum=470.
PC,594(B)(1),VANDALISM ($400 OR MORE),other,594(B)(1),594,0,all|property,property: explicit PC numeric statute family 594,39,39,https://leginfo.legislature.ca.gov/faces/codes_displaySection.xhtml?lawCode=PEN&sectionNum=594.
BP,22435.2B,POSS SHOPPING/LAUNDRY CART (M),other,22435.2B,22435.2,0,all,All-source population only; outside the selected statute-family indicators,38,38,
PC,33215,MFG/IMPORT/ETC SHORT BARRELED RIFLE (F),other,33215,33215,0,all|weapons,weapons: explicit PC numeric statute family 33215,38,38,https://leginfo.legislature.ca.gov/faces/codes_displaySection.xhtml?lawCode=PEN&sectionNum=33215.
PC,381B,POSS NITROUS OXIDE (M),other,381B,381,0,all,All-source population only; outside the selected statute-family indicators,38,33,https://leginfo.legislature.ca.gov/faces/codes_displaySection.xhtml?lawCode=PEN&sectionNum=381.
VC,23222(A),POSS OPEN CONTAINER WHILE DRVG (I),other,23222(A),23222,0,all,All-source population only; outside the selected statute-family indicators,38,38,https://leginfo.legislature.ca.gov/faces/codes_displaySection.xhtml?lawCode=VEH&sectionNum=23222.
VC,4463(A)(1),FORGE/ALTER VEH REGISTRATION (F),other,4463(A)(1),4463,0,all,All-source population only; outside the selected statute-family indicators,38,38,https://leginfo.legislature.ca.gov/faces/codes_displaySection.xhtml?lawCode=VEH&sectionNum=4463.
PC,203,MAYHEM (F),other,203,203,0,all,All-source population only; outside the selected statute-family indicators,37,37,https://leginfo.legislature.ca.gov/faces/codes_displaySection.xhtml?lawCode=PEN&sectionNum=203.
PC,22810(B),NARCOTIC ADDICT POSSESS/PURCHASE/USE/ETC TEARGAS/TEARGAS (M),other,22810(B),22810,0,all|weapons,weapons: explicit PC numeric statute family 22810,37,37,https://leginfo.legislature.ca.gov/faces/codes_displaySection.xhtml?lawCode=PEN&sectionNum=22810.
PC,4532(B)(1),ESCAPE JAIL/ETC WHILE CHARGED/ETC WITH A FELONY (F),other,4532(B)(1),4532,0,all,All-source population only; outside the selected statute-family indicators,37,37,https://leginfo.legislature.ca.gov/faces/codes_displaySection.xhtml?lawCode=PEN&sectionNum=4532.
VC,21651B,LANE USAGE:DIV HWY:DRIVE WRONG SIDE OF BARRIER (M),other,21651B,21651,0,all,All-source population only; outside the selected statute-family indicators,37,37,https://leginfo.legislature.ca.gov/faces/codes_displaySection.xhtml?lawCode=VEH&sectionNum=21651.
VC,23152(A),DUI ALCOHOL,other,23152(A),23152,0,all|driving,driving: explicit VC numeric statute family 23152,37,37,https://leginfo.legislature.ca.gov/faces/codes_displaySection.xhtml?lawCode=VEH&sectionNum=23152.
VC,23152(B),DUI ALC/0.08 PERCENT,other,23152(B),23152,0,all|driving,driving: explicit VC numeric statute family 23152,37,37,https://leginfo.legislature.ca.gov/faces/codes_displaySection.xhtml?lawCode=VEH&sectionNum=23152.
ZZ,OW-F,FELONY OTHER AGENCY'S WARRANT,other,OW-F,,0,all,All-source population only; outside the selected statute-family indicators,37,36,
PC,25400(A)(2),CARRY CONCEALED WEAPON ON PERSON (M),other,25400(A)(2),25400,0,all|weapons,weapons: explicit PC numeric statute family 25400,36,34,https://leginfo.legislature.ca.gov/faces/codes_displaySection.xhtml?lawCode=PEN&sectionNum=25400.
PC,25850(C)(4),CARRY LOADED FIREARM:UNLAWFUL/PROHIBITED POSSESSION (F),other,25850(C)(4),25850,0,all|weapons,weapons: explicit PC numeric statute family 25850,36,36,https://leginfo.legislature.ca.gov/faces/codes_displaySection.xhtml?lawCode=PEN&sectionNum=25850.
PC,415(2),DISORD CONDUCT:DIST BY LOUD/UNREASONABLE NOISE (M),other,415(2),415,0,all,All-source population only; outside the selected statute-family indicators,36,36,https://leginfo.legislature.ca.gov/faces/codes_displaySection.xhtml?lawCode=PEN&sectionNum=415.
PC,422A,THREATEN CRIME WITH INTENT TO TERRORIZE (M),ambiguous_related,422A,422,0,all|violence,violence: explicit PC numeric statute family 422; core-DV charge excluded from this family,36,36,https://leginfo.legislature.ca.gov/faces/codes_displaySection.xhtml?lawCode=PEN&sectionNum=422.
PC,451B,ARSON:INHABITED STRUCTURE/PROP (F),other,451B,451,0,all,All-source population only; outside the selected statute-family indicators,36,36,https://leginfo.legislature.ca.gov/faces/codes_displaySection.xhtml?lawCode=PEN&sectionNum=451.
PC,653X(A),ANNOYING CALLS TO 911 (M),other,653X(A),653,0,all,All-source population only; outside the selected statute-family indicators,36,36,https://leginfo.legislature.ca.gov/faces/codes_displaySection.xhtml?lawCode=PEN&sectionNum=653.
PC,4532(B)(1),ATT/ESCAPE JAIL/ETC WHILE CHARGED/ETC WITH A FELONY (F),other,4532(B)(1),4532,0,all,All-source population only; outside the selected statute-family indicators,35,35,https://leginfo.legislature.ca.gov/faces/codes_displaySection.xhtml?lawCode=PEN&sectionNum=4532.
WI,777A,FAIL TO OBEY ORDER OF JUVENILE COURT 601 WI (S),other,777A,777,0,all,All-source population only; outside the selected statute-family indicators,35,35,
ZZ,11,FEDERAL/ALL OTHERS,other,11,11,0,all,All-source population only; outside the selected statute-family indicators,35,35,
PC,243(C)(1),BATTERY AGAINST EMERGENCY PERSON MINOR INJURY (M),ambiguous_related,243(C)(1),243,0,all|violence,violence: explicit PC numeric statute family 243; core-DV charge excluded from this family,34,34,https://leginfo.legislature.ca.gov/faces/codes_displaySection.xhtml?lawCode=PEN&sectionNum=243.
PC,33410,POSSESS SILENCER (F),other,33410,33410,0,all|weapons,weapons: explicit PC numeric statute family 33410,34,32,https://leginfo.legislature.ca.gov/faces/codes_displaySection.xhtml?lawCode=PEN&sectionNum=33410.
PC,350(A)(2),MFG/SELL 1000 OR MORE COUNTERFEIT REG MARK (F),other,350(A)(2),350,0,all,All-source population only; outside the selected statute-family indicators,34,34,https://leginfo.legislature.ca.gov/faces/codes_displaySection.xhtml?lawCode=PEN&sectionNum=350.
PC,4502(B),PRISONER MANUFACTURE WEAPON (F),other,4502(B),4502,0,all,All-source population only; outside the selected statute-family indicators,34,34,https://leginfo.legislature.ca.gov/faces/codes_displaySection.xhtml?lawCode=PEN&sectionNum=4502.
PC,148(A)(1),OBSTRUCT/RESIST PEACE OFCR/EMER MED TECH,other,148(A)(1),148,0,all,All-source population only; outside the selected statute-family indicators,33,33,https://leginfo.legislature.ca.gov/faces/codes_displaySection.xhtml?lawCode=PEN&sectionNum=148.
PC,1551.1,FUGITIVE FROM JUSTICE:ARREST W/OUT WARRANT (F),other,1551.1,1551.1,0,all,All-source population only; outside the selected statute-family indicators,33,33,https://leginfo.legislature.ca.gov/faces/codes_displaySection.xhtml?lawCode=PEN&sectionNum=1551.1.
PC,22010,MANUFACTURE/SALE/POSSESS/ETC NUNCHAKU (F),ambiguous_related,22010,22010,0,all|weapons,weapons: explicit PC numeric statute family 22010,33,33,https://leginfo.legislature.ca.gov/faces/codes_displaySection.xhtml?lawCode=PEN&sectionNum=22010.
PC,25400(A)(3),CARRY CONCEALED WEAPON IN VEHICLE:OCCUPANT (F),other,25400(A)(3),25400,0,all|weapons,weapons: explicit PC numeric statute family 25400,33,33,https://leginfo.legislature.ca.gov/faces/codes_displaySection.xhtml?lawCode=PEN&sectionNum=25400.
PC,417(A)(2)(B),EXHBT FIREARM THRTNG MANNER (M),other,417(A)(2)(B),417,0,all|weapons,weapons: explicit PC numeric statute family 417,33,33,https://leginfo.legislature.ca.gov/faces/codes_displaySection.xhtml?lawCode=PEN&sectionNum=417.
PC,485,APPROPRIATE LOST PROPERTY [OVER $950] (F),other,485,485,0,all|property,property: explicit PC numeric statute family 485,33,33,https://leginfo.legislature.ca.gov/faces/codes_displaySection.xhtml?lawCode=PEN&sectionNum=485.
PC,597(A),CRUELTY TO ANIMAL/S (F),other,597(A),597,0,all,All-source population only; outside the selected statute-family indicators,33,33,https://leginfo.legislature.ca.gov/faces/codes_displaySection.xhtml?lawCode=PEN&sectionNum=597.
VC,23109(A),ILLEGAL SPEED CONTEST (M),other,23109(A),23109,0,all|driving,driving: explicit VC numeric statute family 23109,33,32,https://leginfo.legislature.ca.gov/faces/codes_displaySection.xhtml?lawCode=VEH&sectionNum=23109.
VC,23247(E),DRIVE W/O INTERLOCK Dev WHEN REQUIRED (M),other,23247(E),23247,0,all,All-source population only; outside the selected statute-family indicators,33,33,https://leginfo.legislature.ca.gov/faces/codes_displaySection.xhtml?lawCode=VEH&sectionNum=23247.
PC,22410,MANUFACTURE/SALE/POSSESS/ETC SHURIKEN (F),other,22410,22410,0,all|weapons,weapons: explicit PC numeric statute family 22410,32,32,https://leginfo.legislature.ca.gov/faces/codes_displaySection.xhtml?lawCode=PEN&sectionNum=22410.
PC,273D,INFLICT MINOR INJ UPON CHILD (F),ambiguous_related,273D,273,0,all,All-source population only; outside the selected statute-family indicators,32,32,https://leginfo.legislature.ca.gov/faces/codes_displaySection.xhtml?lawCode=PEN&sectionNum=273.
PC,459.5,SHOPLIFTING,other,459.5,459.5,0,all|property,property: explicit PC numeric statute family 459.5,32,30,https://leginfo.legislature.ca.gov/faces/codes_displaySection.xhtml?lawCode=PEN&sectionNum=459.5.
HS,11370.6(A),POSSESS MONEY/ETC FROM SALE/ETC OF CONTROLLED SUBSTANCE (F),other,11370.6(A),11370.6,0,all|drug,drug: explicit HS numeric statute family 11370.6,31,30,https://leginfo.legislature.ca.gov/faces/codes_displaySection.xhtml?lawCode=HSC&sectionNum=11370.6.
PC,22610(B),NARCOTIC ADDICT POSS/BUY/USE STUN GUN (M),other,22610(B),22610,0,all|weapons,weapons: explicit PC numeric statute family 22610,31,31,https://leginfo.legislature.ca.gov/faces/codes_displaySection.xhtml?lawCode=PEN&sectionNum=22610.
PC,243(C)(2),BATTERY AGAINST POLICE OFFICER WITH SERIOUS INJURY (F),ambiguous_related,243(C)(2),243,0,all|violence,violence: explicit PC numeric statute family 243; core-DV charge excluded from this family,31,31,https://leginfo.legislature.ca.gov/faces/codes_displaySection.xhtml?lawCode=PEN&sectionNum=243.
PC,463(B),GRAND THEFT DURING STATE OF EMERGENCY - LOOTING (F),other,463(B),463,0,all,All-source population only; outside the selected statute-family indicators,31,31,https://leginfo.legislature.ca.gov/faces/codes_displaySection.xhtml?lawCode=PEN&sectionNum=463.
PC,475(B),P0SSESS BLANK CHECK:DEFRAUD (F),other,475(B),475,0,all|property,property: explicit PC numeric statute family 475,31,31,https://leginfo.legislature.ca.gov/faces/codes_displaySection.xhtml?lawCode=PEN&sectionNum=475.
PC,647(F),DISORD CONDUCT:ALC,other,647(F),647,0,all,All-source population only; outside the selected statute-family indicators,31,31,https://leginfo.legislature.ca.gov/faces/codes_displaySection.xhtml?lawCode=PEN&sectionNum=647.
PC,653M(A),ANNOYING PHONE CALL:OBSCENE/THREATENING (M),ambiguous_related,653M(A),653,0,all,All-source population only; outside the selected statute-family indicators,31,31,https://leginfo.legislature.ca.gov/faces/codes_displaySection.xhtml?lawCode=PEN&sectionNum=653.
VC,23153(G),DUI ALCOHOL/DRUGS:CAUSING BODILY INJURY (F),other,23153(G),23153,0,all|driving,driving: explicit VC numeric statute family 23153,31,31,https://leginfo.legislature.ca.gov/faces/codes_displaySection.xhtml?lawCode=VEH&sectionNum=23153.
HS,11375(B),POSS FOR SALE/SELL CONTROLLED SUBS (F),other,11375(B),11375,0,all|drug,drug: explicit HS numeric statute family 11375,30,30,https://leginfo.legislature.ca.gov/faces/codes_displaySection.xhtml?lawCode=HSC&sectionNum=11375.
MC,9.68.030,POSSESSION OF OPEN CONTAINER ON PUBLIC PROPERTY,other,9.68.030,9.68,0,all,All-source population only; outside the selected statute-family indicators,30,30,
PC,30600(A),MFG/SELL/TRANS/ETC ASSAULT WEAPON (F),other,30600(A),30600,0,all|weapons,weapons: explicit PC numeric statute family 30600,30,30,https://leginfo.legislature.ca.gov/faces/codes_displaySection.xhtml?lawCode=PEN&sectionNum=30600.
PC,31360(A),VIOLENT FELON POSSESS/OWN/PURCHASE BODY ARMOR (F),other,31360(A),31360,0,all,All-source population only; outside the selected statute-family indicators,30,28,https://leginfo.legislature.ca.gov/faces/codes_displaySection.xhtml?lawCode=PEN&sectionNum=31360.
PC,368(D)(1),THEFT OF ELDER/DEPENDENT ADULT (LARCENY OVER $950) (F),ambiguous_related,368(D)(1),368,0,all,All-source population only; outside the selected statute-family indicators,30,27,https://leginfo.legislature.ca.gov/faces/codes_displaySection.xhtml?lawCode=PEN&sectionNum=368.
PC,503,EMBEZZLEMENT ($950 OR LESS) (M),other,503,503,0,all,All-source population only; outside the selected statute-family indicators,30,30,https://leginfo.legislature.ca.gov/faces/codes_displaySection.xhtml?lawCode=PEN&sectionNum=503.
HS,11379.6(A),MFR CONTROLLED SUBS (F),other,11379.6(A),11379.6,0,all|drug,drug: explicit HS numeric statute family 11379.6,29,29,https://leginfo.legislature.ca.gov/faces/codes_displaySection.xhtml?lawCode=HSC&sectionNum=11379.6.
MC,9.20.020B,"NO ONE SHALL CAMP, LODGE, SLEEP OVERNIGHT IN PUBLIC PARK, STREET OR HIGHWAY (M)",other,9.20.020B,9.20,0,all,All-source population only; outside the selected statute-family indicators,29,18,
PC,148.10(A),RESIST PEACE OFCR RSLT IN DEATH/INJ (F),other,148.10(A),148.10,0,all,All-source population only; outside the selected statute-family indicators,29,29,https://leginfo.legislature.ca.gov/faces/codes_displaySection.xhtml?lawCode=PEN&sectionNum=148.10.
PC,243.4(A),SEXUAL BATTERY (M),ambiguous_related,243.4(A),243.4,0,all|violence,violence: explicit PC numeric statute family 243.4; core-DV charge excluded from this family,29,29,https://leginfo.legislature.ca.gov/faces/codes_displaySection.xhtml?lawCode=PEN&sectionNum=243.4.
PC,246.3,WILLFULLY DISCHARGE FIREARM IN A GROSSLY NEGLIGENT MANNER (M),ambiguous_related,246.3,246.3,0,all,All-source population only; outside the selected statute-family indicators,29,29,https://leginfo.legislature.ca.gov/faces/codes_displaySection.xhtml?lawCode=PEN&sectionNum=246.3.
PC,273.6(A),VIOLATE DOMESTIC VIOLENCE COURT ORDER,dv_labeled_order,273.6(A),273.6,0,all,All-source population only; outside the selected statute-family indicators,29,29,https://leginfo.legislature.ca.gov/faces/codes_displaySection.xhtml?lawCode=PEN&sectionNum=273.6.
PC,417.4,BRANDISHING FIREARM REPLICA (M),other,417.4,417.4,0,all|weapons,weapons: explicit PC numeric statute family 417.4,29,29,https://leginfo.legislature.ca.gov/faces/codes_displaySection.xhtml?lawCode=PEN&sectionNum=417.4.
PC,4573.5,BRING ALC/DRUGS INTO PRISON/JAIL (F),other,4573.5,4573.5,0,all,All-source population only; outside the selected statute-family indicators,29,29,https://leginfo.legislature.ca.gov/faces/codes_displaySection.xhtml?lawCode=PEN&sectionNum=4573.5.
PC,463(A),BURGLARY DURING STATE OF EMERGENCY - LOOTING (F),other,463(A),463,0,all,All-source population only; outside the selected statute-family indicators,29,28,https://leginfo.legislature.ca.gov/faces/codes_displaySection.xhtml?lawCode=PEN&sectionNum=463.
VC,23103,RECKLESS DRVG:PARK LOT (M),other,23103,23103,0,all|driving,driving: explicit VC numeric statute family 23103,29,29,https://leginfo.legislature.ca.gov/faces/codes_displaySection.xhtml?lawCode=VEH&sectionNum=23103.
PC,490.5A,PETTY THEFT FROM LIBRARY OR MERCHANT (M),other,490.5A,490.5,0,all,All-source population only; outside the selected statute-family indicators,28,28,https://leginfo.legislature.ca.gov/faces/codes_displaySection.xhtml?lawCode=PEN&sectionNum=490.5.
PC,537(A)(1),DEFRAUDING AN INNKEEPER [$950 OR LESS] (M),other,537(A)(1),537,0,all,All-source population only; outside the selected statute-family indicators,28,28,https://leginfo.legislature.ca.gov/faces/codes_displaySection.xhtml?lawCode=PEN&sectionNum=537.
ZZ,OW-M,MISDEMEANOR OTHER AGENCY'S WARRANT,other,OW-M,,0,all,All-source population only; outside the selected statute-family indicators,28,28,
PC,476,MAKE/PASS FICTITIOUS CHECK UNDER $950 (M),other,476,476,0,all|property,property: explicit PC numeric statute family 476,27,27,https://leginfo.legislature.ca.gov/faces/codes_displaySection.xhtml?lawCode=PEN&sectionNum=476.
PC,853.7,FAIL TO APPEAR AFTER WRITTEN PROMISE (M),other,853.7,853.7,0,all,All-source population only; outside the selected statute-family indicators,27,27,https://leginfo.legislature.ca.gov/faces/codes_displaySection.xhtml?lawCode=PEN&sectionNum=853.7.
VC,10851(A),TAKE VEHICLE W/O OWNER'S CONSENT/VEHICLE THEFT,other,10851(A),10851,0,all|property,property: explicit VC numeric statute family 10851,27,27,https://leginfo.legislature.ca.gov/faces/codes_displaySection.xhtml?lawCode=VEH&sectionNum=10851.
VC,14601.5(A),DRIVE W/LICENSE SUSPENDED/REVOKED FOR REFUSING CHEM TEST (M),other,14601.5(A),14601.5,0,all|driving,driving: explicit VC numeric statute family 14601.5,27,27,https://leginfo.legislature.ca.gov/faces/codes_displaySection.xhtml?lawCode=VEH&sectionNum=14601.5.
VC,23153(F),DUI DRUG:CAUSING BODILY INJURY (F),other,23153(F),23153,0,all|driving,driving: explicit VC numeric statute family 23153,27,27,https://leginfo.legislature.ca.gov/faces/codes_displaySection.xhtml?lawCode=VEH&sectionNum=23153.
PC,148.5(A),FALSE REPORT OF CRIME TO PEACE OFCR (M),other,148.5(A),148.5,0,all,All-source population only; outside the selected statute-family indicators,26,26,https://leginfo.legislature.ca.gov/faces/codes_displaySection.xhtml?lawCode=PEN&sectionNum=148.5.
PC,21710,POSSESS/MANUFACTURE/COMMERCIAL SALE COMPOSITE/WOOD KNUCKLES (M),other,21710,21710,0,all|weapons,weapons: explicit PC numeric statute family 21710,26,26,https://leginfo.legislature.ca.gov/faces/codes_displaySection.xhtml?lawCode=PEN&sectionNum=21710.
PC,243.9A,BATTERY BY GASSING OF PO/DETENTION/INVEST/PROSECUTION EMP (M),ambiguous_related,243.9A,243.9,0,all,All-source population only; outside the selected statute-family indicators,26,26,https://leginfo.legislature.ca.gov/faces/codes_displaySection.xhtml?lawCode=PEN&sectionNum=243.9.
PC,30305(A)(1),PROHIBITED PERSON OWN/POSSESS/ETC AMMUNITION/ETC (M),other,30305(A)(1),30305,0,all|weapons,weapons: explicit PC numeric statute family 30305,26,26,https://leginfo.legislature.ca.gov/faces/codes_displaySection.xhtml?lawCode=PEN&sectionNum=30305.
PC,666.5(A),VEH THEFT:SPECIFIC PRS (F),other,666.5(A),666.5,0,all,All-source population only; outside the selected statute-family indicators,26,25,https://leginfo.legislature.ca.gov/faces/codes_displaySection.xhtml?lawCode=PEN&sectionNum=666.5.
MC,10.32.050(A),Unauthorized presence in drainage channels or storm channels,other,10.32.050(A),10.32,0,all,All-source population only; outside the selected statute-family indicators,25,25,
PC,136.1(B)(1),ATT TO PREVENT/DISSUADE VIC/WIT FROM REPORTING (F),ambiguous_related,136.1(B)(1),136.1,0,all,All-source population only; outside the selected statute-family indicators,25,25,https://leginfo.legislature.ca.gov/faces/codes_displaySection.xhtml?lawCode=PEN&sectionNum=136.1.
PC,23920,POSSESS/BUY/ETC FIREARM WITHOUT IDENTIFICATION MARK (M),other,23920,23920,0,all|weapons,weapons: explicit PC numeric statute family 23920,25,25,https://leginfo.legislature.ca.gov/faces/codes_displaySection.xhtml?lawCode=PEN&sectionNum=23920.
PC,240,ASSAULT ON PERS (Simple Assault) (M),ambiguous_related,240,240,0,all|violence,violence: explicit PC numeric statute family 240; core-DV charge excluded from this family,25,25,https://leginfo.legislature.ca.gov/faces/codes_displaySection.xhtml?lawCode=PEN&sectionNum=240.
PC,246,SHOOT AT INHABITED DWELLING/VEH (F),ambiguous_related,246,246,0,all,All-source population only; outside the selected statute-family indicators,25,25,https://leginfo.legislature.ca.gov/faces/codes_displaySection.xhtml?lawCode=PEN&sectionNum=246.
PC,273.5A,SPOUSAL/COHABITANT ABUSE WITH MINOR INJURY (M),core_dv,273.5A,273.5,0,all|core,Core DV: existing reviewed exact charge classification,25,25,https://leginfo.legislature.ca.gov/faces/codes_displaySection.xhtml?lawCode=PEN&sectionNum=273.5.
PC,374.7(A),LITTER/DUMP WASTE IN WATER/SHORE (M),other,374.7(A),374.7,0,all,All-source population only; outside the selected statute-family indicators,25,12,https://leginfo.legislature.ca.gov/faces/codes_displaySection.xhtml?lawCode=PEN&sectionNum=374.7.
PC,415(1),DISORD CONDUCT:FIGHT/CHALLENGE FIGHT PUB PLACE (M),other,415(1),415,0,all,All-source population only; outside the selected statute-family indicators,25,23,https://leginfo.legislature.ca.gov/faces/codes_displaySection.xhtml?lawCode=PEN&sectionNum=415.
VC,22107,TURNS:UNSAFE TURN AND/OR NO TURN SIGNAL (I),other,22107,22107,0,all,All-source population only; outside the selected statute-family indicators,25,25,https://leginfo.legislature.ca.gov/faces/codes_displaySection.xhtml?lawCode=VEH&sectionNum=22107.
VC,22349(A),EXCEED 65 MPH STATUTORY SPEED (I),other,22349(A),22349,0,all,All-source population only; outside the selected statute-family indicators,25,25,https://leginfo.legislature.ca.gov/faces/codes_displaySection.xhtml?lawCode=VEH&sectionNum=22349.
VC,23109(C),ILLEGAL SPEED EXHIBITION (M),other,23109(C),23109,0,all|driving,driving: explicit VC numeric statute family 23109,25,23,https://leginfo.legislature.ca.gov/faces/codes_displaySection.xhtml?lawCode=VEH&sectionNum=23109.
PC,186.22(D),CRIMINAL STREET GANG:WITH PUBLIC OFFENSE CONVICTION (F),other,186.22(D),186.22,0,all,All-source population only; outside the selected statute-family indicators,24,24,https://leginfo.legislature.ca.gov/faces/codes_displaySection.xhtml?lawCode=PEN&sectionNum=186.22.
PC,245(A)(4),ADW WITH FORCE:POSSIBLE GBI,ambiguous_related,245(A)(4),245,0,all|violence,violence: explicit PC numeric statute family 245; core-DV charge excluded from this family,24,24,https://leginfo.legislature.ca.gov/faces/codes_displaySection.xhtml?lawCode=PEN&sectionNum=245.
PC,452C,CAUSING FIRE OF STRUCTURE/FOREST LAND (F),other,452C,452,0,all,All-source population only; outside the selected statute-family indicators,24,23,https://leginfo.legislature.ca.gov/faces/codes_displaySection.xhtml?lawCode=PEN&sectionNum=452.
VC,22348B,DRIVE IN EXCESS 100 MPH (I),other,22348B,22348,0,all,All-source population only; outside the selected statute-family indicators,24,23,https://leginfo.legislature.ca.gov/faces/codes_displaySection.xhtml?lawCode=VEH&sectionNum=22348.
VC,23153(A),DUI ALCOHOL:CAUSING BODILY INJURY (M),other,23153(A),23153,0,all|driving,driving: explicit VC numeric statute family 23153,24,24,https://leginfo.legislature.ca.gov/faces/codes_displaySection.xhtml?lawCode=VEH&sectionNum=23153.
VC,2800.2(A),DISREGARD SAFETY:EVADE POLICE (M),other,2800.2(A),2800.2,0,all|driving,driving: explicit VC numeric statute family 2800.2,24,23,https://leginfo.legislature.ca.gov/faces/codes_displaySection.xhtml?lawCode=VEH&sectionNum=2800.2.
ZZ,BW-F,FELONY BENCH WARRANT (OUR AGENCY),other,BW-F,,0,all,All-source population only; outside the selected statute-family indicators,24,24,
PC,12091,POSS FIREARM W/ALTERED IDENT (F),other,12091,12091,0,all,All-source population only; outside the selected statute-family indicators,23,23,https://leginfo.legislature.ca.gov/faces/codes_displaySection.xhtml?lawCode=PEN&sectionNum=12091.
PC,243A,BATTERY ON PERSON,ambiguous_related,243A,243,0,all|violence,violence: explicit PC numeric statute family 243; core-DV charge excluded from this family,23,23,https://leginfo.legislature.ca.gov/faces/codes_displaySection.xhtml?lawCode=PEN&sectionNum=243.
PC,25400(C)(4),CARRY CONCEALED WEAPON PROHIBITED CLASS/UNLAWFUL POSSESSION (F),other,25400(C)(4),25400,0,all|weapons,weapons: explicit PC numeric statute family 25400,23,22,https://leginfo.legislature.ca.gov/faces/codes_displaySection.xhtml?lawCode=PEN&sectionNum=25400.
PC,4600,DAMAGE JAIL/PRISON/PROPERTY (UNDER $950) (M),other,4600,4600,0,all,All-source population only; outside the selected statute-family indicators,23,23,https://leginfo.legislature.ca.gov/faces/codes_displaySection.xhtml?lawCode=PEN&sectionNum=4600.
PC,484E(D),USE ACCESS CARD ACCOUNT INFO W/O CONSENT (F),other,484E(D),484,0,all|property,property: explicit PC numeric statute family 484,23,23,https://leginfo.legislature.ca.gov/faces/codes_displaySection.xhtml?lawCode=PEN&sectionNum=484.
PC,487(D),GRAND THEFT:AUTO (F),other,487(D),487,0,all|property,property: explicit PC numeric statute family 487,23,23,https://leginfo.legislature.ca.gov/faces/codes_displaySection.xhtml?lawCode=PEN&sectionNum=487.
VC,21200.5,RIDING BICYCLE UNDER INFLUENCE OF ALCOHOL AND/OR DRUGS(IBR 90E),other,21200.5,21200.5,0,all,All-source population only; outside the selected statute-family indicators,23,23,https://leginfo.legislature.ca.gov/faces/codes_displaySection.xhtml?lawCode=VEH&sectionNum=21200.5.
HS,11370.4(A)4,HEROIN OR COCAINE OVER 20KG (BAIL+),other,11370.4(A)4,11370.4,0,all|drug,drug: explicit HS numeric statute family 11370.4,22,16,https://leginfo.legislature.ca.gov/faces/codes_displaySection.xhtml?lawCode=HSC&sectionNum=11370.4.
PC,136.1(A)(1),PREVENT/DISSUADE VIC/WIT (F),ambiguous_related,136.1(A)(1),136.1,0,all,All-source population only; outside the selected statute-family indicators,22,22,https://leginfo.legislature.ca.gov/faces/codes_displaySection.xhtml?lawCode=PEN&sectionNum=136.1.
PC,20150(A),ALTER/CHANGE/ETC IMITATION FIREARM TO LOOK LIKE A FIREARM (M),other,20150(A),20150,0,all|weapons,weapons: explicit PC numeric statute family 20150,22,22,https://leginfo.legislature.ca.gov/faces/codes_displaySection.xhtml?lawCode=PEN&sectionNum=20150.
PC,266I(A)(1),PANDERING:PROCURE PERSON FOR PROSTITUTION (F),other,266I(A)(1),266,0,all,All-source population only; outside the selected statute-family indicators,22,22,https://leginfo.legislature.ca.gov/faces/codes_displaySection.xhtml?lawCode=PEN&sectionNum=266.
PC,273D,INFLICT SERIOUS INJ UPON A CHILD (F),ambiguous_related,273D,273,0,all,All-source population only; outside the selected statute-family indicators,22,22,https://leginfo.legislature.ca.gov/faces/codes_displaySection.xhtml?lawCode=PEN&sectionNum=273.
PC,29180(2)(A),MANUFACTURE/ASSEMBLE FIREARM - PROVIDE SERIAL NUMBER (M),other,29180(2)(A),29180,0,all|weapons,weapons: explicit PC numeric statute family 29180,22,22,https://leginfo.legislature.ca.gov/faces/codes_displaySection.xhtml?lawCode=PEN&sectionNum=29180.
PC,308A1AI,FURNISH UNDER 21 W/TOBACCO/SMOKING PARAPHERNALIA (M),other,308A1AI,308,0,all,All-source population only; outside the selected statute-family indicators,22,22,https://leginfo.legislature.ca.gov/faces/codes_displaySection.xhtml?lawCode=PEN&sectionNum=308.
PC,487(B)(3),GRAND THEFT BY SERVANT/ETC [$950 OR MORE] (F),other,487(B)(3),487,0,all|property,property: explicit PC numeric statute family 487,22,22,https://leginfo.legislature.ca.gov/faces/codes_displaySection.xhtml?lawCode=PEN&sectionNum=487.
PC,530.5(D)(2),KNOWINGLY USE PERSONAL IDENTIFYING INFO TO COMMIT A VIOLATION (F),other,530.5(D)(2),530.5,0,all|property,property: explicit PC numeric statute family 530.5,22,22,https://leginfo.legislature.ca.gov/faces/codes_displaySection.xhtml?lawCode=PEN&sectionNum=530.5.
PC,600A,WILLFULLY HARM PEACE OFCRS HORSE/DOG W/O SER INJ (M),other,600A,600,0,all,All-source population only; outside the selected statute-family indicators,22,22,https://leginfo.legislature.ca.gov/faces/codes_displaySection.xhtml?lawCode=PEN&sectionNum=600.
VC,12500(A),DRVG WITHOUT VALID DRVR'S LIC,other,12500(A),12500,0,all|driving,driving: explicit VC numeric statute family 12500,22,22,https://leginfo.legislature.ca.gov/faces/codes_displaySection.xhtml?lawCode=VEH&sectionNum=12500.
VC,4000A,NO REGISTRATION:VEHICLE/TRAILER/ETC (I),other,4000A,4000,0,all,All-source population only; outside the selected statute-family indicators,22,22,https://leginfo.legislature.ca.gov/faces/codes_displaySection.xhtml?lawCode=VEH&sectionNum=4000.
HS,11351.5,POSS/PURCHASE COCAINE BASE FOR SALE (F),other,11351.5,11351.5,0,all|drug,drug: explicit HS numeric statute family 11351.5,21,21,https://leginfo.legislature.ca.gov/faces/codes_displaySection.xhtml?lawCode=HSC&sectionNum=11351.5.
MC,9.60.060,UNLAWFUL CAMPING,other,9.60.060,9.60,0,all,All-source population only; outside the selected statute-family indicators,21,21,
PC,261.5(C),UNL SEX INTERCOURSE W/MINOR:MORE THAN 3 YRS YOUNGER (F),ambiguous_related,261.5(C),261.5,0,all,All-source population only; outside the selected statute-family indicators,21,21,https://leginfo.legislature.ca.gov/faces/codes_displaySection.xhtml?lawCode=PEN&sectionNum=261.5.
PC,470A,ALTER/FORGE/FALSIFY DRVRS LIC/IDENT (F),other,470A,470,0,all|property,property: explicit PC numeric statute family 470,21,21,https://leginfo.legislature.ca.gov/faces/codes_displaySection.xhtml?lawCode=PEN&sectionNum=470.
PC,530,PERSONATE TO GET MONEY/PROP [$400 OR LESS] (M),other,530,530,0,all,All-source population only; outside the selected statute-family indicators,21,21,https://leginfo.legislature.ca.gov/faces/codes_displaySection.xhtml?lawCode=PEN&sectionNum=530.
PC,532A,OBTAIN MONEY/ETC BY FALSE PRETENSES [$950 OR LESS] (M),other,532A,532,0,all,All-source population only; outside the selected statute-family indicators,21,21,https://leginfo.legislature.ca.gov/faces/codes_displaySection.xhtml?lawCode=PEN&sectionNum=532.
PC,597(A),INTENTIONAL CRUELTY TO ANIMAL/S (F),other,597(A),597,0,all,All-source population only; outside the selected statute-family indicators,21,21,https://leginfo.legislature.ca.gov/faces/codes_displaySection.xhtml?lawCode=PEN&sectionNum=597.
PC,602.5,ENTER NONCOMMERCIAL DWELLING (M),other,602.5,602.5,0,all,All-source population only; outside the selected statute-family indicators,21,19,https://leginfo.legislature.ca.gov/faces/codes_displaySection.xhtml?lawCode=PEN&sectionNum=602.5.
VC,26708(A)(1),A PERSON NOT OPERATE VEHICLE WITH WINDOW/VIEW OBSTRUCTED (I),other,26708(A)(1),26708,0,all,All-source population only; outside the selected statute-family indicators,21,21,https://leginfo.legislature.ca.gov/faces/codes_displaySection.xhtml?lawCode=VEH&sectionNum=26708.
VC,2800,FAIL TO OBEY PEACE OFFICER:LAWFUL ORDER OR INSPECTION (M),other,2800,2800,0,all,All-source population only; outside the selected statute-family indicators,21,21,https://leginfo.legislature.ca.gov/faces/codes_displaySection.xhtml?lawCode=VEH&sectionNum=2800.
HS,11351,POSSESS/PURCHASE FOR SALE NARCOTIC/CONTROLLED SUBSTANCE,other,11351,11351,0,all|drug,drug: explicit HS numeric statute family 11351,20,18,https://leginfo.legislature.ca.gov/faces/codes_displaySection.xhtml?lawCode=HSC&sectionNum=11351.
HS,11370.4(A)3,HEROIN OR COCAINE OVER 10KG (BAIL+),other,11370.4(A)3,11370.4,0,all|drug,drug: explicit HS numeric statute family 11370.4,20,19,https://leginfo.legislature.ca.gov/faces/codes_displaySection.xhtml?lawCode=HSC&sectionNum=11370.4.
PC,314(1),INDECENT EXPOSURE W/PR (F),other,314(1),314,0,all,All-source population only; outside the selected statute-family indicators,20,20,https://leginfo.legislature.ca.gov/faces/codes_displaySection.xhtml?lawCode=PEN&sectionNum=314.
VC,14610(A)(1),UNLAWFUL USE OF INVALID DRVR'S LIC (M),other,14610(A)(1),14610,0,all,All-source population only; outside the selected statute-family indicators,20,20,https://leginfo.legislature.ca.gov/faces/codes_displaySection.xhtml?lawCode=VEH&sectionNum=14610.
VC,16028(C),FAIL TO PROVE FIN RESPONS:PEACE OFCR REQ AT COLLISION (I),other,16028(C),16028,0,all,All-source population only; outside the selected statute-family indicators,20,20,https://leginfo.legislature.ca.gov/faces/codes_displaySection.xhtml?lawCode=VEH&sectionNum=16028.
VC,23110B,THROW SUBS AT VEH ON HWY W/GBI INTENT (F),other,23110B,23110,0,all,All-source population only; outside the selected statute-family indicators,20,20,https://leginfo.legislature.ca.gov/faces/codes_displaySection.xhtml?lawCode=VEH&sectionNum=23110.
VC,26710,DEFECTIVE WINDSHIELDS OR REAR WINDOW (I),other,26710,26710,0,all,All-source population only; outside the selected statute-family indicators,20,20,https://leginfo.legislature.ca.gov/faces/codes_displaySection.xhtml?lawCode=VEH&sectionNum=26710.
VC,31,GIVE FALSE INFO TO PEACE OFCR,other,31,31,0,all,All-source population only; outside the selected statute-family indicators,20,19,https://leginfo.legislature.ca.gov/faces/codes_displaySection.xhtml?lawCode=VEH&sectionNum=31.
HS,11395,TREATMENT MANDATED FELONY ACT/MISD POSS W/ 2 PRIORS,other,11395,11395,0,all|drug,drug: explicit HS numeric statute family 11395,19,19,https://leginfo.legislature.ca.gov/faces/codes_displaySection.xhtml?lawCode=HSC&sectionNum=11395.
MC,09.36.100,STORAGE OF PERSONAL PROPERTY IN PUBLIC PLACES PROHIBITED (M),other,09.36.100,09.36,0,all,All-source population only; outside the selected statute-family indicators,19,19,
MC,9.01.010,CAMPING ON PRIVATE PROPERTY,other,9.01.010,9.01,0,all,All-source population only; outside the selected statute-family indicators,19,15,
MC,9.36.090,UNLAWFULL CAMPING (M),other,9.36.090,9.36,0,all,All-source population only; outside the selected statute-family indicators,19,19,
PC,1203.2,PROBATION VIOLATION:REARREST/REVOKE [STATE SPECIFIC CRIME],other,1203.2,1203.2,0,all,All-source population only; outside the selected statute-family indicators,19,18,https://leginfo.legislature.ca.gov/faces/codes_displaySection.xhtml?lawCode=PEN&sectionNum=1203.2.
PC,266H(A),PIMPING (F),other,266H(A),266,0,all,All-source population only; outside the selected statute-family indicators,19,18,https://leginfo.legislature.ca.gov/faces/codes_displaySection.xhtml?lawCode=PEN&sectionNum=266.
PC,29900(A)(1),POSSESS/ETC FIREARM W/PR VIOLENT OFFENSE CONVICTION (F),other,29900(A)(1),29900,0,all|weapons,weapons: explicit PC numeric statute family 29900,19,19,https://leginfo.legislature.ca.gov/faces/codes_displaySection.xhtml?lawCode=PEN&sectionNum=29900.
PC,4573.8,POSS DRUGS/ALCOHOLIC BEVERAGE IN PRISON/JAIL,other,4573.8,4573.8,0,all,All-source population only; outside the selected statute-family indicators,19,18,https://leginfo.legislature.ca.gov/faces/codes_displaySection.xhtml?lawCode=PEN&sectionNum=4573.8.
PC,459,BURGLARY (RESIDENTIAL),other,459,459,0,all|property,property: explicit PC numeric statute family 459,19,16,https://leginfo.legislature.ca.gov/faces/codes_displaySection.xhtml?lawCode=PEN&sectionNum=459.
VC,14601.2(A),DRIV W/LIC SUSP/REV W/PRIOR DUI CONV,other,14601.2(A),14601.2,0,all|driving,driving: explicit VC numeric statute family 14601.2,19,19,https://leginfo.legislature.ca.gov/faces/codes_displaySection.xhtml?lawCode=VEH&sectionNum=14601.2.
CO,32.303(A),SOCIAL HOST - FAIL TO PREVENT ALCOHOL CONSUMPTION BY MINOR (M),other,32.303(A),32.303,0,all,All-source population only; outside the selected statute-family indicators,18,16,
HS,11378,POSS CONTROLLED SUBS FOR SALE,other,11378,11378,0,all|drug,drug: explicit HS numeric statute family 11378,18,17,https://leginfo.legislature.ca.gov/faces/codes_displaySection.xhtml?lawCode=HSC&sectionNum=11378.
MC,9.28.010,POSS. OPEN ALCOHOL CONTAINER IN PUBLIC,other,9.28.010,9.28,0,all,All-source population only; outside the selected statute-family indicators,18,17,
PC,288.5(A),CONTINUOUS SEXUAL ABUSE OF CHILD (F),ambiguous_related,288.5(A),288.5,0,all,All-source population only; outside the selected statute-family indicators,18,18,https://leginfo.legislature.ca.gov/faces/codes_displaySection.xhtml?lawCode=PEN&sectionNum=288.5.
PC,647(I),DISORD CONDUCT:PEEK INTO INHABITED BUILDING (Peeping) (M),other,647(I),647,0,all,All-source population only; outside the selected statute-family indicators,18,18,https://leginfo.legislature.ca.gov/faces/codes_displaySection.xhtml?lawCode=PEN&sectionNum=647.
PC,978.5,BENCH WARRANT/FAILURE TO APPEAR ON MISDEMEANOR CHARGE,other,978.5,978.5,0,all,All-source population only; outside the selected statute-family indicators,18,18,https://leginfo.legislature.ca.gov/faces/codes_displaySection.xhtml?lawCode=PEN&sectionNum=978.5.
VC,12500B,OPER MOTORCYCLE W/O PROPER LIC (I),other,12500B,12500,0,all|driving,driving: explicit VC numeric statute family 12500,18,18,https://leginfo.legislature.ca.gov/faces/codes_displaySection.xhtml?lawCode=VEH&sectionNum=12500.
VC,23110A,THROW SUBS AT VEH ON HWY (M),other,23110A,23110,0,all,All-source population only; outside the selected statute-family indicators,18,18,https://leginfo.legislature.ca.gov/faces/codes_displaySection.xhtml?lawCode=VEH&sectionNum=23110.
ZZ,981000,MISCELLANEOUS INCIDENTS,other,981000,981000,0,all,All-source population only; outside the selected statute-family indicators,18,18,
ZZ,BW-M,MISDEMEANOR BENCH WARRANT (OUR AGENCY),other,BW-M,,0,all,All-source population only; outside the selected statute-family indicators,18,18,
HS,11358(C),CULTIVATE MARIJUANA 6+ PLANTS (M),other,11358(C),11358,0,all|drug,drug: explicit HS numeric statute family 11358,17,17,https://leginfo.legislature.ca.gov/faces/codes_displaySection.xhtml?lawCode=HSC&sectionNum=11358.
HS,11370.4(A)2,HEROIN OR COCAINE OVER 4KG (BAIL+),other,11370.4(A)2,11370.4,0,all|drug,drug: explicit HS numeric statute family 11370.4,17,15,https://leginfo.legislature.ca.gov/faces/codes_displaySection.xhtml?lawCode=HSC&sectionNum=11370.4.
PC,22810(E)(1),POSSESS/PURCHASE/ETC PROJECTILE TEAR GAS WEAPON (F),other,22810(E)(1),22810,0,all|weapons,weapons: explicit PC numeric statute family 22810,17,17,https://leginfo.legislature.ca.gov/faces/codes_displaySection.xhtml?lawCode=PEN&sectionNum=22810.
PC,245A1,ASSAULT W/DEADLY WEAPON:NOT F/ARM,ambiguous_related,245A1,245,0,all|violence,violence: explicit PC numeric statute family 245; core-DV charge excluded from this family,17,16,https://leginfo.legislature.ca.gov/faces/codes_displaySection.xhtml?lawCode=PEN&sectionNum=245.
PC,245B,ASSAULT PERSON WITH A SEMIAUTOMATIC FIREARM (F),ambiguous_related,245B,245,0,all|violence,violence: explicit PC numeric statute family 245; core-DV charge excluded from this family,17,17,https://leginfo.legislature.ca.gov/faces/codes_displaySection.xhtml?lawCode=PEN&sectionNum=245.
PC,273A(A),WILLFUL CRUELTY TO CHILD: WITH INJURY/DEATH,ambiguous_related,273A(A),273,0,all,All-source population only; outside the selected statute-family indicators,17,16,https://leginfo.legislature.ca.gov/faces/codes_displaySection.xhtml?lawCode=PEN&sectionNum=273.
PC,308(A),FURNISH MINOR W/TOBACCO/SMOKING PARAPHERNALIA (M),other,308(A),308,0,all,All-source population only; outside the selected statute-family indicators,17,17,https://leginfo.legislature.ca.gov/faces/codes_displaySection.xhtml?lawCode=PEN&sectionNum=308.
PC,422.7(A),VIOLATE CIVIL RIGHTS:CAUSE VIOLENT INJ (FELONY) (F),ambiguous_related,422.7(A),422.7,0,all,All-source population only; outside the selected statute-family indicators,17,16,https://leginfo.legislature.ca.gov/faces/codes_displaySection.xhtml?lawCode=PEN&sectionNum=422.7.
PC,470B,FORGE/HANDWRITING (F),other,470B,470,0,all|property,property: explicit PC numeric statute family 470,17,17,https://leginfo.legislature.ca.gov/faces/codes_displaySection.xhtml?lawCode=PEN&sectionNum=470.
PC,836.6(B),ESCAPE/ATTEMPT ESCAPE AFTER ARREST (M),other,836.6(B),836.6,0,all,All-source population only; outside the selected statute-family indicators,17,17,https://leginfo.legislature.ca.gov/faces/codes_displaySection.xhtml?lawCode=PEN&sectionNum=836.6.
VC,12500C,DRVG W/O VALID DRVR'S LIC IN OFFSTREET PARKING FAC (I),other,12500C,12500,0,all|driving,driving: explicit VC numeric statute family 12500,17,17,https://leginfo.legislature.ca.gov/faces/codes_displaySection.xhtml?lawCode=VEH&sectionNum=12500.
VC,24252(A)(1),FAILURE TO MAINTAIN VEH LIGHTING EQUIP (I),other,24252(A)(1),24252,0,all,All-source population only; outside the selected statute-family indicators,17,17,https://leginfo.legislature.ca.gov/faces/codes_displaySection.xhtml?lawCode=VEH&sectionNum=24252.
VC,24601,FAIL TO MAINTAIN LIC PLATE LAMP (I),other,24601,24601,0,all,All-source population only; outside the selected statute-family indicators,17,17,https://leginfo.legislature.ca.gov/faces/codes_displaySection.xhtml?lawCode=VEH&sectionNum=24601.
HS,11357(C),POSSESS MARIJUANA ON GROUNDS DURING SCHOOL ACTIVITY - ADULT (M),other,11357(C),11357,0,all|drug,drug: explicit HS numeric statute family 11357,16,15,https://leginfo.legislature.ca.gov/faces/codes_displaySection.xhtml?lawCode=HSC&sectionNum=11357.
HS,11370.4(A)5,HEROIN OR COCAINE OVER 40KG (BAIL+),other,11370.4(A)5,11370.4,0,all|drug,drug: explicit HS numeric statute family 11370.4,16,13,https://leginfo.legislature.ca.gov/faces/codes_displaySection.xhtml?lawCode=HSC&sectionNum=11370.4.
HS,11391,TRANS SPORES/MUSHROOM TO PRODUCE CNTL SUB (F),other,11391,11391,0,all|drug,drug: explicit HS numeric statute family 11391,16,16,https://leginfo.legislature.ca.gov/faces/codes_displaySection.xhtml?lawCode=HSC&sectionNum=11391.
HS,12677,POSS FIREWORKS W/O PERMIT (M),other,12677,12677,0,all,All-source population only; outside the selected statute-family indicators,16,16,https://leginfo.legislature.ca.gov/faces/codes_displaySection.xhtml?lawCode=HSC&sectionNum=12677.
MC,12.28.070,VIOLATE OPERATING HOURS AT CITY PARK & REC AREAS,other,12.28.070,12.28,0,all,All-source population only; outside the selected statute-family indicators,16,16,
PC,20510,MANUFACTURE/SALE/POSSESS/ETC CANE SWORD (F),other,20510,20510,0,all|weapons,weapons: explicit PC numeric statute family 20510,16,16,https://leginfo.legislature.ca.gov/faces/codes_displaySection.xhtml?lawCode=PEN&sectionNum=20510.
PC,22810(G)(1),ILL USE OF TEAR GAS/TEAR GAS WEAPON (F),other,22810(G)(1),22810,0,all|weapons,weapons: explicit PC numeric statute family 22810,16,16,https://leginfo.legislature.ca.gov/faces/codes_displaySection.xhtml?lawCode=PEN&sectionNum=22810.
PC,241C,ASSAULT ON PEACE OFFICER/EMERGENCY PERSONNEL/ETC (M),ambiguous_related,241C,241,0,all,All-source population only; outside the selected statute-family indicators,16,16,https://leginfo.legislature.ca.gov/faces/codes_displaySection.xhtml?lawCode=PEN&sectionNum=241.
PC,33600,MANUFACTURE/SALE/POSSESS ZIP GUN (F),other,33600,33600,0,all|weapons,weapons: explicit PC numeric statute family 33600,16,16,https://leginfo.legislature.ca.gov/faces/codes_displaySection.xhtml?lawCode=PEN&sectionNum=33600.
PC,368(F),FALSE IMPRISONMENT OF ELDER (F),ambiguous_related,368(F),368,0,all,All-source population only; outside the selected statute-family indicators,16,16,https://leginfo.legislature.ca.gov/faces/codes_displaySection.xhtml?lawCode=PEN&sectionNum=368.
PC,381(B),POSS SUBS SIMILAR TO TOLUENE (M),other,381(B),381,0,all,All-source population only; outside the selected statute-family indicators,16,15,https://leginfo.legislature.ca.gov/faces/codes_displaySection.xhtml?lawCode=PEN&sectionNum=381.
PC,422A,THREATEN CRIME WITH INTENT TO TERRORIZE,ambiguous_related,422A,422,0,all|violence,violence: explicit PC numeric statute family 422; core-DV charge excluded from this family,16,16,https://leginfo.legislature.ca.gov/faces/codes_displaySection.xhtml?lawCode=PEN&sectionNum=422.
PC,452D,CAUSING FIRE OF PROPERTY (M),other,452D,452,0,all,All-source population only; outside the selected statute-family indicators,16,16,https://leginfo.legislature.ca.gov/faces/codes_displaySection.xhtml?lawCode=PEN&sectionNum=452.
PC,488,PETTY THEFT(Mot Veh Parts) (M),other,488,488,0,all|property,property: explicit PC numeric statute family 488,16,16,https://leginfo.legislature.ca.gov/faces/codes_displaySection.xhtml?lawCode=PEN&sectionNum=488.
PC,647(F)DK,DISORDERLY CONDUCT:INTOX DRUG WITH ALCOHOL,other,647(F)DK,647,0,all,All-source population only; outside the selected statute-family indicators,16,16,https://leginfo.legislature.ca.gov/faces/codes_displaySection.xhtml?lawCode=PEN&sectionNum=647.
PC,69(A),OBSTRUCT/RESIST EXECUTIVE OFFICER WITH MINOR INJURY,other,69(A),69,0,all,All-source population only; outside the selected statute-family indicators,16,16,https://leginfo.legislature.ca.gov/faces/codes_displaySection.xhtml?lawCode=PEN&sectionNum=69.
VC,23154(A),OPERATE MOTOR VEHICLE W/0.01% OR MORE BAC WHILE ON PROBATION FOR DUI,other,23154(A),23154,0,all|driving,driving: explicit VC numeric statute family 23154,16,16,https://leginfo.legislature.ca.gov/faces/codes_displaySection.xhtml?lawCode=VEH&sectionNum=23154.
CO,41.125(A),ENTER OR REMAIN IN COUNTY PARK AFTER CLOSING HOURS W/O AUTH (M),other,41.125(A),41.125,0,all,All-source population only; outside the selected statute-family indicators,15,14,
HS,11379(B),TRANS FOR SALE CONT SUBS BETWEEN COUNTIES (F),other,11379(B),11379,0,all|drug,drug: explicit HS numeric statute family 11379,15,14,https://leginfo.legislature.ca.gov/faces/codes_displaySection.xhtml?lawCode=HSC&sectionNum=11379.
PC,243(C)(1),BATTERY AGAINST EMERGENCY PERSON SERIOUS INJURY (F),ambiguous_related,243(C)(1),243,0,all|violence,violence: explicit PC numeric statute family 243; core-DV charge excluded from this family,15,15,https://leginfo.legislature.ca.gov/faces/codes_displaySection.xhtml?lawCode=PEN&sectionNum=243.
PC,288(B)(1),LEWD AND LASCIVIOUS ACTS WITH CHILD UNDER 14 W/FORCE/ETC (F),ambiguous_related,288(B)(1),288,0,all,All-source population only; outside the selected statute-family indicators,15,15,https://leginfo.legislature.ca.gov/faces/codes_displaySection.xhtml?lawCode=PEN&sectionNum=288.
PC,288(C)(1),LEWD & LASCIVIOUS ACT W/CHILD 14/15:DEFENDANT 10 YRS OLDER 11D (F),ambiguous_related,288(C)(1),288,0,all,All-source population only; outside the selected statute-family indicators,15,15,https://leginfo.legislature.ca.gov/faces/codes_displaySection.xhtml?lawCode=PEN&sectionNum=288.
PC,368(B)(1),CAUSE HARM/DEATH OF ELDER /DEPENDENT ADULT,ambiguous_related,368(B)(1),368,0,all,All-source population only; outside the selected statute-family indicators,15,15,https://leginfo.legislature.ca.gov/faces/codes_displaySection.xhtml?lawCode=PEN&sectionNum=368.
PC,459,BURGLARY/UNSPECIFIED,other,459,459,0,all|property,property: explicit PC numeric statute family 459,15,15,https://leginfo.legislature.ca.gov/faces/codes_displaySection.xhtml?lawCode=PEN&sectionNum=459.
PC,470(D),FORGERY:FALSE CHECKS/RECORDS/CERTIFICATES (M),other,470(D),470,0,all|property,property: explicit PC numeric statute family 470,15,13,https://leginfo.legislature.ca.gov/faces/codes_displaySection.xhtml?lawCode=PEN&sectionNum=470.
PC,487(A),GRAND THEFT (Mot Veh Theft) (F),other,487(A),487,0,all|property,property: explicit PC numeric statute family 487,15,15,https://leginfo.legislature.ca.gov/faces/codes_displaySection.xhtml?lawCode=PEN&sectionNum=487.
PC,488,PETTY THEFT(Purse Snatch) (M),other,488,488,0,all|property,property: explicit PC numeric statute family 488,15,15,https://leginfo.legislature.ca.gov/faces/codes_displaySection.xhtml?lawCode=PEN&sectionNum=488.
PC,496D(A),POSSESS STOLEN VEHICLE/VESSEL/ETC,other,496D(A),496,0,all|property,property: explicit PC numeric statute family 496,15,15,https://leginfo.legislature.ca.gov/faces/codes_displaySection.xhtml?lawCode=PEN&sectionNum=496.
PC,591,DAMAGE ETC/USE ETC/POWER CONNECTING LINES (F),ambiguous_related,591,591,0,all,All-source population only; outside the selected statute-family indicators,15,15,https://leginfo.legislature.ca.gov/faces/codes_displaySection.xhtml?lawCode=PEN&sectionNum=591.
PC,602.1(A),TRESPASS:OBSTRUCT BUSINESS OPERS (M),other,602.1(A),602.1,0,all,All-source population only; outside the selected statute-family indicators,15,15,https://leginfo.legislature.ca.gov/faces/codes_displaySection.xhtml?lawCode=PEN&sectionNum=602.1.
VC,23224A,MINOR:KNOWINGLY OPER VEH W/CARRYING ALC (M),other,23224A,23224,0,all,All-source population only; outside the selected statute-family indicators,15,15,https://leginfo.legislature.ca.gov/faces/codes_displaySection.xhtml?lawCode=VEH&sectionNum=23224.
VC,23578,EXCESSIVE BLOOD ALC OR REFUSAL TO TAKE CHEMICAL TESTING: ENHANCED PENALTIES,other,23578,23578,0,all|driving,driving: explicit VC numeric statute family 23578,15,15,https://leginfo.legislature.ca.gov/faces/codes_displaySection.xhtml?lawCode=VEH&sectionNum=23578.
ZZ,OUT WARRANT,OUTSIDE WARRANT/MISD,other,OUTWARRANT,,0,all,All-source population only; outside the selected statute-family indicators,15,15,
MC,9.01.025A,SLEEP OR LAY IN VEHICLE PARKED ON PUBLIC STREET/ PROPERTY 2200-0600 HRS (I),other,9.01.025A,9.01,0,all,All-source population only; outside the selected statute-family indicators,14,14,
PC,148(D),ATTEMPT TO REMOVE/ETC FIREARM FROM PEACE OFFICER/ETC (F),other,148(D),148,0,all,All-source population only; outside the selected statute-family indicators,14,14,https://leginfo.legislature.ca.gov/faces/codes_displaySection.xhtml?lawCode=PEN&sectionNum=148.
PC,148.3(A),FALSE REPORT OF EMERGENCY (M),other,148.3(A),148.3,0,all,All-source population only; outside the selected statute-family indicators,14,14,https://leginfo.legislature.ca.gov/faces/codes_displaySection.xhtml?lawCode=PEN&sectionNum=148.3.
PC,18710(A),POSSESS DESTRUCTIVE DEVICE (F),ambiguous_related,18710(A),18710,0,all,All-source population only; outside the selected statute-family indicators,14,14,https://leginfo.legislature.ca.gov/faces/codes_displaySection.xhtml?lawCode=PEN&sectionNum=18710.
PC,220(A),ASSAULT W/INTENT TO COMMIT RAPE (F),ambiguous_related,220(A),220,0,all,All-source population only; outside the selected statute-family indicators,14,14,https://leginfo.legislature.ca.gov/faces/codes_displaySection.xhtml?lawCode=PEN&sectionNum=220.
PC,23920,POSSESS/BUY/ETC FIREARM W/ ALTERED IDENTIFICATION MARK (M),other,23920,23920,0,all|weapons,weapons: explicit PC numeric statute family 23920,14,14,https://leginfo.legislature.ca.gov/faces/codes_displaySection.xhtml?lawCode=PEN&sectionNum=23920.
PC,25400(C)(1),CARRY CONCEALED WEAPON IN VEHICLE W/PRIOR CONVICTION (F),other,25400(C)(1),25400,0,all|weapons,weapons: explicit PC numeric statute family 25400,14,14,https://leginfo.legislature.ca.gov/faces/codes_displaySection.xhtml?lawCode=PEN&sectionNum=25400.
PC,290(B),FAIL TO REGISTER/ETC:FELONY SEX OFFENDER WITH PRIOR (F),other,290(B),290,0,all,All-source population only; outside the selected statute-family indicators,14,14,https://leginfo.legislature.ca.gov/faces/codes_displaySection.xhtml?lawCode=PEN&sectionNum=290.
PC,314.1,INDECENT EXPOSURE W/PR (F),other,314.1,314.1,0,all,All-source population only; outside the selected statute-family indicators,14,14,https://leginfo.legislature.ca.gov/faces/codes_displaySection.xhtml?lawCode=PEN&sectionNum=314.1.
PC,463(C),PETTY THEFT:DURING STATE OF EMERGENCY - LOOTING (M),other,463(C),463,0,all,All-source population only; outside the selected statute-family indicators,14,14,https://leginfo.legislature.ca.gov/faces/codes_displaySection.xhtml?lawCode=PEN&sectionNum=463.
PC,602K,TRESPASS:INJURE PROPERTY (M),other,602K,602,0,all,All-source population only; outside the selected statute-family indicators,14,13,https://leginfo.legislature.ca.gov/faces/codes_displaySection.xhtml?lawCode=PEN&sectionNum=602.
VC,12951A,DRVG W/O DRVR'S LIC IN POSSESSION (I),other,12951A,12951,0,all|driving,driving: explicit VC numeric statute family 12951,14,14,https://leginfo.legislature.ca.gov/faces/codes_displaySection.xhtml?lawCode=VEH&sectionNum=12951.
VC,14604,OWNER LET UNLICD PERS OPER VEH (M),other,14604,14604,0,all,All-source population only; outside the selected statute-family indicators,14,14,https://leginfo.legislature.ca.gov/faces/codes_displaySection.xhtml?lawCode=VEH&sectionNum=14604.
VC,5200,LIC PLATES:IMPROPER DISPLAY (I),other,5200,5200,0,all,All-source population only; outside the selected statute-family indicators,14,14,https://leginfo.legislature.ca.gov/faces/codes_displaySection.xhtml?lawCode=VEH&sectionNum=5200.
HS,11370.4(B)2,AMPH/METH/PCP OVER 4KG OR 100L (BAIL+),other,11370.4(B)2,11370.4,0,all|drug,drug: explicit HS numeric statute family 11370.4,13,11,https://leginfo.legislature.ca.gov/faces/codes_displaySection.xhtml?lawCode=HSC&sectionNum=11370.4.
PC,166(A)(4),CONTEMPT OF COURT:DISOBEY COURT ORDER,ambiguous_related,166(A)(4),166,0,all,All-source population only; outside the selected statute-family indicators,13,13,https://leginfo.legislature.ca.gov/faces/codes_displaySection.xhtml?lawCode=PEN&sectionNum=166.
PC,166(C)(1),CONTEMPT OF COURT:VIOLATE PROTECTIVE ORDER,ambiguous_related,166(C)(1),166,0,all,All-source population only; outside the selected statute-family indicators,13,13,https://leginfo.legislature.ca.gov/faces/codes_displaySection.xhtml?lawCode=PEN&sectionNum=166.
PC,182(A)(5),CONSPIRACY TO COMMIT FELONY:GANG MEMBER (F),other,182(A)(5),182,0,all,All-source population only; outside the selected statute-family indicators,13,12,https://leginfo.legislature.ca.gov/faces/codes_displaySection.xhtml?lawCode=PEN&sectionNum=182.
PC,25400(C)(6),CARRY A LOADED CONCEALED WEAPON ON PERSON (F),other,25400(C)(6),25400,0,all|weapons,weapons: explicit PC numeric statute family 25400,13,13,https://leginfo.legislature.ca.gov/faces/codes_displaySection.xhtml?lawCode=PEN&sectionNum=25400.
PC,289A,SEXUAL PENETRATION W/FORCE/FEAR/ETC (F),ambiguous_related,289A,289,0,all,All-source population only; outside the selected statute-family indicators,13,13,https://leginfo.legislature.ca.gov/faces/codes_displaySection.xhtml?lawCode=PEN&sectionNum=289.
PC,290.013,SEX REGISTRANT FAIL REPORT ADDRESS CHANGE (F),other,290.013,290.013,0,all,All-source population only; outside the selected statute-family indicators,13,13,https://leginfo.legislature.ca.gov/faces/codes_displaySection.xhtml?lawCode=PEN&sectionNum=290.013.
PC,29815(A),CONVICTED PERSON POSS/OWN/ETC FIREARM:PROBATION RESTRICTION (F),other,29815(A),29815,0,all|weapons,weapons: explicit PC numeric statute family 29815,13,13,https://leginfo.legislature.ca.gov/faces/codes_displaySection.xhtml?lawCode=PEN&sectionNum=29815.
PC,30305(B)(1),PROHIBIT STREET GANG MEMBER OWN/POSSESS/ETC AMMUNITION (M),other,30305(B)(1),30305,0,all|weapons,weapons: explicit PC numeric statute family 30305,13,13,https://leginfo.legislature.ca.gov/faces/codes_displaySection.xhtml?lawCode=PEN&sectionNum=30305.
PC,368(D),THEFT OF ELDER/DEPENDENT ADULT (LARCENY $950 OR LESS) (M),ambiguous_related,368(D),368,0,all,All-source population only; outside the selected statute-family indicators,13,13,https://leginfo.legislature.ca.gov/faces/codes_displaySection.xhtml?lawCode=PEN&sectionNum=368.
PC,372,MAINTAIN PUBLIC NUISANCE (M),other,372,372,0,all,All-source population only; outside the selected statute-family indicators,13,13,https://leginfo.legislature.ca.gov/faces/codes_displaySection.xhtml?lawCode=PEN&sectionNum=372.
PC,374.4(A),LITTER PUBLIC/PRIVATE PROP (I),other,374.4(A),374.4,0,all,All-source population only; outside the selected statute-family indicators,13,10,https://leginfo.legislature.ca.gov/faces/codes_displaySection.xhtml?lawCode=PEN&sectionNum=374.4.
PC,417.8,EXHIBIT FIREARM/DEADLY WEAPON TO RESIST ARREST (F),other,417.8,417.8,0,all|weapons,weapons: explicit PC numeric statute family 417.8,13,13,https://leginfo.legislature.ca.gov/faces/codes_displaySection.xhtml?lawCode=PEN&sectionNum=417.8.
PC,4573,BRING CONTROLLED SUBS INTO PRISON/JAIL,other,4573,4573,0,all,All-source population only; outside the selected statute-family indicators,13,13,https://leginfo.legislature.ca.gov/faces/codes_displaySection.xhtml?lawCode=PEN&sectionNum=4573.
PC,476A(A),INSUFFICIENT FUNDS:CHECKS/DRAFTS (F),other,476A(A),476,0,all|property,property: explicit PC numeric statute family 476,13,13,https://leginfo.legislature.ca.gov/faces/codes_displaySection.xhtml?lawCode=PEN&sectionNum=476.
PC,647(A),DISORD CONDUCT:SOLICIT LEWD ACT (M),other,647(A),647,0,all,All-source population only; outside the selected statute-family indicators,13,13,https://leginfo.legislature.ca.gov/faces/codes_displaySection.xhtml?lawCode=PEN&sectionNum=647.
VC,10801,OWN/ETC CHOP SHOP,other,10801,10801,0,all,All-source population only; outside the selected statute-family indicators,13,13,https://leginfo.legislature.ca.gov/faces/codes_displaySection.xhtml?lawCode=VEH&sectionNum=10801.
VC,14601.2(B),DRIVE MOTOR VEHICLE IN VIOLATION OF LICENSE RESTRICTIONS (M),other,14601.2(B),14601.2,0,all|driving,driving: explicit VC numeric statute family 14601.2,13,13,https://leginfo.legislature.ca.gov/faces/codes_displaySection.xhtml?lawCode=VEH&sectionNum=14601.2.
VC,16025A,FAIL TO PROVIDE ID/VEH DATA/FINANCIAL RESPONSIBILITY:ACCIDENT (I),other,16025A,16025,0,all,All-source population only; outside the selected statute-family indicators,13,13,https://leginfo.legislature.ca.gov/faces/codes_displaySection.xhtml?lawCode=VEH&sectionNum=16025.
VC,23223(A),OPEN CONTAINER ALC IN VEH - DRIVER (I),other,23223(A),23223,0,all,All-source population only; outside the selected statute-family indicators,13,13,https://leginfo.legislature.ca.gov/faces/codes_displaySection.xhtml?lawCode=VEH&sectionNum=23223.
BP,22435.2(F),POSS SHOPPING/LAUNDRY CARTS (Not on Premises) (M),other,22435.2(F),22435.2,0,all,All-source population only; outside the selected statute-family indicators,12,12,
CO,36.216(A),LAKESIDE AREA - VIOLATE ALCOHOLIC BEVERAGE REGULATION (M),other,36.216(A),36.216,0,all,All-source population only; outside the selected statute-family indicators,12,12,
HS,11352(A),TRANS/SELL NARCOTIC/CONTROLLED SUBS,other,11352(A),11352,0,all|drug,drug: explicit HS numeric statute family 11352,12,10,https://leginfo.legislature.ca.gov/faces/codes_displaySection.xhtml?lawCode=HSC&sectionNum=11352.
HS,11364.7(A),DELIVER DRUG PARAPHERNALIA (M),other,11364.7(A),11364.7,0,all|drug,drug: explicit HS numeric statute family 11364.7,12,12,https://leginfo.legislature.ca.gov/faces/codes_displaySection.xhtml?lawCode=HSC&sectionNum=11364.7.
HS,11366,KEEP PLACE TO SELL/ETC NARCOTIC CNTL SUB (M),other,11366,11366,0,all|drug,drug: explicit HS numeric statute family 11366,12,12,https://leginfo.legislature.ca.gov/faces/codes_displaySection.xhtml?lawCode=HSC&sectionNum=11366.
HS,11366.8(B),BUILD FALSE COMPARTMENT IN VEH TO STORE CONT SUBST (F),other,11366.8(B),11366.8,0,all|drug,drug: explicit HS numeric statute family 11366.8,12,12,https://leginfo.legislature.ca.gov/faces/codes_displaySection.xhtml?lawCode=HSC&sectionNum=11366.8.
HS,11370.9(A),RECEIVE/CONCEAL VALUABLES FROM CNTRL SUBS PROCEEDS (F),other,11370.9(A),11370.9,0,all|drug,drug: explicit HS numeric statute family 11370.9,12,12,https://leginfo.legislature.ca.gov/faces/codes_displaySection.xhtml?lawCode=HSC&sectionNum=11370.9.
HS,11379.2,POSS FOR SALE/SELL CONT SUBS KETAMINE (F),other,11379.2,11379.2,0,all|drug,drug: explicit HS numeric statute family 11379.2,12,12,https://leginfo.legislature.ca.gov/faces/codes_displaySection.xhtml?lawCode=HSC&sectionNum=11379.2.
HS,11390,CULTIVATE SPORES/MUSHROOMS TO PROD CNTL SUBS (F),other,11390,11390,0,all|drug,drug: explicit HS numeric statute family 11390,12,11,https://leginfo.legislature.ca.gov/faces/codes_displaySection.xhtml?lawCode=HSC&sectionNum=11390.
MC,12.08.040,PARK RULE VIOLATION (I),other,12.08.040,12.08,0,all,All-source population only; outside the selected statute-family indicators,12,12,
MC,9.36.020,LOITERING (I),other,9.36.020,9.36,0,all,All-source population only; outside the selected statute-family indicators,12,12,
PC,171B(A)(2),POSS DEADLY WEAPON IN PUBLIC BUILDING (F),other,171B(A)(2),171,0,all,All-source population only; outside the selected statute-family indicators,12,12,https://leginfo.legislature.ca.gov/faces/codes_displaySection.xhtml?lawCode=PEN&sectionNum=171.
PC,171B(A)(3),POSS KNIFE IN PUBLIC BUILDING (F),other,171B(A)(3),171,0,all,All-source population only; outside the selected statute-family indicators,12,12,https://leginfo.legislature.ca.gov/faces/codes_displaySection.xhtml?lawCode=PEN&sectionNum=171.
PC,211,ROBBERY,ambiguous_related,211,211,0,all,All-source population only; outside the selected statute-family indicators,12,12,https://leginfo.legislature.ca.gov/faces/codes_displaySection.xhtml?lawCode=PEN&sectionNum=211.
PC,21310,CARRY CONCEALED DIRK OR DAGGER,other,21310,21310,0,all|weapons,weapons: explicit PC numeric statute family 21310,12,12,https://leginfo.legislature.ca.gov/faces/codes_displaySection.xhtml?lawCode=PEN&sectionNum=21310.
PC,22810(G)(1),ILL USE OF TEAR GAS/TEAR GAS WEAPON (M),other,22810(G)(1),22810,0,all|weapons,weapons: explicit PC numeric statute family 22810,12,12,https://leginfo.legislature.ca.gov/faces/codes_displaySection.xhtml?lawCode=PEN&sectionNum=22810.
PC,242,SIMPLE BATTERY,ambiguous_related,242,242,0,all|violence,violence: explicit PC numeric statute family 242; core-DV charge excluded from this family,12,12,https://leginfo.legislature.ca.gov/faces/codes_displaySection.xhtml?lawCode=PEN&sectionNum=242.
PC,245(A)(1),ASSAULT W/DEADLY WEAPON:NOT F/ARM,ambiguous_related,245(A)(1),245,0,all|violence,violence: explicit PC numeric statute family 245; core-DV charge excluded from this family,12,12,https://leginfo.legislature.ca.gov/faces/codes_displaySection.xhtml?lawCode=PEN&sectionNum=245.
PC,273.5(A),SPOUSAL/COHABITANT ABUSE WITH MINOR INJURY,core_dv,273.5(A),273.5,0,all|core,Core DV: existing reviewed exact charge classification,12,12,https://leginfo.legislature.ca.gov/faces/codes_displaySection.xhtml?lawCode=PEN&sectionNum=273.5.
PC,30605(A),ILLEGALLY POSSESS ANY ASSAULT WEAPON (M),other,30605(A),30605,0,all|weapons,weapons: explicit PC numeric statute family 30605,12,12,https://leginfo.legislature.ca.gov/faces/codes_displaySection.xhtml?lawCode=PEN&sectionNum=30605.
PC,484E(C),POSS OF ACCESS CARD W/INTENT TO USE/SELL/TRSFR (M),other,484E(C),484,0,all|property,property: explicit PC numeric statute family 484,12,12,https://leginfo.legislature.ca.gov/faces/codes_displaySection.xhtml?lawCode=PEN&sectionNum=484.
PC,487(B)(1)(A),GRAND THEFT:FRUIT/FOWL/ETC [OVER $250] (F),other,487(B)(1)(A),487,0,all|property,property: explicit PC numeric statute family 487,12,10,https://leginfo.legislature.ca.gov/faces/codes_displaySection.xhtml?lawCode=PEN&sectionNum=487.
PC,487(D),GRAND THEFT:FIREARM/ANIMAL (Theft From Building) (F),other,487(D),487,0,all|property,property: explicit PC numeric statute family 487,12,12,https://leginfo.legislature.ca.gov/faces/codes_displaySection.xhtml?lawCode=PEN&sectionNum=487.
PC,602(L)(1),TRESPASS:POSTED LAND:REFUSE TO LEAVE (M),other,602(L)(1),602,0,all,All-source population only; outside the selected statute-family indicators,12,12,https://leginfo.legislature.ca.gov/faces/codes_displaySection.xhtml?lawCode=PEN&sectionNum=602.
PC,666.1(A)(1),PETTY THEFT (SHOPLIFT) W/2+ PRIOR CONVICTIONS (M),other,666.1(A)(1),666.1,0,all|property,property: explicit PC numeric statute family 666.1,12,11,https://leginfo.legislature.ca.gov/faces/codes_displaySection.xhtml?lawCode=PEN&sectionNum=666.1.
VC,24250,DRIVE WITHOUT LIGHTS AT DARK (I),other,24250,24250,0,all,All-source population only; outside the selected statute-family indicators,12,11,https://leginfo.legislature.ca.gov/faces/codes_displaySection.xhtml?lawCode=VEH&sectionNum=24250.
VC,2800.3,EVADING PEACE OFCR:CAUSING SER INJ OR DEATH,other,2800.3,2800.3,0,all|driving,driving: explicit VC numeric statute family 2800.3,12,12,https://leginfo.legislature.ca.gov/faces/codes_displaySection.xhtml?lawCode=VEH&sectionNum=2800.3.
ZZ,OUT WARRANT,OUTSIDE WARRANT/FELONY,other,OUTWARRANT,,0,all,All-source population only; outside the selected statute-family indicators,12,12,
HS,11352(B),TRANS/SELL CONTROLLED SUBS BETWEEN COUNTIES (F),other,11352(B),11352,0,all|drug,drug: explicit HS numeric statute family 11352,11,10,https://leginfo.legislature.ca.gov/faces/codes_displaySection.xhtml?lawCode=HSC&sectionNum=11352.
HS,11370.4(A)1,HEROIN OR COCAINE OVER 1KG (BAIL+),other,11370.4(A)1,11370.4,0,all|drug,drug: explicit HS numeric statute family 11370.4,11,9,https://leginfo.legislature.ca.gov/faces/codes_displaySection.xhtml?lawCode=HSC&sectionNum=11370.4.
HS,11370.4(B)3,AMPH/METH/PCP OVER 10KG OR 200L (BAIL+),other,11370.4(B)3,11370.4,0,all|drug,drug: explicit HS numeric statute family 11370.4,11,8,https://leginfo.legislature.ca.gov/faces/codes_displaySection.xhtml?lawCode=HSC&sectionNum=11370.4.
HS,12305,POSS EXPLOSIVE ILLEGALLY (F),other,12305,12305,0,all,All-source population only; outside the selected statute-family indicators,11,11,https://leginfo.legislature.ca.gov/faces/codes_displaySection.xhtml?lawCode=HSC&sectionNum=12305.
PC,182(A)(1),CONSPIRACY:COMMIT CRIME,other,182(A)(1),182,0,all,All-source population only; outside the selected statute-family indicators,11,7,https://leginfo.legislature.ca.gov/faces/codes_displaySection.xhtml?lawCode=PEN&sectionNum=182.
PC,206,TORTURE (F),other,206,206,0,all,All-source population only; outside the selected statute-family indicators,11,10,https://leginfo.legislature.ca.gov/faces/codes_displaySection.xhtml?lawCode=PEN&sectionNum=206.
PC,243.2A,BATTERY ON PERSON ON SCHOOL/HOSPITAL/PARK PROPERTY (M),ambiguous_related,243.2A,243.2,0,all,All-source population only; outside the selected statute-family indicators,11,11,https://leginfo.legislature.ca.gov/faces/codes_displaySection.xhtml?lawCode=PEN&sectionNum=243.2.
PC,25800(A),CARRY LOADED FIREARM WITH INTENT TO COMMIT A FELONY (F),other,25800(A),25800,0,all|weapons,weapons: explicit PC numeric statute family 25800,11,11,https://leginfo.legislature.ca.gov/faces/codes_displaySection.xhtml?lawCode=PEN&sectionNum=25800.
PC,26350(A)(2),CARRY/EXPOSE UNLOADED HANDGUN IN PUBLIC OR A VEHICLE (M),other,26350(A)(2),26350,0,all|weapons,weapons: explicit PC numeric statute family 26350,11,11,https://leginfo.legislature.ca.gov/faces/codes_displaySection.xhtml?lawCode=PEN&sectionNum=26350.
PC,266I(B),PANDERING:OTHER PERSON OVER 16 (F),other,266I(B),266,0,all,All-source population only; outside the selected statute-family indicators,11,11,https://leginfo.legislature.ca.gov/faces/codes_displaySection.xhtml?lawCode=PEN&sectionNum=266.
PC,29805,CONVICTED PERSON POSSESS/OWN/ETC FIREARM:SPECIFIC PRIORS (F),other,29805,29805,0,all|weapons,weapons: explicit PC numeric statute family 29805,11,11,https://leginfo.legislature.ca.gov/faces/codes_displaySection.xhtml?lawCode=PEN&sectionNum=29805.
PC,30305(A)(1),PROHIBITED PERSON OWN/POSSESS/ETC AMMUNITION/ETC,other,30305(A)(1),30305,0,all|weapons,weapons: explicit PC numeric statute family 30305,11,10,https://leginfo.legislature.ca.gov/faces/codes_displaySection.xhtml?lawCode=PEN&sectionNum=30305.
PC,368(E),FIN ELDER ABUSE BY CARETAKER (F),ambiguous_related,368(E),368,0,all,All-source population only; outside the selected statute-family indicators,11,11,https://leginfo.legislature.ca.gov/faces/codes_displaySection.xhtml?lawCode=PEN&sectionNum=368.
PC,369I(A)(1),TRESPASS:RAILROAD PROP (M),other,369I(A)(1),369,0,all,All-source population only; outside the selected statute-family indicators,11,11,https://leginfo.legislature.ca.gov/faces/codes_displaySection.xhtml?lawCode=PEN&sectionNum=369.
PC,4570,COMMUNICATE WITH PRISONER W/O CONSENT (M),other,4570,4570,0,all,All-source population only; outside the selected statute-family indicators,11,10,https://leginfo.legislature.ca.gov/faces/codes_displaySection.xhtml?lawCode=PEN&sectionNum=4570.
PC,4573.5,BRING DRGS/ALC TO JAIL/PRSN (F),other,4573.5,4573.5,0,all,All-source population only; outside the selected statute-family indicators,11,10,https://leginfo.legislature.ca.gov/faces/codes_displaySection.xhtml?lawCode=PEN&sectionNum=4573.5.
PC,459,BURGLARY (COMMERCIAL),other,459,459,0,all|property,property: explicit PC numeric statute family 459,11,11,https://leginfo.legislature.ca.gov/faces/codes_displaySection.xhtml?lawCode=PEN&sectionNum=459.
PC,484I(C),MAKE EQUIP FOR COUNTERFEIT ACCESS CARDS (F),other,484I(C),484,0,all|property,property: explicit PC numeric statute family 484,11,11,https://leginfo.legislature.ca.gov/faces/codes_displaySection.xhtml?lawCode=PEN&sectionNum=484.
PC,490.4(A)(1),THEFT OF MERCHANDISE W/ INTENT TO SELL/EXCHANGE (M),other,490.4(A)(1),490.4,0,all,All-source population only; outside the selected statute-family indicators,11,11,https://leginfo.legislature.ca.gov/faces/codes_displaySection.xhtml?lawCode=PEN&sectionNum=490.4.
PC,490.4(A)(3),ACTS AS AGENT FOR ORGANIZED PLAN TO COMMIT THEFT: OVER $950 (F),other,490.4(A)(3),490.4,0,all,All-source population only; outside the selected statute-family indicators,11,11,https://leginfo.legislature.ca.gov/faces/codes_displaySection.xhtml?lawCode=PEN&sectionNum=490.4.
PC,518,EXTORTION (F),other,518,518,0,all,All-source population only; outside the selected statute-family indicators,11,11,https://leginfo.legislature.ca.gov/faces/codes_displaySection.xhtml?lawCode=PEN&sectionNum=518.
PC,647(F)DK,DISORDERLY CONDUCT:UNDER INFLUENCE OF DRUG,other,647(F)DK,647,0,all,All-source population only; outside the selected statute-family indicators,11,11,https://leginfo.legislature.ca.gov/faces/codes_displaySection.xhtml?lawCode=PEN&sectionNum=647.
PC,666.1(A)(1),GRAND THEFT (ALL OTHER LARCENY) W/2+ PRIOR CONVICTIONS (F),other,666.1(A)(1),666.1,0,all|property,property: explicit PC numeric statute family 666.1,11,10,https://leginfo.legislature.ca.gov/faces/codes_displaySection.xhtml?lawCode=PEN&sectionNum=666.1.
VC,12951(B),REFUSE ON DEMAND TO GIVE LIC TO PEACE OFCR (M),other,12951(B),12951,0,all|driving,driving: explicit VC numeric statute family 12951,11,11,https://leginfo.legislature.ca.gov/faces/codes_displaySection.xhtml?lawCode=VEH&sectionNum=12951.
VC,21453C,SIGNAL LIGHTS:RED ARROW (I),other,21453C,21453,0,all,All-source population only; outside the selected statute-family indicators,11,11,https://leginfo.legislature.ca.gov/faces/codes_displaySection.xhtml?lawCode=VEH&sectionNum=21453.
CO,73.108,"SHALL NOT CAMP IN PARK, EXCEPT BY PERMIT WHEN AUTHORIZED (M)",other,73.108,73.108,0,all,All-source population only; outside the selected statute-family indicators,10,9,
HS,11366.5(A),RENT/ETC FOR STORAGE/SALE OF CONT SUBS (F),other,11366.5(A),11366.5,0,all|drug,drug: explicit HS numeric statute family 11366.5,10,9,https://leginfo.legislature.ca.gov/faces/codes_displaySection.xhtml?lawCode=HSC&sectionNum=11366.5.
HS,11370.9(A),RECV/CONCEAL VALUABLES FROM CNTL SUBS PROCEEDS (F),other,11370.9(A),11370.9,0,all|drug,drug: explicit HS numeric statute family 11370.9,10,10,https://leginfo.legislature.ca.gov/faces/codes_displaySection.xhtml?lawCode=HSC&sectionNum=11370.9.
HS,11377(A),POSS CONTROLLED SUBS,other,11377(A),11377,0,all|drug,drug: explicit HS numeric statute family 11377,10,10,https://leginfo.legislature.ca.gov/faces/codes_displaySection.xhtml?lawCode=HSC&sectionNum=11377.
MC,09.36.020,"OBSTRUCT STREET, SIDEWALK, OR PUBLIC PLACE (M)",other,09.36.020,09.36,0,all,All-source population only; outside the selected statute-family indicators,10,10,
PC,136.1C1,PREVENT/DISSUADE WIT VIC BY THREAT/FORCE (F),ambiguous_related,136.1C1,136.1,0,all,All-source population only; outside the selected statute-family indicators,10,10,https://leginfo.legislature.ca.gov/faces/codes_displaySection.xhtml?lawCode=PEN&sectionNum=136.1.
PC,182(A)(4),CONSPIRACY:DEFRAUD PERS (F),other,182(A)(4),182,0,all,All-source population only; outside the selected statute-family indicators,10,10,https://leginfo.legislature.ca.gov/faces/codes_displaySection.xhtml?lawCode=PEN&sectionNum=182.
PC,25400(C)(2),CARRY CONCEALED STOLEN WEAPON (F),other,25400(C)(2),25400,0,all|weapons,weapons: explicit PC numeric statute family 25400,10,9,https://leginfo.legislature.ca.gov/faces/codes_displaySection.xhtml?lawCode=PEN&sectionNum=25400.
PC,25850(C)(5),CARRY LOADED FIREARM WHILE PROHIBITED:SPEC PRIOR CONVICTIONS (F),other,25850(C)(5),25850,0,all|weapons,weapons: explicit PC numeric statute family 25850,10,10,https://leginfo.legislature.ca.gov/faces/codes_displaySection.xhtml?lawCode=PEN&sectionNum=25850.
PC,287(C)(2)(A),ORAL COPULATION W/ FORCE OR FEAR (F),ambiguous_related,287(C)(2)(A),287,0,all,All-source population only; outside the selected statute-family indicators,10,10,https://leginfo.legislature.ca.gov/faces/codes_displaySection.xhtml?lawCode=PEN&sectionNum=287.
PC,288.7(A),INTERCOURSE:VICTIM UNDER 10 YEARS OF AGE (F),ambiguous_related,288.7(A),288.7,0,all,All-source population only; outside the selected statute-family indicators,10,10,https://leginfo.legislature.ca.gov/faces/codes_displaySection.xhtml?lawCode=PEN&sectionNum=288.7.
PC,29825(A),PROHIBITED BY COURT ORDERS:PURCHASE/ETC FIREARM (F),ambiguous_related,29825(A),29825,0,all|weapons,weapons: explicit PC numeric statute family 29825,10,10,https://leginfo.legislature.ca.gov/faces/codes_displaySection.xhtml?lawCode=PEN&sectionNum=29825.
PC,29825(B),PROHIBITED OWN /POSSESS FIREARM DENIED BY COURT ORDERS (M),ambiguous_related,29825(B),29825,0,all|weapons,weapons: explicit PC numeric statute family 29825,10,10,https://leginfo.legislature.ca.gov/faces/codes_displaySection.xhtml?lawCode=PEN&sectionNum=29825.
PC,455,ATTEMPT OR AID ARSON (F),other,455,455,0,all,All-source population only; outside the selected statute-family indicators,10,10,https://leginfo.legislature.ca.gov/faces/codes_displaySection.xhtml?lawCode=PEN&sectionNum=455.
PC,487(D),GRAND THEFT:FIREARM (THEFT FROM BUILDING) (F),other,487(D),487,0,all|property,property: explicit PC numeric statute family 487,10,8,https://leginfo.legislature.ca.gov/faces/codes_displaySection.xhtml?lawCode=PEN&sectionNum=487.
PC,496D(A),POSS STOLEN VEH/VESSEL,other,496D(A),496,0,all|property,property: explicit PC numeric statute family 496,10,10,https://leginfo.legislature.ca.gov/faces/codes_displaySection.xhtml?lawCode=PEN&sectionNum=496.
PC,498(B)(1),THEFT OF UTILITY SERVICES (M),other,498(B)(1),498,0,all,All-source population only; outside the selected statute-family indicators,10,10,https://leginfo.legislature.ca.gov/faces/codes_displaySection.xhtml?lawCode=PEN&sectionNum=498.
PC,529(A),FALSE PERSONATION OF ANOTHER:SPEC CIRC (M),other,529(A),529,0,all,All-source population only; outside the selected statute-family indicators,10,10,https://leginfo.legislature.ca.gov/faces/codes_displaySection.xhtml?lawCode=PEN&sectionNum=529.
PC,529.5(C),POSS DECEPTIVE GOVERNMENT IDENT/DRVRS LIC (M),other,529.5(C),529.5,0,all,All-source population only; outside the selected statute-family indicators,10,10,https://leginfo.legislature.ca.gov/faces/codes_displaySection.xhtml?lawCode=PEN&sectionNum=529.5.
PC,530.5(C)(2),USE OTHERS ID WITH INTENT DEFRAUD:WITH PRIOR CONVICTION (M),other,530.5(C)(2),530.5,0,all|property,property: explicit PC numeric statute family 530.5,10,10,https://leginfo.legislature.ca.gov/faces/codes_displaySection.xhtml?lawCode=PEN&sectionNum=530.5.
PC,640(C)(1),FAIL TO PAY FARE FOR PUBLIC TRANSIT SYSTEM (I),other,640(C)(1),640,0,all,All-source population only; outside the selected statute-family indicators,10,10,https://leginfo.legislature.ca.gov/faces/codes_displaySection.xhtml?lawCode=PEN&sectionNum=640.
VC,10751(A),BUY/SELL/POSS VEH WITH ALTERED NUMBER (M),other,10751(A),10751,0,all,All-source population only; outside the selected statute-family indicators,10,10,https://leginfo.legislature.ca.gov/faces/codes_displaySection.xhtml?lawCode=VEH&sectionNum=10751.
VC,20002(A),HIT AND RUN:PROP DAMAGE,other,20002(A),20002,0,all|driving,driving: explicit VC numeric statute family 20002,10,10,https://leginfo.legislature.ca.gov/faces/codes_displaySection.xhtml?lawCode=VEH&sectionNum=20002.
VC,20002(B),HIT AND RUN:RUNAWAY VEH:PROP DAMAGE (M),other,20002(B),20002,0,all|driving,driving: explicit VC numeric statute family 20002,10,10,https://leginfo.legislature.ca.gov/faces/codes_displaySection.xhtml?lawCode=VEH&sectionNum=20002.
HS,11370.9(B),CONCEAL/PROFIT:CONTROLLED SUBSTANCE (F),other,11370.9(B),11370.9,0,all|drug,drug: explicit HS numeric statute family 11370.9,9,9,https://leginfo.legislature.ca.gov/faces/codes_displaySection.xhtml?lawCode=HSC&sectionNum=11370.9.
MC,10.11.040,SOCIAL HOST - PERMIT MINOR TO CONSUME ALCOHOL OR ILLEGAL DRUGS AT PARTIES (M),other,10.11.040,10.11,0,all,All-source population only; outside the selected statute-family indicators,9,9,
MC,12.08.010,PARK AND RECREATIONAL AREA USE REGULATIONS,other,12.08.010,12.08,0,all,All-source population only; outside the selected statute-family indicators,9,9,
MC,9.04.040,LITTERING/DISTRIBUTING FLYERS IN CITY (I),other,9.04.040,9.04,0,all,All-source population only; outside the selected statute-family indicators,9,3,
PC,136.1(A)(2),ATT TO PREVENT/DISSUADE VIC/WIT (F),ambiguous_related,136.1(A)(2),136.1,0,all,All-source population only; outside the selected statute-family indicators,9,9,https://leginfo.legislature.ca.gov/faces/codes_displaySection.xhtml?lawCode=PEN&sectionNum=136.1.
PC,236.1(C),HUMAN TRAFFICKING OF VICTIM UNDER 18 YEARS OF AGE (F),ambiguous_related,236.1(C),236.1,0,all,All-source population only; outside the selected statute-family indicators,9,8,https://leginfo.legislature.ca.gov/faces/codes_displaySection.xhtml?lawCode=PEN&sectionNum=236.1.
PC,244,ASSAULT WITH CAUSTIC CHEMICAL (F),ambiguous_related,244,244,0,all|violence,violence: explicit PC numeric statute family 244; core-DV charge excluded from this family,9,9,https://leginfo.legislature.ca.gov/faces/codes_displaySection.xhtml?lawCode=PEN&sectionNum=244.
PC,246.3(B),DISCHARGE BB DEVICE IN GROSSLY NEGLIGENT MANNER (M),ambiguous_related,246.3(B),246.3,0,all,All-source population only; outside the selected statute-family indicators,9,9,https://leginfo.legislature.ca.gov/faces/codes_displaySection.xhtml?lawCode=PEN&sectionNum=246.3.
PC,25400(A)(3),CARRY CONCEALED WEAPON IN VEHICLE:OCCUPANT (M,other,25400(A)(3),25400,0,all|weapons,weapons: explicit PC numeric statute family 25400,9,9,https://leginfo.legislature.ca.gov/faces/codes_displaySection.xhtml?lawCode=PEN&sectionNum=25400.
PC,261.5(D),UNL SEXUAL INTERCOURSE W/MINOR:PERP 21+ VIC -16 (F),ambiguous_related,261.5(D),261.5,0,all,All-source population only; outside the selected statute-family indicators,9,9,https://leginfo.legislature.ca.gov/faces/codes_displaySection.xhtml?lawCode=PEN&sectionNum=261.5.
PC,29800(A)(1),FELON/ADDICT/POSSESS/ETC FIREARM,other,29800(A)(1),29800,0,all|weapons,weapons: explicit PC numeric statute family 29800,9,8,https://leginfo.legislature.ca.gov/faces/codes_displaySection.xhtml?lawCode=PEN&sectionNum=29800.
PC,368C,ELDER ABUSE/NEGLECT,ambiguous_related,368C,368,0,all,All-source population only; outside the selected statute-family indicators,9,9,https://leginfo.legislature.ca.gov/faces/codes_displaySection.xhtml?lawCode=PEN&sectionNum=368.
PC,452B,CAUSING FIRE OF INHABITED STRUCTURE/PROPERTY (F),other,452B,452,0,all,All-source population only; outside the selected statute-family indicators,9,9,https://leginfo.legislature.ca.gov/faces/codes_displaySection.xhtml?lawCode=PEN&sectionNum=452.
PC,4532(A)(1),ESCAPE JAIL/ETC WHILE CHARGED/ETC W MISDEMEANOR:W/O FORCE (M),other,4532(A)(1),4532,0,all,All-source population only; outside the selected statute-family indicators,9,9,https://leginfo.legislature.ca.gov/faces/codes_displaySection.xhtml?lawCode=PEN&sectionNum=4532.
PC,459.5,BURGLARY (SHOPLIFTING) (M),other,459.5,459.5,0,all|property,property: explicit PC numeric statute family 459.5,9,9,https://leginfo.legislature.ca.gov/faces/codes_displaySection.xhtml?lawCode=PEN&sectionNum=459.5.
PC,487(C),GRAND THEFT FROM PERS (Purse-Snatching) (F),other,487(C),487,0,all|property,property: explicit PC numeric statute family 487,9,9,https://leginfo.legislature.ca.gov/faces/codes_displaySection.xhtml?lawCode=PEN&sectionNum=487.
PC,490.4 (A)(1),THEFT OF MERCHANDISE W/ INTENT TO SELL/EXCHANGE (M),other,490.4(A)(1),490.4,0,all,All-source population only; outside the selected statute-family indicators,9,9,https://leginfo.legislature.ca.gov/faces/codes_displaySection.xhtml?lawCode=PEN&sectionNum=490.4.
PC,530.5(C)(3),POSSESS ID OF 10 OR MORE PERSONS WITH INTENT TO DEFRAUD (M),other,530.5(C)(3),530.5,0,all|property,property: explicit PC numeric statute family 530.5,9,9,https://leginfo.legislature.ca.gov/faces/codes_displaySection.xhtml?lawCode=PEN&sectionNum=530.5.
PC,600(B),WILLFULLY INTERFERE ETC PEACE OFCRS ANIMAL (M),other,600(B),600,0,all,All-source population only; outside the selected statute-family indicators,9,9,https://leginfo.legislature.ca.gov/faces/codes_displaySection.xhtml?lawCode=PEN&sectionNum=600.
PC,647(A),SOLICIT LEWD ACT IN PUBLC (M),other,647(A),647,0,all,All-source population only; outside the selected statute-family indicators,9,8,https://leginfo.legislature.ca.gov/faces/codes_displaySection.xhtml?lawCode=PEN&sectionNum=647.
PC,647(C),DISORD CONDUCT:BEGGING (M),other,647(C),647,0,all,All-source population only; outside the selected statute-family indicators,9,9,https://leginfo.legislature.ca.gov/faces/codes_displaySection.xhtml?lawCode=PEN&sectionNum=647.
PC,666,PETTY THEFT W/PR JAIL TERM (Shoplifting) (F),other,666,666,0,all|property,property: explicit PC numeric statute family 666,9,9,https://leginfo.legislature.ca.gov/faces/codes_displaySection.xhtml?lawCode=PEN&sectionNum=666.
PC,853.7,FAIL TO APPEAR AFTER WRITTEN PROMISE,other,853.7,853.7,0,all,All-source population only; outside the selected statute-family indicators,9,9,https://leginfo.legislature.ca.gov/faces/codes_displaySection.xhtml?lawCode=PEN&sectionNum=853.7.
US,18473,POSSESS/ETC COUNTERFEIT MONEY/ETC (F),other,18473,18473,0,all,All-source population only; outside the selected statute-family indicators,9,9,
VC,10501(A),FALSE REPORT OF VEH THEFT WITH INTENT TO DECEIVE (M),other,10501(A),10501,0,all,All-source population only; outside the selected statute-family indicators,9,9,https://leginfo.legislature.ca.gov/faces/codes_displaySection.xhtml?lawCode=VEH&sectionNum=10501.
VC,21651(A)1,"DRIVE OVER, UPON, OR ACROSS DIVIDING SECTION OF HIGHWAY (I)",other,21651(A)1,21651,0,all,All-source population only; outside the selected statute-family indicators,9,8,https://leginfo.legislature.ca.gov/faces/codes_displaySection.xhtml?lawCode=VEH&sectionNum=21651.
VC,23104,RECKLESS DRIVING W/INJURY (M),other,23104,23104,0,all|driving,driving: explicit VC numeric statute family 23104,9,9,https://leginfo.legislature.ca.gov/faces/codes_displaySection.xhtml?lawCode=VEH&sectionNum=23104.
VC,23105A,RECKLESS DRIVING:SPECIFIED INJURIES (F),other,23105A,23105,0,all|driving,driving: explicit VC numeric statute family 23105,9,9,https://leginfo.legislature.ca.gov/faces/codes_displaySection.xhtml?lawCode=VEH&sectionNum=23105.
VC,4000(A)(1),EXPIRED REGISTRATION,other,4000(A)(1),4000,0,all,All-source population only; outside the selected statute-family indicators,9,8,https://leginfo.legislature.ca.gov/faces/codes_displaySection.xhtml?lawCode=VEH&sectionNum=4000.
ZZ,VIOL PROB,VIOLATION PROBATION/FELONY,other,VIOLPROB,,0,all,All-source population only; outside the selected statute-family indicators,9,9,
HS,11362.4(A),SMOKE/INGEST MARIJUANA IN PUBLIC PLACE (I),other,11362.4(A),11362.4,0,all|drug,drug: explicit HS numeric statute family 11362.4,8,8,https://leginfo.legislature.ca.gov/faces/codes_displaySection.xhtml?lawCode=HSC&sectionNum=11362.4.
HS,11379(A),TRANS/ETC CONTROLLED SUBS,other,11379(A),11379,0,all|drug,drug: explicit HS numeric statute family 11379,8,7,https://leginfo.legislature.ca.gov/faces/codes_displaySection.xhtml?lawCode=HSC&sectionNum=11379.
PC,186.10(A),MONEY LAUNDERING (F),other,186.10(A),186.10,0,all,All-source population only; outside the selected statute-family indicators,8,8,https://leginfo.legislature.ca.gov/faces/codes_displaySection.xhtml?lawCode=PEN&sectionNum=186.10.
PC,191.5A,GROSS VEHICULAR MANSLAUGHTER WHILE INTOXICATED (F),other,191.5A,191.5,0,all,All-source population only; outside the selected statute-family indicators,8,8,https://leginfo.legislature.ca.gov/faces/codes_displaySection.xhtml?lawCode=PEN&sectionNum=191.5.
PC,243(A),BATTERY ON PERSON,ambiguous_related,243(A),243,0,all|violence,violence: explicit PC numeric statute family 243; core-DV charge excluded from this family,8,8,https://leginfo.legislature.ca.gov/faces/codes_displaySection.xhtml?lawCode=PEN&sectionNum=243.
PC,243.3,BATTERY ON TRANSPORTATION PERSONNEL/PASSENGER (M),ambiguous_related,243.3,243.3,0,all,All-source population only; outside the selected statute-family indicators,8,8,https://leginfo.legislature.ca.gov/faces/codes_displaySection.xhtml?lawCode=PEN&sectionNum=243.3.
PC,243.4(A),SEXUAL BATT BY RESTRAINT (F),ambiguous_related,243.4(A),243.4,0,all|violence,violence: explicit PC numeric statute family 243.4; core-DV charge excluded from this family,8,8,https://leginfo.legislature.ca.gov/faces/codes_displaySection.xhtml?lawCode=PEN&sectionNum=243.4.
PC,243.4(A),SEXUAL BATTERY (F),ambiguous_related,243.4(A),243.4,0,all|violence,violence: explicit PC numeric statute family 243.4; core-DV charge excluded from this family,8,8,https://leginfo.legislature.ca.gov/faces/codes_displaySection.xhtml?lawCode=PEN&sectionNum=243.4.
PC,244.5B,ASSAULT WITH STUN GUN/TASER (F),ambiguous_related,244.5B,244.5,0,all|violence,violence: explicit PC numeric statute family 244.5; core-DV charge excluded from this family,8,8,https://leginfo.legislature.ca.gov/faces/codes_displaySection.xhtml?lawCode=PEN&sectionNum=244.5.
PC,245(D)(1),ASSAULT W/FIREARM ON PEACE OFFICER/FIREFIGHTER (F),ambiguous_related,245(D)(1),245,0,all|violence,violence: explicit PC numeric statute family 245; core-DV charge excluded from this family,8,8,https://leginfo.legislature.ca.gov/faces/codes_displaySection.xhtml?lawCode=PEN&sectionNum=245.
PC,247.5,DISCHARGE LASER AT OCCUPIED AIRCRAFT (F),other,247.5,247.5,0,all,All-source population only; outside the selected statute-family indicators,8,8,https://leginfo.legislature.ca.gov/faces/codes_displaySection.xhtml?lawCode=PEN&sectionNum=247.5.
PC,261(A)(4),RAPE:VICTIM WAS UNCONSCIOUS OR ASLEEP (F),ambiguous_related,261(A)(4),261,0,all,All-source population only; outside the selected statute-family indicators,8,8,https://leginfo.legislature.ca.gov/faces/codes_displaySection.xhtml?lawCode=PEN&sectionNum=261.
PC,273.5A,INFLICT CORPORAL INJURY ON SPOUSE/COHABITANT,core_dv,273.5A,273.5,0,all|core,Core DV: existing reviewed exact charge classification,8,8,https://leginfo.legislature.ca.gov/faces/codes_displaySection.xhtml?lawCode=PEN&sectionNum=273.5.
PC,290.011(A),TRANSIENT FAIL 30 DAY UPDATE OF REGISTRATION (M),other,290.011(A),290.011,0,all,All-source population only; outside the selected statute-family indicators,8,8,https://leginfo.legislature.ca.gov/faces/codes_displaySection.xhtml?lawCode=PEN&sectionNum=290.011.
PC,311.11(A),POSSESS/ETC OBSCENE MATTER OF MINOR IN SEXUAL ACT (F),other,311.11(A),311.11,0,all,All-source population only; outside the selected statute-family indicators,8,8,https://leginfo.legislature.ca.gov/faces/codes_displaySection.xhtml?lawCode=PEN&sectionNum=311.11.
PC,396(B),PRICE GOUGING:CONSUMER GOODS:STATE/LOCAL EMERG (M),other,396(B),396,0,all,All-source population only; outside the selected statute-family indicators,8,8,https://leginfo.legislature.ca.gov/faces/codes_displaySection.xhtml?lawCode=PEN&sectionNum=396.
PC,487J,GRAND THEFT:STOLEN COPPER MATERIALS > $950 (F),other,487J,487,0,all|property,property: explicit PC numeric statute family 487,8,8,https://leginfo.legislature.ca.gov/faces/codes_displaySection.xhtml?lawCode=PEN&sectionNum=487.
PC,502.6(A),FRAUDULENT POSSESS/USE SCANNING DEVICE (M),other,502.6(A),502.6,0,all,All-source population only; outside the selected statute-family indicators,8,8,https://leginfo.legislature.ca.gov/faces/codes_displaySection.xhtml?lawCode=PEN&sectionNum=502.6.
PC,508,EMBEZZLEMENT BY EMPLOYEE [$950 OR LESS],other,508,508,0,all,All-source population only; outside the selected statute-family indicators,8,8,https://leginfo.legislature.ca.gov/faces/codes_displaySection.xhtml?lawCode=PEN&sectionNum=508.
PC,529(A)(3),PERSONATE TO MAKE OTHER LIABLE (M),other,529(A)(3),529,0,all,All-source population only; outside the selected statute-family indicators,8,8,https://leginfo.legislature.ca.gov/faces/codes_displaySection.xhtml?lawCode=PEN&sectionNum=529.
PC,530.5(C)(2),USE OTHERS ID WITH INTENT DEFRAUD:WITH PRIOR CONVICTION,other,530.5(C)(2),530.5,0,all|property,property: explicit PC numeric statute family 530.5,8,8,https://leginfo.legislature.ca.gov/faces/codes_displaySection.xhtml?lawCode=PEN&sectionNum=530.5.
PC,530.5(D)(1),CONVEY/SELL/ETC PERSONAL ID INFO WITH INTENT TO DEFRAUD (F),other,530.5(D)(1),530.5,0,all|property,property: explicit PC numeric statute family 530.5,8,8,https://leginfo.legislature.ca.gov/faces/codes_displaySection.xhtml?lawCode=PEN&sectionNum=530.5.
PC,594(B)(2)(A),VANDALISM [$400 OR LESS],other,594(B)(2)(A),594,0,all|property,property: explicit PC numeric statute family 594,8,8,https://leginfo.legislature.ca.gov/faces/codes_displaySection.xhtml?lawCode=PEN&sectionNum=594.
PC,602(T),TRESPASS:ENTER AFTER NOTIF. BY PEACE OFCR ON BEHALF OF OWNER (M),other,602(T),602,0,all,All-source population only; outside the selected statute-family indicators,8,8,https://leginfo.legislature.ca.gov/faces/codes_displaySection.xhtml?lawCode=PEN&sectionNum=602.
PC,647(F),DISORDERLY CONDUCT:INTOX DRUG WITH ALCOHOL,other,647(F),647,0,all,All-source population only; outside the selected statute-family indicators,8,8,https://leginfo.legislature.ca.gov/faces/codes_displaySection.xhtml?lawCode=PEN&sectionNum=647.
PC,647(J)(3)(A),DISORDERLY CONDUCT WITH CONCEALED CAMCORDER (M),other,647(J)(3)(A),647,0,all,All-source population only; outside the selected statute-family indicators,8,8,https://leginfo.legislature.ca.gov/faces/codes_displaySection.xhtml?lawCode=PEN&sectionNum=647.
PC,648,MAKE/CIRCULATE UNAUTH PAPER MONEY (M),other,648,648,0,all,All-source population only; outside the selected statute-family indicators,8,7,https://leginfo.legislature.ca.gov/faces/codes_displaySection.xhtml?lawCode=PEN&sectionNum=648.
PC,653M(B),ANNOYING REPEATED PHONE CALLS:RES (M),ambiguous_related,653M(B),653,0,all,All-source population only; outside the selected statute-family indicators,8,8,https://leginfo.legislature.ca.gov/faces/codes_displaySection.xhtml?lawCode=PEN&sectionNum=653.
VC,20001(B)(1),HIT AND RUN RESULTING IN INJURY(IBR 13A),other,20001(B)(1),20001,0,all|driving,driving: explicit VC numeric statute family 20001,8,8,https://leginfo.legislature.ca.gov/faces/codes_displaySection.xhtml?lawCode=VEH&sectionNum=20001.
VC,21461A,TRAFFIC CONTROL DEV:DRVR FAILURE TO OBEY (I),other,21461A,21461,0,all,All-source population only; outside the selected statute-family indicators,8,8,https://leginfo.legislature.ca.gov/faces/codes_displaySection.xhtml?lawCode=VEH&sectionNum=21461.
VC,21658A,LANE USAGE:UNSAFE LANE CHANGE (I),other,21658A,21658,0,all,All-source population only; outside the selected statute-family indicators,8,8,https://leginfo.legislature.ca.gov/faces/codes_displaySection.xhtml?lawCode=VEH&sectionNum=21658.
VC,24603B,IMPROPER MOUNTING OF STOPLAMPS (I),other,24603B,24603,0,all,All-source population only; outside the selected statute-family indicators,8,8,https://leginfo.legislature.ca.gov/faces/codes_displaySection.xhtml?lawCode=VEH&sectionNum=24603.
BP,22435.2(A),REMOVE SHOPPING/LAUNDRY CART (M),other,22435.2(A),22435.2,0,all,All-source population only; outside the selected statute-family indicators,7,7,
BP,25661(A),POSS/USE FALSE EVIDENCE OF AGE (M),other,25661(A),25661,0,all,All-source population only; outside the selected statute-family indicators,7,7,
HS,111440,MISBRANDED DRUG/ETC:MANUFACTURE/SALE/ETC (M),other,111440,111440,0,all,All-source population only; outside the selected statute-family indicators,7,7,https://leginfo.legislature.ca.gov/faces/codes_displaySection.xhtml?lawCode=HSC&sectionNum=111440.
HS,11360 (A)(3),SELL/GIVE/TRANSPORT/ETC MARIJUANA W/ CERTAIN PRIORS (F),other,11360(A)(3),11360,0,all|drug,drug: explicit HS numeric statute family 11360,7,7,https://leginfo.legislature.ca.gov/faces/codes_displaySection.xhtml?lawCode=HSC&sectionNum=11360.
HS,11370.1(A),POSS CONT SUBS WHILE ARMED W/LOADED FIREARM,other,11370.1(A),11370.1,0,all|drug,drug: explicit HS numeric statute family 11370.1,7,7,https://leginfo.legislature.ca.gov/faces/codes_displaySection.xhtml?lawCode=HSC&sectionNum=11370.1.
HS,11370.6(A),POSS MONEY/ETC FROM SALE/ETC OF CONT SUBS (F),other,11370.6(A),11370.6,0,all|drug,drug: explicit HS numeric statute family 11370.6,7,7,https://leginfo.legislature.ca.gov/faces/codes_displaySection.xhtml?lawCode=HSC&sectionNum=11370.6.
MC,8.72.010,CONVEYANCE OF SHOPPING CART (M),other,8.72.010,8.72,0,all,All-source population only; outside the selected statute-family indicators,7,7,
MC,9.01.025B,"USE VEHICLE AS TEMP OR PERM LIVING QUARTERS, EITHER OVER NIGHT OR BY DAY (I)",other,9.01.025B,9.01,0,all,All-source population only; outside the selected statute-family indicators,7,7,
PC,18715(A),RECKLESSLY POSS EXOSIVE/DESTRUCTIVE DEVICE IN PUBLIC (F),ambiguous_related,18715(A),18715,0,all,All-source population only; outside the selected statute-family indicators,7,7,https://leginfo.legislature.ca.gov/faces/codes_displaySection.xhtml?lawCode=PEN&sectionNum=18715.
PC,22810(A),UNLAWFUL POSSESS/USE TEAR GAS OR TEAR GAS WEAPON:EX FEL/ETC,other,22810(A),22810,0,all|weapons,weapons: explicit PC numeric statute family 22810,7,7,https://leginfo.legislature.ca.gov/faces/codes_displaySection.xhtml?lawCode=PEN&sectionNum=22810.
PC,25100(C),CRIMINAL STORAGE OF FIREARM:THIRD DEGREE (M),other,25100(C),25100,0,all|weapons,weapons: explicit PC numeric statute family 25100,7,7,https://leginfo.legislature.ca.gov/faces/codes_displaySection.xhtml?lawCode=PEN&sectionNum=25100.
PC,25400(C)(3),CARRY CONCEALED WEAPON WHILE ACTIVE IN CRIMINAL STREET GANG (F),other,25400(C)(3),25400,0,all|weapons,weapons: explicit PC numeric statute family 25400,7,7,https://leginfo.legislature.ca.gov/faces/codes_displaySection.xhtml?lawCode=PEN&sectionNum=25400.
PC,273.5(A),SPOUSAL/COHABITANT ABUSE WITH SERIOUS INJURY,core_dv,273.5(A),273.5,0,all|core,Core DV: existing reviewed exact charge classification,7,7,https://leginfo.legislature.ca.gov/faces/codes_displaySection.xhtml?lawCode=PEN&sectionNum=273.5.
PC,273A(B),WILLFUL CRUELTY TO CHILD NO GBI,ambiguous_related,273A(B),273,0,all,All-source population only; outside the selected statute-family indicators,7,7,https://leginfo.legislature.ca.gov/faces/codes_displaySection.xhtml?lawCode=PEN&sectionNum=273.
PC,278,CHILD STEALING (F),ambiguous_related,278,278,0,all,All-source population only; outside the selected statute-family indicators,7,7,https://leginfo.legislature.ca.gov/faces/codes_displaySection.xhtml?lawCode=PEN&sectionNum=278.
PC,288.3,CONTACT MINOR WITH INTENT SEX (F),ambiguous_related,288.3,288.3,0,all,All-source population only; outside the selected statute-family indicators,7,7,https://leginfo.legislature.ca.gov/faces/codes_displaySection.xhtml?lawCode=PEN&sectionNum=288.3.
PC,288A(C)(2),ORAL COPULATION BY FORCE OR FEAR (F),ambiguous_related,288A(C)(2),288,0,all,All-source population only; outside the selected statute-family indicators,7,7,https://leginfo.legislature.ca.gov/faces/codes_displaySection.xhtml?lawCode=PEN&sectionNum=288.
PC,350(A)(1),MFG/SELL UNDER 1000 COUNTERFEIT REG MARK (M),other,350(A)(1),350,0,all,All-source population only; outside the selected statute-family indicators,7,7,https://leginfo.legislature.ca.gov/faces/codes_displaySection.xhtml?lawCode=PEN&sectionNum=350.
PC,350(A)(2),MFG/SELL 1000 OR MORE COUNTERFEIT REG MARK ) (M),other,350(A)(2),350,0,all,All-source population only; outside the selected statute-family indicators,7,7,https://leginfo.legislature.ca.gov/faces/codes_displaySection.xhtml?lawCode=PEN&sectionNum=350.
PC,368(E)(1),THEFT FROM ELDER/DEP ADULT BY CARETAKER [OVER $950] (F),ambiguous_related,368(E)(1),368,0,all,All-source population only; outside the selected statute-family indicators,7,7,https://leginfo.legislature.ca.gov/faces/codes_displaySection.xhtml?lawCode=PEN&sectionNum=368.
PC,417A1,EXHIBIT DEADLY WEAPON OTHER THAN FIREARM,other,417A1,417,0,all|weapons,weapons: explicit PC numeric statute family 417,7,7,https://leginfo.legislature.ca.gov/faces/codes_displaySection.xhtml?lawCode=PEN&sectionNum=417.
PC,4571,FELON ON PRISON/JAIL GROUNDS,other,4571,4571,0,all,All-source population only; outside the selected statute-family indicators,7,7,https://leginfo.legislature.ca.gov/faces/codes_displaySection.xhtml?lawCode=PEN&sectionNum=4571.
PC,480,MAKE/POSS COUNTERFEIT MINTING PLATES (F),other,480,480,0,all,All-source population only; outside the selected statute-family indicators,7,6,https://leginfo.legislature.ca.gov/faces/codes_displaySection.xhtml?lawCode=PEN&sectionNum=480.
PC,484F(A),FORGE ACCESS CARD TO DEFRAUD (F),other,484F(A),484,0,all|property,property: explicit PC numeric statute family 484,7,7,https://leginfo.legislature.ca.gov/faces/codes_displaySection.xhtml?lawCode=PEN&sectionNum=484.
PC,487(A),GRAND THEFT (SHOPLIFTING),other,487(A),487,0,all|property,property: explicit PC numeric statute family 487,7,6,https://leginfo.legislature.ca.gov/faces/codes_displaySection.xhtml?lawCode=PEN&sectionNum=487.
PC,488,PETTY THEFT(from Coin Oper Machine) (M),other,488,488,0,all|property,property: explicit PC numeric statute family 488,7,7,https://leginfo.legislature.ca.gov/faces/codes_displaySection.xhtml?lawCode=PEN&sectionNum=488.
PC,530.5(A),GET CREDIT/ETC OTHER'S ID,other,530.5(A),530.5,0,all|property,property: explicit PC numeric statute family 530.5,7,6,https://leginfo.legislature.ca.gov/faces/codes_displaySection.xhtml?lawCode=PEN&sectionNum=530.5.
PC,597(B),"ANIMAL CRUELTY - OVERWORKS OR CRUELLY ABUSES, MUTILATES, TORTURES, KILLS (F)",other,597(B),597,0,all,All-source population only; outside the selected statute-family indicators,7,7,https://leginfo.legislature.ca.gov/faces/codes_displaySection.xhtml?lawCode=PEN&sectionNum=597.
PC,600A,WILLFULLY HARM PEACE OFCRS HORSE/DOG W/SER INJ (F),other,600A,600,0,all,All-source population only; outside the selected statute-family indicators,7,7,https://leginfo.legislature.ca.gov/faces/codes_displaySection.xhtml?lawCode=PEN&sectionNum=600.
PC,637.7(A),INVADE PRIVACY:ILL USE OF ELEC TRACK DEVICE (M),other,637.7(A),637.7,0,all,All-source population only; outside the selected statute-family indicators,7,7,https://leginfo.legislature.ca.gov/faces/codes_displaySection.xhtml?lawCode=PEN&sectionNum=637.7.
PC,646.9(C),STALKING W/PR (F),ambiguous_related,646.9(C),646.9,0,all,All-source population only; outside the selected statute-family indicators,7,7,https://leginfo.legislature.ca.gov/faces/codes_displaySection.xhtml?lawCode=PEN&sectionNum=646.9.
PC,647(J)(4),DISORDERLY CONDUCT: DISTRIBUTION OF INTIMATE BODY PART IMAGES (M),other,647(J)(4),647,0,all,All-source population only; outside the selected statute-family indicators,7,7,https://leginfo.legislature.ca.gov/faces/codes_displaySection.xhtml?lawCode=PEN&sectionNum=647.
PC,653M(A),ANNOYING PHONE CALL OBSCENE/THREATENING - INTIMIDATION (M),ambiguous_related,653M(A),653,0,all,All-source population only; outside the selected statute-family indicators,7,7,https://leginfo.legislature.ca.gov/faces/codes_displaySection.xhtml?lawCode=PEN&sectionNum=653.
PC,666.1(A)(1),PETTY THEFT (ALL OTHER LARCENY) W/2+ PRIOR CONVICTIONS (M),other,666.1(A)(1),666.1,0,all|property,property: explicit PC numeric statute family 666.1,7,5,https://leginfo.legislature.ca.gov/faces/codes_displaySection.xhtml?lawCode=PEN&sectionNum=666.1.
PC,853.5,REFUSE:TO SIGN/BE FINGERPRINTED/NO IDENTIFICATION (I),other,853.5,853.5,0,all,All-source population only; outside the selected statute-family indicators,7,7,https://leginfo.legislature.ca.gov/faces/codes_displaySection.xhtml?lawCode=PEN&sectionNum=853.5.
PC,978.5,BENCH WARRANT/FAILURE TO APPEAR ON FELONY CHARGE,other,978.5,978.5,0,all,All-source population only; outside the selected statute-family indicators,7,7,https://leginfo.legislature.ca.gov/faces/codes_displaySection.xhtml?lawCode=PEN&sectionNum=978.5.
US,21841(A)(1),POSSESS WITH INTENT TO MFG/DISTRIBUTION CONTROLLED SUBSTANCE (F),other,21841(A)(1),21841,0,all,All-source population only; outside the selected statute-family indicators,7,7,
VC,21201(D)(1),NO BICYCLE LIGHT (I),other,21201(D)(1),21201,0,all,All-source population only; outside the selected statute-family indicators,7,7,https://leginfo.legislature.ca.gov/faces/codes_displaySection.xhtml?lawCode=VEH&sectionNum=21201.
VC,23111,THROW CIGARETTE/MATCH/ETC ON HWY (I),other,23111,23111,0,all,All-source population only; outside the selected statute-family indicators,7,7,https://leginfo.legislature.ca.gov/faces/codes_displaySection.xhtml?lawCode=VEH&sectionNum=23111.
VC,23123(A),USE CELL PHONE WHILE DRIVING WITHOUT HANDSFREE DEVICE (I),other,23123(A),23123,0,all,All-source population only; outside the selected statute-family indicators,7,7,https://leginfo.legislature.ca.gov/faces/codes_displaySection.xhtml?lawCode=VEH&sectionNum=23123.
VC,23152(F),DUI DRUG,other,23152(F),23152,0,all|driving,driving: explicit VC numeric statute family 23152,7,7,https://leginfo.legislature.ca.gov/faces/codes_displaySection.xhtml?lawCode=VEH&sectionNum=23152.
VC,23153(A),DUI ALCOHOL:CAUSING BODILY INJURY,other,23153(A),23153,0,all|driving,driving: explicit VC numeric statute family 23153,7,7,https://leginfo.legislature.ca.gov/faces/codes_displaySection.xhtml?lawCode=VEH&sectionNum=23153.
VC,24603A,TWO OR MORE STOPLAMPS (I),other,24603A,24603,0,all,All-source population only; outside the selected statute-family indicators,7,7,https://leginfo.legislature.ca.gov/faces/codes_displaySection.xhtml?lawCode=VEH&sectionNum=24603.
VC,40302B,FAIL TO PROVIDE WRITTEN PROMISE AT ARREST,other,40302B,40302,0,all,All-source population only; outside the selected statute-family indicators,7,7,https://leginfo.legislature.ca.gov/faces/codes_displaySection.xhtml?lawCode=VEH&sectionNum=40302.
VC,4462.5,UNLAWFUL DISPLAY OF REG:INTENT NON-COMPLIANCE,other,4462.5,4462.5,0,all,All-source population only; outside the selected statute-family indicators,7,7,https://leginfo.legislature.ca.gov/faces/codes_displaySection.xhtml?lawCode=VEH&sectionNum=4462.5.
VC,4463(A)(2),PASS/UTTER FORGED VEH REGISTRATION (F),other,4463(A)(2),4463,0,all,All-source population only; outside the selected statute-family indicators,7,7,https://leginfo.legislature.ca.gov/faces/codes_displaySection.xhtml?lawCode=VEH&sectionNum=4463.
VC,5201,LIC PLATES:POSITION VIOL (I),other,5201,5201,0,all,All-source population only; outside the selected statute-family indicators,7,7,https://leginfo.legislature.ca.gov/faces/codes_displaySection.xhtml?lawCode=VEH&sectionNum=5201.
BP,4326(B),MISUSE OF HYPODERMIC NEEDLE/SYRINGE (M),other,4326(B),4326,0,all,All-source population only; outside the selected statute-family indicators,6,6,
CO,69.111,OCCUPYING POSTED PREMISES PROHIBITED (M),other,69.111,69.111,0,all,All-source population only; outside the selected statute-family indicators,6,6,
HS,11352.1(B),DISPENSE/ETC DANGEROUS DRUGS/DEVICES (M),other,11352.1(B),11352.1,0,all,All-source population only; outside the selected statute-family indicators,6,6,https://leginfo.legislature.ca.gov/faces/codes_displaySection.xhtml?lawCode=HSC&sectionNum=11352.1.
HS,11355,SELL/ETC IN LIEU OF CONTROLLED SUBS (F),other,11355,11355,0,all|drug,drug: explicit HS numeric statute family 11355,6,5,https://leginfo.legislature.ca.gov/faces/codes_displaySection.xhtml?lawCode=HSC&sectionNum=11355.
HS,11358(D),CULTIVATE MARIJUANA 6+ PLANTS W/ CERTAIN PRIORS OR CONDITIONS (F),other,11358(D),11358,0,all|drug,drug: explicit HS numeric statute family 11358,6,6,https://leginfo.legislature.ca.gov/faces/codes_displaySection.xhtml?lawCode=HSC&sectionNum=11358.
HS,11359(C),POSSESS MARIJUANA FOR SALE W/ PRIOR CONVICTION (F),other,11359(C),11359,0,all|drug,drug: explicit HS numeric statute family 11359,6,6,https://leginfo.legislature.ca.gov/faces/codes_displaySection.xhtml?lawCode=HSC&sectionNum=11359.
HS,11361(B),FURNISH/ETC MINOR WITH MARIJUANA (F),other,11361(B),11361,0,all|drug,drug: explicit HS numeric statute family 11361,6,6,https://leginfo.legislature.ca.gov/faces/codes_displaySection.xhtml?lawCode=HSC&sectionNum=11361.
HS,11368,FORGE/ALTER NARCOTIC PRESCRIPTION (F),other,11368,11368,0,all|drug,drug: explicit HS numeric statute family 11368,6,6,https://leginfo.legislature.ca.gov/faces/codes_displaySection.xhtml?lawCode=HSC&sectionNum=11368.
HS,11532(A),LOITER IN PUBLIC PLACE FOR ILLEGAL DRUG ACTIVITY (M),other,11532(A),11532,0,all,All-source population only; outside the selected statute-family indicators,6,3,https://leginfo.legislature.ca.gov/faces/codes_displaySection.xhtml?lawCode=HSC&sectionNum=11532.
HS,12700(B)(1),"FIREWORKS, POSSESS LT 25 LBS (M)",other,12700(B)(1),12700,0,all,All-source population only; outside the selected statute-family indicators,6,6,https://leginfo.legislature.ca.gov/faces/codes_displaySection.xhtml?lawCode=HSC&sectionNum=12700.
MC,13.36.090(B),ILLICT SCAVENGING PROHIBITED,other,13.36.090(B),13.36,0,all,All-source population only; outside the selected statute-family indicators,6,6,
MC,13.42.060A4,DISCHARGE ANY MATERIAL INTO STORM WATER SYSTEM (M),other,13.42.060A4,13.42,0,all,All-source population only; outside the selected statute-family indicators,6,6,
MC,9.04.010,CONSUMPTION OF ALCOHOL IN PUBLIC PLACE (M),other,9.04.010,9.04,0,all,All-source population only; outside the selected statute-family indicators,6,6,
PC,115(A),OFFER/ETC FALSE/FORGED INSTRUMENT TO FILE (F),other,115(A),115,0,all,All-source population only; outside the selected statute-family indicators,6,6,https://leginfo.legislature.ca.gov/faces/codes_displaySection.xhtml?lawCode=PEN&sectionNum=115.
PC,148(B),REMOVE/ETC WEAPON FROM PEACE OFFICER/ETC:NOT FIREARM (F),other,148(B),148,0,all,All-source population only; outside the selected statute-family indicators,6,6,https://leginfo.legislature.ca.gov/faces/codes_displaySection.xhtml?lawCode=PEN&sectionNum=148.
PC,148.4(A)(1),TAMPER WITH FIRE ALARM (M),other,148.4(A)(1),148.4,0,all,All-source population only; outside the selected statute-family indicators,6,6,https://leginfo.legislature.ca.gov/faces/codes_displaySection.xhtml?lawCode=PEN&sectionNum=148.4.
PC,1551(A),FUGITIVE FROM JUSTICE:WARRANT ARREST,other,1551(A),1551,0,all,All-source population only; outside the selected statute-family indicators,6,5,https://leginfo.legislature.ca.gov/faces/codes_displaySection.xhtml?lawCode=PEN&sectionNum=1551.
PC,182(A)(4),CONSPIRACY:DEFRAUD PERS OF PROP (F),other,182(A)(4),182,0,all,All-source population only; outside the selected statute-family indicators,6,6,https://leginfo.legislature.ca.gov/faces/codes_displaySection.xhtml?lawCode=PEN&sectionNum=182.
PC,205,AGGRAVATED MAYHEM (F),other,205,205,0,all,All-source population only; outside the selected statute-family indicators,6,6,https://leginfo.legislature.ca.gov/faces/codes_displaySection.xhtml?lawCode=PEN&sectionNum=205.
PC,22010,MANUFACTURE/SALE/POSSESS/ETC NUNCHAKU (M),ambiguous_related,22010,22010,0,all|weapons,weapons: explicit PC numeric statute family 22010,6,6,https://leginfo.legislature.ca.gov/faces/codes_displaySection.xhtml?lawCode=PEN&sectionNum=22010.
PC,22810(E)(1),POSSESS/PURCHAS/ETC PROJECTILE TEAR GAS WEAPON (M),other,22810(E)(1),22810,0,all|weapons,weapons: explicit PC numeric statute family 22810,6,6,https://leginfo.legislature.ca.gov/faces/codes_displaySection.xhtml?lawCode=PEN&sectionNum=22810.
PC,243.4(A),SEXUAL BATT BY RESTRAINT (M),ambiguous_related,243.4(A),243.4,0,all|violence,violence: explicit PC numeric statute family 243.4; core-DV charge excluded from this family,6,6,https://leginfo.legislature.ca.gov/faces/codes_displaySection.xhtml?lawCode=PEN&sectionNum=243.4.
PC,243D,BATTERY W/SER BODILY INJURY,ambiguous_related,243D,243,0,all|violence,violence: explicit PC numeric statute family 243; core-DV charge excluded from this family,6,5,https://leginfo.legislature.ca.gov/faces/codes_displaySection.xhtml?lawCode=PEN&sectionNum=243.
PC,25400(C)(5),CARRY CONCEALED WEAPON WITH SPECIFIC CONVICTION (F),other,25400(C)(5),25400,0,all|weapons,weapons: explicit PC numeric statute family 25400,6,6,https://leginfo.legislature.ca.gov/faces/codes_displaySection.xhtml?lawCode=PEN&sectionNum=25400.
PC,273.5A,SPOUSAL/COHABITANT ABUSE WITH SERIOUS INJURY,core_dv,273.5A,273.5,0,all|core,Core DV: existing reviewed exact charge classification,6,6,https://leginfo.legislature.ca.gov/faces/codes_displaySection.xhtml?lawCode=PEN&sectionNum=273.5.
PC,287(B)(1),ORAL COPULATION W/ PERSON UNDER 18 YEARS (F),ambiguous_related,287(B)(1),287,0,all,All-source population only; outside the selected statute-family indicators,6,6,https://leginfo.legislature.ca.gov/faces/codes_displaySection.xhtml?lawCode=PEN&sectionNum=287.
PC,288(C)(1),LEWD & LASCIVIOUS ACT W/CHILD 14/15:DEFENDANT 10 YRS OLDER (F),ambiguous_related,288(C)(1),288,0,all,All-source population only; outside the selected statute-family indicators,6,6,https://leginfo.legislature.ca.gov/faces/codes_displaySection.xhtml?lawCode=PEN&sectionNum=288.
PC,288.4(B),ARRANGE/GO TO MEETING WITH MINOR (F),ambiguous_related,288.4(B),288.4,0,all,All-source population only; outside the selected statute-family indicators,6,6,https://leginfo.legislature.ca.gov/faces/codes_displaySection.xhtml?lawCode=PEN&sectionNum=288.4.
PC,32625(A),POSSESS/ETC MACHINEGUN (F),other,32625(A),32625,0,all|weapons,weapons: explicit PC numeric statute family 32625,6,6,https://leginfo.legislature.ca.gov/faces/codes_displaySection.xhtml?lawCode=PEN&sectionNum=32625.
PC,368(D)(1),THEFT OF ELDER/DEPENDENT ADULT (EMBEZZLEMENT OVER $950) (F),ambiguous_related,368(D)(1),368,0,all,All-source population only; outside the selected statute-family indicators,6,6,https://leginfo.legislature.ca.gov/faces/codes_displaySection.xhtml?lawCode=PEN&sectionNum=368.
PC,417(A)(2)(A),EXHIBIT CONCEALABLE FIREARM IN PUBLIC (M),other,417(A)(2)(A),417,0,all|weapons,weapons: explicit PC numeric statute family 417,6,6,https://leginfo.legislature.ca.gov/faces/codes_displaySection.xhtml?lawCode=PEN&sectionNum=417.
PC,422.6A,VIOLATE CIVIL RIGHTS BY THREAT OF FORCE (M),ambiguous_related,422.6A,422.6,0,all,All-source population only; outside the selected statute-family indicators,6,6,https://leginfo.legislature.ca.gov/faces/codes_displaySection.xhtml?lawCode=PEN&sectionNum=422.6.
PC,4532(B)(2),ESCAPE JAIL/ETC WHILE CHARGED/ETC WITH FELONY:FORCE/VIOLENCE(IBR 90Z),other,4532(B)(2),4532,0,all,All-source population only; outside the selected statute-family indicators,6,6,https://leginfo.legislature.ca.gov/faces/codes_displaySection.xhtml?lawCode=PEN&sectionNum=4532.
PC,466,POSS BURGLARY TOOLS,other,466,466,0,all|property,property: explicit PC numeric statute family 466,6,6,https://leginfo.legislature.ca.gov/faces/codes_displaySection.xhtml?lawCode=PEN&sectionNum=466.
PC,470(A),FORGERY (M),other,470(A),470,0,all|property,property: explicit PC numeric statute family 470,6,6,https://leginfo.legislature.ca.gov/faces/codes_displaySection.xhtml?lawCode=PEN&sectionNum=470.
PC,487(A),GRAND THEFT (Theft From Coin Oper Machine or Dev) (F),other,487(A),487,0,all|property,property: explicit PC numeric statute family 487,6,6,https://leginfo.legislature.ca.gov/faces/codes_displaySection.xhtml?lawCode=PEN&sectionNum=487.
PC,490.4(A)(4),RECRUIT/ORGANIZE/MANAGE ANOTHER FOR RETAIL THEFT: OVER $950 (F),other,490.4(A)(4),490.4,0,all,All-source population only; outside the selected statute-family indicators,6,6,https://leginfo.legislature.ca.gov/faces/codes_displaySection.xhtml?lawCode=PEN&sectionNum=490.4.
PC,496(A),RECEIVE/ETC KNOWN STOLEN PROPERTY,other,496(A),496,0,all|property,property: explicit PC numeric statute family 496,6,6,https://leginfo.legislature.ca.gov/faces/codes_displaySection.xhtml?lawCode=PEN&sectionNum=496.
PC,529.5(A),MFR DECEPTIVE GOVERNMENT ID/DRVRS LIC (M),other,529.5(A),529.5,0,all,All-source population only; outside the selected statute-family indicators,6,6,https://leginfo.legislature.ca.gov/faces/codes_displaySection.xhtml?lawCode=PEN&sectionNum=529.5.
PC,550(A)(4),FILE FALSE INS CLAIM FOR THEFT OF Mot Veh (F),other,550(A)(4),550,0,all,All-source population only; outside the selected statute-family indicators,6,6,https://leginfo.legislature.ca.gov/faces/codes_displaySection.xhtml?lawCode=PEN&sectionNum=550.
PC,550(B)(1),PROVIDE FALSE INSURANCE INFO FOR PAY (F),other,550(B)(1),550,0,all,All-source population only; outside the selected statute-family indicators,6,6,https://leginfo.legislature.ca.gov/faces/codes_displaySection.xhtml?lawCode=PEN&sectionNum=550.
PC,594.2(A),POSS TOOL WITH INTENT TO VANDALIZE (M),other,594.2(A),594.2,0,all,All-source population only; outside the selected statute-family indicators,6,6,https://leginfo.legislature.ca.gov/faces/codes_displaySection.xhtml?lawCode=PEN&sectionNum=594.2.
PC,602.1(B),TRESPASS:OBSTRUCT BUSINESS OF PUBLIC AGENCY (M),other,602.1(B),602.1,0,all,All-source population only; outside the selected statute-family indicators,6,6,https://leginfo.legislature.ca.gov/faces/codes_displaySection.xhtml?lawCode=PEN&sectionNum=602.1.
PC,647(J)(4)(A),DISTRIBUTE INTIMATE IMAGE CAUSING SERIOUS EMOTIONAL DISTRESS (M),other,647(J)(4)(A),647,0,all,All-source population only; outside the selected statute-family indicators,6,6,https://leginfo.legislature.ca.gov/faces/codes_displaySection.xhtml?lawCode=PEN&sectionNum=647.
PC,666.1(A)(1),GRAND THEFT (FROM BUILDING) W/2+ PRIOR CONVICTIONS (F),other,666.1(A)(1),666.1,0,all|property,property: explicit PC numeric statute family 666.1,6,5,https://leginfo.legislature.ca.gov/faces/codes_displaySection.xhtml?lawCode=PEN&sectionNum=666.1.
VC,10750(A),ALTER/CHANGE VEH IDENT NUMBERS (M),other,10750(A),10750,0,all,All-source population only; outside the selected statute-family indicators,6,6,https://leginfo.legislature.ca.gov/faces/codes_displaySection.xhtml?lawCode=VEH&sectionNum=10750.
VC,13004(A),DISPLAY/POSS FAKE/ETC IDENT CARD (M),other,13004(A),13004,0,all,All-source population only; outside the selected statute-family indicators,6,6,https://leginfo.legislature.ca.gov/faces/codes_displaySection.xhtml?lawCode=VEH&sectionNum=13004.
VC,21201D,BICYCLE HEADLIGHT/REFLECTOR VIOL (I),other,21201D,21201,0,all,All-source population only; outside the selected statute-family indicators,6,6,https://leginfo.legislature.ca.gov/faces/codes_displaySection.xhtml?lawCode=VEH&sectionNum=21201.
VC,21806A,RIGHT-OF-WAY:TO EMERGENCY VEH (I),other,21806A,21806,0,all,All-source population only; outside the selected statute-family indicators,6,6,https://leginfo.legislature.ca.gov/faces/codes_displaySection.xhtml?lawCode=VEH&sectionNum=21806.
VC,23103,RECKLESS DRIVING:HIGHWAY (F),other,23103,23103,0,all|driving,driving: explicit VC numeric statute family 23103,6,6,https://leginfo.legislature.ca.gov/faces/codes_displaySection.xhtml?lawCode=VEH&sectionNum=23103.
VC,23153(B),DUI .08 ALC:CAUSING BODILY INJ,other,23153(B),23153,0,all|driving,driving: explicit VC numeric statute family 23153,6,6,https://leginfo.legislature.ca.gov/faces/codes_displaySection.xhtml?lawCode=VEH&sectionNum=23153.
VC,23223,OPEN CONTAINER ALC IN VEH - PASS (I),other,23223,23223,0,all,All-source population only; outside the selected statute-family indicators,6,6,https://leginfo.legislature.ca.gov/faces/codes_displaySection.xhtml?lawCode=VEH&sectionNum=23223.
VC,26708.5,TINTED WINDSHIELD/WINDOWS/ETC (I),other,26708.5,26708.5,0,all,All-source population only; outside the selected statute-family indicators,6,6,https://leginfo.legislature.ca.gov/faces/codes_displaySection.xhtml?lawCode=VEH&sectionNum=26708.5.
VC,27360A,UNRESTRAINED CHILD IN VEHICLE (PARENT/GUARDIAN) (I),other,27360A,27360,0,all,All-source population only; outside the selected statute-family indicators,6,6,https://leginfo.legislature.ca.gov/faces/codes_displaySection.xhtml?lawCode=VEH&sectionNum=27360.
VC,4454A,NO REGISTRATION IN VEH (I),other,4454A,4454,0,all,All-source population only; outside the selected statute-family indicators,6,6,https://leginfo.legislature.ca.gov/faces/codes_displaySection.xhtml?lawCode=VEH&sectionNum=4454.
VC,5204A,LIC PLATES:EXPIRED TABS OR FAILURE TO DISPLAY (I),other,5204A,5204,0,all,All-source population only; outside the selected statute-family indicators,6,6,https://leginfo.legislature.ca.gov/faces/codes_displaySection.xhtml?lawCode=VEH&sectionNum=5204.
WI,8103(F)(1),WEAPONS RESTRICTIONS VIOL:MENTALLY DISORDERED PERS (F),other,8103(F)(1),8103,0,all,All-source population only; outside the selected statute-family indicators,6,6,
BP,22435,TAKE MARKED CART FROM RETAIL ESTABLISHMENT (M),other,22435,22435,0,all,All-source population only; outside the selected statute-family indicators,5,5,
CO,73.111,PERSON STAND/SIT ON CROSSWALK/SIDEWALK/STEET/PARK TO OBSTRUCT OR ANNOY (M),other,73.111,73.111,0,all,All-source population only; outside the selected statute-family indicators,5,5,
HS,12671,SELL/USE/ETC UNCLASSED FIREWORKS (M),other,12671,12671,0,all,All-source population only; outside the selected statute-family indicators,5,5,https://leginfo.legislature.ca.gov/faces/codes_displaySection.xhtml?lawCode=HSC&sectionNum=12671.
MC,10.20.140,"CAMPING, ETC., ON PRIVATE PROPERTY WITHOUT PERMISSION",other,10.20.140,10.20,0,all,All-source population only; outside the selected statute-family indicators,5,5,
MC,9.04.040,LITTERING/DISTRIBUTING FLYERS IN CITY (M),other,9.04.040,9.04,0,all,All-source population only; outside the selected statute-family indicators,5,3,
MC,9.60.040,HARASS PERSON IN PUBLIC PLACE TO SOLICIT MONEY OR GOODS,other,9.60.040,9.60,0,all,All-source population only; outside the selected statute-family indicators,5,5,
PC,148(A)(1),OBSTRUCT/RESIST/ETC PUBLIC/PEACE OFFICER/EMERGENCY MED TECH,other,148(A)(1),148,0,all,All-source population only; outside the selected statute-family indicators,5,5,https://leginfo.legislature.ca.gov/faces/codes_displaySection.xhtml?lawCode=PEN&sectionNum=148.
PC,209(B)(1),KIDNAP TO COMMIT ROBBERY/RAPE/289 PC (F),ambiguous_related,209(B)(1),209,0,all,All-source population only; outside the selected statute-family indicators,5,5,https://leginfo.legislature.ca.gov/faces/codes_displaySection.xhtml?lawCode=PEN&sectionNum=209.
PC,21810,MANUFACTURE/SALE/POSSESS/ETC METAL KNUCKLES,other,21810,21810,0,all|weapons,weapons: explicit PC numeric statute family 21810,5,5,https://leginfo.legislature.ca.gov/faces/codes_displaySection.xhtml?lawCode=PEN&sectionNum=21810.
PC,243.25,BATTERY ON ELDER OR DEPENDENT ADULT WITH NO INJURY / MINOR INJURY (M),ambiguous_related,243.25,243.25,0,all,All-source population only; outside the selected statute-family indicators,5,5,https://leginfo.legislature.ca.gov/faces/codes_displaySection.xhtml?lawCode=PEN&sectionNum=243.25.
PC,243.4(E)(1),SEXUAL BATTERY,ambiguous_related,243.4(E)(1),243.4,0,all|violence,violence: explicit PC numeric statute family 243.4; core-DV charge excluded from this family,5,5,https://leginfo.legislature.ca.gov/faces/codes_displaySection.xhtml?lawCode=PEN&sectionNum=243.4.
PC,25400(A)(1),CARRY CONCEALED WEAPON IN VEHICLE,other,25400(A)(1),25400,0,all|weapons,weapons: explicit PC numeric statute family 25400,5,5,https://leginfo.legislature.ca.gov/faces/codes_displaySection.xhtml?lawCode=PEN&sectionNum=25400.
PC,25400(C)(6)A,FELON CARRY A LOADED CONCEALED WEAPON ON PERSON (F),other,25400(C)(6)A,25400,0,all|weapons,weapons: explicit PC numeric statute family 25400,5,5,https://leginfo.legislature.ca.gov/faces/codes_displaySection.xhtml?lawCode=PEN&sectionNum=25400.
PC,261(A)(1),RAPE:VIC INCAPABLE OF GIVING CONSENT (F),ambiguous_related,261(A)(1),261,0,all,All-source population only; outside the selected statute-family indicators,5,5,https://leginfo.legislature.ca.gov/faces/codes_displaySection.xhtml?lawCode=PEN&sectionNum=261.
PC,273.5 (F)(1),INFLICT CORPORAL INJURY ON SPOUSE/COHAB/GRLFRND W/PRIORS (F),core_dv,273.5(F)(1),273.5,0,all|core,Core DV: existing reviewed exact charge classification,5,5,https://leginfo.legislature.ca.gov/faces/codes_displaySection.xhtml?lawCode=PEN&sectionNum=273.5.
PC,273D,INFLICT MINOR INJ UPON CHILD (M),ambiguous_related,273D,273,0,all,All-source population only; outside the selected statute-family indicators,5,5,https://leginfo.legislature.ca.gov/faces/codes_displaySection.xhtml?lawCode=PEN&sectionNum=273.
PC,27545,UNLIC SALE/LOAN/TRANSFER OF FIREARM (F),other,27545,27545,0,all|weapons,weapons: explicit PC numeric statute family 27545,5,5,https://leginfo.legislature.ca.gov/faces/codes_displaySection.xhtml?lawCode=PEN&sectionNum=27545.
PC,288.7(B),FORCIBLE PENETRATION W/OBJECT:VICTIM UNDER 10 YEARS OF AGE (F),ambiguous_related,288.7(B),288.7,0,all,All-source population only; outside the selected statute-family indicators,5,5,https://leginfo.legislature.ca.gov/faces/codes_displaySection.xhtml?lawCode=PEN&sectionNum=288.7.
PC,288.7(B),ORAL COPULATION:VICTIM UNDER 10 YEARS OF AGE: DEF 18+ (F),ambiguous_related,288.7(B),288.7,0,all,All-source population only; outside the selected statute-family indicators,5,5,https://leginfo.legislature.ca.gov/faces/codes_displaySection.xhtml?lawCode=PEN&sectionNum=288.7.
PC,290.015,290 VIOLATION AFTER INCARCERATION (F),other,290.015,290.015,0,all,All-source population only; outside the selected statute-family indicators,5,5,https://leginfo.legislature.ca.gov/faces/codes_displaySection.xhtml?lawCode=PEN&sectionNum=290.015.
PC,290.018(G),290 VIOLATION TRAN 30 DAY UPDATE (F),other,290.018(G),290.018,0,all,All-source population only; outside the selected statute-family indicators,5,5,https://leginfo.legislature.ca.gov/faces/codes_displaySection.xhtml?lawCode=PEN&sectionNum=290.018.
PC,405A,LYNCHING WITH NO INJURY / MINOR INJURY (F),other,405A,405,0,all,All-source population only; outside the selected statute-family indicators,5,5,https://leginfo.legislature.ca.gov/faces/codes_displaySection.xhtml?lawCode=PEN&sectionNum=405.
PC,422.6B,DAMAGE PROP TO VIOLATE CIVIL RIGHTS (M),ambiguous_related,422.6B,422.6,0,all,All-source population only; outside the selected statute-family indicators,5,5,https://leginfo.legislature.ca.gov/faces/codes_displaySection.xhtml?lawCode=PEN&sectionNum=422.6.
PC,453(A),POSS/MFG/DISPOSE OF MATERIAL/DEV FOR ARSON (F),other,453(A),453,0,all,All-source population only; outside the selected statute-family indicators,5,5,https://leginfo.legislature.ca.gov/faces/codes_displaySection.xhtml?lawCode=PEN&sectionNum=453.
PC,453(A),POSS/MFG/DISPOSE OF MATERIAL/DEVICE FOR ARSON (F),other,453(A),453,0,all,All-source population only; outside the selected statute-family indicators,5,5,https://leginfo.legislature.ca.gov/faces/codes_displaySection.xhtml?lawCode=PEN&sectionNum=453.
PC,4530(B),PRISONER ESCAPE W/O FORCE (F),other,4530(B),4530,0,all,All-source population only; outside the selected statute-family indicators,5,5,https://leginfo.legislature.ca.gov/faces/codes_displaySection.xhtml?lawCode=PEN&sectionNum=4530.
PC,4570.5,FALSE IDENT FOR PRISON/JAIL ADMISSION (M),other,4570.5,4570.5,0,all,All-source population only; outside the selected statute-family indicators,5,5,https://leginfo.legislature.ca.gov/faces/codes_displaySection.xhtml?lawCode=PEN&sectionNum=4570.5.
PC,472,FORGE OFFICIAL SEAL (F),other,472,472,0,all,All-source population only; outside the selected statute-family indicators,5,5,https://leginfo.legislature.ca.gov/faces/codes_displaySection.xhtml?lawCode=PEN&sectionNum=472.
PC,487(C),GRAND THEFT FROM PERS (Pocket-Picking) (F),other,487(C),487,0,all|property,property: explicit PC numeric statute family 487,5,5,https://leginfo.legislature.ca.gov/faces/codes_displaySection.xhtml?lawCode=PEN&sectionNum=487.
PC,487(D),GRAND THEFT:FIREARM/ANIMAL (Theft From Mot Veh) (F),other,487(D),487,0,all|property,property: explicit PC numeric statute family 487,5,5,https://leginfo.legislature.ca.gov/faces/codes_displaySection.xhtml?lawCode=PEN&sectionNum=487.
PC,487E,GRAND THEFT:DOG [OVER $950] (F),other,487E,487,0,all|property,property: explicit PC numeric statute family 487,5,5,https://leginfo.legislature.ca.gov/faces/codes_displaySection.xhtml?lawCode=PEN&sectionNum=487.
PC,602(H),TRESPASS:SIGNS DISPLAYED:FARM ANIMALS RAISED:ENTER LAND AND/OR DESTROY FENCE,other,602(H),602,0,all,All-source population only; outside the selected statute-family indicators,5,5,https://leginfo.legislature.ca.gov/faces/codes_displaySection.xhtml?lawCode=PEN&sectionNum=602.
PC,602(S),TRESPASS:REFUSE TO LEAVE HOTEL/MOTEL (M),other,602(S),602,0,all,All-source population only; outside the selected statute-family indicators,5,5,https://leginfo.legislature.ca.gov/faces/codes_displaySection.xhtml?lawCode=PEN&sectionNum=602.
PC,626.10(A),POSS WEAPON AT SCHOOL (F),other,626.10(A),626.10,0,all,All-source population only; outside the selected statute-family indicators,5,5,https://leginfo.legislature.ca.gov/faces/codes_displaySection.xhtml?lawCode=PEN&sectionNum=626.10.
PC,626.10(A),POSSESS WEAPON/ETC AT SCHOOL (M),other,626.10(A),626.10,0,all,All-source population only; outside the selected statute-family indicators,5,5,https://leginfo.legislature.ca.gov/faces/codes_displaySection.xhtml?lawCode=PEN&sectionNum=626.10.
PC,626.9(B),HAVE FIREARM AT PUBLIC SCHOOL (F),other,626.9(B),626.9,0,all,All-source population only; outside the selected statute-family indicators,5,5,https://leginfo.legislature.ca.gov/faces/codes_displaySection.xhtml?lawCode=PEN&sectionNum=626.9.
PC,653.23,SUPERVISE/ETC PROSTITUTION ACTIVITIES (M),other,653.23,653.23,0,all,All-source population only; outside the selected statute-family indicators,5,5,https://leginfo.legislature.ca.gov/faces/codes_displaySection.xhtml?lawCode=PEN&sectionNum=653.23.
PC,76(A),THREATEN/ETC ELECTED OFFICIAL/JUDGE/ETC (F),other,76(A),76,0,all,All-source population only; outside the selected statute-family indicators,5,5,https://leginfo.legislature.ca.gov/faces/codes_displaySection.xhtml?lawCode=PEN&sectionNum=76.
PC,836.6(A),ESCAPE/ATTEMPT ESCAPE FROM CUST OF SHERIFF (M),other,836.6(A),836.6,0,all,All-source population only; outside the selected statute-family indicators,5,5,https://leginfo.legislature.ca.gov/faces/codes_displaySection.xhtml?lawCode=PEN&sectionNum=836.6.
VC,16028A,FAIL TO PROVE FIN RESPONSIBILITY:PEACE OFCR REQUEST,other,16028A,16028,0,all,All-source population only; outside the selected statute-family indicators,5,5,https://leginfo.legislature.ca.gov/faces/codes_displaySection.xhtml?lawCode=VEH&sectionNum=16028.
VC,21460A,LANE USAGE:VEH CROSS DOUBLE SOLID LINE (I),other,21460A,21460,0,all,All-source population only; outside the selected statute-family indicators,5,5,https://leginfo.legislature.ca.gov/faces/codes_displaySection.xhtml?lawCode=VEH&sectionNum=21460.
VC,22108,FAIL TO SIGNAL AT LEAST 100 FEET BEFORE TURN (I),other,22108,22108,0,all,All-source population only; outside the selected statute-family indicators,5,5,https://leginfo.legislature.ca.gov/faces/codes_displaySection.xhtml?lawCode=VEH&sectionNum=22108.
VC,22400A,DRIVE TOO SLOWLY/IMPEDING TRAFFIC (I),other,22400A,22400,0,all,All-source population only; outside the selected statute-family indicators,5,5,https://leginfo.legislature.ca.gov/faces/codes_displaySection.xhtml?lawCode=VEH&sectionNum=22400.
VC,23123.5(A),PROHIBIT USE OF HND HLD DEVICE WHILE DRIVING (I),other,23123.5(A),23123.5,0,all,All-source population only; outside the selected statute-family indicators,5,5,https://leginfo.legislature.ca.gov/faces/codes_displaySection.xhtml?lawCode=VEH&sectionNum=23123.5.
VC,23152(G),DUI ALCOHOL/DRUG,other,23152(G),23152,0,all|driving,driving: explicit VC numeric statute family 23152,5,5,https://leginfo.legislature.ca.gov/faces/codes_displaySection.xhtml?lawCode=VEH&sectionNum=23152.
VC,24600B,"OTHER THAN MOTORCYCLE, MUST HAVE TWO TAILLAMPS (I)",other,24600B,24600,0,all,All-source population only; outside the selected statute-family indicators,5,5,https://leginfo.legislature.ca.gov/faces/codes_displaySection.xhtml?lawCode=VEH&sectionNum=24600.
VC,2800.2(A),EVADE PEACE OFCR WITH WANTON DISREGARD FOR SAFETY,other,2800.2(A),2800.2,0,all|driving,driving: explicit VC numeric statute family 2800.2,5,5,https://leginfo.legislature.ca.gov/faces/codes_displaySection.xhtml?lawCode=VEH&sectionNum=2800.2.
VC,4461(C),DISPLAY UNAUTH DISABLED PERS PLACARD (M),other,4461(C),4461,0,all,All-source population only; outside the selected statute-family indicators,5,5,https://leginfo.legislature.ca.gov/faces/codes_displaySection.xhtml?lawCode=VEH&sectionNum=4461.
VC,5200,"IF ONLY ONE PLATE ISSUED, MUST BE ON BACK (I)",other,5200,5200,0,all,All-source population only; outside the selected statute-family indicators,5,5,https://leginfo.legislature.ca.gov/faces/codes_displaySection.xhtml?lawCode=VEH&sectionNum=5200.
BP,25658(B),MINOR PURCHASE LIQUOR IN BAR (M),other,25658(B),25658,0,all,All-source population only; outside the selected statute-family indicators,4,4,
CO,76.101,OPERATE OFF-HIGHWAY VEHICLE ON PRIVATE PROPERTY W/O OWNERS CONSENT (I),other,76.101,76.101,0,all,All-source population only; outside the selected statute-family indicators,4,3,
HS,11173(A),OBTAIN/ETC CONTROLLED SUBS BY FRAUD (F),other,11173(A),11173,0,all,All-source population only; outside the selected statute-family indicators,4,4,https://leginfo.legislature.ca.gov/faces/codes_displaySection.xhtml?lawCode=HSC&sectionNum=11173.
HS,11364,POSS CONTRL SUB PARAPHERNALIA,other,11364,11364,0,all|drug,drug: explicit HS numeric statute family 11364,4,4,https://leginfo.legislature.ca.gov/faces/codes_displaySection.xhtml?lawCode=HSC&sectionNum=11364.
HS,11366.8(A),USE FALSE COMPARTMENT TO STORE CONT SUBS,other,11366.8(A),11366.8,0,all|drug,drug: explicit HS numeric statute family 11366.8,4,4,https://leginfo.legislature.ca.gov/faces/codes_displaySection.xhtml?lawCode=HSC&sectionNum=11366.8.
MC,10.32.040(C),Posses open alcoholic container in park,other,10.32.040(C),10.32,0,all,All-source population only; outside the selected statute-family indicators,4,4,
MC,9.20.020B,"NO ONE SHALL CAMP, LODGE, SLEEP OVERNIGHT IN PUBLIC PARK, STREET OR HIGHWAY (I)",other,9.20.020B,9.20,0,all,All-source population only; outside the selected statute-family indicators,4,3,
MC,9.85.040,POSSESS SHOPPING CART REMOVED FROM PREMESIS,other,9.85.040,9.85,0,all,All-source population only; outside the selected statute-family indicators,4,3,
PC,12403.7(A),POSSES TEAR GAS/WEAPON (F),other,12403.7(A),12403.7,0,all,All-source population only; outside the selected statute-family indicators,4,4,https://leginfo.legislature.ca.gov/faces/codes_displaySection.xhtml?lawCode=PEN&sectionNum=12403.7.
PC,136.1(B)(2),ATT TO PREVENT/DISSUADE VIC/WIT FROM PROSECUTING (F),ambiguous_related,136.1(B)(2),136.1,0,all,All-source population only; outside the selected statute-family indicators,4,4,https://leginfo.legislature.ca.gov/faces/codes_displaySection.xhtml?lawCode=PEN&sectionNum=136.1.
PC,148.9(A),FALSE IDENT TO PEACE OFCR,other,148.9(A),148.9,0,all,All-source population only; outside the selected statute-family indicators,4,4,https://leginfo.legislature.ca.gov/faces/codes_displaySection.xhtml?lawCode=PEN&sectionNum=148.9.
PC,166(A),CONTEMPT OF COURT VIOLATE A GANG INJUNCTION (M),ambiguous_related,166(A),166,0,all,All-source population only; outside the selected statute-family indicators,4,4,https://leginfo.legislature.ca.gov/faces/codes_displaySection.xhtml?lawCode=PEN&sectionNum=166.
PC,166(A)(3),CONTEMPT OF COURT:BREACH OF PEACE (M),ambiguous_related,166(A)(3),166,0,all,All-source population only; outside the selected statute-family indicators,4,4,https://leginfo.legislature.ca.gov/faces/codes_displaySection.xhtml?lawCode=PEN&sectionNum=166.
PC,166(A)(5),CONTEMPT OF COURT:RESIST COURT ORDER (M),ambiguous_related,166(A)(5),166,0,all,All-source population only; outside the selected statute-family indicators,4,4,https://leginfo.legislature.ca.gov/faces/codes_displaySection.xhtml?lawCode=PEN&sectionNum=166.
PC,182(A)(1),CONSPIRE TO COMMIT A CRIME,other,182(A)(1),182,0,all,All-source population only; outside the selected statute-family indicators,4,4,https://leginfo.legislature.ca.gov/faces/codes_displaySection.xhtml?lawCode=PEN&sectionNum=182.
PC,182(A)(4),CONSPIRACY: DEFRAUD PERSON OF PROPERTY (M),other,182(A)(4),182,0,all,All-source population only; outside the selected statute-family indicators,4,2,https://leginfo.legislature.ca.gov/faces/codes_displaySection.xhtml?lawCode=PEN&sectionNum=182.
PC,20170(A),DISPLAY/EXPOSE IN PUBLIC PLACE IMITATION FIREARM (I),other,20170(A),20170,0,all|weapons,weapons: explicit PC numeric statute family 20170,4,4,https://leginfo.legislature.ca.gov/faces/codes_displaySection.xhtml?lawCode=PEN&sectionNum=20170.
PC,215(A),CARJACKING,ambiguous_related,215(A),215,0,all,All-source population only; outside the selected statute-family indicators,4,3,https://leginfo.legislature.ca.gov/faces/codes_displaySection.xhtml?lawCode=PEN&sectionNum=215.
PC,21510(C),SELL/TRANSFER/GIVE/ETC SWITCHBLADE KNIFE (M),ambiguous_related,21510(C),21510,0,all|weapons,weapons: explicit PC numeric statute family 21510,4,4,https://leginfo.legislature.ca.gov/faces/codes_displaySection.xhtml?lawCode=PEN&sectionNum=21510.
PC,22810(E)(3),TEARGAS/TEARGAS WEAPON PURCHASED/ETC SHALL DISPLAY EXP DATE (M),other,22810(E)(3),22810,0,all|weapons,weapons: explicit PC numeric statute family 22810,4,4,https://leginfo.legislature.ca.gov/faces/codes_displaySection.xhtml?lawCode=PEN&sectionNum=22810.
PC,243(D),BATTERY W/SER BODILY INJURY,ambiguous_related,243(D),243,0,all|violence,violence: explicit PC numeric statute family 243; core-DV charge excluded from this family,4,3,https://leginfo.legislature.ca.gov/faces/codes_displaySection.xhtml?lawCode=PEN&sectionNum=243.
PC,243(E)(1),BATTERY: SPOUSE/EX SPOUSE/DATE/ETC,core_dv,243(E)(1),243,0,all|core,Core DV: existing reviewed exact charge classification,4,4,https://leginfo.legislature.ca.gov/faces/codes_displaySection.xhtml?lawCode=PEN&sectionNum=243.
PC,247(B),SHOOT AT UNOCCUPIED DWELLING/VEH (F),other,247(B),247,0,all,All-source population only; outside the selected statute-family indicators,4,4,https://leginfo.legislature.ca.gov/faces/codes_displaySection.xhtml?lawCode=PEN&sectionNum=247.
PC,25400(C)(6),CARRY A LOADED CONCEALED WEAPON ON PERSON (M),other,25400(C)(6),25400,0,all|weapons,weapons: explicit PC numeric statute family 25400,4,4,https://leginfo.legislature.ca.gov/faces/codes_displaySection.xhtml?lawCode=PEN&sectionNum=25400.
PC,25850(C)(6),CARRY LOADED HANDGUN:NOT REGISTERED OWNER,other,25850(C)(6),25850,0,all|weapons,weapons: explicit PC numeric statute family 25850,4,4,https://leginfo.legislature.ca.gov/faces/codes_displaySection.xhtml?lawCode=PEN&sectionNum=25850.
PC,261(A)(3),RAPE OF DRUGGED VIC (F),ambiguous_related,261(A)(3),261,0,all,All-source population only; outside the selected statute-family indicators,4,4,https://leginfo.legislature.ca.gov/faces/codes_displaySection.xhtml?lawCode=PEN&sectionNum=261.
PC,26100(A),VEH DRIVER/OWNER OTHER CARRY/ETC FIREARM INTO VEHICLE (M),ambiguous_related,26100(A),26100,0,all,All-source population only; outside the selected statute-family indicators,4,4,https://leginfo.legislature.ca.gov/faces/codes_displaySection.xhtml?lawCode=PEN&sectionNum=26100.
PC,288.7(A),SODOMY:VICTIM UNDER 10 YEARS OF AGE (F),ambiguous_related,288.7(A),288.7,0,all,All-source population only; outside the selected statute-family indicators,4,4,https://leginfo.legislature.ca.gov/faces/codes_displaySection.xhtml?lawCode=PEN&sectionNum=288.7.
PC,290.013,SEX REGISTRANT FAIL REPORT ADDRESS CHANGE (M),other,290.013,290.013,0,all,All-source population only; outside the selected statute-family indicators,4,4,https://leginfo.legislature.ca.gov/faces/codes_displaySection.xhtml?lawCode=PEN&sectionNum=290.013.
PC,29820(B),CONVICTED PERSON POSSESS/ETC FIREARM WHILE UNDER AGE 30 (F),other,29820(B),29820,0,all,All-source population only; outside the selected statute-family indicators,4,4,https://leginfo.legislature.ca.gov/faces/codes_displaySection.xhtml?lawCode=PEN&sectionNum=29820.
PC,3056,VIOLATION PAROLE/FELONY,other,3056,3056,0,all,All-source population only; outside the selected statute-family indicators,4,4,https://leginfo.legislature.ca.gov/faces/codes_displaySection.xhtml?lawCode=PEN&sectionNum=3056.
PC,368(B)(1),ACTIONS LIKELY TO CAUSE HARM/DEATH OF ELDER /DEPENDENT ADULT,ambiguous_related,368(B)(1),368,0,all,All-source population only; outside the selected statute-family indicators,4,4,https://leginfo.legislature.ca.gov/faces/codes_displaySection.xhtml?lawCode=PEN&sectionNum=368.
PC,368(D),THEFT OF ELDER/DEPENDENT ADULT (EMBEZZLEMENT $950 OR LESS) (M),ambiguous_related,368(D),368,0,all,All-source population only; outside the selected statute-family indicators,4,4,https://leginfo.legislature.ca.gov/faces/codes_displaySection.xhtml?lawCode=PEN&sectionNum=368.
PC,368(D)(2),THEFT OF ELDER/DEPENDENT ADULT (EMBEZZLEMENT $950 OR LESS) (M),ambiguous_related,368(D)(2),368,0,all,All-source population only; outside the selected statute-family indicators,4,4,https://leginfo.legislature.ca.gov/faces/codes_displaySection.xhtml?lawCode=PEN&sectionNum=368.
PC,369I(B),TRESPASS:RAIL TRANSIT PROP (M),other,369I(B),369,0,all,All-source population only; outside the selected statute-family indicators,4,4,https://leginfo.legislature.ca.gov/faces/codes_displaySection.xhtml?lawCode=PEN&sectionNum=369.
PC,370,PUBLIC NUISANCE (M),other,370,370,0,all,All-source population only; outside the selected statute-family indicators,4,4,https://leginfo.legislature.ca.gov/faces/codes_displaySection.xhtml?lawCode=PEN&sectionNum=370.
PC,422(A),THREATEN CRIME WITH INTENT TO TERRORIZE,ambiguous_related,422(A),422,0,all|violence,violence: explicit PC numeric statute family 422; core-DV charge excluded from this family,4,4,https://leginfo.legislature.ca.gov/faces/codes_displaySection.xhtml?lawCode=PEN&sectionNum=422.
PC,4532(B)(1),ATT/ESCAPE JAIL/ETC WHILE CHARGED/ETC WITH A FELONY,other,4532(B)(1),4532,0,all,All-source population only; outside the selected statute-family indicators,4,4,https://leginfo.legislature.ca.gov/faces/codes_displaySection.xhtml?lawCode=PEN&sectionNum=4532.
PC,4532(B)(2),ESCAPE JAIL/ETC WHILE CHARGED/ETC WITH FELONY:FORCE/VIOLENCE (F),other,4532(B)(2),4532,0,all,All-source population only; outside the selected statute-family indicators,4,4,https://leginfo.legislature.ca.gov/faces/codes_displaySection.xhtml?lawCode=PEN&sectionNum=4532.
PC,455(A),ATTEMPT OR AID ARSON (F),other,455(A),455,0,all,All-source population only; outside the selected statute-family indicators,4,4,https://leginfo.legislature.ca.gov/faces/codes_displaySection.xhtml?lawCode=PEN&sectionNum=455.
PC,4550(B),RESCUE/ATTEMPT RESCUE PRISONER CONVICTED TO STATE PRISON (F),other,4550(B),4550,0,all,All-source population only; outside the selected statute-family indicators,4,4,https://leginfo.legislature.ca.gov/faces/codes_displaySection.xhtml?lawCode=PEN&sectionNum=4550.
PC,4574(A),SEND/BRING WEAP/TEAR GAS INTO PRISON/JAIL,other,4574(A),4574,0,all,All-source population only; outside the selected statute-family indicators,4,4,https://leginfo.legislature.ca.gov/faces/codes_displaySection.xhtml?lawCode=PEN&sectionNum=4574.
PC,466,POSSESS BURGLAR TOOLS,other,466,466,0,all|property,property: explicit PC numeric statute family 466,4,4,https://leginfo.legislature.ca.gov/faces/codes_displaySection.xhtml?lawCode=PEN&sectionNum=466.
PC,470B,POSS DRVRS LIC/IDENT TO COMMIT FORGERY (F),other,470B,470,0,all|property,property: explicit PC numeric statute family 470,4,4,https://leginfo.legislature.ca.gov/faces/codes_displaySection.xhtml?lawCode=PEN&sectionNum=470.
PC,476A(A),INSUFFICIENT FUNDS:CHECKS/DRAFTS/ETC (M),other,476A(A),476,0,all|property,property: explicit PC numeric statute family 476,4,4,https://leginfo.legislature.ca.gov/faces/codes_displaySection.xhtml?lawCode=PEN&sectionNum=476.
PC,487(D),GRAND THEFT:FIREARM/ANIMAL (All Other Larceny) (F),other,487(D),487,0,all|property,property: explicit PC numeric statute family 487,4,4,https://leginfo.legislature.ca.gov/faces/codes_displaySection.xhtml?lawCode=PEN&sectionNum=487.
PC,488,PETTY THEFT,other,488,488,0,all|property,property: explicit PC numeric statute family 488,4,4,https://leginfo.legislature.ca.gov/faces/codes_displaySection.xhtml?lawCode=PEN&sectionNum=488.
PC,502(C)(1)(A),ACCESS COMPUTER/ALTER DATA:DEVISE SCHEME DEFRAUD (F),other,502(C)(1)(A),502,0,all,All-source population only; outside the selected statute-family indicators,4,4,https://leginfo.legislature.ca.gov/faces/codes_displaySection.xhtml?lawCode=PEN&sectionNum=502.
PC,518(A),EXTORTION (F),other,518(A),518,0,all,All-source population only; outside the selected statute-family indicators,4,3,https://leginfo.legislature.ca.gov/faces/codes_displaySection.xhtml?lawCode=PEN&sectionNum=518.
PC,538D,IMPERSONATING A PEACE OFCR (M),other,538D,538,0,all,All-source population only; outside the selected statute-family indicators,4,4,https://leginfo.legislature.ca.gov/faces/codes_displaySection.xhtml?lawCode=PEN&sectionNum=538.
PC,550(A)(5),PREPARE WRITING FOR FALSE INSURANCE CLAIM (F),other,550(A)(5),550,0,all,All-source population only; outside the selected statute-family indicators,4,4,https://leginfo.legislature.ca.gov/faces/codes_displaySection.xhtml?lawCode=PEN&sectionNum=550.
PC,555,ENTER/REMAIN ON POSTED PROP (M),other,555,555,0,all,All-source population only; outside the selected statute-family indicators,4,4,https://leginfo.legislature.ca.gov/faces/codes_displaySection.xhtml?lawCode=PEN&sectionNum=555.
PC,602(Q),TRESPASS:REFUSE TO LEAVE PUBLIC BUILDING (M),other,602(Q),602,0,all,All-source population only; outside the selected statute-family indicators,4,4,https://leginfo.legislature.ca.gov/faces/codes_displaySection.xhtml?lawCode=PEN&sectionNum=602.
PC,647(4)(A),DISTRIBUTE INTIMATE IMAGE CAUSING SERIOUS EMOTIONAL DISTRESS (M),other,647(4)(A),647,0,all,All-source population only; outside the selected statute-family indicators,4,4,https://leginfo.legislature.ca.gov/faces/codes_displaySection.xhtml?lawCode=PEN&sectionNum=647.
PC,647(F),DISORDERLY CONDUCT:UNDER INFLUENCE OF DRUG,other,647(F),647,0,all,All-source population only; outside the selected statute-family indicators,4,3,https://leginfo.legislature.ca.gov/faces/codes_displaySection.xhtml?lawCode=PEN&sectionNum=647.
PC,647(J)(1),DISORDERLY CONDUCT:PEEPING THRU HOLE OR WITH INSTRUMENT (M),other,647(J)(1),647,0,all,All-source population only; outside the selected statute-family indicators,4,4,https://leginfo.legislature.ca.gov/faces/codes_displaySection.xhtml?lawCode=PEN&sectionNum=647.
PC,648,MAKE/CIRCULATE UNAUTH PAPER MONEY W/PR (F),other,648,648,0,all,All-source population only; outside the selected statute-family indicators,4,4,https://leginfo.legislature.ca.gov/faces/codes_displaySection.xhtml?lawCode=PEN&sectionNum=648.
PC,666,PETTY THEFT W/PR JAIL TERM (Theft From Building) (F),other,666,666,0,all|property,property: explicit PC numeric statute family 666,4,4,https://leginfo.legislature.ca.gov/faces/codes_displaySection.xhtml?lawCode=PEN&sectionNum=666.
PC,666.1,PETTY THEFT W/ 2 PRIOR CONVICTIONS,other,666.1,666.1,0,all|property,property: explicit PC numeric statute family 666.1,4,4,https://leginfo.legislature.ca.gov/faces/codes_displaySection.xhtml?lawCode=PEN&sectionNum=666.1.
PC,666.1(A)(1),GRAND THEFT (MOT VEH THEFT) W/2+ PRIOR CONVICTIONS (F),other,666.1(A)(1),666.1,0,all|property,property: explicit PC numeric statute family 666.1,4,4,https://leginfo.legislature.ca.gov/faces/codes_displaySection.xhtml?lawCode=PEN&sectionNum=666.1.
VC,10851(E),TAKING VEHICLE WITHOUT OWNER CONSENT WITH SPECIFIC PRIORS,other,10851(E),10851,0,all|property,property: explicit VC numeric statute family 10851,4,4,https://leginfo.legislature.ca.gov/faces/codes_displaySection.xhtml?lawCode=VEH&sectionNum=10851.
VC,14601.5(B),DRIVE W/LICENSE SUSPENDED/ETC WHILE DRIVING PRIVILEGE RESTRICTED (M),other,14601.5(B),14601.5,0,all|driving,driving: explicit VC numeric statute family 14601.5,4,4,https://leginfo.legislature.ca.gov/faces/codes_displaySection.xhtml?lawCode=VEH&sectionNum=14601.5.
VC,16020(A),FAIL TO CARRY EVIDENCE OF FINANCIAL REPONSIBILITY:VEHICLE (I),other,16020(A),16020,0,all,All-source population only; outside the selected statute-family indicators,4,4,https://leginfo.legislature.ca.gov/faces/codes_displaySection.xhtml?lawCode=VEH&sectionNum=16020.
VC,20001(B)(1),HIT AND RUN RESULTING IN INJURY(IBR 90Z),other,20001(B)(1),20001,0,all|driving,driving: explicit VC numeric statute family 20001,4,4,https://leginfo.legislature.ca.gov/faces/codes_displaySection.xhtml?lawCode=VEH&sectionNum=20001.
VC,21954A,RIGHT-OF-WAY:PED NOT IN CROSSWALK YIELD TO VEHS (I),other,21954A,21954,0,all,All-source population only; outside the selected statute-family indicators,4,4,https://leginfo.legislature.ca.gov/faces/codes_displaySection.xhtml?lawCode=VEH&sectionNum=21954.
VC,21955,JAYWALKING (I),other,21955,21955,0,all,All-source population only; outside the selected statute-family indicators,4,4,https://leginfo.legislature.ca.gov/faces/codes_displaySection.xhtml?lawCode=VEH&sectionNum=21955.
VC,22651O1A,VEHICLE REGISTRATION EXPIRED OVER 6 MONTHS (I),other,22651O1A,22651,0,all,All-source population only; outside the selected statute-family indicators,4,4,https://leginfo.legislature.ca.gov/faces/codes_displaySection.xhtml?lawCode=VEH&sectionNum=22651.
VC,5201.1(C),ERASE/ALTER REFLECTIVE COATING ON LICENSE PLATE (I),other,5201.1(C),5201.1,0,all,All-source population only; outside the selected statute-family indicators,4,4,https://leginfo.legislature.ca.gov/faces/codes_displaySection.xhtml?lawCode=VEH&sectionNum=5201.1.
CO,41.139,NO BEVERAGE (EXCESS 20% ALC) IN COUNTY PARK W/O AUTH (M),other,41.139,41.139,0,all,All-source population only; outside the selected statute-family indicators,3,2,
HS,11357(A)(1),POSSESS MARIJUANA 28.5 GRAMS OR LESS - UNDER 18 (I),other,11357(A)(1),11357,0,all|drug,drug: explicit HS numeric statute family 11357,3,3,https://leginfo.legislature.ca.gov/faces/codes_displaySection.xhtml?lawCode=HSC&sectionNum=11357.
HS,11361(A),USE/INDUCE/SELL MINOR MARIJUANA (F),other,11361(A),11361,0,all|drug,drug: explicit HS numeric statute family 11361,3,3,https://leginfo.legislature.ca.gov/faces/codes_displaySection.xhtml?lawCode=HSC&sectionNum=11361.
HS,11365(A),VISIT WHERE CONTROLLED SUBS USED (M),other,11365(A),11365,0,all|drug,drug: explicit HS numeric statute family 11365,3,3,https://leginfo.legislature.ca.gov/faces/codes_displaySection.xhtml?lawCode=HSC&sectionNum=11365.
HS,11366.6,USE FORTIFIED ROOM TO SELL CONTROLLED SUBS (F),other,11366.6,11366.6,0,all|drug,drug: explicit HS numeric statute family 11366.6,3,3,https://leginfo.legislature.ca.gov/faces/codes_displaySection.xhtml?lawCode=HSC&sectionNum=11366.6.
HS,11377(A),POSSESS CONTROLLED SUBSTANCE (F),other,11377(A),11377,0,all|drug,drug: explicit HS numeric statute family 11377,3,3,https://leginfo.legislature.ca.gov/faces/codes_displaySection.xhtml?lawCode=HSC&sectionNum=11377.
HS,11380(A),USE/ETC MINOR TO VIOLATE CONTROLLED SUBS ACT (F),other,11380(A),11380,0,all|drug,drug: explicit HS numeric statute family 11380,3,3,https://leginfo.legislature.ca.gov/faces/codes_displaySection.xhtml?lawCode=HSC&sectionNum=11380.
HS,13001,THROW BURNING MATERIAL (M),other,13001,13001,0,all,All-source population only; outside the selected statute-family indicators,3,3,https://leginfo.legislature.ca.gov/faces/codes_displaySection.xhtml?lawCode=HSC&sectionNum=13001.
MC,11.08.030,SMOKING PROHIBITED IN PUBLIC PLACE OR PLACE OF EMPLOYMENT EXCEPT IN DESIGNATE,other,11.08.030,11.08,0,all,All-source population only; outside the selected statute-family indicators,3,3,
MC,12.20.050,CITY PARKS ACCESS AFTERHOURS PROHIBITED (I),other,12.20.050,12.20,0,all,All-source population only; outside the selected statute-family indicators,3,3,
MC,12.50.030,OBSTRUCTION OF PUBLIC PROPERTY (I),other,12.50.030,12.50,0,all,All-source population only; outside the selected statute-family indicators,3,3,
MC,12.56.020(X),REMAIN ON PUBLIC GROUNDS AFTER CLOSING (I),other,12.56.020(X),12.56,0,all,All-source population only; outside the selected statute-family indicators,3,3,
MC,15.24,"Fire Code, Uniform Fire Code",other,15.24,15.24,0,all,All-source population only; outside the selected statute-family indicators,3,3,
MC,17.16.070G6,LG GENERAL COMMERCIAL ZONE: DEV. STANDARDS: ENCLOSURE (M),other,17.16.070G6,17.16,0,all,All-source population only; outside the selected statute-family indicators,3,3,
MC,6.52.010B,NON CHARITABLE SOLICITATIONS- NO PERMIT,other,6.52.010B,6.52,0,all,All-source population only; outside the selected statute-family indicators,3,3,
MC,8.04.150,REMAIN AT BEACH/PARK WHEN CLOSED,other,8.04.150,8.04,0,all,All-source population only; outside the selected statute-family indicators,3,2,
MC,8.50.010,"URINATE/DEFECATE ON STREET, SIDEWALK, ALLEY, PARK, PUBLIC BLDG (M)",other,8.50.010,8.50,0,all,All-source population only; outside the selected statute-family indicators,3,3,
MC,9.04.080,In park after hours,other,9.04.080,9.04,0,all,All-source population only; outside the selected statute-family indicators,3,3,
MC,9.68.030(B),"POSSESS OPEN CONTAINER IN MAST PARK, SANTEE LAKES, WEEKDAYS OR NON HOLIDAYS ONLY",other,9.68.030(B),9.68,0,all,All-source population only; outside the selected statute-family indicators,3,3,
PC,118(A),PERJURY (F),other,118(A),118,0,all,All-source population only; outside the selected statute-family indicators,3,3,https://leginfo.legislature.ca.gov/faces/codes_displaySection.xhtml?lawCode=PEN&sectionNum=118.
PC,12022.7(A),"FEL RESULT IN GBI, OTHER THAN AGG ASSAULT (BAIL+)",other,12022.7(A),12022.7,0,all,All-source population only; outside the selected statute-family indicators,3,2,https://leginfo.legislature.ca.gov/faces/codes_displaySection.xhtml?lawCode=PEN&sectionNum=12022.7.
PC,12022.7(E),DOMESTIC VIOLENCE WITH GBI (BAIL+),core_dv,12022.7(E),12022.7,0,all|core,Core DV: existing reviewed exact charge classification,3,3,https://leginfo.legislature.ca.gov/faces/codes_displaySection.xhtml?lawCode=PEN&sectionNum=12022.7.
PC,1320(B),FAILURE TO APPEAR ON FELONY CHARGE (F),other,1320(B),1320,0,all,All-source population only; outside the selected statute-family indicators,3,3,https://leginfo.legislature.ca.gov/faces/codes_displaySection.xhtml?lawCode=PEN&sectionNum=1320.
PC,141(A),TAMPER WITH EVIDENCE (M),other,141(A),141,0,all,All-source population only; outside the selected statute-family indicators,3,3,https://leginfo.legislature.ca.gov/faces/codes_displaySection.xhtml?lawCode=PEN&sectionNum=141.
PC,148.1(A),FALSE BOMB REPORT TO PEACE OFCR/MEDIA (F),other,148.1(A),148.1,0,all,All-source population only; outside the selected statute-family indicators,3,3,https://leginfo.legislature.ca.gov/faces/codes_displaySection.xhtml?lawCode=PEN&sectionNum=148.1.
PC,148.5(C),FALSE REPORT OF CRIME TO LAW ENFORCEMENT EMPLOYEE (M),other,148.5(C),148.5,0,all,All-source population only; outside the selected statute-family indicators,3,3,https://leginfo.legislature.ca.gov/faces/codes_displaySection.xhtml?lawCode=PEN&sectionNum=148.5.
PC,1610,CONFINED PENDING OUTPATIENT REVOKE REQUEST (N),other,1610,1610,0,all,All-source population only; outside the selected statute-family indicators,3,3,https://leginfo.legislature.ca.gov/faces/codes_displaySection.xhtml?lawCode=PEN&sectionNum=1610.
PC,166(A)(1),CONTEMPT OF COURT:DISORD BEHAVIOR,ambiguous_related,166(A)(1),166,0,all,All-source population only; outside the selected statute-family indicators,3,3,https://leginfo.legislature.ca.gov/faces/codes_displaySection.xhtml?lawCode=PEN&sectionNum=166.
PC,166(D)(1),VIOLATE PROTECTIVE ORDER:W/FIREARM (F),ambiguous_related,166(D)(1),166,0,all,All-source population only; outside the selected statute-family indicators,3,3,https://leginfo.legislature.ca.gov/faces/codes_displaySection.xhtml?lawCode=PEN&sectionNum=166.
PC,171B(A)(1),POSS FIREARM IN PUBLIC BUILDING (F),other,171B(A)(1),171,0,all,All-source population only; outside the selected statute-family indicators,3,3,https://leginfo.legislature.ca.gov/faces/codes_displaySection.xhtml?lawCode=PEN&sectionNum=171.
PC,18720,MAKE DESTRUCTIVE DEVICE W/O PERMIT (F),ambiguous_related,18720,18720,0,all,All-source population only; outside the selected statute-family indicators,3,3,https://leginfo.legislature.ca.gov/faces/codes_displaySection.xhtml?lawCode=PEN&sectionNum=18720.
PC,187A,MURDER (PRE-2007 CASES),ambiguous_related,187A,187,0,all,All-source population only; outside the selected statute-family indicators,3,3,https://leginfo.legislature.ca.gov/faces/codes_displaySection.xhtml?lawCode=PEN&sectionNum=187.
PC,20170(A),DISPLAY/EXPOSE IN PUBLIC PLACE IMITATION FIREARM (M),other,20170(A),20170,0,all|weapons,weapons: explicit PC numeric statute family 20170,3,3,https://leginfo.legislature.ca.gov/faces/codes_displaySection.xhtml?lawCode=PEN&sectionNum=20170.
PC,207(A),KIDNAPPING,ambiguous_related,207(A),207,0,all,All-source population only; outside the selected statute-family indicators,3,2,https://leginfo.legislature.ca.gov/faces/codes_displaySection.xhtml?lawCode=PEN&sectionNum=207.
PC,20710,MANUFACTURE/SALE/POSSESS/ETC SHOBI-ZUE (F),ambiguous_related,20710,20710,0,all,All-source population only; outside the selected statute-family indicators,3,3,https://leginfo.legislature.ca.gov/faces/codes_displaySection.xhtml?lawCode=PEN&sectionNum=20710.
PC,220(B),ASSAULT W/INTENT TO COMMIT RAPE/OTH SEX ACTS DURING RES 459 (F),ambiguous_related,220(B),220,0,all,All-source population only; outside the selected statute-family indicators,3,3,https://leginfo.legislature.ca.gov/faces/codes_displaySection.xhtml?lawCode=PEN&sectionNum=220.
PC,236,FALSE IMPRISONMENT,ambiguous_related,236,236,0,all,All-source population only; outside the selected statute-family indicators,3,3,https://leginfo.legislature.ca.gov/faces/codes_displaySection.xhtml?lawCode=PEN&sectionNum=236.
PC,243(C)(2),BATTERY AGAINST POLICE OFFICER WITH MINOR INJURY,ambiguous_related,243(C)(2),243,0,all|violence,violence: explicit PC numeric statute family 243; core-DV charge excluded from this family,3,3,https://leginfo.legislature.ca.gov/faces/codes_displaySection.xhtml?lawCode=PEN&sectionNum=243.
PC,243.15,BATTERY ON NON-INMATE BY INMATE (F),ambiguous_related,243.15,243.15,0,all,All-source population only; outside the selected statute-family indicators,3,3,https://leginfo.legislature.ca.gov/faces/codes_displaySection.xhtml?lawCode=PEN&sectionNum=243.15.
PC,243.3,BATTERY W/INJURY ON TRANSPORTATION PERSONNEL/PASSENGER (F),ambiguous_related,243.3,243.3,0,all,All-source population only; outside the selected statute-family indicators,3,3,https://leginfo.legislature.ca.gov/faces/codes_displaySection.xhtml?lawCode=PEN&sectionNum=243.3.
PC,243.4(B),SEXUAL BATTERY ON MED INSTITUTIONALIZED PERS (F),ambiguous_related,243.4(B),243.4,0,all|violence,violence: explicit PC numeric statute family 243.4; core-DV charge excluded from this family,3,3,https://leginfo.legislature.ca.gov/faces/codes_displaySection.xhtml?lawCode=PEN&sectionNum=243.4.
PC,243.9A,BATTERY BY GASSING OF PO/DETENTION/INVEST/PROSECUTION EMP,ambiguous_related,243.9A,243.9,0,all,All-source population only; outside the selected statute-family indicators,3,3,https://leginfo.legislature.ca.gov/faces/codes_displaySection.xhtml?lawCode=PEN&sectionNum=243.9.
PC,245A1,ASSAULT W/DEADLY WEAPON OTHER THAN FIREARM OR GBI FORCE,ambiguous_related,245A1,245,0,all|violence,violence: explicit PC numeric statute family 245; core-DV charge excluded from this family,3,3,https://leginfo.legislature.ca.gov/faces/codes_displaySection.xhtml?lawCode=PEN&sectionNum=245.
PC,245A2,ADW:ASSAULT WITH FIREARM ON PERS,ambiguous_related,245A2,245,0,all|violence,violence: explicit PC numeric statute family 245; core-DV charge excluded from this family,3,3,https://leginfo.legislature.ca.gov/faces/codes_displaySection.xhtml?lawCode=PEN&sectionNum=245.
PC,25140(A),HANDGUN IN UNATTENDED VEHICLE (I),other,25140(A),25140,0,all,All-source population only; outside the selected statute-family indicators,3,3,https://leginfo.legislature.ca.gov/faces/codes_displaySection.xhtml?lawCode=PEN&sectionNum=25140.
PC,261.5(A),UNLAWFUL SEXUAL INTERCOURSE W/MINOR 18 (F),ambiguous_related,261.5(A),261.5,0,all,All-source population only; outside the selected statute-family indicators,3,3,https://leginfo.legislature.ca.gov/faces/codes_displaySection.xhtml?lawCode=PEN&sectionNum=261.5.
PC,26500(A),SELL/TRANSFER/ETC FIREARMS WITHOUT A LICENSE (M),other,26500(A),26500,0,all,All-source population only; outside the selected statute-family indicators,3,1,https://leginfo.legislature.ca.gov/faces/codes_displaySection.xhtml?lawCode=PEN&sectionNum=26500.
PC,266I(B)(1),PANDERING:OTHER PERSON OVER 16 (F),other,266I(B)(1),266,0,all,All-source population only; outside the selected statute-family indicators,3,2,https://leginfo.legislature.ca.gov/faces/codes_displaySection.xhtml?lawCode=PEN&sectionNum=266.
PC,270,FAILURE TO PROVIDE (M),other,270,270,0,all,All-source population only; outside the selected statute-family indicators,3,3,https://leginfo.legislature.ca.gov/faces/codes_displaySection.xhtml?lawCode=PEN&sectionNum=270.
PC,286(C)(2)(A),SODOMY BY FORCE/VIOLENT/FEAR (F),ambiguous_related,286(C)(2)(A),286,0,all,All-source population only; outside the selected statute-family indicators,3,3,https://leginfo.legislature.ca.gov/faces/codes_displaySection.xhtml?lawCode=PEN&sectionNum=286.
PC,290.018(B),FAIL REGISTER WITH FELONY SEX OFFENDER PRIOR CONVICTION,other,290.018(B),290.018,0,all,All-source population only; outside the selected statute-family indicators,3,3,https://leginfo.legislature.ca.gov/faces/codes_displaySection.xhtml?lawCode=PEN&sectionNum=290.018.
PC,29180(B),MANUFACTURE/ASSEMBLE FIREARM - PROVIDE SERIAL NUMBER (M),other,29180(B),29180,0,all|weapons,weapons: explicit PC numeric statute family 29180,3,3,https://leginfo.legislature.ca.gov/faces/codes_displaySection.xhtml?lawCode=PEN&sectionNum=29180.
PC,29610,MINOR ILLEGALLY POSSESS CONCEALED WEAPON (M),other,29610,29610,0,all,All-source population only; outside the selected statute-family indicators,3,3,https://leginfo.legislature.ca.gov/faces/codes_displaySection.xhtml?lawCode=PEN&sectionNum=29610.
PC,29805(A)(1),CONVICTED PERSON POSSESS/OWN/ETC FIREARM:SPECIFIC PRIORS (F),other,29805(A)(1),29805,0,all|weapons,weapons: explicit PC numeric statute family 29805,3,3,https://leginfo.legislature.ca.gov/faces/codes_displaySection.xhtml?lawCode=PEN&sectionNum=29805.
PC,3453(Q),FLASH INCARCERATION,other,3453(Q),3453,0,all,All-source population only; outside the selected statute-family indicators,3,3,https://leginfo.legislature.ca.gov/faces/codes_displaySection.xhtml?lawCode=PEN&sectionNum=3453.
PC,368(D),THEFT OF ELDER/DEPENDENT ADULT (EMBEZZLEMENT OVER $950) (F),ambiguous_related,368(D),368,0,all,All-source population only; outside the selected statute-family indicators,3,3,https://leginfo.legislature.ca.gov/faces/codes_displaySection.xhtml?lawCode=PEN&sectionNum=368.
PC,369I(A),TRESPASS:RAILROAD PROP (M),other,369I(A),369,0,all,All-source population only; outside the selected statute-family indicators,3,3,https://leginfo.legislature.ca.gov/faces/codes_displaySection.xhtml?lawCode=PEN&sectionNum=369.
PC,381(A),POSS TOLUENE (M),other,381(A),381,0,all,All-source population only; outside the selected statute-family indicators,3,3,https://leginfo.legislature.ca.gov/faces/codes_displaySection.xhtml?lawCode=PEN&sectionNum=381.
PC,403,DISTURBANCE AT ASSEMBLY (M),other,403,403,0,all,All-source population only; outside the selected statute-family indicators,3,3,https://leginfo.legislature.ca.gov/faces/codes_displaySection.xhtml?lawCode=PEN&sectionNum=403.
PC,415(3),DISORD CONDUCT:OFFENSIVE WORDS IN PUBLIC PLACE (M),other,415(3),415,0,all,All-source population only; outside the selected statute-family indicators,3,3,https://leginfo.legislature.ca.gov/faces/codes_displaySection.xhtml?lawCode=PEN&sectionNum=415.
PC,419,RETAKE LAND AFTER LEGAL REMOVAL (M),other,419,419,0,all,All-source population only; outside the selected statute-family indicators,3,3,https://leginfo.legislature.ca.gov/faces/codes_displaySection.xhtml?lawCode=PEN&sectionNum=419.
PC,422.6A,VIOLATE CIVIL RIGHTS: CAUSE SERIOUS INJURY (M),ambiguous_related,422.6A,422.6,0,all,All-source population only; outside the selected statute-family indicators,3,3,https://leginfo.legislature.ca.gov/faces/codes_displaySection.xhtml?lawCode=PEN&sectionNum=422.6.
PC,422.7(B),VIOLATE CIVIL RIGHTS:CAUSE PROP DAMAGE (FELONY) (F),ambiguous_related,422.7(B),422.7,0,all,All-source population only; outside the selected statute-family indicators,3,3,https://leginfo.legislature.ca.gov/faces/codes_displaySection.xhtml?lawCode=PEN&sectionNum=422.7.
PC,4532(A)(2),ESCAPE JAIL/ETC WHILE CHARGED W/ MISD W/ FORCE (F),other,4532(A)(2),4532,0,all,All-source population only; outside the selected statute-family indicators,3,3,https://leginfo.legislature.ca.gov/faces/codes_displaySection.xhtml?lawCode=PEN&sectionNum=4532.
PC,457.1(H),FAIL TO REGISTER AS ARSON OFFENDER (M),other,457.1(H),457.1,0,all,All-source population only; outside the selected statute-family indicators,3,3,https://leginfo.legislature.ca.gov/faces/codes_displaySection.xhtml?lawCode=PEN&sectionNum=457.1.
PC,487(A),GRAND THEFT:MONEY/LABOR/PROPERTY,other,487(A),487,0,all|property,property: explicit PC numeric statute family 487,3,3,https://leginfo.legislature.ca.gov/faces/codes_displaySection.xhtml?lawCode=PEN&sectionNum=487.
PC,487(D),GRAND THEFT:FIREARM (ALL OTHER LARCENY) (F),other,487(D),487,0,all|property,property: explicit PC numeric statute family 487,3,2,https://leginfo.legislature.ca.gov/faces/codes_displaySection.xhtml?lawCode=PEN&sectionNum=487.
PC,487AA,GRAND THEFT - ANIMAL (F),other,487AA,487,0,all|property,property: explicit PC numeric statute family 487,3,2,https://leginfo.legislature.ca.gov/faces/codes_displaySection.xhtml?lawCode=PEN&sectionNum=487.
PC,488,PETTY THEFT(All Other Larceny),other,488,488,0,all|property,property: explicit PC numeric statute family 488,3,3,https://leginfo.legislature.ca.gov/faces/codes_displaySection.xhtml?lawCode=PEN&sectionNum=488.
PC,488,PETTY THEFT(SHOPLIFT),other,488,488,0,all|property,property: explicit PC numeric statute family 488,3,3,https://leginfo.legislature.ca.gov/faces/codes_displaySection.xhtml?lawCode=PEN&sectionNum=488.
PC,490.4(A)(2),THEFT OF MERCHANDISE W/ INTENT TO SELL - POSSESSION (M),other,490.4(A)(2),490.4,0,all,All-source population only; outside the selected statute-family indicators,3,3,https://leginfo.legislature.ca.gov/faces/codes_displaySection.xhtml?lawCode=PEN&sectionNum=490.4.
PC,496(B),DEALER/ETC NOT DETERMINE OWNERSHIP [OVER $950] (F),other,496(B),496,0,all|property,property: explicit PC numeric statute family 496,3,3,https://leginfo.legislature.ca.gov/faces/codes_displaySection.xhtml?lawCode=PEN&sectionNum=496.
PC,498(B)(1),THEFT OF UTILITY SERVICES BY DIVERTING (M),other,498(B)(1),498,0,all,All-source population only; outside the selected statute-family indicators,3,3,https://leginfo.legislature.ca.gov/faces/codes_displaySection.xhtml?lawCode=PEN&sectionNum=498.
PC,498(B)(5),THEFT OF UTILITY SVCS BENEFIT UNDER $950 (M),other,498(B)(5),498,0,all,All-source population only; outside the selected statute-family indicators,3,3,https://leginfo.legislature.ca.gov/faces/codes_displaySection.xhtml?lawCode=PEN&sectionNum=498.
PC,524,ATTEMPTED EXTORTION (F),other,524,524,0,all,All-source population only; outside the selected statute-family indicators,3,3,https://leginfo.legislature.ca.gov/faces/codes_displaySection.xhtml?lawCode=PEN&sectionNum=524.
PC,529(A)(1),PERSONATE TO POST BAIL/SURETY (F),other,529(A)(1),529,0,all,All-source population only; outside the selected statute-family indicators,3,3,https://leginfo.legislature.ca.gov/faces/codes_displaySection.xhtml?lawCode=PEN&sectionNum=529.
PC,529(A)(3),PERSONATE TO MAKE OTHER LIABLE,other,529(A)(3),529,0,all,All-source population only; outside the selected statute-family indicators,3,3,https://leginfo.legislature.ca.gov/faces/codes_displaySection.xhtml?lawCode=PEN&sectionNum=529.
PC,530.5(A),GET CREDIT/ETC OTHERS ID,other,530.5(A),530.5,0,all|property,property: explicit PC numeric statute family 530.5,3,3,https://leginfo.legislature.ca.gov/faces/codes_displaySection.xhtml?lawCode=PEN&sectionNum=530.5.
PC,530.5(C)(3),POSSESS ID OF 10 OR MORE PERSONS WITH INTENT TO DEFRAUD,other,530.5(C)(3),530.5,0,all|property,property: explicit PC numeric statute family 530.5,3,3,https://leginfo.legislature.ca.gov/faces/codes_displaySection.xhtml?lawCode=PEN&sectionNum=530.5.
PC,602(A),TRESPASS:DESTROY STANDING TIMBER (M),other,602(A),602,0,all,All-source population only; outside the selected statute-family indicators,3,2,https://leginfo.legislature.ca.gov/faces/codes_displaySection.xhtml?lawCode=PEN&sectionNum=602.
PC,602(I),TRESPASS:DESTROY FENCE/ETC (M),other,602(I),602,0,all,All-source population only; outside the selected statute-family indicators,3,3,https://leginfo.legislature.ca.gov/faces/codes_displaySection.xhtml?lawCode=PEN&sectionNum=602.
PC,602(J),TRESPASS:BUILD FIRES (M),other,602(J),602,0,all,All-source population only; outside the selected statute-family indicators,3,2,https://leginfo.legislature.ca.gov/faces/codes_displaySection.xhtml?lawCode=PEN&sectionNum=602.
PC,602(M),TRESPASS:OCCUPY REAL PROPERTY W/O OWNER CONSENT,other,602(M),602,0,all,All-source population only; outside the selected statute-family indicators,3,3,https://leginfo.legislature.ca.gov/faces/codes_displaySection.xhtml?lawCode=PEN&sectionNum=602.
PC,602N,TRESPASS:DRIVE ON PRIV. PROP. W/O OWNER CONSENT(M),other,602N,602,0,all,All-source population only; outside the selected statute-family indicators,3,3,https://leginfo.legislature.ca.gov/faces/codes_displaySection.xhtml?lawCode=PEN&sectionNum=602.
PC,626.10(A),POSS WEAPON AT SCHOOL K-12 (F),other,626.10(A),626.10,0,all,All-source population only; outside the selected statute-family indicators,3,3,https://leginfo.legislature.ca.gov/faces/codes_displaySection.xhtml?lawCode=PEN&sectionNum=626.10.
PC,653F(B),SOLICIT TO COMMIT MURDER (F),other,653F(B),653,0,all,All-source population only; outside the selected statute-family indicators,3,3,https://leginfo.legislature.ca.gov/faces/codes_displaySection.xhtml?lawCode=PEN&sectionNum=653.
PC,653M(A),ANNOYING PHONE CALL OBSCENE - NON-THREATENING (M),ambiguous_related,653M(A),653,0,all,All-source population only; outside the selected statute-family indicators,3,3,https://leginfo.legislature.ca.gov/faces/codes_displaySection.xhtml?lawCode=PEN&sectionNum=653.
PC,666.5(A),VEHICLE/ETC THEFT :SPECIFIC PRIORS,other,666.5(A),666.5,0,all,All-source population only; outside the selected statute-family indicators,3,3,https://leginfo.legislature.ca.gov/faces/codes_displaySection.xhtml?lawCode=PEN&sectionNum=666.5.
PC,667(E)(1),ONE PRIOR STRIKE (BAIL+),other,667(E)(1),667,0,all,All-source population only; outside the selected statute-family indicators,3,3,https://leginfo.legislature.ca.gov/faces/codes_displaySection.xhtml?lawCode=PEN&sectionNum=667.
PC,667.5(A),PRIOR VIOLENT FEL PRISON TERM (BAIL+),other,667.5(A),667.5,0,all,All-source population only; outside the selected statute-family indicators,3,3,https://leginfo.legislature.ca.gov/faces/codes_displaySection.xhtml?lawCode=PEN&sectionNum=667.5.
PC,667.5(B),PRIOR NON VIOLENT FEL PRISON TERM (BAIL+),other,667.5(B),667.5,0,all,All-source population only; outside the selected statute-family indicators,3,3,https://leginfo.legislature.ca.gov/faces/codes_displaySection.xhtml?lawCode=PEN&sectionNum=667.5.
PC,69(A),OBSTRUCT/RESIST EXECUTIVE OFFICER WITH SERIOUS INJURY,other,69(A),69,0,all,All-source population only; outside the selected statute-family indicators,3,3,https://leginfo.legislature.ca.gov/faces/codes_displaySection.xhtml?lawCode=PEN&sectionNum=69.
PC,69(A),THREATEN EXECUTIVE OFFICER WITH VIOLENCE,other,69(A),69,0,all,All-source population only; outside the selected statute-family indicators,3,3,https://leginfo.legislature.ca.gov/faces/codes_displaySection.xhtml?lawCode=PEN&sectionNum=69.
PC,71(A)(1),THREATEN SCHOOL/PUBLIC OFCR/EMPLOYEE,other,71(A)(1),71,0,all,All-source population only; outside the selected statute-family indicators,3,3,https://leginfo.legislature.ca.gov/faces/codes_displaySection.xhtml?lawCode=PEN&sectionNum=71.
PC,836.6(A),ESCAPE/ATT ESCAPE FROM CUST W/FORCE CAUSING SER INJ (F),other,836.6(A),836.6,0,all,All-source population only; outside the selected statute-family indicators,3,3,https://leginfo.legislature.ca.gov/faces/codes_displaySection.xhtml?lawCode=PEN&sectionNum=836.6.
RT,30474,POSSESS/ETC FOR SALE/ETC CIGARETTES W/O STAMP/ETC (M),other,30474,30474,0,all,All-source population only; outside the selected statute-family indicators,3,3,
VC,10802,ALTER VEH ID NUMBER FOR SALE,other,10802,10802,0,all,All-source population only; outside the selected statute-family indicators,3,3,https://leginfo.legislature.ca.gov/faces/codes_displaySection.xhtml?lawCode=VEH&sectionNum=10802.
VC,10851(B),TAKE ON-CALL EMERGENCY VEH WITHOUT CONSENT (F),other,10851(B),10851,0,all|property,property: explicit VC numeric statute family 10851,3,3,https://leginfo.legislature.ca.gov/faces/codes_displaySection.xhtml?lawCode=VEH&sectionNum=10851.
VC,14601.1(A),DRVG WHILE LIC SUSP OR REVOKED:OTHER REASONS,other,14601.1(A),14601.1,0,all|driving,driving: explicit VC numeric statute family 14601.1,3,3,https://leginfo.legislature.ca.gov/faces/codes_displaySection.xhtml?lawCode=VEH&sectionNum=14601.1.
VC,14603,OPER VEH:VIOL OF LIC RESTRICTION (I),other,14603,14603,0,all,All-source population only; outside the selected statute-family indicators,3,3,https://leginfo.legislature.ca.gov/faces/codes_displaySection.xhtml?lawCode=VEH&sectionNum=14603.
VC,20003(A),FAILURE TO PROVIDE INFO:INJ ACCIDENT (M),other,20003(A),20003,0,all,All-source population only; outside the selected statute-family indicators,3,3,https://leginfo.legislature.ca.gov/faces/codes_displaySection.xhtml?lawCode=VEH&sectionNum=20003.
VC,21950A,RIGHT-OF-WAY:DRVR YIELD TO PEDESTRIAN IN CROSSWALK (I),other,21950A,21950,0,all,All-source population only; outside the selected statute-family indicators,3,3,https://leginfo.legislature.ca.gov/faces/codes_displaySection.xhtml?lawCode=VEH&sectionNum=21950.
VC,22349(B),EXCEED 55 MPH STATUTORY SPEED:2-LANE ROADS (I),other,22349(B),22349,0,all,All-source population only; outside the selected statute-family indicators,3,3,https://leginfo.legislature.ca.gov/faces/codes_displaySection.xhtml?lawCode=VEH&sectionNum=22349.
VC,23103,RECKLESS DRVG:HWY,other,23103,23103,0,all|driving,driving: explicit VC numeric statute family 23103,3,3,https://leginfo.legislature.ca.gov/faces/codes_displaySection.xhtml?lawCode=VEH&sectionNum=23103.
VC,23112A,NO ONE SHALL THROW SUBSTANCE ON HIGHWAY FROM VEHICLE (I),other,23112A,23112,0,all,All-source population only; outside the selected statute-family indicators,3,3,https://leginfo.legislature.ca.gov/faces/codes_displaySection.xhtml?lawCode=VEH&sectionNum=23112.
VC,23123.5(A),PROHIBIT TEXT-BASED COMMUNICATION WHILE DRIVING (I),other,23123.5(A),23123.5,0,all,All-source population only; outside the selected statute-family indicators,3,3,https://leginfo.legislature.ca.gov/faces/codes_displaySection.xhtml?lawCode=VEH&sectionNum=23123.5.
VC,23152D,DUI ALC/0.04 PERCENT WHILE DRVG COMMERCIAL VEH (M),other,23152D,23152,0,all|driving,driving: explicit VC numeric statute family 23152,3,3,https://leginfo.legislature.ca.gov/faces/codes_displaySection.xhtml?lawCode=VEH&sectionNum=23152.
VC,23221(B),NO PASSENGER SHALL DRINK ANY ALCOHOLIC BEVERAGE WHILE ON HIGHWAY (I),other,23221(B),23221,0,all,All-source population only; outside the selected statute-family indicators,3,3,https://leginfo.legislature.ca.gov/faces/codes_displaySection.xhtml?lawCode=VEH&sectionNum=23221.
VC,23223,OPEN CONTAINER ALC IN VEH (I),other,23223,23223,0,all,All-source population only; outside the selected statute-family indicators,3,3,https://leginfo.legislature.ca.gov/faces/codes_displaySection.xhtml?lawCode=VEH&sectionNum=23223.
VC,23224B,PASSENGER:MINOR:POSS ALC IN VEH (M),other,23224B,23224,0,all,All-source population only; outside the selected statute-family indicators,3,3,https://leginfo.legislature.ca.gov/faces/codes_displaySection.xhtml?lawCode=VEH&sectionNum=23224.
VC,24400,2 HEADLAMPS ON DURING DARKNESS (CAR) (I),other,24400,24400,0,all,All-source population only; outside the selected statute-family indicators,3,3,https://leginfo.legislature.ca.gov/faces/codes_displaySection.xhtml?lawCode=VEH&sectionNum=24400.
VC,27150A,INADEQUATE MUFFLERS (I),other,27150A,27150,0,all,All-source population only; outside the selected statute-family indicators,3,3,https://leginfo.legislature.ca.gov/faces/codes_displaySection.xhtml?lawCode=VEH&sectionNum=27150.
VC,27156,NOT EQUIPED W/SMOG DEV (I),other,27156,27156,0,all,All-source population only; outside the selected statute-family indicators,3,3,https://leginfo.legislature.ca.gov/faces/codes_displaySection.xhtml?lawCode=VEH&sectionNum=27156.
VC,27803B,MOTORCYCLE/ETC:HELMET VIOL (I),other,27803B,27803,0,all,All-source population only; outside the selected statute-family indicators,3,3,https://leginfo.legislature.ca.gov/faces/codes_displaySection.xhtml?lawCode=VEH&sectionNum=27803.
VC,4461,LOAN REGISTRATION TO UNAUTH PERS (M),other,4461,4461,0,all,All-source population only; outside the selected statute-family indicators,3,3,https://leginfo.legislature.ca.gov/faces/codes_displaySection.xhtml?lawCode=VEH&sectionNum=4461.
VC,4462A,FAIL PROVIDE VEH REG TO PEACE OFCR ON DEMAND (I),other,4462A,4462,0,all,All-source population only; outside the selected statute-family indicators,3,3,https://leginfo.legislature.ca.gov/faces/codes_displaySection.xhtml?lawCode=VEH&sectionNum=4462.
VC,4463.5(A),MFG FAKE LIC PLATE (M),other,4463.5(A),4463.5,0,all,All-source population only; outside the selected statute-family indicators,3,3,https://leginfo.legislature.ca.gov/faces/codes_displaySection.xhtml?lawCode=VEH&sectionNum=4463.5.
VC,5201(B),LICENSE PLATES SHALL NOT BE COVERED (I),other,5201(B),5201,0,all,All-source population only; outside the selected statute-family indicators,3,3,https://leginfo.legislature.ca.gov/faces/codes_displaySection.xhtml?lawCode=VEH&sectionNum=5201.
WI,8102,CONFISCATION OF FIREARM,other,8102,8102,0,all,All-source population only; outside the selected statute-family indicators,3,3,
WI,8103(A)(1),POSS FIREARM/DEADLY WEAPON:MENTAL DISORDER PROHIBITED (F),other,8103(A)(1),8103,0,all,All-source population only; outside the selected statute-family indicators,3,3,
ZZ,19,VIOL FED NARC. LAWS,other,19,19,0,all,All-source population only; outside the selected statute-family indicators,3,3,
BP,25620,POSS OPEN CONTAINER OF ALC IN PUBLIC,other,25620,25620,0,all,All-source population only; outside the selected statute-family indicators,2,2,
BP,25662(A),MINOR POSS ALC (INFRAC PER 19.8 PC) (I),other,25662(A),25662,0,all,All-source population only; outside the selected statute-family indicators,2,2,
BP,4325(A),POSS/COPY UNAUTH PRESCRIPTION BLANK (M),other,4325(A),4325,0,all,All-source population only; outside the selected statute-family indicators,2,2,
CO,32.1004,PUBLIC NUDITY (M),other,32.1004,32.1004,0,all,All-source population only; outside the selected statute-family indicators,2,2,
CO,41.118(A),UNLAWFUL TO IGNITE A FIRE- EXCEPT IN DESIGNATED RINGS,other,41.118(A),41.118,0,all,All-source population only; outside the selected statute-family indicators,2,2,
CO,41.15,OVERNIGHT CAMPING PERMITS (M),other,41.15,41.15,0,all,All-source population only; outside the selected statute-family indicators,2,1,
CO,62.669.1,PUBLIC PROTECTION FROM DOGS (I),other,62.669.1,62.669,0,all,All-source population only; outside the selected statute-family indicators,2,2,
CO,67.804(A),DISCHARGE POLLUTANTS INTO STORMWATER SYSTEM (M),other,67.804(A),67.804,0,all,All-source population only; outside the selected statute-family indicators,2,2,
CO,73.109,SHALL NOT CAMP ON PRIVATE PROPERTY W/O PERMISSION (M),other,73.109,73.109,0,all,All-source population only; outside the selected statute-family indicators,2,2,
HS,11161(A),UNAUTH POSS OF PRESCRIPTION BLANKS (M),other,11161(A),11161,0,all,All-source population only; outside the selected statute-family indicators,2,2,https://leginfo.legislature.ca.gov/faces/codes_displaySection.xhtml?lawCode=HSC&sectionNum=11161.
HS,11350(A),POSSESSION OF NARCOTIC CONTROLLED SUBSTANCES (M),other,11350(A),11350,0,all|drug,drug: explicit HS numeric statute family 11350,2,2,https://leginfo.legislature.ca.gov/faces/codes_displaySection.xhtml?lawCode=HSC&sectionNum=11350.
HS,11353.5,ADULT 5 YRS OLDER SUPPLY MNR UND 18 CONTROLLED SUB AT SCHOOL/ETC (F),other,11353.5,11353.5,0,all|drug,drug: explicit HS numeric statute family 11353.5,2,2,https://leginfo.legislature.ca.gov/faces/codes_displaySection.xhtml?lawCode=HSC&sectionNum=11353.5.
HS,11357(A)(2),POSSESS MARIJUANA 28.5 GRAMS OR LESS - 18-21,other,11357(A)(2),11357,0,all|drug,drug: explicit HS numeric statute family 11357,2,2,https://leginfo.legislature.ca.gov/faces/codes_displaySection.xhtml?lawCode=HSC&sectionNum=11357.
HS,11357(B)(1),POSSESS MARIJUANA OVER AN OUNCE - UNDER 18 (I),other,11357(B)(1),11357,0,all|drug,drug: explicit HS numeric statute family 11357,2,2,https://leginfo.legislature.ca.gov/faces/codes_displaySection.xhtml?lawCode=HSC&sectionNum=11357.
HS,11370.4(A)(4),HEROIN OR COCAINE OVER 20KG (BAIL+),other,11370.4(A)(4),11370.4,0,all|drug,drug: explicit HS numeric statute family 11370.4,2,2,https://leginfo.legislature.ca.gov/faces/codes_displaySection.xhtml?lawCode=HSC&sectionNum=11370.4.
HS,11370.4(A)(5),HEROIN OR COCAINE OVER 40KG (BAIL+),other,11370.4(A)(5),11370.4,0,all|drug,drug: explicit HS numeric statute family 11370.4,2,2,https://leginfo.legislature.ca.gov/faces/codes_displaySection.xhtml?lawCode=HSC&sectionNum=11370.4.
HS,11370.4(A)6,HEROIN OR COCAINE OVER 80KG (BAIL+),other,11370.4(A)6,11370.4,0,all|drug,drug: explicit HS numeric statute family 11370.4,2,2,https://leginfo.legislature.ca.gov/faces/codes_displaySection.xhtml?lawCode=HSC&sectionNum=11370.4.
HS,11370.4(B)1,AMPH/METH/PCP OVER 1KG OR 30L (BAIL+),other,11370.4(B)1,11370.4,0,all|drug,drug: explicit HS numeric statute family 11370.4,2,2,https://leginfo.legislature.ca.gov/faces/codes_displaySection.xhtml?lawCode=HSC&sectionNum=11370.4.
HS,11370.9(C),TRANSFER/CONCEAL GAINS FROM CONT SUBS (F),other,11370.9(C),11370.9,0,all|drug,drug: explicit HS numeric statute family 11370.9,2,2,https://leginfo.legislature.ca.gov/faces/codes_displaySection.xhtml?lawCode=HSC&sectionNum=11370.9.
HS,11375(B)(2),POSS CNTL SUB W/O PRESCRIPTION,other,11375(B)(2),11375,0,all|drug,drug: explicit HS numeric statute family 11375,2,2,https://leginfo.legislature.ca.gov/faces/codes_displaySection.xhtml?lawCode=HSC&sectionNum=11375.
HS,11375.5(B),USE/POSESS SYNTHETIC STIMULANT COMPOUND OR DERIVATIVE (I),other,11375.5(B),11375.5,0,all,All-source population only; outside the selected statute-family indicators,2,2,https://leginfo.legislature.ca.gov/faces/codes_displaySection.xhtml?lawCode=HSC&sectionNum=11375.5.
HS,11395(B)(1),TREATMENT-MANDATED HARD DRUGS W/2 OR MORE PRIOR CONVICTIONS (M),other,11395(B)(1),11395,0,all|drug,drug: explicit HS numeric statute family 11395,2,2,https://leginfo.legislature.ca.gov/faces/codes_displaySection.xhtml?lawCode=HSC&sectionNum=11395.
HS,120290,WILLFUL EXPOSURE CONTAGIOUS/INFECTIOUS/COMMUNICABLE DISEASE (M),other,120290,120290,0,all,All-source population only; outside the selected statute-family indicators,2,2,https://leginfo.legislature.ca.gov/faces/codes_displaySection.xhtml?lawCode=HSC&sectionNum=120290.
HS,12678,UNLAWFUL DISCHARGE FIREWORK NO:PERMIT (M),other,12678,12678,0,all,All-source population only; outside the selected statute-family indicators,2,2,https://leginfo.legislature.ca.gov/faces/codes_displaySection.xhtml?lawCode=HSC&sectionNum=12678.
HS,12680,DISCHARGE/ETC FIREWORKS:LIKELY TO INJ (M),other,12680,12680,0,all,All-source population only; outside the selected statute-family indicators,2,1,https://leginfo.legislature.ca.gov/faces/codes_displaySection.xhtml?lawCode=HSC&sectionNum=12680.
MC,09.48.020,CONSUMPTION OF ALCOHOL IN PUBLIC PLACES PROHIBITED (M),other,09.48.020,09.48,0,all,All-source population only; outside the selected statute-family indicators,2,2,
MC,10.68.100(B),"Unlawful to ride bike on any sidewalk in City, L.E. is exempt. (I)",other,10.68.100(B),10.68,0,all,All-source population only; outside the selected statute-family indicators,2,2,
MC,11.05.020,NO PERSON SHALL URINATE/DEFECATE IN ANY PLACE OPEN TO THE PUBLIC/IN PUBLIC VIEW,other,11.05.020,11.05,0,all,All-source population only; outside the selected statute-family indicators,2,2,
MC,13.24.140,ILLICIT SAVAGING OF RECYCLABLE MATERIALS PROHIBITED (I),other,13.24.140,13.24,0,all,All-source population only; outside the selected statute-family indicators,2,2,
MC,6.56.010 (B),SOLICITING WITHOUT AN OPERATIONS PERMIT (I),other,6.56.010(B),6.56,0,all,All-source population only; outside the selected statute-family indicators,2,2,
MC,9.04.020(A),"NO CAMPING ON PUBLIC PROPERTY, DURING DARKNESS, INCLUDES PARKS & BEACHES",other,9.04.020(A),9.04,0,all,All-source population only; outside the selected statute-family indicators,2,2,
MC,9.28.020,"CAMP, LODGE, SLEEP, TARRY OVERNIGHT ON PRIVATE PROPERTY W/O CONSENT (M)",other,9.28.020,9.28,0,all,All-source population only; outside the selected statute-family indicators,2,2,
MC,9.28.040A,SHALL NOT POSSESS ALCHOLIC BEVERAGE IN VIOLATION OF CODE (I),other,9.28.040A,9.28,0,all,All-source population only; outside the selected statute-family indicators,2,2,
MC,9.32.030,NOISE VIOLATION BY MUSIC OR AMPLIFIED DEVICE (M),other,9.32.030,9.32,0,all,All-source population only; outside the selected statute-family indicators,2,2,
MC,9.40.010,URINATING OR DEFECATING IN PUBLIC (M),other,9.40.010,9.40,0,all,All-source population only; outside the selected statute-family indicators,2,2,
MC,9.48.020,CONSUMPTION OF ALCOHOL IN PUBLIC PLACES (M),other,9.48.020,9.48,0,all,All-source population only; outside the selected statute-family indicators,2,2,
MC,9.60.070,STORAGE OF PERSONAL PROPERTY PROHIBITED,other,9.60.070,9.60,0,all,All-source population only; outside the selected statute-family indicators,2,2,
PC,114,USE FALSE CITIZENSHIP/ETC DOCUMENTS (F),other,114,114,0,all,All-source population only; outside the selected statute-family indicators,2,2,https://leginfo.legislature.ca.gov/faces/codes_displaySection.xhtml?lawCode=PEN&sectionNum=114.
PC,118A,FALSE AFFIDAVIT AS PERJURY (F),other,118A,118,0,all,All-source population only; outside the selected statute-family indicators,2,2,https://leginfo.legislature.ca.gov/faces/codes_displaySection.xhtml?lawCode=PEN&sectionNum=118.
PC,12022(A),"COMMIT FEL, ARMED WITH FIREARM (BAIL+)",other,12022(A),12022,0,all,All-source population only; outside the selected statute-family indicators,2,2,https://leginfo.legislature.ca.gov/faces/codes_displaySection.xhtml?lawCode=PEN&sectionNum=12022.
PC,12355(A),ASSEMBLE/PLACE BOOBYTRAP (F),other,12355(A),12355,0,all,All-source population only; outside the selected statute-family indicators,2,2,https://leginfo.legislature.ca.gov/faces/codes_displaySection.xhtml?lawCode=PEN&sectionNum=12355.
PC,135,DESTROY/CONCEAL EVIDENCE,other,135,135,0,all,All-source population only; outside the selected statute-family indicators,2,2,https://leginfo.legislature.ca.gov/faces/codes_displaySection.xhtml?lawCode=PEN&sectionNum=135.
PC,148.4(A)(2),SEND FALSE FIRE ALARM BY ANY METHOD (M),other,148.4(A)(2),148.4,0,all,All-source population only; outside the selected statute-family indicators,2,2,https://leginfo.legislature.ca.gov/faces/codes_displaySection.xhtml?lawCode=PEN&sectionNum=148.4.
PC,148.9(A),FALSE REPRESENTATION OF SELF TO PEACE OFFICER,other,148.9(A),148.9,0,all,All-source population only; outside the selected statute-family indicators,2,2,https://leginfo.legislature.ca.gov/faces/codes_displaySection.xhtml?lawCode=PEN&sectionNum=148.9.
PC,182(A)(5),CONSPIRE TO OBSTRUCT JUSTICE,other,182(A)(5),182,0,all,All-source population only; outside the selected statute-family indicators,2,2,https://leginfo.legislature.ca.gov/faces/codes_displaySection.xhtml?lawCode=PEN&sectionNum=182.
PC,186.22(B)(1),FELONY FOR/WITH/BENEFIT CRIMINAL STREET GANG,other,186.22(B)(1),186.22,0,all,All-source population only; outside the selected statute-family indicators,2,2,https://leginfo.legislature.ca.gov/faces/codes_displaySection.xhtml?lawCode=PEN&sectionNum=186.22.
PC,186.22(B)(1),PROMOTE/ASSIST FELONY CRIMINAL STREET GANG,other,186.22(B)(1),186.22,0,all,All-source population only; outside the selected statute-family indicators,2,2,https://leginfo.legislature.ca.gov/faces/codes_displaySection.xhtml?lawCode=PEN&sectionNum=186.22.
PC,18715(A),RECKLESSLY POSS EXPLOSIVE/DESTRUCTIVE DEVICE IN PUBLIC (F),ambiguous_related,18715(A),18715,0,all,All-source population only; outside the selected statute-family indicators,2,2,https://leginfo.legislature.ca.gov/faces/codes_displaySection.xhtml?lawCode=PEN&sectionNum=18715.
PC,18740,USE/ETC EXPLOSIVE/ETC DEVICE WITH INTENT TO DESTROY PROPERTY (F),ambiguous_related,18740,18740,0,all,All-source population only; outside the selected statute-family indicators,2,2,https://leginfo.legislature.ca.gov/faces/codes_displaySection.xhtml?lawCode=PEN&sectionNum=18740.
PC,187A,MURDER - DEGREE NOT SPECIFIED,ambiguous_related,187A,187,0,all,All-source population only; outside the selected statute-family indicators,2,1,https://leginfo.legislature.ca.gov/faces/codes_displaySection.xhtml?lawCode=PEN&sectionNum=187.
PC,192C1,VEH MANSLAUGHTER W/GROSS NEGLIGENCE (F),ambiguous_related,192C1,192,0,all,All-source population only; outside the selected statute-family indicators,2,2,https://leginfo.legislature.ca.gov/faces/codes_displaySection.xhtml?lawCode=PEN&sectionNum=192.
PC,209(B)(1),KIDNAP TO COMMIT ROBBERY/RAPE/289)C/ETC,ambiguous_related,209(B)(1),209,0,all,All-source population only; outside the selected statute-family indicators,2,2,https://leginfo.legislature.ca.gov/faces/codes_displaySection.xhtml?lawCode=PEN&sectionNum=209.
PC,209.5(A),KIDNAPPING DURING COMMISSION OF CARJACKING,ambiguous_related,209.5(A),209.5,0,all,All-source population only; outside the selected statute-family indicators,2,1,https://leginfo.legislature.ca.gov/faces/codes_displaySection.xhtml?lawCode=PEN&sectionNum=209.5.
PC,217.1,ASSAULT PUBLIC OFFICIAL (F),other,217.1,217.1,0,all,All-source population only; outside the selected statute-family indicators,2,2,https://leginfo.legislature.ca.gov/faces/codes_displaySection.xhtml?lawCode=PEN&sectionNum=217.1.
PC,220(A),ASSAULT W/INTENT TO COMMIT RAPE/ETC (F),ambiguous_related,220(A),220,0,all,All-source population only; outside the selected statute-family indicators,2,2,https://leginfo.legislature.ca.gov/faces/codes_displaySection.xhtml?lawCode=PEN&sectionNum=220.
PC,220(A)(1),ASSAULT W/INTENT TO COMMIT RAPE/ETC (F),ambiguous_related,220(A)(1),220,0,all,All-source population only; outside the selected statute-family indicators,2,2,https://leginfo.legislature.ca.gov/faces/codes_displaySection.xhtml?lawCode=PEN&sectionNum=220.
PC,22610(A),FELON POSSESS/BUY/USE STUN GUN,other,22610(A),22610,0,all|weapons,weapons: explicit PC numeric statute family 22610,2,2,https://leginfo.legislature.ca.gov/faces/codes_displaySection.xhtml?lawCode=PEN&sectionNum=22610.
PC,22900,SELL TEAR GAS/TEAR GAS WEAPON (M),other,22900,22900,0,all,All-source population only; outside the selected statute-family indicators,2,2,https://leginfo.legislature.ca.gov/faces/codes_displaySection.xhtml?lawCode=PEN&sectionNum=22900.
PC,22910(A),REMOVE/ALTER/ETC SERIAL NUMBER/ID MARK ON TEAR GAS WEAPON (M),other,22910(A),22910,0,all,All-source population only; outside the selected statute-family indicators,2,2,https://leginfo.legislature.ca.gov/faces/codes_displaySection.xhtml?lawCode=PEN&sectionNum=22910.
PC,236,FALSE IMPRISON W/VIOL/MENACE/FRAUD/DECEIT,ambiguous_related,236,236,0,all,All-source population only; outside the selected statute-family indicators,2,2,https://leginfo.legislature.ca.gov/faces/codes_displaySection.xhtml?lawCode=PEN&sectionNum=236.
PC,243(C)(1),BATTERY AGAINST EMERGENCY PERSON SERIOUS INJURY,ambiguous_related,243(C)(1),243,0,all|violence,violence: explicit PC numeric statute family 243; core-DV charge excluded from this family,2,2,https://leginfo.legislature.ca.gov/faces/codes_displaySection.xhtml?lawCode=PEN&sectionNum=243.
PC,243.4(D)(1),SEXUAL BATTERY OF RESTRAINED OR INCAPACITATED PERSON (F),ambiguous_related,243.4(D)(1),243.4,0,all|violence,violence: explicit PC numeric statute family 243.4; core-DV charge excluded from this family,2,2,https://leginfo.legislature.ca.gov/faces/codes_displaySection.xhtml?lawCode=PEN&sectionNum=243.4.
PC,243.9(A),BATTERY BY GASSING OF PO/DETENTION/INVEST/PROSECUTION EMP,ambiguous_related,243.9(A),243.9,0,all,All-source population only; outside the selected statute-family indicators,2,2,https://leginfo.legislature.ca.gov/faces/codes_displaySection.xhtml?lawCode=PEN&sectionNum=243.9.
PC,245(D)(2),ADW:ASSAULT:SEMIAUTO:PEACE OFCR/FIREFIGHTER (F),ambiguous_related,245(D)(2),245,0,all|violence,violence: explicit PC numeric statute family 245; core-DV charge excluded from this family,2,2,https://leginfo.legislature.ca.gov/faces/codes_displaySection.xhtml?lawCode=PEN&sectionNum=245.
PC,248,IMPAIR AIRCRAFT WITH LIGHT/BRIGHT DEV (M),other,248,248,0,all,All-source population only; outside the selected statute-family indicators,2,2,https://leginfo.legislature.ca.gov/faces/codes_displaySection.xhtml?lawCode=PEN&sectionNum=248.
PC,25100(A),CRIMINAL STORAGE OF FIREARM:FIRST DEGREE (F),other,25100(A),25100,0,all|weapons,weapons: explicit PC numeric statute family 25100,2,2,https://leginfo.legislature.ca.gov/faces/codes_displaySection.xhtml?lawCode=PEN&sectionNum=25100.
PC,25135,FIREARM IN RESIDENCE WHERE PROHIBITED PERSON RESIDES (M),other,25135,25135,0,all,All-source population only; outside the selected statute-family indicators,2,2,https://leginfo.legislature.ca.gov/faces/codes_displaySection.xhtml?lawCode=PEN&sectionNum=25135.
PC,25300(A),MASKED CRIMINAL POSSESS FIREARM IN PUBLIC (F),other,25300(A),25300,0,all,All-source population only; outside the selected statute-family indicators,2,2,https://leginfo.legislature.ca.gov/faces/codes_displaySection.xhtml?lawCode=PEN&sectionNum=25300.
PC,261.5(B),UNLAWFUL SEXUAL INTERCOURSE W/MINOR:3 YRS OLDER OR YOUNGER (M),ambiguous_related,261.5(B),261.5,0,all,All-source population only; outside the selected statute-family indicators,2,2,https://leginfo.legislature.ca.gov/faces/codes_displaySection.xhtml?lawCode=PEN&sectionNum=261.5.
PC,26100(B),VEH DRIVER/OWNER PERMIT DISCHARGE OF FIREARM FROM VEHICLE (F),ambiguous_related,26100(B),26100,0,all,All-source population only; outside the selected statute-family indicators,2,2,https://leginfo.legislature.ca.gov/faces/codes_displaySection.xhtml?lawCode=PEN&sectionNum=26100.
PC,26100(C),DISCHARGE FIREARM FROM VEHICLE AT PERSON (F),ambiguous_related,26100(C),26100,0,all,All-source population only; outside the selected statute-family indicators,2,2,https://leginfo.legislature.ca.gov/faces/codes_displaySection.xhtml?lawCode=PEN&sectionNum=26100.
PC,266I(B),PANDERING:OTHER PERSON UNDER 16 (F),other,266I(B),266,0,all,All-source population only; outside the selected statute-family indicators,2,2,https://leginfo.legislature.ca.gov/faces/codes_displaySection.xhtml?lawCode=PEN&sectionNum=266.
PC,269(A)(1),AGG SEXUAL ASSAULT: RAPE: CHILD UNDER 14 (F),ambiguous_related,269(A)(1),269,0,all,All-source population only; outside the selected statute-family indicators,2,2,https://leginfo.legislature.ca.gov/faces/codes_displaySection.xhtml?lawCode=PEN&sectionNum=269.
PC,273.6(A),VIOLATE COURT ORDER TO PREVENT DOMESTIC VIOLENCE,dv_labeled_order,273.6(A),273.6,0,all,All-source population only; outside the selected statute-family indicators,2,2,https://leginfo.legislature.ca.gov/faces/codes_displaySection.xhtml?lawCode=PEN&sectionNum=273.6.
PC,273A(A),WILLFUL CRUELTY TO CHILD:WITH MINOR INJURY,ambiguous_related,273A(A),273,0,all,All-source population only; outside the selected statute-family indicators,2,2,https://leginfo.legislature.ca.gov/faces/codes_displaySection.xhtml?lawCode=PEN&sectionNum=273.
PC,273A(B),WILLFUL CRUELTY TO CHILD WITHOUT GBI,ambiguous_related,273A(B),273,0,all,All-source population only; outside the selected statute-family indicators,2,2,https://leginfo.legislature.ca.gov/faces/codes_displaySection.xhtml?lawCode=PEN&sectionNum=273.
PC,27585(A),IMPORT/TRANS/BRING FIREARM FROM ANOTHER STATE (M),other,27585(A),27585,0,all,All-source population only; outside the selected statute-family indicators,2,2,https://leginfo.legislature.ca.gov/faces/codes_displaySection.xhtml?lawCode=PEN&sectionNum=27585.
PC,287(B)(2),ORAL COPULATION W/ PERSON UNDER 16 YEARS (F),ambiguous_related,287(B)(2),287,0,all,All-source population only; outside the selected statute-family indicators,2,2,https://leginfo.legislature.ca.gov/faces/codes_displaySection.xhtml?lawCode=PEN&sectionNum=287.
PC,287(C)(1),ORAL COPULATION WITH PERSON UNDER 14 YRS/ETC (F),ambiguous_related,287(C)(1),287,0,all,All-source population only; outside the selected statute-family indicators,2,2,https://leginfo.legislature.ca.gov/faces/codes_displaySection.xhtml?lawCode=PEN&sectionNum=287.
PC,288(C)(1),LEWD & LASCIVIOUS ACT W/CHILD 14/15:DEFENDANT 10 YRS OLDER,ambiguous_related,288(C)(1),288,0,all,All-source population only; outside the selected statute-family indicators,2,1,https://leginfo.legislature.ca.gov/faces/codes_displaySection.xhtml?lawCode=PEN&sectionNum=288.
PC,288.2(A)(1),HARMFUL MATTER OF MNR SENT W/SEXUAL INTENT OF A KNOWN MINOR (F),ambiguous_related,288.2(A)(1),288.2,0,all,All-source population only; outside the selected statute-family indicators,2,2,https://leginfo.legislature.ca.gov/faces/codes_displaySection.xhtml?lawCode=PEN&sectionNum=288.2.
PC,288.2(A)(2),HARMFUL MATTER SENT/ETC W/INTENT TO SEDUCE MINOR (F),ambiguous_related,288.2(A)(2),288.2,0,all,All-source population only; outside the selected statute-family indicators,2,2,https://leginfo.legislature.ca.gov/faces/codes_displaySection.xhtml?lawCode=PEN&sectionNum=288.2.
PC,288.4(A)(1),ARRANGE A MEETING WITH MINOR (M),ambiguous_related,288.4(A)(1),288.4,0,all,All-source population only; outside the selected statute-family indicators,2,2,https://leginfo.legislature.ca.gov/faces/codes_displaySection.xhtml?lawCode=PEN&sectionNum=288.4.
PC,289D,SEX PENETRATION:VICTIM UNAWARE ACT OCCURRED (F),ambiguous_related,289D,289,0,all,All-source population only; outside the selected statute-family indicators,2,2,https://leginfo.legislature.ca.gov/faces/codes_displaySection.xhtml?lawCode=PEN&sectionNum=289.
PC,290(B),FAIL TO REGISTER/CHANGE OF ADDRESS:SEX OFFENDER (M),other,290(B),290,0,all,All-source population only; outside the selected statute-family indicators,2,2,https://leginfo.legislature.ca.gov/faces/codes_displaySection.xhtml?lawCode=PEN&sectionNum=290.
PC,290(B),FAIL TO REGISTER/ETC:FELONY SEX OFFENDER WITH PRIOR,other,290(B),290,0,all,All-source population only; outside the selected statute-family indicators,2,2,https://leginfo.legislature.ca.gov/faces/codes_displaySection.xhtml?lawCode=PEN&sectionNum=290.
PC,290.011(C),TRANSIENT FAIL ANNUAL UPDATE (F),other,290.011(C),290.011,0,all,All-source population only; outside the selected statute-family indicators,2,2,https://leginfo.legislature.ca.gov/faces/codes_displaySection.xhtml?lawCode=PEN&sectionNum=290.011.
PC,29180(C),OWN F/ARM W/O SERIAL NUM,other,29180(C),29180,0,all|weapons,weapons: explicit PC numeric statute family 29180,2,2,https://leginfo.legislature.ca.gov/faces/codes_displaySection.xhtml?lawCode=PEN&sectionNum=29180.
PC,29800(A)(1),FELON/ADDICT/ETC POSSESS FIREARM (F),other,29800(A)(1),29800,0,all|weapons,weapons: explicit PC numeric statute family 29800,2,2,https://leginfo.legislature.ca.gov/faces/codes_displaySection.xhtml?lawCode=PEN&sectionNum=29800.
PC,30305(B)(1),PROHIBIT STREET GANG MEMBER OWN/POSSESS/ETC AMMUNITION,other,30305(B)(1),30305,0,all|weapons,weapons: explicit PC numeric statute family 30305,2,2,https://leginfo.legislature.ca.gov/faces/codes_displaySection.xhtml?lawCode=PEN&sectionNum=30305.
PC,32310(A),MANUFACTURE/SALE/POSSESS/ETC LARGE CAPACITY MAGAZINE,other,32310(A),32310,0,all|weapons,weapons: explicit PC numeric statute family 32310,2,2,https://leginfo.legislature.ca.gov/faces/codes_displaySection.xhtml?lawCode=PEN&sectionNum=32310.
PC,32625(B),SELL/CONVERT TO/ETC MACHINEGUN (F),other,32625(B),32625,0,all|weapons,weapons: explicit PC numeric statute family 32625,2,2,https://leginfo.legislature.ca.gov/faces/codes_displaySection.xhtml?lawCode=PEN&sectionNum=32625.
PC,330A,POSS/CONTROL SLOT MACHINE (M),other,330A,330,0,all,All-source population only; outside the selected statute-family indicators,2,2,https://leginfo.legislature.ca.gov/faces/codes_displaySection.xhtml?lawCode=PEN&sectionNum=330.
PC,368(D)(2),THEFT OF ELDER/DEPENDENT ADULT (LARCENY $950 OR LESS) (M),ambiguous_related,368(D)(2),368,0,all,All-source population only; outside the selected statute-family indicators,2,2,https://leginfo.legislature.ca.gov/faces/codes_displaySection.xhtml?lawCode=PEN&sectionNum=368.
PC,368C,ABUSE/CRUELTY TO ELDERLY/DEPENDENT ADULT,ambiguous_related,368C,368,0,all,All-source population only; outside the selected statute-family indicators,2,2,https://leginfo.legislature.ca.gov/faces/codes_displaySection.xhtml?lawCode=PEN&sectionNum=368.
PC,374.3(H)(1),DUMP WASTE IN COMMERCIAL QUANTITIES (M),other,374.3(H)(1),374.3,0,all,All-source population only; outside the selected statute-family indicators,2,1,https://leginfo.legislature.ca.gov/faces/codes_displaySection.xhtml?lawCode=PEN&sectionNum=374.3.
PC,404.6(C),RIOT IN JAIL/PRISON/ ETC RESULTS IN SERIOUS BODILY INJURY (M),other,404.6(C),404.6,0,all,All-source population only; outside the selected statute-family indicators,2,2,https://leginfo.legislature.ca.gov/faces/codes_displaySection.xhtml?lawCode=PEN&sectionNum=404.6.
PC,407,UNLAWFUL ASSEMBLY (M),other,407,407,0,all,All-source population only; outside the selected statute-family indicators,2,2,https://leginfo.legislature.ca.gov/faces/codes_displaySection.xhtml?lawCode=PEN&sectionNum=407.
PC,417(A)(1),EXHIBIT DEADLY WEAPON OTHER THAN FIREARM,other,417(A)(1),417,0,all|weapons,weapons: explicit PC numeric statute family 417,2,2,https://leginfo.legislature.ca.gov/faces/codes_displaySection.xhtml?lawCode=PEN&sectionNum=417.
PC,417.3,EXHIBIT/DRAW FIREARM IN PRES OF Mot Veh OCCUP (F),other,417.3,417.3,0,all|weapons,weapons: explicit PC numeric statute family 417.3,2,2,https://leginfo.legislature.ca.gov/faces/codes_displaySection.xhtml?lawCode=PEN&sectionNum=417.3.
PC,417.4,BRANDISHING FIREARM REPLICA,other,417.4,417.4,0,all|weapons,weapons: explicit PC numeric statute family 417.4,2,2,https://leginfo.legislature.ca.gov/faces/codes_displaySection.xhtml?lawCode=PEN&sectionNum=417.4.
PC,422.6A,VIOLATE CIVIL RIGHTS: CAUSE MINOR INJURY (M),ambiguous_related,422.6A,422.6,0,all,All-source population only; outside the selected statute-family indicators,2,2,https://leginfo.legislature.ca.gov/faces/codes_displaySection.xhtml?lawCode=PEN&sectionNum=422.6.
PC,4502(A),PRISONER POSS WEAPON,other,4502(A),4502,0,all,All-source population only; outside the selected statute-family indicators,2,2,https://leginfo.legislature.ca.gov/faces/codes_displaySection.xhtml?lawCode=PEN&sectionNum=4502.
PC,454(A),ARSON DURING STATE OF EMERGENCY (F),other,454(A),454,0,all,All-source population only; outside the selected statute-family indicators,2,2,https://leginfo.legislature.ca.gov/faces/codes_displaySection.xhtml?lawCode=PEN&sectionNum=454.
PC,4573.5,BRING DRGS/ALC TO JAIL/PRSN,other,4573.5,4573.5,0,all,All-source population only; outside the selected statute-family indicators,2,2,https://leginfo.legislature.ca.gov/faces/codes_displaySection.xhtml?lawCode=PEN&sectionNum=4573.5.
PC,463(A),BURGLARY/ETC DURING STATE OF EMERGENCY/ETC,other,463(A),463,0,all,All-source population only; outside the selected statute-family indicators,2,2,https://leginfo.legislature.ca.gov/faces/codes_displaySection.xhtml?lawCode=PEN&sectionNum=463.
PC,466.5(B),POSS/USE VEH MASTER KEY (M),other,466.5(B),466.5,0,all,All-source population only; outside the selected statute-family indicators,2,2,https://leginfo.legislature.ca.gov/faces/codes_displaySection.xhtml?lawCode=PEN&sectionNum=466.5.
PC,470(D),FORGERY:FALSE CHECKS/RECORDS/CERTIFICATES/ETC.,other,470(D),470,0,all|property,property: explicit PC numeric statute family 470,2,2,https://leginfo.legislature.ca.gov/faces/codes_displaySection.xhtml?lawCode=PEN&sectionNum=470.
PC,475(B),P0SSESS BLANK CHECK:DEFRAUD,other,475(B),475,0,all|property,property: explicit PC numeric statute family 475,2,2,https://leginfo.legislature.ca.gov/faces/codes_displaySection.xhtml?lawCode=PEN&sectionNum=475.
PC,485,APPROPRIATE LOST PROPERTY ($950 OR LESS),other,485,485,0,all|property,property: explicit PC numeric statute family 485,2,2,https://leginfo.legislature.ca.gov/faces/codes_displaySection.xhtml?lawCode=PEN&sectionNum=485.
PC,487(A),GRAND THEFT:MONEY/LABOR/PROPERTY OVER $950,other,487(A),487,0,all|property,property: explicit PC numeric statute family 487,2,2,https://leginfo.legislature.ca.gov/faces/codes_displaySection.xhtml?lawCode=PEN&sectionNum=487.
PC,487(B)(3),GRAND THEFT BY EMPLOYEE/SERVANT/ETC ($950 OR MORE),other,487(B)(3),487,0,all|property,property: explicit PC numeric statute family 487,2,2,https://leginfo.legislature.ca.gov/faces/codes_displaySection.xhtml?lawCode=PEN&sectionNum=487.
PC,487(D)(1),GRAND THEFT:AUTO (F),other,487(D)(1),487,0,all|property,property: explicit PC numeric statute family 487,2,2,https://leginfo.legislature.ca.gov/faces/codes_displaySection.xhtml?lawCode=PEN&sectionNum=487.
PC,496(A),RECEIVE/ETC KNOWN STOLEN PROPERTY [$950 OR LESS],other,496(A),496,0,all|property,property: explicit PC numeric statute family 496,2,2,https://leginfo.legislature.ca.gov/faces/codes_displaySection.xhtml?lawCode=PEN&sectionNum=496.
PC,496(B),DEALER/ETC NOT DETERMINE OWNERSHIP:STOLEN PROPERTY [$950 OR LESS] (M),other,496(B),496,0,all|property,property: explicit PC numeric statute family 496,2,2,https://leginfo.legislature.ca.gov/faces/codes_displaySection.xhtml?lawCode=PEN&sectionNum=496.
PC,529A,PROVIDE TO ANOTHER W/INT TO DECV FAKE BIRTH/BAPT CERT (F),other,529A,529,0,all,All-source population only; outside the selected statute-family indicators,2,2,https://leginfo.legislature.ca.gov/faces/codes_displaySection.xhtml?lawCode=PEN&sectionNum=529.
PC,530.5(D)(2),KNOWINGLY USE PERSONAL IDENTIFYING INFO TO COMMIT VIOLATION (M),other,530.5(D)(2),530.5,0,all|property,property: explicit PC numeric statute family 530.5,2,2,https://leginfo.legislature.ca.gov/faces/codes_displaySection.xhtml?lawCode=PEN&sectionNum=530.5.
PC,537E(A)(1),BUY/ETC PERSONAL PROPERTY W/ID REMOVED [$950 OR LESS] (M),other,537E(A)(1),537,0,all,All-source population only; outside the selected statute-family indicators,2,2,https://leginfo.legislature.ca.gov/faces/codes_displaySection.xhtml?lawCode=PEN&sectionNum=537.
PC,548(A),INJ/DESTROY INSURED PROP (F),other,548(A),548,0,all,All-source population only; outside the selected statute-family indicators,2,2,https://leginfo.legislature.ca.gov/faces/codes_displaySection.xhtml?lawCode=PEN&sectionNum=548.
PC,550(A)(1),PRESENT FALSE INSURANCE CLAIM FOR PAYMENT (F),other,550(A)(1),550,0,all,All-source population only; outside the selected statute-family indicators,2,2,https://leginfo.legislature.ca.gov/faces/codes_displaySection.xhtml?lawCode=PEN&sectionNum=550.
PC,587B,TRESPASS ON RAILROAD TRAIN (M),other,587B,587,0,all,All-source population only; outside the selected statute-family indicators,2,2,https://leginfo.legislature.ca.gov/faces/codes_displaySection.xhtml?lawCode=PEN&sectionNum=587.
PC,587C,EVADE RAILROAD FARE (M),other,587C,587,0,all,All-source population only; outside the selected statute-family indicators,2,2,https://leginfo.legislature.ca.gov/faces/codes_displaySection.xhtml?lawCode=PEN&sectionNum=587.
PC,591.5,DAMAGE/DESTROY ANY WIRELESS COMMUNICATION DEVICE,ambiguous_related,591.5,591.5,0,all,All-source population only; outside the selected statute-family indicators,2,2,https://leginfo.legislature.ca.gov/faces/codes_displaySection.xhtml?lawCode=PEN&sectionNum=591.5.
PC,591.5,OBSTRUCT USE OF ANY WIRELESS COMMUNICATION DEVICE,ambiguous_related,591.5,591.5,0,all,All-source population only; outside the selected statute-family indicators,2,2,https://leginfo.legislature.ca.gov/faces/codes_displaySection.xhtml?lawCode=PEN&sectionNum=591.5.
PC,593,INTERFERE WITH POWER LINE (F),other,593,593,0,all,All-source population only; outside the selected statute-family indicators,2,2,https://leginfo.legislature.ca.gov/faces/codes_displaySection.xhtml?lawCode=PEN&sectionNum=593.
PC,594(B)(2)(A),VANDALISM (LESS THAN $400),other,594(B)(2)(A),594,0,all|property,property: explicit PC numeric statute family 594,2,2,https://leginfo.legislature.ca.gov/faces/codes_displaySection.xhtml?lawCode=PEN&sectionNum=594.
PC,597(A),INTENTIONAL CRUELTY TO ANIMAL/S,other,597(A),597,0,all,All-source population only; outside the selected statute-family indicators,2,2,https://leginfo.legislature.ca.gov/faces/codes_displaySection.xhtml?lawCode=PEN&sectionNum=597.
PC,597I,MFR/SELL/POSS FIGHTING BIRD EQUIP (M),other,597I,597,0,all,All-source population only; outside the selected statute-family indicators,2,2,https://leginfo.legislature.ca.gov/faces/codes_displaySection.xhtml?lawCode=PEN&sectionNum=597.
PC,597S,ABANDON ANIMAL (M),other,597S,597,0,all,All-source population only; outside the selected statute-family indicators,2,2,https://leginfo.legislature.ca.gov/faces/codes_displaySection.xhtml?lawCode=PEN&sectionNum=597.
PC,602,TRESPASSING,other,602,602,0,all,All-source population only; outside the selected statute-family indicators,2,2,https://leginfo.legislature.ca.gov/faces/codes_displaySection.xhtml?lawCode=PEN&sectionNum=602.
PC,602(F),TRESPASS:DAMAGE SIGN (M),other,602(F),602,0,all,All-source population only; outside the selected statute-family indicators,2,2,https://leginfo.legislature.ca.gov/faces/codes_displaySection.xhtml?lawCode=PEN&sectionNum=602.
PC,602(O)(1),TRESPASS:REFUSE TO LEAVE PROPERTY:PEACE OFFICER REQUEST,other,602(O)(1),602,0,all,All-source population only; outside the selected statute-family indicators,2,2,https://leginfo.legislature.ca.gov/faces/codes_displaySection.xhtml?lawCode=PEN&sectionNum=602.
PC,626.10(B),POSS WEAPON ON COL/UNIV CAMPUS:NOT FIREARM (F),other,626.10(B),626.10,0,all,All-source population only; outside the selected statute-family indicators,2,2,https://leginfo.legislature.ca.gov/faces/codes_displaySection.xhtml?lawCode=PEN&sectionNum=626.10.
PC,626.81(A),SEX OFFENDER:UNLAWFUL ENTER SCHOOL (M),other,626.81(A),626.81,0,all,All-source population only; outside the selected statute-family indicators,2,2,https://leginfo.legislature.ca.gov/faces/codes_displaySection.xhtml?lawCode=PEN&sectionNum=626.81.
PC,632(A),EAVESDROPPING (F),other,632(A),632,0,all,All-source population only; outside the selected statute-family indicators,2,2,https://leginfo.legislature.ca.gov/faces/codes_displaySection.xhtml?lawCode=PEN&sectionNum=632.
PC,640(B)(3),SMOKING IN PROHIBITED AREA PUBLIC TRANSIT SYSTEM (I),other,640(B)(3),640,0,all,All-source population only; outside the selected statute-family indicators,2,2,https://leginfo.legislature.ca.gov/faces/codes_displaySection.xhtml?lawCode=PEN&sectionNum=640.
PC,640(D)(3),URINATE OR DEFECATE IN OTHER THAN APPROVED LAVATORIES (M),other,640(D)(3),640,0,all,All-source population only; outside the selected statute-family indicators,2,2,https://leginfo.legislature.ca.gov/faces/codes_displaySection.xhtml?lawCode=PEN&sectionNum=640.
PC,646.9(C),STALKING W/PR,ambiguous_related,646.9(C),646.9,0,all,All-source population only; outside the selected statute-family indicators,2,2,https://leginfo.legislature.ca.gov/faces/codes_displaySection.xhtml?lawCode=PEN&sectionNum=646.9.
PC,647 (B)(2),DISORDERLY CONDUCT: PROSTITUTION - COMPENSATION FOR SEX,other,647(B)(2),647,0,all,All-source population only; outside the selected statute-family indicators,2,2,https://leginfo.legislature.ca.gov/faces/codes_displaySection.xhtml?lawCode=PEN&sectionNum=647.
PC,647(B)(2),DISORDERLY CONDUCT: PROSTITUTION - COMPENSATION FOR SEX,other,647(B)(2),647,0,all,All-source population only; outside the selected statute-family indicators,2,2,https://leginfo.legislature.ca.gov/faces/codes_displaySection.xhtml?lawCode=PEN&sectionNum=647.
PC,647(E),DISORDERLY CONDUCT:LODGE WITHOUT CONSENT,other,647(E),647,0,all,All-source population only; outside the selected statute-family indicators,2,2,https://leginfo.legislature.ca.gov/faces/codes_displaySection.xhtml?lawCode=PEN&sectionNum=647.
PC,647(F)DK,DISORDERLY CONDUCT:  ALCOHOL,other,647(F)DK,647,0,all,All-source population only; outside the selected statute-family indicators,2,2,https://leginfo.legislature.ca.gov/faces/codes_displaySection.xhtml?lawCode=PEN&sectionNum=647.
PC,647.6(A)(1),ANNOY/MOLEST VICTIM BELIEVED TO BE UNDER 18 YEARS OF AGE (M),other,647.6(A)(1),647.6,0,all,All-source population only; outside the selected statute-family indicators,2,2,https://leginfo.legislature.ca.gov/faces/codes_displaySection.xhtml?lawCode=PEN&sectionNum=647.6.
PC,647C,OBSTRUCT PERSS MOVEMENT:PUBLIC PLACE (M),other,647C,647,0,all,All-source population only; outside the selected statute-family indicators,2,2,https://leginfo.legislature.ca.gov/faces/codes_displaySection.xhtml?lawCode=PEN&sectionNum=647.
PC,664/187(A),ATTEMPTED MURDER,other,664/187(A),187,1,all,All-source population only; outside the selected statute-family indicators,2,2,https://leginfo.legislature.ca.gov/faces/codes_displaySection.xhtml?lawCode=PEN&sectionNum=187.
PC,667.61,SEX CRIME W/SPECIFIC CIRCS (BAIL+),other,667.61,667.61,0,all,All-source population only; outside the selected statute-family indicators,2,2,https://leginfo.legislature.ca.gov/faces/codes_displaySection.xhtml?lawCode=PEN&sectionNum=667.61.
PC,67,BRIBE EXECUTIVE OFCR (F),other,67,67,0,all,All-source population only; outside the selected statute-family indicators,2,2,https://leginfo.legislature.ca.gov/faces/codes_displaySection.xhtml?lawCode=PEN&sectionNum=67.
PC,69,OBSTRUCT/RESIST EXECUTIVE OFFICER,other,69,69,0,all,All-source population only; outside the selected statute-family indicators,2,2,https://leginfo.legislature.ca.gov/faces/codes_displaySection.xhtml?lawCode=PEN&sectionNum=69.
PC,76(A),THREATEN/ETC ELECTED OFFICIAL/JUDGE/ETC W/ PRIOR (F),other,76(A),76,0,all,All-source population only; outside the selected statute-family indicators,2,2,https://leginfo.legislature.ca.gov/faces/codes_displaySection.xhtml?lawCode=PEN&sectionNum=76.
VC,10851(A),OTHER AGENCY VEHICLE THEFT/RECOVERY,other,10851(A),10851,0,all|property,property: explicit VC numeric statute family 10851,2,2,https://leginfo.legislature.ca.gov/faces/codes_displaySection.xhtml?lawCode=VEH&sectionNum=10851.
VC,12815,DRVR'S LIC LOST/ETC:DESTROY ORIGINAL (I),other,12815,12815,0,all,All-source population only; outside the selected statute-family indicators,2,2,https://leginfo.legislature.ca.gov/faces/codes_displaySection.xhtml?lawCode=VEH&sectionNum=12815.
VC,14600B,FAIL TO PRESENT PROOF OF ADDRESS CHANGE (I),other,14600B,14600,0,all,All-source population only; outside the selected statute-family indicators,2,2,https://leginfo.legislature.ca.gov/faces/codes_displaySection.xhtml?lawCode=VEH&sectionNum=14600.
VC,14601(A),DRVG WHILE LIC SUSP OR REVOKED,other,14601(A),14601,0,all|driving,driving: explicit VC numeric statute family 14601,2,2,https://leginfo.legislature.ca.gov/faces/codes_displaySection.xhtml?lawCode=VEH&sectionNum=14601.
VC,21200.5,RIDING BICYCLE UNDER INFLUENCE OF ALCOHOL AND/OR DRUGS(IBR 35A),other,21200.5,21200.5,0,all,All-source population only; outside the selected statute-family indicators,2,2,https://leginfo.legislature.ca.gov/faces/codes_displaySection.xhtml?lawCode=VEH&sectionNum=21200.5.
VC,21209,UNLAWFUL DRVG Mot Veh IN BICYCLE LANE (I),other,21209,21209,0,all,All-source population only; outside the selected statute-family indicators,2,2,https://leginfo.legislature.ca.gov/faces/codes_displaySection.xhtml?lawCode=VEH&sectionNum=21209.
VC,21228,FAIL TO RIDE MOTOR SCOOTER:RIGHT EDGE OF ROADWAY (I),other,21228,21228,0,all,All-source population only; outside the selected statute-family indicators,2,2,https://leginfo.legislature.ca.gov/faces/codes_displaySection.xhtml?lawCode=VEH&sectionNum=21228.
VC,21453B,SIGNAL LIGHTS:RIGHT TURN ON RED (I),other,21453B,21453,0,all,All-source population only; outside the selected statute-family indicators,2,2,https://leginfo.legislature.ca.gov/faces/codes_displaySection.xhtml?lawCode=VEH&sectionNum=21453.
VC,21650.1,LANE USAGE:OPERATING BICYCLE ON WRONG SIDE OF ROAD (I),other,21650.1,21650.1,0,all,All-source population only; outside the selected statute-family indicators,2,2,https://leginfo.legislature.ca.gov/faces/codes_displaySection.xhtml?lawCode=VEH&sectionNum=21650.1.
VC,21651A,LANE USAGE:DIV HWY:DRIVE ON DIV SECTION OR U-TURN (I),other,21651A,21651,0,all,All-source population only; outside the selected statute-family indicators,2,2,https://leginfo.legislature.ca.gov/faces/codes_displaySection.xhtml?lawCode=VEH&sectionNum=21651.
VC,21804,RIGHT-OF-WAY:ENTERING HWY (I),other,21804,21804,0,all,All-source population only; outside the selected statute-family indicators,2,2,https://leginfo.legislature.ca.gov/faces/codes_displaySection.xhtml?lawCode=VEH&sectionNum=21804.
VC,22101D,TURNS:FAIL TO OBEY TURN SIGNS (I),other,22101D,22101,0,all,All-source population only; outside the selected statute-family indicators,2,2,https://leginfo.legislature.ca.gov/faces/codes_displaySection.xhtml?lawCode=VEH&sectionNum=22101.
VC,23109(B),AIDE/ABET SPEED CONTEST (M),other,23109(B),23109,0,all|driving,driving: explicit VC numeric statute family 23109,2,2,https://leginfo.legislature.ca.gov/faces/codes_displaySection.xhtml?lawCode=VEH&sectionNum=23109.
VC,23109(D),BLOCK ROAD FOR SPEED CONTEST (M),other,23109(D),23109,0,all|driving,driving: explicit VC numeric statute family 23109,2,2,https://leginfo.legislature.ca.gov/faces/codes_displaySection.xhtml?lawCode=VEH&sectionNum=23109.
VC,23152(F),DUI DRUGS,other,23152(F),23152,0,all|driving,driving: explicit VC numeric statute family 23152,2,2,https://leginfo.legislature.ca.gov/faces/codes_displaySection.xhtml?lawCode=VEH&sectionNum=23152.
VC,23152B,DUI ALCOHOL 0.08 PERCENT,other,23152B,23152,0,all|driving,driving: explicit VC numeric statute family 23152,2,2,https://leginfo.legislature.ca.gov/faces/codes_displaySection.xhtml?lawCode=VEH&sectionNum=23152.
VC,23153(F),DUI DRUG:CAUSING BODILY INJURY,other,23153(F),23153,0,all|driving,driving: explicit VC numeric statute family 23153,2,2,https://leginfo.legislature.ca.gov/faces/codes_displaySection.xhtml?lawCode=VEH&sectionNum=23153.
VC,23225,OWNER/DRVR:STORE OPEN ALC IN VEH (I),other,23225,23225,0,all,All-source population only; outside the selected statute-family indicators,2,2,https://leginfo.legislature.ca.gov/faces/codes_displaySection.xhtml?lawCode=VEH&sectionNum=23225.
VC,23226,OWNER/DRVR:STORE OPEN ALC IN VEH (I),other,23226,23226,0,all,All-source population only; outside the selected statute-family indicators,2,2,https://leginfo.legislature.ca.gov/faces/codes_displaySection.xhtml?lawCode=VEH&sectionNum=23226.
VC,23247(A),RENT/ VEH TO PERS W/IGNITION INTERLOCK DEV RESTRICTION (M),other,23247(A),23247,0,all,All-source population only; outside the selected statute-family indicators,2,2,https://leginfo.legislature.ca.gov/faces/codes_displaySection.xhtml?lawCode=VEH&sectionNum=23247.
VC,23550(A),DUI W/PRIOR SPECIFIC CONVICTIONS,other,23550(A),23550,0,all|driving,driving: explicit VC numeric statute family 23550,2,2,https://leginfo.legislature.ca.gov/faces/codes_displaySection.xhtml?lawCode=VEH&sectionNum=23550.
VC,24409A,FAIL DIM BEAMS:ONCOMING (I),other,24409A,24409,0,all,All-source population only; outside the selected statute-family indicators,2,2,https://leginfo.legislature.ca.gov/faces/codes_displaySection.xhtml?lawCode=VEH&sectionNum=24409.
VC,24600C,REAR VEHICLE MUST HAVE TWO TAILLAMPS (I),other,24600C,24600,0,all,All-source population only; outside the selected statute-family indicators,2,2,https://leginfo.legislature.ca.gov/faces/codes_displaySection.xhtml?lawCode=VEH&sectionNum=24600.
VC,24600E,TAILLAMPS MUST BE RED AND VISIBLE 500 FEET (I),other,24600E,24600,0,all,All-source population only; outside the selected statute-family indicators,2,2,https://leginfo.legislature.ca.gov/faces/codes_displaySection.xhtml?lawCode=VEH&sectionNum=24600.
VC,27315D,MANDATORY SEAT BELTS - PRIVATE VEHICLE PASSENGER AND DRIVER (I),other,27315D,27315,0,all,All-source population only; outside the selected statute-family indicators,2,2,https://leginfo.legislature.ca.gov/faces/codes_displaySection.xhtml?lawCode=VEH&sectionNum=27315.
VC,27315D,SEATBELT VIOLATION:VEHICLE (I),other,27315D,27315,0,all,All-source population only; outside the selected statute-family indicators,2,2,https://leginfo.legislature.ca.gov/faces/codes_displaySection.xhtml?lawCode=VEH&sectionNum=27315.
VC,2800.2(A),DISREGARD SAFETY:EVADE POLICE,other,2800.2(A),2800.2,0,all|driving,driving: explicit VC numeric statute family 2800.2,2,2,https://leginfo.legislature.ca.gov/faces/codes_displaySection.xhtml?lawCode=VEH&sectionNum=2800.2.
VC,28071,VEH BUMPER VIOL (I),other,28071,28071,0,all,All-source population only; outside the selected statute-family indicators,2,2,https://leginfo.legislature.ca.gov/faces/codes_displaySection.xhtml?lawCode=VEH&sectionNum=28071.
VC,4000.4A,VEHICLE PRIMARILY USED IN CALIFORNIA MUST REGISTERED (I),other,4000.4A,4000.4,0,all,All-source population only; outside the selected statute-family indicators,2,2,https://leginfo.legislature.ca.gov/faces/codes_displaySection.xhtml?lawCode=VEH&sectionNum=4000.4.
VC,4462B,DISPLAY ON VEH/GIVE TO PEACE OFCR FALSE REGISTRATION,other,4462B,4462,0,all,All-source population only; outside the selected statute-family indicators,2,2,https://leginfo.legislature.ca.gov/faces/codes_displaySection.xhtml?lawCode=VEH&sectionNum=4462.
VC,4463(A)(1),FORGE/ALTER VEH REGISTRATION,other,4463(A)(1),4463,0,all,All-source population only; outside the selected statute-family indicators,2,2,https://leginfo.legislature.ca.gov/faces/codes_displaySection.xhtml?lawCode=VEH&sectionNum=4463.
VC,4463(A)(1),FORGE/ALTER VEHICLE REGISTRATION/ETC,other,4463(A)(1),4463,0,all,All-source population only; outside the selected statute-family indicators,2,2,https://leginfo.legislature.ca.gov/faces/codes_displaySection.xhtml?lawCode=VEH&sectionNum=4463.
VC,5201.1 (B),OPERATE VEHICLE WITH OBSCURED LICENSE PLATE (I),other,5201.1(B),5201.1,0,all,All-source population only; outside the selected statute-family indicators,2,2,https://leginfo.legislature.ca.gov/faces/codes_displaySection.xhtml?lawCode=VEH&sectionNum=5201.1.
VSMC,9.04.040,LITTERING/DISTRIBUTING FLYERS IN CITY,other,9.04.040,9.04,0,all,All-source population only; outside the selected statute-family indicators,2,2,
VSMC,9.20.020B,"NO ONE SHALL CAMP, LODGE, SLEEP OVERNIGHT IN PUBLIC PARK, STREET OR HIGHWAY",other,9.20.020B,9.20,0,all,All-source population only; outside the selected statute-family indicators,2,2,
BP,22435.2B,POSS SHOPPING/LAUNDRY CART,other,22435.2B,22435.2,0,all,All-source population only; outside the selected statute-family indicators,1,1,
BP,22980.2(A),SELL TOBACCO PRODUCTS WITHOUT A LICENSE (M),other,22980.2(A),22980.2,0,all,All-source population only; outside the selected statute-family indicators,1,1,
BP,25608,POSS LIQUOR ON SCHOOL PROP (M),other,25608,25608,0,all,All-source population only; outside the selected statute-family indicators,1,1,
BP,25658(A),SELL LIQUOR TO MINOR,other,25658(A),25658,0,all,All-source population only; outside the selected statute-family indicators,1,1,
BP,25662(A),MINOR POSS ALC,other,25662(A),25662,0,all,All-source population only; outside the selected statute-family indicators,1,1,
BP,25665,"MINOR ENTER/REMAIN IN ""ON SALE"" LIQUOR PREMISES (M)",other,25665,25665,0,all,All-source population only; outside the selected statute-family indicators,1,1,
BP,4060,POSSESS CONTROLLED SUBSTANCES WITHOUT A PRESCRIPTION,other,4060,4060,0,all,All-source population only; outside the selected statute-family indicators,1,1,
BP,4324(A),FORGE/ETC PRESCRIPTIONS (F),other,4324(A),4324,0,all,All-source population only; outside the selected statute-family indicators,1,1,
BP,7028(A)(1),CONTRACTING W/O LICENSE (M),other,7028(A)(1),7028,0,all,All-source population only; outside the selected statute-family indicators,1,1,
CO,21.101,COUNTY ACTIVITY LICENSE VIOLATION (M),other,21.101,21.101,0,all,All-source population only; outside the selected statute-family indicators,1,1,
CO,35.103(A),"CURFEW - MINOR IN PUBLIC, UNINC AREA/RESTRICTED PER 35.102 (M)",other,35.103(A),35.103,0,all,All-source population only; outside the selected statute-family indicators,1,1,
CO,36.215,ALCOHOLIC BEVERAGE REGULATIONS IN THE KENWOOD/BANCROFT AREA (I),other,36.215,36.215,0,all,All-source population only; outside the selected statute-family indicators,1,1,
CO,41.116(A),LITTERING (SOLID) (I),other,41.116(A),41.116,0,all,All-source population only; outside the selected statute-family indicators,1,1,
CO,41.117(A),ILLEGAL WEAPONS & FIREWORKS (M),other,41.117(A),41.117,0,all,All-source population only; outside the selected statute-family indicators,1,1,
CO,62.669A,RESTRAINT OF DOGS,other,62.669A,62.669,0,all,All-source population only; outside the selected statute-family indicators,1,1,
CO,62.67,URINATING/DEFECATING ON PUBLIC PROPERTY (M),other,62.67,62.67,0,all,All-source population only; outside the selected statute-family indicators,1,1,
EL,18540(A),INTIMIDATION OF VOTERS (F),other,18540(A),18540,0,all,All-source population only; outside the selected statute-family indicators,1,1,
ENMC,9.28.010,POSS. OPEN ALCOHOL CONTAINER IN PUBLIC,other,9.28.010,9.28,0,all,All-source population only; outside the selected statute-family indicators,1,1,
FG,1054.2,LICENSE/PERMIT NOT WITHIN IMMEDIATE POSSESSION/ETC (M),other,1054.2,1054.2,0,all,All-source population only; outside the selected statute-family indicators,1,1,
FG,5652,DUMP OR ABANDON REFUSE/ETC IN OR NEAR STATE WATERS,other,5652,5652,0,all,All-source population only; outside the selected statute-family indicators,1,1,
GC,6201,DESTROY/ALTER/ETC PUBLIC RECORD/ETC (F),other,6201,6201,0,all,All-source population only; outside the selected statute-family indicators,1,1,
HS,109575,POSSESS/MANUFACTURE/DISTRIBUTE IMITATION CONTROLLED SUBSTANCE (M),other,109575,109575,0,all,All-source population only; outside the selected statute-family indicators,1,1,https://leginfo.legislature.ca.gov/faces/codes_displaySection.xhtml?lawCode=HSC&sectionNum=109575.
HS,11162.5(A),COUNTERFEIT/ETC PRESCRIPTION BLANKS (F),other,11162.5(A),11162.5,0,all,All-source population only; outside the selected statute-family indicators,1,1,https://leginfo.legislature.ca.gov/faces/codes_displaySection.xhtml?lawCode=HSC&sectionNum=11162.5.
HS,11350(B),POSS METHAQUALONE/ETC (F),other,11350(B),11350,0,all|drug,drug: explicit HS numeric statute family 11350,1,1,https://leginfo.legislature.ca.gov/faces/codes_displaySection.xhtml?lawCode=HSC&sectionNum=11350.
HS,11357(D),POSSESSION OF LESS THAN 28.5 GRAMS OF MARIJUANA DURING K-12 SCHOOL -UNDER 18 (I),other,11357(D),11357,0,all|drug,drug: explicit HS numeric statute family 11357,1,1,https://leginfo.legislature.ca.gov/faces/codes_displaySection.xhtml?lawCode=HSC&sectionNum=11357.
HS,11357.5(A),POSSESS/FURNISH SYNTHETIC CANNABINOID (M),other,11357.5(A),11357.5,0,all,All-source population only; outside the selected statute-family indicators,1,1,https://leginfo.legislature.ca.gov/faces/codes_displaySection.xhtml?lawCode=HSC&sectionNum=11357.5.
HS,11359(A),POSSESS MARIJUANA FOR SALE/UNDER 18 (I),other,11359(A),11359,0,all|drug,drug: explicit HS numeric statute family 11359,1,1,https://leginfo.legislature.ca.gov/faces/codes_displaySection.xhtml?lawCode=HSC&sectionNum=11359.
HS,11359(B),POSSESS MARIJUANA FOR SALE,other,11359(B),11359,0,all|drug,drug: explicit HS numeric statute family 11359,1,1,https://leginfo.legislature.ca.gov/faces/codes_displaySection.xhtml?lawCode=HSC&sectionNum=11359.
HS,11359(D),EMPLOY INDIVIDUAL UNDER 21 TO SELL MARIJUANA (F),other,11359(D),11359,0,all|drug,drug: explicit HS numeric statute family 11359,1,1,https://leginfo.legislature.ca.gov/faces/codes_displaySection.xhtml?lawCode=HSC&sectionNum=11359.
HS,11360A3D,TRANSPORT MARIJUANA FOR SALE - IMPORT INTO CA OR EXPORT OUT OF STATE (F),other,11360A3D,11360,0,all|drug,drug: explicit HS numeric statute family 11360,1,1,https://leginfo.legislature.ca.gov/faces/codes_displaySection.xhtml?lawCode=HSC&sectionNum=11360.
HS,11362.4 (B),SMOKE MARIJUANA WHERE TOBACCO IS PROHIBITED (I),other,11362.4(B),11362.4,0,all|drug,drug: explicit HS numeric statute family 11362.4,1,1,https://leginfo.legislature.ca.gov/faces/codes_displaySection.xhtml?lawCode=HSC&sectionNum=11362.4.
HS,11362.4(C),SMOKE/POSSES MARIJUANA BY SCHOOL - OVER 18 (M),other,11362.4(C),11362.4,0,all|drug,drug: explicit HS numeric statute family 11362.4,1,1,https://leginfo.legislature.ca.gov/faces/codes_displaySection.xhtml?lawCode=HSC&sectionNum=11362.4.
HS,11370.2(A),NARC CRIME W/PRIOR CONVICTIONS (BAIL+),other,11370.2(A),11370.2,0,all,All-source population only; outside the selected statute-family indicators,1,1,https://leginfo.legislature.ca.gov/faces/codes_displaySection.xhtml?lawCode=HSC&sectionNum=11370.2.
HS,11370.4(A)(1),HEROIN OR COCAINE OVER 1KG (BAIL+),other,11370.4(A)(1),11370.4,0,all|drug,drug: explicit HS numeric statute family 11370.4,1,1,https://leginfo.legislature.ca.gov/faces/codes_displaySection.xhtml?lawCode=HSC&sectionNum=11370.4.
HS,11370.4(A)(2),HEROIN OR COCAINE OVER 4KG (BAIL+),other,11370.4(A)(2),11370.4,0,all|drug,drug: explicit HS numeric statute family 11370.4,1,1,https://leginfo.legislature.ca.gov/faces/codes_displaySection.xhtml?lawCode=HSC&sectionNum=11370.4.
HS,11370.4(A)(3),HEROIN OR COCAINE OVER 10KG (BAIL+),other,11370.4(A)(3),11370.4,0,all|drug,drug: explicit HS numeric statute family 11370.4,1,1,https://leginfo.legislature.ca.gov/faces/codes_displaySection.xhtml?lawCode=HSC&sectionNum=11370.4.
HS,11370.4(B)(3),AMPH/METH/PCP OVER 10KG OR 200L (BAIL+),other,11370.4(B)(3),11370.4,0,all|drug,drug: explicit HS numeric statute family 11370.4,1,1,https://leginfo.legislature.ca.gov/faces/codes_displaySection.xhtml?lawCode=HSC&sectionNum=11370.4.
HS,11370.4(B)(4),AMPH/METH/PCP OVER 20KG OR 400L (BAIL+),other,11370.4(B)(4),11370.4,0,all|drug,drug: explicit HS numeric statute family 11370.4,1,1,https://leginfo.legislature.ca.gov/faces/codes_displaySection.xhtml?lawCode=HSC&sectionNum=11370.4.
HS,11370.9(B),CONCEAL/ETC PROFIT/ETC:CONTROLLED SUBS (F),other,11370.9(B),11370.9,0,all|drug,drug: explicit HS numeric statute family 11370.9,1,1,https://leginfo.legislature.ca.gov/faces/codes_displaySection.xhtml?lawCode=HSC&sectionNum=11370.9.
HS,11377(B)(2),UNLAWFUL POSSESSION OF KETAMINE (M),other,11377(B)(2),11377,0,all|drug,drug: explicit HS numeric statute family 11377,1,1,https://leginfo.legislature.ca.gov/faces/codes_displaySection.xhtml?lawCode=HSC&sectionNum=11377.
HS,11379.6(A),MFR CONTROLLED SUBS,other,11379.6(A),11379.6,0,all|drug,drug: explicit HS numeric statute family 11379.6,1,1,https://leginfo.legislature.ca.gov/faces/codes_displaySection.xhtml?lawCode=HSC&sectionNum=11379.6.
HS,11379.6(B),OFFERS TO MFR/ETC CONTROLLED SUBS (F),other,11379.6(B),11379.6,0,all|drug,drug: explicit HS numeric statute family 11379.6,1,1,https://leginfo.legislature.ca.gov/faces/codes_displaySection.xhtml?lawCode=HSC&sectionNum=11379.6.
HS,11383(A),POSS SUBS W/INTENT TO MFG METHAMPHETAMINE (F),other,11383(A),11383,0,all|drug,drug: explicit HS numeric statute family 11383,1,1,https://leginfo.legislature.ca.gov/faces/codes_displaySection.xhtml?lawCode=HSC&sectionNum=11383.
HS,11383.5(B)1,POSSESS CHEMICALS WITH INTENT TO MANUFACTURE METHAMPHETAMINE (F),other,11383.5(B)1,11383.5,0,all|drug,drug: explicit HS numeric statute family 11383.5,1,1,https://leginfo.legislature.ca.gov/faces/codes_displaySection.xhtml?lawCode=HSC&sectionNum=11383.5.
HS,11550(E),UNDER INFL OF SPEC CONT SUBS:POSS FIREARM,other,11550(E),11550,0,all|drug,drug: explicit HS numeric statute family 11550,1,1,https://leginfo.legislature.ca.gov/faces/codes_displaySection.xhtml?lawCode=HSC&sectionNum=11550.
HS,120295,VIOLATE REGS REQUIRING ISOLATION OR QUARANTINE (M),other,120295,120295,0,all,All-source population only; outside the selected statute-family indicators,1,1,https://leginfo.legislature.ca.gov/faces/codes_displaySection.xhtml?lawCode=HSC&sectionNum=120295.
HS,12305,POSS EXPLOSIVE ILLEGALLY,other,12305,12305,0,all,All-source population only; outside the selected statute-family indicators,1,1,https://leginfo.legislature.ca.gov/faces/codes_displaySection.xhtml?lawCode=HSC&sectionNum=12305.
HS,12700(B)(3),"POSSESS DANGEROUS F/WORKS NOT LESS THAN 100/MORE 5,000 PDS (F)",other,12700(B)(3),12700,0,all,All-source population only; outside the selected statute-family indicators,1,1,https://leginfo.legislature.ca.gov/faces/codes_displaySection.xhtml?lawCode=HSC&sectionNum=12700.
LC,3700.5,FAILURE TO SECURE PAYMENT OF COMPENSATION (M),other,3700.5,3700.5,0,all,All-source population only; outside the selected statute-family indicators,1,1,
MC,09.28.020,"CAMP, LODGE, SLEEP, TARRY OVERNIGHT ON PRIVATE PROPERTY W/O OWNER CONSENT (I)",other,09.28.020,09.28,0,all,All-source population only; outside the selected statute-family indicators,1,1,
MC,09.28.030,SLEEP OR RECLINE IN PARKED VEHICLE LONGER THAN TWO HOURS PROHIBITED (I),other,09.28.030,09.28,0,all,All-source population only; outside the selected statute-family indicators,1,1,
MC,09.36.060,SOLICITING PERSONS IN MOVING VEHICLES PROHIBITED (M),other,09.36.060,09.36,0,all,All-source population only; outside the selected statute-family indicators,1,1,
MC,10.20.170,SLEEP OR RECLINE IN VEHICLE MORE THAN 2 HOURS ON STREET,other,10.20.170,10.20,0,all,All-source population only; outside the selected statute-family indicators,1,1,
MC,10.24.010,Loud annoying or unnecessary noise which disturbs neighborhood,other,10.24.010,10.24,0,all,All-source population only; outside the selected statute-family indicators,1,1,
MC,10.28.040B,PEDESTRIAN INTERFERING WITH VEHICLE OR PEDESTRIAN TRAFFIC (M),other,10.28.040B,10.28,0,all,All-source population only; outside the selected statute-family indicators,1,1,
MC,10.44.010,RIDING BICYCLES ON SIDEWALKS PROHIBITED IN BUSINESS DISTRICT (I),other,10.44.010,10.44,0,all,All-source population only; outside the selected statute-family indicators,1,1,
MC,10.56.180,BICYCLE RIDING ON SIDEWALK PROHIBITED,other,10.56.180,10.56,0,all,All-source population only; outside the selected statute-family indicators,1,1,
MC,12.08.010Z,POSSESS ALCOHOL IN PUBLIC PARKS/RECREATION AREAS W/O PERMIT FROM CITY (I),other,12.08.010Z,12.08,0,all,All-source population only; outside the selected statute-family indicators,1,1,
MC,12.20.320,"UNLAWFUL TO CARRY, CONVEY, MAINTAIN, PROVIDE ANY ARM OR WEAPON (I)",other,12.20.320,12.20,0,all,All-source population only; outside the selected statute-family indicators,1,1,
MC,12.56.020(J),ILLEGAL FIRE: THROWING LIGHTED CIGARETTE/CIGAR/MATCH THAT COULD SET FIRE (M),other,12.56.020(J),12.56,0,all,All-source population only; outside the selected statute-family indicators,1,1,
MC,13.36.040(A),DUMP TRASH ON PUBLIC OR PRIVATE PROPERTY,other,13.36.040(A),13.36,0,all,All-source population only; outside the selected statute-family indicators,1,1,
MC,5.08.050A,CONSUME OPEN ALCOHOLIC BEV IN PUBLIC PLACE/VEH IN 500 FT OF OFF SALE PREMISE (I),other,5.08.050A,5.08,0,all,All-source population only; outside the selected statute-family indicators,1,1,
MC,7.08.030,CONSUME ALCOHOL IN A OPEN PUBLIC PLACE,other,7.08.030,7.08,0,all,All-source population only; outside the selected statute-family indicators,1,1,
MC,8.04.020A,PURCHASE/DISCHARGE/POSSESS FIREWORKS (M),other,8.04.020A,8.04,0,all,All-source population only; outside the selected statute-family indicators,1,1,
MC,8.04.030,NO SMOKING PUBLIC BUILDING/GROUNDS/PARK (I),other,8.04.030,8.04,0,all,All-source population only; outside the selected statute-family indicators,1,1,
MC,8.84.030,SMOKING IN PUBLIC PLACE (I),other,8.84.030,8.84,0,all,All-source population only; outside the selected statute-family indicators,1,1,
MC,9.12.020,NO DISCHARGE OF FIREARMS OR EXPLOSIVES IN CITY,other,9.12.020,9.12,0,all,All-source population only; outside the selected statute-family indicators,1,1,
MC,9.20.020C,NO PERSON SHALL CAMP ETC. ON PRIVATE PROPERTY W/O PERMISSION (I),other,9.20.020C,9.20,0,all,All-source population only; outside the selected statute-family indicators,1,1,
MC,9.21.080(C),PERSONAL USE OF MARIJUANA IN PUBLIC (M),other,9.21.080(C),9.21,0,all,All-source population only; outside the selected statute-family indicators,1,1,
MC,9.26.010,AGGRESSIVE PANHANDLING PROHIBITED (I),other,9.26.010,9.26,0,all,All-source population only; outside the selected statute-family indicators,1,1,
MC,9.32.030,CITY SOCIAL HOST PROHIBITION-MINOR CONSUMES ALCOHOL/CONTROLLED SUB AT PARTY (M),other,9.32.030,9.32,0,all,All-source population only; outside the selected statute-family indicators,1,1,
MC,9.48.040,CITY PARKS - NO ONE ALLOWED BETWEEN SUNSET/SUNRISE OR WHEN CLOSED (I),other,9.48.040,9.48,0,all,All-source population only; outside the selected statute-family indicators,1,1,
MC,9.54.040B,CONSUMPTION OF ALCOHOL BY MINOR IN NON-PUBLIC PLACE PROHIBITED (M),other,9.54.040B,9.54,0,all,All-source population only; outside the selected statute-family indicators,1,1,
MC,9.60.030(B),LOITER OR REMAIN AT BUS DEPOT OR TROLLEY STATION AFTER BEING ASKED TO LEAVE,other,9.60.030(B),9.60,0,all,All-source population only; outside the selected statute-family indicators,1,1,
MC,9.68.060,POSSESS OPEN CONTAINER ON PRIVATE PROP WHERE POSTED SIGNS PROHIBIT POSSESSION,other,9.68.060,9.68,0,all,All-source population only; outside the selected statute-family indicators,1,1,
MC,9.72.020A,MINOR CONSUME ALCOHOL OR CONTROLLED SUBSTANCE - PUBLIC (M),other,9.72.020A,9.72,0,all,All-source population only; outside the selected statute-family indicators,1,1,
MT,13.4D,SPITTING ON OR IN TRANSIT VEHICLE (I),other,13.4D,13.4,0,all,All-source population only; outside the selected statute-family indicators,1,1,
MT,13.5O,URINATE/DEFECATE UPON UNAUTHORIZED LOCATION (I),other,13.5O,13.5,0,all,All-source population only; outside the selected statute-family indicators,1,1,
PC,11375.5(A),SELL/DIST/ADMIN/ETC SYNTHETIC STIMULANT COMPUNDS/DERIVATIVE (M),other,11375.5(A),11375.5,0,all,All-source population only; outside the selected statute-family indicators,1,1,https://leginfo.legislature.ca.gov/faces/codes_displaySection.xhtml?lawCode=PEN&sectionNum=11375.5.
PC,11411(B),TERRORIZE:PLACE SYMBOL ON PRIV PROP (M),other,11411(B),11411,0,all,All-source population only; outside the selected statute-family indicators,1,1,https://leginfo.legislature.ca.gov/faces/codes_displaySection.xhtml?lawCode=PEN&sectionNum=11411.
PC,115(A),OFFER FALSE/FORGED INSTRUMENT TO FILE,other,115(A),115,0,all,All-source population only; outside the selected statute-family indicators,1,1,https://leginfo.legislature.ca.gov/faces/codes_displaySection.xhtml?lawCode=PEN&sectionNum=115.
PC,12022(B),COMMIT FEL WITH DANGEROUS WEAPON (BAIL+),other,12022(B),12022,0,all,All-source population only; outside the selected statute-family indicators,1,1,https://leginfo.legislature.ca.gov/faces/codes_displaySection.xhtml?lawCode=PEN&sectionNum=12022.
PC,12022(C),CERTAIN DRUG VIOL WITH FIREARM (BAIL+),other,12022(C),12022,0,all,All-source population only; outside the selected statute-family indicators,1,1,https://leginfo.legislature.ca.gov/faces/codes_displaySection.xhtml?lawCode=PEN&sectionNum=12022.
PC,12022.5(A),USE FIREARM IN ANY FELONY (BAIL+),other,12022.5(A),12022.5,0,all,All-source population only; outside the selected statute-family indicators,1,1,https://leginfo.legislature.ca.gov/faces/codes_displaySection.xhtml?lawCode=PEN&sectionNum=12022.5.
PC,12022.6(A)2,FEL LOSS EXCEEDS $200000 (BAIL+),other,12022.6(A)2,12022.6,0,all,All-source population only; outside the selected statute-family indicators,1,1,https://leginfo.legislature.ca.gov/faces/codes_displaySection.xhtml?lawCode=PEN&sectionNum=12022.6.
PC,1203.3,PROBATION REVOKED/ETC.,other,1203.3,1203.3,0,all,All-source population only; outside the selected statute-family indicators,1,1,https://leginfo.legislature.ca.gov/faces/codes_displaySection.xhtml?lawCode=PEN&sectionNum=1203.3.
PC,136.1(B)(3),ATT PREVENT/DISSUADE VIC/WIT FROM SEEKING ARREST (F),ambiguous_related,136.1(B)(3),136.1,0,all,All-source population only; outside the selected statute-family indicators,1,1,https://leginfo.legislature.ca.gov/faces/codes_displaySection.xhtml?lawCode=PEN&sectionNum=136.1.
PC,141(A),TAMPER WITH EVIDENCE,other,141(A),141,0,all,All-source population only; outside the selected statute-family indicators,1,1,https://leginfo.legislature.ca.gov/faces/codes_displaySection.xhtml?lawCode=PEN&sectionNum=141.
PC,148(A)(2),OBSTRUCT/DISRUPTS PUBLIC SAFETY RADIO FREQUENCY (M),other,148(A)(2),148,0,all,All-source population only; outside the selected statute-family indicators,1,1,https://leginfo.legislature.ca.gov/faces/codes_displaySection.xhtml?lawCode=PEN&sectionNum=148.
PC,148(C),REMOVE/ETC PEACE OFFICER/ETC FIREARM:SPEC CIRC (F),other,148(C),148,0,all,All-source population only; outside the selected statute-family indicators,1,1,https://leginfo.legislature.ca.gov/faces/codes_displaySection.xhtml?lawCode=PEN&sectionNum=148.
PC,148.1(B),FALSE BOMB REPORT TO ON DUTY PEACE OFCR (F),other,148.1(B),148.1,0,all,All-source population only; outside the selected statute-family indicators,1,1,https://leginfo.legislature.ca.gov/faces/codes_displaySection.xhtml?lawCode=PEN&sectionNum=148.1.
PC,148.1(C),FALSE BOMB REPORT TO ANY PERS (All Other Offenses) (F),other,148.1(C),148.1,0,all,All-source population only; outside the selected statute-family indicators,1,1,https://leginfo.legislature.ca.gov/faces/codes_displaySection.xhtml?lawCode=PEN&sectionNum=148.1.
PC,148.1(C),FALSE BOMB/ETC REPORT TO ANY PERSON (M),other,148.1(C),148.1,0,all,All-source population only; outside the selected statute-family indicators,1,1,https://leginfo.legislature.ca.gov/faces/codes_displaySection.xhtml?lawCode=PEN&sectionNum=148.1.
PC,148.10(A),RESIST PEACE OFFICER RESULTING IN DEATH/SBI,other,148.10(A),148.10,0,all,All-source population only; outside the selected statute-family indicators,1,1,https://leginfo.legislature.ca.gov/faces/codes_displaySection.xhtml?lawCode=PEN&sectionNum=148.10.
PC,148.3(B),FALSE REPORT OF EMERGENCY RSLT IN GBI/DEATH (F),other,148.3(B),148.3,0,all,All-source population only; outside the selected statute-family indicators,1,1,https://leginfo.legislature.ca.gov/faces/codes_displaySection.xhtml?lawCode=PEN&sectionNum=148.3.
PC,149,ASSAULT BY PUBLIC OFCR (F),other,149,149,0,all,All-source population only; outside the selected statute-family indicators,1,1,https://leginfo.legislature.ca.gov/faces/codes_displaySection.xhtml?lawCode=PEN&sectionNum=149.
PC,1551.1,FUGITIVE FROM JUSTICE:ARREST W/OUT WARRANT,other,1551.1,1551.1,0,all,All-source population only; outside the selected statute-family indicators,1,1,https://leginfo.legislature.ca.gov/faces/codes_displaySection.xhtml?lawCode=PEN&sectionNum=1551.1.
PC,166(B)(1),CONTEMPT OF COURT WITH PRIOR CONVICTION 646.9 (M),ambiguous_related,166(B)(1),166,0,all,All-source population only; outside the selected statute-family indicators,1,1,https://leginfo.legislature.ca.gov/faces/codes_displaySection.xhtml?lawCode=PEN&sectionNum=166.
PC,166(C)(1),CONTEMPT OF COURT: VIOLATE PROTECTIVE ORDER/ETC,ambiguous_related,166(C)(1),166,0,all,All-source population only; outside the selected statute-family indicators,1,1,https://leginfo.legislature.ca.gov/faces/codes_displaySection.xhtml?lawCode=PEN&sectionNum=166.
PC,171B(A)(4),POSS UNAUTH TEAR GAS IN PUBLIC BUILDING (F),other,171B(A)(4),171,0,all,All-source population only; outside the selected statute-family indicators,1,1,https://leginfo.legislature.ca.gov/faces/codes_displaySection.xhtml?lawCode=PEN&sectionNum=171.
PC,171B(A)(5),POSS TASER/STUN GUN IN PUBLIC BUILDING (F),other,171B(A)(5),171,0,all,All-source population only; outside the selected statute-family indicators,1,1,https://leginfo.legislature.ca.gov/faces/codes_displaySection.xhtml?lawCode=PEN&sectionNum=171.
PC,17500,POSSESS DEADLY WEAPON WITH INTENT TO COMMIT ASSAULT (M),other,17500,17500,0,all,All-source population only; outside the selected statute-family indicators,1,1,https://leginfo.legislature.ca.gov/faces/codes_displaySection.xhtml?lawCode=PEN&sectionNum=17500.
PC,17512,PERMIT PERSON TO CARRY OR BRING FIREARM INTO VEHICLE (M),other,17512,17512,0,all,All-source population only; outside the selected statute-family indicators,1,1,https://leginfo.legislature.ca.gov/faces/codes_displaySection.xhtml?lawCode=PEN&sectionNum=17512.
PC,185,WEAR MASK FOR UNLAWFUL PURPOSE (M),other,185,185,0,all,All-source population only; outside the selected statute-family indicators,1,1,https://leginfo.legislature.ca.gov/faces/codes_displaySection.xhtml?lawCode=PEN&sectionNum=185.
PC,186.22(A),PARTICIPATE IN CRIMINAL STREET GANG,other,186.22(A),186.22,0,all,All-source population only; outside the selected statute-family indicators,1,1,https://leginfo.legislature.ca.gov/faces/codes_displaySection.xhtml?lawCode=PEN&sectionNum=186.22.
PC,186.26(C),USE PHYSICAL VIOL COERCE:PREVENT LEAVING CRIM ST GANG (F),other,186.26(C),186.26,0,all,All-source population only; outside the selected statute-family indicators,1,1,https://leginfo.legislature.ca.gov/faces/codes_displaySection.xhtml?lawCode=PEN&sectionNum=186.26.
PC,18715(A),POSSESS DESTRUCTIVE DEVICE NEAR THEATER/HOTEL (F),ambiguous_related,18715(A),18715,0,all,All-source population only; outside the selected statute-family indicators,1,1,https://leginfo.legislature.ca.gov/faces/codes_displaySection.xhtml?lawCode=PEN&sectionNum=18715.
PC,191.5B,VEHICULAR MANSLAUGHTER W/INTOXICATED WITHOUT GROSS NEGLIGENCE (F),other,191.5B,191.5,0,all,All-source population only; outside the selected statute-family indicators,1,1,https://leginfo.legislature.ca.gov/faces/codes_displaySection.xhtml?lawCode=PEN&sectionNum=191.5.
PC,19200(A),REPLICA HANDGRENADE (I),ambiguous_related,19200(A),19200,0,all,All-source population only; outside the selected statute-family indicators,1,1,https://leginfo.legislature.ca.gov/faces/codes_displaySection.xhtml?lawCode=PEN&sectionNum=19200.
PC,19200(B),REPLICA HANDGRENADE (M),ambiguous_related,19200(B),19200,0,all,All-source population only; outside the selected statute-family indicators,1,1,https://leginfo.legislature.ca.gov/faces/codes_displaySection.xhtml?lawCode=PEN&sectionNum=19200.
PC,20170(A),NO PERSON MAY OPENLY DISPLAY/EXPOSE ANY IMITATION FIREARM IN A PUBLIC SPACE (M),other,20170(A),20170,0,all|weapons,weapons: explicit PC numeric statute family 20170,1,1,https://leginfo.legislature.ca.gov/faces/codes_displaySection.xhtml?lawCode=PEN&sectionNum=20170.
PC,20310,MANUFACTURE/SALE/POSSESS/ETC AIR GAUGE KNIFE (F),other,20310,20310,0,all,All-source population only; outside the selected statute-family indicators,1,1,https://leginfo.legislature.ca.gov/faces/codes_displaySection.xhtml?lawCode=PEN&sectionNum=20310.
PC,20410,MANUFACTURE/SALE/POSSESS/ETC BELT BUCKLE KNIFE (F),other,20410,20410,0,all,All-source population only; outside the selected statute-family indicators,1,1,https://leginfo.legislature.ca.gov/faces/codes_displaySection.xhtml?lawCode=PEN&sectionNum=20410.
PC,209(B)(1),KIDNAP TO COMMIT RAPE (F),ambiguous_related,209(B)(1),209,0,all,All-source population only; outside the selected statute-family indicators,1,1,https://leginfo.legislature.ca.gov/faces/codes_displaySection.xhtml?lawCode=PEN&sectionNum=209.
PC,210.5,FALSE IMPRISONMENT:USE FOR PROTECTION/SHIELD (F),ambiguous_related,210.5,210.5,0,all,All-source population only; outside the selected statute-family indicators,1,1,https://leginfo.legislature.ca.gov/faces/codes_displaySection.xhtml?lawCode=PEN&sectionNum=210.5.
PC,21110,MANUFACTURE/SALE/POSSESS/ETC BALLISTIC KNIFE (F),ambiguous_related,21110,21110,0,all,All-source population only; outside the selected statute-family indicators,1,1,https://leginfo.legislature.ca.gov/faces/codes_displaySection.xhtml?lawCode=PEN&sectionNum=21110.
PC,21510(A),POSSESS SWITCHBLADE IN VEHICLE,ambiguous_related,21510(A),21510,0,all|weapons,weapons: explicit PC numeric statute family 21510,1,1,https://leginfo.legislature.ca.gov/faces/codes_displaySection.xhtml?lawCode=PEN&sectionNum=21510.
PC,21510(B),CARRY SWITCHBLADE KNIFE ON PERSON,ambiguous_related,21510(B),21510,0,all|weapons,weapons: explicit PC numeric statute family 21510,1,1,https://leginfo.legislature.ca.gov/faces/codes_displaySection.xhtml?lawCode=PEN&sectionNum=21510.
PC,218.1,PLACE OBSTRUCTION ON TRAIN TRACK CAUSING INJURY (F),other,218.1,218.1,0,all,All-source population only; outside the selected statute-family indicators,1,1,https://leginfo.legislature.ca.gov/faces/codes_displaySection.xhtml?lawCode=PEN&sectionNum=218.1.
PC,220(A),ASSAULT W/INTENT TO COMMIT FELONY (NO/INJ OR WEAPON) (F),ambiguous_related,220(A),220,0,all,All-source population only; outside the selected statute-family indicators,1,1,https://leginfo.legislature.ca.gov/faces/codes_displaySection.xhtml?lawCode=PEN&sectionNum=220.
PC,220(A),ASSAULT W/INTENT TO COMMIT FELONY (W/INJ OR WEAPON) (F),ambiguous_related,220(A),220,0,all,All-source population only; outside the selected statute-family indicators,1,1,https://leginfo.legislature.ca.gov/faces/codes_displaySection.xhtml?lawCode=PEN&sectionNum=220.
PC,220(A)(1),ASSAULT W/INTENT TO COMMIT SEX ACT FELONY (W/INJ OR WEAPON) (F),ambiguous_related,220(A)(1),220,0,all,All-source population only; outside the selected statute-family indicators,1,1,https://leginfo.legislature.ca.gov/faces/codes_displaySection.xhtml?lawCode=PEN&sectionNum=220.
PC,22210,"MFG/ETC LEADED CANE/BILLY/SAP, ETC (F)",other,22210,22210,0,all|weapons,weapons: explicit PC numeric statute family 22210,1,1,https://leginfo.legislature.ca.gov/faces/codes_displaySection.xhtml?lawCode=PEN&sectionNum=22210.
PC,22610(A),FELON BUY/POSSESS/USE STUN GUN (M),other,22610(A),22610,0,all|weapons,weapons: explicit PC numeric statute family 22610,1,1,https://leginfo.legislature.ca.gov/faces/codes_displaySection.xhtml?lawCode=PEN&sectionNum=22610.
PC,22610(B),ADDICT POSS/ETC STUN GUN (M),other,22610(B),22610,0,all|weapons,weapons: explicit PC numeric statute family 22610,1,1,https://leginfo.legislature.ca.gov/faces/codes_displaySection.xhtml?lawCode=PEN&sectionNum=22610.
PC,22615(A),MISSING MANUFACTURERS STAMP ON THE STUN GUN (M),other,22615(A),22615,0,all,All-source population only; outside the selected statute-family indicators,1,1,https://leginfo.legislature.ca.gov/faces/codes_displaySection.xhtml?lawCode=PEN&sectionNum=22615.
PC,22615(B),MISSING MANUFACTURERS SERIAL NUMBER ON STUN GUN (M),other,22615(B),22615,0,all,All-source population only; outside the selected statute-family indicators,1,1,https://leginfo.legislature.ca.gov/faces/codes_displaySection.xhtml?lawCode=PEN&sectionNum=22615.
PC,236,FALSE IMPRISONMENT/FEL,ambiguous_related,236,236,0,all,All-source population only; outside the selected statute-family indicators,1,1,https://leginfo.legislature.ca.gov/faces/codes_displaySection.xhtml?lawCode=PEN&sectionNum=236.
PC,236.1(B),HUMAN TRAFFICKING: PROSTITUTION (F),ambiguous_related,236.1(B),236.1,0,all,All-source population only; outside the selected statute-family indicators,1,1,https://leginfo.legislature.ca.gov/faces/codes_displaySection.xhtml?lawCode=PEN&sectionNum=236.1.
PC,236.1(C),HUMAN TRAFFICKING OF VICTIM UNDER 18 YEARS OF AGE,ambiguous_related,236.1(C),236.1,0,all,All-source population only; outside the selected statute-family indicators,1,1,https://leginfo.legislature.ca.gov/faces/codes_displaySection.xhtml?lawCode=PEN&sectionNum=236.1.
PC,240,ASSAULT,ambiguous_related,240,240,0,all|violence,violence: explicit PC numeric statute family 240; core-DV charge excluded from this family,1,1,https://leginfo.legislature.ca.gov/faces/codes_displaySection.xhtml?lawCode=PEN&sectionNum=240.
PC,242,BATTERY ON PERSON (M),ambiguous_related,242,242,0,all|violence,violence: explicit PC numeric statute family 242; core-DV charge excluded from this family,1,1,https://leginfo.legislature.ca.gov/faces/codes_displaySection.xhtml?lawCode=PEN&sectionNum=242.
PC,243(C)(2),BATTERY AGAINST POLICE OFFICER WITH SERIOUS INJURY,ambiguous_related,243(C)(2),243,0,all|violence,violence: explicit PC numeric statute family 243; core-DV charge excluded from this family,1,1,https://leginfo.legislature.ca.gov/faces/codes_displaySection.xhtml?lawCode=PEN&sectionNum=243.
PC,243.1,BATTERY ON CUSTODIAL OFFICER WITH NO INJURY / MINOR INJURY (F),ambiguous_related,243.1,243.1,0,all,All-source population only; outside the selected statute-family indicators,1,1,https://leginfo.legislature.ca.gov/faces/codes_displaySection.xhtml?lawCode=PEN&sectionNum=243.1.
PC,243.25,BATTERY OF ELDER OR DEPENDENT ADULT,ambiguous_related,243.25,243.25,0,all,All-source population only; outside the selected statute-family indicators,1,1,https://leginfo.legislature.ca.gov/faces/codes_displaySection.xhtml?lawCode=PEN&sectionNum=243.25.
PC,243.4(D)(1),TOUCH PERSON INTIMATELY AGAINST WILL FOR SEXUAL AROUSAL/ETC (M),ambiguous_related,243.4(D)(1),243.4,0,all|violence,violence: explicit PC numeric statute family 243.4; core-DV charge excluded from this family,1,1,https://leginfo.legislature.ca.gov/faces/codes_displaySection.xhtml?lawCode=PEN&sectionNum=243.4.
PC,243.5A2,ASSAULT OR BATTERY ON SCHOOL PROPERTY (M),ambiguous_related,243.5A2,243.5,0,all,All-source population only; outside the selected statute-family indicators,1,1,https://leginfo.legislature.ca.gov/faces/codes_displaySection.xhtml?lawCode=PEN&sectionNum=243.5.
PC,243.6,BATTERY ON SCHOOL EMPLOYEE (M),ambiguous_related,243.6,243.6,0,all,All-source population only; outside the selected statute-family indicators,1,1,https://leginfo.legislature.ca.gov/faces/codes_displaySection.xhtml?lawCode=PEN&sectionNum=243.6.
PC,243.6,BATTERY ON SCHOOL EMPLOYEE NO INJ (M),ambiguous_related,243.6,243.6,0,all,All-source population only; outside the selected statute-family indicators,1,1,https://leginfo.legislature.ca.gov/faces/codes_displaySection.xhtml?lawCode=PEN&sectionNum=243.6.
PC,243.6,BATTERY ON SCHOOL EMPLOYEE W/INJURY (F),ambiguous_related,243.6,243.6,0,all,All-source population only; outside the selected statute-family indicators,1,1,https://leginfo.legislature.ca.gov/faces/codes_displaySection.xhtml?lawCode=PEN&sectionNum=243.6.
PC,243B,BATTERY ON PEACE OFFICER/EMERGENCY PERSONNEL,ambiguous_related,243B,243,0,all|violence,violence: explicit PC numeric statute family 243; core-DV charge excluded from this family,1,1,https://leginfo.legislature.ca.gov/faces/codes_displaySection.xhtml?lawCode=PEN&sectionNum=243.
PC,244.5B,ASSAULT WITH STUN GUN OR LESS LETHAL WEAPON (M),ambiguous_related,244.5B,244.5,0,all|violence,violence: explicit PC numeric statute family 244.5; core-DV charge excluded from this family,1,1,https://leginfo.legislature.ca.gov/faces/codes_displaySection.xhtml?lawCode=PEN&sectionNum=244.5.
PC,245(D)(1),ADW ON PEACE OFFICER/FIREMAN/WITH GUN,ambiguous_related,245(D)(1),245,0,all|violence,violence: explicit PC numeric statute family 245; core-DV charge excluded from this family,1,1,https://leginfo.legislature.ca.gov/faces/codes_displaySection.xhtml?lawCode=PEN&sectionNum=245.
PC,245.3,ADW:ASSAULT:DEADLY WEAPON W/LIKELY GBI ON CUST OFCR (F),ambiguous_related,245.3,245.3,0,all,All-source population only; outside the selected statute-family indicators,1,1,https://leginfo.legislature.ca.gov/faces/codes_displaySection.xhtml?lawCode=PEN&sectionNum=245.3.
PC,245A1,ADW:NOT FIREARM:GBI LIKELY (F),ambiguous_related,245A1,245,0,all|violence,violence: explicit PC numeric statute family 245; core-DV charge excluded from this family,1,1,https://leginfo.legislature.ca.gov/faces/codes_displaySection.xhtml?lawCode=PEN&sectionNum=245.
PC,246,SHOOT AT INHABITED DWELLING/VEH,ambiguous_related,246,246,0,all,All-source population only; outside the selected statute-family indicators,1,1,https://leginfo.legislature.ca.gov/faces/codes_displaySection.xhtml?lawCode=PEN&sectionNum=246.
PC,246.3,WILLFULLY DISCHARGE FIREARM IN A GROSSLY NEGLIGENT MANNER,ambiguous_related,246.3,246.3,0,all,All-source population only; outside the selected statute-family indicators,1,1,https://leginfo.legislature.ca.gov/faces/codes_displaySection.xhtml?lawCode=PEN&sectionNum=246.3.
PC,25200(A),ALLOW CHILD ACCESS TO FIREARM (M),other,25200(A),25200,0,all,All-source population only; outside the selected statute-family indicators,1,1,https://leginfo.legislature.ca.gov/faces/codes_displaySection.xhtml?lawCode=PEN&sectionNum=25200.
PC,25400(A)(2),CARRY CONCEALED WEAPON ON PERSON,other,25400(A)(2),25400,0,all|weapons,weapons: explicit PC numeric statute family 25400,1,1,https://leginfo.legislature.ca.gov/faces/codes_displaySection.xhtml?lawCode=PEN&sectionNum=25400.
PC,25400(C)(6),CARRY A LOADED CONCEALED WEAPON ON PERSON,other,25400(C)(6),25400,0,all|weapons,weapons: explicit PC numeric statute family 25400,1,1,https://leginfo.legislature.ca.gov/faces/codes_displaySection.xhtml?lawCode=PEN&sectionNum=25400.
PC,25850(A),CARRY LOADED FIREARM ON/IN PERSON/VEHICLE:PUBLIC PLACE,other,25850(A),25850,0,all|weapons,weapons: explicit PC numeric statute family 25850,1,1,https://leginfo.legislature.ca.gov/faces/codes_displaySection.xhtml?lawCode=PEN&sectionNum=25850.
PC,25850(C)(3),CRIMINAL STREET GANG MEMBER CARRY LOADED FIREARM,other,25850(C)(3),25850,0,all|weapons,weapons: explicit PC numeric statute family 25850,1,1,https://leginfo.legislature.ca.gov/faces/codes_displaySection.xhtml?lawCode=PEN&sectionNum=25850.
PC,261(A)(2),RAPE BY FORCE/FEAR/ETC (PRE-2007 CASES) (F),ambiguous_related,261(A)(2),261,0,all,All-source population only; outside the selected statute-family indicators,1,1,https://leginfo.legislature.ca.gov/faces/codes_displaySection.xhtml?lawCode=PEN&sectionNum=261.
PC,261(A)(4),RAPE:VIC UNCONSCIOUS OF THE NATURE OF THE ACT (F),ambiguous_related,261(A)(4),261,0,all,All-source population only; outside the selected statute-family indicators,1,1,https://leginfo.legislature.ca.gov/faces/codes_displaySection.xhtml?lawCode=PEN&sectionNum=261.
PC,261(A)(7),RAPE:BY THREAT OF AUTHORITY TO ARREST/DEPORT (F),ambiguous_related,261(A)(7),261,0,all,All-source population only; outside the selected statute-family indicators,1,1,https://leginfo.legislature.ca.gov/faces/codes_displaySection.xhtml?lawCode=PEN&sectionNum=261.
PC,26100(D),DISCHARGE FIREARM FROM VEHICLE (F),ambiguous_related,26100(D),26100,0,all,All-source population only; outside the selected statute-family indicators,1,1,https://leginfo.legislature.ca.gov/faces/codes_displaySection.xhtml?lawCode=PEN&sectionNum=26100.
PC,26180(A),KNOWINGLY FILE FALSE INFORMATION ON WEAPON ON LICENSE (M),ambiguous_related,26180(A),26180,0,all,All-source population only; outside the selected statute-family indicators,1,1,https://leginfo.legislature.ca.gov/faces/codes_displaySection.xhtml?lawCode=PEN&sectionNum=26180.
PC,262(A)2,RAPE OF SPOUSE UNDER CONTROLLED SUB (F),core_dv,262(A)2,262,0,all|core,Core DV: existing reviewed exact charge classification,1,1,https://leginfo.legislature.ca.gov/faces/codes_displaySection.xhtml?lawCode=PEN&sectionNum=262.
PC,262A,RAPE SPOUSE BY FORCE/FEAR (F),core_dv,262A,262,0,all|core,Core DV: existing reviewed exact charge classification,1,1,https://leginfo.legislature.ca.gov/faces/codes_displaySection.xhtml?lawCode=PEN&sectionNum=262.
PC,266,ENTICE MINOR FEMALE FOR PROSTITUTION (F),other,266,266,0,all,All-source population only; outside the selected statute-family indicators,1,1,https://leginfo.legislature.ca.gov/faces/codes_displaySection.xhtml?lawCode=PEN&sectionNum=266.
PC,266H(A),PIMPING,other,266H(A),266,0,all,All-source population only; outside the selected statute-family indicators,1,1,https://leginfo.legislature.ca.gov/faces/codes_displaySection.xhtml?lawCode=PEN&sectionNum=266.
PC,266I(B)(1),PANDERING:OTHER PERSON OVER 16,other,266I(B)(1),266,0,all,All-source population only; outside the selected statute-family indicators,1,1,https://leginfo.legislature.ca.gov/faces/codes_displaySection.xhtml?lawCode=PEN&sectionNum=266.
PC,269(A)(4),AGGRAVATED SEXUAL ASSAULT:MINOR UNDER 14:ORAL COP/ETC:FORCE FEAR/ETC (F),ambiguous_related,269(A)(4),269,0,all,All-source population only; outside the selected statute-family indicators,1,1,https://leginfo.legislature.ca.gov/faces/codes_displaySection.xhtml?lawCode=PEN&sectionNum=269.
PC,269(A)(4),AGGRAVATED SEXUAL ASSAULT:MINOR:ORAL COP/ETC:FORCE FEAR/ETC (F),ambiguous_related,269(A)(4),269,0,all,All-source population only; outside the selected statute-family indicators,1,1,https://leginfo.legislature.ca.gov/faces/codes_displaySection.xhtml?lawCode=PEN&sectionNum=269.
PC,272,CONTRIBUTE TO THE DELINQUENCY OF A MINOR,other,272,272,0,all,All-source population only; outside the selected statute-family indicators,1,1,https://leginfo.legislature.ca.gov/faces/codes_displaySection.xhtml?lawCode=PEN&sectionNum=272.
PC,273.5(F)(1),INFLICT CORPORAL INJURY ON SPOUSE/COHAB/GRLFRND W/PRIORS,core_dv,273.5(F)(1),273.5,0,all|core,Core DV: existing reviewed exact charge classification,1,1,https://leginfo.legislature.ca.gov/faces/codes_displaySection.xhtml?lawCode=PEN&sectionNum=273.5.
PC,273A(A),WILLFUL CRUELTY TO CHILD:POSSIBLE INJURY/DEATH,ambiguous_related,273A(A),273,0,all,All-source population only; outside the selected statute-family indicators,1,1,https://leginfo.legislature.ca.gov/faces/codes_displaySection.xhtml?lawCode=PEN&sectionNum=273.
PC,273AB(A),CUSTODIAN/ETC ASSAULT CHILD -8:RESULT:GREAT BODILY INJ/DEATH (F),ambiguous_related,273AB(A),273,0,all,All-source population only; outside the selected statute-family indicators,1,1,https://leginfo.legislature.ca.gov/faces/codes_displaySection.xhtml?lawCode=PEN&sectionNum=273.
PC,27520,SELL/ETC CONCEALABLE/ETC FIREARM TO UNDERAGED PERSON (F),other,27520,27520,0,all,All-source population only; outside the selected statute-family indicators,1,1,https://leginfo.legislature.ca.gov/faces/codes_displaySection.xhtml?lawCode=PEN&sectionNum=27520.
PC,286(C)(2)(B),SODOMY BY FORCE/VIOLENCE/FEAR VICTIM UNDER 14 YEARS (F),ambiguous_related,286(C)(2)(B),286,0,all,All-source population only; outside the selected statute-family indicators,1,1,https://leginfo.legislature.ca.gov/faces/codes_displaySection.xhtml?lawCode=PEN&sectionNum=286.
PC,286B1,SODOMY W/PERSON UNDER 18 YEARS (F),ambiguous_related,286B1,286,0,all,All-source population only; outside the selected statute-family indicators,1,1,https://leginfo.legislature.ca.gov/faces/codes_displaySection.xhtml?lawCode=PEN&sectionNum=286.
PC,286F,SODOMY:VIC UNCONSCIOUS OF THE NATURE OF THE ACT (F),ambiguous_related,286F,286,0,all,All-source population only; outside the selected statute-family indicators,1,1,https://leginfo.legislature.ca.gov/faces/codes_displaySection.xhtml?lawCode=PEN&sectionNum=286.
PC,286G,SODOMY:VIC INCAPABLE OF GIVING CONSENT (F),ambiguous_related,286G,286,0,all,All-source population only; outside the selected statute-family indicators,1,1,https://leginfo.legislature.ca.gov/faces/codes_displaySection.xhtml?lawCode=PEN&sectionNum=286.
PC,287(D)(2),ORAL COPULATION IN CONCERT: FORCE OR FEAR: VIC UNDER 14 (F),ambiguous_related,287(D)(2),287,0,all,All-source population only; outside the selected statute-family indicators,1,1,https://leginfo.legislature.ca.gov/faces/codes_displaySection.xhtml?lawCode=PEN&sectionNum=287.
PC,287(I),ORAL COPULATION:VIC INTOXICATED (F),ambiguous_related,287(I),287,0,all,All-source population only; outside the selected statute-family indicators,1,1,https://leginfo.legislature.ca.gov/faces/codes_displaySection.xhtml?lawCode=PEN&sectionNum=287.
PC,288.2(A),HARMFUL MATTER SENT: INTENT OF SEDUCTION OF MINOR (F),ambiguous_related,288.2(A),288.2,0,all,All-source population only; outside the selected statute-family indicators,1,1,https://leginfo.legislature.ca.gov/faces/codes_displaySection.xhtml?lawCode=PEN&sectionNum=288.2.
PC,288.7(B),ORAL COPULATION:VICTIM UNDER 10 YEARS OF AGE (F),ambiguous_related,288.7(B),288.7,0,all,All-source population only; outside the selected statute-family indicators,1,1,https://leginfo.legislature.ca.gov/faces/codes_displaySection.xhtml?lawCode=PEN&sectionNum=288.7.
PC,288.7(B),SEXUAL PENETRATION W/OBJECT:VICTIM UNDER 10 YEARS OF AGE:DEF OVER 18 (F),ambiguous_related,288.7(B),288.7,0,all,All-source population only; outside the selected statute-family indicators,1,1,https://leginfo.legislature.ca.gov/faces/codes_displaySection.xhtml?lawCode=PEN&sectionNum=288.7.
PC,288A(B)(1),ORAL COPULATION W/PERS UNDER 18 YEARS (F),ambiguous_related,288A(B)(1),288,0,all,All-source population only; outside the selected statute-family indicators,1,1,https://leginfo.legislature.ca.gov/faces/codes_displaySection.xhtml?lawCode=PEN&sectionNum=288.
PC,288A(C)(2),ORAL COPULATION W/FORCE OR FEAR (F),ambiguous_related,288A(C)(2),288,0,all,All-source population only; outside the selected statute-family indicators,1,1,https://leginfo.legislature.ca.gov/faces/codes_displaySection.xhtml?lawCode=PEN&sectionNum=288.
PC,288AF,ORAL COPULATION:VIC UNCONSCIOUS OF NATURE OF THE ACT (F),ambiguous_related,288AF,288,0,all,All-source population only; outside the selected statute-family indicators,1,1,https://leginfo.legislature.ca.gov/faces/codes_displaySection.xhtml?lawCode=PEN&sectionNum=288.
PC,289(H),SEXUAL PENETRATION:FOREIGN OBJECT/ETC:VICTIM UNDER 18 YEARS (F),ambiguous_related,289(H),289,0,all,All-source population only; outside the selected statute-family indicators,1,1,https://leginfo.legislature.ca.gov/faces/codes_displaySection.xhtml?lawCode=PEN&sectionNum=289.
PC,289(H),SEXUAL PENETRATION:FOREIGN OBJECT:VIC UNDER 18 YEARS (F),ambiguous_related,289(H),289,0,all,All-source population only; outside the selected statute-family indicators,1,1,https://leginfo.legislature.ca.gov/faces/codes_displaySection.xhtml?lawCode=PEN&sectionNum=289.
PC,289(I),SEXUAL PENETRATION W/FOREIGN OBJECT W/VICTIM UNDER 16 YRS,ambiguous_related,289(I),289,0,all,All-source population only; outside the selected statute-family indicators,1,1,https://leginfo.legislature.ca.gov/faces/codes_displaySection.xhtml?lawCode=PEN&sectionNum=289.
PC,289(I),SEXUAL PENETRATION:FOREIGN OBJECT:VIC UNDER 16 YEARS (F),ambiguous_related,289(I),289,0,all,All-source population only; outside the selected statute-family indicators,1,1,https://leginfo.legislature.ca.gov/faces/codes_displaySection.xhtml?lawCode=PEN&sectionNum=289.
PC,289C,SEX PEN W/FOREIGN OBJ/ETC:NO CONSENT:VICT/ DEFNDNT:MNTL FACILITY (F),ambiguous_related,289C,289,0,all,All-source population only; outside the selected statute-family indicators,1,1,https://leginfo.legislature.ca.gov/faces/codes_displaySection.xhtml?lawCode=PEN&sectionNum=289.
PC,289E,SEX PENETRATION:FOREIGN OBJECT/ETC:VICTIM DRUGGED/ETC,ambiguous_related,289E,289,0,all,All-source population only; outside the selected statute-family indicators,1,1,https://leginfo.legislature.ca.gov/faces/codes_displaySection.xhtml?lawCode=PEN&sectionNum=289.
PC,289E,SEX PENETRATION:FOREIGN OBJECT:VIC DRUGGED (F),ambiguous_related,289E,289,0,all,All-source population only; outside the selected statute-family indicators,1,1,https://leginfo.legislature.ca.gov/faces/codes_displaySection.xhtml?lawCode=PEN&sectionNum=289.
PC,290.006,290 REGISTRATION VIOLATION FOR SEXUAL GRATIFICATION/COMPULSION (F),other,290.006,290.006,0,all,All-source population only; outside the selected statute-family indicators,1,1,https://leginfo.legislature.ca.gov/faces/codes_displaySection.xhtml?lawCode=PEN&sectionNum=290.006.
PC,290.01,REGISTRANT FAIL TO REPORT CONCURRENT ADDRESS (F),other,290.01,290.01,0,all,All-source population only; outside the selected statute-family indicators,1,1,https://leginfo.legislature.ca.gov/faces/codes_displaySection.xhtml?lawCode=PEN&sectionNum=290.01.
PC,290.010,REGISTRANT FAIL TO REPORT CONCURRENT ADDRESS (F),other,290.010,290.010,0,all,All-source population only; outside the selected statute-family indicators,1,1,https://leginfo.legislature.ca.gov/faces/codes_displaySection.xhtml?lawCode=PEN&sectionNum=290.010.
PC,290.011(A),TRANSIENT FAILS TO REGISTER WHEN RELEASED FROM CUSTODY,other,290.011(A),290.011,0,all,All-source population only; outside the selected statute-family indicators,1,1,https://leginfo.legislature.ca.gov/faces/codes_displaySection.xhtml?lawCode=PEN&sectionNum=290.011.
PC,290.011(A),TRANSIENT FAILS TO REGISTER WHEN RELEASED FROM CUSTODY (F),other,290.011(A),290.011,0,all,All-source population only; outside the selected statute-family indicators,1,1,https://leginfo.legislature.ca.gov/faces/codes_displaySection.xhtml?lawCode=PEN&sectionNum=290.011.
PC,290.012(A),SEX OFFENDER FAIL UPDATE ANNUAL REGISTRATION (F),other,290.012(A),290.012,0,all,All-source population only; outside the selected statute-family indicators,1,1,https://leginfo.legislature.ca.gov/faces/codes_displaySection.xhtml?lawCode=PEN&sectionNum=290.012.
PC,290.012(A),SEX OFFENDER FAIL UPDATE ANNUAL REGISTRATION (M),other,290.012(A),290.012,0,all,All-source population only; outside the selected statute-family indicators,1,1,https://leginfo.legislature.ca.gov/faces/codes_displaySection.xhtml?lawCode=PEN&sectionNum=290.012.
PC,290.018(A),SEX OFFENDER FAIL TO REGISTER/ETC,other,290.018(A),290.018,0,all,All-source population only; outside the selected statute-family indicators,1,1,https://leginfo.legislature.ca.gov/faces/codes_displaySection.xhtml?lawCode=PEN&sectionNum=290.018.
PC,290.018(J),FAIL PROVIDE REQUIRED REGISTRATION INFORMATION (M),other,290.018(J),290.018,0,all,All-source population only; outside the selected statute-family indicators,1,1,https://leginfo.legislature.ca.gov/faces/codes_displaySection.xhtml?lawCode=PEN&sectionNum=290.018.
PC,298.1(A),REFUSE PROVIDE BLOOD/SALIVA SPECIMEN/THUMB/PALM PRINTS (M),other,298.1(A),298.1,0,all,All-source population only; outside the selected statute-family indicators,1,1,https://leginfo.legislature.ca.gov/faces/codes_displaySection.xhtml?lawCode=PEN&sectionNum=298.1.
PC,302(A),DISTURB RELIGIOUS MEETING (M),other,302(A),302,0,all,All-source population only; outside the selected statute-family indicators,1,1,https://leginfo.legislature.ca.gov/faces/codes_displaySection.xhtml?lawCode=PEN&sectionNum=302.
PC,30305(A)(1),POSSESS OF AMMUNITION BY PROHIBITED PERSON (F),other,30305(A)(1),30305,0,all|weapons,weapons: explicit PC numeric statute family 30305,1,1,https://leginfo.legislature.ca.gov/faces/codes_displaySection.xhtml?lawCode=PEN&sectionNum=30305.
PC,30306(A),FIRM/CORPORATION SELL AMMUNITION TO PROHIBITED PERSON (M),other,30306(A),30306,0,all,All-source population only; outside the selected statute-family indicators,1,1,https://leginfo.legislature.ca.gov/faces/codes_displaySection.xhtml?lawCode=PEN&sectionNum=30306.
PC,30315,POSSESS ARMOR OR METAL PENETRATING HANDGUN AMMUNITION (F),other,30315,30315,0,all,All-source population only; outside the selected statute-family indicators,1,1,https://leginfo.legislature.ca.gov/faces/codes_displaySection.xhtml?lawCode=PEN&sectionNum=30315.
PC,30605(A),ILLEGALLY POSSESS ANY ASSAULT WEAPON,other,30605(A),30605,0,all|weapons,weapons: explicit PC numeric statute family 30605,1,1,https://leginfo.legislature.ca.gov/faces/codes_displaySection.xhtml?lawCode=PEN&sectionNum=30605.
PC,308A1AI,FURNISH UNDER 21 W/TOBACCO/SMOKING PARAPHERNALIA,other,308A1AI,308,0,all,All-source population only; outside the selected statute-family indicators,1,1,https://leginfo.legislature.ca.gov/faces/codes_displaySection.xhtml?lawCode=PEN&sectionNum=308.
PC,311.1(A),SEND/SELL OBSCENE MATTER DEPICTING MINOR (F),other,311.1(A),311.1,0,all,All-source population only; outside the selected statute-family indicators,1,1,https://leginfo.legislature.ca.gov/faces/codes_displaySection.xhtml?lawCode=PEN&sectionNum=311.1.
PC,311.2(A),SEND/POSS OBSCENE MATTER (M),other,311.2(A),311.2,0,all,All-source population only; outside the selected statute-family indicators,1,1,https://leginfo.legislature.ca.gov/faces/codes_displaySection.xhtml?lawCode=PEN&sectionNum=311.2.
PC,311.4(A),USE MINOR FOR OBSCENE MATTER W/PR (F),other,311.4(A),311.4,0,all,All-source population only; outside the selected statute-family indicators,1,1,https://leginfo.legislature.ca.gov/faces/codes_displaySection.xhtml?lawCode=PEN&sectionNum=311.4.
PC,31360(A),VIOLENT FELON POSSESS/OWN/PURCHASE BODY ARMOR,other,31360(A),31360,0,all,All-source population only; outside the selected statute-family indicators,1,1,https://leginfo.legislature.ca.gov/faces/codes_displaySection.xhtml?lawCode=PEN&sectionNum=31360.
PC,314(1),INDECENT EXPOSURE,other,314(1),314,0,all,All-source population only; outside the selected statute-family indicators,1,1,https://leginfo.legislature.ca.gov/faces/codes_displaySection.xhtml?lawCode=PEN&sectionNum=314.
PC,314(1),INDECENT EXPOSURE AFTER ILLEGAL ENTRY OCCUPIED DWELLING (F),other,314(1),314,0,all,All-source population only; outside the selected statute-family indicators,1,1,https://leginfo.legislature.ca.gov/faces/codes_displaySection.xhtml?lawCode=PEN&sectionNum=314.
PC,314.1,INDECENT EXPOSURE AFTER ILLEGAL ENTRY OCCUPIED DWELLING (F),other,314.1,314.1,0,all,All-source population only; outside the selected statute-family indicators,1,1,https://leginfo.legislature.ca.gov/faces/codes_displaySection.xhtml?lawCode=PEN&sectionNum=314.1.
PC,31500,MANUFACTURE/SALE/POSSESS UNCONVENTIONAL PISTOL (F),other,31500,31500,0,all,All-source population only; outside the selected statute-family indicators,1,1,https://leginfo.legislature.ca.gov/faces/codes_displaySection.xhtml?lawCode=PEN&sectionNum=31500.
PC,32310(C),POSSESS LARGE CAPACITY MAGAZINE,other,32310(C),32310,0,all|weapons,weapons: explicit PC numeric statute family 32310,1,1,https://leginfo.legislature.ca.gov/faces/codes_displaySection.xhtml?lawCode=PEN&sectionNum=32310.
PC,32900,MANUFACTURE/SALE/POSSESSION MULTIBURST TRIGGER ACTIVATOR (F),other,32900,32900,0,all,All-source population only; outside the selected statute-family indicators,1,1,https://leginfo.legislature.ca.gov/faces/codes_displaySection.xhtml?lawCode=PEN&sectionNum=32900.
PC,33215,MFG/IMPORT/ETC SHORT BARRELED RIFLE (M),other,33215,33215,0,all|weapons,weapons: explicit PC numeric statute family 33215,1,1,https://leginfo.legislature.ca.gov/faces/codes_displaySection.xhtml?lawCode=PEN&sectionNum=33215.
PC,337U(C),CLAIM MONEY W/INTENT TO DEFRAUD (M),other,337U(C),337,0,all,All-source population only; outside the selected statute-family indicators,1,1,https://leginfo.legislature.ca.gov/faces/codes_displaySection.xhtml?lawCode=PEN&sectionNum=337.
PC,350(B),MFG/SELL COUNTERFEIT REGISTERED MARK W/PR (F),other,350(B),350,0,all,All-source population only; outside the selected statute-family indicators,1,1,https://leginfo.legislature.ca.gov/faces/codes_displaySection.xhtml?lawCode=PEN&sectionNum=350.
PC,368(C),ELDER ABUSE/NEGLECT,ambiguous_related,368(C),368,0,all,All-source population only; outside the selected statute-family indicators,1,1,https://leginfo.legislature.ca.gov/faces/codes_displaySection.xhtml?lawCode=PEN&sectionNum=368.
PC,368(D),THEFT FROM ELDER/DEPENDENT ADULT BY NON-CARETAKER (OVER $400),ambiguous_related,368(D),368,0,all,All-source population only; outside the selected statute-family indicators,1,1,https://leginfo.legislature.ca.gov/faces/codes_displaySection.xhtml?lawCode=PEN&sectionNum=368.
PC,368(D)(1),THEFT OF ELDER/DEPENDENT ADULT (LARCENY OVER $950),ambiguous_related,368(D)(1),368,0,all,All-source population only; outside the selected statute-family indicators,1,1,https://leginfo.legislature.ca.gov/faces/codes_displaySection.xhtml?lawCode=PEN&sectionNum=368.
PC,368(E)(2),THEFT FROM ELDER/DEP ADULT BY CARETAKER [UNDER $950] (M),ambiguous_related,368(E)(2),368,0,all,All-source population only; outside the selected statute-family indicators,1,1,https://leginfo.legislature.ca.gov/faces/codes_displaySection.xhtml?lawCode=PEN&sectionNum=368.
PC,369G(A),DRIVE/RIDE ALONG RAILROAD TRACK (M),other,369G(A),369,0,all,All-source population only; outside the selected statute-family indicators,1,1,https://leginfo.legislature.ca.gov/faces/codes_displaySection.xhtml?lawCode=PEN&sectionNum=369.
PC,374.7(A),LITTER/DUMP WASTE IN WATER/SHORE,other,374.7(A),374.7,0,all,All-source population only; outside the selected statute-family indicators,1,1,https://leginfo.legislature.ca.gov/faces/codes_displaySection.xhtml?lawCode=PEN&sectionNum=374.7.
PC,384A,CUT SHRUBS W/O WRITTEN PERMIT (M),other,384A,384,0,all,All-source population only; outside the selected statute-family indicators,1,1,https://leginfo.legislature.ca.gov/faces/codes_displaySection.xhtml?lawCode=PEN&sectionNum=384.
PC,402(A),STOP AND IMPEDE AT EMERGENCY SCENE (M),other,402(A),402,0,all,All-source population only; outside the selected statute-family indicators,1,1,https://leginfo.legislature.ca.gov/faces/codes_displaySection.xhtml?lawCode=PEN&sectionNum=402.
PC,405A,TAKE PERSON BY MEANS OF RIOT FROM LE (F),other,405A,405,0,all,All-source population only; outside the selected statute-family indicators,1,1,https://leginfo.legislature.ca.gov/faces/codes_displaySection.xhtml?lawCode=PEN&sectionNum=405.
PC,409,REMAIN AT SCENE OF RIOT (M),other,409,409,0,all,All-source population only; outside the selected statute-family indicators,1,1,https://leginfo.legislature.ca.gov/faces/codes_displaySection.xhtml?lawCode=PEN&sectionNum=409.
PC,409.5(C),ENTER CLOSED DISASTER AREA (M),other,409.5(C),409.5,0,all,All-source population only; outside the selected statute-family indicators,1,1,https://leginfo.legislature.ca.gov/faces/codes_displaySection.xhtml?lawCode=PEN&sectionNum=409.5.
PC,415(2),DISTURBING THE PEACE - LOUD NOISE,other,415(2),415,0,all,All-source population only; outside the selected statute-family indicators,1,1,https://leginfo.legislature.ca.gov/faces/codes_displaySection.xhtml?lawCode=PEN&sectionNum=415.
PC,415.5(A)(1),DISORD CONDUCT:FIGHT/CHALLENGE FIGHT AT SCHOOL (M),other,415.5(A)(1),415.5,0,all,All-source population only; outside the selected statute-family indicators,1,1,https://leginfo.legislature.ca.gov/faces/codes_displaySection.xhtml?lawCode=PEN&sectionNum=415.5.
PC,417(C),EXHIBIT FIREARM IN PRESENCE OF PEACE OFCR (F),other,417(C),417,0,all|weapons,weapons: explicit PC numeric statute family 417,1,1,https://leginfo.legislature.ca.gov/faces/codes_displaySection.xhtml?lawCode=PEN&sectionNum=417.
PC,417.25(A),THREATEN WITH LASER SCOPE WITH INTENT TO CAUSE FEAR (M),other,417.25(A),417.25,0,all,All-source population only; outside the selected statute-family indicators,1,1,https://leginfo.legislature.ca.gov/faces/codes_displaySection.xhtml?lawCode=PEN&sectionNum=417.25.
PC,417B,DRAW/EXHIBIT FIREARM ON GROUNDS OF DAY CARE CENTER (F),other,417B,417,0,all|weapons,weapons: explicit PC numeric statute family 417,1,1,https://leginfo.legislature.ca.gov/faces/codes_displaySection.xhtml?lawCode=PEN&sectionNum=417.
PC,418,FORCIBLE ENTRY AND DETAINER (M),other,418,418,0,all,All-source population only; outside the selected statute-family indicators,1,1,https://leginfo.legislature.ca.gov/faces/codes_displaySection.xhtml?lawCode=PEN&sectionNum=418.
PC,422,THREATEN CRIME WITH INTENT TO TERRORIZE,ambiguous_related,422,422,0,all|violence,violence: explicit PC numeric statute family 422; core-DV charge excluded from this family,1,1,https://leginfo.legislature.ca.gov/faces/codes_displaySection.xhtml?lawCode=PEN&sectionNum=422.
PC,422A,TERRORIST THREATS THAT THREATEN FAMILY,ambiguous_related,422A,422,0,all|violence,violence: explicit PC numeric statute family 422; core-DV charge excluded from this family,1,1,https://leginfo.legislature.ca.gov/faces/codes_displaySection.xhtml?lawCode=PEN&sectionNum=422.
PC,4502(B),PRISONER MANUFACTURE WEAPON,other,4502(B),4502,0,all,All-source population only; outside the selected statute-family indicators,1,1,https://leginfo.legislature.ca.gov/faces/codes_displaySection.xhtml?lawCode=PEN&sectionNum=4502.
PC,451(C),ARSON:STRUCTURE/FOREST LAND,other,451(C),451,0,all,All-source population only; outside the selected statute-family indicators,1,1,https://leginfo.legislature.ca.gov/faces/codes_displaySection.xhtml?lawCode=PEN&sectionNum=451.
PC,451(D),ARSON:PROP,other,451(D),451,0,all,All-source population only; outside the selected statute-family indicators,1,1,https://leginfo.legislature.ca.gov/faces/codes_displaySection.xhtml?lawCode=PEN&sectionNum=451.
PC,451D,ARSON:PROP,other,451D,451,0,all,All-source population only; outside the selected statute-family indicators,1,1,https://leginfo.legislature.ca.gov/faces/codes_displaySection.xhtml?lawCode=PEN&sectionNum=451.
PC,452(D),CAUSING FIRE OF PROPERTY,other,452(D),452,0,all,All-source population only; outside the selected statute-family indicators,1,1,https://leginfo.legislature.ca.gov/faces/codes_displaySection.xhtml?lawCode=PEN&sectionNum=452.
PC,452A,CAUSING FIRE THAT CAUSES GREAT BODILY INJURY (F),other,452A,452,0,all,All-source population only; outside the selected statute-family indicators,1,1,https://leginfo.legislature.ca.gov/faces/codes_displaySection.xhtml?lawCode=PEN&sectionNum=452.
PC,452D,CAUSING FIRE OF PROPERTY,other,452D,452,0,all,All-source population only; outside the selected statute-family indicators,1,1,https://leginfo.legislature.ca.gov/faces/codes_displaySection.xhtml?lawCode=PEN&sectionNum=452.
PC,4573(A),BRING NARCOTIC PARAPHERNALIA INTO PRISON/JAIL,other,4573(A),4573,0,all,All-source population only; outside the selected statute-family indicators,1,1,https://leginfo.legislature.ca.gov/faces/codes_displaySection.xhtml?lawCode=PEN&sectionNum=4573.
PC,4575(A),POSS CELL PHONE/ETC INTO JAIL (M),other,4575(A),4575,0,all,All-source population only; outside the selected statute-family indicators,1,1,https://leginfo.legislature.ca.gov/faces/codes_displaySection.xhtml?lawCode=PEN&sectionNum=4575.
PC,459,BURGLARY (VEHICLE),other,459,459,0,all|property,property: explicit PC numeric statute family 459,1,1,https://leginfo.legislature.ca.gov/faces/codes_displaySection.xhtml?lawCode=PEN&sectionNum=459.
PC,4600,DAMAGE JAIL/PRISON/PROPERTY (OVER $950),other,4600,4600,0,all,All-source population only; outside the selected statute-family indicators,1,1,https://leginfo.legislature.ca.gov/faces/codes_displaySection.xhtml?lawCode=PEN&sectionNum=4600.
PC,4600(A),DAMAGE JAIL/PRISON/PROPERTY (OVER $950),other,4600(A),4600,0,all,All-source population only; outside the selected statute-family indicators,1,1,https://leginfo.legislature.ca.gov/faces/codes_displaySection.xhtml?lawCode=PEN&sectionNum=4600.
PC,4600(A),DAMAGE JAIL/PRISON/PROPERTY (UNDER $950),other,4600(A),4600,0,all,All-source population only; outside the selected statute-family indicators,1,1,https://leginfo.legislature.ca.gov/faces/codes_displaySection.xhtml?lawCode=PEN&sectionNum=4600.
PC,466.5(B),ULAWFUL USE OF VEH MASTER KEY (M),other,466.5(B),466.5,0,all,All-source population only; outside the selected statute-family indicators,1,1,https://leginfo.legislature.ca.gov/faces/codes_displaySection.xhtml?lawCode=PEN&sectionNum=466.5.
PC,466.6(A),MAKE Mot Veh KEY W/O WORK ORDER (M),other,466.6(A),466.6,0,all,All-source population only; outside the selected statute-family indicators,1,1,https://leginfo.legislature.ca.gov/faces/codes_displaySection.xhtml?lawCode=PEN&sectionNum=466.6.
PC,470(A),FORGERY,other,470(A),470,0,all|property,property: explicit PC numeric statute family 470,1,1,https://leginfo.legislature.ca.gov/faces/codes_displaySection.xhtml?lawCode=PEN&sectionNum=470.
PC,470A,ALTER/FORGE/FALSIFY DRVRS LIC/IDENT,other,470A,470,0,all|property,property: explicit PC numeric statute family 470,1,1,https://leginfo.legislature.ca.gov/faces/codes_displaySection.xhtml?lawCode=PEN&sectionNum=470.
PC,470B,FORGE/HANDWRITING (M),other,470B,470,0,all|property,property: explicit PC numeric statute family 470,1,1,https://leginfo.legislature.ca.gov/faces/codes_displaySection.xhtml?lawCode=PEN&sectionNum=470.
PC,470B,POSS DRVRS LIC/IDENT TO COMMIT FORGERY,other,470B,470,0,all|property,property: explicit PC numeric statute family 470,1,1,https://leginfo.legislature.ca.gov/faces/codes_displaySection.xhtml?lawCode=PEN&sectionNum=470.
PC,473(B),FORGERY THAT DOES NOT EXCEED $950 (M),other,473(B),473,0,all,All-source population only; outside the selected statute-family indicators,1,1,https://leginfo.legislature.ca.gov/faces/codes_displaySection.xhtml?lawCode=PEN&sectionNum=473.
PC,475(C),PASS COMPLETED CHECK WITH INTENT TO DEFRAUD,other,475(C),475,0,all|property,property: explicit PC numeric statute family 475,1,1,https://leginfo.legislature.ca.gov/faces/codes_displaySection.xhtml?lawCode=PEN&sectionNum=475.
PC,475A,POSS BAD CHECK,other,475A,475,0,all|property,property: explicit PC numeric statute family 475,1,1,https://leginfo.legislature.ca.gov/faces/codes_displaySection.xhtml?lawCode=PEN&sectionNum=475.
PC,476,MAKE/PASS/PUBLISH FICTITIOUS CHECK/BILL/NOTE,other,476,476,0,all|property,property: explicit PC numeric statute family 476,1,1,https://leginfo.legislature.ca.gov/faces/codes_displaySection.xhtml?lawCode=PEN&sectionNum=476.
PC,476,MAKE/PASS/PUBLISH/ETC FICTITIOUS CHECK/BILL/NOTE,other,476,476,0,all|property,property: explicit PC numeric statute family 476,1,1,https://leginfo.legislature.ca.gov/faces/codes_displaySection.xhtml?lawCode=PEN&sectionNum=476.
PC,476A(B),NONSUFFICIENT FUNDS:CHECKS W/PR (F),other,476A(B),476,0,all|property,property: explicit PC numeric statute family 476,1,1,https://leginfo.legislature.ca.gov/faces/codes_displaySection.xhtml?lawCode=PEN&sectionNum=476.
PC,484,THEFT,other,484,484,0,all|property,property: explicit PC numeric statute family 484,1,1,https://leginfo.legislature.ca.gov/faces/codes_displaySection.xhtml?lawCode=PEN&sectionNum=484.
PC,484.1(A),FALSE INFO TO PAWN BROKER (M),other,484.1(A),484.1,0,all,All-source population only; outside the selected statute-family indicators,1,1,https://leginfo.legislature.ca.gov/faces/codes_displaySection.xhtml?lawCode=PEN&sectionNum=484.1.
PC,484B,DIVERSION OF FUNDS [OVER $2350] (F),other,484B,484,0,all|property,property: explicit PC numeric statute family 484,1,1,https://leginfo.legislature.ca.gov/faces/codes_displaySection.xhtml?lawCode=PEN&sectionNum=484.
PC,484C,OBTAIN MONEY BY FALSE VOUCHER (F),other,484C,484,0,all|property,property: explicit PC numeric statute family 484,1,1,https://leginfo.legislature.ca.gov/faces/codes_displaySection.xhtml?lawCode=PEN&sectionNum=484.
PC,484E(B),ACQUIRE ACCES CRD INT SELL [4 OR MORE CARDS] (F),other,484E(B),484,0,all|property,property: explicit PC numeric statute family 484,1,1,https://leginfo.legislature.ca.gov/faces/codes_displaySection.xhtml?lawCode=PEN&sectionNum=484.
PC,484E(D),USE/ACCESS CREDIT CARD ACCOUNT INFORMATION W/O CONSENT,other,484E(D),484,0,all|property,property: explicit PC numeric statute family 484,1,1,https://leginfo.legislature.ca.gov/faces/codes_displaySection.xhtml?lawCode=PEN&sectionNum=484.
PC,484G,THEFT BY USE OF CREDIT CARD (UNDER $950),other,484G,484,0,all|property,property: explicit PC numeric statute family 484,1,1,https://leginfo.legislature.ca.gov/faces/codes_displaySection.xhtml?lawCode=PEN&sectionNum=484.
PC,484I(A),POSS INCOMPLETE ACCESS CARD (M),other,484I(A),484,0,all|property,property: explicit PC numeric statute family 484,1,1,https://leginfo.legislature.ca.gov/faces/codes_displaySection.xhtml?lawCode=PEN&sectionNum=484.
PC,484I(B),ALTER ACCESS CARD ACCOUNT INFO (F),other,484I(B),484,0,all|property,property: explicit PC numeric statute family 484,1,1,https://leginfo.legislature.ca.gov/faces/codes_displaySection.xhtml?lawCode=PEN&sectionNum=484.
PC,484J,PUBLISH ACCESS CARD NUMBER TO DEFRAUD (M),other,484J,484,0,all|property,property: explicit PC numeric statute family 484,1,1,https://leginfo.legislature.ca.gov/faces/codes_displaySection.xhtml?lawCode=PEN&sectionNum=484.
PC,487(A),GRAND THEFT (MOT VEH THEFT),other,487(A),487,0,all|property,property: explicit PC numeric statute family 487,1,1,https://leginfo.legislature.ca.gov/faces/codes_displaySection.xhtml?lawCode=PEN&sectionNum=487.
PC,487(C),GRAND THEFT FROM PERSON,other,487(C),487,0,all|property,property: explicit PC numeric statute family 487,1,1,https://leginfo.legislature.ca.gov/faces/codes_displaySection.xhtml?lawCode=PEN&sectionNum=487.
PC,487B,GRAND THEFT:CONVERT REAL PROPERTY [OVER $950] (F),other,487B,487,0,all|property,property: explicit PC numeric statute family 487,1,1,https://leginfo.legislature.ca.gov/faces/codes_displaySection.xhtml?lawCode=PEN&sectionNum=487.
PC,487H(A),GRAND THEFT: CARGO OVER $950 (F),other,487H(A),487,0,all|property,property: explicit PC numeric statute family 487,1,1,https://leginfo.legislature.ca.gov/faces/codes_displaySection.xhtml?lawCode=PEN&sectionNum=487.
PC,488,PETTY THEFT(FROM BUILDING),other,488,488,0,all|property,property: explicit PC numeric statute family 488,1,1,https://leginfo.legislature.ca.gov/faces/codes_displaySection.xhtml?lawCode=PEN&sectionNum=488.
PC,488,PETTY THEFT(Pocket Picking) (M),other,488,488,0,all|property,property: explicit PC numeric statute family 488,1,1,https://leginfo.legislature.ca.gov/faces/codes_displaySection.xhtml?lawCode=PEN&sectionNum=488.
PC,490.4 (A)(1),THEFT OF MERCHANDISE W/ INTENT TO SELL/EXCHANGE: OVER $950 (F),other,490.4(A)(1),490.4,0,all,All-source population only; outside the selected statute-family indicators,1,1,https://leginfo.legislature.ca.gov/faces/codes_displaySection.xhtml?lawCode=PEN&sectionNum=490.4.
PC,490.4(A)(4),RECRUIT/ORGANIZE/MANAGE ANOTHER FOR RETAIL THEFT (M),other,490.4(A)(4),490.4,0,all,All-source population only; outside the selected statute-family indicators,1,1,https://leginfo.legislature.ca.gov/faces/codes_displaySection.xhtml?lawCode=PEN&sectionNum=490.4.
PC,498(B)(5),THEFT OF UTILITY SVCS BENEFIT UNDER $950,other,498(B)(5),498,0,all,All-source population only; outside the selected statute-family indicators,1,1,https://leginfo.legislature.ca.gov/faces/codes_displaySection.xhtml?lawCode=PEN&sectionNum=498.
PC,498(D),THEFT OF UTILITY SERVICES [OVER $950] (F),other,498(D),498,0,all,All-source population only; outside the selected statute-family indicators,1,1,https://leginfo.legislature.ca.gov/faces/codes_displaySection.xhtml?lawCode=PEN&sectionNum=498.
PC,499B(A),TAKE BIKE W/O OWNER'S PERMISSION (M),other,499B(A),499,0,all,All-source population only; outside the selected statute-family indicators,1,1,https://leginfo.legislature.ca.gov/faces/codes_displaySection.xhtml?lawCode=PEN&sectionNum=499.
PC,503,EMBEZZLEMENT [OVER $950],other,503,503,0,all,All-source population only; outside the selected statute-family indicators,1,1,https://leginfo.legislature.ca.gov/faces/codes_displaySection.xhtml?lawCode=PEN&sectionNum=503.
PC,504,EMBEZZLE PROP BY PUB/PRIV OFCR [OVER $400] (F),other,504,504,0,all,All-source population only; outside the selected statute-family indicators,1,1,https://leginfo.legislature.ca.gov/faces/codes_displaySection.xhtml?lawCode=PEN&sectionNum=504.
PC,504,EMBEZZLE PROPERTY BY PUBLIC/PRIVATE OFFICER OVER $400,other,504,504,0,all,All-source population only; outside the selected statute-family indicators,1,1,https://leginfo.legislature.ca.gov/faces/codes_displaySection.xhtml?lawCode=PEN&sectionNum=504.
PC,523,THREATENING LETTER W/INTENT TO EXTORT (F),other,523,523,0,all,All-source population only; outside the selected statute-family indicators,1,1,https://leginfo.legislature.ca.gov/faces/codes_displaySection.xhtml?lawCode=PEN&sectionNum=523.
PC,529(A),FALSE PERSONATION OF ANOTHER:SPEC CIRC,other,529(A),529,0,all,All-source population only; outside the selected statute-family indicators,1,1,https://leginfo.legislature.ca.gov/faces/codes_displaySection.xhtml?lawCode=PEN&sectionNum=529.
PC,529(A)(2),PERSONATE TO RECORDED DOCUMENT (F),other,529(A)(2),529,0,all,All-source population only; outside the selected statute-family indicators,1,1,https://leginfo.legislature.ca.gov/faces/codes_displaySection.xhtml?lawCode=PEN&sectionNum=529.
PC,530,IMPERSONATE TO GET MONEY/FELONY,other,530,530,0,all,All-source population only; outside the selected statute-family indicators,1,1,https://leginfo.legislature.ca.gov/faces/codes_displaySection.xhtml?lawCode=PEN&sectionNum=530.
PC,530.5(C)(1),POSSESS PERSONAL IDENTIFYING INFO WITH INTENT TO DEFRAUD,other,530.5(C)(1),530.5,0,all|property,property: explicit PC numeric statute family 530.5,1,1,https://leginfo.legislature.ca.gov/faces/codes_displaySection.xhtml?lawCode=PEN&sectionNum=530.5.
PC,532A(2),BENEFIT BY FALSE FIN STATEMENT USING FICTITIOUS NAME (F),other,532A(2),532,0,all,All-source population only; outside the selected statute-family indicators,1,1,https://leginfo.legislature.ca.gov/faces/codes_displaySection.xhtml?lawCode=PEN&sectionNum=532.
PC,532A1,MAKE FALSE FIN STATEMENT USING FICTITIOUS NAME (F),other,532A1,532,0,all,All-source population only; outside the selected statute-family indicators,1,1,https://leginfo.legislature.ca.gov/faces/codes_displaySection.xhtml?lawCode=PEN&sectionNum=532.
PC,532B,IMPERSONATE VETERAN TO SOLICIT (M),other,532B,532,0,all,All-source population only; outside the selected statute-family indicators,1,1,https://leginfo.legislature.ca.gov/faces/codes_displaySection.xhtml?lawCode=PEN&sectionNum=532.
PC,532D(A),FRAUD:SOLICIT FOR CHARITABLE/RELIGIOUS CONTRIBUTIONS (M),other,532D(A),532,0,all,All-source population only; outside the selected statute-family indicators,1,1,https://leginfo.legislature.ca.gov/faces/codes_displaySection.xhtml?lawCode=PEN&sectionNum=532.
PC,537(A)(1),DEFRAUDING AN INNKEEPER [$950 OR LESS],other,537(A)(1),537,0,all,All-source population only; outside the selected statute-family indicators,1,1,https://leginfo.legislature.ca.gov/faces/codes_displaySection.xhtml?lawCode=PEN&sectionNum=537.
PC,537(A)(2),DEFRAUDING AN INNKEEPER [OVER $950] (F),other,537(A)(2),537,0,all,All-source population only; outside the selected statute-family indicators,1,1,https://leginfo.legislature.ca.gov/faces/codes_displaySection.xhtml?lawCode=PEN&sectionNum=537.
PC,550(B)(2),CONSPIRE TO MAKE FAKE STATEMENT FOR INS CLAIM BENEFITS (F),other,550(B)(2),550,0,all,All-source population only; outside the selected statute-family indicators,1,1,https://leginfo.legislature.ca.gov/faces/codes_displaySection.xhtml?lawCode=PEN&sectionNum=550.
PC,555.2,LOITER NEAR POSTED PROP (M),other,555.2,555.2,0,all,All-source population only; outside the selected statute-family indicators,1,1,https://leginfo.legislature.ca.gov/faces/codes_displaySection.xhtml?lawCode=PEN&sectionNum=555.2.
PC,565,UNAUTH USE/OBLITERATE DAIRY BRAND REG [$400 OR LESS] (M),other,565,565,0,all,All-source population only; outside the selected statute-family indicators,1,1,https://leginfo.legislature.ca.gov/faces/codes_displaySection.xhtml?lawCode=PEN&sectionNum=565.
PC,594.3(A),VANDALIZE PLACE OF WORSHIP (F),other,594.3(A),594.3,0,all,All-source population only; outside the selected statute-family indicators,1,1,https://leginfo.legislature.ca.gov/faces/codes_displaySection.xhtml?lawCode=PEN&sectionNum=594.3.
PC,594.3(B),VANDALIZE CHURCH BECAUSE OF RACE TO INTIMIDATE (F),other,594.3(B),594.3,0,all,All-source population only; outside the selected statute-family indicators,1,1,https://leginfo.legislature.ca.gov/faces/codes_displaySection.xhtml?lawCode=PEN&sectionNum=594.3.
PC,594.35(A),DESTROY CEMETERY PROPERTY (F),other,594.35(A),594.35,0,all,All-source population only; outside the selected statute-family indicators,1,1,https://leginfo.legislature.ca.gov/faces/codes_displaySection.xhtml?lawCode=PEN&sectionNum=594.35.
PC,594.4(A),DEFACE STRUCTURE WITH CHEMICALS (F),other,594.4(A),594.4,0,all,All-source population only; outside the selected statute-family indicators,1,1,https://leginfo.legislature.ca.gov/faces/codes_displaySection.xhtml?lawCode=PEN&sectionNum=594.4.
PC,597.7(A),ENDANGER ANIMAL CONFINED IN UNATTENDED MOTOR VEHICLE (I),other,597.7(A),597.7,0,all,All-source population only; outside the selected statute-family indicators,1,1,https://leginfo.legislature.ca.gov/faces/codes_displaySection.xhtml?lawCode=PEN&sectionNum=597.7.
PC,602(O),TRESPASS:REFUSE LEAVE PROPERTY:PEACE OFFICER/OWNER REQUEST,other,602(O),602,0,all,All-source population only; outside the selected statute-family indicators,1,1,https://leginfo.legislature.ca.gov/faces/codes_displaySection.xhtml?lawCode=PEN&sectionNum=602.
PC,602(O),TRESPASS:REFUSE TO LEAVE PROPERTY:OWNER REQUEST,other,602(O),602,0,all,All-source population only; outside the selected statute-family indicators,1,1,https://leginfo.legislature.ca.gov/faces/codes_displaySection.xhtml?lawCode=PEN&sectionNum=602.
PC,602(O),TRESPASS:REFUSE TO LEAVE PROPERTY:PEACE OFFICER REQUEST,other,602(O),602,0,all,All-source population only; outside the selected statute-family indicators,1,1,https://leginfo.legislature.ca.gov/faces/codes_displaySection.xhtml?lawCode=PEN&sectionNum=602.
PC,602(T)(1),TRESPASS: COMMITED PRIOR CRIME ON PROPERTY (M),other,602(T)(1),602,0,all,All-source population only; outside the selected statute-family indicators,1,1,https://leginfo.legislature.ca.gov/faces/codes_displaySection.xhtml?lawCode=PEN&sectionNum=602.
PC,602.8(A),UNAUTHORIZED ENTRY POSTED LAND (I),other,602.8(A),602.8,0,all,All-source population only; outside the selected statute-family indicators,1,1,https://leginfo.legislature.ca.gov/faces/codes_displaySection.xhtml?lawCode=PEN&sectionNum=602.8.
PC,603,FORCIBLE ENTRY:PROPERTY DAMAGE (M),other,603,603,0,all,All-source population only; outside the selected statute-family indicators,1,1,https://leginfo.legislature.ca.gov/faces/codes_displaySection.xhtml?lawCode=PEN&sectionNum=603.
PC,626.7(A),UNAUTH STAY/RETURN:SCHOOL ZONE (M),other,626.7(A),626.7,0,all,All-source population only; outside the selected statute-family indicators,1,1,https://leginfo.legislature.ca.gov/faces/codes_displaySection.xhtml?lawCode=PEN&sectionNum=626.7.
PC,636.5,INTERCEPT PUBLIC SAFTEY RADIO COMMUNICATION (M),other,636.5,636.5,0,all,All-source population only; outside the selected statute-family indicators,1,1,https://leginfo.legislature.ca.gov/faces/codes_displaySection.xhtml?lawCode=PEN&sectionNum=636.5.
PC,640(B)(5),SKATEBOARDING/ETC IN PARKING STRUCTURE (I),other,640(B)(5),640,0,all,All-source population only; outside the selected statute-family indicators,1,1,https://leginfo.legislature.ca.gov/faces/codes_displaySection.xhtml?lawCode=PEN&sectionNum=640.
PC,640(D)(1),DISTURBANCE OF TRANSIT FACILITY (I),other,640(D)(1),640,0,all,All-source population only; outside the selected statute-family indicators,1,1,https://leginfo.legislature.ca.gov/faces/codes_displaySection.xhtml?lawCode=PEN&sectionNum=640.
PC,640(D)(1),DISTURBANCE OF TRANSIT FACILITY (M),other,640(D)(1),640,0,all,All-source population only; outside the selected statute-family indicators,1,1,https://leginfo.legislature.ca.gov/faces/codes_displaySection.xhtml?lawCode=PEN&sectionNum=640.
PC,646.9(A),STALKING,ambiguous_related,646.9(A),646.9,0,all,All-source population only; outside the selected statute-family indicators,1,1,https://leginfo.legislature.ca.gov/faces/codes_displaySection.xhtml?lawCode=PEN&sectionNum=646.9.
PC,646.9(B),STALKING:TEMPORARY RESTRAINING ORDER,ambiguous_related,646.9(B),646.9,0,all,All-source population only; outside the selected statute-family indicators,1,1,https://leginfo.legislature.ca.gov/faces/codes_displaySection.xhtml?lawCode=PEN&sectionNum=646.9.
PC,647(C),DISORD CONDUCT:BEGGING,other,647(C),647,0,all,All-source population only; outside the selected statute-family indicators,1,1,https://leginfo.legislature.ca.gov/faces/codes_displaySection.xhtml?lawCode=PEN&sectionNum=647.
PC,647(D),DISORD CONDUCT:LOITER IN OR ABOUT TOILET (M),other,647(D),647,0,all,All-source population only; outside the selected statute-family indicators,1,1,https://leginfo.legislature.ca.gov/faces/codes_displaySection.xhtml?lawCode=PEN&sectionNum=647.
PC,647(J)(2),DISORDERLY CONDUCT:PEEPING W/CAMERA UNDER/THRU CLOTHES (M),other,647(J)(2),647,0,all,All-source population only; outside the selected statute-family indicators,1,1,https://leginfo.legislature.ca.gov/faces/codes_displaySection.xhtml?lawCode=PEN&sectionNum=647.
PC,647.6,ANNOY/MOLEST CHILDREN UNDER 18 (M),other,647.6,647.6,0,all,All-source population only; outside the selected statute-family indicators,1,1,https://leginfo.legislature.ca.gov/faces/codes_displaySection.xhtml?lawCode=PEN&sectionNum=647.6.
PC,647.6,ANNOY/MOLEST CHILDREN W/PRIOR CONVICTION (F),other,647.6,647.6,0,all,All-source population only; outside the selected statute-family indicators,1,1,https://leginfo.legislature.ca.gov/faces/codes_displaySection.xhtml?lawCode=PEN&sectionNum=647.6.
PC,647.6(A)(1),ANNOY/MOLEST VICTIM UNDER 18 YEARS OF AGE,other,647.6(A)(1),647.6,0,all,All-source population only; outside the selected statute-family indicators,1,1,https://leginfo.legislature.ca.gov/faces/codes_displaySection.xhtml?lawCode=PEN&sectionNum=647.6.
PC,647.6(B),ANNOY CHILD AFTER ILLEGAL ENTRY OF INHABITED BLDG (F),other,647.6(B),647.6,0,all,All-source population only; outside the selected statute-family indicators,1,1,https://leginfo.legislature.ca.gov/faces/codes_displaySection.xhtml?lawCode=PEN&sectionNum=647.6.
PC,647.6(C)(1),ANNOY CHILD LESS THAN 18 W/PR (F),other,647.6(C)(1),647.6,0,all,All-source population only; outside the selected statute-family indicators,1,1,https://leginfo.legislature.ca.gov/faces/codes_displaySection.xhtml?lawCode=PEN&sectionNum=647.6.
PC,647.6(C)(2),ANNOY CHILD AFTER SPECIFIC PR CONVICTIONS (F),other,647.6(C)(2),647.6,0,all,All-source population only; outside the selected statute-family indicators,1,1,https://leginfo.legislature.ca.gov/faces/codes_displaySection.xhtml?lawCode=PEN&sectionNum=647.6.
PC,653.2(A),ELECTRONIC COMMUNICATION DEVICES: THREATS TO SAFETY (M),other,653.2(A),653.2,0,all,All-source population only; outside the selected statute-family indicators,1,1,https://leginfo.legislature.ca.gov/faces/codes_displaySection.xhtml?lawCode=PEN&sectionNum=653.2.
PC,653B(A),SEX OFFENDER:LOITER AT SCHOOL (M),other,653B(A),653,0,all,All-source population only; outside the selected statute-family indicators,1,1,https://leginfo.legislature.ca.gov/faces/codes_displaySection.xhtml?lawCode=PEN&sectionNum=653.
PC,653F(D),SOLICIT SPECIFIED HEALTH AND SAFETY ACTS (M),other,653F(D),653,0,all,All-source population only; outside the selected statute-family indicators,1,1,https://leginfo.legislature.ca.gov/faces/codes_displaySection.xhtml?lawCode=PEN&sectionNum=653.
PC,653G,LOITER WHERE CHILDREN PRESENT (M),other,653G,653,0,all,All-source population only; outside the selected statute-family indicators,1,1,https://leginfo.legislature.ca.gov/faces/codes_displaySection.xhtml?lawCode=PEN&sectionNum=653.
PC,653M(B),ANNOYING REPEATED PHONE CALLS RESIDENCE (M),ambiguous_related,653M(B),653,0,all,All-source population only; outside the selected statute-family indicators,1,1,https://leginfo.legislature.ca.gov/faces/codes_displaySection.xhtml?lawCode=PEN&sectionNum=653.
PC,653M(B),ANNOYING REPEATED PHONE CALLS RESIDENCE - INTIMIDATION (M),ambiguous_related,653M(B),653,0,all,All-source population only; outside the selected statute-family indicators,1,1,https://leginfo.legislature.ca.gov/faces/codes_displaySection.xhtml?lawCode=PEN&sectionNum=653.
PC,653M(B),REPEATED PHONE CALLS INT TO HARASS/ANNOY (M),ambiguous_related,653M(B),653,0,all,All-source population only; outside the selected statute-family indicators,1,1,https://leginfo.legislature.ca.gov/faces/codes_displaySection.xhtml?lawCode=PEN&sectionNum=653.
PC,653T(A),DISRUPT CB EMERGENCY TRANS (M),other,653T(A),653,0,all,All-source population only; outside the selected statute-family indicators,1,1,https://leginfo.legislature.ca.gov/faces/codes_displaySection.xhtml?lawCode=PEN&sectionNum=653.
PC,666,PETTY THEFT W/PR JAIL TERM (All Other Larceny) (F),other,666,666,0,all|property,property: explicit PC numeric statute family 666,1,1,https://leginfo.legislature.ca.gov/faces/codes_displaySection.xhtml?lawCode=PEN&sectionNum=666.
PC,666,PETTY THEFT W/PR JAIL TERM (Mot Veh Theft) (F),other,666,666,0,all|property,property: explicit PC numeric statute family 666,1,1,https://leginfo.legislature.ca.gov/faces/codes_displaySection.xhtml?lawCode=PEN&sectionNum=666.
PC,666,PETTY THEFT W/PR JAIL TERM (Theft From Mot Veh) (F),other,666,666,0,all|property,property: explicit PC numeric statute family 666,1,1,https://leginfo.legislature.ca.gov/faces/codes_displaySection.xhtml?lawCode=PEN&sectionNum=666.
PC,666.1(A)(1),GRAND THEFT (MOT VEH PARTS) W/2+ PRIOR CONVICTIONS (F),other,666.1(A)(1),666.1,0,all|property,property: explicit PC numeric statute family 666.1,1,1,https://leginfo.legislature.ca.gov/faces/codes_displaySection.xhtml?lawCode=PEN&sectionNum=666.1.
PC,666.1(A)(1),PETTY THEFT (PURSE SNATCH) W/2+ PRIOR CONVICTIONS (M),other,666.1(A)(1),666.1,0,all|property,property: explicit PC numeric statute family 666.1,1,1,https://leginfo.legislature.ca.gov/faces/codes_displaySection.xhtml?lawCode=PEN&sectionNum=666.1.
PC,666.1(A)(1),PETTY THEFT W/2 PRIOR CONVICTIONS (F),other,666.1(A)(1),666.1,0,all|property,property: explicit PC numeric statute family 666.1,1,1,https://leginfo.legislature.ca.gov/faces/codes_displaySection.xhtml?lawCode=PEN&sectionNum=666.1.
PC,69,OBSTRUCT/RESIST EXECUTIVE OFFICER WITH SERIOUS INJURY,other,69,69,0,all,All-source population only; outside the selected statute-family indicators,1,1,https://leginfo.legislature.ca.gov/faces/codes_displaySection.xhtml?lawCode=PEN&sectionNum=69.
PC,71,THREATEN SCHOOL/PUBLIC OFFICER/EMPLOYEE,other,71,71,0,all,All-source population only; outside the selected statute-family indicators,1,1,https://leginfo.legislature.ca.gov/faces/codes_displaySection.xhtml?lawCode=PEN&sectionNum=71.
PC,76(A),THREATEN/ETC ELECTED OFFICIAL/JUDGE/ETC (M),other,76(A),76,0,all,All-source population only; outside the selected statute-family indicators,1,1,https://leginfo.legislature.ca.gov/faces/codes_displaySection.xhtml?lawCode=PEN&sectionNum=76.
PC,827.1,MISDEMEANOR ARREST WARRANT (M),other,827.1,827.1,0,all,All-source population only; outside the selected statute-family indicators,1,1,https://leginfo.legislature.ca.gov/faces/codes_displaySection.xhtml?lawCode=PEN&sectionNum=827.1.
PC,836.6(B),ESCAPE/ATT ESCAPE AFTER ARREST W/FORCE CAUSING SER INJ (F),other,836.6(B),836.6,0,all,All-source population only; outside the selected statute-family indicators,1,1,https://leginfo.legislature.ca.gov/faces/codes_displaySection.xhtml?lawCode=PEN&sectionNum=836.6.
SMMC,10.32.040(A),Posses open alcoholic container in public,other,10.32.040(A),10.32,0,all,All-source population only; outside the selected statute-family indicators,1,1,
VC,10851,TAKE VEHICLE W/O OWNER'S CONSENT/VEHICLE THEFT,other,10851,10851,0,all|property,property: explicit VC numeric statute family 10851,1,1,https://leginfo.legislature.ca.gov/faces/codes_displaySection.xhtml?lawCode=VEH&sectionNum=10851.
VC,10855,EMBEZZLE RENTED AUTO(OVER $200),other,10855,10855,0,all|property,property: explicit VC numeric statute family 10855,1,1,https://leginfo.legislature.ca.gov/faces/codes_displaySection.xhtml?lawCode=VEH&sectionNum=10855.
VC,11700,ACT AS DEALER/MFRR/ETC W/O LIC,other,11700,11700,0,all,All-source population only; outside the selected statute-family indicators,1,1,https://leginfo.legislature.ca.gov/faces/codes_displaySection.xhtml?lawCode=VEH&sectionNum=11700.
VC,11713J,DEALER ALLOW/MISUSE OF SPECIAL PLATES (M),other,11713J,11713,0,all,All-source population only; outside the selected statute-family indicators,1,1,https://leginfo.legislature.ca.gov/faces/codes_displaySection.xhtml?lawCode=VEH&sectionNum=11713.
VC,12500B,OPER MOTORCYCLE W/O PROPER LIC,other,12500B,12500,0,all|driving,driving: explicit VC numeric statute family 12500,1,1,https://leginfo.legislature.ca.gov/faces/codes_displaySection.xhtml?lawCode=VEH&sectionNum=12500.
VC,14600A,FAIL TO NOTIFY DMV OF ADD CHANGE AFTER 10 DAYS:CDL (I),other,14600A,14600,0,all,All-source population only; outside the selected statute-family indicators,1,1,https://leginfo.legislature.ca.gov/faces/codes_displaySection.xhtml?lawCode=VEH&sectionNum=14600.
VC,14601.1(A),DRIVE WHILE LICENSE SUSPENDED,other,14601.1(A),14601.1,0,all|driving,driving: explicit VC numeric statute family 14601.1,1,1,https://leginfo.legislature.ca.gov/faces/codes_displaySection.xhtml?lawCode=VEH&sectionNum=14601.1.
VC,14601.2(A),DRIVE WHILE LICENSE SUSPENDED FOR DUI,other,14601.2(A),14601.2,0,all|driving,driving: explicit VC numeric statute family 14601.2,1,1,https://leginfo.legislature.ca.gov/faces/codes_displaySection.xhtml?lawCode=VEH&sectionNum=14601.2.
VC,14601.5(A),DRIVE W/LICENSE SUSPENDED/REVOKED FOR REFUSING CHEM TEST,other,14601.5(A),14601.5,0,all|driving,driving: explicit VC numeric statute family 14601.5,1,1,https://leginfo.legislature.ca.gov/faces/codes_displaySection.xhtml?lawCode=VEH&sectionNum=14601.5.
VC,14601.5(B),DRIVE W/LICENSE SUSPENDED/ETC WHILE DRIVING PRIVILEGE RESTRICTED,other,14601.5(B),14601.5,0,all|driving,driving: explicit VC numeric statute family 14601.5,1,1,https://leginfo.legislature.ca.gov/faces/codes_displaySection.xhtml?lawCode=VEH&sectionNum=14601.5.
VC,14607,ALLOW UNLICD MINOR UNDER 18 TO DRIVE (I),other,14607,14607,0,all,All-source population only; outside the selected statute-family indicators,1,1,https://leginfo.legislature.ca.gov/faces/codes_displaySection.xhtml?lawCode=VEH&sectionNum=14607.
VC,20001(B)(2),HIT AND RUN RESULTING IN PERMANENT INJURY OR DEATH(IBR 09A),other,20001(B)(2),20001,0,all|driving,driving: explicit VC numeric statute family 20001,1,1,https://leginfo.legislature.ca.gov/faces/codes_displaySection.xhtml?lawCode=VEH&sectionNum=20001.
VC,20001(B)(2),HIT AND RUN RESULTING IN PERMANENT INJURY OR DEATH(IBR 90Z),other,20001(B)(2),20001,0,all|driving,driving: explicit VC numeric statute family 20001,1,1,https://leginfo.legislature.ca.gov/faces/codes_displaySection.xhtml?lawCode=VEH&sectionNum=20001.
VC,21201(D)(1),NO BICYCLE LIGHT,other,21201(D)(1),21201,0,all,All-source population only; outside the selected statute-family indicators,1,1,https://leginfo.legislature.ca.gov/faces/codes_displaySection.xhtml?lawCode=VEH&sectionNum=21201.
VC,21201A,BRAKES REQUIRED ON BICYCLE (I),other,21201A,21201,0,all,All-source population only; outside the selected statute-family indicators,1,1,https://leginfo.legislature.ca.gov/faces/codes_displaySection.xhtml?lawCode=VEH&sectionNum=21201.
VC,21202A,FAIL TO RIDE BICYCLE:RIGHT EDGE OF ROADWAY (I),other,21202A,21202,0,all,All-source population only; outside the selected statute-family indicators,1,1,https://leginfo.legislature.ca.gov/faces/codes_displaySection.xhtml?lawCode=VEH&sectionNum=21202.
VC,21453A,SIGNAL LIGHTS:CIRCULAR RED,other,21453A,21453,0,all,All-source population only; outside the selected statute-family indicators,1,1,https://leginfo.legislature.ca.gov/faces/codes_displaySection.xhtml?lawCode=VEH&sectionNum=21453.
VC,21455,SIGNAL LIGHTS:NON-INTERSECTION (I),other,21455,21455,0,all,All-source population only; outside the selected statute-family indicators,1,1,https://leginfo.legislature.ca.gov/faces/codes_displaySection.xhtml?lawCode=VEH&sectionNum=21455.
VC,21457A,SIGNAL LIGHTS:FLASHING RED,other,21457A,21457,0,all,All-source population only; outside the selected statute-family indicators,1,1,https://leginfo.legislature.ca.gov/faces/codes_displaySection.xhtml?lawCode=VEH&sectionNum=21457.
VC,21461A,TRAFFIC CONTROL DEV:DRVR FAILURE TO OBEY,other,21461A,21461,0,all,All-source population only; outside the selected statute-family indicators,1,1,https://leginfo.legislature.ca.gov/faces/codes_displaySection.xhtml?lawCode=VEH&sectionNum=21461.
VC,21650,LANE USAGE:FAIL TO DRIVE ON RIGHT HALF OF ROAD (I),other,21650,21650,0,all,All-source population only; outside the selected statute-family indicators,1,1,https://leginfo.legislature.ca.gov/faces/codes_displaySection.xhtml?lawCode=VEH&sectionNum=21650.
VC,21651(C),LANE USAGE:DIV HWY:DRIVE WRONG SIDE OF BARRIER:INJ/DEATH (F),other,21651(C),21651,0,all,All-source population only; outside the selected statute-family indicators,1,1,https://leginfo.legislature.ca.gov/faces/codes_displaySection.xhtml?lawCode=VEH&sectionNum=21651.
VC,21663,DRVG ON SIDEWALK (I),other,21663,21663,0,all,All-source population only; outside the selected statute-family indicators,1,1,https://leginfo.legislature.ca.gov/faces/codes_displaySection.xhtml?lawCode=VEH&sectionNum=21663.
VC,21755(A),PASSING: UNSAFE PASSING ON RIGHT OR ON SHOULDER (I),other,21755(A),21755,0,all,All-source population only; outside the selected statute-family indicators,1,1,https://leginfo.legislature.ca.gov/faces/codes_displaySection.xhtml?lawCode=VEH&sectionNum=21755.
VC,21806C,RIGHT-OF-WAY:PEDESTRIAN YIELD TO EMERGENCY VEH (I),other,21806C,21806,0,all,All-source population only; outside the selected statute-family indicators,1,1,https://leginfo.legislature.ca.gov/faces/codes_displaySection.xhtml?lawCode=VEH&sectionNum=21806.
VC,21809(A),CHANGE LANE FOR EMERGENCY VEHICLE (I),other,21809(A),21809,0,all,All-source population only; outside the selected statute-family indicators,1,1,https://leginfo.legislature.ca.gov/faces/codes_displaySection.xhtml?lawCode=VEH&sectionNum=21809.
VC,21950B,PED IN CROSSWALK: STOP/DELAY VEHICLES OR SUDDENLY LEAVE PLACE OF SAFETY (I),other,21950B,21950,0,all,All-source population only; outside the selected statute-family indicators,1,1,https://leginfo.legislature.ca.gov/faces/codes_displaySection.xhtml?lawCode=VEH&sectionNum=21950.
VC,21954A,RIGHT-OF-WAY:PED NOT IN CROSSWALK YIELD TO VEHS (M),other,21954A,21954,0,all,All-source population only; outside the selected statute-family indicators,1,1,https://leginfo.legislature.ca.gov/faces/codes_displaySection.xhtml?lawCode=VEH&sectionNum=21954.
VC,22100.5,TURNS:WRONG LANE U-TURN VIOL (I),other,22100.5,22100.5,0,all,All-source population only; outside the selected statute-family indicators,1,1,https://leginfo.legislature.ca.gov/faces/codes_displaySection.xhtml?lawCode=VEH&sectionNum=22100.5.
VC,22100A,TURNS:IMPROPER RIGHT HAND TURN (I),other,22100A,22100,0,all,All-source population only; outside the selected statute-family indicators,1,1,https://leginfo.legislature.ca.gov/faces/codes_displaySection.xhtml?lawCode=VEH&sectionNum=22100.
VC,22100B,TURNS:IMPROPER LEFT HAND TURN (I),other,22100B,22100,0,all,All-source population only; outside the selected statute-family indicators,1,1,https://leginfo.legislature.ca.gov/faces/codes_displaySection.xhtml?lawCode=VEH&sectionNum=22100.
VC,22106,UNSAFE START ON HWY (I),other,22106,22106,0,all,All-source population only; outside the selected statute-family indicators,1,1,https://leginfo.legislature.ca.gov/faces/codes_displaySection.xhtml?lawCode=VEH&sectionNum=22106.
VC,22348A,EXCEED SPEED LIMIT AS SET IN VC 22349 OR VC 22356 (I),other,22348A,22348,0,all,All-source population only; outside the selected statute-family indicators,1,1,https://leginfo.legislature.ca.gov/faces/codes_displaySection.xhtml?lawCode=VEH&sectionNum=22348.
VC,22350,UNSAFE SPEED (BASIC SPEED LAW),other,22350,22350,0,all,All-source population only; outside the selected statute-family indicators,1,1,https://leginfo.legislature.ca.gov/faces/codes_displaySection.xhtml?lawCode=VEH&sectionNum=22350.
VC,22356(B),EXCEED 70 MPH ON FREEWAY WHERE POSTED (I),other,22356(B),22356,0,all,All-source population only; outside the selected statute-family indicators,1,1,https://leginfo.legislature.ca.gov/faces/codes_displaySection.xhtml?lawCode=VEH&sectionNum=22356.
VC,22451B,"SHALL NOT PROCEED THROUGH, AROUND, UNDER CLOSED CROSSING GATE (I)",other,22451B,22451,0,all,All-source population only; outside the selected statute-family indicators,1,1,https://leginfo.legislature.ca.gov/faces/codes_displaySection.xhtml?lawCode=VEH&sectionNum=22451.
VC,22507.8A,PARK IN DISABLED PARKING STALL WITHOUT PROPER PLACARD (I),other,22507.8A,22507.8,0,all,All-source population only; outside the selected statute-family indicators,1,1,https://leginfo.legislature.ca.gov/faces/codes_displaySection.xhtml?lawCode=VEH&sectionNum=22507.8.
VC,22517,UNSAFE OPENING OF VEH DOOR (I),other,22517,22517,0,all,All-source population only; outside the selected statute-family indicators,1,1,https://leginfo.legislature.ca.gov/faces/codes_displaySection.xhtml?lawCode=VEH&sectionNum=22517.
VC,22520.5(A),VENDING ON/NEAR FREEWAY (I),other,22520.5(A),22520.5,0,all,All-source population only; outside the selected statute-family indicators,1,1,https://leginfo.legislature.ca.gov/faces/codes_displaySection.xhtml?lawCode=VEH&sectionNum=22520.5.
VC,22651(M),VEHICLE ON ROADWAY - BLOCK SPECIAL ACCESS - SIGNS POSTED (I),other,22651(M),22651,0,all,All-source population only; outside the selected statute-family indicators,1,1,https://leginfo.legislature.ca.gov/faces/codes_displaySection.xhtml?lawCode=VEH&sectionNum=22651.
VC,22651O,"DISPLAY PERMIT, STICKER, PLATE NOT ISSUED FOR THAT VEHICLE (I)",other,22651O,22651,0,all,All-source population only; outside the selected statute-family indicators,1,1,https://leginfo.legislature.ca.gov/faces/codes_displaySection.xhtml?lawCode=VEH&sectionNum=22651.
VC,23103(A),RECKLESS DRVG:HWY,other,23103(A),23103,0,all|driving,driving: explicit VC numeric statute family 23103,1,1,https://leginfo.legislature.ca.gov/faces/codes_displaySection.xhtml?lawCode=VEH&sectionNum=23103.
VC,23109(C),ILLEGAL SPEED EXHIBITION,other,23109(C),23109,0,all|driving,driving: explicit VC numeric statute family 23109,1,1,https://leginfo.legislature.ca.gov/faces/codes_displaySection.xhtml?lawCode=VEH&sectionNum=23109.
VC,23111,THROW CIGARETTE/MATCH/ETC ON HWY (M),other,23111,23111,0,all,All-source population only; outside the selected statute-family indicators,1,1,https://leginfo.legislature.ca.gov/faces/codes_displaySection.xhtml?lawCode=VEH&sectionNum=23111.
VC,23114(B),ILLEGAL TRANS AGGREGATE:HWY (M),other,23114(B),23114,0,all,All-source population only; outside the selected statute-family indicators,1,1,https://leginfo.legislature.ca.gov/faces/codes_displaySection.xhtml?lawCode=VEH&sectionNum=23114.
VC,23136,DUI:UNDER 21YR W/BA.01 (ZERO TOLERANCE),other,23136,23136,0,all|driving,driving: explicit VC numeric statute family 23136,1,1,https://leginfo.legislature.ca.gov/faces/codes_displaySection.xhtml?lawCode=VEH&sectionNum=23136.
VC,23136(A),DUI:UNDER 21YR W/BA.01 (ZERO TOLERANCE),other,23136(A),23136,0,all|driving,driving: explicit VC numeric statute family 23136,1,1,https://leginfo.legislature.ca.gov/faces/codes_displaySection.xhtml?lawCode=VEH&sectionNum=23136.
VC,23140(A),MINOR  UNDER 21YR DRIVE W/BAC 0.05,other,23140(A),23140,0,all|driving,driving: explicit VC numeric statute family 23140,1,1,https://leginfo.legislature.ca.gov/faces/codes_displaySection.xhtml?lawCode=VEH&sectionNum=23140.
VC,23140A,MINOR UNDER 21YR DRIVE W/BAC 0.05,other,23140A,23140,0,all|driving,driving: explicit VC numeric statute family 23140,1,1,https://leginfo.legislature.ca.gov/faces/codes_displaySection.xhtml?lawCode=VEH&sectionNum=23140.
VC,23153(F),DUI DRUG:CAUSING BODILY INJURY (M),other,23153(F),23153,0,all|driving,driving: explicit VC numeric statute family 23153,1,1,https://leginfo.legislature.ca.gov/faces/codes_displaySection.xhtml?lawCode=VEH&sectionNum=23153.
VC,23154(A),OPERATE MOTOR VEHICLE W/0.01% OR MORE BAC WHILE ON PROBATION,other,23154(A),23154,0,all|driving,driving: explicit VC numeric statute family 23154,1,1,https://leginfo.legislature.ca.gov/faces/codes_displaySection.xhtml?lawCode=VEH&sectionNum=23154.
VC,23221(A),NO DRIVER SHALL DRINK ANY ALCOHOLIC BEVERAGE WHILE ON HIGHWAY (I),other,23221(A),23221,0,all,All-source population only; outside the selected statute-family indicators,1,1,https://leginfo.legislature.ca.gov/faces/codes_displaySection.xhtml?lawCode=VEH&sectionNum=23221.
VC,23247(D),TAMPER/ETC WITH IGNITION INTERLOCK DEV (M),other,23247(D),23247,0,all,All-source population only; outside the selected statute-family indicators,1,1,https://leginfo.legislature.ca.gov/faces/codes_displaySection.xhtml?lawCode=VEH&sectionNum=23247.
VC,23247(E),DRIVE W/O INTERLOCK DEV WHEN REQUIRED,other,23247(E),23247,0,all,All-source population only; outside the selected statute-family indicators,1,1,https://leginfo.legislature.ca.gov/faces/codes_displaySection.xhtml?lawCode=VEH&sectionNum=23247.
VC,23550.5(A),DRIVING UNDER INFLUENCE WITHIN 10 YEARS OF PRIOR FELONY DUI,other,23550.5(A),23550.5,0,all|driving,driving: explicit VC numeric statute family 23550.5,1,1,https://leginfo.legislature.ca.gov/faces/codes_displaySection.xhtml?lawCode=VEH&sectionNum=23550.5.
VC,23573(I),FAILURE TO INSTALL INTERLOCK DEVICE (M),other,23573(I),23573,0,all,All-source population only; outside the selected statute-family indicators,1,1,https://leginfo.legislature.ca.gov/faces/codes_displaySection.xhtml?lawCode=VEH&sectionNum=23573.
VC,24003,VEHICLE WITH UNLAWFUL LAMPS (I),other,24003,24003,0,all,All-source population only; outside the selected statute-family indicators,1,1,https://leginfo.legislature.ca.gov/faces/codes_displaySection.xhtml?lawCode=VEH&sectionNum=24003.
VC,24400,AT LEAST 2 HEADLAMPS ON DURING DARKNESS (NOT MOTORCYCLES) (I),other,24400,24400,0,all,All-source population only; outside the selected statute-family indicators,1,1,https://leginfo.legislature.ca.gov/faces/codes_displaySection.xhtml?lawCode=VEH&sectionNum=24400.
VC,24603E,STOPLAMPS MUST BE RED OR YELLOW (I),other,24603E,24603,0,all,All-source population only; outside the selected statute-family indicators,1,1,https://leginfo.legislature.ca.gov/faces/codes_displaySection.xhtml?lawCode=VEH&sectionNum=24603.
VC,26709B1,VEH SIDEVIEW MIRROR VIOL (I),other,26709B1,26709,0,all,All-source population only; outside the selected statute-family indicators,1,1,https://leginfo.legislature.ca.gov/faces/codes_displaySection.xhtml?lawCode=VEH&sectionNum=26709.
VC,27001,MISUSE VEH HORN (I),other,27001,27001,0,all,All-source population only; outside the selected statute-family indicators,1,1,https://leginfo.legislature.ca.gov/faces/codes_displaySection.xhtml?lawCode=VEH&sectionNum=27001.
VC,27151,ILLEGAL MODIFIED EXHAUST SYS:NOISE (I),other,27151,27151,0,all,All-source population only; outside the selected statute-family indicators,1,1,https://leginfo.legislature.ca.gov/faces/codes_displaySection.xhtml?lawCode=VEH&sectionNum=27151.
VC,27153,EXCESSIVE EXHAUST VIOL (I),other,27153,27153,0,all,All-source population only; outside the selected statute-family indicators,1,1,https://leginfo.legislature.ca.gov/faces/codes_displaySection.xhtml?lawCode=VEH&sectionNum=27153.
VC,27315E,PASSENGER 16+ FAIL TO WEAR SAFETY BELT (I),other,27315E,27315,0,all,All-source population only; outside the selected statute-family indicators,1,1,https://leginfo.legislature.ca.gov/faces/codes_displaySection.xhtml?lawCode=VEH&sectionNum=27315.
VC,27400,HEADSET/ETC VIOL:VEH/BICYCLE (I),other,27400,27400,0,all,All-source population only; outside the selected statute-family indicators,1,1,https://leginfo.legislature.ca.gov/faces/codes_displaySection.xhtml?lawCode=VEH&sectionNum=27400.
VC,2800,FAIL TO OBEY PEACE OFFICER:LAWFUL ORDER OR INSPECTION,other,2800,2800,0,all,All-source population only; outside the selected statute-family indicators,1,1,https://leginfo.legislature.ca.gov/faces/codes_displaySection.xhtml?lawCode=VEH&sectionNum=2800.
VC,2800(A),FAIL TO OBEY PEACE OFFICER:LAWFUL ORDER OR INSPECTION,other,2800(A),2800,0,all,All-source population only; outside the selected statute-family indicators,1,1,https://leginfo.legislature.ca.gov/faces/codes_displaySection.xhtml?lawCode=VEH&sectionNum=2800.
VC,2800.1(A),EVADING PEACE OFFICER,other,2800.1(A),2800.1,0,all|driving,driving: explicit VC numeric statute family 2800.1,1,1,https://leginfo.legislature.ca.gov/faces/codes_displaySection.xhtml?lawCode=VEH&sectionNum=2800.1.
VC,2800.2(A),EVADE PEACE OFFICER WITH WANTON DISREGARD FOR SAFETY,other,2800.2(A),2800.2,0,all|driving,driving: explicit VC numeric statute family 2800.2,1,1,https://leginfo.legislature.ca.gov/faces/codes_displaySection.xhtml?lawCode=VEH&sectionNum=2800.2.
VC,2800.4,EVADING A PEACE OFFICER:WRONG WAY DRIVER,other,2800.4,2800.4,0,all|driving,driving: explicit VC numeric statute family 2800.4,1,1,https://leginfo.legislature.ca.gov/faces/codes_displaySection.xhtml?lawCode=VEH&sectionNum=2800.4.
VC,28051,UNLAWFUL ALTERATION OF ODOMETER (M),other,28051,28051,0,all,All-source population only; outside the selected statute-family indicators,1,1,https://leginfo.legislature.ca.gov/faces/codes_displaySection.xhtml?lawCode=VEH&sectionNum=28051.
VC,2818,CROSS A TRAFFIC CONTROL CONE PATTERN/ELECTRONIC BEACON,other,2818,2818,0,all,All-source population only; outside the selected statute-family indicators,1,1,https://leginfo.legislature.ca.gov/faces/codes_displaySection.xhtml?lawCode=VEH&sectionNum=2818.
VC,2818,CROSS A TRAFFIC CONTROL CONE PATTERN/ELECTRONIC BEACON (I),other,2818,2818,0,all,All-source population only; outside the selected statute-family indicators,1,1,https://leginfo.legislature.ca.gov/faces/codes_displaySection.xhtml?lawCode=VEH&sectionNum=2818.
VC,38010A,OFF HIGHWAY VEHICLE FAIL TO DISPLAY ID PLATE (I),other,38010A,38010,0,all,All-source population only; outside the selected statute-family indicators,1,1,https://leginfo.legislature.ca.gov/faces/codes_displaySection.xhtml?lawCode=VEH&sectionNum=38010.
VC,38170B,ID PLATE TO BE SECURELY FASTENED AND VISIBLE (I),other,38170B,38170,0,all,All-source population only; outside the selected statute-family indicators,1,1,https://leginfo.legislature.ca.gov/faces/codes_displaySection.xhtml?lawCode=VEH&sectionNum=38170.
VC,38335,OFF HWY VEH:HEADLAMP VIOL (I),other,38335,38335,0,all,All-source population only; outside the selected statute-family indicators,1,1,https://leginfo.legislature.ca.gov/faces/codes_displaySection.xhtml?lawCode=VEH&sectionNum=38335.
VC,4000(A)(1),CURRENT VEHICLE REGISTRATION REQUIRED,other,4000(A)(1),4000,0,all,All-source population only; outside the selected statute-family indicators,1,1,https://leginfo.legislature.ca.gov/faces/codes_displaySection.xhtml?lawCode=VEH&sectionNum=4000.
VC,4152.5,FAIL TO REGISTER FOREIGN VEHICLE IN CALIFORNIA (I),other,4152.5,4152.5,0,all,All-source population only; outside the selected statute-family indicators,1,1,https://leginfo.legislature.ca.gov/faces/codes_displaySection.xhtml?lawCode=VEH&sectionNum=4152.5.
VC,4462.5,UNLAWFUL DISPLAY OF FALSE REGISTRATION/ETC.,other,4462.5,4462.5,0,all,All-source population only; outside the selected statute-family indicators,1,1,https://leginfo.legislature.ca.gov/faces/codes_displaySection.xhtml?lawCode=VEH&sectionNum=4462.5.
VC,4463(B)(3),POSS/SELL ANY DISABLED PERS PLACARD:INTENT:FRAUD (M),other,4463(B)(3),4463,0,all,All-source population only; outside the selected statute-family indicators,1,1,https://leginfo.legislature.ca.gov/faces/codes_displaySection.xhtml?lawCode=VEH&sectionNum=4463.
VC,4464,DISPLAY ALTERED LIC PLATE (I),other,4464,4464,0,all,All-source population only; outside the selected statute-family indicators,1,1,https://leginfo.legislature.ca.gov/faces/codes_displaySection.xhtml?lawCode=VEH&sectionNum=4464.
VC,5017A,SPECIAL VEH:IDENT PLATE DISPLAY VIOL (I),other,5017A,5017,0,all,All-source population only; outside the selected statute-family indicators,1,1,https://leginfo.legislature.ca.gov/faces/codes_displaySection.xhtml?lawCode=VEH&sectionNum=5017.
VC,5200,TWO PLATES REQUIRED,other,5200,5200,0,all,All-source population only; outside the selected statute-family indicators,1,1,https://leginfo.legislature.ca.gov/faces/codes_displaySection.xhtml?lawCode=VEH&sectionNum=5200.
VC,5201(C),OBSTRUCT PLATE WITH CASING/SHIELD/FRAME/BORDER/PRODUCT OR OTHER DEVICE (I),other,5201(C),5201,0,all,All-source population only; outside the selected statute-family indicators,1,1,https://leginfo.legislature.ca.gov/faces/codes_displaySection.xhtml?lawCode=VEH&sectionNum=5201.
VC,5201.1(A),LICENSE PLATE - OBSCURED (I),other,5201.1(A),5201.1,0,all,All-source population only; outside the selected statute-family indicators,1,1,https://leginfo.legislature.ca.gov/faces/codes_displaySection.xhtml?lawCode=VEH&sectionNum=5201.1.
VSMC,9.20.020C,NO PERSON SHALL CAMP ETC. ON PRIVATE PROPERTY W/O PERMISSION,other,9.20.020C,9.20,0,all,All-source population only; outside the selected statute-family indicators,1,1,
VSMC,9.20.030,"LOITER, REMAIN ON W/O APPARENT REASON/BUSINESS/PARKING LOT/SHOPPING CENTER",other,9.20.030,9.20,0,all,All-source population only; outside the selected statute-family indicators,1,1,
VSMC,9.32.030,CITY SOCIAL HOST PROHIBITION-MINOR CONSUMES ALCOHOL/CONTROLLED SUB AT PARTY,other,9.32.030,9.32,0,all,All-source population only; outside the selected statute-family indicators,1,1,
WI,10980(B),CLAIM AID WITH MULTIPLE OR FALSE APPLICATIONS (F),other,10980(B),10980,0,all,All-source population only; outside the selected statute-family indicators,1,1,
WI,8102(A),CONFISCATION OF FIREARM,other,8102(A),8102,0,all,All-source population only; outside the selected statute-family indicators,1,1,
ZZ,8,DESERTION,other,8,8,0,all,All-source population only; outside the selected statute-family indicators,1,1,
