Violation Type,Violation Section,Violation Description,tier,dv_subtype,classification_reason,row_count,event_count,rows_2018_2023,rows_2024,rows_2025
PC,245A1,ASSAULT W/DEADLY WEAPON:NOT F/ARM (F),ambiguous_review,potential_interpersonal_offense,General offense may involve DV but does not identify relationship. Exclude from DV count without qualifying co-charge.,2399,2381,1960.0,272.0,167.0
PC,243A,BATTERY ON PERSON (M),ambiguous_review,potential_interpersonal_offense,General offense may involve DV but does not identify relationship. Exclude from DV count without qualifying co-charge.,2336,2315,1810.0,331.0,195.0
PC,166(A)(4),CONTEMPT OF COURT:DISOBEY COURT ORDER (M),ambiguous_review,court_order_or_stalking,Relationship not identified; do not count as DV absent other qualifying charge on same event.,1611,1601,1330.0,167.0,114.0
PC,211,ROBBERY (F),ambiguous_review,potential_interpersonal_offense,General offense may involve DV but does not identify relationship. Exclude from DV count without qualifying co-charge.,1354,1327,1095.0,188.0,71.0
PC,245(A)(4),ADW WITH FORCE:POSSIBLE GBI (F),ambiguous_review,potential_interpersonal_offense,General offense may involve DV but does not identify relationship. Exclude from DV count without qualifying co-charge.,1030,1022,774.0,164.0,92.0
PC,422A,THREATEN CRIME WITH INTENT TO TERRORIZE (F),ambiguous_review,potential_interpersonal_offense,General offense may involve DV but does not identify relationship. Exclude from DV count without qualifying co-charge.,1001,997,830.0,99.0,72.0
PC,166(C)(1),CONTEMPT OF COURT:VIOLATE PROTECTIVE ORDER (M),ambiguous_review,court_order_or_stalking,Relationship not identified; do not count as DV absent other qualifying charge on same event.,918,918,691.0,138.0,89.0
PC,273A(A),WILLFUL CRUELTY TO CHILD WITHOUT INJURY OR DEATH (F),ambiguous_review,child_or_elder_abuse,"May occur within family, but charge alone does not identify relationship or intimate-partner violence.",723,723,723.0,0.0,0.0
PC,242,SIMPLE BATTERY (M),ambiguous_review,potential_interpersonal_offense,General offense may involve DV but does not identify relationship. Exclude from DV count without qualifying co-charge.,644,643,524.0,67.0,53.0
PC,273A(B),WILLFUL CRUELTY TO CHILD NO GBI (M),ambiguous_review,child_or_elder_abuse,"May occur within family, but charge alone does not identify relationship or intimate-partner violence.",549,546,427.0,56.0,66.0
PC,243D,BATTERY W/SER BODILY INJURY (F),ambiguous_review,potential_interpersonal_offense,General offense may involve DV but does not identify relationship. Exclude from DV count without qualifying co-charge.,538,526,435.0,72.0,31.0
PC,368(B)(1),CAUSE HARM/DEATH OF ELDER /DEPENDENT ADULT (F),ambiguous_review,child_or_elder_abuse,"May occur within family, but charge alone does not identify relationship or intimate-partner violence.",492,491,318.0,123.0,51.0
PC,273A(A),WILLFUL CRUELTY TO CHILD: WITH INJURY/DEATH (F),ambiguous_review,child_or_elder_abuse,"May occur within family, but charge alone does not identify relationship or intimate-partner violence.",464,452,289.0,101.0,74.0
PC,236,FALSE IMPRISON W/VIOL/MENACE/FRAUD/DECEIT (F),ambiguous_review,potential_interpersonal_offense,General offense may involve DV but does not identify relationship. Exclude from DV count without qualifying co-charge.,344,343,288.0,34.0,22.0
PC,591.5,OBSTRUCT USE OF ANY WIRELESS COMMUNICATION DEVICE (M),ambiguous_review,potential_interpersonal_offense,General offense may involve DV but does not identify relationship. Exclude from DV count without qualifying co-charge.,335,335,249.0,52.0,34.0
PC,368(B)(1),LIKELY TO CAUSE HARM/DEATH OF ELDER /DEPENDENT ADULT (F),ambiguous_review,child_or_elder_abuse,"May occur within family, but charge alone does not identify relationship or intimate-partner violence.",332,332,331.0,1.0,0.0
PC,368C,ELDER ABUSE/NEGLECT (M),ambiguous_review,child_or_elder_abuse,"May occur within family, but charge alone does not identify relationship or intimate-partner violence.",325,325,229.0,54.0,42.0
PC,245A2,ADW:ASSAULT WITH FIREARM ON PERS (F),ambiguous_review,potential_interpersonal_offense,General offense may involve DV but does not identify relationship. Exclude from DV count without qualifying co-charge.,245,244,188.0,41.0,16.0
PC,21510(B),CARRY SWITCHBLADE KNIFE ON PERSON (M),ambiguous_review,potential_interpersonal_offense,General offense may involve DV but does not identify relationship. Exclude from DV count without qualifying co-charge.,228,228,194.0,24.0,10.0
PC,243B,BATTERY ON PEACE OFFICER/EMERGENCY PERSONNEL/ETC (M),ambiguous_review,potential_interpersonal_offense,General offense may involve DV but does not identify relationship. Exclude from DV count without qualifying co-charge.,211,211,168.0,32.0,11.0
PC,207(A),KIDNAPPING (F),ambiguous_review,potential_interpersonal_offense,General offense may involve DV but does not identify relationship. Exclude from DV count without qualifying co-charge.,169,166,140.0,21.0,8.0
PC,236,FALSE IMPRISONMENT (M),ambiguous_review,potential_interpersonal_offense,General offense may involve DV but does not identify relationship. Exclude from DV count without qualifying co-charge.,168,168,130.0,26.0,12.0
PC,21510(A),POSSESS SWITCHBLADE IN VEHICLE (M),ambiguous_review,potential_interpersonal_offense,General offense may involve DV but does not identify relationship. Exclude from DV count without qualifying co-charge.,166,166,140.0,14.0,12.0
PC,245(A)(4),ADW WITH FORCE:POSSIBLE GBI (M),ambiguous_review,potential_interpersonal_offense,General offense may involve DV but does not identify relationship. Exclude from DV count without qualifying co-charge.,159,155,111.0,30.0,18.0
PC,243(C)(2),BATTERY AGAINST POLICE OFFICER WITH MINOR INJURY (F),ambiguous_review,potential_interpersonal_offense,General offense may involve DV but does not identify relationship. Exclude from DV count without qualifying co-charge.,126,126,101.0,19.0,6.0
PC,245A1,ASSAULT W/DEADLY WEAPON:NOT F/ARM (M),ambiguous_review,potential_interpersonal_offense,General offense may involve DV but does not identify relationship. Exclude from DV count without qualifying co-charge.,122,120,68.0,37.0,17.0
PC,187A,MURDER (F),ambiguous_review,potential_interpersonal_offense,General offense may involve DV but does not identify relationship. Exclude from DV count without qualifying co-charge.,118,118,104.0,8.0,6.0
PC,243.9A,BATTERY BY GASSING OF PO/DETENTION/INVEST/PROSECUTION EMP (F),ambiguous_review,potential_interpersonal_offense,General offense may involve DV but does not identify relationship. Exclude from DV count without qualifying co-charge.,116,116,88.0,19.0,9.0
PC,646.9(B),STALKING:TEMPORARY RESTRAINING ORDER (F),ambiguous_review,court_order_or_stalking,Relationship not identified; do not count as DV absent other qualifying charge on same event.,111,111,92.0,16.0,3.0
PC,24610,MANUFACTURE/SALE/POSSESS UNDETECTABLE FIREARM (F),ambiguous_review,potential_interpersonal_offense,General offense may involve DV but does not identify relationship. Exclude from DV count without qualifying co-charge.,105,105,88.0,13.0,4.0
PC,288(A),LEWD OR LASCIVIOUS ACTS W/CHILD UNDER 14 YEARS (F),ambiguous_review,potential_interpersonal_offense,General offense may involve DV but does not identify relationship. Exclude from DV count without qualifying co-charge.,96,96,75.0,13.0,8.0
PC,215(A),CARJACKING (F),ambiguous_review,potential_interpersonal_offense,General offense may involve DV but does not identify relationship. Exclude from DV count without qualifying co-charge.,91,90,76.0,8.0,7.0
PC,646.9(A),STALKING (F),ambiguous_review,court_order_or_stalking,Relationship not identified; do not count as DV absent other qualifying charge on same event.,90,89,71.0,14.0,5.0
PC,246.3,WILLFUL DISCHARGE OF FIREARM IN A GROSSLY NEGLIGENT MANNER (F),ambiguous_review,potential_interpersonal_offense,General offense may involve DV but does not identify relationship. Exclude from DV count without qualifying co-charge.,87,86,74.0,9.0,4.0
PC,245C,ADW NOT A FIREARM ON P.O./FIREFIGHTER:GBI LIKELY (F),ambiguous_review,potential_interpersonal_offense,General offense may involve DV but does not identify relationship. Exclude from DV count without qualifying co-charge.,86,86,73.0,7.0,6.0
PC,243.4(E)(1),SEXUAL BATTERY (M),ambiguous_review,potential_interpersonal_offense,General offense may involve DV but does not identify relationship. Exclude from DV count without qualifying co-charge.,81,81,63.0,11.0,7.0
PC,591.5,DAMAGE/DESTROY ANY WIRELESS COMMUNICATION DEVICE (M),ambiguous_review,potential_interpersonal_offense,General offense may involve DV but does not identify relationship. Exclude from DV count without qualifying co-charge.,80,80,67.0,10.0,3.0
PC,166(A)(1),CONTEMPT OF COURT:DISORD BEHAVIOR (M),ambiguous_review,court_order_or_stalking,Relationship not identified; do not count as DV absent other qualifying charge on same event.,71,71,61.0,7.0,3.0
PC,273A(A),WILLFUL CRUELTY TO CHILD:WITH MINOR INJURY (M),ambiguous_review,child_or_elder_abuse,"May occur within family, but charge alone does not identify relationship or intimate-partner violence.",62,62,31.0,18.0,13.0
PC,368(B)(1),ACTIONS LIKELY TO CAUSE HARM/DEATH OF ELDER /DEPENDENT ADULT (M),ambiguous_review,child_or_elder_abuse,"May occur within family, but charge alone does not identify relationship or intimate-partner violence.",57,56,26.0,18.0,13.0
PC,368(D),THEFT OF ELDER/DEPENDENT ADULT (LARCENY OVER $950) (F),ambiguous_review,child_or_elder_abuse,"May occur within family, but charge alone does not identify relationship or intimate-partner violence.",48,48,48.0,0.0,0.0
PC,261(A)(2),RAPE BY FORCE/FEAR (F),ambiguous_review,potential_interpersonal_offense,General offense may involve DV but does not identify relationship. Exclude from DV count without qualifying co-charge.,41,37,29.0,7.0,5.0
PC,422A,THREATEN CRIME WITH INTENT TO TERRORIZE (M),ambiguous_review,potential_interpersonal_offense,General offense may involve DV but does not identify relationship. Exclude from DV count without qualifying co-charge.,36,36,31.0,3.0,2.0
PC,243(C)(1),BATTERY AGAINST EMERGENCY PERSON MINOR INJURY (M),ambiguous_review,potential_interpersonal_offense,General offense may involve DV but does not identify relationship. Exclude from DV count without qualifying co-charge.,34,34,25.0,6.0,3.0
PC,22010,MANUFACTURE/SALE/POSSESS/ETC NUNCHAKU (F),ambiguous_review,potential_interpersonal_offense,General offense may involve DV but does not identify relationship. Exclude from DV count without qualifying co-charge.,33,33,33.0,0.0,0.0
PC,273D,INFLICT MINOR INJ UPON CHILD (F),ambiguous_review,child_or_elder_abuse,"May occur within family, but charge alone does not identify relationship or intimate-partner violence.",32,32,32.0,0.0,0.0
PC,243(C)(2),BATTERY AGAINST POLICE OFFICER WITH SERIOUS INJURY (F),ambiguous_review,potential_interpersonal_offense,General offense may involve DV but does not identify relationship. Exclude from DV count without qualifying co-charge.,31,31,24.0,5.0,2.0
PC,653M(A),ANNOYING PHONE CALL:OBSCENE/THREATENING (M),ambiguous_review,potential_interpersonal_offense,General offense may involve DV but does not identify relationship. Exclude from DV count without qualifying co-charge.,31,31,31.0,0.0,0.0
PC,368(D)(1),THEFT OF ELDER/DEPENDENT ADULT (LARCENY OVER $950) (F),ambiguous_review,child_or_elder_abuse,"May occur within family, but charge alone does not identify relationship or intimate-partner violence.",30,27,7.0,14.0,9.0
PC,243.4(A),SEXUAL BATTERY (M),ambiguous_review,potential_interpersonal_offense,General offense may involve DV but does not identify relationship. Exclude from DV count without qualifying co-charge.,29,29,27.0,0.0,2.0
PC,246.3,WILLFULLY DISCHARGE FIREARM IN A GROSSLY NEGLIGENT MANNER (M),ambiguous_review,potential_interpersonal_offense,General offense may involve DV but does not identify relationship. Exclude from DV count without qualifying co-charge.,29,29,25.0,4.0,0.0
PC,243.9A,BATTERY BY GASSING OF PO/DETENTION/INVEST/PROSECUTION EMP (M),ambiguous_review,potential_interpersonal_offense,General offense may involve DV but does not identify relationship. Exclude from DV count without qualifying co-charge.,26,26,16.0,8.0,2.0
PC,136.1(B)(1),ATT TO PREVENT/DISSUADE VIC/WIT FROM REPORTING (F),ambiguous_review,potential_interpersonal_offense,General offense may involve DV but does not identify relationship. Exclude from DV count without qualifying co-charge.,25,25,24.0,1.0,0.0
PC,240,ASSAULT ON PERS (Simple Assault) (M),ambiguous_review,potential_interpersonal_offense,General offense may involve DV but does not identify relationship. Exclude from DV count without qualifying co-charge.,25,25,21.0,4.0,0.0
PC,246,SHOOT AT INHABITED DWELLING/VEH (F),ambiguous_review,potential_interpersonal_offense,General offense may involve DV but does not identify relationship. Exclude from DV count without qualifying co-charge.,25,25,20.0,3.0,2.0
PC,245(A)(4),ADW WITH FORCE:POSSIBLE GBI,ambiguous_review,potential_interpersonal_offense,General offense may involve DV but does not identify relationship. Exclude from DV count without qualifying co-charge.,24,24,2.0,22.0,0.0
PC,243A,BATTERY ON PERSON,ambiguous_review,potential_interpersonal_offense,General offense may involve DV but does not identify relationship. Exclude from DV count without qualifying co-charge.,23,23,2.0,21.0,0.0
PC,136.1(A)(1),PREVENT/DISSUADE VIC/WIT (F),ambiguous_review,potential_interpersonal_offense,General offense may involve DV but does not identify relationship. Exclude from DV count without qualifying co-charge.,22,22,20.0,1.0,1.0
PC,273D,INFLICT SERIOUS INJ UPON A CHILD (F),ambiguous_review,child_or_elder_abuse,"May occur within family, but charge alone does not identify relationship or intimate-partner violence.",22,22,16.0,4.0,2.0
PC,261.5(C),UNL SEX INTERCOURSE W/MINOR:MORE THAN 3 YRS YOUNGER (F),ambiguous_review,potential_interpersonal_offense,General offense may involve DV but does not identify relationship. Exclude from DV count without qualifying co-charge.,21,21,19.0,1.0,1.0
PC,288.5(A),CONTINUOUS SEXUAL ABUSE OF CHILD (F),ambiguous_review,potential_interpersonal_offense,General offense may involve DV but does not identify relationship. Exclude from DV count without qualifying co-charge.,18,18,10.0,6.0,2.0
PC,245A1,ASSAULT W/DEADLY WEAPON:NOT F/ARM,ambiguous_review,potential_interpersonal_offense,General offense may involve DV but does not identify relationship. Exclude from DV count without qualifying co-charge.,17,16,0.0,17.0,0.0
PC,245B,ASSAULT PERSON WITH A SEMIAUTOMATIC FIREARM (F),ambiguous_review,potential_interpersonal_offense,General offense may involve DV but does not identify relationship. Exclude from DV count without qualifying co-charge.,17,17,14.0,0.0,3.0
PC,273A(A),WILLFUL CRUELTY TO CHILD: WITH INJURY/DEATH,ambiguous_review,child_or_elder_abuse,"May occur within family, but charge alone does not identify relationship or intimate-partner violence.",17,16,0.0,17.0,0.0
PC,422.7(A),VIOLATE CIVIL RIGHTS:CAUSE VIOLENT INJ (FELONY) (F),ambiguous_review,potential_interpersonal_offense,General offense may involve DV but does not identify relationship. Exclude from DV count without qualifying co-charge.,17,16,14.0,3.0,0.0
PC,241C,ASSAULT ON PEACE OFFICER/EMERGENCY PERSONNEL/ETC (M),ambiguous_review,potential_interpersonal_offense,General offense may involve DV but does not identify relationship. Exclude from DV count without qualifying co-charge.,16,16,7.0,5.0,4.0
PC,368(F),FALSE IMPRISONMENT OF ELDER (F),ambiguous_review,child_or_elder_abuse,"May occur within family, but charge alone does not identify relationship or intimate-partner violence.",16,16,14.0,2.0,0.0
PC,422A,THREATEN CRIME WITH INTENT TO TERRORIZE,ambiguous_review,potential_interpersonal_offense,General offense may involve DV but does not identify relationship. Exclude from DV count without qualifying co-charge.,16,16,0.0,16.0,0.0
PC,243(C)(1),BATTERY AGAINST EMERGENCY PERSON SERIOUS INJURY (F),ambiguous_review,potential_interpersonal_offense,General offense may involve DV but does not identify relationship. Exclude from DV count without qualifying co-charge.,15,15,10.0,5.0,0.0
PC,288(B)(1),LEWD AND LASCIVIOUS ACTS WITH CHILD UNDER 14 W/FORCE/ETC (F),ambiguous_review,potential_interpersonal_offense,General offense may involve DV but does not identify relationship. Exclude from DV count without qualifying co-charge.,15,15,8.0,3.0,4.0
PC,288(C)(1),LEWD & LASCIVIOUS ACT W/CHILD 14/15:DEFENDANT 10 YRS OLDER 11D (F),ambiguous_review,potential_interpersonal_offense,General offense may involve DV but does not identify relationship. Exclude from DV count without qualifying co-charge.,15,15,14.0,1.0,0.0
PC,368(B)(1),CAUSE HARM/DEATH OF ELDER /DEPENDENT ADULT,ambiguous_review,child_or_elder_abuse,"May occur within family, but charge alone does not identify relationship or intimate-partner violence.",15,15,0.0,15.0,0.0
PC,591,DAMAGE ETC/USE ETC/POWER CONNECTING LINES (F),ambiguous_review,potential_interpersonal_offense,General offense may involve DV but does not identify relationship. Exclude from DV count without qualifying co-charge.,15,15,14.0,1.0,0.0
PC,18710(A),POSSESS DESTRUCTIVE DEVICE (F),ambiguous_review,potential_interpersonal_offense,General offense may involve DV but does not identify relationship. Exclude from DV count without qualifying co-charge.,14,14,11.0,2.0,1.0
PC,220(A),ASSAULT W/INTENT TO COMMIT RAPE (F),ambiguous_review,potential_interpersonal_offense,General offense may involve DV but does not identify relationship. Exclude from DV count without qualifying co-charge.,14,14,14.0,0.0,0.0
PC,166(A)(4),CONTEMPT OF COURT:DISOBEY COURT ORDER,ambiguous_review,court_order_or_stalking,Relationship not identified; do not count as DV absent other qualifying charge on same event.,13,13,0.0,13.0,0.0
PC,166(C)(1),CONTEMPT OF COURT:VIOLATE PROTECTIVE ORDER,ambiguous_review,court_order_or_stalking,Relationship not identified; do not count as DV absent other qualifying charge on same event.,13,13,0.0,13.0,0.0
PC,289A,SEXUAL PENETRATION W/FORCE/FEAR/ETC (F),ambiguous_review,potential_interpersonal_offense,General offense may involve DV but does not identify relationship. Exclude from DV count without qualifying co-charge.,13,13,11.0,1.0,1.0
PC,368(D),THEFT OF ELDER/DEPENDENT ADULT (LARCENY $950 OR LESS) (M),ambiguous_review,child_or_elder_abuse,"May occur within family, but charge alone does not identify relationship or intimate-partner violence.",13,13,13.0,0.0,0.0
PC,211,ROBBERY,ambiguous_review,potential_interpersonal_offense,General offense may involve DV but does not identify relationship. Exclude from DV count without qualifying co-charge.,12,12,1.0,11.0,0.0
PC,242,SIMPLE BATTERY,ambiguous_review,potential_interpersonal_offense,General offense may involve DV but does not identify relationship. Exclude from DV count without qualifying co-charge.,12,12,0.0,12.0,0.0
PC,245(A)(1),ASSAULT W/DEADLY WEAPON:NOT F/ARM,ambiguous_review,potential_interpersonal_offense,General offense may involve DV but does not identify relationship. Exclude from DV count without qualifying co-charge.,12,12,0.0,12.0,0.0
PC,243.2A,BATTERY ON PERSON ON SCHOOL/HOSPITAL/PARK PROPERTY (M),ambiguous_review,potential_interpersonal_offense,General offense may involve DV but does not identify relationship. Exclude from DV count without qualifying co-charge.,11,11,7.0,4.0,0.0
PC,368(E),FIN ELDER ABUSE BY CARETAKER (F),ambiguous_review,child_or_elder_abuse,"May occur within family, but charge alone does not identify relationship or intimate-partner violence.",11,11,11.0,0.0,0.0
PC,136.1C1,PREVENT/DISSUADE WIT VIC BY THREAT/FORCE (F),ambiguous_review,potential_interpersonal_offense,General offense may involve DV but does not identify relationship. Exclude from DV count without qualifying co-charge.,10,10,10.0,0.0,0.0
PC,287(C)(2)(A),ORAL COPULATION W/ FORCE OR FEAR (F),ambiguous_review,potential_interpersonal_offense,General offense may involve DV but does not identify relationship. Exclude from DV count without qualifying co-charge.,10,10,10.0,0.0,0.0
PC,288.7(A),INTERCOURSE:VICTIM UNDER 10 YEARS OF AGE (F),ambiguous_review,potential_interpersonal_offense,General offense may involve DV but does not identify relationship. Exclude from DV count without qualifying co-charge.,10,10,8.0,2.0,0.0
PC,29825(A),PROHIBITED BY COURT ORDERS:PURCHASE/ETC FIREARM (F),ambiguous_review,court_order_or_stalking,Relationship not identified; do not count as DV absent other qualifying charge on same event.,10,10,8.0,0.0,2.0
PC,29825(B),PROHIBITED OWN /POSSESS FIREARM DENIED BY COURT ORDERS (M),ambiguous_review,court_order_or_stalking,Relationship not identified; do not count as DV absent other qualifying charge on same event.,10,10,10.0,0.0,0.0
PC,136.1(A)(2),ATT TO PREVENT/DISSUADE VIC/WIT (F),ambiguous_review,potential_interpersonal_offense,General offense may involve DV but does not identify relationship. Exclude from DV count without qualifying co-charge.,9,9,8.0,1.0,0.0
PC,236.1(C),HUMAN TRAFFICKING OF VICTIM UNDER 18 YEARS OF AGE (F),ambiguous_review,potential_interpersonal_offense,General offense may involve DV but does not identify relationship. Exclude from DV count without qualifying co-charge.,9,8,7.0,0.0,2.0
PC,244,ASSAULT WITH CAUSTIC CHEMICAL (F),ambiguous_review,potential_interpersonal_offense,General offense may involve DV but does not identify relationship. Exclude from DV count without qualifying co-charge.,9,9,6.0,3.0,0.0
PC,246.3(B),DISCHARGE BB DEVICE IN GROSSLY NEGLIGENT MANNER (M),ambiguous_review,potential_interpersonal_offense,General offense may involve DV but does not identify relationship. Exclude from DV count without qualifying co-charge.,9,9,9.0,0.0,0.0
PC,261.5(D),UNL SEXUAL INTERCOURSE W/MINOR:PERP 21+ VIC -16 (F),ambiguous_review,potential_interpersonal_offense,General offense may involve DV but does not identify relationship. Exclude from DV count without qualifying co-charge.,9,9,7.0,0.0,2.0
PC,368C,ELDER ABUSE/NEGLECT,ambiguous_review,child_or_elder_abuse,"May occur within family, but charge alone does not identify relationship or intimate-partner violence.",9,9,0.0,9.0,0.0
PC,243(A),BATTERY ON PERSON,ambiguous_review,potential_interpersonal_offense,General offense may involve DV but does not identify relationship. Exclude from DV count without qualifying co-charge.,8,8,0.0,8.0,0.0
PC,243.3,BATTERY ON TRANSPORTATION PERSONNEL/PASSENGER (M),ambiguous_review,potential_interpersonal_offense,General offense may involve DV but does not identify relationship. Exclude from DV count without qualifying co-charge.,8,8,6.0,2.0,0.0
PC,243.4(A),SEXUAL BATT BY RESTRAINT (F),ambiguous_review,potential_interpersonal_offense,General offense may involve DV but does not identify relationship. Exclude from DV count without qualifying co-charge.,8,8,2.0,3.0,3.0
PC,243.4(A),SEXUAL BATTERY (F),ambiguous_review,potential_interpersonal_offense,General offense may involve DV but does not identify relationship. Exclude from DV count without qualifying co-charge.,8,8,8.0,0.0,0.0
PC,244.5B,ASSAULT WITH STUN GUN/TASER (F),ambiguous_review,potential_interpersonal_offense,General offense may involve DV but does not identify relationship. Exclude from DV count without qualifying co-charge.,8,8,7.0,1.0,0.0
PC,245(D)(1),ASSAULT W/FIREARM ON PEACE OFFICER/FIREFIGHTER (F),ambiguous_review,potential_interpersonal_offense,General offense may involve DV but does not identify relationship. Exclude from DV count without qualifying co-charge.,8,8,8.0,0.0,0.0
PC,261(A)(4),RAPE:VICTIM WAS UNCONSCIOUS OR ASLEEP (F),ambiguous_review,potential_interpersonal_offense,General offense may involve DV but does not identify relationship. Exclude from DV count without qualifying co-charge.,8,8,8.0,0.0,0.0
PC,653M(B),ANNOYING REPEATED PHONE CALLS:RES (M),ambiguous_review,potential_interpersonal_offense,General offense may involve DV but does not identify relationship. Exclude from DV count without qualifying co-charge.,8,8,8.0,0.0,0.0
PC,18715(A),RECKLESSLY POSS EXOSIVE/DESTRUCTIVE DEVICE IN PUBLIC (F),ambiguous_review,potential_interpersonal_offense,General offense may involve DV but does not identify relationship. Exclude from DV count without qualifying co-charge.,7,7,7.0,0.0,0.0
PC,273A(B),WILLFUL CRUELTY TO CHILD NO GBI,ambiguous_review,child_or_elder_abuse,"May occur within family, but charge alone does not identify relationship or intimate-partner violence.",7,7,0.0,7.0,0.0
PC,278,CHILD STEALING (F),ambiguous_review,potential_interpersonal_offense,General offense may involve DV but does not identify relationship. Exclude from DV count without qualifying co-charge.,7,7,7.0,0.0,0.0
PC,288.3,CONTACT MINOR WITH INTENT SEX (F),ambiguous_review,potential_interpersonal_offense,General offense may involve DV but does not identify relationship. Exclude from DV count without qualifying co-charge.,7,7,3.0,2.0,2.0
PC,288A(C)(2),ORAL COPULATION BY FORCE OR FEAR (F),ambiguous_review,potential_interpersonal_offense,General offense may involve DV but does not identify relationship. Exclude from DV count without qualifying co-charge.,7,7,7.0,0.0,0.0
PC,368(E)(1),THEFT FROM ELDER/DEP ADULT BY CARETAKER [OVER $950] (F),ambiguous_review,child_or_elder_abuse,"May occur within family, but charge alone does not identify relationship or intimate-partner violence.",7,7,4.0,2.0,1.0
PC,646.9(C),STALKING W/PR (F),ambiguous_review,court_order_or_stalking,Relationship not identified; do not count as DV absent other qualifying charge on same event.,7,7,7.0,0.0,0.0
PC,653M(A),ANNOYING PHONE CALL OBSCENE/THREATENING - INTIMIDATION (M),ambiguous_review,potential_interpersonal_offense,General offense may involve DV but does not identify relationship. Exclude from DV count without qualifying co-charge.,7,7,1.0,2.0,4.0
PC,22010,MANUFACTURE/SALE/POSSESS/ETC NUNCHAKU (M),ambiguous_review,potential_interpersonal_offense,General offense may involve DV but does not identify relationship. Exclude from DV count without qualifying co-charge.,6,6,6.0,0.0,0.0
PC,243.4(A),SEXUAL BATT BY RESTRAINT (M),ambiguous_review,potential_interpersonal_offense,General offense may involve DV but does not identify relationship. Exclude from DV count without qualifying co-charge.,6,6,1.0,3.0,2.0
PC,243D,BATTERY W/SER BODILY INJURY,ambiguous_review,potential_interpersonal_offense,General offense may involve DV but does not identify relationship. Exclude from DV count without qualifying co-charge.,6,5,0.0,6.0,0.0
PC,287(B)(1),ORAL COPULATION W/ PERSON UNDER 18 YEARS (F),ambiguous_review,potential_interpersonal_offense,General offense may involve DV but does not identify relationship. Exclude from DV count without qualifying co-charge.,6,6,4.0,1.0,1.0
PC,288(C)(1),LEWD & LASCIVIOUS ACT W/CHILD 14/15:DEFENDANT 10 YRS OLDER (F),ambiguous_review,potential_interpersonal_offense,General offense may involve DV but does not identify relationship. Exclude from DV count without qualifying co-charge.,6,6,5.0,0.0,1.0
PC,288.4(B),ARRANGE/GO TO MEETING WITH MINOR (F),ambiguous_review,potential_interpersonal_offense,General offense may involve DV but does not identify relationship. Exclude from DV count without qualifying co-charge.,6,6,5.0,0.0,1.0
PC,368(D)(1),THEFT OF ELDER/DEPENDENT ADULT (EMBEZZLEMENT OVER $950) (F),ambiguous_review,child_or_elder_abuse,"May occur within family, but charge alone does not identify relationship or intimate-partner violence.",6,6,1.0,3.0,2.0
PC,422.6A,VIOLATE CIVIL RIGHTS BY THREAT OF FORCE (M),ambiguous_review,potential_interpersonal_offense,General offense may involve DV but does not identify relationship. Exclude from DV count without qualifying co-charge.,6,6,5.0,1.0,0.0
PC,209(B)(1),KIDNAP TO COMMIT ROBBERY/RAPE/289 PC (F),ambiguous_review,potential_interpersonal_offense,General offense may involve DV but does not identify relationship. Exclude from DV count without qualifying co-charge.,5,5,5.0,0.0,0.0
PC,243.25,BATTERY ON ELDER OR DEPENDENT ADULT WITH NO INJURY / MINOR INJURY (M),ambiguous_review,child_or_elder_abuse,"May occur within family, but charge alone does not identify relationship or intimate-partner violence.",5,5,5.0,0.0,0.0
PC,243.4(E)(1),SEXUAL BATTERY,ambiguous_review,potential_interpersonal_offense,General offense may involve DV but does not identify relationship. Exclude from DV count without qualifying co-charge.,5,5,0.0,5.0,0.0
PC,261(A)(1),RAPE:VIC INCAPABLE OF GIVING CONSENT (F),ambiguous_review,potential_interpersonal_offense,General offense may involve DV but does not identify relationship. Exclude from DV count without qualifying co-charge.,5,5,3.0,1.0,1.0
PC,273D,INFLICT MINOR INJ UPON CHILD (M),ambiguous_review,child_or_elder_abuse,"May occur within family, but charge alone does not identify relationship or intimate-partner violence.",5,5,1.0,2.0,2.0
PC,288.7(B),FORCIBLE PENETRATION W/OBJECT:VICTIM UNDER 10 YEARS OF AGE (F),ambiguous_review,potential_interpersonal_offense,General offense may involve DV but does not identify relationship. Exclude from DV count without qualifying co-charge.,5,5,5.0,0.0,0.0
PC,288.7(B),ORAL COPULATION:VICTIM UNDER 10 YEARS OF AGE: DEF 18+ (F),ambiguous_review,potential_interpersonal_offense,General offense may involve DV but does not identify relationship. Exclude from DV count without qualifying co-charge.,5,5,0.0,2.0,3.0
PC,422.6B,DAMAGE PROP TO VIOLATE CIVIL RIGHTS (M),ambiguous_review,potential_interpersonal_offense,General offense may involve DV but does not identify relationship. Exclude from DV count without qualifying co-charge.,5,5,5.0,0.0,0.0
PC,136.1(B)(2),ATT TO PREVENT/DISSUADE VIC/WIT FROM PROSECUTING (F),ambiguous_review,potential_interpersonal_offense,General offense may involve DV but does not identify relationship. Exclude from DV count without qualifying co-charge.,4,4,2.0,0.0,2.0
PC,166(A),CONTEMPT OF COURT VIOLATE A GANG INJUNCTION (M),ambiguous_review,court_order_or_stalking,Relationship not identified; do not count as DV absent other qualifying charge on same event.,4,4,4.0,0.0,0.0
PC,166(A)(3),CONTEMPT OF COURT:BREACH OF PEACE (M),ambiguous_review,court_order_or_stalking,Relationship not identified; do not count as DV absent other qualifying charge on same event.,4,4,3.0,1.0,0.0
PC,166(A)(5),CONTEMPT OF COURT:RESIST COURT ORDER (M),ambiguous_review,court_order_or_stalking,Relationship not identified; do not count as DV absent other qualifying charge on same event.,4,4,3.0,0.0,1.0
PC,215(A),CARJACKING,ambiguous_review,potential_interpersonal_offense,General offense may involve DV but does not identify relationship. Exclude from DV count without qualifying co-charge.,4,3,2.0,2.0,0.0
PC,21510(C),SELL/TRANSFER/GIVE/ETC SWITCHBLADE KNIFE (M),ambiguous_review,potential_interpersonal_offense,General offense may involve DV but does not identify relationship. Exclude from DV count without qualifying co-charge.,4,4,3.0,1.0,0.0
PC,243(D),BATTERY W/SER BODILY INJURY,ambiguous_review,potential_interpersonal_offense,General offense may involve DV but does not identify relationship. Exclude from DV count without qualifying co-charge.,4,3,0.0,4.0,0.0
PC,261(A)(3),RAPE OF DRUGGED VIC (F),ambiguous_review,potential_interpersonal_offense,General offense may involve DV but does not identify relationship. Exclude from DV count without qualifying co-charge.,4,4,4.0,0.0,0.0
PC,26100(A),VEH DRIVER/OWNER OTHER CARRY/ETC FIREARM INTO VEHICLE (M),ambiguous_review,potential_interpersonal_offense,General offense may involve DV but does not identify relationship. Exclude from DV count without qualifying co-charge.,4,4,3.0,1.0,0.0
PC,288.7(A),SODOMY:VICTIM UNDER 10 YEARS OF AGE (F),ambiguous_review,potential_interpersonal_offense,General offense may involve DV but does not identify relationship. Exclude from DV count without qualifying co-charge.,4,4,3.0,0.0,1.0
PC,368(B)(1),ACTIONS LIKELY TO CAUSE HARM/DEATH OF ELDER /DEPENDENT ADULT,ambiguous_review,child_or_elder_abuse,"May occur within family, but charge alone does not identify relationship or intimate-partner violence.",4,4,0.0,4.0,0.0
PC,368(D),THEFT OF ELDER/DEPENDENT ADULT (EMBEZZLEMENT $950 OR LESS) (M),ambiguous_review,child_or_elder_abuse,"May occur within family, but charge alone does not identify relationship or intimate-partner violence.",4,4,4.0,0.0,0.0
PC,368(D)(2),THEFT OF ELDER/DEPENDENT ADULT (EMBEZZLEMENT $950 OR LESS) (M),ambiguous_review,child_or_elder_abuse,"May occur within family, but charge alone does not identify relationship or intimate-partner violence.",4,4,2.0,1.0,1.0
PC,422(A),THREATEN CRIME WITH INTENT TO TERRORIZE,ambiguous_review,potential_interpersonal_offense,General offense may involve DV but does not identify relationship. Exclude from DV count without qualifying co-charge.,4,4,0.0,4.0,0.0
PC,166(A)(1),CONTEMPT OF COURT:DISORD BEHAVIOR,ambiguous_review,court_order_or_stalking,Relationship not identified; do not count as DV absent other qualifying charge on same event.,3,3,0.0,3.0,0.0
PC,166(D)(1),VIOLATE PROTECTIVE ORDER:W/FIREARM (F),ambiguous_review,court_order_or_stalking,Relationship not identified; do not count as DV absent other qualifying charge on same event.,3,3,2.0,1.0,0.0
PC,18720,MAKE DESTRUCTIVE DEVICE W/O PERMIT (F),ambiguous_review,potential_interpersonal_offense,General offense may involve DV but does not identify relationship. Exclude from DV count without qualifying co-charge.,3,3,2.0,1.0,0.0
PC,187A,MURDER (PRE-2007 CASES),ambiguous_review,potential_interpersonal_offense,General offense may involve DV but does not identify relationship. Exclude from DV count without qualifying co-charge.,3,3,3.0,0.0,0.0
PC,207(A),KIDNAPPING,ambiguous_review,potential_interpersonal_offense,General offense may involve DV but does not identify relationship. Exclude from DV count without qualifying co-charge.,3,2,1.0,2.0,0.0
PC,20710,MANUFACTURE/SALE/POSSESS/ETC SHOBI-ZUE (F),ambiguous_review,potential_interpersonal_offense,General offense may involve DV but does not identify relationship. Exclude from DV count without qualifying co-charge.,3,3,3.0,0.0,0.0
PC,220(B),ASSAULT W/INTENT TO COMMIT RAPE/OTH SEX ACTS DURING RES 459 (F),ambiguous_review,potential_interpersonal_offense,General offense may involve DV but does not identify relationship. Exclude from DV count without qualifying co-charge.,3,3,3.0,0.0,0.0
PC,236,FALSE IMPRISONMENT,ambiguous_review,potential_interpersonal_offense,General offense may involve DV but does not identify relationship. Exclude from DV count without qualifying co-charge.,3,3,0.0,3.0,0.0
PC,243(C)(2),BATTERY AGAINST POLICE OFFICER WITH MINOR INJURY,ambiguous_review,potential_interpersonal_offense,General offense may involve DV but does not identify relationship. Exclude from DV count without qualifying co-charge.,3,3,0.0,3.0,0.0
PC,243.15,BATTERY ON NON-INMATE BY INMATE (F),ambiguous_review,potential_interpersonal_offense,General offense may involve DV but does not identify relationship. Exclude from DV count without qualifying co-charge.,3,3,3.0,0.0,0.0
PC,243.3,BATTERY W/INJURY ON TRANSPORTATION PERSONNEL/PASSENGER (F),ambiguous_review,potential_interpersonal_offense,General offense may involve DV but does not identify relationship. Exclude from DV count without qualifying co-charge.,3,3,1.0,2.0,0.0
PC,243.4(B),SEXUAL BATTERY ON MED INSTITUTIONALIZED PERS (F),ambiguous_review,potential_interpersonal_offense,General offense may involve DV but does not identify relationship. Exclude from DV count without qualifying co-charge.,3,3,3.0,0.0,0.0
PC,243.9A,BATTERY BY GASSING OF PO/DETENTION/INVEST/PROSECUTION EMP,ambiguous_review,potential_interpersonal_offense,General offense may involve DV but does not identify relationship. Exclude from DV count without qualifying co-charge.,3,3,0.0,3.0,0.0
PC,245A1,ASSAULT W/DEADLY WEAPON OTHER THAN FIREARM OR GBI FORCE,ambiguous_review,potential_interpersonal_offense,General offense may involve DV but does not identify relationship. Exclude from DV count without qualifying co-charge.,3,3,3.0,0.0,0.0
PC,245A2,ADW:ASSAULT WITH FIREARM ON PERS,ambiguous_review,potential_interpersonal_offense,General offense may involve DV but does not identify relationship. Exclude from DV count without qualifying co-charge.,3,3,0.0,3.0,0.0
PC,261.5(A),UNLAWFUL SEXUAL INTERCOURSE W/MINOR 18 (F),ambiguous_review,potential_interpersonal_offense,General offense may involve DV but does not identify relationship. Exclude from DV count without qualifying co-charge.,3,3,2.0,0.0,1.0
PC,286(C)(2)(A),SODOMY BY FORCE/VIOLENT/FEAR (F),ambiguous_review,potential_interpersonal_offense,General offense may involve DV but does not identify relationship. Exclude from DV count without qualifying co-charge.,3,3,3.0,0.0,0.0
PC,368(D),THEFT OF ELDER/DEPENDENT ADULT (EMBEZZLEMENT OVER $950) (F),ambiguous_review,child_or_elder_abuse,"May occur within family, but charge alone does not identify relationship or intimate-partner violence.",3,3,3.0,0.0,0.0
PC,422.6A,VIOLATE CIVIL RIGHTS: CAUSE SERIOUS INJURY (M),ambiguous_review,potential_interpersonal_offense,General offense may involve DV but does not identify relationship. Exclude from DV count without qualifying co-charge.,3,3,2.0,1.0,0.0
PC,422.7(B),VIOLATE CIVIL RIGHTS:CAUSE PROP DAMAGE (FELONY) (F),ambiguous_review,potential_interpersonal_offense,General offense may involve DV but does not identify relationship. Exclude from DV count without qualifying co-charge.,3,3,3.0,0.0,0.0
PC,653M(A),ANNOYING PHONE CALL OBSCENE - NON-THREATENING (M),ambiguous_review,potential_interpersonal_offense,General offense may involve DV but does not identify relationship. Exclude from DV count without qualifying co-charge.,3,3,1.0,2.0,0.0
PC,18715(A),RECKLESSLY POSS EXPLOSIVE/DESTRUCTIVE DEVICE IN PUBLIC (F),ambiguous_review,potential_interpersonal_offense,General offense may involve DV but does not identify relationship. Exclude from DV count without qualifying co-charge.,2,2,1.0,0.0,1.0
PC,18740,USE/ETC EXPLOSIVE/ETC DEVICE WITH INTENT TO DESTROY PROPERTY (F),ambiguous_review,potential_interpersonal_offense,General offense may involve DV but does not identify relationship. Exclude from DV count without qualifying co-charge.,2,2,2.0,0.0,0.0
PC,187A,MURDER - DEGREE NOT SPECIFIED,ambiguous_review,potential_interpersonal_offense,General offense may involve DV but does not identify relationship. Exclude from DV count without qualifying co-charge.,2,1,2.0,0.0,0.0
PC,192C1,VEH MANSLAUGHTER W/GROSS NEGLIGENCE (F),ambiguous_review,potential_interpersonal_offense,General offense may involve DV but does not identify relationship. Exclude from DV count without qualifying co-charge.,2,2,1.0,1.0,0.0
PC,209(B)(1),KIDNAP TO COMMIT ROBBERY/RAPE/289)C/ETC,ambiguous_review,potential_interpersonal_offense,General offense may involve DV but does not identify relationship. Exclude from DV count without qualifying co-charge.,2,2,2.0,0.0,0.0
PC,209.5(A),KIDNAPPING DURING COMMISSION OF CARJACKING,ambiguous_review,potential_interpersonal_offense,General offense may involve DV but does not identify relationship. Exclude from DV count without qualifying co-charge.,2,1,0.0,2.0,0.0
PC,220(A),ASSAULT W/INTENT TO COMMIT RAPE/ETC (F),ambiguous_review,potential_interpersonal_offense,General offense may involve DV but does not identify relationship. Exclude from DV count without qualifying co-charge.,2,2,1.0,1.0,0.0
PC,220(A)(1),ASSAULT W/INTENT TO COMMIT RAPE/ETC (F),ambiguous_review,potential_interpersonal_offense,General offense may involve DV but does not identify relationship. Exclude from DV count without qualifying co-charge.,2,2,0.0,2.0,0.0
PC,236,FALSE IMPRISON W/VIOL/MENACE/FRAUD/DECEIT,ambiguous_review,potential_interpersonal_offense,General offense may involve DV but does not identify relationship. Exclude from DV count without qualifying co-charge.,2,2,0.0,2.0,0.0
PC,243(C)(1),BATTERY AGAINST EMERGENCY PERSON SERIOUS INJURY,ambiguous_review,potential_interpersonal_offense,General offense may involve DV but does not identify relationship. Exclude from DV count without qualifying co-charge.,2,2,0.0,2.0,0.0
PC,243.4(D)(1),SEXUAL BATTERY OF RESTRAINED OR INCAPACITATED PERSON (F),ambiguous_review,potential_interpersonal_offense,General offense may involve DV but does not identify relationship. Exclude from DV count without qualifying co-charge.,2,2,2.0,0.0,0.0
PC,243.9(A),BATTERY BY GASSING OF PO/DETENTION/INVEST/PROSECUTION EMP,ambiguous_review,potential_interpersonal_offense,General offense may involve DV but does not identify relationship. Exclude from DV count without qualifying co-charge.,2,2,0.0,2.0,0.0
PC,245(D)(2),ADW:ASSAULT:SEMIAUTO:PEACE OFCR/FIREFIGHTER (F),ambiguous_review,potential_interpersonal_offense,General offense may involve DV but does not identify relationship. Exclude from DV count without qualifying co-charge.,2,2,2.0,0.0,0.0
PC,261.5(B),UNLAWFUL SEXUAL INTERCOURSE W/MINOR:3 YRS OLDER OR YOUNGER (M),ambiguous_review,potential_interpersonal_offense,General offense may involve DV but does not identify relationship. Exclude from DV count without qualifying co-charge.,2,2,1.0,1.0,0.0
PC,26100(B),VEH DRIVER/OWNER PERMIT DISCHARGE OF FIREARM FROM VEHICLE (F),ambiguous_review,potential_interpersonal_offense,General offense may involve DV but does not identify relationship. Exclude from DV count without qualifying co-charge.,2,2,2.0,0.0,0.0
PC,26100(C),DISCHARGE FIREARM FROM VEHICLE AT PERSON (F),ambiguous_review,potential_interpersonal_offense,General offense may involve DV but does not identify relationship. Exclude from DV count without qualifying co-charge.,2,2,1.0,1.0,0.0
PC,269(A)(1),AGG SEXUAL ASSAULT: RAPE: CHILD UNDER 14 (F),ambiguous_review,potential_interpersonal_offense,General offense may involve DV but does not identify relationship. Exclude from DV count without qualifying co-charge.,2,2,2.0,0.0,0.0
PC,273A(A),WILLFUL CRUELTY TO CHILD:WITH MINOR INJURY,ambiguous_review,child_or_elder_abuse,"May occur within family, but charge alone does not identify relationship or intimate-partner violence.",2,2,0.0,2.0,0.0
PC,273A(B),WILLFUL CRUELTY TO CHILD WITHOUT GBI,ambiguous_review,child_or_elder_abuse,"May occur within family, but charge alone does not identify relationship or intimate-partner violence.",2,2,2.0,0.0,0.0
PC,287(B)(2),ORAL COPULATION W/ PERSON UNDER 16 YEARS (F),ambiguous_review,potential_interpersonal_offense,General offense may involve DV but does not identify relationship. Exclude from DV count without qualifying co-charge.,2,2,2.0,0.0,0.0
PC,287(C)(1),ORAL COPULATION WITH PERSON UNDER 14 YRS/ETC (F),ambiguous_review,potential_interpersonal_offense,General offense may involve DV but does not identify relationship. Exclude from DV count without qualifying co-charge.,2,2,2.0,0.0,0.0
PC,288(C)(1),LEWD & LASCIVIOUS ACT W/CHILD 14/15:DEFENDANT 10 YRS OLDER,ambiguous_review,potential_interpersonal_offense,General offense may involve DV but does not identify relationship. Exclude from DV count without qualifying co-charge.,2,1,0.0,2.0,0.0
PC,288.2(A)(1),HARMFUL MATTER OF MNR SENT W/SEXUAL INTENT OF A KNOWN MINOR (F),ambiguous_review,potential_interpersonal_offense,General offense may involve DV but does not identify relationship. Exclude from DV count without qualifying co-charge.,2,2,1.0,0.0,1.0
PC,288.2(A)(2),HARMFUL MATTER SENT/ETC W/INTENT TO SEDUCE MINOR (F),ambiguous_review,potential_interpersonal_offense,General offense may involve DV but does not identify relationship. Exclude from DV count without qualifying co-charge.,2,2,1.0,1.0,0.0
PC,288.4(A)(1),ARRANGE A MEETING WITH MINOR (M),ambiguous_review,potential_interpersonal_offense,General offense may involve DV but does not identify relationship. Exclude from DV count without qualifying co-charge.,2,2,1.0,1.0,0.0
PC,289D,SEX PENETRATION:VICTIM UNAWARE ACT OCCURRED (F),ambiguous_review,potential_interpersonal_offense,General offense may involve DV but does not identify relationship. Exclude from DV count without qualifying co-charge.,2,2,1.0,1.0,0.0
PC,368(D)(2),THEFT OF ELDER/DEPENDENT ADULT (LARCENY $950 OR LESS) (M),ambiguous_review,child_or_elder_abuse,"May occur within family, but charge alone does not identify relationship or intimate-partner violence.",2,2,1.0,1.0,0.0
PC,368C,ABUSE/CRUELTY TO ELDERLY/DEPENDENT ADULT,ambiguous_review,child_or_elder_abuse,"May occur within family, but charge alone does not identify relationship or intimate-partner violence.",2,2,2.0,0.0,0.0
PC,422.6A,VIOLATE CIVIL RIGHTS: CAUSE MINOR INJURY (M),ambiguous_review,potential_interpersonal_offense,General offense may involve DV but does not identify relationship. Exclude from DV count without qualifying co-charge.,2,2,2.0,0.0,0.0
PC,591.5,DAMAGE/DESTROY ANY WIRELESS COMMUNICATION DEVICE,ambiguous_review,potential_interpersonal_offense,General offense may involve DV but does not identify relationship. Exclude from DV count without qualifying co-charge.,2,2,0.0,2.0,0.0
PC,591.5,OBSTRUCT USE OF ANY WIRELESS COMMUNICATION DEVICE,ambiguous_review,potential_interpersonal_offense,General offense may involve DV but does not identify relationship. Exclude from DV count without qualifying co-charge.,2,2,0.0,2.0,0.0
PC,646.9(C),STALKING W/PR,ambiguous_review,court_order_or_stalking,Relationship not identified; do not count as DV absent other qualifying charge on same event.,2,2,0.0,2.0,0.0
PC,136.1(B)(3),ATT PREVENT/DISSUADE VIC/WIT FROM SEEKING ARREST (F),ambiguous_review,potential_interpersonal_offense,General offense may involve DV but does not identify relationship. Exclude from DV count without qualifying co-charge.,1,1,1.0,0.0,0.0
PC,166(B)(1),CONTEMPT OF COURT WITH PRIOR CONVICTION 646.9 (M),ambiguous_review,court_order_or_stalking,Relationship not identified; do not count as DV absent other qualifying charge on same event.,1,1,1.0,0.0,0.0
PC,166(C)(1),CONTEMPT OF COURT: VIOLATE PROTECTIVE ORDER/ETC,ambiguous_review,court_order_or_stalking,Relationship not identified; do not count as DV absent other qualifying charge on same event.,1,1,1.0,0.0,0.0
PC,18715(A),POSSESS DESTRUCTIVE DEVICE NEAR THEATER/HOTEL (F),ambiguous_review,potential_interpersonal_offense,General offense may involve DV but does not identify relationship. Exclude from DV count without qualifying co-charge.,1,1,1.0,0.0,0.0
PC,19200(A),REPLICA HANDGRENADE (I),ambiguous_review,potential_interpersonal_offense,General offense may involve DV but does not identify relationship. Exclude from DV count without qualifying co-charge.,1,1,0.0,0.0,1.0
PC,19200(B),REPLICA HANDGRENADE (M),ambiguous_review,potential_interpersonal_offense,General offense may involve DV but does not identify relationship. Exclude from DV count without qualifying co-charge.,1,1,1.0,0.0,0.0
PC,209(B)(1),KIDNAP TO COMMIT RAPE (F),ambiguous_review,potential_interpersonal_offense,General offense may involve DV but does not identify relationship. Exclude from DV count without qualifying co-charge.,1,1,0.0,1.0,0.0
PC,210.5,FALSE IMPRISONMENT:USE FOR PROTECTION/SHIELD (F),ambiguous_review,potential_interpersonal_offense,General offense may involve DV but does not identify relationship. Exclude from DV count without qualifying co-charge.,1,1,1.0,0.0,0.0
PC,21110,MANUFACTURE/SALE/POSSESS/ETC BALLISTIC KNIFE (F),ambiguous_review,potential_interpersonal_offense,General offense may involve DV but does not identify relationship. Exclude from DV count without qualifying co-charge.,1,1,1.0,0.0,0.0
PC,21510(A),POSSESS SWITCHBLADE IN VEHICLE,ambiguous_review,potential_interpersonal_offense,General offense may involve DV but does not identify relationship. Exclude from DV count without qualifying co-charge.,1,1,0.0,1.0,0.0
PC,21510(B),CARRY SWITCHBLADE KNIFE ON PERSON,ambiguous_review,potential_interpersonal_offense,General offense may involve DV but does not identify relationship. Exclude from DV count without qualifying co-charge.,1,1,0.0,1.0,0.0
PC,220(A),ASSAULT W/INTENT TO COMMIT FELONY (NO/INJ OR WEAPON) (F),ambiguous_review,potential_interpersonal_offense,General offense may involve DV but does not identify relationship. Exclude from DV count without qualifying co-charge.,1,1,1.0,0.0,0.0
PC,220(A),ASSAULT W/INTENT TO COMMIT FELONY (W/INJ OR WEAPON) (F),ambiguous_review,potential_interpersonal_offense,General offense may involve DV but does not identify relationship. Exclude from DV count without qualifying co-charge.,1,1,1.0,0.0,0.0
PC,220(A)(1),ASSAULT W/INTENT TO COMMIT SEX ACT FELONY (W/INJ OR WEAPON) (F),ambiguous_review,potential_interpersonal_offense,General offense may involve DV but does not identify relationship. Exclude from DV count without qualifying co-charge.,1,1,0.0,0.0,1.0
PC,236,FALSE IMPRISONMENT/FEL,ambiguous_review,potential_interpersonal_offense,General offense may involve DV but does not identify relationship. Exclude from DV count without qualifying co-charge.,1,1,1.0,0.0,0.0
PC,236.1(B),HUMAN TRAFFICKING: PROSTITUTION (F),ambiguous_review,potential_interpersonal_offense,General offense may involve DV but does not identify relationship. Exclude from DV count without qualifying co-charge.,1,1,1.0,0.0,0.0
PC,236.1(C),HUMAN TRAFFICKING OF VICTIM UNDER 18 YEARS OF AGE,ambiguous_review,potential_interpersonal_offense,General offense may involve DV but does not identify relationship. Exclude from DV count without qualifying co-charge.,1,1,0.0,1.0,0.0
PC,240,ASSAULT,ambiguous_review,potential_interpersonal_offense,General offense may involve DV but does not identify relationship. Exclude from DV count without qualifying co-charge.,1,1,1.0,0.0,0.0
PC,242,BATTERY ON PERSON (M),ambiguous_review,potential_interpersonal_offense,General offense may involve DV but does not identify relationship. Exclude from DV count without qualifying co-charge.,1,1,1.0,0.0,0.0
PC,243(C)(2),BATTERY AGAINST POLICE OFFICER WITH SERIOUS INJURY,ambiguous_review,potential_interpersonal_offense,General offense may involve DV but does not identify relationship. Exclude from DV count without qualifying co-charge.,1,1,0.0,1.0,0.0
PC,243.1,BATTERY ON CUSTODIAL OFFICER WITH NO INJURY / MINOR INJURY (F),ambiguous_review,potential_interpersonal_offense,General offense may involve DV but does not identify relationship. Exclude from DV count without qualifying co-charge.,1,1,0.0,1.0,0.0
PC,243.25,BATTERY OF ELDER OR DEPENDENT ADULT,ambiguous_review,child_or_elder_abuse,"May occur within family, but charge alone does not identify relationship or intimate-partner violence.",1,1,1.0,0.0,0.0
PC,243.4(D)(1),TOUCH PERSON INTIMATELY AGAINST WILL FOR SEXUAL AROUSAL/ETC (M),ambiguous_review,potential_interpersonal_offense,General offense may involve DV but does not identify relationship. Exclude from DV count without qualifying co-charge.,1,1,1.0,0.0,0.0
PC,243.5A2,ASSAULT OR BATTERY ON SCHOOL PROPERTY (M),ambiguous_review,potential_interpersonal_offense,General offense may involve DV but does not identify relationship. Exclude from DV count without qualifying co-charge.,1,1,1.0,0.0,0.0
PC,243.6,BATTERY ON SCHOOL EMPLOYEE (M),ambiguous_review,potential_interpersonal_offense,General offense may involve DV but does not identify relationship. Exclude from DV count without qualifying co-charge.,1,1,1.0,0.0,0.0
PC,243.6,BATTERY ON SCHOOL EMPLOYEE NO INJ (M),ambiguous_review,potential_interpersonal_offense,General offense may involve DV but does not identify relationship. Exclude from DV count without qualifying co-charge.,1,1,0.0,0.0,1.0
PC,243.6,BATTERY ON SCHOOL EMPLOYEE W/INJURY (F),ambiguous_review,potential_interpersonal_offense,General offense may involve DV but does not identify relationship. Exclude from DV count without qualifying co-charge.,1,1,1.0,0.0,0.0
PC,243B,BATTERY ON PEACE OFFICER/EMERGENCY PERSONNEL,ambiguous_review,potential_interpersonal_offense,General offense may involve DV but does not identify relationship. Exclude from DV count without qualifying co-charge.,1,1,1.0,0.0,0.0
PC,244.5B,ASSAULT WITH STUN GUN OR LESS LETHAL WEAPON (M),ambiguous_review,potential_interpersonal_offense,General offense may involve DV but does not identify relationship. Exclude from DV count without qualifying co-charge.,1,1,1.0,0.0,0.0
PC,245(D)(1),ADW ON PEACE OFFICER/FIREMAN/WITH GUN,ambiguous_review,potential_interpersonal_offense,General offense may involve DV but does not identify relationship. Exclude from DV count without qualifying co-charge.,1,1,1.0,0.0,0.0
PC,245.3,ADW:ASSAULT:DEADLY WEAPON W/LIKELY GBI ON CUST OFCR (F),ambiguous_review,potential_interpersonal_offense,General offense may involve DV but does not identify relationship. Exclude from DV count without qualifying co-charge.,1,1,0.0,1.0,0.0
PC,245A1,ADW:NOT FIREARM:GBI LIKELY (F),ambiguous_review,potential_interpersonal_offense,General offense may involve DV but does not identify relationship. Exclude from DV count without qualifying co-charge.,1,1,1.0,0.0,0.0
PC,246,SHOOT AT INHABITED DWELLING/VEH,ambiguous_review,potential_interpersonal_offense,General offense may involve DV but does not identify relationship. Exclude from DV count without qualifying co-charge.,1,1,0.0,1.0,0.0
PC,246.3,WILLFULLY DISCHARGE FIREARM IN A GROSSLY NEGLIGENT MANNER,ambiguous_review,potential_interpersonal_offense,General offense may involve DV but does not identify relationship. Exclude from DV count without qualifying co-charge.,1,1,0.0,1.0,0.0
PC,261(A)(2),RAPE BY FORCE/FEAR/ETC (PRE-2007 CASES) (F),ambiguous_review,potential_interpersonal_offense,General offense may involve DV but does not identify relationship. Exclude from DV count without qualifying co-charge.,1,1,1.0,0.0,0.0
PC,261(A)(4),RAPE:VIC UNCONSCIOUS OF THE NATURE OF THE ACT (F),ambiguous_review,potential_interpersonal_offense,General offense may involve DV but does not identify relationship. Exclude from DV count without qualifying co-charge.,1,1,0.0,0.0,1.0
PC,261(A)(7),RAPE:BY THREAT OF AUTHORITY TO ARREST/DEPORT (F),ambiguous_review,potential_interpersonal_offense,General offense may involve DV but does not identify relationship. Exclude from DV count without qualifying co-charge.,1,1,0.0,0.0,1.0
PC,26100(D),DISCHARGE FIREARM FROM VEHICLE (F),ambiguous_review,potential_interpersonal_offense,General offense may involve DV but does not identify relationship. Exclude from DV count without qualifying co-charge.,1,1,1.0,0.0,0.0
PC,26180(A),KNOWINGLY FILE FALSE INFORMATION ON WEAPON ON LICENSE (M),ambiguous_review,potential_interpersonal_offense,General offense may involve DV but does not identify relationship. Exclude from DV count without qualifying co-charge.,1,1,1.0,0.0,0.0
PC,269(A)(4),AGGRAVATED SEXUAL ASSAULT:MINOR UNDER 14:ORAL COP/ETC:FORCE FEAR/ETC (F),ambiguous_review,potential_interpersonal_offense,General offense may involve DV but does not identify relationship. Exclude from DV count without qualifying co-charge.,1,1,0.0,0.0,1.0
PC,269(A)(4),AGGRAVATED SEXUAL ASSAULT:MINOR:ORAL COP/ETC:FORCE FEAR/ETC (F),ambiguous_review,potential_interpersonal_offense,General offense may involve DV but does not identify relationship. Exclude from DV count without qualifying co-charge.,1,1,1.0,0.0,0.0
PC,273A(A),WILLFUL CRUELTY TO CHILD:POSSIBLE INJURY/DEATH,ambiguous_review,child_or_elder_abuse,"May occur within family, but charge alone does not identify relationship or intimate-partner violence.",1,1,1.0,0.0,0.0
PC,273AB(A),CUSTODIAN/ETC ASSAULT CHILD -8:RESULT:GREAT BODILY INJ/DEATH (F),ambiguous_review,child_or_elder_abuse,"May occur within family, but charge alone does not identify relationship or intimate-partner violence.",1,1,1.0,0.0,0.0
PC,286(C)(2)(B),SODOMY BY FORCE/VIOLENCE/FEAR VICTIM UNDER 14 YEARS (F),ambiguous_review,potential_interpersonal_offense,General offense may involve DV but does not identify relationship. Exclude from DV count without qualifying co-charge.,1,1,0.0,1.0,0.0
PC,286B1,SODOMY W/PERSON UNDER 18 YEARS (F),ambiguous_review,potential_interpersonal_offense,General offense may involve DV but does not identify relationship. Exclude from DV count without qualifying co-charge.,1,1,1.0,0.0,0.0
PC,286F,SODOMY:VIC UNCONSCIOUS OF THE NATURE OF THE ACT (F),ambiguous_review,potential_interpersonal_offense,General offense may involve DV but does not identify relationship. Exclude from DV count without qualifying co-charge.,1,1,1.0,0.0,0.0
PC,286G,SODOMY:VIC INCAPABLE OF GIVING CONSENT (F),ambiguous_review,potential_interpersonal_offense,General offense may involve DV but does not identify relationship. Exclude from DV count without qualifying co-charge.,1,1,0.0,0.0,1.0
PC,287(D)(2),ORAL COPULATION IN CONCERT: FORCE OR FEAR: VIC UNDER 14 (F),ambiguous_review,potential_interpersonal_offense,General offense may involve DV but does not identify relationship. Exclude from DV count without qualifying co-charge.,1,1,1.0,0.0,0.0
PC,287(I),ORAL COPULATION:VIC INTOXICATED (F),ambiguous_review,potential_interpersonal_offense,General offense may involve DV but does not identify relationship. Exclude from DV count without qualifying co-charge.,1,1,0.0,1.0,0.0
PC,288.2(A),HARMFUL MATTER SENT: INTENT OF SEDUCTION OF MINOR (F),ambiguous_review,potential_interpersonal_offense,General offense may involve DV but does not identify relationship. Exclude from DV count without qualifying co-charge.,1,1,1.0,0.0,0.0
PC,288.7(B),ORAL COPULATION:VICTIM UNDER 10 YEARS OF AGE (F),ambiguous_review,potential_interpersonal_offense,General offense may involve DV but does not identify relationship. Exclude from DV count without qualifying co-charge.,1,1,1.0,0.0,0.0
PC,288.7(B),SEXUAL PENETRATION W/OBJECT:VICTIM UNDER 10 YEARS OF AGE:DEF OVER 18 (F),ambiguous_review,potential_interpersonal_offense,General offense may involve DV but does not identify relationship. Exclude from DV count without qualifying co-charge.,1,1,0.0,1.0,0.0
PC,288A(B)(1),ORAL COPULATION W/PERS UNDER 18 YEARS (F),ambiguous_review,potential_interpersonal_offense,General offense may involve DV but does not identify relationship. Exclude from DV count without qualifying co-charge.,1,1,1.0,0.0,0.0
PC,288A(C)(2),ORAL COPULATION W/FORCE OR FEAR (F),ambiguous_review,potential_interpersonal_offense,General offense may involve DV but does not identify relationship. Exclude from DV count without qualifying co-charge.,1,1,1.0,0.0,0.0
PC,288AF,ORAL COPULATION:VIC UNCONSCIOUS OF NATURE OF THE ACT (F),ambiguous_review,potential_interpersonal_offense,General offense may involve DV but does not identify relationship. Exclude from DV count without qualifying co-charge.,1,1,1.0,0.0,0.0
PC,289(H),SEXUAL PENETRATION:FOREIGN OBJECT/ETC:VICTIM UNDER 18 YEARS (F),ambiguous_review,potential_interpersonal_offense,General offense may involve DV but does not identify relationship. Exclude from DV count without qualifying co-charge.,1,1,1.0,0.0,0.0
PC,289(H),SEXUAL PENETRATION:FOREIGN OBJECT:VIC UNDER 18 YEARS (F),ambiguous_review,potential_interpersonal_offense,General offense may involve DV but does not identify relationship. Exclude from DV count without qualifying co-charge.,1,1,1.0,0.0,0.0
PC,289(I),SEXUAL PENETRATION W/FOREIGN OBJECT W/VICTIM UNDER 16 YRS,ambiguous_review,potential_interpersonal_offense,General offense may involve DV but does not identify relationship. Exclude from DV count without qualifying co-charge.,1,1,1.0,0.0,0.0
PC,289(I),SEXUAL PENETRATION:FOREIGN OBJECT:VIC UNDER 16 YEARS (F),ambiguous_review,potential_interpersonal_offense,General offense may involve DV but does not identify relationship. Exclude from DV count without qualifying co-charge.,1,1,1.0,0.0,0.0
PC,289C,SEX PEN W/FOREIGN OBJ/ETC:NO CONSENT:VICT/ DEFNDNT:MNTL FACILITY (F),ambiguous_review,potential_interpersonal_offense,General offense may involve DV but does not identify relationship. Exclude from DV count without qualifying co-charge.,1,1,1.0,0.0,0.0
PC,289E,SEX PENETRATION:FOREIGN OBJECT/ETC:VICTIM DRUGGED/ETC,ambiguous_review,potential_interpersonal_offense,General offense may involve DV but does not identify relationship. Exclude from DV count without qualifying co-charge.,1,1,1.0,0.0,0.0
PC,289E,SEX PENETRATION:FOREIGN OBJECT:VIC DRUGGED (F),ambiguous_review,potential_interpersonal_offense,General offense may involve DV but does not identify relationship. Exclude from DV count without qualifying co-charge.,1,1,1.0,0.0,0.0
PC,368(C),ELDER ABUSE/NEGLECT,ambiguous_review,child_or_elder_abuse,"May occur within family, but charge alone does not identify relationship or intimate-partner violence.",1,1,0.0,1.0,0.0
PC,368(D),THEFT FROM ELDER/DEPENDENT ADULT BY NON-CARETAKER (OVER $400),ambiguous_review,child_or_elder_abuse,"May occur within family, but charge alone does not identify relationship or intimate-partner violence.",1,1,1.0,0.0,0.0
PC,368(D)(1),THEFT OF ELDER/DEPENDENT ADULT (LARCENY OVER $950),ambiguous_review,child_or_elder_abuse,"May occur within family, but charge alone does not identify relationship or intimate-partner violence.",1,1,0.0,1.0,0.0
PC,368(E)(2),THEFT FROM ELDER/DEP ADULT BY CARETAKER [UNDER $950] (M),ambiguous_review,child_or_elder_abuse,"May occur within family, but charge alone does not identify relationship or intimate-partner violence.",1,1,0.0,1.0,0.0
PC,422,THREATEN CRIME WITH INTENT TO TERRORIZE,ambiguous_review,potential_interpersonal_offense,General offense may involve DV but does not identify relationship. Exclude from DV count without qualifying co-charge.,1,1,1.0,0.0,0.0
PC,422A,TERRORIST THREATS THAT THREATEN FAMILY,ambiguous_review,potential_interpersonal_offense,General offense may involve DV but does not identify relationship. Exclude from DV count without qualifying co-charge.,1,1,1.0,0.0,0.0
PC,646.9(A),STALKING,ambiguous_review,court_order_or_stalking,Relationship not identified; do not count as DV absent other qualifying charge on same event.,1,1,0.0,1.0,0.0
PC,646.9(B),STALKING:TEMPORARY RESTRAINING ORDER,ambiguous_review,court_order_or_stalking,Relationship not identified; do not count as DV absent other qualifying charge on same event.,1,1,0.0,1.0,0.0
PC,653M(B),ANNOYING REPEATED PHONE CALLS RESIDENCE (M),ambiguous_review,potential_interpersonal_offense,General offense may involve DV but does not identify relationship. Exclude from DV count without qualifying co-charge.,1,1,1.0,0.0,0.0
PC,653M(B),ANNOYING REPEATED PHONE CALLS RESIDENCE - INTIMIDATION (M),ambiguous_review,potential_interpersonal_offense,General offense may involve DV but does not identify relationship. Exclude from DV count without qualifying co-charge.,1,1,0.0,0.0,1.0
PC,653M(B),REPEATED PHONE CALLS INT TO HARASS/ANNOY (M),ambiguous_review,potential_interpersonal_offense,General offense may involve DV but does not identify relationship. Exclude from DV count without qualifying co-charge.,1,1,1.0,0.0,0.0
PC,243(E)(1),BATTERY:SPOUSE/EX SPOUSE/DATE/ETC (M),core_dv,intimate_partner_battery,Statute identifies specified intimate relationships.,5746,5746,4724.0,597.0,425.0
PC,273.5A,SPOUSAL/COHABITANT ABUSE WITH MINOR INJURY (F),core_dv,intimate_partner_corporal_injury,Statute identifies specified intimate relationships; normalize formatting only.,5300,5300,4421.0,544.0,335.0
PC,273.5A,SPOUSAL/COHABITANT ABUSE WITH SERIOUS INJURY (F),core_dv,intimate_partner_corporal_injury,Statute identifies specified intimate relationships; normalize formatting only.,1202,1202,818.0,242.0,142.0
PC,243(E)(1),BATTERY:SPOUSE/EX SPOUSE/DATE/ETC,core_dv,intimate_partner_battery,Statute identifies specified intimate relationships.,109,109,0.0,109.0,0.0
PC,273.5A,SPOUSAL/COHABITANT ABUSE WITH MINOR INJURY,core_dv,intimate_partner_corporal_injury,Statute identifies specified intimate relationships; normalize formatting only.,57,57,0.0,57.0,0.0
PC,273.5A,SPOUSAL/COHABITANT ABUSE WITH MINOR INJURY (M),core_dv,intimate_partner_corporal_injury,Statute identifies specified intimate relationships; normalize formatting only.,25,25,25.0,0.0,0.0
PC,273.5(A),SPOUSAL/COHABITANT ABUSE WITH MINOR INJURY,core_dv,intimate_partner_corporal_injury,Statute identifies specified intimate relationships; normalize formatting only.,12,12,0.0,12.0,0.0
PC,273.5A,INFLICT CORPORAL INJURY ON SPOUSE/COHABITANT,core_dv,intimate_partner_corporal_injury,Statute identifies specified intimate relationships; normalize formatting only.,8,8,8.0,0.0,0.0
PC,273.5(A),SPOUSAL/COHABITANT ABUSE WITH SERIOUS INJURY,core_dv,intimate_partner_corporal_injury,Statute identifies specified intimate relationships; normalize formatting only.,7,7,0.0,7.0,0.0
PC,273.5A,SPOUSAL/COHABITANT ABUSE WITH SERIOUS INJURY,core_dv,intimate_partner_corporal_injury,Statute identifies specified intimate relationships; normalize formatting only.,6,6,0.0,6.0,0.0
PC,273.5 (F)(1),INFLICT CORPORAL INJURY ON SPOUSE/COHAB/GRLFRND W/PRIORS (F),core_dv,intimate_partner_corporal_injury,Statute identifies specified intimate relationships; normalize formatting only.,5,5,5.0,0.0,0.0
PC,243(E)(1),BATTERY: SPOUSE/EX SPOUSE/DATE/ETC,core_dv,intimate_partner_battery,Statute identifies specified intimate relationships.,4,4,4.0,0.0,0.0
PC,12022.7(E),DOMESTIC VIOLENCE WITH GBI (BAIL+),core_dv,explicit_dv_gbi_enhancement,DV-specific enhancement expressly referencing Penal Code 13700(b).,3,3,0.0,3.0,0.0
PC,262(A)2,RAPE OF SPOUSE UNDER CONTROLLED SUB (F),core_dv,historical_spousal_rape,Historical spouse-specific charge; section repealed effective 2022; retain historical recorded charges.,1,1,1.0,0.0,0.0
PC,262A,RAPE SPOUSE BY FORCE/FEAR (F),core_dv,historical_spousal_rape,Historical spouse-specific charge; section repealed effective 2022; retain historical recorded charges.,1,1,1.0,0.0,0.0
PC,273.5(F)(1),INFLICT CORPORAL INJURY ON SPOUSE/COHAB/GRLFRND W/PRIORS,core_dv,intimate_partner_corporal_injury,Statute identifies specified intimate relationships; normalize formatting only.,1,1,0.0,1.0,0.0
PC,273.6(A),VIOLATE DOMESTIC RELATIONS COURT ORDER (M),dv_labeled_order,domestic_labeled_protective_order,"Source description says domestic; statute also permits non-DV orders. Sensitivity tier, not verified intimate-partner assault.",1959,1959,1951.0,8.0,0.0
PC,273.6(A),VIOLATE DOMESTIC VIOLENCE COURT ORDER (M),dv_labeled_order,domestic_labeled_protective_order,"Source description says domestic; statute also permits non-DV orders. Sensitivity tier, not verified intimate-partner assault.",859,859,456.0,263.0,140.0
PC,273.6(B),VIOL COURT ORDER TO PREVENT DOMESTIC VIOL W/PHYSICAL INJ (M),dv_labeled_order,domestic_labeled_protective_order,"Source description says domestic; statute also permits non-DV orders. Sensitivity tier, not verified intimate-partner assault.",88,88,82.0,3.0,3.0
PC,166(C)(4),VIOLATE PROTECTIVE ORDER:DOMESTIC VIOL:W/PR (F),dv_labeled_order,domestic_labeled_protective_order,"Source description says domestic; statute also permits non-DV orders. Sensitivity tier, not verified intimate-partner assault.",53,53,44.0,8.0,1.0
PC,273.6(A),VIOLATE DOMESTIC VIOLENCE COURT ORDER,dv_labeled_order,domestic_labeled_protective_order,"Source description says domestic; statute also permits non-DV orders. Sensitivity tier, not verified intimate-partner assault.",29,29,0.0,29.0,0.0
PC,273.6(A),VIOLATE COURT ORDER TO PREVENT DOMESTIC VIOLENCE,dv_labeled_order,domestic_labeled_protective_order,"Source description says domestic; statute also permits non-DV orders. Sensitivity tier, not verified intimate-partner assault.",2,2,2.0,0.0,0.0
HS,11364,POSS CONTROLLED SUBS PARAPHERNALIA (M),other_not_identifiable,no_dv_identifier,No DV-specific charge identifier; does not prove non-DV.,20605,20334,16709.0,2647.0,1249.0
HS,11377(A),POSSESS CONTROLLED SUBSTANCE (M),other_not_identifiable,no_dv_identifier,No DV-specific charge identifier; does not prove non-DV.,16729,16599,14031.0,1849.0,849.0
PC,647(F)DK,"DRUNK IN PUBLIC: ALCOHOL, DRUGS, COMBO OR TOLUENE (M)",other_not_identifiable,no_dv_identifier,No DV-specific charge identifier; does not prove non-DV.,7763,7763,7761.0,1.0,1.0
HS,11350(A),POSS NARCOTIC CONTROLLED SUBS (M),other_not_identifiable,no_dv_identifier,No DV-specific charge identifier; does not prove non-DV.,6678,6632,5673.0,693.0,312.0
PC,978.5,FELONY BENCH WARRANT (OUR AGENCY),other_not_identifiable,no_dv_identifier,No DV-specific charge identifier; does not prove non-DV.,6641,6601,5222.0,906.0,513.0
ZZ,OUT WARRANT,FELONY OTHER AGENCY'S WARRANT,other_not_identifiable,no_dv_identifier,No DV-specific charge identifier; does not prove non-DV.,6201,6177,5308.0,893.0,0.0
VC,23152A,DUI ALCOHOL (M),other_not_identifiable,no_dv_identifier,No DV-specific charge identifier; does not prove non-DV.,6163,6161,4732.0,767.0,664.0
ZZ,OUT WARRANT,MISDEMEANOR OTHER AGENCY'S WARRANT,other_not_identifiable,no_dv_identifier,No DV-specific charge identifier; does not prove non-DV.,6134,6121,5398.0,736.0,0.0
HS,11550(A),USE/UNDER INFL OF CONTROLLED SUBS (M),other_not_identifiable,no_dv_identifier,No DV-specific charge identifier; does not prove non-DV.,5791,5774,4840.0,691.0,260.0
VC,23152B,DUI ALC/0.08 PERCENT (M),other_not_identifiable,no_dv_identifier,No DV-specific charge identifier; does not prove non-DV.,5445,5444,4149.0,695.0,601.0
PC,978.5,MISDEMEANOR BENCH WARRANT (OUR AGENCY),other_not_identifiable,no_dv_identifier,No DV-specific charge identifier; does not prove non-DV.,4991,4970,4373.0,404.0,214.0
PC,827.1,MISD CITE AND RELEASE ON ACTIVE WARRANT (M),other_not_identifiable,no_dv_identifier,No DV-specific charge identifier; does not prove non-DV.,4147,4139,2265.0,1354.0,528.0
PC,148(A)(1),OBSTRUCT/RESIST PEACE OFCR/EMER MED TECH (M),other_not_identifiable,no_dv_identifier,No DV-specific charge identifier; does not prove non-DV.,3745,3723,2920.0,541.0,284.0
PC,594(B)(1),VANDALISM ($400 OR MORE) (F),other_not_identifiable,no_dv_identifier,No DV-specific charge identifier; does not prove non-DV.,2665,2655,2133.0,341.0,191.0
PC,459.5,SHOPLIFTING (M),other_not_identifiable,no_dv_identifier,No DV-specific charge identifier; does not prove non-DV.,2497,2461,2026.0,284.0,187.0
HS,11378,POSS CONTROLLED SUBS FOR SALE (F),other_not_identifiable,no_dv_identifier,No DV-specific charge identifier; does not prove non-DV.,2351,2311,2038.0,207.0,106.0
PC,3056,VIOLATION PAROLE:FELONY,other_not_identifiable,no_dv_identifier,No DV-specific charge identifier; does not prove non-DV.,2348,2344,1933.0,283.0,132.0
PC,496D(A),POSS STOLEN VEH/VESSEL (F),other_not_identifiable,no_dv_identifier,No DV-specific charge identifier; does not prove non-DV.,2187,2151,1918.0,189.0,80.0
PC,647(F)DK,DISORD CONDUCT:ALC (M),other_not_identifiable,no_dv_identifier,No DV-specific charge identifier; does not prove non-DV.,1865,1847,1036.0,529.0,300.0
PC,182(A)(1),CONSPIRACY:COMMIT CRIME (F),other_not_identifiable,no_dv_identifier,No DV-specific charge identifier; does not prove non-DV.,1758,1609,1415.0,221.0,122.0
HS,11351,POSSESS/PURCHASE FOR SALE NARCOTIC/CONTROLLED SUBSTANCE (F),other_not_identifiable,no_dv_identifier,No DV-specific charge identifier; does not prove non-DV.,1708,1679,1453.0,175.0,80.0
VC,10851(A),TAKE VEHICLE W/O OWNER'S CONSENT/VEHICLE THEFT (F),other_not_identifiable,no_dv_identifier,No DV-specific charge identifier; does not prove non-DV.,1663,1638,1388.0,187.0,88.0
VC,12500(A),DRVG WITHOUT VALID DRVR'S LIC (M),other_not_identifiable,no_dv_identifier,No DV-specific charge identifier; does not prove non-DV.,1396,1396,1112.0,163.0,121.0
HS,11379(A),TRANS/ETC CONTROLLED SUBS (F),other_not_identifiable,no_dv_identifier,No DV-specific charge identifier; does not prove non-DV.,1375,1342,1148.0,149.0,78.0
PC,530.5(A),GET CREDIT/ETC OTHER'S ID (F),other_not_identifiable,no_dv_identifier,No DV-specific charge identifier; does not prove non-DV.,1356,1333,1138.0,139.0,79.0
PC,459,BURGLARY (COMMERCIAL) (F),other_not_identifiable,no_dv_identifier,No DV-specific charge identifier; does not prove non-DV.,1353,1318,1143.0,137.0,73.0
HS,11352(A),TRANS/SELL NARCOTIC/CONTROLLED SUBS (F),other_not_identifiable,no_dv_identifier,No DV-specific charge identifier; does not prove non-DV.,1163,1137,951.0,136.0,76.0
PC,459,BURGLARY (RESIDENTIAL) (F),other_not_identifiable,no_dv_identifier,No DV-specific charge identifier; does not prove non-DV.,1143,1123,933.0,128.0,82.0
VC,14601.2(A),DRIV W/LIC SUSP/REV W/PRIOR DUI CONV (M),other_not_identifiable,no_dv_identifier,No DV-specific charge identifier; does not prove non-DV.,1142,1142,846.0,160.0,136.0
PC,466,POSS BURGLARY TOOLS (M),other_not_identifiable,no_dv_identifier,No DV-specific charge identifier; does not prove non-DV.,1078,1053,905.0,122.0,51.0
VC,14601.1(A),DRVG WHILE LIC SUSP OR REVOKED:OTHER REASONS (M),other_not_identifiable,no_dv_identifier,No DV-specific charge identifier; does not prove non-DV.,1075,1075,1001.0,52.0,22.0
PC,29800(A)(1),FELON/ADDICT/POSSESS/ETC FIREARM (F),other_not_identifiable,no_dv_identifier,No DV-specific charge identifier; does not prove non-DV.,1004,996,841.0,105.0,58.0
PC,30305(A)(1),PROHIBITED PERSON OWN/POSSESS/ETC AMMUNITION/ETC (F),other_not_identifiable,no_dv_identifier,No DV-specific charge identifier; does not prove non-DV.,999,993,819.0,122.0,58.0
PC,594(B)(2)(A),VANDALISM [$400 OR LESS] (M),other_not_identifiable,no_dv_identifier,No DV-specific charge identifier; does not prove non-DV.,959,957,835.0,77.0,47.0
VC,10851(A),OTHER AGENCY VEHICLE THEFT/RECOVERY (F),other_not_identifiable,no_dv_identifier,No DV-specific charge identifier; does not prove non-DV.,936,936,935.0,1.0,0.0
PC,69,OBSTRUCT/RESIST EXECUTIVE OFFICER WITH MINOR INJURY (F),other_not_identifiable,no_dv_identifier,No DV-specific charge identifier; does not prove non-DV.,918,918,918.0,0.0,0.0
PC,488,PETTY THEFT(Shoplift) (M),other_not_identifiable,no_dv_identifier,No DV-specific charge identifier; does not prove non-DV.,899,890,723.0,118.0,58.0
PC,647(F)DK,DISORDERLY CONDUCT:INTOX DRUG WITH ALCOHOL (M),other_not_identifiable,no_dv_identifier,No DV-specific charge identifier; does not prove non-DV.,840,819,137.0,457.0,246.0
PC,21310,CARRY CONCEALED DIRK OR DAGGER (F),other_not_identifiable,no_dv_identifier,No DV-specific charge identifier; does not prove non-DV.,832,832,695.0,96.0,41.0
VC,20002(A),HIT AND RUN:PROP DAMAGE (M),other_not_identifiable,no_dv_identifier,No DV-specific charge identifier; does not prove non-DV.,823,823,643.0,114.0,66.0
VC,23152(F),DUI DRUG (M),other_not_identifiable,no_dv_identifier,No DV-specific charge identifier; does not prove non-DV.,823,823,691.0,95.0,37.0
VC,4000(A)(1),EXPIRED REGISTRATION (I),other_not_identifiable,no_dv_identifier,No DV-specific charge identifier; does not prove non-DV.,809,809,730.0,59.0,20.0
PC,3455,PRCS VIOLATION,other_not_identifiable,no_dv_identifier,No DV-specific charge identifier; does not prove non-DV.,789,787,518.0,195.0,76.0
PC,496(A),RECEIVE/ETC KNOWN STOLEN PROPERTY (F),other_not_identifiable,no_dv_identifier,No DV-specific charge identifier; does not prove non-DV.,679,662,578.0,73.0,28.0
VC,23578,EXCESSIVE BLOOD ALC OR REFUSAL TO TAKE CHEMICAL TESTING: ENHANCED PENALTIES (I),other_not_identifiable,no_dv_identifier,No DV-specific charge identifier; does not prove non-DV.,657,657,431.0,114.0,112.0
PC,496(A),RECEIVE/ETC KNOWN STOLEN PROPERTY [$950 OR LESS] (M),other_not_identifiable,no_dv_identifier,No DV-specific charge identifier; does not prove non-DV.,637,634,569.0,48.0,20.0
VC,4462.5,UNLAWFUL DISPLAY OF REG:INTENT NON-COMPLIANCE (M),other_not_identifiable,no_dv_identifier,No DV-specific charge identifier; does not prove non-DV.,621,621,526.0,70.0,25.0
VC,2800.2(A),EVADE PEACE OFCR WITH WANTON DISREGARD FOR SAFETY (F),other_not_identifiable,no_dv_identifier,No DV-specific charge identifier; does not prove non-DV.,586,586,474.0,78.0,34.0
PC,148.9(A),FALSE IDENT TO PEACE OFCR (M),other_not_identifiable,no_dv_identifier,No DV-specific charge identifier; does not prove non-DV.,573,571,457.0,68.0,48.0
HS,11375(B)(2),POSS CNTL SUB W/O PRESCRIPTION (M),other_not_identifiable,no_dv_identifier,No DV-specific charge identifier; does not prove non-DV.,559,555,488.0,51.0,20.0
VC,23154(A),OPERATE MOTOR VEHICLE W/0.01% OR MORE BAC WHILE ON PROBATION FOR DUI (I),other_not_identifiable,no_dv_identifier,No DV-specific charge identifier; does not prove non-DV.,538,538,391.0,86.0,61.0
PC,69(A),OBSTRUCT/RESIST EXECUTIVE OFFICER WITH MINOR INJURY (F),other_not_identifiable,no_dv_identifier,No DV-specific charge identifier; does not prove non-DV.,534,534,263.0,179.0,92.0
PC,602,TRESPASSING (M),other_not_identifiable,no_dv_identifier,No DV-specific charge identifier; does not prove non-DV.,509,503,433.0,40.0,36.0
VC,23152(G),DUI ALCOHOL/DRUG (M),other_not_identifiable,no_dv_identifier,No DV-specific charge identifier; does not prove non-DV.,486,486,388.0,66.0,32.0
PC,459,BURGLARY (VEHICLE) (F),other_not_identifiable,no_dv_identifier,No DV-specific charge identifier; does not prove non-DV.,464,454,405.0,39.0,20.0
PC,4573.6,POSS CONTROLLED SUBS IN PRISON/JAIL (F),other_not_identifiable,no_dv_identifier,No DV-specific charge identifier; does not prove non-DV.,435,435,434.0,0.0,1.0
PC,487(A),GRAND THEFT (Shoplifting) (F),other_not_identifiable,no_dv_identifier,No DV-specific charge identifier; does not prove non-DV.,430,413,322.0,57.0,51.0
PC,4573,BRING CONTROLLED SUBS INTO PRISON/JAIL (F),other_not_identifiable,no_dv_identifier,No DV-specific charge identifier; does not prove non-DV.,424,420,343.0,63.0,18.0
PC,487(A),GRAND THEFT:MONEY/LABOR/PROPERTY (F),other_not_identifiable,no_dv_identifier,No DV-specific charge identifier; does not prove non-DV.,411,399,297.0,74.0,40.0
PC,647(F)DK,DISORDERLY CONDUCT:UNDER INFLUENCE OF DRUG (M),other_not_identifiable,no_dv_identifier,No DV-specific charge identifier; does not prove non-DV.,400,394,188.0,137.0,75.0
PC,22210,MANUFACTURE/SALE/POSSESS/ETC LEADED CANE/BILLY/ETC (F),other_not_identifiable,no_dv_identifier,No DV-specific charge identifier; does not prove non-DV.,398,397,357.0,35.0,6.0
PC,22810(A),UNLAWFUL POSSESS/USE TEAR GAS OR TEAR GAS WEAPON:EX FEL/ETC (M),other_not_identifiable,no_dv_identifier,No DV-specific charge identifier; does not prove non-DV.,390,390,324.0,43.0,23.0
PC,417A1,EXHIBIT DEADLY WEAPON OTHER THAN FIREARM (M),other_not_identifiable,no_dv_identifier,No DV-specific charge identifier; does not prove non-DV.,388,388,297.0,61.0,30.0
VC,12500(A),DRVG WITHOUT VALID DRVR'S LIC (I),other_not_identifiable,no_dv_identifier,No DV-specific charge identifier; does not prove non-DV.,379,378,301.0,52.0,26.0
HS,11350(A),POSS NARCOTIC CONTROLLED SUBS (F),other_not_identifiable,no_dv_identifier,No DV-specific charge identifier; does not prove non-DV.,372,370,315.0,41.0,16.0
PC,4573.6(A),POSS CONTROLLED SUBS IN PRISON/JAIL (F),other_not_identifiable,no_dv_identifier,No DV-specific charge identifier; does not prove non-DV.,352,342,193.0,81.0,78.0
VC,16028A,FAIL TO PROVE FIN RESPONSIBILITY:PEACE OFCR REQUEST (I),other_not_identifiable,no_dv_identifier,No DV-specific charge identifier; does not prove non-DV.,346,346,300.0,24.0,22.0
PC,485,APPROPRIATE LOST PROPERTY ($950 OR LESS) (M),other_not_identifiable,no_dv_identifier,No DV-specific charge identifier; does not prove non-DV.,342,342,303.0,28.0,11.0
HS,11370.1(A),POSS CONT SUBS WHILE ARMED W/LOADED FIREARM (F),other_not_identifiable,no_dv_identifier,No DV-specific charge identifier; does not prove non-DV.,340,334,278.0,41.0,21.0
PC,290.018(B),FAIL REGISTER WITH FELONY SEX OFFENDER PRIOR CONVICTION (F),other_not_identifiable,no_dv_identifier,No DV-specific charge identifier; does not prove non-DV.,337,337,293.0,26.0,18.0
PC,488,PETTY THEFT(All Other Larceny) (M),other_not_identifiable,no_dv_identifier,No DV-specific charge identifier; does not prove non-DV.,320,317,276.0,22.0,22.0
PC,1203.2(A),PROBATION VIOLATION:REARREST/REVOKE,other_not_identifiable,no_dv_identifier,No DV-specific charge identifier; does not prove non-DV.,314,309,0.0,225.0,89.0
VC,23153(A),DUI ALCOHOL:CAUSING BODILY INJURY (F),other_not_identifiable,no_dv_identifier,No DV-specific charge identifier; does not prove non-DV.,307,307,217.0,53.0,37.0
PC,25850(A),CARRY LOADED FIREARM ON/IN PERSON/VEHICLE:PUBLIC PLACE (M),other_not_identifiable,no_dv_identifier,No DV-specific charge identifier; does not prove non-DV.,304,299,255.0,34.0,15.0
HS,11377(A),POSS CONTROLLED SUBS (F),other_not_identifiable,no_dv_identifier,No DV-specific charge identifier; does not prove non-DV.,286,280,215.0,53.0,18.0
PC,25850(C)(6),CARRY LOADED HANDGUN:NOT REGISTERED OWNER (F),other_not_identifiable,no_dv_identifier,No DV-specific charge identifier; does not prove non-DV.,282,274,231.0,38.0,13.0
PC,530.5(C)(2),USE OTHERS ID WITH INTENT DEFRAUD:WITH PRIOR CONVICTION (F),other_not_identifiable,no_dv_identifier,No DV-specific charge identifier; does not prove non-DV.,279,275,220.0,34.0,25.0
HS,11359(B),POSSESS MARIJUANA FOR SALE (M),other_not_identifiable,no_dv_identifier,No DV-specific charge identifier; does not prove non-DV.,274,274,246.0,18.0,10.0
HS,11395(B)(1),TREATMENT-MANDATED FELONY HARD DRUGS W/2 OR MORE PRIOR CONVICTIONS (F),other_not_identifiable,no_dv_identifier,No DV-specific charge identifier; does not prove non-DV.,266,260,0.0,0.0,266.0
PC,182(A)(1),CONSPIRACY:COMMIT CRIME (M),other_not_identifiable,no_dv_identifier,No DV-specific charge identifier; does not prove non-DV.,265,247,225.0,26.0,14.0
PC,21810,MANUFACTURE/SALE/POSSESS/ETC METAL KNUCKLES (F),other_not_identifiable,no_dv_identifier,No DV-specific charge identifier; does not prove non-DV.,265,264,221.0,36.0,8.0
VC,23153(B),DUI .08 ALC:CAUSING BODILY INJ (F),other_not_identifiable,no_dv_identifier,No DV-specific charge identifier; does not prove non-DV.,253,253,188.0,41.0,24.0
PC,647(E),DISORDERLY CONDUCT:LODGE WITHOUT CONSENT (M),other_not_identifiable,no_dv_identifier,No DV-specific charge identifier; does not prove non-DV.,251,212,132.0,14.0,105.0
PC,488,PETTY THEFT(from Veh) (M),other_not_identifiable,no_dv_identifier,No DV-specific charge identifier; does not prove non-DV.,250,247,215.0,28.0,7.0
VC,14601(A),DRVG WHILE LIC SUSP OR REVOKED (M),other_not_identifiable,no_dv_identifier,No DV-specific charge identifier; does not prove non-DV.,242,242,211.0,17.0,14.0
PC,487(A),GRAND THEFT (Theft From Building) (F),other_not_identifiable,no_dv_identifier,No DV-specific charge identifier; does not prove non-DV.,239,233,199.0,24.0,16.0
HS,11366,KEEP PLACE TO SELL/ETC NARCOTIC CNTL SUBSTANCE (F),other_not_identifiable,no_dv_identifier,No DV-specific charge identifier; does not prove non-DV.,236,233,226.0,8.0,2.0
PC,1551(A),FUGITIVE FROM JUSTICE:WARRANT ARREST (F),other_not_identifiable,no_dv_identifier,No DV-specific charge identifier; does not prove non-DV.,231,231,190.0,28.0,13.0
PC,69,THREATEN EXECUTIVE OFFICER WITH VIOLENCE (F),other_not_identifiable,no_dv_identifier,No DV-specific charge identifier; does not prove non-DV.,227,227,227.0,0.0,0.0
PC,25400(A)(1),CARRY CONCEALED WEAPON IN VEHICLE (F),other_not_identifiable,no_dv_identifier,No DV-specific charge identifier; does not prove non-DV.,224,220,178.0,29.0,17.0
PC,22610(A),FELON POSSESS/BUY/USE STUN GUN (M),other_not_identifiable,no_dv_identifier,No DV-specific charge identifier; does not prove non-DV.,220,220,187.0,24.0,9.0
PC,488,PETTY THEFT(from Building) (M),other_not_identifiable,no_dv_identifier,No DV-specific charge identifier; does not prove non-DV.,211,210,182.0,14.0,15.0
PC,647 (B)(2),DISORDERLY CONDUCT: PROSTITUTION - COMPENSATION FOR SEX (M),other_not_identifiable,no_dv_identifier,No DV-specific charge identifier; does not prove non-DV.,211,211,155.0,53.0,3.0
VC,2800.1(A),EVADING PEACE OFFICER (M),other_not_identifiable,no_dv_identifier,No DV-specific charge identifier; does not prove non-DV.,208,208,162.0,27.0,19.0
PC,530.5(C)(1),POSSESS PERSONAL IDENTIFYING INFO WITH INTENT TO DEFRAUD (M),other_not_identifiable,no_dv_identifier,No DV-specific charge identifier; does not prove non-DV.,207,202,166.0,20.0,21.0
PC,4573.8,POSS DRUGS/ALCOHOLIC BEVERAGE IN PRISON/JAIL (F),other_not_identifiable,no_dv_identifier,No DV-specific charge identifier; does not prove non-DV.,205,201,132.0,23.0,50.0
PC,664/187(A),ATTEMPTED MURDER (F),other_not_identifiable,no_dv_identifier,No DV-specific charge identifier; does not prove non-DV.,203,202,166.0,21.0,16.0
PC,135,DESTROY/CONCEAL EVIDENCE (M),other_not_identifiable,no_dv_identifier,No DV-specific charge identifier; does not prove non-DV.,201,201,174.0,20.0,7.0
PC,186.22(B)(1),PROMOTE/ASSIST FELONY CRIMINAL STREET GANG (F),other_not_identifiable,no_dv_identifier,No DV-specific charge identifier; does not prove non-DV.,195,189,171.0,14.0,10.0
PC,496(D),ATTEMPT TO COMMIT 496 PC:STOLEN PROP (F),other_not_identifiable,no_dv_identifier,No DV-specific charge identifier; does not prove non-DV.,195,192,174.0,17.0,4.0
VC,23103,RECKLESS DRVG:HWY (M),other_not_identifiable,no_dv_identifier,No DV-specific charge identifier; does not prove non-DV.,190,190,116.0,41.0,33.0
PC,529(A),FALSE PERSONATION OF ANOTHER:SPEC CIRC (F),other_not_identifiable,no_dv_identifier,No DV-specific charge identifier; does not prove non-DV.,187,186,175.0,12.0,0.0
PC,602(M),TRESPASS:OCCUPY REAL PROPERTY W/O OWNER CONSENT (M),other_not_identifiable,no_dv_identifier,No DV-specific charge identifier; does not prove non-DV.,186,182,165.0,11.0,10.0
PC,470(D),FORGERY:FALSE CHECKS/RECORDS/CERTIFICATES (F),other_not_identifiable,no_dv_identifier,No DV-specific charge identifier; does not prove non-DV.,185,183,173.0,8.0,4.0
PC,530.5(C)(3),POSSESS ID OF 10 OR MORE PERSONS WITH INTENT TO DEFRAUD (F),other_not_identifiable,no_dv_identifier,No DV-specific charge identifier; does not prove non-DV.,180,176,157.0,14.0,9.0
PC,529(A)(3),PERSONATE TO MAKE OTHER LIABLE (F),other_not_identifiable,no_dv_identifier,No DV-specific charge identifier; does not prove non-DV.,177,177,134.0,21.0,22.0
HS,11377(A),POSSESS CONTROLLED SUBSTANCE,other_not_identifiable,no_dv_identifier,No DV-specific charge identifier; does not prove non-DV.,175,167,0.0,175.0,0.0
PC,4571,FELON ON PRISON/JAIL GROUNDS (F),other_not_identifiable,no_dv_identifier,No DV-specific charge identifier; does not prove non-DV.,172,167,135.0,9.0,28.0
PC,4574(A),SEND/BRING WEAP/TEAR GAS INTO PRISON/JAIL (F),other_not_identifiable,no_dv_identifier,No DV-specific charge identifier; does not prove non-DV.,172,170,133.0,8.0,31.0
PC,487(A),GRAND THEFT (Theft From Mot Veh) (F),other_not_identifiable,no_dv_identifier,No DV-specific charge identifier; does not prove non-DV.,172,166,146.0,15.0,11.0
PC,476,MAKE/PASS/PUBLISH FICTITIOUS CHECK/BILL/NOTE (F),other_not_identifiable,no_dv_identifier,No DV-specific charge identifier; does not prove non-DV.,170,168,146.0,16.0,8.0
HS,11364,POSS CONTROLLED SUBS PARAPHERNALIA,other_not_identifiable,no_dv_identifier,No DV-specific charge identifier; does not prove non-DV.,162,150,0.0,162.0,0.0
PC,186.22(A),PARTICIPATE IN CRIMINAL STREET GANG (F),other_not_identifiable,no_dv_identifier,No DV-specific charge identifier; does not prove non-DV.,157,146,127.0,24.0,6.0
HS,11366.8(B),USE FALSE COMPARTMENT TO STORE CONT SUBS (F),other_not_identifiable,no_dv_identifier,No DV-specific charge identifier; does not prove non-DV.,155,150,119.0,14.0,22.0
VC,20001(A),HIT AND RUN RESULTING IN DEATH OR INJURY(IBR 90Z),other_not_identifiable,no_dv_identifier,No DV-specific charge identifier; does not prove non-DV.,155,155,108.0,28.0,19.0
PC,602(O),TRESPASS:REFUSE TO LEAVE PROPERTY:PEACE OFFICER REQUEST (M),other_not_identifiable,no_dv_identifier,No DV-specific charge identifier; does not prove non-DV.,151,145,107.0,20.0,24.0
VC,10855,EMBEZZLE LEASED/RENTED VEH (F),other_not_identifiable,no_dv_identifier,No DV-specific charge identifier; does not prove non-DV.,151,151,124.0,19.0,8.0
PC,69(A),THREATEN EXECUTIVE OFFICER WITH VIOLENCE (F),other_not_identifiable,no_dv_identifier,No DV-specific charge identifier; does not prove non-DV.,145,145,73.0,45.0,27.0
PC,25850(C)(1),CARRY LOADED FIREARM WITH PRIOR FELONY CONVICTION (F),other_not_identifiable,no_dv_identifier,No DV-specific charge identifier; does not prove non-DV.,139,138,115.0,21.0,3.0
VC,23136,DUI:UNDER 21YR W/BA.01 (ZERO TOLERANCE) (I),other_not_identifiable,no_dv_identifier,No DV-specific charge identifier; does not prove non-DV.,137,137,92.0,21.0,24.0
PC,32310(A),MANUFACTURE/SALE/POSSESS/ETC LARGE CAPACITY MAGAZINE (F),other_not_identifiable,no_dv_identifier,No DV-specific charge identifier; does not prove non-DV.,132,128,108.0,15.0,9.0
HS,11375(B)(1),POSS FOR SALE DESIGNATED CONTROLLED SUBSTANCE (F),other_not_identifiable,no_dv_identifier,No DV-specific charge identifier; does not prove non-DV.,130,126,112.0,15.0,3.0
GC,8665,STATE OF EMERGENCY VIOLATION (M),other_not_identifiable,no_dv_identifier,No DV-specific charge identifier; does not prove non-DV.,123,123,123.0,0.0,0.0
PC,602(O),TRESPASS:REFUSE TO LEAVE PROPERTY:OWNER REQUEST (M),other_not_identifiable,no_dv_identifier,No DV-specific charge identifier; does not prove non-DV.,123,119,92.0,15.0,16.0
PC,29180(C),OWN F/ARM W/O SERIAL NUM (M),other_not_identifiable,no_dv_identifier,No DV-specific charge identifier; does not prove non-DV.,121,118,88.0,20.0,13.0
PC,32310(C),POSSESS LARGE CAPACITY MAGAZINE (M),other_not_identifiable,no_dv_identifier,No DV-specific charge identifier; does not prove non-DV.,120,120,93.0,20.0,7.0
VC,23140A,MINOR UNDER 21YR DRIVE W/BAC 0.05 (I),other_not_identifiable,no_dv_identifier,No DV-specific charge identifier; does not prove non-DV.,119,119,83.0,17.0,19.0
PC,21310,CARRY CONCEALED DIRK OR DAGGER (M),other_not_identifiable,no_dv_identifier,No DV-specific charge identifier; does not prove non-DV.,114,114,84.0,23.0,7.0
PC,314.1,INDECENT EXPOSURE (M),other_not_identifiable,no_dv_identifier,No DV-specific charge identifier; does not prove non-DV.,112,112,112.0,0.0,0.0
PC,30605(A),ILLEGALLY POSSESS ANY ASSAULT WEAPON (F),other_not_identifiable,no_dv_identifier,No DV-specific charge identifier; does not prove non-DV.,109,107,88.0,15.0,6.0
PC,459,BURGLARY (FOR PURPOSE OF FRAUD/FORGERY) (F),other_not_identifiable,no_dv_identifier,No DV-specific charge identifier; does not prove non-DV.,109,107,100.0,2.0,7.0
PC,71,THREATEN SCHOOL/PUBLIC OFCR/EMPLOYEE (F),other_not_identifiable,no_dv_identifier,No DV-specific charge identifier; does not prove non-DV.,109,109,109.0,0.0,0.0
VC,23152C,ADDICT DRIVE VEH (M),other_not_identifiable,no_dv_identifier,No DV-specific charge identifier; does not prove non-DV.,109,109,103.0,3.0,3.0
PC,451D,ARSON:PROP (F),other_not_identifiable,no_dv_identifier,No DV-specific charge identifier; does not prove non-DV.,108,108,74.0,24.0,10.0
PC,459,BURGLARY (SHOPLIFTING) (F),other_not_identifiable,no_dv_identifier,No DV-specific charge identifier; does not prove non-DV.,104,104,103.0,0.0,1.0
PC,25400(A)(1),CARRY CONCEALED WEAPON IN VEHICLE (M),other_not_identifiable,no_dv_identifier,No DV-specific charge identifier; does not prove non-DV.,99,99,87.0,8.0,4.0
PC,470(A),FORGERY (F),other_not_identifiable,no_dv_identifier,No DV-specific charge identifier; does not prove non-DV.,97,97,91.0,4.0,2.0
VC,5200,TWO PLATES REQUIRED (I),other_not_identifiable,no_dv_identifier,No DV-specific charge identifier; does not prove non-DV.,94,94,88.0,4.0,2.0
PC,12022.1,COMMIT FEL ON BAIL OR O/R RELEASE (BAIL+),other_not_identifiable,no_dv_identifier,No DV-specific charge identifier; does not prove non-DV.,90,89,0.0,61.0,29.0
PC,647(B)(1),DISORDERLY CONDUCT: PROSTITUTION - SEX FOR COMPENSATION (M),other_not_identifiable,no_dv_identifier,No DV-specific charge identifier; does not prove non-DV.,88,87,72.0,14.0,2.0
BP,25658(A),SELL LIQUOR TO MINOR (M),other_not_identifiable,no_dv_identifier,No DV-specific charge identifier; does not prove non-DV.,87,86,71.0,15.0,1.0
PC,69(A),OBSTRUCT/RESIST EXECUTIVE OFFICER WITH SERIOUS INJURY (F),other_not_identifiable,no_dv_identifier,No DV-specific charge identifier; does not prove non-DV.,87,86,39.0,31.0,17.0
HS,11360(A)(2),SELL/GIVE/TRANSPORT/ETC MARIJUANA - OVER 18 (M),other_not_identifiable,no_dv_identifier,No DV-specific charge identifier; does not prove non-DV.,86,85,75.0,5.0,6.0
PC,71(A)(1),THREATEN SCHOOL/PUBLIC OFCR/EMPLOYEE (F),other_not_identifiable,no_dv_identifier,No DV-specific charge identifier; does not prove non-DV.,86,86,43.0,24.0,19.0
PC,4573(A),BRING NARCOTIC PARAPHERNALIA INTO PRISON/JAIL (F),other_not_identifiable,no_dv_identifier,No DV-specific charge identifier; does not prove non-DV.,84,84,76.0,7.0,1.0
FG,5652,DUMP OR ABANDON REFUSE/ETC IN OR NEAR STATE WATERS (M),other_not_identifiable,no_dv_identifier,No DV-specific charge identifier; does not prove non-DV.,83,61,40.0,16.0,27.0
HS,11357(B)(2),POSSESS MARIJUANA OVER AN OUNCE - OVER 18 (M),other_not_identifiable,no_dv_identifier,No DV-specific charge identifier; does not prove non-DV.,81,80,64.0,7.0,10.0
PC,272,CONTRIBUTE TO THE DELINQUENCY OF A MINOR (M),other_not_identifiable,no_dv_identifier,No DV-specific charge identifier; does not prove non-DV.,80,78,61.0,9.0,10.0
VC,23152A,DUI ALCOHOL,other_not_identifiable,no_dv_identifier,No DV-specific charge identifier; does not prove non-DV.,80,80,3.0,77.0,0.0
VC,23222(B),POSSESS MARIJUANA 1 OZ OR LESS WHILE DRIVING (I),other_not_identifiable,no_dv_identifier,No DV-specific charge identifier; does not prove non-DV.,80,80,72.0,5.0,3.0
HS,11364(A),POSS CONTROLLED SUBS PARAPHERNALIA,other_not_identifiable,no_dv_identifier,No DV-specific charge identifier; does not prove non-DV.,78,76,0.0,78.0,0.0
MC,9.01.020,CAMPING ON PUBLIC PROPERTY,other_not_identifiable,no_dv_identifier,No DV-specific charge identifier; does not prove non-DV.,78,75,0.0,1.0,77.0
PC,25400(A)(2),CARRY CONCEALED WEAPON ON PERSON (F),other_not_identifiable,no_dv_identifier,No DV-specific charge identifier; does not prove non-DV.,78,78,65.0,12.0,1.0
PC,25850(A),CARRY LOADED FIREARM IN PUBLIC UNDER SPECIFIC CIRCUMSTANCES (F),other_not_identifiable,no_dv_identifier,No DV-specific charge identifier; does not prove non-DV.,76,76,63.0,5.0,8.0
PC,487(A),GRAND THEFT (Theft of Mot Veh Parts/Acc) (F),other_not_identifiable,no_dv_identifier,No DV-specific charge identifier; does not prove non-DV.,76,73,68.0,8.0,0.0
PC,503,EMBEZZLEMENT [OVER $950] (F),other_not_identifiable,no_dv_identifier,No DV-specific charge identifier; does not prove non-DV.,76,76,67.0,6.0,3.0
PC,827.1,MISD CITE AND RELEASE ON ACTIVE WARRANT,other_not_identifiable,no_dv_identifier,No DV-specific charge identifier; does not prove non-DV.,76,76,0.0,76.0,0.0
CO,MISC,MISC CITY/COUNTY MISDEMEANOR ORDINANCES (M),other_not_identifiable,no_dv_identifier,No DV-specific charge identifier; does not prove non-DV.,75,75,71.0,2.0,2.0
PC,22210,MANUFACTURE/SALE/POSSESS/ETC LEADED CANE/BILLY/ETC (M),other_not_identifiable,no_dv_identifier,No DV-specific charge identifier; does not prove non-DV.,75,75,61.0,11.0,3.0
PC,484G,THEFT BY USE OF ACCESS CARD INFORMATION [$950 OR LESS] (M),other_not_identifiable,no_dv_identifier,No DV-specific charge identifier; does not prove non-DV.,75,75,70.0,3.0,2.0
PC,490.4(A)(1),THEFT OF MERCHANDISE W/ INTENT TO SELL/EXCHANGE: OVER $950 (F),other_not_identifiable,no_dv_identifier,No DV-specific charge identifier; does not prove non-DV.,75,69,57.0,10.0,8.0
PC,532A,OBTAIN MONEY/ETC BY FALSE PRETENSES [OVER $950] (F),other_not_identifiable,no_dv_identifier,No DV-specific charge identifier; does not prove non-DV.,75,74,64.0,7.0,4.0
BP,25662(A),MINOR POSS ALC (M),other_not_identifiable,no_dv_identifier,No DV-specific charge identifier; does not prove non-DV.,73,69,60.0,5.0,8.0
PC,314(1),INDECENT EXPOSURE (M),other_not_identifiable,no_dv_identifier,No DV-specific charge identifier; does not prove non-DV.,73,73,33.0,26.0,14.0
PC,21810,MANUFACTURE/SALE/POSSESS/ETC METAL KNUCKLES (M),other_not_identifiable,no_dv_identifier,No DV-specific charge identifier; does not prove non-DV.,70,70,57.0,7.0,6.0
PC,29800(B),CONVICTED PERSON POSSESS/OWN/ETC FIREARM (F),other_not_identifiable,no_dv_identifier,No DV-specific charge identifier; does not prove non-DV.,70,70,70.0,0.0,0.0
PC,496D(A),POSSESS STOLEN VEHICLE/VESSEL/ETC (M),other_not_identifiable,no_dv_identifier,No DV-specific charge identifier; does not prove non-DV.,70,67,55.0,12.0,3.0
PC,484,THEFT (M),other_not_identifiable,no_dv_identifier,No DV-specific charge identifier; does not prove non-DV.,68,68,63.0,1.0,4.0
PC,647.6(A)(1),ANNOY/MOLEST VICTIM UNDER 18 YEARS OF AGE (M),other_not_identifiable,no_dv_identifier,No DV-specific charge identifier; does not prove non-DV.,68,68,51.0,10.0,7.0
PC,4502(A),PRISONER POSS WEAPON (F),other_not_identifiable,no_dv_identifier,No DV-specific charge identifier; does not prove non-DV.,67,67,49.0,15.0,3.0
VC,23152B,DUI ALC/0.08 PERCENT,other_not_identifiable,no_dv_identifier,No DV-specific charge identifier; does not prove non-DV.,67,67,0.0,67.0,0.0
PC,647(F)DK,DISORD CONDUCT:ALC,other_not_identifiable,no_dv_identifier,No DV-specific charge identifier; does not prove non-DV.,66,65,0.0,66.0,0.0
VC,22350,UNSAFE SPEED (BASIC SPEED LAW) (I),other_not_identifiable,no_dv_identifier,No DV-specific charge identifier; does not prove non-DV.,66,66,58.0,5.0,3.0
BP,4060,POSSESS CONTROLLED SUBSTANCES WITHOUT A PRESCRIPTION (M),other_not_identifiable,no_dv_identifier,No DV-specific charge identifier; does not prove non-DV.,65,65,59.0,2.0,4.0
HS,11350(A),POSS NARCOTIC CONTROLLED SUBS,other_not_identifiable,no_dv_identifier,No DV-specific charge identifier; does not prove non-DV.,65,64,0.0,65.0,0.0
PC,530.5(E),COMMIT MAIL THEFT (M),other_not_identifiable,no_dv_identifier,No DV-specific charge identifier; does not prove non-DV.,65,64,57.0,7.0,1.0
MC,9.20.020C,NO PERSON SHALL CAMP ETC. ON PRIVATE PROPERTY W/O PERMISSION (M),other_not_identifiable,no_dv_identifier,No DV-specific charge identifier; does not prove non-DV.,64,61,55.0,3.0,6.0
PC,4573.9,NON-INMATE SELL CNTL SUB TO PERS IN CUST (F),other_not_identifiable,no_dv_identifier,No DV-specific charge identifier; does not prove non-DV.,63,63,62.0,1.0,0.0
PC,530,PERSONATE TO GET MONEY/PROP [OVER $400] (F),other_not_identifiable,no_dv_identifier,No DV-specific charge identifier; does not prove non-DV.,63,63,57.0,4.0,2.0
HS,11550(E),UNDER INFL OF SPEC CONT SUBS:POSS FIREARM (F),other_not_identifiable,no_dv_identifier,No DV-specific charge identifier; does not prove non-DV.,61,61,55.0,5.0,1.0
MC,10.32.040(A),Posses open alcoholic container in public,other_not_identifiable,no_dv_identifier,No DV-specific charge identifier; does not prove non-DV.,61,59,43.0,6.0,12.0
PC,451C,ARSON:STRUCTURE/FOREST LAND (F),other_not_identifiable,no_dv_identifier,No DV-specific charge identifier; does not prove non-DV.,61,61,46.0,8.0,7.0
PC,417A2,EXHIBIT FIREARM (M),other_not_identifiable,no_dv_identifier,No DV-specific charge identifier; does not prove non-DV.,60,60,58.0,0.0,2.0
VC,23550(A),DUI W/PRIOR SPECIFIC CONVICTIONS (F),other_not_identifiable,no_dv_identifier,No DV-specific charge identifier; does not prove non-DV.,59,59,42.0,7.0,10.0
PC,25850(C)(2),CARRY STOLEN LOADED FIREARM (F),other_not_identifiable,no_dv_identifier,No DV-specific charge identifier; does not prove non-DV.,58,58,52.0,5.0,1.0
PC,32,ACCESSORY TO FELONY (F),other_not_identifiable,no_dv_identifier,No DV-specific charge identifier; does not prove non-DV.,57,56,46.0,9.0,2.0
PC,647(F)DK,DISORD CONDUCT:UNDER INFL OF TOLUENE (M),other_not_identifiable,no_dv_identifier,No DV-specific charge identifier; does not prove non-DV.,57,57,29.0,21.0,7.0
PC,4600,DAMAGE JAIL/PRISON/PROPERTY (OVER $950) (F),other_not_identifiable,no_dv_identifier,No DV-specific charge identifier; does not prove non-DV.,55,55,42.0,10.0,3.0
VC,24252A,FAILURE TO MAINTAIN VEH LIGHTING EQUIP (I),other_not_identifiable,no_dv_identifier,No DV-specific charge identifier; does not prove non-DV.,55,55,55.0,0.0,0.0
PC,475(C),PASS COMPLETED CHECK WITH INTENT TO DEFRAUD (F),other_not_identifiable,no_dv_identifier,No DV-specific charge identifier; does not prove non-DV.,54,54,52.0,2.0,0.0
PC,484G,THEFT BY USE OF ACCESS CARD INFORMATION [OVER $950] (F),other_not_identifiable,no_dv_identifier,No DV-specific charge identifier; does not prove non-DV.,53,52,44.0,5.0,4.0
VC,10852,TAMPER WITH VEH,other_not_identifiable,no_dv_identifier,No DV-specific charge identifier; does not prove non-DV.,52,52,42.0,6.0,4.0
VC,14601.1(A),DRVG WHILE LIC SUSP OR REVOKED:OTHER REASONS (I),other_not_identifiable,no_dv_identifier,No DV-specific charge identifier; does not prove non-DV.,52,52,51.0,1.0,0.0
HS,11550(A),USE/UNDER INFL OF CONTROLLED SUBS,other_not_identifiable,no_dv_identifier,No DV-specific charge identifier; does not prove non-DV.,51,51,0.0,51.0,0.0
PC,69,OBSTRUCT/RESIST EXECUTIVE OFFICER WITH SERIOUS INJURY (F),other_not_identifiable,no_dv_identifier,No DV-specific charge identifier; does not prove non-DV.,51,51,51.0,0.0,0.0
VC,22450(A),FAILED TO STOP FOR STOP SIGN (I),other_not_identifiable,no_dv_identifier,No DV-specific charge identifier; does not prove non-DV.,50,50,47.0,2.0,1.0
VC,2800.4,EVADING A PEACE OFFICER:WRONG WAY DRIVER (F),other_not_identifiable,no_dv_identifier,No DV-specific charge identifier; does not prove non-DV.,49,49,33.0,10.0,6.0
PC,666.1(A)(1),GRAND THEFT (SHOPLIFT) W/2+ PRIOR CONVICTIONS (F),other_not_identifiable,no_dv_identifier,No DV-specific charge identifier; does not prove non-DV.,48,47,0.0,0.0,48.0
PC,25850(C)(3),CRIMINAL STREET GANG MEMBER CARRY LOADED FIREARM (F),other_not_identifiable,no_dv_identifier,No DV-specific charge identifier; does not prove non-DV.,47,45,37.0,9.0,1.0
VC,10851(E),TAKE VEHICLE WITHOUT OWNER CONSENT WITH SPECIFIC PRIORS (F),other_not_identifiable,no_dv_identifier,No DV-specific charge identifier; does not prove non-DV.,47,47,44.0,3.0,0.0
BP,25661,POSS/USE FALSE EVIDENCE OF AGE (M),other_not_identifiable,no_dv_identifier,No DV-specific charge identifier; does not prove non-DV.,46,46,46.0,0.0,0.0
PC,290.018(A),SEX OFFENDER FAIL TO REGISTER/ETC (M),other_not_identifiable,no_dv_identifier,No DV-specific charge identifier; does not prove non-DV.,45,45,39.0,6.0,0.0
PC,4573.6(A),POSS CONTROLLED SUBS IN PRISON/JAIL,other_not_identifiable,no_dv_identifier,No DV-specific charge identifier; does not prove non-DV.,45,43,0.0,45.0,0.0
PC,23900,ALTER/REMOVE/ETC IDENTIFICATION MARKS ON FIREARM (F),other_not_identifiable,no_dv_identifier,No DV-specific charge identifier; does not prove non-DV.,44,43,38.0,3.0,3.0
PC,647(H),DISORD CONDUCT:PROWL/LOITER PRIVATE PROP (M),other_not_identifiable,no_dv_identifier,No DV-specific charge identifier; does not prove non-DV.,44,44,36.0,5.0,3.0
VC,4462B,DISPLAY ON VEH/GIVE TO PEACE OFCR FALSE REGISTRATION (I),other_not_identifiable,no_dv_identifier,No DV-specific charge identifier; does not prove non-DV.,44,44,42.0,1.0,1.0
PC,475A,POSS BAD CHECK (F),other_not_identifiable,no_dv_identifier,No DV-specific charge identifier; does not prove non-DV.,43,43,40.0,1.0,2.0
VC,4463(A)(1),FORGE/ALTER VEHICLE REGISTRATION/ETC (M),other_not_identifiable,no_dv_identifier,No DV-specific charge identifier; does not prove non-DV.,43,43,33.0,6.0,4.0
ZZ,980000,COUNTY/MUNICIPAL ORDINANCES,other_not_identifiable,no_dv_identifier,No DV-specific charge identifier; does not prove non-DV.,43,40,17.0,26.0,0.0
BP,25620,POSS OPEN CONTAINER OF ALC IN PUBLIC (I),other_not_identifiable,no_dv_identifier,No DV-specific charge identifier; does not prove non-DV.,42,40,37.0,3.0,2.0
PC,290.018(G),290 VIOLATION TRAN 30 DAY UPDATE (M),other_not_identifiable,no_dv_identifier,No DV-specific charge identifier; does not prove non-DV.,42,42,33.0,8.0,1.0
VC,21453A,SIGNAL LIGHTS:CIRCULAR RED (I),other_not_identifiable,no_dv_identifier,No DV-specific charge identifier; does not prove non-DV.,42,42,34.0,8.0,0.0
PC,508,EMBEZZLEMENT BY EMPLOYEE [OVER $950],other_not_identifiable,no_dv_identifier,No DV-specific charge identifier; does not prove non-DV.,41,41,30.0,4.0,7.0
VC,23550.5(A),DRIVING UNDER INFLUENCE WITHIN 10 YEARS OF PRIOR FELONY DUI (F),other_not_identifiable,no_dv_identifier,No DV-specific charge identifier; does not prove non-DV.,41,41,30.0,7.0,4.0
HS,11357(A)(2),POSSESS MARIJUANA 28.5 GRAMS OR LESS - 18-21 (I),other_not_identifiable,no_dv_identifier,No DV-specific charge identifier; does not prove non-DV.,40,40,35.0,1.0,4.0
PC,33210,MANUFACTURE/IMPORT/POSSESS/ETC SHORT-BARRELED RIFLE/SHOTGUN (F),other_not_identifiable,no_dv_identifier,No DV-specific charge identifier; does not prove non-DV.,40,40,35.0,4.0,1.0
PC,4573.9(A),NON-INMATE SELL CNTL SUB TO PERS IN CUST (F),other_not_identifiable,no_dv_identifier,No DV-specific charge identifier; does not prove non-DV.,40,37,24.0,11.0,5.0
HS,11370.4(B)4,AMPH/METH/PCP OVER 20KG OR 400L (BAIL+),other_not_identifiable,no_dv_identifier,No DV-specific charge identifier; does not prove non-DV.,39,33,0.0,22.0,17.0
PC,470B,POSSESS DRIVER'S LICENSE/IDENTIFICATION TO COMMIT FORGERY (F),other_not_identifiable,no_dv_identifier,No DV-specific charge identifier; does not prove non-DV.,39,39,36.0,0.0,3.0
PC,594(B)(1),VANDALISM ($400 OR MORE),other_not_identifiable,no_dv_identifier,No DV-specific charge identifier; does not prove non-DV.,39,39,4.0,35.0,0.0
BP,22435.2B,POSS SHOPPING/LAUNDRY CART (M),other_not_identifiable,no_dv_identifier,No DV-specific charge identifier; does not prove non-DV.,38,38,36.0,1.0,1.0
PC,33215,MFG/IMPORT/ETC SHORT BARRELED RIFLE (F),other_not_identifiable,no_dv_identifier,No DV-specific charge identifier; does not prove non-DV.,38,38,31.0,2.0,5.0
PC,381B,POSS NITROUS OXIDE (M),other_not_identifiable,no_dv_identifier,No DV-specific charge identifier; does not prove non-DV.,38,33,7.0,13.0,18.0
VC,23222(A),POSS OPEN CONTAINER WHILE DRVG (I),other_not_identifiable,no_dv_identifier,No DV-specific charge identifier; does not prove non-DV.,38,38,31.0,2.0,5.0
VC,4463(A)(1),FORGE/ALTER VEH REGISTRATION (F),other_not_identifiable,no_dv_identifier,No DV-specific charge identifier; does not prove non-DV.,38,38,30.0,5.0,3.0
PC,203,MAYHEM (F),other_not_identifiable,no_dv_identifier,No DV-specific charge identifier; does not prove non-DV.,37,37,31.0,5.0,1.0
PC,22810(B),NARCOTIC ADDICT POSSESS/PURCHASE/USE/ETC TEARGAS/TEARGAS (M),other_not_identifiable,no_dv_identifier,No DV-specific charge identifier; does not prove non-DV.,37,37,32.0,3.0,2.0
PC,4532(B)(1),ESCAPE JAIL/ETC WHILE CHARGED/ETC WITH A FELONY (F),other_not_identifiable,no_dv_identifier,No DV-specific charge identifier; does not prove non-DV.,37,37,36.0,1.0,0.0
VC,21651B,LANE USAGE:DIV HWY:DRIVE WRONG SIDE OF BARRIER (M),other_not_identifiable,no_dv_identifier,No DV-specific charge identifier; does not prove non-DV.,37,37,21.0,5.0,11.0
VC,23152(A),DUI ALCOHOL,other_not_identifiable,no_dv_identifier,No DV-specific charge identifier; does not prove non-DV.,37,37,0.0,37.0,0.0
VC,23152(B),DUI ALC/0.08 PERCENT,other_not_identifiable,no_dv_identifier,No DV-specific charge identifier; does not prove non-DV.,37,37,0.0,37.0,0.0
ZZ,OW-F,FELONY OTHER AGENCY'S WARRANT,other_not_identifiable,no_dv_identifier,No DV-specific charge identifier; does not prove non-DV.,37,36,0.0,37.0,0.0
PC,25400(A)(2),CARRY CONCEALED WEAPON ON PERSON (M),other_not_identifiable,no_dv_identifier,No DV-specific charge identifier; does not prove non-DV.,36,34,26.0,8.0,2.0
PC,25850(C)(4),CARRY LOADED FIREARM:UNLAWFUL/PROHIBITED POSSESSION (F),other_not_identifiable,no_dv_identifier,No DV-specific charge identifier; does not prove non-DV.,36,36,30.0,5.0,1.0
PC,415(2),DISORD CONDUCT:DIST BY LOUD/UNREASONABLE NOISE (M),other_not_identifiable,no_dv_identifier,No DV-specific charge identifier; does not prove non-DV.,36,36,29.0,4.0,3.0
PC,451B,ARSON:INHABITED STRUCTURE/PROP (F),other_not_identifiable,no_dv_identifier,No DV-specific charge identifier; does not prove non-DV.,36,36,27.0,5.0,4.0
PC,653X(A),ANNOYING CALLS TO 911 (M),other_not_identifiable,no_dv_identifier,No DV-specific charge identifier; does not prove non-DV.,36,36,20.0,13.0,3.0
PC,4532(B)(1),ATT/ESCAPE JAIL/ETC WHILE CHARGED/ETC WITH A FELONY (F),other_not_identifiable,no_dv_identifier,No DV-specific charge identifier; does not prove non-DV.,35,35,20.0,12.0,3.0
WI,777A,FAIL TO OBEY ORDER OF JUVENILE COURT 601 WI (S),other_not_identifiable,no_dv_identifier,No DV-specific charge identifier; does not prove non-DV.,35,35,35.0,0.0,0.0
ZZ,11,FEDERAL/ALL OTHERS,other_not_identifiable,no_dv_identifier,No DV-specific charge identifier; does not prove non-DV.,35,35,30.0,5.0,0.0
PC,33410,POSSESS SILENCER (F),other_not_identifiable,no_dv_identifier,No DV-specific charge identifier; does not prove non-DV.,34,32,25.0,6.0,3.0
PC,350(A)(2),MFG/SELL 1000 OR MORE COUNTERFEIT REG MARK (F),other_not_identifiable,no_dv_identifier,No DV-specific charge identifier; does not prove non-DV.,34,34,34.0,0.0,0.0
PC,4502(B),PRISONER MANUFACTURE WEAPON (F),other_not_identifiable,no_dv_identifier,No DV-specific charge identifier; does not prove non-DV.,34,34,23.0,7.0,4.0
PC,148(A)(1),OBSTRUCT/RESIST PEACE OFCR/EMER MED TECH,other_not_identifiable,no_dv_identifier,No DV-specific charge identifier; does not prove non-DV.,33,33,0.0,33.0,0.0
PC,1551.1,FUGITIVE FROM JUSTICE:ARREST W/OUT WARRANT (F),other_not_identifiable,no_dv_identifier,No DV-specific charge identifier; does not prove non-DV.,33,33,28.0,4.0,1.0
PC,25400(A)(3),CARRY CONCEALED WEAPON IN VEHICLE:OCCUPANT (F),other_not_identifiable,no_dv_identifier,No DV-specific charge identifier; does not prove non-DV.,33,33,27.0,4.0,2.0
PC,417(A)(2)(B),EXHBT FIREARM THRTNG MANNER (M),other_not_identifiable,no_dv_identifier,No DV-specific charge identifier; does not prove non-DV.,33,33,17.0,13.0,3.0
PC,485,APPROPRIATE LOST PROPERTY [OVER $950] (F),other_not_identifiable,no_dv_identifier,No DV-specific charge identifier; does not prove non-DV.,33,33,30.0,1.0,2.0
PC,597(A),CRUELTY TO ANIMAL/S (F),other_not_identifiable,no_dv_identifier,No DV-specific charge identifier; does not prove non-DV.,33,33,33.0,0.0,0.0
VC,23109(A),ILLEGAL SPEED CONTEST (M),other_not_identifiable,no_dv_identifier,No DV-specific charge identifier; does not prove non-DV.,33,32,31.0,2.0,0.0
VC,23247(E),DRIVE W/O INTERLOCK Dev WHEN REQUIRED (M),other_not_identifiable,no_dv_identifier,No DV-specific charge identifier; does not prove non-DV.,33,33,20.0,4.0,9.0
PC,22410,MANUFACTURE/SALE/POSSESS/ETC SHURIKEN (F),other_not_identifiable,no_dv_identifier,No DV-specific charge identifier; does not prove non-DV.,32,32,24.0,2.0,6.0
PC,459.5,SHOPLIFTING,other_not_identifiable,no_dv_identifier,No DV-specific charge identifier; does not prove non-DV.,32,30,0.0,32.0,0.0
HS,11370.6(A),POSSESS MONEY/ETC FROM SALE/ETC OF CONTROLLED SUBSTANCE (F),other_not_identifiable,no_dv_identifier,No DV-specific charge identifier; does not prove non-DV.,31,30,27.0,3.0,1.0
PC,22610(B),NARCOTIC ADDICT POSS/BUY/USE STUN GUN (M),other_not_identifiable,no_dv_identifier,No DV-specific charge identifier; does not prove non-DV.,31,31,28.0,3.0,0.0
PC,463(B),GRAND THEFT DURING STATE OF EMERGENCY - LOOTING (F),other_not_identifiable,no_dv_identifier,No DV-specific charge identifier; does not prove non-DV.,31,31,31.0,0.0,0.0
PC,475(B),P0SSESS BLANK CHECK:DEFRAUD (F),other_not_identifiable,no_dv_identifier,No DV-specific charge identifier; does not prove non-DV.,31,31,29.0,1.0,1.0
PC,647(F),DISORD CONDUCT:ALC,other_not_identifiable,no_dv_identifier,No DV-specific charge identifier; does not prove non-DV.,31,31,0.0,31.0,0.0
VC,23153(G),DUI ALCOHOL/DRUGS:CAUSING BODILY INJURY (F),other_not_identifiable,no_dv_identifier,No DV-specific charge identifier; does not prove non-DV.,31,31,25.0,4.0,2.0
HS,11375(B),POSS FOR SALE/SELL CONTROLLED SUBS (F),other_not_identifiable,no_dv_identifier,No DV-specific charge identifier; does not prove non-DV.,30,30,30.0,0.0,0.0
MC,9.68.030,POSSESSION OF OPEN CONTAINER ON PUBLIC PROPERTY,other_not_identifiable,no_dv_identifier,No DV-specific charge identifier; does not prove non-DV.,30,30,29.0,1.0,0.0
PC,30600(A),MFG/SELL/TRANS/ETC ASSAULT WEAPON (F),other_not_identifiable,no_dv_identifier,No DV-specific charge identifier; does not prove non-DV.,30,30,29.0,0.0,1.0
PC,31360(A),VIOLENT FELON POSSESS/OWN/PURCHASE BODY ARMOR (F),other_not_identifiable,no_dv_identifier,No DV-specific charge identifier; does not prove non-DV.,30,28,19.0,10.0,1.0
PC,503,EMBEZZLEMENT ($950 OR LESS) (M),other_not_identifiable,no_dv_identifier,No DV-specific charge identifier; does not prove non-DV.,30,30,27.0,2.0,1.0
HS,11379.6(A),MFR CONTROLLED SUBS (F),other_not_identifiable,no_dv_identifier,No DV-specific charge identifier; does not prove non-DV.,29,29,25.0,4.0,0.0
MC,9.20.020B,"NO ONE SHALL CAMP, LODGE, SLEEP OVERNIGHT IN PUBLIC PARK, STREET OR HIGHWAY (M)",other_not_identifiable,no_dv_identifier,No DV-specific charge identifier; does not prove non-DV.,29,18,12.0,12.0,5.0
PC,148.10(A),RESIST PEACE OFCR RSLT IN DEATH/INJ (F),other_not_identifiable,no_dv_identifier,No DV-specific charge identifier; does not prove non-DV.,29,29,20.0,6.0,3.0
PC,417.4,BRANDISHING FIREARM REPLICA (M),other_not_identifiable,no_dv_identifier,No DV-specific charge identifier; does not prove non-DV.,29,29,21.0,6.0,2.0
PC,4573.5,BRING ALC/DRUGS INTO PRISON/JAIL (F),other_not_identifiable,no_dv_identifier,No DV-specific charge identifier; does not prove non-DV.,29,29,29.0,0.0,0.0
PC,463(A),BURGLARY DURING STATE OF EMERGENCY - LOOTING (F),other_not_identifiable,no_dv_identifier,No DV-specific charge identifier; does not prove non-DV.,29,28,27.0,2.0,0.0
VC,23103,RECKLESS DRVG:PARK LOT (M),other_not_identifiable,no_dv_identifier,No DV-specific charge identifier; does not prove non-DV.,29,29,25.0,2.0,2.0
PC,490.5A,PETTY THEFT FROM LIBRARY OR MERCHANT (M),other_not_identifiable,no_dv_identifier,No DV-specific charge identifier; does not prove non-DV.,28,28,28.0,0.0,0.0
PC,537(A)(1),DEFRAUDING AN INNKEEPER [$950 OR LESS] (M),other_not_identifiable,no_dv_identifier,No DV-specific charge identifier; does not prove non-DV.,28,28,24.0,2.0,2.0
ZZ,OW-M,MISDEMEANOR OTHER AGENCY'S WARRANT,other_not_identifiable,no_dv_identifier,No DV-specific charge identifier; does not prove non-DV.,28,28,0.0,28.0,0.0
PC,476,MAKE/PASS FICTITIOUS CHECK UNDER $950 (M),other_not_identifiable,no_dv_identifier,No DV-specific charge identifier; does not prove non-DV.,27,27,23.0,4.0,0.0
PC,853.7,FAIL TO APPEAR AFTER WRITTEN PROMISE (M),other_not_identifiable,no_dv_identifier,No DV-specific charge identifier; does not prove non-DV.,27,27,22.0,3.0,2.0
VC,10851(A),TAKE VEHICLE W/O OWNER'S CONSENT/VEHICLE THEFT,other_not_identifiable,no_dv_identifier,No DV-specific charge identifier; does not prove non-DV.,27,27,12.0,15.0,0.0
VC,14601.5(A),DRIVE W/LICENSE SUSPENDED/REVOKED FOR REFUSING CHEM TEST (M),other_not_identifiable,no_dv_identifier,No DV-specific charge identifier; does not prove non-DV.,27,27,19.0,2.0,6.0
VC,23153(F),DUI DRUG:CAUSING BODILY INJURY (F),other_not_identifiable,no_dv_identifier,No DV-specific charge identifier; does not prove non-DV.,27,27,23.0,4.0,0.0
PC,148.5(A),FALSE REPORT OF CRIME TO PEACE OFCR (M),other_not_identifiable,no_dv_identifier,No DV-specific charge identifier; does not prove non-DV.,26,26,22.0,4.0,0.0
PC,21710,POSSESS/MANUFACTURE/COMMERCIAL SALE COMPOSITE/WOOD KNUCKLES (M),other_not_identifiable,no_dv_identifier,No DV-specific charge identifier; does not prove non-DV.,26,26,22.0,1.0,3.0
PC,30305(A)(1),PROHIBITED PERSON OWN/POSSESS/ETC AMMUNITION/ETC (M),other_not_identifiable,no_dv_identifier,No DV-specific charge identifier; does not prove non-DV.,26,26,19.0,5.0,2.0
PC,666.5(A),VEH THEFT:SPECIFIC PRS (F),other_not_identifiable,no_dv_identifier,No DV-specific charge identifier; does not prove non-DV.,26,25,19.0,3.0,4.0
MC,10.32.050(A),Unauthorized presence in drainage channels or storm channels,other_not_identifiable,no_dv_identifier,No DV-specific charge identifier; does not prove non-DV.,25,25,25.0,0.0,0.0
PC,23920,POSSESS/BUY/ETC FIREARM WITHOUT IDENTIFICATION MARK (M),other_not_identifiable,no_dv_identifier,No DV-specific charge identifier; does not prove non-DV.,25,25,25.0,0.0,0.0
PC,374.7(A),LITTER/DUMP WASTE IN WATER/SHORE (M),other_not_identifiable,no_dv_identifier,No DV-specific charge identifier; does not prove non-DV.,25,12,7.0,11.0,7.0
PC,415(1),DISORD CONDUCT:FIGHT/CHALLENGE FIGHT PUB PLACE (M),other_not_identifiable,no_dv_identifier,No DV-specific charge identifier; does not prove non-DV.,25,23,18.0,2.0,5.0
VC,22107,TURNS:UNSAFE TURN AND/OR NO TURN SIGNAL (I),other_not_identifiable,no_dv_identifier,No DV-specific charge identifier; does not prove non-DV.,25,25,20.0,4.0,1.0
VC,22349(A),EXCEED 65 MPH STATUTORY SPEED (I),other_not_identifiable,no_dv_identifier,No DV-specific charge identifier; does not prove non-DV.,25,25,22.0,3.0,0.0
VC,23109(C),ILLEGAL SPEED EXHIBITION (M),other_not_identifiable,no_dv_identifier,No DV-specific charge identifier; does not prove non-DV.,25,23,15.0,4.0,6.0
PC,186.22(D),CRIMINAL STREET GANG:WITH PUBLIC OFFENSE CONVICTION (F),other_not_identifiable,no_dv_identifier,No DV-specific charge identifier; does not prove non-DV.,24,24,21.0,1.0,2.0
PC,452C,CAUSING FIRE OF STRUCTURE/FOREST LAND (F),other_not_identifiable,no_dv_identifier,No DV-specific charge identifier; does not prove non-DV.,24,23,18.0,6.0,0.0
VC,22348B,DRIVE IN EXCESS 100 MPH (I),other_not_identifiable,no_dv_identifier,No DV-specific charge identifier; does not prove non-DV.,24,23,15.0,7.0,2.0
VC,23153(A),DUI ALCOHOL:CAUSING BODILY INJURY (M),other_not_identifiable,no_dv_identifier,No DV-specific charge identifier; does not prove non-DV.,24,24,22.0,1.0,1.0
VC,2800.2(A),DISREGARD SAFETY:EVADE POLICE (M),other_not_identifiable,no_dv_identifier,No DV-specific charge identifier; does not prove non-DV.,24,23,14.0,5.0,5.0
ZZ,BW-F,FELONY BENCH WARRANT (OUR AGENCY),other_not_identifiable,no_dv_identifier,No DV-specific charge identifier; does not prove non-DV.,24,24,0.0,24.0,0.0
PC,12091,POSS FIREARM W/ALTERED IDENT (F),other_not_identifiable,no_dv_identifier,No DV-specific charge identifier; does not prove non-DV.,23,23,23.0,0.0,0.0
PC,25400(C)(4),CARRY CONCEALED WEAPON PROHIBITED CLASS/UNLAWFUL POSSESSION (F),other_not_identifiable,no_dv_identifier,No DV-specific charge identifier; does not prove non-DV.,23,22,19.0,2.0,2.0
PC,4600,DAMAGE JAIL/PRISON/PROPERTY (UNDER $950) (M),other_not_identifiable,no_dv_identifier,No DV-specific charge identifier; does not prove non-DV.,23,23,15.0,5.0,3.0
PC,484E(D),USE ACCESS CARD ACCOUNT INFO W/O CONSENT (F),other_not_identifiable,no_dv_identifier,No DV-specific charge identifier; does not prove non-DV.,23,23,19.0,3.0,1.0
PC,487(D),GRAND THEFT:AUTO (F),other_not_identifiable,no_dv_identifier,No DV-specific charge identifier; does not prove non-DV.,23,23,23.0,0.0,0.0
VC,21200.5,RIDING BICYCLE UNDER INFLUENCE OF ALCOHOL AND/OR DRUGS(IBR 90E),other_not_identifiable,no_dv_identifier,No DV-specific charge identifier; does not prove non-DV.,23,23,17.0,2.0,4.0
HS,11370.4(A)4,HEROIN OR COCAINE OVER 20KG (BAIL+),other_not_identifiable,no_dv_identifier,No DV-specific charge identifier; does not prove non-DV.,22,16,0.0,11.0,11.0
PC,20150(A),ALTER/CHANGE/ETC IMITATION FIREARM TO LOOK LIKE A FIREARM (M),other_not_identifiable,no_dv_identifier,No DV-specific charge identifier; does not prove non-DV.,22,22,21.0,1.0,0.0
PC,266I(A)(1),PANDERING:PROCURE PERSON FOR PROSTITUTION (F),other_not_identifiable,no_dv_identifier,No DV-specific charge identifier; does not prove non-DV.,22,22,17.0,3.0,2.0
PC,29180(2)(A),MANUFACTURE/ASSEMBLE FIREARM - PROVIDE SERIAL NUMBER (M),other_not_identifiable,no_dv_identifier,No DV-specific charge identifier; does not prove non-DV.,22,22,22.0,0.0,0.0
PC,308A1AI,FURNISH UNDER 21 W/TOBACCO/SMOKING PARAPHERNALIA (M),other_not_identifiable,no_dv_identifier,No DV-specific charge identifier; does not prove non-DV.,22,22,9.0,9.0,4.0
PC,487(B)(3),GRAND THEFT BY SERVANT/ETC [$950 OR MORE] (F),other_not_identifiable,no_dv_identifier,No DV-specific charge identifier; does not prove non-DV.,22,22,17.0,2.0,3.0
PC,530.5(D)(2),KNOWINGLY USE PERSONAL IDENTIFYING INFO TO COMMIT A VIOLATION (F),other_not_identifiable,no_dv_identifier,No DV-specific charge identifier; does not prove non-DV.,22,22,20.0,2.0,0.0
PC,600A,WILLFULLY HARM PEACE OFCRS HORSE/DOG W/O SER INJ (M),other_not_identifiable,no_dv_identifier,No DV-specific charge identifier; does not prove non-DV.,22,22,19.0,3.0,0.0
VC,12500(A),DRVG WITHOUT VALID DRVR'S LIC,other_not_identifiable,no_dv_identifier,No DV-specific charge identifier; does not prove non-DV.,22,22,0.0,22.0,0.0
VC,4000A,NO REGISTRATION:VEHICLE/TRAILER/ETC (I),other_not_identifiable,no_dv_identifier,No DV-specific charge identifier; does not prove non-DV.,22,22,19.0,3.0,0.0
HS,11351.5,POSS/PURCHASE COCAINE BASE FOR SALE (F),other_not_identifiable,no_dv_identifier,No DV-specific charge identifier; does not prove non-DV.,21,21,18.0,1.0,2.0
MC,9.60.060,UNLAWFUL CAMPING,other_not_identifiable,no_dv_identifier,No DV-specific charge identifier; does not prove non-DV.,21,21,21.0,0.0,0.0
PC,470A,ALTER/FORGE/FALSIFY DRVRS LIC/IDENT (F),other_not_identifiable,no_dv_identifier,No DV-specific charge identifier; does not prove non-DV.,21,21,18.0,1.0,2.0
PC,530,PERSONATE TO GET MONEY/PROP [$400 OR LESS] (M),other_not_identifiable,no_dv_identifier,No DV-specific charge identifier; does not prove non-DV.,21,21,20.0,1.0,0.0
PC,532A,OBTAIN MONEY/ETC BY FALSE PRETENSES [$950 OR LESS] (M),other_not_identifiable,no_dv_identifier,No DV-specific charge identifier; does not prove non-DV.,21,21,20.0,1.0,0.0
PC,597(A),INTENTIONAL CRUELTY TO ANIMAL/S (F),other_not_identifiable,no_dv_identifier,No DV-specific charge identifier; does not prove non-DV.,21,21,10.0,5.0,6.0
PC,602.5,ENTER NONCOMMERCIAL DWELLING (M),other_not_identifiable,no_dv_identifier,No DV-specific charge identifier; does not prove non-DV.,21,19,13.0,2.0,6.0
VC,26708(A)(1),A PERSON NOT OPERATE VEHICLE WITH WINDOW/VIEW OBSTRUCTED (I),other_not_identifiable,no_dv_identifier,No DV-specific charge identifier; does not prove non-DV.,21,21,18.0,3.0,0.0
VC,2800,FAIL TO OBEY PEACE OFFICER:LAWFUL ORDER OR INSPECTION (M),other_not_identifiable,no_dv_identifier,No DV-specific charge identifier; does not prove non-DV.,21,21,13.0,2.0,6.0
HS,11351,POSSESS/PURCHASE FOR SALE NARCOTIC/CONTROLLED SUBSTANCE,other_not_identifiable,no_dv_identifier,No DV-specific charge identifier; does not prove non-DV.,20,18,0.0,20.0,0.0
HS,11370.4(A)3,HEROIN OR COCAINE OVER 10KG (BAIL+),other_not_identifiable,no_dv_identifier,No DV-specific charge identifier; does not prove non-DV.,20,19,0.0,12.0,8.0
PC,314(1),INDECENT EXPOSURE W/PR (F),other_not_identifiable,no_dv_identifier,No DV-specific charge identifier; does not prove non-DV.,20,20,14.0,3.0,3.0
VC,14610(A)(1),UNLAWFUL USE OF INVALID DRVR'S LIC (M),other_not_identifiable,no_dv_identifier,No DV-specific charge identifier; does not prove non-DV.,20,20,20.0,0.0,0.0
VC,16028(C),FAIL TO PROVE FIN RESPONS:PEACE OFCR REQ AT COLLISION (I),other_not_identifiable,no_dv_identifier,No DV-specific charge identifier; does not prove non-DV.,20,20,18.0,1.0,1.0
VC,23110B,THROW SUBS AT VEH ON HWY W/GBI INTENT (F),other_not_identifiable,no_dv_identifier,No DV-specific charge identifier; does not prove non-DV.,20,20,18.0,2.0,0.0
VC,26710,DEFECTIVE WINDSHIELDS OR REAR WINDOW (I),other_not_identifiable,no_dv_identifier,No DV-specific charge identifier; does not prove non-DV.,20,20,19.0,1.0,0.0
VC,31,GIVE FALSE INFO TO PEACE OFCR,other_not_identifiable,no_dv_identifier,No DV-specific charge identifier; does not prove non-DV.,20,19,10.0,8.0,2.0
HS,11395,TREATMENT MANDATED FELONY ACT/MISD POSS W/ 2 PRIORS,other_not_identifiable,no_dv_identifier,No DV-specific charge identifier; does not prove non-DV.,19,19,0.0,19.0,0.0
MC,09.36.100,STORAGE OF PERSONAL PROPERTY IN PUBLIC PLACES PROHIBITED (M),other_not_identifiable,no_dv_identifier,No DV-specific charge identifier; does not prove non-DV.,19,19,14.0,4.0,1.0
MC,9.01.010,CAMPING ON PRIVATE PROPERTY,other_not_identifiable,no_dv_identifier,No DV-specific charge identifier; does not prove non-DV.,19,15,0.0,0.0,19.0
MC,9.36.090,UNLAWFULL CAMPING (M),other_not_identifiable,no_dv_identifier,No DV-specific charge identifier; does not prove non-DV.,19,19,16.0,2.0,1.0
PC,1203.2,PROBATION VIOLATION:REARREST/REVOKE [STATE SPECIFIC CRIME],other_not_identifiable,no_dv_identifier,No DV-specific charge identifier; does not prove non-DV.,19,18,0.0,11.0,8.0
PC,266H(A),PIMPING (F),other_not_identifiable,no_dv_identifier,No DV-specific charge identifier; does not prove non-DV.,19,18,14.0,1.0,4.0
PC,29900(A)(1),POSSESS/ETC FIREARM W/PR VIOLENT OFFENSE CONVICTION (F),other_not_identifiable,no_dv_identifier,No DV-specific charge identifier; does not prove non-DV.,19,19,19.0,0.0,0.0
PC,4573.8,POSS DRUGS/ALCOHOLIC BEVERAGE IN PRISON/JAIL,other_not_identifiable,no_dv_identifier,No DV-specific charge identifier; does not prove non-DV.,19,18,0.0,19.0,0.0
PC,459,BURGLARY (RESIDENTIAL),other_not_identifiable,no_dv_identifier,No DV-specific charge identifier; does not prove non-DV.,19,16,0.0,19.0,0.0
VC,14601.2(A),DRIV W/LIC SUSP/REV W/PRIOR DUI CONV,other_not_identifiable,no_dv_identifier,No DV-specific charge identifier; does not prove non-DV.,19,19,0.0,19.0,0.0
CO,32.303(A),SOCIAL HOST - FAIL TO PREVENT ALCOHOL CONSUMPTION BY MINOR (M),other_not_identifiable,no_dv_identifier,No DV-specific charge identifier; does not prove non-DV.,18,16,14.0,4.0,0.0
HS,11378,POSS CONTROLLED SUBS FOR SALE,other_not_identifiable,no_dv_identifier,No DV-specific charge identifier; does not prove non-DV.,18,17,0.0,18.0,0.0
MC,9.28.010,POSS. OPEN ALCOHOL CONTAINER IN PUBLIC,other_not_identifiable,no_dv_identifier,No DV-specific charge identifier; does not prove non-DV.,18,17,2.0,0.0,16.0
PC,647(I),DISORD CONDUCT:PEEK INTO INHABITED BUILDING (Peeping) (M),other_not_identifiable,no_dv_identifier,No DV-specific charge identifier; does not prove non-DV.,18,18,16.0,1.0,1.0
PC,978.5,BENCH WARRANT/FAILURE TO APPEAR ON MISDEMEANOR CHARGE,other_not_identifiable,no_dv_identifier,No DV-specific charge identifier; does not prove non-DV.,18,18,18.0,0.0,0.0
VC,12500B,OPER MOTORCYCLE W/O PROPER LIC (I),other_not_identifiable,no_dv_identifier,No DV-specific charge identifier; does not prove non-DV.,18,18,15.0,2.0,1.0
VC,23110A,THROW SUBS AT VEH ON HWY (M),other_not_identifiable,no_dv_identifier,No DV-specific charge identifier; does not prove non-DV.,18,18,10.0,4.0,4.0
ZZ,981000,MISCELLANEOUS INCIDENTS,other_not_identifiable,no_dv_identifier,No DV-specific charge identifier; does not prove non-DV.,18,18,18.0,0.0,0.0
ZZ,BW-M,MISDEMEANOR BENCH WARRANT (OUR AGENCY),other_not_identifiable,no_dv_identifier,No DV-specific charge identifier; does not prove non-DV.,18,18,0.0,18.0,0.0
HS,11358(C),CULTIVATE MARIJUANA 6+ PLANTS (M),other_not_identifiable,no_dv_identifier,No DV-specific charge identifier; does not prove non-DV.,17,17,16.0,0.0,1.0
HS,11370.4(A)2,HEROIN OR COCAINE OVER 4KG (BAIL+),other_not_identifiable,no_dv_identifier,No DV-specific charge identifier; does not prove non-DV.,17,15,0.0,7.0,10.0
PC,22810(E)(1),POSSESS/PURCHASE/ETC PROJECTILE TEAR GAS WEAPON (F),other_not_identifiable,no_dv_identifier,No DV-specific charge identifier; does not prove non-DV.,17,17,15.0,2.0,0.0
PC,308(A),FURNISH MINOR W/TOBACCO/SMOKING PARAPHERNALIA (M),other_not_identifiable,no_dv_identifier,No DV-specific charge identifier; does not prove non-DV.,17,17,17.0,0.0,0.0
PC,470B,FORGE/HANDWRITING (F),other_not_identifiable,no_dv_identifier,No DV-specific charge identifier; does not prove non-DV.,17,17,12.0,2.0,3.0
PC,836.6(B),ESCAPE/ATTEMPT ESCAPE AFTER ARREST (M),other_not_identifiable,no_dv_identifier,No DV-specific charge identifier; does not prove non-DV.,17,17,15.0,2.0,0.0
VC,12500C,DRVG W/O VALID DRVR'S LIC IN OFFSTREET PARKING FAC (I),other_not_identifiable,no_dv_identifier,No DV-specific charge identifier; does not prove non-DV.,17,17,10.0,5.0,2.0
VC,24252(A)(1),FAILURE TO MAINTAIN VEH LIGHTING EQUIP (I),other_not_identifiable,no_dv_identifier,No DV-specific charge identifier; does not prove non-DV.,17,17,13.0,3.0,1.0
VC,24601,FAIL TO MAINTAIN LIC PLATE LAMP (I),other_not_identifiable,no_dv_identifier,No DV-specific charge identifier; does not prove non-DV.,17,17,17.0,0.0,0.0
HS,11357(C),POSSESS MARIJUANA ON GROUNDS DURING SCHOOL ACTIVITY - ADULT (M),other_not_identifiable,no_dv_identifier,No DV-specific charge identifier; does not prove non-DV.,16,15,14.0,2.0,0.0
HS,11370.4(A)5,HEROIN OR COCAINE OVER 40KG (BAIL+),other_not_identifiable,no_dv_identifier,No DV-specific charge identifier; does not prove non-DV.,16,13,0.0,10.0,6.0
HS,11391,TRANS SPORES/MUSHROOM TO PRODUCE CNTL SUB (F),other_not_identifiable,no_dv_identifier,No DV-specific charge identifier; does not prove non-DV.,16,16,14.0,2.0,0.0
HS,12677,POSS FIREWORKS W/O PERMIT (M),other_not_identifiable,no_dv_identifier,No DV-specific charge identifier; does not prove non-DV.,16,16,10.0,4.0,2.0
MC,12.28.070,VIOLATE OPERATING HOURS AT CITY PARK & REC AREAS,other_not_identifiable,no_dv_identifier,No DV-specific charge identifier; does not prove non-DV.,16,16,16.0,0.0,0.0
PC,20510,MANUFACTURE/SALE/POSSESS/ETC CANE SWORD (F),other_not_identifiable,no_dv_identifier,No DV-specific charge identifier; does not prove non-DV.,16,16,11.0,3.0,2.0
PC,22810(G)(1),ILL USE OF TEAR GAS/TEAR GAS WEAPON (F),other_not_identifiable,no_dv_identifier,No DV-specific charge identifier; does not prove non-DV.,16,16,12.0,3.0,1.0
PC,33600,MANUFACTURE/SALE/POSSESS ZIP GUN (F),other_not_identifiable,no_dv_identifier,No DV-specific charge identifier; does not prove non-DV.,16,16,13.0,2.0,1.0
PC,381(B),POSS SUBS SIMILAR TO TOLUENE (M),other_not_identifiable,no_dv_identifier,No DV-specific charge identifier; does not prove non-DV.,16,15,6.0,0.0,10.0
PC,452D,CAUSING FIRE OF PROPERTY (M),other_not_identifiable,no_dv_identifier,No DV-specific charge identifier; does not prove non-DV.,16,16,11.0,3.0,2.0
PC,488,PETTY THEFT(Mot Veh Parts) (M),other_not_identifiable,no_dv_identifier,No DV-specific charge identifier; does not prove non-DV.,16,16,11.0,4.0,1.0
PC,647(F)DK,DISORDERLY CONDUCT:INTOX DRUG WITH ALCOHOL,other_not_identifiable,no_dv_identifier,No DV-specific charge identifier; does not prove non-DV.,16,16,0.0,16.0,0.0
PC,69(A),OBSTRUCT/RESIST EXECUTIVE OFFICER WITH MINOR INJURY,other_not_identifiable,no_dv_identifier,No DV-specific charge identifier; does not prove non-DV.,16,16,0.0,16.0,0.0
VC,23154(A),OPERATE MOTOR VEHICLE W/0.01% OR MORE BAC WHILE ON PROBATION FOR DUI,other_not_identifiable,no_dv_identifier,No DV-specific charge identifier; does not prove non-DV.,16,16,0.0,16.0,0.0
CO,41.125(A),ENTER OR REMAIN IN COUNTY PARK AFTER CLOSING HOURS W/O AUTH (M),other_not_identifiable,no_dv_identifier,No DV-specific charge identifier; does not prove non-DV.,15,14,5.0,0.0,10.0
HS,11379(B),TRANS FOR SALE CONT SUBS BETWEEN COUNTIES (F),other_not_identifiable,no_dv_identifier,No DV-specific charge identifier; does not prove non-DV.,15,14,12.0,3.0,0.0
PC,459,BURGLARY/UNSPECIFIED,other_not_identifiable,no_dv_identifier,No DV-specific charge identifier; does not prove non-DV.,15,15,15.0,0.0,0.0
PC,470(D),FORGERY:FALSE CHECKS/RECORDS/CERTIFICATES (M),other_not_identifiable,no_dv_identifier,No DV-specific charge identifier; does not prove non-DV.,15,13,9.0,2.0,4.0
PC,487(A),GRAND THEFT (Mot Veh Theft) (F),other_not_identifiable,no_dv_identifier,No DV-specific charge identifier; does not prove non-DV.,15,15,14.0,1.0,0.0
PC,488,PETTY THEFT(Purse Snatch) (M),other_not_identifiable,no_dv_identifier,No DV-specific charge identifier; does not prove non-DV.,15,15,14.0,1.0,0.0
PC,496D(A),POSSESS STOLEN VEHICLE/VESSEL/ETC,other_not_identifiable,no_dv_identifier,No DV-specific charge identifier; does not prove non-DV.,15,15,15.0,0.0,0.0
PC,602.1(A),TRESPASS:OBSTRUCT BUSINESS OPERS (M),other_not_identifiable,no_dv_identifier,No DV-specific charge identifier; does not prove non-DV.,15,15,14.0,0.0,1.0
VC,23224A,MINOR:KNOWINGLY OPER VEH W/CARRYING ALC (M),other_not_identifiable,no_dv_identifier,No DV-specific charge identifier; does not prove non-DV.,15,15,14.0,1.0,0.0
VC,23578,EXCESSIVE BLOOD ALC OR REFUSAL TO TAKE CHEMICAL TESTING: ENHANCED PENALTIES,other_not_identifiable,no_dv_identifier,No DV-specific charge identifier; does not prove non-DV.,15,15,0.0,15.0,0.0
ZZ,OUT WARRANT,OUTSIDE WARRANT/MISD,other_not_identifiable,no_dv_identifier,No DV-specific charge identifier; does not prove non-DV.,15,15,15.0,0.0,0.0
MC,9.01.025A,SLEEP OR LAY IN VEHICLE PARKED ON PUBLIC STREET/ PROPERTY 2200-0600 HRS (I),other_not_identifiable,no_dv_identifier,No DV-specific charge identifier; does not prove non-DV.,14,14,0.0,0.0,14.0
PC,148(D),ATTEMPT TO REMOVE/ETC FIREARM FROM PEACE OFFICER/ETC (F),other_not_identifiable,no_dv_identifier,No DV-specific charge identifier; does not prove non-DV.,14,14,13.0,1.0,0.0
PC,148.3(A),FALSE REPORT OF EMERGENCY (M),other_not_identifiable,no_dv_identifier,No DV-specific charge identifier; does not prove non-DV.,14,14,13.0,1.0,0.0
PC,23920,POSSESS/BUY/ETC FIREARM W/ ALTERED IDENTIFICATION MARK (M),other_not_identifiable,no_dv_identifier,No DV-specific charge identifier; does not prove non-DV.,14,14,9.0,3.0,2.0
PC,25400(C)(1),CARRY CONCEALED WEAPON IN VEHICLE W/PRIOR CONVICTION (F),other_not_identifiable,no_dv_identifier,No DV-specific charge identifier; does not prove non-DV.,14,14,11.0,2.0,1.0
PC,290(B),FAIL TO REGISTER/ETC:FELONY SEX OFFENDER WITH PRIOR (F),other_not_identifiable,no_dv_identifier,No DV-specific charge identifier; does not prove non-DV.,14,14,9.0,5.0,0.0
PC,314.1,INDECENT EXPOSURE W/PR (F),other_not_identifiable,no_dv_identifier,No DV-specific charge identifier; does not prove non-DV.,14,14,14.0,0.0,0.0
PC,463(C),PETTY THEFT:DURING STATE OF EMERGENCY - LOOTING (M),other_not_identifiable,no_dv_identifier,No DV-specific charge identifier; does not prove non-DV.,14,14,14.0,0.0,0.0
PC,602K,TRESPASS:INJURE PROPERTY (M),other_not_identifiable,no_dv_identifier,No DV-specific charge identifier; does not prove non-DV.,14,13,7.0,3.0,4.0
VC,12951A,DRVG W/O DRVR'S LIC IN POSSESSION (I),other_not_identifiable,no_dv_identifier,No DV-specific charge identifier; does not prove non-DV.,14,14,13.0,0.0,1.0
VC,14604,OWNER LET UNLICD PERS OPER VEH (M),other_not_identifiable,no_dv_identifier,No DV-specific charge identifier; does not prove non-DV.,14,14,8.0,2.0,4.0
VC,5200,LIC PLATES:IMPROPER DISPLAY (I),other_not_identifiable,no_dv_identifier,No DV-specific charge identifier; does not prove non-DV.,14,14,14.0,0.0,0.0
HS,11370.4(B)2,AMPH/METH/PCP OVER 4KG OR 100L (BAIL+),other_not_identifiable,no_dv_identifier,No DV-specific charge identifier; does not prove non-DV.,13,11,0.0,5.0,8.0
PC,182(A)(5),CONSPIRACY TO COMMIT FELONY:GANG MEMBER (F),other_not_identifiable,no_dv_identifier,No DV-specific charge identifier; does not prove non-DV.,13,12,11.0,2.0,0.0
PC,25400(C)(6),CARRY A LOADED CONCEALED WEAPON ON PERSON (F),other_not_identifiable,no_dv_identifier,No DV-specific charge identifier; does not prove non-DV.,13,13,11.0,1.0,1.0
PC,290.013,SEX REGISTRANT FAIL REPORT ADDRESS CHANGE (F),other_not_identifiable,no_dv_identifier,No DV-specific charge identifier; does not prove non-DV.,13,13,12.0,1.0,0.0
PC,29815(A),CONVICTED PERSON POSS/OWN/ETC FIREARM:PROBATION RESTRICTION (F),other_not_identifiable,no_dv_identifier,No DV-specific charge identifier; does not prove non-DV.,13,13,10.0,2.0,1.0
PC,30305(B)(1),PROHIBIT STREET GANG MEMBER OWN/POSSESS/ETC AMMUNITION (M),other_not_identifiable,no_dv_identifier,No DV-specific charge identifier; does not prove non-DV.,13,13,12.0,1.0,0.0
PC,372,MAINTAIN PUBLIC NUISANCE (M),other_not_identifiable,no_dv_identifier,No DV-specific charge identifier; does not prove non-DV.,13,13,10.0,1.0,2.0
PC,374.4(A),LITTER PUBLIC/PRIVATE PROP (I),other_not_identifiable,no_dv_identifier,No DV-specific charge identifier; does not prove non-DV.,13,10,7.0,4.0,2.0
PC,417.8,EXHIBIT FIREARM/DEADLY WEAPON TO RESIST ARREST (F),other_not_identifiable,no_dv_identifier,No DV-specific charge identifier; does not prove non-DV.,13,13,10.0,1.0,2.0
PC,4573,BRING CONTROLLED SUBS INTO PRISON/JAIL,other_not_identifiable,no_dv_identifier,No DV-specific charge identifier; does not prove non-DV.,13,13,0.0,13.0,0.0
PC,476A(A),INSUFFICIENT FUNDS:CHECKS/DRAFTS (F),other_not_identifiable,no_dv_identifier,No DV-specific charge identifier; does not prove non-DV.,13,13,12.0,0.0,1.0
PC,647(A),DISORD CONDUCT:SOLICIT LEWD ACT (M),other_not_identifiable,no_dv_identifier,No DV-specific charge identifier; does not prove non-DV.,13,13,13.0,0.0,0.0
VC,10801,OWN/ETC CHOP SHOP,other_not_identifiable,no_dv_identifier,No DV-specific charge identifier; does not prove non-DV.,13,13,10.0,3.0,0.0
VC,14601.2(B),DRIVE MOTOR VEHICLE IN VIOLATION OF LICENSE RESTRICTIONS (M),other_not_identifiable,no_dv_identifier,No DV-specific charge identifier; does not prove non-DV.,13,13,7.0,3.0,3.0
VC,16025A,FAIL TO PROVIDE ID/VEH DATA/FINANCIAL RESPONSIBILITY:ACCIDENT (I),other_not_identifiable,no_dv_identifier,No DV-specific charge identifier; does not prove non-DV.,13,13,6.0,3.0,4.0
VC,23223(A),OPEN CONTAINER ALC IN VEH - DRIVER (I),other_not_identifiable,no_dv_identifier,No DV-specific charge identifier; does not prove non-DV.,13,13,9.0,1.0,3.0
BP,22435.2(F),POSS SHOPPING/LAUNDRY CARTS (Not on Premises) (M),other_not_identifiable,no_dv_identifier,No DV-specific charge identifier; does not prove non-DV.,12,12,12.0,0.0,0.0
CO,36.216(A),LAKESIDE AREA - VIOLATE ALCOHOLIC BEVERAGE REGULATION (M),other_not_identifiable,no_dv_identifier,No DV-specific charge identifier; does not prove non-DV.,12,12,12.0,0.0,0.0
HS,11352(A),TRANS/SELL NARCOTIC/CONTROLLED SUBS,other_not_identifiable,no_dv_identifier,No DV-specific charge identifier; does not prove non-DV.,12,10,0.0,12.0,0.0
HS,11364.7(A),DELIVER DRUG PARAPHERNALIA (M),other_not_identifiable,no_dv_identifier,No DV-specific charge identifier; does not prove non-DV.,12,12,11.0,0.0,1.0
HS,11366,KEEP PLACE TO SELL/ETC NARCOTIC CNTL SUB (M),other_not_identifiable,no_dv_identifier,No DV-specific charge identifier; does not prove non-DV.,12,12,12.0,0.0,0.0
HS,11366.8(B),BUILD FALSE COMPARTMENT IN VEH TO STORE CONT SUBST (F),other_not_identifiable,no_dv_identifier,No DV-specific charge identifier; does not prove non-DV.,12,12,11.0,0.0,1.0
HS,11370.9(A),RECEIVE/CONCEAL VALUABLES FROM CNTRL SUBS PROCEEDS (F),other_not_identifiable,no_dv_identifier,No DV-specific charge identifier; does not prove non-DV.,12,12,11.0,1.0,0.0
HS,11379.2,POSS FOR SALE/SELL CONT SUBS KETAMINE (F),other_not_identifiable,no_dv_identifier,No DV-specific charge identifier; does not prove non-DV.,12,12,7.0,3.0,2.0
HS,11390,CULTIVATE SPORES/MUSHROOMS TO PROD CNTL SUBS (F),other_not_identifiable,no_dv_identifier,No DV-specific charge identifier; does not prove non-DV.,12,11,10.0,2.0,0.0
MC,12.08.040,PARK RULE VIOLATION (I),other_not_identifiable,no_dv_identifier,No DV-specific charge identifier; does not prove non-DV.,12,12,12.0,0.0,0.0
MC,9.36.020,LOITERING (I),other_not_identifiable,no_dv_identifier,No DV-specific charge identifier; does not prove non-DV.,12,12,12.0,0.0,0.0
PC,171B(A)(2),POSS DEADLY WEAPON IN PUBLIC BUILDING (F),other_not_identifiable,no_dv_identifier,No DV-specific charge identifier; does not prove non-DV.,12,12,10.0,1.0,1.0
PC,171B(A)(3),POSS KNIFE IN PUBLIC BUILDING (F),other_not_identifiable,no_dv_identifier,No DV-specific charge identifier; does not prove non-DV.,12,12,11.0,1.0,0.0
PC,21310,CARRY CONCEALED DIRK OR DAGGER,other_not_identifiable,no_dv_identifier,No DV-specific charge identifier; does not prove non-DV.,12,12,0.0,12.0,0.0
PC,22810(G)(1),ILL USE OF TEAR GAS/TEAR GAS WEAPON (M),other_not_identifiable,no_dv_identifier,No DV-specific charge identifier; does not prove non-DV.,12,12,11.0,1.0,0.0
PC,30605(A),ILLEGALLY POSSESS ANY ASSAULT WEAPON (M),other_not_identifiable,no_dv_identifier,No DV-specific charge identifier; does not prove non-DV.,12,12,11.0,1.0,0.0
PC,484E(C),POSS OF ACCESS CARD W/INTENT TO USE/SELL/TRSFR (M),other_not_identifiable,no_dv_identifier,No DV-specific charge identifier; does not prove non-DV.,12,12,9.0,1.0,2.0
PC,487(B)(1)(A),GRAND THEFT:FRUIT/FOWL/ETC [OVER $250] (F),other_not_identifiable,no_dv_identifier,No DV-specific charge identifier; does not prove non-DV.,12,10,8.0,4.0,0.0
PC,487(D),GRAND THEFT:FIREARM/ANIMAL (Theft From Building) (F),other_not_identifiable,no_dv_identifier,No DV-specific charge identifier; does not prove non-DV.,12,12,12.0,0.0,0.0
PC,602(L)(1),TRESPASS:POSTED LAND:REFUSE TO LEAVE (M),other_not_identifiable,no_dv_identifier,No DV-specific charge identifier; does not prove non-DV.,12,12,12.0,0.0,0.0
PC,666.1(A)(1),PETTY THEFT (SHOPLIFT) W/2+ PRIOR CONVICTIONS (M),other_not_identifiable,no_dv_identifier,No DV-specific charge identifier; does not prove non-DV.,12,11,0.0,0.0,12.0
VC,24250,DRIVE WITHOUT LIGHTS AT DARK (I),other_not_identifiable,no_dv_identifier,No DV-specific charge identifier; does not prove non-DV.,12,11,6.0,6.0,0.0
VC,2800.3,EVADING PEACE OFCR:CAUSING SER INJ OR DEATH,other_not_identifiable,no_dv_identifier,No DV-specific charge identifier; does not prove non-DV.,12,12,10.0,2.0,0.0
ZZ,OUT WARRANT,OUTSIDE WARRANT/FELONY,other_not_identifiable,no_dv_identifier,No DV-specific charge identifier; does not prove non-DV.,12,12,12.0,0.0,0.0
HS,11352(B),TRANS/SELL CONTROLLED SUBS BETWEEN COUNTIES (F),other_not_identifiable,no_dv_identifier,No DV-specific charge identifier; does not prove non-DV.,11,10,8.0,2.0,1.0
HS,11370.4(A)1,HEROIN OR COCAINE OVER 1KG (BAIL+),other_not_identifiable,no_dv_identifier,No DV-specific charge identifier; does not prove non-DV.,11,9,0.0,8.0,3.0
HS,11370.4(B)3,AMPH/METH/PCP OVER 10KG OR 200L (BAIL+),other_not_identifiable,no_dv_identifier,No DV-specific charge identifier; does not prove non-DV.,11,8,0.0,7.0,4.0
HS,12305,POSS EXPLOSIVE ILLEGALLY (F),other_not_identifiable,no_dv_identifier,No DV-specific charge identifier; does not prove non-DV.,11,11,6.0,2.0,3.0
PC,182(A)(1),CONSPIRACY:COMMIT CRIME,other_not_identifiable,no_dv_identifier,No DV-specific charge identifier; does not prove non-DV.,11,7,0.0,11.0,0.0
PC,206,TORTURE (F),other_not_identifiable,no_dv_identifier,No DV-specific charge identifier; does not prove non-DV.,11,10,9.0,0.0,2.0
PC,25800(A),CARRY LOADED FIREARM WITH INTENT TO COMMIT A FELONY (F),other_not_identifiable,no_dv_identifier,No DV-specific charge identifier; does not prove non-DV.,11,11,11.0,0.0,0.0
PC,26350(A)(2),CARRY/EXPOSE UNLOADED HANDGUN IN PUBLIC OR A VEHICLE (M),other_not_identifiable,no_dv_identifier,No DV-specific charge identifier; does not prove non-DV.,11,11,10.0,0.0,1.0
PC,266I(B),PANDERING:OTHER PERSON OVER 16 (F),other_not_identifiable,no_dv_identifier,No DV-specific charge identifier; does not prove non-DV.,11,11,11.0,0.0,0.0
PC,29805,CONVICTED PERSON POSSESS/OWN/ETC FIREARM:SPECIFIC PRIORS (F),other_not_identifiable,no_dv_identifier,No DV-specific charge identifier; does not prove non-DV.,11,11,11.0,0.0,0.0
PC,30305(A)(1),PROHIBITED PERSON OWN/POSSESS/ETC AMMUNITION/ETC,other_not_identifiable,no_dv_identifier,No DV-specific charge identifier; does not prove non-DV.,11,10,0.0,11.0,0.0
PC,369I(A)(1),TRESPASS:RAILROAD PROP (M),other_not_identifiable,no_dv_identifier,No DV-specific charge identifier; does not prove non-DV.,11,11,3.0,6.0,2.0
PC,4570,COMMUNICATE WITH PRISONER W/O CONSENT (M),other_not_identifiable,no_dv_identifier,No DV-specific charge identifier; does not prove non-DV.,11,10,8.0,3.0,0.0
PC,4573.5,BRING DRGS/ALC TO JAIL/PRSN (F),other_not_identifiable,no_dv_identifier,No DV-specific charge identifier; does not prove non-DV.,11,10,4.0,0.0,7.0
PC,459,BURGLARY (COMMERCIAL),other_not_identifiable,no_dv_identifier,No DV-specific charge identifier; does not prove non-DV.,11,11,0.0,11.0,0.0
PC,484I(C),MAKE EQUIP FOR COUNTERFEIT ACCESS CARDS (F),other_not_identifiable,no_dv_identifier,No DV-specific charge identifier; does not prove non-DV.,11,11,10.0,1.0,0.0
PC,490.4(A)(1),THEFT OF MERCHANDISE W/ INTENT TO SELL/EXCHANGE (M),other_not_identifiable,no_dv_identifier,No DV-specific charge identifier; does not prove non-DV.,11,11,10.0,1.0,0.0
PC,490.4(A)(3),ACTS AS AGENT FOR ORGANIZED PLAN TO COMMIT THEFT: OVER $950 (F),other_not_identifiable,no_dv_identifier,No DV-specific charge identifier; does not prove non-DV.,11,11,7.0,0.0,4.0
PC,518,EXTORTION (F),other_not_identifiable,no_dv_identifier,No DV-specific charge identifier; does not prove non-DV.,11,11,11.0,0.0,0.0
PC,647(F)DK,DISORDERLY CONDUCT:UNDER INFLUENCE OF DRUG,other_not_identifiable,no_dv_identifier,No DV-specific charge identifier; does not prove non-DV.,11,11,0.0,11.0,0.0
PC,666.1(A)(1),GRAND THEFT (ALL OTHER LARCENY) W/2+ PRIOR CONVICTIONS (F),other_not_identifiable,no_dv_identifier,No DV-specific charge identifier; does not prove non-DV.,11,10,0.0,0.0,11.0
VC,12951(B),REFUSE ON DEMAND TO GIVE LIC TO PEACE OFCR (M),other_not_identifiable,no_dv_identifier,No DV-specific charge identifier; does not prove non-DV.,11,11,7.0,3.0,1.0
VC,21453C,SIGNAL LIGHTS:RED ARROW (I),other_not_identifiable,no_dv_identifier,No DV-specific charge identifier; does not prove non-DV.,11,11,8.0,2.0,1.0
CO,73.108,"SHALL NOT CAMP IN PARK, EXCEPT BY PERMIT WHEN AUTHORIZED (M)",other_not_identifiable,no_dv_identifier,No DV-specific charge identifier; does not prove non-DV.,10,9,8.0,2.0,0.0
HS,11366.5(A),RENT/ETC FOR STORAGE/SALE OF CONT SUBS (F),other_not_identifiable,no_dv_identifier,No DV-specific charge identifier; does not prove non-DV.,10,9,8.0,2.0,0.0
HS,11370.9(A),RECV/CONCEAL VALUABLES FROM CNTL SUBS PROCEEDS (F),other_not_identifiable,no_dv_identifier,No DV-specific charge identifier; does not prove non-DV.,10,10,10.0,0.0,0.0
HS,11377(A),POSS CONTROLLED SUBS,other_not_identifiable,no_dv_identifier,No DV-specific charge identifier; does not prove non-DV.,10,10,0.0,10.0,0.0
MC,09.36.020,"OBSTRUCT STREET, SIDEWALK, OR PUBLIC PLACE (M)",other_not_identifiable,no_dv_identifier,No DV-specific charge identifier; does not prove non-DV.,10,10,4.0,6.0,0.0
PC,182(A)(4),CONSPIRACY:DEFRAUD PERS (F),other_not_identifiable,no_dv_identifier,No DV-specific charge identifier; does not prove non-DV.,10,10,10.0,0.0,0.0
PC,25400(C)(2),CARRY CONCEALED STOLEN WEAPON (F),other_not_identifiable,no_dv_identifier,No DV-specific charge identifier; does not prove non-DV.,10,9,7.0,1.0,2.0
PC,25850(C)(5),CARRY LOADED FIREARM WHILE PROHIBITED:SPEC PRIOR CONVICTIONS (F),other_not_identifiable,no_dv_identifier,No DV-specific charge identifier; does not prove non-DV.,10,10,8.0,2.0,0.0
PC,455,ATTEMPT OR AID ARSON (F),other_not_identifiable,no_dv_identifier,No DV-specific charge identifier; does not prove non-DV.,10,10,10.0,0.0,0.0
PC,487(D),GRAND THEFT:FIREARM (THEFT FROM BUILDING) (F),other_not_identifiable,no_dv_identifier,No DV-specific charge identifier; does not prove non-DV.,10,8,5.0,4.0,1.0
PC,496D(A),POSS STOLEN VEH/VESSEL,other_not_identifiable,no_dv_identifier,No DV-specific charge identifier; does not prove non-DV.,10,10,0.0,10.0,0.0
PC,498(B)(1),THEFT OF UTILITY SERVICES (M),other_not_identifiable,no_dv_identifier,No DV-specific charge identifier; does not prove non-DV.,10,10,10.0,0.0,0.0
PC,529(A),FALSE PERSONATION OF ANOTHER:SPEC CIRC (M),other_not_identifiable,no_dv_identifier,No DV-specific charge identifier; does not prove non-DV.,10,10,10.0,0.0,0.0
PC,529.5(C),POSS DECEPTIVE GOVERNMENT IDENT/DRVRS LIC (M),other_not_identifiable,no_dv_identifier,No DV-specific charge identifier; does not prove non-DV.,10,10,9.0,1.0,0.0
PC,530.5(C)(2),USE OTHERS ID WITH INTENT DEFRAUD:WITH PRIOR CONVICTION (M),other_not_identifiable,no_dv_identifier,No DV-specific charge identifier; does not prove non-DV.,10,10,7.0,3.0,0.0
PC,640(C)(1),FAIL TO PAY FARE FOR PUBLIC TRANSIT SYSTEM (I),other_not_identifiable,no_dv_identifier,No DV-specific charge identifier; does not prove non-DV.,10,10,5.0,2.0,3.0
VC,10751(A),BUY/SELL/POSS VEH WITH ALTERED NUMBER (M),other_not_identifiable,no_dv_identifier,No DV-specific charge identifier; does not prove non-DV.,10,10,8.0,1.0,1.0
VC,20002(A),HIT AND RUN:PROP DAMAGE,other_not_identifiable,no_dv_identifier,No DV-specific charge identifier; does not prove non-DV.,10,10,0.0,10.0,0.0
VC,20002(B),HIT AND RUN:RUNAWAY VEH:PROP DAMAGE (M),other_not_identifiable,no_dv_identifier,No DV-specific charge identifier; does not prove non-DV.,10,10,7.0,0.0,3.0
HS,11370.9(B),CONCEAL/PROFIT:CONTROLLED SUBSTANCE (F),other_not_identifiable,no_dv_identifier,No DV-specific charge identifier; does not prove non-DV.,9,9,8.0,1.0,0.0
MC,10.11.040,SOCIAL HOST - PERMIT MINOR TO CONSUME ALCOHOL OR ILLEGAL DRUGS AT PARTIES (M),other_not_identifiable,no_dv_identifier,No DV-specific charge identifier; does not prove non-DV.,9,9,8.0,1.0,0.0
MC,12.08.010,PARK AND RECREATIONAL AREA USE REGULATIONS,other_not_identifiable,no_dv_identifier,No DV-specific charge identifier; does not prove non-DV.,9,9,9.0,0.0,0.0
MC,9.04.040,LITTERING/DISTRIBUTING FLYERS IN CITY (I),other_not_identifiable,no_dv_identifier,No DV-specific charge identifier; does not prove non-DV.,9,3,1.0,8.0,0.0
PC,25400(A)(3),CARRY CONCEALED WEAPON IN VEHICLE:OCCUPANT (M,other_not_identifiable,no_dv_identifier,No DV-specific charge identifier; does not prove non-DV.,9,9,8.0,0.0,1.0
PC,29800(A)(1),FELON/ADDICT/POSSESS/ETC FIREARM,other_not_identifiable,no_dv_identifier,No DV-specific charge identifier; does not prove non-DV.,9,8,0.0,9.0,0.0
PC,452B,CAUSING FIRE OF INHABITED STRUCTURE/PROPERTY (F),other_not_identifiable,no_dv_identifier,No DV-specific charge identifier; does not prove non-DV.,9,9,6.0,2.0,1.0
PC,4532(A)(1),ESCAPE JAIL/ETC WHILE CHARGED/ETC W MISDEMEANOR:W/O FORCE (M),other_not_identifiable,no_dv_identifier,No DV-specific charge identifier; does not prove non-DV.,9,9,8.0,1.0,0.0
PC,459.5,BURGLARY (SHOPLIFTING) (M),other_not_identifiable,no_dv_identifier,No DV-specific charge identifier; does not prove non-DV.,9,9,9.0,0.0,0.0
PC,487(C),GRAND THEFT FROM PERS (Purse-Snatching) (F),other_not_identifiable,no_dv_identifier,No DV-specific charge identifier; does not prove non-DV.,9,9,8.0,1.0,0.0
PC,490.4 (A)(1),THEFT OF MERCHANDISE W/ INTENT TO SELL/EXCHANGE (M),other_not_identifiable,no_dv_identifier,No DV-specific charge identifier; does not prove non-DV.,9,9,9.0,0.0,0.0
PC,530.5(C)(3),POSSESS ID OF 10 OR MORE PERSONS WITH INTENT TO DEFRAUD (M),other_not_identifiable,no_dv_identifier,No DV-specific charge identifier; does not prove non-DV.,9,9,9.0,0.0,0.0
PC,600(B),WILLFULLY INTERFERE ETC PEACE OFCRS ANIMAL (M),other_not_identifiable,no_dv_identifier,No DV-specific charge identifier; does not prove non-DV.,9,9,7.0,1.0,1.0
PC,647(A),SOLICIT LEWD ACT IN PUBLC (M),other_not_identifiable,no_dv_identifier,No DV-specific charge identifier; does not prove non-DV.,9,8,2.0,3.0,4.0
PC,647(C),DISORD CONDUCT:BEGGING (M),other_not_identifiable,no_dv_identifier,No DV-specific charge identifier; does not prove non-DV.,9,9,6.0,1.0,2.0
PC,666,PETTY THEFT W/PR JAIL TERM (Shoplifting) (F),other_not_identifiable,no_dv_identifier,No DV-specific charge identifier; does not prove non-DV.,9,9,5.0,1.0,3.0
PC,853.7,FAIL TO APPEAR AFTER WRITTEN PROMISE,other_not_identifiable,no_dv_identifier,No DV-specific charge identifier; does not prove non-DV.,9,9,0.0,9.0,0.0
US,18473,POSSESS/ETC COUNTERFEIT MONEY/ETC (F),other_not_identifiable,no_dv_identifier,No DV-specific charge identifier; does not prove non-DV.,9,9,9.0,0.0,0.0
VC,10501(A),FALSE REPORT OF VEH THEFT WITH INTENT TO DECEIVE (M),other_not_identifiable,no_dv_identifier,No DV-specific charge identifier; does not prove non-DV.,9,9,8.0,0.0,1.0
VC,21651(A)1,"DRIVE OVER, UPON, OR ACROSS DIVIDING SECTION OF HIGHWAY (I)",other_not_identifiable,no_dv_identifier,No DV-specific charge identifier; does not prove non-DV.,9,8,7.0,2.0,0.0
VC,23104,RECKLESS DRIVING W/INJURY (M),other_not_identifiable,no_dv_identifier,No DV-specific charge identifier; does not prove non-DV.,9,9,3.0,3.0,3.0
VC,23105A,RECKLESS DRIVING:SPECIFIED INJURIES (F),other_not_identifiable,no_dv_identifier,No DV-specific charge identifier; does not prove non-DV.,9,9,4.0,3.0,2.0
VC,4000(A)(1),EXPIRED REGISTRATION,other_not_identifiable,no_dv_identifier,No DV-specific charge identifier; does not prove non-DV.,9,8,0.0,9.0,0.0
ZZ,VIOL PROB,VIOLATION PROBATION/FELONY,other_not_identifiable,no_dv_identifier,No DV-specific charge identifier; does not prove non-DV.,9,9,9.0,0.0,0.0
HS,11362.4(A),SMOKE/INGEST MARIJUANA IN PUBLIC PLACE (I),other_not_identifiable,no_dv_identifier,No DV-specific charge identifier; does not prove non-DV.,8,8,7.0,1.0,0.0
HS,11379(A),TRANS/ETC CONTROLLED SUBS,other_not_identifiable,no_dv_identifier,No DV-specific charge identifier; does not prove non-DV.,8,7,0.0,8.0,0.0
PC,186.10(A),MONEY LAUNDERING (F),other_not_identifiable,no_dv_identifier,No DV-specific charge identifier; does not prove non-DV.,8,8,7.0,1.0,0.0
PC,191.5A,GROSS VEHICULAR MANSLAUGHTER WHILE INTOXICATED (F),other_not_identifiable,no_dv_identifier,No DV-specific charge identifier; does not prove non-DV.,8,8,6.0,1.0,1.0
PC,247.5,DISCHARGE LASER AT OCCUPIED AIRCRAFT (F),other_not_identifiable,no_dv_identifier,No DV-specific charge identifier; does not prove non-DV.,8,8,7.0,1.0,0.0
PC,290.011(A),TRANSIENT FAIL 30 DAY UPDATE OF REGISTRATION (M),other_not_identifiable,no_dv_identifier,No DV-specific charge identifier; does not prove non-DV.,8,8,8.0,0.0,0.0
PC,311.11(A),POSSESS/ETC OBSCENE MATTER OF MINOR IN SEXUAL ACT (F),other_not_identifiable,no_dv_identifier,No DV-specific charge identifier; does not prove non-DV.,8,8,5.0,1.0,2.0
PC,396(B),PRICE GOUGING:CONSUMER GOODS:STATE/LOCAL EMERG (M),other_not_identifiable,no_dv_identifier,No DV-specific charge identifier; does not prove non-DV.,8,8,8.0,0.0,0.0
PC,487J,GRAND THEFT:STOLEN COPPER MATERIALS > $950 (F),other_not_identifiable,no_dv_identifier,No DV-specific charge identifier; does not prove non-DV.,8,8,7.0,0.0,1.0
PC,502.6(A),FRAUDULENT POSSESS/USE SCANNING DEVICE (M),other_not_identifiable,no_dv_identifier,No DV-specific charge identifier; does not prove non-DV.,8,8,8.0,0.0,0.0
PC,508,EMBEZZLEMENT BY EMPLOYEE [$950 OR LESS],other_not_identifiable,no_dv_identifier,No DV-specific charge identifier; does not prove non-DV.,8,8,7.0,0.0,1.0
PC,529(A)(3),PERSONATE TO MAKE OTHER LIABLE (M),other_not_identifiable,no_dv_identifier,No DV-specific charge identifier; does not prove non-DV.,8,8,7.0,0.0,1.0
PC,530.5(C)(2),USE OTHERS ID WITH INTENT DEFRAUD:WITH PRIOR CONVICTION,other_not_identifiable,no_dv_identifier,No DV-specific charge identifier; does not prove non-DV.,8,8,1.0,7.0,0.0
PC,530.5(D)(1),CONVEY/SELL/ETC PERSONAL ID INFO WITH INTENT TO DEFRAUD (F),other_not_identifiable,no_dv_identifier,No DV-specific charge identifier; does not prove non-DV.,8,8,7.0,1.0,0.0
PC,594(B)(2)(A),VANDALISM [$400 OR LESS],other_not_identifiable,no_dv_identifier,No DV-specific charge identifier; does not prove non-DV.,8,8,0.0,8.0,0.0
PC,602(T),TRESPASS:ENTER AFTER NOTIF. BY PEACE OFCR ON BEHALF OF OWNER (M),other_not_identifiable,no_dv_identifier,No DV-specific charge identifier; does not prove non-DV.,8,8,8.0,0.0,0.0
PC,647(F),DISORDERLY CONDUCT:INTOX DRUG WITH ALCOHOL,other_not_identifiable,no_dv_identifier,No DV-specific charge identifier; does not prove non-DV.,8,8,0.0,8.0,0.0
PC,647(J)(3)(A),DISORDERLY CONDUCT WITH CONCEALED CAMCORDER (M),other_not_identifiable,no_dv_identifier,No DV-specific charge identifier; does not prove non-DV.,8,8,6.0,0.0,2.0
PC,648,MAKE/CIRCULATE UNAUTH PAPER MONEY (M),other_not_identifiable,no_dv_identifier,No DV-specific charge identifier; does not prove non-DV.,8,7,6.0,2.0,0.0
VC,20001(B)(1),HIT AND RUN RESULTING IN INJURY(IBR 13A),other_not_identifiable,no_dv_identifier,No DV-specific charge identifier; does not prove non-DV.,8,8,7.0,0.0,1.0
VC,21461A,TRAFFIC CONTROL DEV:DRVR FAILURE TO OBEY (I),other_not_identifiable,no_dv_identifier,No DV-specific charge identifier; does not prove non-DV.,8,8,8.0,0.0,0.0
VC,21658A,LANE USAGE:UNSAFE LANE CHANGE (I),other_not_identifiable,no_dv_identifier,No DV-specific charge identifier; does not prove non-DV.,8,8,8.0,0.0,0.0
VC,24603B,IMPROPER MOUNTING OF STOPLAMPS (I),other_not_identifiable,no_dv_identifier,No DV-specific charge identifier; does not prove non-DV.,8,8,8.0,0.0,0.0
BP,22435.2(A),REMOVE SHOPPING/LAUNDRY CART (M),other_not_identifiable,no_dv_identifier,No DV-specific charge identifier; does not prove non-DV.,7,7,5.0,2.0,0.0
BP,25661(A),POSS/USE FALSE EVIDENCE OF AGE (M),other_not_identifiable,no_dv_identifier,No DV-specific charge identifier; does not prove non-DV.,7,7,4.0,3.0,0.0
HS,111440,MISBRANDED DRUG/ETC:MANUFACTURE/SALE/ETC (M),other_not_identifiable,no_dv_identifier,No DV-specific charge identifier; does not prove non-DV.,7,7,7.0,0.0,0.0
HS,11360 (A)(3),SELL/GIVE/TRANSPORT/ETC MARIJUANA W/ CERTAIN PRIORS (F),other_not_identifiable,no_dv_identifier,No DV-specific charge identifier; does not prove non-DV.,7,7,6.0,1.0,0.0
HS,11370.1(A),POSS CONT SUBS WHILE ARMED W/LOADED FIREARM,other_not_identifiable,no_dv_identifier,No DV-specific charge identifier; does not prove non-DV.,7,7,0.0,7.0,0.0
HS,11370.6(A),POSS MONEY/ETC FROM SALE/ETC OF CONT SUBS (F),other_not_identifiable,no_dv_identifier,No DV-specific charge identifier; does not prove non-DV.,7,7,7.0,0.0,0.0
MC,8.72.010,CONVEYANCE OF SHOPPING CART (M),other_not_identifiable,no_dv_identifier,No DV-specific charge identifier; does not prove non-DV.,7,7,7.0,0.0,0.0
MC,9.01.025B,"USE VEHICLE AS TEMP OR PERM LIVING QUARTERS, EITHER OVER NIGHT OR BY DAY (I)",other_not_identifiable,no_dv_identifier,No DV-specific charge identifier; does not prove non-DV.,7,7,0.0,1.0,6.0
PC,22810(A),UNLAWFUL POSSESS/USE TEAR GAS OR TEAR GAS WEAPON:EX FEL/ETC,other_not_identifiable,no_dv_identifier,No DV-specific charge identifier; does not prove non-DV.,7,7,0.0,7.0,0.0
PC,25100(C),CRIMINAL STORAGE OF FIREARM:THIRD DEGREE (M),other_not_identifiable,no_dv_identifier,No DV-specific charge identifier; does not prove non-DV.,7,7,6.0,1.0,0.0
PC,25400(C)(3),CARRY CONCEALED WEAPON WHILE ACTIVE IN CRIMINAL STREET GANG (F),other_not_identifiable,no_dv_identifier,No DV-specific charge identifier; does not prove non-DV.,7,7,6.0,0.0,1.0
PC,350(A)(1),MFG/SELL UNDER 1000 COUNTERFEIT REG MARK (M),other_not_identifiable,no_dv_identifier,No DV-specific charge identifier; does not prove non-DV.,7,7,7.0,0.0,0.0
PC,350(A)(2),MFG/SELL 1000 OR MORE COUNTERFEIT REG MARK ) (M),other_not_identifiable,no_dv_identifier,No DV-specific charge identifier; does not prove non-DV.,7,7,7.0,0.0,0.0
PC,417A1,EXHIBIT DEADLY WEAPON OTHER THAN FIREARM,other_not_identifiable,no_dv_identifier,No DV-specific charge identifier; does not prove non-DV.,7,7,0.0,7.0,0.0
PC,4571,FELON ON PRISON/JAIL GROUNDS,other_not_identifiable,no_dv_identifier,No DV-specific charge identifier; does not prove non-DV.,7,7,0.0,7.0,0.0
PC,480,MAKE/POSS COUNTERFEIT MINTING PLATES (F),other_not_identifiable,no_dv_identifier,No DV-specific charge identifier; does not prove non-DV.,7,6,5.0,2.0,0.0
PC,484F(A),FORGE ACCESS CARD TO DEFRAUD (F),other_not_identifiable,no_dv_identifier,No DV-specific charge identifier; does not prove non-DV.,7,7,7.0,0.0,0.0
PC,487(A),GRAND THEFT (SHOPLIFTING),other_not_identifiable,no_dv_identifier,No DV-specific charge identifier; does not prove non-DV.,7,6,0.0,7.0,0.0
PC,488,PETTY THEFT(from Coin Oper Machine) (M),other_not_identifiable,no_dv_identifier,No DV-specific charge identifier; does not prove non-DV.,7,7,5.0,1.0,1.0
PC,530.5(A),GET CREDIT/ETC OTHER'S ID,other_not_identifiable,no_dv_identifier,No DV-specific charge identifier; does not prove non-DV.,7,6,0.0,7.0,0.0
PC,597(B),"ANIMAL CRUELTY - OVERWORKS OR CRUELLY ABUSES, MUTILATES, TORTURES, KILLS (F)",other_not_identifiable,no_dv_identifier,No DV-specific charge identifier; does not prove non-DV.,7,7,6.0,0.0,1.0
PC,600A,WILLFULLY HARM PEACE OFCRS HORSE/DOG W/SER INJ (F),other_not_identifiable,no_dv_identifier,No DV-specific charge identifier; does not prove non-DV.,7,7,5.0,0.0,2.0
PC,637.7(A),INVADE PRIVACY:ILL USE OF ELEC TRACK DEVICE (M),other_not_identifiable,no_dv_identifier,No DV-specific charge identifier; does not prove non-DV.,7,7,5.0,0.0,2.0
PC,647(J)(4),DISORDERLY CONDUCT: DISTRIBUTION OF INTIMATE BODY PART IMAGES (M),other_not_identifiable,no_dv_identifier,No DV-specific charge identifier; does not prove non-DV.,7,7,7.0,0.0,0.0
PC,666.1(A)(1),PETTY THEFT (ALL OTHER LARCENY) W/2+ PRIOR CONVICTIONS (M),other_not_identifiable,no_dv_identifier,No DV-specific charge identifier; does not prove non-DV.,7,5,0.0,0.0,7.0
PC,853.5,REFUSE:TO SIGN/BE FINGERPRINTED/NO IDENTIFICATION (I),other_not_identifiable,no_dv_identifier,No DV-specific charge identifier; does not prove non-DV.,7,7,6.0,1.0,0.0
PC,978.5,BENCH WARRANT/FAILURE TO APPEAR ON FELONY CHARGE,other_not_identifiable,no_dv_identifier,No DV-specific charge identifier; does not prove non-DV.,7,7,7.0,0.0,0.0
US,21841(A)(1),POSSESS WITH INTENT TO MFG/DISTRIBUTION CONTROLLED SUBSTANCE (F),other_not_identifiable,no_dv_identifier,No DV-specific charge identifier; does not prove non-DV.,7,7,7.0,0.0,0.0
VC,21201(D)(1),NO BICYCLE LIGHT (I),other_not_identifiable,no_dv_identifier,No DV-specific charge identifier; does not prove non-DV.,7,7,5.0,2.0,0.0
VC,23111,THROW CIGARETTE/MATCH/ETC ON HWY (I),other_not_identifiable,no_dv_identifier,No DV-specific charge identifier; does not prove non-DV.,7,7,7.0,0.0,0.0
VC,23123(A),USE CELL PHONE WHILE DRIVING WITHOUT HANDSFREE DEVICE (I),other_not_identifiable,no_dv_identifier,No DV-specific charge identifier; does not prove non-DV.,7,7,6.0,0.0,1.0
VC,23152(F),DUI DRUG,other_not_identifiable,no_dv_identifier,No DV-specific charge identifier; does not prove non-DV.,7,7,0.0,7.0,0.0
VC,23153(A),DUI ALCOHOL:CAUSING BODILY INJURY,other_not_identifiable,no_dv_identifier,No DV-specific charge identifier; does not prove non-DV.,7,7,0.0,7.0,0.0
VC,24603A,TWO OR MORE STOPLAMPS (I),other_not_identifiable,no_dv_identifier,No DV-specific charge identifier; does not prove non-DV.,7,7,6.0,0.0,1.0
VC,40302B,FAIL TO PROVIDE WRITTEN PROMISE AT ARREST,other_not_identifiable,no_dv_identifier,No DV-specific charge identifier; does not prove non-DV.,7,7,0.0,4.0,3.0
VC,4462.5,UNLAWFUL DISPLAY OF REG:INTENT NON-COMPLIANCE,other_not_identifiable,no_dv_identifier,No DV-specific charge identifier; does not prove non-DV.,7,7,0.0,7.0,0.0
VC,4463(A)(2),PASS/UTTER FORGED VEH REGISTRATION (F),other_not_identifiable,no_dv_identifier,No DV-specific charge identifier; does not prove non-DV.,7,7,5.0,0.0,2.0
VC,5201,LIC PLATES:POSITION VIOL (I),other_not_identifiable,no_dv_identifier,No DV-specific charge identifier; does not prove non-DV.,7,7,7.0,0.0,0.0
BP,4326(B),MISUSE OF HYPODERMIC NEEDLE/SYRINGE (M),other_not_identifiable,no_dv_identifier,No DV-specific charge identifier; does not prove non-DV.,6,6,6.0,0.0,0.0
CO,69.111,OCCUPYING POSTED PREMISES PROHIBITED (M),other_not_identifiable,no_dv_identifier,No DV-specific charge identifier; does not prove non-DV.,6,6,6.0,0.0,0.0
HS,11352.1(B),DISPENSE/ETC DANGEROUS DRUGS/DEVICES (M),other_not_identifiable,no_dv_identifier,No DV-specific charge identifier; does not prove non-DV.,6,6,5.0,1.0,0.0
HS,11355,SELL/ETC IN LIEU OF CONTROLLED SUBS (F),other_not_identifiable,no_dv_identifier,No DV-specific charge identifier; does not prove non-DV.,6,5,3.0,0.0,3.0
HS,11358(D),CULTIVATE MARIJUANA 6+ PLANTS W/ CERTAIN PRIORS OR CONDITIONS (F),other_not_identifiable,no_dv_identifier,No DV-specific charge identifier; does not prove non-DV.,6,6,4.0,2.0,0.0
HS,11359(C),POSSESS MARIJUANA FOR SALE W/ PRIOR CONVICTION (F),other_not_identifiable,no_dv_identifier,No DV-specific charge identifier; does not prove non-DV.,6,6,4.0,2.0,0.0
HS,11361(B),FURNISH/ETC MINOR WITH MARIJUANA (F),other_not_identifiable,no_dv_identifier,No DV-specific charge identifier; does not prove non-DV.,6,6,5.0,1.0,0.0
HS,11368,FORGE/ALTER NARCOTIC PRESCRIPTION (F),other_not_identifiable,no_dv_identifier,No DV-specific charge identifier; does not prove non-DV.,6,6,6.0,0.0,0.0
HS,11532(A),LOITER IN PUBLIC PLACE FOR ILLEGAL DRUG ACTIVITY (M),other_not_identifiable,no_dv_identifier,No DV-specific charge identifier; does not prove non-DV.,6,3,1.0,5.0,0.0
HS,12700(B)(1),"FIREWORKS, POSSESS LT 25 LBS (M)",other_not_identifiable,no_dv_identifier,No DV-specific charge identifier; does not prove non-DV.,6,6,6.0,0.0,0.0
MC,13.36.090(B),ILLICT SCAVENGING PROHIBITED,other_not_identifiable,no_dv_identifier,No DV-specific charge identifier; does not prove non-DV.,6,6,6.0,0.0,0.0
MC,13.42.060A4,DISCHARGE ANY MATERIAL INTO STORM WATER SYSTEM (M),other_not_identifiable,no_dv_identifier,No DV-specific charge identifier; does not prove non-DV.,6,6,6.0,0.0,0.0
MC,9.04.010,CONSUMPTION OF ALCOHOL IN PUBLIC PLACE (M),other_not_identifiable,no_dv_identifier,No DV-specific charge identifier; does not prove non-DV.,6,6,4.0,1.0,1.0
PC,115(A),OFFER/ETC FALSE/FORGED INSTRUMENT TO FILE (F),other_not_identifiable,no_dv_identifier,No DV-specific charge identifier; does not prove non-DV.,6,6,6.0,0.0,0.0
PC,148(B),REMOVE/ETC WEAPON FROM PEACE OFFICER/ETC:NOT FIREARM (F),other_not_identifiable,no_dv_identifier,No DV-specific charge identifier; does not prove non-DV.,6,6,6.0,0.0,0.0
PC,148.4(A)(1),TAMPER WITH FIRE ALARM (M),other_not_identifiable,no_dv_identifier,No DV-specific charge identifier; does not prove non-DV.,6,6,3.0,2.0,1.0
PC,1551(A),FUGITIVE FROM JUSTICE:WARRANT ARREST,other_not_identifiable,no_dv_identifier,No DV-specific charge identifier; does not prove non-DV.,6,5,2.0,4.0,0.0
PC,182(A)(4),CONSPIRACY:DEFRAUD PERS OF PROP (F),other_not_identifiable,no_dv_identifier,No DV-specific charge identifier; does not prove non-DV.,6,6,6.0,0.0,0.0
PC,205,AGGRAVATED MAYHEM (F),other_not_identifiable,no_dv_identifier,No DV-specific charge identifier; does not prove non-DV.,6,6,5.0,1.0,0.0
PC,22810(E)(1),POSSESS/PURCHAS/ETC PROJECTILE TEAR GAS WEAPON (M),other_not_identifiable,no_dv_identifier,No DV-specific charge identifier; does not prove non-DV.,6,6,4.0,0.0,2.0
PC,25400(C)(5),CARRY CONCEALED WEAPON WITH SPECIFIC CONVICTION (F),other_not_identifiable,no_dv_identifier,No DV-specific charge identifier; does not prove non-DV.,6,6,5.0,1.0,0.0
PC,32625(A),POSSESS/ETC MACHINEGUN (F),other_not_identifiable,no_dv_identifier,No DV-specific charge identifier; does not prove non-DV.,6,6,4.0,1.0,1.0
PC,417(A)(2)(A),EXHIBIT CONCEALABLE FIREARM IN PUBLIC (M),other_not_identifiable,no_dv_identifier,No DV-specific charge identifier; does not prove non-DV.,6,6,4.0,2.0,0.0
PC,4532(B)(2),ESCAPE JAIL/ETC WHILE CHARGED/ETC WITH FELONY:FORCE/VIOLENCE(IBR 90Z),other_not_identifiable,no_dv_identifier,No DV-specific charge identifier; does not prove non-DV.,6,6,6.0,0.0,0.0
PC,466,POSS BURGLARY TOOLS,other_not_identifiable,no_dv_identifier,No DV-specific charge identifier; does not prove non-DV.,6,6,0.0,6.0,0.0
PC,470(A),FORGERY (M),other_not_identifiable,no_dv_identifier,No DV-specific charge identifier; does not prove non-DV.,6,6,6.0,0.0,0.0
PC,487(A),GRAND THEFT (Theft From Coin Oper Machine or Dev) (F),other_not_identifiable,no_dv_identifier,No DV-specific charge identifier; does not prove non-DV.,6,6,5.0,0.0,1.0
PC,490.4(A)(4),RECRUIT/ORGANIZE/MANAGE ANOTHER FOR RETAIL THEFT: OVER $950 (F),other_not_identifiable,no_dv_identifier,No DV-specific charge identifier; does not prove non-DV.,6,6,6.0,0.0,0.0
PC,496(A),RECEIVE/ETC KNOWN STOLEN PROPERTY,other_not_identifiable,no_dv_identifier,No DV-specific charge identifier; does not prove non-DV.,6,6,2.0,4.0,0.0
PC,529.5(A),MFR DECEPTIVE GOVERNMENT ID/DRVRS LIC (M),other_not_identifiable,no_dv_identifier,No DV-specific charge identifier; does not prove non-DV.,6,6,5.0,1.0,0.0
PC,550(A)(4),FILE FALSE INS CLAIM FOR THEFT OF Mot Veh (F),other_not_identifiable,no_dv_identifier,No DV-specific charge identifier; does not prove non-DV.,6,6,5.0,1.0,0.0
PC,550(B)(1),PROVIDE FALSE INSURANCE INFO FOR PAY (F),other_not_identifiable,no_dv_identifier,No DV-specific charge identifier; does not prove non-DV.,6,6,5.0,1.0,0.0
PC,594.2(A),POSS TOOL WITH INTENT TO VANDALIZE (M),other_not_identifiable,no_dv_identifier,No DV-specific charge identifier; does not prove non-DV.,6,6,6.0,0.0,0.0
PC,602.1(B),TRESPASS:OBSTRUCT BUSINESS OF PUBLIC AGENCY (M),other_not_identifiable,no_dv_identifier,No DV-specific charge identifier; does not prove non-DV.,6,6,5.0,1.0,0.0
PC,647(J)(4)(A),DISTRIBUTE INTIMATE IMAGE CAUSING SERIOUS EMOTIONAL DISTRESS (M),other_not_identifiable,no_dv_identifier,No DV-specific charge identifier; does not prove non-DV.,6,6,1.0,2.0,3.0
PC,666.1(A)(1),GRAND THEFT (FROM BUILDING) W/2+ PRIOR CONVICTIONS (F),other_not_identifiable,no_dv_identifier,No DV-specific charge identifier; does not prove non-DV.,6,5,0.0,0.0,6.0
VC,10750(A),ALTER/CHANGE VEH IDENT NUMBERS (M),other_not_identifiable,no_dv_identifier,No DV-specific charge identifier; does not prove non-DV.,6,6,5.0,1.0,0.0
VC,13004(A),DISPLAY/POSS FAKE/ETC IDENT CARD (M),other_not_identifiable,no_dv_identifier,No DV-specific charge identifier; does not prove non-DV.,6,6,5.0,1.0,0.0
VC,21201D,BICYCLE HEADLIGHT/REFLECTOR VIOL (I),other_not_identifiable,no_dv_identifier,No DV-specific charge identifier; does not prove non-DV.,6,6,4.0,2.0,0.0
VC,21806A,RIGHT-OF-WAY:TO EMERGENCY VEH (I),other_not_identifiable,no_dv_identifier,No DV-specific charge identifier; does not prove non-DV.,6,6,5.0,1.0,0.0
VC,23103,RECKLESS DRIVING:HIGHWAY (F),other_not_identifiable,no_dv_identifier,No DV-specific charge identifier; does not prove non-DV.,6,6,0.0,5.0,1.0
VC,23153(B),DUI .08 ALC:CAUSING BODILY INJ,other_not_identifiable,no_dv_identifier,No DV-specific charge identifier; does not prove non-DV.,6,6,0.0,6.0,0.0
VC,23223,OPEN CONTAINER ALC IN VEH - PASS (I),other_not_identifiable,no_dv_identifier,No DV-specific charge identifier; does not prove non-DV.,6,6,6.0,0.0,0.0
VC,26708.5,TINTED WINDSHIELD/WINDOWS/ETC (I),other_not_identifiable,no_dv_identifier,No DV-specific charge identifier; does not prove non-DV.,6,6,6.0,0.0,0.0
VC,27360A,UNRESTRAINED CHILD IN VEHICLE (PARENT/GUARDIAN) (I),other_not_identifiable,no_dv_identifier,No DV-specific charge identifier; does not prove non-DV.,6,6,6.0,0.0,0.0
VC,4454A,NO REGISTRATION IN VEH (I),other_not_identifiable,no_dv_identifier,No DV-specific charge identifier; does not prove non-DV.,6,6,5.0,0.0,1.0
VC,5204A,LIC PLATES:EXPIRED TABS OR FAILURE TO DISPLAY (I),other_not_identifiable,no_dv_identifier,No DV-specific charge identifier; does not prove non-DV.,6,6,6.0,0.0,0.0
WI,8103(F)(1),WEAPONS RESTRICTIONS VIOL:MENTALLY DISORDERED PERS (F),other_not_identifiable,no_dv_identifier,No DV-specific charge identifier; does not prove non-DV.,6,6,5.0,1.0,0.0
BP,22435,TAKE MARKED CART FROM RETAIL ESTABLISHMENT (M),other_not_identifiable,no_dv_identifier,No DV-specific charge identifier; does not prove non-DV.,5,5,2.0,3.0,0.0
CO,73.111,PERSON STAND/SIT ON CROSSWALK/SIDEWALK/STEET/PARK TO OBSTRUCT OR ANNOY (M),other_not_identifiable,no_dv_identifier,No DV-specific charge identifier; does not prove non-DV.,5,5,5.0,0.0,0.0
HS,12671,SELL/USE/ETC UNCLASSED FIREWORKS (M),other_not_identifiable,no_dv_identifier,No DV-specific charge identifier; does not prove non-DV.,5,5,2.0,0.0,3.0
MC,10.20.140,"CAMPING, ETC., ON PRIVATE PROPERTY WITHOUT PERMISSION",other_not_identifiable,no_dv_identifier,No DV-specific charge identifier; does not prove non-DV.,5,5,5.0,0.0,0.0
MC,9.04.040,LITTERING/DISTRIBUTING FLYERS IN CITY (M),other_not_identifiable,no_dv_identifier,No DV-specific charge identifier; does not prove non-DV.,5,3,1.0,4.0,0.0
MC,9.60.040,HARASS PERSON IN PUBLIC PLACE TO SOLICIT MONEY OR GOODS,other_not_identifiable,no_dv_identifier,No DV-specific charge identifier; does not prove non-DV.,5,5,5.0,0.0,0.0
PC,148(A)(1),OBSTRUCT/RESIST/ETC PUBLIC/PEACE OFFICER/EMERGENCY MED TECH,other_not_identifiable,no_dv_identifier,No DV-specific charge identifier; does not prove non-DV.,5,5,5.0,0.0,0.0
PC,21810,MANUFACTURE/SALE/POSSESS/ETC METAL KNUCKLES,other_not_identifiable,no_dv_identifier,No DV-specific charge identifier; does not prove non-DV.,5,5,0.0,5.0,0.0
PC,25400(A)(1),CARRY CONCEALED WEAPON IN VEHICLE,other_not_identifiable,no_dv_identifier,No DV-specific charge identifier; does not prove non-DV.,5,5,0.0,5.0,0.0
PC,25400(C)(6)A,FELON CARRY A LOADED CONCEALED WEAPON ON PERSON (F),other_not_identifiable,no_dv_identifier,No DV-specific charge identifier; does not prove non-DV.,5,5,5.0,0.0,0.0
PC,27545,UNLIC SALE/LOAN/TRANSFER OF FIREARM (F),other_not_identifiable,no_dv_identifier,No DV-specific charge identifier; does not prove non-DV.,5,5,5.0,0.0,0.0
PC,290.015,290 VIOLATION AFTER INCARCERATION (F),other_not_identifiable,no_dv_identifier,No DV-specific charge identifier; does not prove non-DV.,5,5,5.0,0.0,0.0
PC,290.018(G),290 VIOLATION TRAN 30 DAY UPDATE (F),other_not_identifiable,no_dv_identifier,No DV-specific charge identifier; does not prove non-DV.,5,5,5.0,0.0,0.0
PC,405A,LYNCHING WITH NO INJURY / MINOR INJURY (F),other_not_identifiable,no_dv_identifier,No DV-specific charge identifier; does not prove non-DV.,5,5,5.0,0.0,0.0
PC,453(A),POSS/MFG/DISPOSE OF MATERIAL/DEV FOR ARSON (F),other_not_identifiable,no_dv_identifier,No DV-specific charge identifier; does not prove non-DV.,5,5,5.0,0.0,0.0
PC,453(A),POSS/MFG/DISPOSE OF MATERIAL/DEVICE FOR ARSON (F),other_not_identifiable,no_dv_identifier,No DV-specific charge identifier; does not prove non-DV.,5,5,2.0,2.0,1.0
PC,4530(B),PRISONER ESCAPE W/O FORCE (F),other_not_identifiable,no_dv_identifier,No DV-specific charge identifier; does not prove non-DV.,5,5,5.0,0.0,0.0
PC,4570.5,FALSE IDENT FOR PRISON/JAIL ADMISSION (M),other_not_identifiable,no_dv_identifier,No DV-specific charge identifier; does not prove non-DV.,5,5,5.0,0.0,0.0
PC,472,FORGE OFFICIAL SEAL (F),other_not_identifiable,no_dv_identifier,No DV-specific charge identifier; does not prove non-DV.,5,5,4.0,1.0,0.0
PC,487(C),GRAND THEFT FROM PERS (Pocket-Picking) (F),other_not_identifiable,no_dv_identifier,No DV-specific charge identifier; does not prove non-DV.,5,5,5.0,0.0,0.0
PC,487(D),GRAND THEFT:FIREARM/ANIMAL (Theft From Mot Veh) (F),other_not_identifiable,no_dv_identifier,No DV-specific charge identifier; does not prove non-DV.,5,5,5.0,0.0,0.0
PC,487E,GRAND THEFT:DOG [OVER $950] (F),other_not_identifiable,no_dv_identifier,No DV-specific charge identifier; does not prove non-DV.,5,5,4.0,1.0,0.0
PC,602(H),TRESPASS:SIGNS DISPLAYED:FARM ANIMALS RAISED:ENTER LAND AND/OR DESTROY FENCE,other_not_identifiable,no_dv_identifier,No DV-specific charge identifier; does not prove non-DV.,5,5,5.0,0.0,0.0
PC,602(S),TRESPASS:REFUSE TO LEAVE HOTEL/MOTEL (M),other_not_identifiable,no_dv_identifier,No DV-specific charge identifier; does not prove non-DV.,5,5,4.0,1.0,0.0
PC,626.10(A),POSS WEAPON AT SCHOOL (F),other_not_identifiable,no_dv_identifier,No DV-specific charge identifier; does not prove non-DV.,5,5,5.0,0.0,0.0
PC,626.10(A),POSSESS WEAPON/ETC AT SCHOOL (M),other_not_identifiable,no_dv_identifier,No DV-specific charge identifier; does not prove non-DV.,5,5,5.0,0.0,0.0
PC,626.9(B),HAVE FIREARM AT PUBLIC SCHOOL (F),other_not_identifiable,no_dv_identifier,No DV-specific charge identifier; does not prove non-DV.,5,5,5.0,0.0,0.0
PC,653.23,SUPERVISE/ETC PROSTITUTION ACTIVITIES (M),other_not_identifiable,no_dv_identifier,No DV-specific charge identifier; does not prove non-DV.,5,5,5.0,0.0,0.0
PC,76(A),THREATEN/ETC ELECTED OFFICIAL/JUDGE/ETC (F),other_not_identifiable,no_dv_identifier,No DV-specific charge identifier; does not prove non-DV.,5,5,5.0,0.0,0.0
PC,836.6(A),ESCAPE/ATTEMPT ESCAPE FROM CUST OF SHERIFF (M),other_not_identifiable,no_dv_identifier,No DV-specific charge identifier; does not prove non-DV.,5,5,3.0,1.0,1.0
VC,16028A,FAIL TO PROVE FIN RESPONSIBILITY:PEACE OFCR REQUEST,other_not_identifiable,no_dv_identifier,No DV-specific charge identifier; does not prove non-DV.,5,5,0.0,5.0,0.0
VC,21460A,LANE USAGE:VEH CROSS DOUBLE SOLID LINE (I),other_not_identifiable,no_dv_identifier,No DV-specific charge identifier; does not prove non-DV.,5,5,5.0,0.0,0.0
VC,22108,FAIL TO SIGNAL AT LEAST 100 FEET BEFORE TURN (I),other_not_identifiable,no_dv_identifier,No DV-specific charge identifier; does not prove non-DV.,5,5,5.0,0.0,0.0
VC,22400A,DRIVE TOO SLOWLY/IMPEDING TRAFFIC (I),other_not_identifiable,no_dv_identifier,No DV-specific charge identifier; does not prove non-DV.,5,5,5.0,0.0,0.0
VC,23123.5(A),PROHIBIT USE OF HND HLD DEVICE WHILE DRIVING (I),other_not_identifiable,no_dv_identifier,No DV-specific charge identifier; does not prove non-DV.,5,5,2.0,2.0,1.0
VC,23152(G),DUI ALCOHOL/DRUG,other_not_identifiable,no_dv_identifier,No DV-specific charge identifier; does not prove non-DV.,5,5,0.0,5.0,0.0
VC,24600B,"OTHER THAN MOTORCYCLE, MUST HAVE TWO TAILLAMPS (I)",other_not_identifiable,no_dv_identifier,No DV-specific charge identifier; does not prove non-DV.,5,5,5.0,0.0,0.0
VC,2800.2(A),EVADE PEACE OFCR WITH WANTON DISREGARD FOR SAFETY,other_not_identifiable,no_dv_identifier,No DV-specific charge identifier; does not prove non-DV.,5,5,0.0,5.0,0.0
VC,4461(C),DISPLAY UNAUTH DISABLED PERS PLACARD (M),other_not_identifiable,no_dv_identifier,No DV-specific charge identifier; does not prove non-DV.,5,5,4.0,1.0,0.0
VC,5200,"IF ONLY ONE PLATE ISSUED, MUST BE ON BACK (I)",other_not_identifiable,no_dv_identifier,No DV-specific charge identifier; does not prove non-DV.,5,5,3.0,1.0,1.0
,,,other_not_identifiable,no_dv_identifier,No DV-specific charge identifier; does not prove non-DV.,4,1,4.0,0.0,0.0
BP,25658(B),MINOR PURCHASE LIQUOR IN BAR (M),other_not_identifiable,no_dv_identifier,No DV-specific charge identifier; does not prove non-DV.,4,4,4.0,0.0,0.0
CO,76.101,OPERATE OFF-HIGHWAY VEHICLE ON PRIVATE PROPERTY W/O OWNERS CONSENT (I),other_not_identifiable,no_dv_identifier,No DV-specific charge identifier; does not prove non-DV.,4,3,0.0,0.0,4.0
HS,11173(A),OBTAIN/ETC CONTROLLED SUBS BY FRAUD (F),other_not_identifiable,no_dv_identifier,No DV-specific charge identifier; does not prove non-DV.,4,4,4.0,0.0,0.0
HS,11364,POSS CONTRL SUB PARAPHERNALIA,other_not_identifiable,no_dv_identifier,No DV-specific charge identifier; does not prove non-DV.,4,4,4.0,0.0,0.0
HS,11366.8(A),USE FALSE COMPARTMENT TO STORE CONT SUBS,other_not_identifiable,no_dv_identifier,No DV-specific charge identifier; does not prove non-DV.,4,4,0.0,4.0,0.0
MC,10.32.040(C),Posses open alcoholic container in park,other_not_identifiable,no_dv_identifier,No DV-specific charge identifier; does not prove non-DV.,4,4,3.0,1.0,0.0
MC,9.20.020B,"NO ONE SHALL CAMP, LODGE, SLEEP OVERNIGHT IN PUBLIC PARK, STREET OR HIGHWAY (I)",other_not_identifiable,no_dv_identifier,No DV-specific charge identifier; does not prove non-DV.,4,3,2.0,2.0,0.0
MC,9.85.040,POSSESS SHOPPING CART REMOVED FROM PREMESIS,other_not_identifiable,no_dv_identifier,No DV-specific charge identifier; does not prove non-DV.,4,3,0.0,0.0,4.0
PC,12403.7(A),POSSES TEAR GAS/WEAPON (F),other_not_identifiable,no_dv_identifier,No DV-specific charge identifier; does not prove non-DV.,4,4,4.0,0.0,0.0
PC,148.9(A),FALSE IDENT TO PEACE OFCR,other_not_identifiable,no_dv_identifier,No DV-specific charge identifier; does not prove non-DV.,4,4,0.0,4.0,0.0
PC,182(A)(1),CONSPIRE TO COMMIT A CRIME,other_not_identifiable,no_dv_identifier,No DV-specific charge identifier; does not prove non-DV.,4,4,4.0,0.0,0.0
PC,182(A)(4),CONSPIRACY: DEFRAUD PERSON OF PROPERTY (M),other_not_identifiable,no_dv_identifier,No DV-specific charge identifier; does not prove non-DV.,4,2,0.0,0.0,4.0
PC,20170(A),DISPLAY/EXPOSE IN PUBLIC PLACE IMITATION FIREARM (I),other_not_identifiable,no_dv_identifier,No DV-specific charge identifier; does not prove non-DV.,4,4,2.0,2.0,0.0
PC,22810(E)(3),TEARGAS/TEARGAS WEAPON PURCHASED/ETC SHALL DISPLAY EXP DATE (M),other_not_identifiable,no_dv_identifier,No DV-specific charge identifier; does not prove non-DV.,4,4,2.0,2.0,0.0
PC,247(B),SHOOT AT UNOCCUPIED DWELLING/VEH (F),other_not_identifiable,no_dv_identifier,No DV-specific charge identifier; does not prove non-DV.,4,4,2.0,1.0,1.0
PC,25400(C)(6),CARRY A LOADED CONCEALED WEAPON ON PERSON (M),other_not_identifiable,no_dv_identifier,No DV-specific charge identifier; does not prove non-DV.,4,4,2.0,1.0,1.0
PC,25850(C)(6),CARRY LOADED HANDGUN:NOT REGISTERED OWNER,other_not_identifiable,no_dv_identifier,No DV-specific charge identifier; does not prove non-DV.,4,4,0.0,4.0,0.0
PC,290.013,SEX REGISTRANT FAIL REPORT ADDRESS CHANGE (M),other_not_identifiable,no_dv_identifier,No DV-specific charge identifier; does not prove non-DV.,4,4,4.0,0.0,0.0
PC,29820(B),CONVICTED PERSON POSSESS/ETC FIREARM WHILE UNDER AGE 30 (F),other_not_identifiable,no_dv_identifier,No DV-specific charge identifier; does not prove non-DV.,4,4,3.0,1.0,0.0
PC,3056,VIOLATION PAROLE/FELONY,other_not_identifiable,no_dv_identifier,No DV-specific charge identifier; does not prove non-DV.,4,4,4.0,0.0,0.0
PC,369I(B),TRESPASS:RAIL TRANSIT PROP (M),other_not_identifiable,no_dv_identifier,No DV-specific charge identifier; does not prove non-DV.,4,4,4.0,0.0,0.0
PC,370,PUBLIC NUISANCE (M),other_not_identifiable,no_dv_identifier,No DV-specific charge identifier; does not prove non-DV.,4,4,3.0,1.0,0.0
PC,4532(B)(1),ATT/ESCAPE JAIL/ETC WHILE CHARGED/ETC WITH A FELONY,other_not_identifiable,no_dv_identifier,No DV-specific charge identifier; does not prove non-DV.,4,4,0.0,4.0,0.0
PC,4532(B)(2),ESCAPE JAIL/ETC WHILE CHARGED/ETC WITH FELONY:FORCE/VIOLENCE (F),other_not_identifiable,no_dv_identifier,No DV-specific charge identifier; does not prove non-DV.,4,4,3.0,1.0,0.0
PC,455(A),ATTEMPT OR AID ARSON (F),other_not_identifiable,no_dv_identifier,No DV-specific charge identifier; does not prove non-DV.,4,4,3.0,1.0,0.0
PC,4550(B),RESCUE/ATTEMPT RESCUE PRISONER CONVICTED TO STATE PRISON (F),other_not_identifiable,no_dv_identifier,No DV-specific charge identifier; does not prove non-DV.,4,4,4.0,0.0,0.0
PC,4574(A),SEND/BRING WEAP/TEAR GAS INTO PRISON/JAIL,other_not_identifiable,no_dv_identifier,No DV-specific charge identifier; does not prove non-DV.,4,4,0.0,4.0,0.0
PC,466,POSSESS BURGLAR TOOLS,other_not_identifiable,no_dv_identifier,No DV-specific charge identifier; does not prove non-DV.,4,4,4.0,0.0,0.0
PC,470B,POSS DRVRS LIC/IDENT TO COMMIT FORGERY (F),other_not_identifiable,no_dv_identifier,No DV-specific charge identifier; does not prove non-DV.,4,4,2.0,0.0,2.0
PC,476A(A),INSUFFICIENT FUNDS:CHECKS/DRAFTS/ETC (M),other_not_identifiable,no_dv_identifier,No DV-specific charge identifier; does not prove non-DV.,4,4,4.0,0.0,0.0
PC,487(D),GRAND THEFT:FIREARM/ANIMAL (All Other Larceny) (F),other_not_identifiable,no_dv_identifier,No DV-specific charge identifier; does not prove non-DV.,4,4,4.0,0.0,0.0
PC,488,PETTY THEFT,other_not_identifiable,no_dv_identifier,No DV-specific charge identifier; does not prove non-DV.,4,4,4.0,0.0,0.0
PC,502(C)(1)(A),ACCESS COMPUTER/ALTER DATA:DEVISE SCHEME DEFRAUD (F),other_not_identifiable,no_dv_identifier,No DV-specific charge identifier; does not prove non-DV.,4,4,3.0,1.0,0.0
PC,518(A),EXTORTION (F),other_not_identifiable,no_dv_identifier,No DV-specific charge identifier; does not prove non-DV.,4,3,0.0,4.0,0.0
PC,538D,IMPERSONATING A PEACE OFCR (M),other_not_identifiable,no_dv_identifier,No DV-specific charge identifier; does not prove non-DV.,4,4,3.0,0.0,1.0
PC,550(A)(5),PREPARE WRITING FOR FALSE INSURANCE CLAIM (F),other_not_identifiable,no_dv_identifier,No DV-specific charge identifier; does not prove non-DV.,4,4,4.0,0.0,0.0
PC,555,ENTER/REMAIN ON POSTED PROP (M),other_not_identifiable,no_dv_identifier,No DV-specific charge identifier; does not prove non-DV.,4,4,4.0,0.0,0.0
PC,602(Q),TRESPASS:REFUSE TO LEAVE PUBLIC BUILDING (M),other_not_identifiable,no_dv_identifier,No DV-specific charge identifier; does not prove non-DV.,4,4,4.0,0.0,0.0
PC,647(4)(A),DISTRIBUTE INTIMATE IMAGE CAUSING SERIOUS EMOTIONAL DISTRESS (M),other_not_identifiable,no_dv_identifier,No DV-specific charge identifier; does not prove non-DV.,4,4,4.0,0.0,0.0
PC,647(F),DISORDERLY CONDUCT:UNDER INFLUENCE OF DRUG,other_not_identifiable,no_dv_identifier,No DV-specific charge identifier; does not prove non-DV.,4,3,0.0,4.0,0.0
PC,647(J)(1),DISORDERLY CONDUCT:PEEPING THRU HOLE OR WITH INSTRUMENT (M),other_not_identifiable,no_dv_identifier,No DV-specific charge identifier; does not prove non-DV.,4,4,3.0,0.0,1.0
PC,648,MAKE/CIRCULATE UNAUTH PAPER MONEY W/PR (F),other_not_identifiable,no_dv_identifier,No DV-specific charge identifier; does not prove non-DV.,4,4,4.0,0.0,0.0
PC,666,PETTY THEFT W/PR JAIL TERM (Theft From Building) (F),other_not_identifiable,no_dv_identifier,No DV-specific charge identifier; does not prove non-DV.,4,4,2.0,0.0,2.0
PC,666.1,PETTY THEFT W/ 2 PRIOR CONVICTIONS,other_not_identifiable,no_dv_identifier,No DV-specific charge identifier; does not prove non-DV.,4,4,0.0,4.0,0.0
PC,666.1(A)(1),GRAND THEFT (MOT VEH THEFT) W/2+ PRIOR CONVICTIONS (F),other_not_identifiable,no_dv_identifier,No DV-specific charge identifier; does not prove non-DV.,4,4,0.0,0.0,4.0
VC,10851(E),TAKING VEHICLE WITHOUT OWNER CONSENT WITH SPECIFIC PRIORS,other_not_identifiable,no_dv_identifier,No DV-specific charge identifier; does not prove non-DV.,4,4,4.0,0.0,0.0
VC,14601.5(B),DRIVE W/LICENSE SUSPENDED/ETC WHILE DRIVING PRIVILEGE RESTRICTED (M),other_not_identifiable,no_dv_identifier,No DV-specific charge identifier; does not prove non-DV.,4,4,3.0,0.0,1.0
VC,16020(A),FAIL TO CARRY EVIDENCE OF FINANCIAL REPONSIBILITY:VEHICLE (I),other_not_identifiable,no_dv_identifier,No DV-specific charge identifier; does not prove non-DV.,4,4,3.0,1.0,0.0
VC,20001(B)(1),HIT AND RUN RESULTING IN INJURY(IBR 90Z),other_not_identifiable,no_dv_identifier,No DV-specific charge identifier; does not prove non-DV.,4,4,4.0,0.0,0.0
VC,21954A,RIGHT-OF-WAY:PED NOT IN CROSSWALK YIELD TO VEHS (I),other_not_identifiable,no_dv_identifier,No DV-specific charge identifier; does not prove non-DV.,4,4,3.0,0.0,1.0
VC,21955,JAYWALKING (I),other_not_identifiable,no_dv_identifier,No DV-specific charge identifier; does not prove non-DV.,4,4,4.0,0.0,0.0
VC,22651O1A,VEHICLE REGISTRATION EXPIRED OVER 6 MONTHS (I),other_not_identifiable,no_dv_identifier,No DV-specific charge identifier; does not prove non-DV.,4,4,4.0,0.0,0.0
VC,5201.1(C),ERASE/ALTER REFLECTIVE COATING ON LICENSE PLATE (I),other_not_identifiable,no_dv_identifier,No DV-specific charge identifier; does not prove non-DV.,4,4,4.0,0.0,0.0
CO,41.139,NO BEVERAGE (EXCESS 20% ALC) IN COUNTY PARK W/O AUTH (M),other_not_identifiable,no_dv_identifier,No DV-specific charge identifier; does not prove non-DV.,3,2,0.0,0.0,3.0
HS,11357(A)(1),POSSESS MARIJUANA 28.5 GRAMS OR LESS - UNDER 18 (I),other_not_identifiable,no_dv_identifier,No DV-specific charge identifier; does not prove non-DV.,3,3,3.0,0.0,0.0
HS,11361(A),USE/INDUCE/SELL MINOR MARIJUANA (F),other_not_identifiable,no_dv_identifier,No DV-specific charge identifier; does not prove non-DV.,3,3,3.0,0.0,0.0
HS,11365(A),VISIT WHERE CONTROLLED SUBS USED (M),other_not_identifiable,no_dv_identifier,No DV-specific charge identifier; does not prove non-DV.,3,3,3.0,0.0,0.0
HS,11366.6,USE FORTIFIED ROOM TO SELL CONTROLLED SUBS (F),other_not_identifiable,no_dv_identifier,No DV-specific charge identifier; does not prove non-DV.,3,3,3.0,0.0,0.0
HS,11377(A),POSSESS CONTROLLED SUBSTANCE (F),other_not_identifiable,no_dv_identifier,No DV-specific charge identifier; does not prove non-DV.,3,3,3.0,0.0,0.0
HS,11380(A),USE/ETC MINOR TO VIOLATE CONTROLLED SUBS ACT (F),other_not_identifiable,no_dv_identifier,No DV-specific charge identifier; does not prove non-DV.,3,3,3.0,0.0,0.0
HS,13001,THROW BURNING MATERIAL (M),other_not_identifiable,no_dv_identifier,No DV-specific charge identifier; does not prove non-DV.,3,3,2.0,0.0,1.0
MC,11.08.030,SMOKING PROHIBITED IN PUBLIC PLACE OR PLACE OF EMPLOYMENT EXCEPT IN DESIGNATE,other_not_identifiable,no_dv_identifier,No DV-specific charge identifier; does not prove non-DV.,3,3,0.0,1.0,2.0
MC,12.20.050,CITY PARKS ACCESS AFTERHOURS PROHIBITED (I),other_not_identifiable,no_dv_identifier,No DV-specific charge identifier; does not prove non-DV.,3,3,3.0,0.0,0.0
MC,12.50.030,OBSTRUCTION OF PUBLIC PROPERTY (I),other_not_identifiable,no_dv_identifier,No DV-specific charge identifier; does not prove non-DV.,3,3,3.0,0.0,0.0
MC,12.56.020(X),REMAIN ON PUBLIC GROUNDS AFTER CLOSING (I),other_not_identifiable,no_dv_identifier,No DV-specific charge identifier; does not prove non-DV.,3,3,3.0,0.0,0.0
MC,15.24,"Fire Code, Uniform Fire Code",other_not_identifiable,no_dv_identifier,No DV-specific charge identifier; does not prove non-DV.,3,3,3.0,0.0,0.0
MC,17.16.070G6,LG GENERAL COMMERCIAL ZONE: DEV. STANDARDS: ENCLOSURE (M),other_not_identifiable,no_dv_identifier,No DV-specific charge identifier; does not prove non-DV.,3,3,3.0,0.0,0.0
MC,6.52.010B,NON CHARITABLE SOLICITATIONS- NO PERMIT,other_not_identifiable,no_dv_identifier,No DV-specific charge identifier; does not prove non-DV.,3,3,0.0,0.0,3.0
MC,8.04.150,REMAIN AT BEACH/PARK WHEN CLOSED,other_not_identifiable,no_dv_identifier,No DV-specific charge identifier; does not prove non-DV.,3,2,0.0,0.0,3.0
MC,8.50.010,"URINATE/DEFECATE ON STREET, SIDEWALK, ALLEY, PARK, PUBLIC BLDG (M)",other_not_identifiable,no_dv_identifier,No DV-specific charge identifier; does not prove non-DV.,3,3,1.0,2.0,0.0
MC,9.04.080,In park after hours,other_not_identifiable,no_dv_identifier,No DV-specific charge identifier; does not prove non-DV.,3,3,3.0,0.0,0.0
MC,9.68.030(B),"POSSESS OPEN CONTAINER IN MAST PARK, SANTEE LAKES, WEEKDAYS OR NON HOLIDAYS ONLY",other_not_identifiable,no_dv_identifier,No DV-specific charge identifier; does not prove non-DV.,3,3,3.0,0.0,0.0
PC,118(A),PERJURY (F),other_not_identifiable,no_dv_identifier,No DV-specific charge identifier; does not prove non-DV.,3,3,3.0,0.0,0.0
PC,12022.7(A),"FEL RESULT IN GBI, OTHER THAN AGG ASSAULT (BAIL+)",other_not_identifiable,no_dv_identifier,No DV-specific charge identifier; does not prove non-DV.,3,2,0.0,2.0,1.0
PC,1320(B),FAILURE TO APPEAR ON FELONY CHARGE (F),other_not_identifiable,no_dv_identifier,No DV-specific charge identifier; does not prove non-DV.,3,3,3.0,0.0,0.0
PC,141(A),TAMPER WITH EVIDENCE (M),other_not_identifiable,no_dv_identifier,No DV-specific charge identifier; does not prove non-DV.,3,3,3.0,0.0,0.0
PC,148.1(A),FALSE BOMB REPORT TO PEACE OFCR/MEDIA (F),other_not_identifiable,no_dv_identifier,No DV-specific charge identifier; does not prove non-DV.,3,3,3.0,0.0,0.0
PC,148.5(C),FALSE REPORT OF CRIME TO LAW ENFORCEMENT EMPLOYEE (M),other_not_identifiable,no_dv_identifier,No DV-specific charge identifier; does not prove non-DV.,3,3,3.0,0.0,0.0
PC,1610,CONFINED PENDING OUTPATIENT REVOKE REQUEST (N),other_not_identifiable,no_dv_identifier,No DV-specific charge identifier; does not prove non-DV.,3,3,0.0,2.0,1.0
PC,171B(A)(1),POSS FIREARM IN PUBLIC BUILDING (F),other_not_identifiable,no_dv_identifier,No DV-specific charge identifier; does not prove non-DV.,3,3,3.0,0.0,0.0
PC,20170(A),DISPLAY/EXPOSE IN PUBLIC PLACE IMITATION FIREARM (M),other_not_identifiable,no_dv_identifier,No DV-specific charge identifier; does not prove non-DV.,3,3,3.0,0.0,0.0
PC,25140(A),HANDGUN IN UNATTENDED VEHICLE (I),other_not_identifiable,no_dv_identifier,No DV-specific charge identifier; does not prove non-DV.,3,3,2.0,1.0,0.0
PC,26500(A),SELL/TRANSFER/ETC FIREARMS WITHOUT A LICENSE (M),other_not_identifiable,no_dv_identifier,No DV-specific charge identifier; does not prove non-DV.,3,1,0.0,3.0,0.0
PC,266I(B)(1),PANDERING:OTHER PERSON OVER 16 (F),other_not_identifiable,no_dv_identifier,No DV-specific charge identifier; does not prove non-DV.,3,2,0.0,0.0,3.0
PC,270,FAILURE TO PROVIDE (M),other_not_identifiable,no_dv_identifier,No DV-specific charge identifier; does not prove non-DV.,3,3,2.0,0.0,1.0
PC,290.018(B),FAIL REGISTER WITH FELONY SEX OFFENDER PRIOR CONVICTION,other_not_identifiable,no_dv_identifier,No DV-specific charge identifier; does not prove non-DV.,3,3,1.0,2.0,0.0
PC,29180(B),MANUFACTURE/ASSEMBLE FIREARM - PROVIDE SERIAL NUMBER (M),other_not_identifiable,no_dv_identifier,No DV-specific charge identifier; does not prove non-DV.,3,3,1.0,1.0,1.0
PC,29610,MINOR ILLEGALLY POSSESS CONCEALED WEAPON (M),other_not_identifiable,no_dv_identifier,No DV-specific charge identifier; does not prove non-DV.,3,3,3.0,0.0,0.0
PC,29805(A)(1),CONVICTED PERSON POSSESS/OWN/ETC FIREARM:SPECIFIC PRIORS (F),other_not_identifiable,no_dv_identifier,No DV-specific charge identifier; does not prove non-DV.,3,3,3.0,0.0,0.0
PC,3453(Q),FLASH INCARCERATION,other_not_identifiable,no_dv_identifier,No DV-specific charge identifier; does not prove non-DV.,3,3,0.0,0.0,3.0
PC,369I(A),TRESPASS:RAILROAD PROP (M),other_not_identifiable,no_dv_identifier,No DV-specific charge identifier; does not prove non-DV.,3,3,3.0,0.0,0.0
PC,381(A),POSS TOLUENE (M),other_not_identifiable,no_dv_identifier,No DV-specific charge identifier; does not prove non-DV.,3,3,0.0,2.0,1.0
PC,403,DISTURBANCE AT ASSEMBLY (M),other_not_identifiable,no_dv_identifier,No DV-specific charge identifier; does not prove non-DV.,3,3,3.0,0.0,0.0
PC,415(3),DISORD CONDUCT:OFFENSIVE WORDS IN PUBLIC PLACE (M),other_not_identifiable,no_dv_identifier,No DV-specific charge identifier; does not prove non-DV.,3,3,3.0,0.0,0.0
PC,419,RETAKE LAND AFTER LEGAL REMOVAL (M),other_not_identifiable,no_dv_identifier,No DV-specific charge identifier; does not prove non-DV.,3,3,3.0,0.0,0.0
PC,4532(A)(2),ESCAPE JAIL/ETC WHILE CHARGED W/ MISD W/ FORCE (F),other_not_identifiable,no_dv_identifier,No DV-specific charge identifier; does not prove non-DV.,3,3,2.0,1.0,0.0
PC,457.1(H),FAIL TO REGISTER AS ARSON OFFENDER (M),other_not_identifiable,no_dv_identifier,No DV-specific charge identifier; does not prove non-DV.,3,3,3.0,0.0,0.0
PC,487(A),GRAND THEFT:MONEY/LABOR/PROPERTY,other_not_identifiable,no_dv_identifier,No DV-specific charge identifier; does not prove non-DV.,3,3,0.0,3.0,0.0
PC,487(D),GRAND THEFT:FIREARM (ALL OTHER LARCENY) (F),other_not_identifiable,no_dv_identifier,No DV-specific charge identifier; does not prove non-DV.,3,2,0.0,1.0,2.0
PC,487AA,GRAND THEFT - ANIMAL (F),other_not_identifiable,no_dv_identifier,No DV-specific charge identifier; does not prove non-DV.,3,2,1.0,2.0,0.0
PC,488,PETTY THEFT(All Other Larceny),other_not_identifiable,no_dv_identifier,No DV-specific charge identifier; does not prove non-DV.,3,3,0.0,3.0,0.0
PC,488,PETTY THEFT(SHOPLIFT),other_not_identifiable,no_dv_identifier,No DV-specific charge identifier; does not prove non-DV.,3,3,0.0,3.0,0.0
PC,490.4(A)(2),THEFT OF MERCHANDISE W/ INTENT TO SELL - POSSESSION (M),other_not_identifiable,no_dv_identifier,No DV-specific charge identifier; does not prove non-DV.,3,3,3.0,0.0,0.0
PC,496(B),DEALER/ETC NOT DETERMINE OWNERSHIP [OVER $950] (F),other_not_identifiable,no_dv_identifier,No DV-specific charge identifier; does not prove non-DV.,3,3,3.0,0.0,0.0
PC,498(B)(1),THEFT OF UTILITY SERVICES BY DIVERTING (M),other_not_identifiable,no_dv_identifier,No DV-specific charge identifier; does not prove non-DV.,3,3,2.0,1.0,0.0
PC,498(B)(5),THEFT OF UTILITY SVCS BENEFIT UNDER $950 (M),other_not_identifiable,no_dv_identifier,No DV-specific charge identifier; does not prove non-DV.,3,3,0.0,2.0,1.0
PC,524,ATTEMPTED EXTORTION (F),other_not_identifiable,no_dv_identifier,No DV-specific charge identifier; does not prove non-DV.,3,3,2.0,0.0,1.0
PC,529(A)(1),PERSONATE TO POST BAIL/SURETY (F),other_not_identifiable,no_dv_identifier,No DV-specific charge identifier; does not prove non-DV.,3,3,1.0,0.0,2.0
PC,529(A)(3),PERSONATE TO MAKE OTHER LIABLE,other_not_identifiable,no_dv_identifier,No DV-specific charge identifier; does not prove non-DV.,3,3,0.0,3.0,0.0
PC,530.5(A),GET CREDIT/ETC OTHERS ID,other_not_identifiable,no_dv_identifier,No DV-specific charge identifier; does not prove non-DV.,3,3,3.0,0.0,0.0
PC,530.5(C)(3),POSSESS ID OF 10 OR MORE PERSONS WITH INTENT TO DEFRAUD,other_not_identifiable,no_dv_identifier,No DV-specific charge identifier; does not prove non-DV.,3,3,0.0,3.0,0.0
PC,602(A),TRESPASS:DESTROY STANDING TIMBER (M),other_not_identifiable,no_dv_identifier,No DV-specific charge identifier; does not prove non-DV.,3,2,0.0,2.0,1.0
PC,602(I),TRESPASS:DESTROY FENCE/ETC (M),other_not_identifiable,no_dv_identifier,No DV-specific charge identifier; does not prove non-DV.,3,3,3.0,0.0,0.0
PC,602(J),TRESPASS:BUILD FIRES (M),other_not_identifiable,no_dv_identifier,No DV-specific charge identifier; does not prove non-DV.,3,2,1.0,2.0,0.0
PC,602(M),TRESPASS:OCCUPY REAL PROPERTY W/O OWNER CONSENT,other_not_identifiable,no_dv_identifier,No DV-specific charge identifier; does not prove non-DV.,3,3,0.0,3.0,0.0
PC,602N,TRESPASS:DRIVE ON PRIV. PROP. W/O OWNER CONSENT(M),other_not_identifiable,no_dv_identifier,No DV-specific charge identifier; does not prove non-DV.,3,3,3.0,0.0,0.0
PC,626.10(A),POSS WEAPON AT SCHOOL K-12 (F),other_not_identifiable,no_dv_identifier,No DV-specific charge identifier; does not prove non-DV.,3,3,2.0,1.0,0.0
PC,653F(B),SOLICIT TO COMMIT MURDER (F),other_not_identifiable,no_dv_identifier,No DV-specific charge identifier; does not prove non-DV.,3,3,3.0,0.0,0.0
PC,666.5(A),VEHICLE/ETC THEFT :SPECIFIC PRIORS,other_not_identifiable,no_dv_identifier,No DV-specific charge identifier; does not prove non-DV.,3,3,3.0,0.0,0.0
PC,667(E)(1),ONE PRIOR STRIKE (BAIL+),other_not_identifiable,no_dv_identifier,No DV-specific charge identifier; does not prove non-DV.,3,3,0.0,3.0,0.0
PC,667.5(A),PRIOR VIOLENT FEL PRISON TERM (BAIL+),other_not_identifiable,no_dv_identifier,No DV-specific charge identifier; does not prove non-DV.,3,3,0.0,2.0,1.0
PC,667.5(B),PRIOR NON VIOLENT FEL PRISON TERM (BAIL+),other_not_identifiable,no_dv_identifier,No DV-specific charge identifier; does not prove non-DV.,3,3,0.0,1.0,2.0
PC,69(A),OBSTRUCT/RESIST EXECUTIVE OFFICER WITH SERIOUS INJURY,other_not_identifiable,no_dv_identifier,No DV-specific charge identifier; does not prove non-DV.,3,3,0.0,3.0,0.0
PC,69(A),THREATEN EXECUTIVE OFFICER WITH VIOLENCE,other_not_identifiable,no_dv_identifier,No DV-specific charge identifier; does not prove non-DV.,3,3,0.0,3.0,0.0
PC,71(A)(1),THREATEN SCHOOL/PUBLIC OFCR/EMPLOYEE,other_not_identifiable,no_dv_identifier,No DV-specific charge identifier; does not prove non-DV.,3,3,0.0,3.0,0.0
PC,836.6(A),ESCAPE/ATT ESCAPE FROM CUST W/FORCE CAUSING SER INJ (F),other_not_identifiable,no_dv_identifier,No DV-specific charge identifier; does not prove non-DV.,3,3,2.0,1.0,0.0
RT,30474,POSSESS/ETC FOR SALE/ETC CIGARETTES W/O STAMP/ETC (M),other_not_identifiable,no_dv_identifier,No DV-specific charge identifier; does not prove non-DV.,3,3,2.0,1.0,0.0
VC,10802,ALTER VEH ID NUMBER FOR SALE,other_not_identifiable,no_dv_identifier,No DV-specific charge identifier; does not prove non-DV.,3,3,3.0,0.0,0.0
VC,10851(B),TAKE ON-CALL EMERGENCY VEH WITHOUT CONSENT (F),other_not_identifiable,no_dv_identifier,No DV-specific charge identifier; does not prove non-DV.,3,3,3.0,0.0,0.0
VC,14601.1(A),DRVG WHILE LIC SUSP OR REVOKED:OTHER REASONS,other_not_identifiable,no_dv_identifier,No DV-specific charge identifier; does not prove non-DV.,3,3,0.0,3.0,0.0
VC,14603,OPER VEH:VIOL OF LIC RESTRICTION (I),other_not_identifiable,no_dv_identifier,No DV-specific charge identifier; does not prove non-DV.,3,3,1.0,2.0,0.0
VC,20003(A),FAILURE TO PROVIDE INFO:INJ ACCIDENT (M),other_not_identifiable,no_dv_identifier,No DV-specific charge identifier; does not prove non-DV.,3,3,3.0,0.0,0.0
VC,21950A,RIGHT-OF-WAY:DRVR YIELD TO PEDESTRIAN IN CROSSWALK (I),other_not_identifiable,no_dv_identifier,No DV-specific charge identifier; does not prove non-DV.,3,3,3.0,0.0,0.0
VC,22349(B),EXCEED 55 MPH STATUTORY SPEED:2-LANE ROADS (I),other_not_identifiable,no_dv_identifier,No DV-specific charge identifier; does not prove non-DV.,3,3,3.0,0.0,0.0
VC,23103,RECKLESS DRVG:HWY,other_not_identifiable,no_dv_identifier,No DV-specific charge identifier; does not prove non-DV.,3,3,0.0,3.0,0.0
VC,23112A,NO ONE SHALL THROW SUBSTANCE ON HIGHWAY FROM VEHICLE (I),other_not_identifiable,no_dv_identifier,No DV-specific charge identifier; does not prove non-DV.,3,3,2.0,1.0,0.0
VC,23123.5(A),PROHIBIT TEXT-BASED COMMUNICATION WHILE DRIVING (I),other_not_identifiable,no_dv_identifier,No DV-specific charge identifier; does not prove non-DV.,3,3,3.0,0.0,0.0
VC,23152D,DUI ALC/0.04 PERCENT WHILE DRVG COMMERCIAL VEH (M),other_not_identifiable,no_dv_identifier,No DV-specific charge identifier; does not prove non-DV.,3,3,3.0,0.0,0.0
VC,23221(B),NO PASSENGER SHALL DRINK ANY ALCOHOLIC BEVERAGE WHILE ON HIGHWAY (I),other_not_identifiable,no_dv_identifier,No DV-specific charge identifier; does not prove non-DV.,3,3,3.0,0.0,0.0
VC,23223,OPEN CONTAINER ALC IN VEH (I),other_not_identifiable,no_dv_identifier,No DV-specific charge identifier; does not prove non-DV.,3,3,3.0,0.0,0.0
VC,23224B,PASSENGER:MINOR:POSS ALC IN VEH (M),other_not_identifiable,no_dv_identifier,No DV-specific charge identifier; does not prove non-DV.,3,3,2.0,1.0,0.0
VC,24400,2 HEADLAMPS ON DURING DARKNESS (CAR) (I),other_not_identifiable,no_dv_identifier,No DV-specific charge identifier; does not prove non-DV.,3,3,3.0,0.0,0.0
VC,27150A,INADEQUATE MUFFLERS (I),other_not_identifiable,no_dv_identifier,No DV-specific charge identifier; does not prove non-DV.,3,3,2.0,0.0,1.0
VC,27156,NOT EQUIPED W/SMOG DEV (I),other_not_identifiable,no_dv_identifier,No DV-specific charge identifier; does not prove non-DV.,3,3,2.0,1.0,0.0
VC,27803B,MOTORCYCLE/ETC:HELMET VIOL (I),other_not_identifiable,no_dv_identifier,No DV-specific charge identifier; does not prove non-DV.,3,3,3.0,0.0,0.0
VC,4461,LOAN REGISTRATION TO UNAUTH PERS (M),other_not_identifiable,no_dv_identifier,No DV-specific charge identifier; does not prove non-DV.,3,3,3.0,0.0,0.0
VC,4462A,FAIL PROVIDE VEH REG TO PEACE OFCR ON DEMAND (I),other_not_identifiable,no_dv_identifier,No DV-specific charge identifier; does not prove non-DV.,3,3,3.0,0.0,0.0
VC,4463.5(A),MFG FAKE LIC PLATE (M),other_not_identifiable,no_dv_identifier,No DV-specific charge identifier; does not prove non-DV.,3,3,2.0,1.0,0.0
VC,5201(B),LICENSE PLATES SHALL NOT BE COVERED (I),other_not_identifiable,no_dv_identifier,No DV-specific charge identifier; does not prove non-DV.,3,3,3.0,0.0,0.0
WI,8102,CONFISCATION OF FIREARM,other_not_identifiable,no_dv_identifier,No DV-specific charge identifier; does not prove non-DV.,3,3,0.0,3.0,0.0
WI,8103(A)(1),POSS FIREARM/DEADLY WEAPON:MENTAL DISORDER PROHIBITED (F),other_not_identifiable,no_dv_identifier,No DV-specific charge identifier; does not prove non-DV.,3,3,2.0,1.0,0.0
ZZ,19,VIOL FED NARC. LAWS,other_not_identifiable,no_dv_identifier,No DV-specific charge identifier; does not prove non-DV.,3,3,3.0,0.0,0.0
BP,25620,POSS OPEN CONTAINER OF ALC IN PUBLIC,other_not_identifiable,no_dv_identifier,No DV-specific charge identifier; does not prove non-DV.,2,2,0.0,2.0,0.0
BP,25662(A),MINOR POSS ALC (INFRAC PER 19.8 PC) (I),other_not_identifiable,no_dv_identifier,No DV-specific charge identifier; does not prove non-DV.,2,2,1.0,1.0,0.0
BP,4325(A),POSS/COPY UNAUTH PRESCRIPTION BLANK (M),other_not_identifiable,no_dv_identifier,No DV-specific charge identifier; does not prove non-DV.,2,2,2.0,0.0,0.0
CO,32.1004,PUBLIC NUDITY (M),other_not_identifiable,no_dv_identifier,No DV-specific charge identifier; does not prove non-DV.,2,2,2.0,0.0,0.0
CO,41.118(A),UNLAWFUL TO IGNITE A FIRE- EXCEPT IN DESIGNATED RINGS,other_not_identifiable,no_dv_identifier,No DV-specific charge identifier; does not prove non-DV.,2,2,2.0,0.0,0.0
CO,41.15,OVERNIGHT CAMPING PERMITS (M),other_not_identifiable,no_dv_identifier,No DV-specific charge identifier; does not prove non-DV.,2,1,0.0,0.0,2.0
CO,62.669.1,PUBLIC PROTECTION FROM DOGS (I),other_not_identifiable,no_dv_identifier,No DV-specific charge identifier; does not prove non-DV.,2,2,2.0,0.0,0.0
CO,67.804(A),DISCHARGE POLLUTANTS INTO STORMWATER SYSTEM (M),other_not_identifiable,no_dv_identifier,No DV-specific charge identifier; does not prove non-DV.,2,2,2.0,0.0,0.0
CO,73.109,SHALL NOT CAMP ON PRIVATE PROPERTY W/O PERMISSION (M),other_not_identifiable,no_dv_identifier,No DV-specific charge identifier; does not prove non-DV.,2,2,2.0,0.0,0.0
HS,11161(A),UNAUTH POSS OF PRESCRIPTION BLANKS (M),other_not_identifiable,no_dv_identifier,No DV-specific charge identifier; does not prove non-DV.,2,2,2.0,0.0,0.0
HS,11350(A),POSSESSION OF NARCOTIC CONTROLLED SUBSTANCES (M),other_not_identifiable,no_dv_identifier,No DV-specific charge identifier; does not prove non-DV.,2,2,2.0,0.0,0.0
HS,11353.5,ADULT 5 YRS OLDER SUPPLY MNR UND 18 CONTROLLED SUB AT SCHOOL/ETC (F),other_not_identifiable,no_dv_identifier,No DV-specific charge identifier; does not prove non-DV.,2,2,2.0,0.0,0.0
HS,11357(A)(2),POSSESS MARIJUANA 28.5 GRAMS OR LESS - 18-21,other_not_identifiable,no_dv_identifier,No DV-specific charge identifier; does not prove non-DV.,2,2,0.0,2.0,0.0
HS,11357(B)(1),POSSESS MARIJUANA OVER AN OUNCE - UNDER 18 (I),other_not_identifiable,no_dv_identifier,No DV-specific charge identifier; does not prove non-DV.,2,2,2.0,0.0,0.0
HS,11370.4(A)(4),HEROIN OR COCAINE OVER 20KG (BAIL+),other_not_identifiable,no_dv_identifier,No DV-specific charge identifier; does not prove non-DV.,2,2,0.0,2.0,0.0
HS,11370.4(A)(5),HEROIN OR COCAINE OVER 40KG (BAIL+),other_not_identifiable,no_dv_identifier,No DV-specific charge identifier; does not prove non-DV.,2,2,0.0,2.0,0.0
HS,11370.4(A)6,HEROIN OR COCAINE OVER 80KG (BAIL+),other_not_identifiable,no_dv_identifier,No DV-specific charge identifier; does not prove non-DV.,2,2,0.0,2.0,0.0
HS,11370.4(B)1,AMPH/METH/PCP OVER 1KG OR 30L (BAIL+),other_not_identifiable,no_dv_identifier,No DV-specific charge identifier; does not prove non-DV.,2,2,0.0,1.0,1.0
HS,11370.9(C),TRANSFER/CONCEAL GAINS FROM CONT SUBS (F),other_not_identifiable,no_dv_identifier,No DV-specific charge identifier; does not prove non-DV.,2,2,2.0,0.0,0.0
HS,11375(B)(2),POSS CNTL SUB W/O PRESCRIPTION,other_not_identifiable,no_dv_identifier,No DV-specific charge identifier; does not prove non-DV.,2,2,0.0,2.0,0.0
HS,11375.5(B),USE/POSESS SYNTHETIC STIMULANT COMPOUND OR DERIVATIVE (I),other_not_identifiable,no_dv_identifier,No DV-specific charge identifier; does not prove non-DV.,2,2,2.0,0.0,0.0
HS,11395(B)(1),TREATMENT-MANDATED HARD DRUGS W/2 OR MORE PRIOR CONVICTIONS (M),other_not_identifiable,no_dv_identifier,No DV-specific charge identifier; does not prove non-DV.,2,2,0.0,0.0,2.0
HS,120290,WILLFUL EXPOSURE CONTAGIOUS/INFECTIOUS/COMMUNICABLE DISEASE (M),other_not_identifiable,no_dv_identifier,No DV-specific charge identifier; does not prove non-DV.,2,2,2.0,0.0,0.0
HS,12678,UNLAWFUL DISCHARGE FIREWORK NO:PERMIT (M),other_not_identifiable,no_dv_identifier,No DV-specific charge identifier; does not prove non-DV.,2,2,0.0,1.0,1.0
HS,12680,DISCHARGE/ETC FIREWORKS:LIKELY TO INJ (M),other_not_identifiable,no_dv_identifier,No DV-specific charge identifier; does not prove non-DV.,2,1,0.0,2.0,0.0
MC,09.48.020,CONSUMPTION OF ALCOHOL IN PUBLIC PLACES PROHIBITED (M),other_not_identifiable,no_dv_identifier,No DV-specific charge identifier; does not prove non-DV.,2,2,2.0,0.0,0.0
MC,10.68.100(B),"Unlawful to ride bike on any sidewalk in City, L.E. is exempt. (I)",other_not_identifiable,no_dv_identifier,No DV-specific charge identifier; does not prove non-DV.,2,2,2.0,0.0,0.0
MC,11.05.020,NO PERSON SHALL URINATE/DEFECATE IN ANY PLACE OPEN TO THE PUBLIC/IN PUBLIC VIEW,other_not_identifiable,no_dv_identifier,No DV-specific charge identifier; does not prove non-DV.,2,2,1.0,0.0,1.0
MC,13.24.140,ILLICIT SAVAGING OF RECYCLABLE MATERIALS PROHIBITED (I),other_not_identifiable,no_dv_identifier,No DV-specific charge identifier; does not prove non-DV.,2,2,2.0,0.0,0.0
MC,6.56.010 (B),SOLICITING WITHOUT AN OPERATIONS PERMIT (I),other_not_identifiable,no_dv_identifier,No DV-specific charge identifier; does not prove non-DV.,2,2,0.0,0.0,2.0
MC,9.04.020(A),"NO CAMPING ON PUBLIC PROPERTY, DURING DARKNESS, INCLUDES PARKS & BEACHES",other_not_identifiable,no_dv_identifier,No DV-specific charge identifier; does not prove non-DV.,2,2,0.0,0.0,2.0
MC,9.28.020,"CAMP, LODGE, SLEEP, TARRY OVERNIGHT ON PRIVATE PROPERTY W/O CONSENT (M)",other_not_identifiable,no_dv_identifier,No DV-specific charge identifier; does not prove non-DV.,2,2,2.0,0.0,0.0
MC,9.28.040A,SHALL NOT POSSESS ALCHOLIC BEVERAGE IN VIOLATION OF CODE (I),other_not_identifiable,no_dv_identifier,No DV-specific charge identifier; does not prove non-DV.,2,2,1.0,0.0,1.0
MC,9.32.030,NOISE VIOLATION BY MUSIC OR AMPLIFIED DEVICE (M),other_not_identifiable,no_dv_identifier,No DV-specific charge identifier; does not prove non-DV.,2,2,1.0,1.0,0.0
MC,9.40.010,URINATING OR DEFECATING IN PUBLIC (M),other_not_identifiable,no_dv_identifier,No DV-specific charge identifier; does not prove non-DV.,2,2,2.0,0.0,0.0
MC,9.48.020,CONSUMPTION OF ALCOHOL IN PUBLIC PLACES (M),other_not_identifiable,no_dv_identifier,No DV-specific charge identifier; does not prove non-DV.,2,2,2.0,0.0,0.0
MC,9.60.070,STORAGE OF PERSONAL PROPERTY PROHIBITED,other_not_identifiable,no_dv_identifier,No DV-specific charge identifier; does not prove non-DV.,2,2,2.0,0.0,0.0
PC,114,USE FALSE CITIZENSHIP/ETC DOCUMENTS (F),other_not_identifiable,no_dv_identifier,No DV-specific charge identifier; does not prove non-DV.,2,2,1.0,0.0,1.0
PC,118A,FALSE AFFIDAVIT AS PERJURY (F),other_not_identifiable,no_dv_identifier,No DV-specific charge identifier; does not prove non-DV.,2,2,1.0,0.0,1.0
PC,12022(A),"COMMIT FEL, ARMED WITH FIREARM (BAIL+)",other_not_identifiable,no_dv_identifier,No DV-specific charge identifier; does not prove non-DV.,2,2,0.0,1.0,1.0
PC,12355(A),ASSEMBLE/PLACE BOOBYTRAP (F),other_not_identifiable,no_dv_identifier,No DV-specific charge identifier; does not prove non-DV.,2,2,2.0,0.0,0.0
PC,135,DESTROY/CONCEAL EVIDENCE,other_not_identifiable,no_dv_identifier,No DV-specific charge identifier; does not prove non-DV.,2,2,0.0,2.0,0.0
PC,148.4(A)(2),SEND FALSE FIRE ALARM BY ANY METHOD (M),other_not_identifiable,no_dv_identifier,No DV-specific charge identifier; does not prove non-DV.,2,2,1.0,1.0,0.0
PC,148.9(A),FALSE REPRESENTATION OF SELF TO PEACE OFFICER,other_not_identifiable,no_dv_identifier,No DV-specific charge identifier; does not prove non-DV.,2,2,2.0,0.0,0.0
PC,182(A)(5),CONSPIRE TO OBSTRUCT JUSTICE,other_not_identifiable,no_dv_identifier,No DV-specific charge identifier; does not prove non-DV.,2,2,2.0,0.0,0.0
PC,186.22(B)(1),FELONY FOR/WITH/BENEFIT CRIMINAL STREET GANG,other_not_identifiable,no_dv_identifier,No DV-specific charge identifier; does not prove non-DV.,2,2,2.0,0.0,0.0
PC,186.22(B)(1),PROMOTE/ASSIST FELONY CRIMINAL STREET GANG,other_not_identifiable,no_dv_identifier,No DV-specific charge identifier; does not prove non-DV.,2,2,0.0,2.0,0.0
PC,217.1,ASSAULT PUBLIC OFFICIAL (F),other_not_identifiable,no_dv_identifier,No DV-specific charge identifier; does not prove non-DV.,2,2,1.0,0.0,1.0
PC,22610(A),FELON POSSESS/BUY/USE STUN GUN,other_not_identifiable,no_dv_identifier,No DV-specific charge identifier; does not prove non-DV.,2,2,0.0,2.0,0.0
PC,22900,SELL TEAR GAS/TEAR GAS WEAPON (M),other_not_identifiable,no_dv_identifier,No DV-specific charge identifier; does not prove non-DV.,2,2,2.0,0.0,0.0
PC,22910(A),REMOVE/ALTER/ETC SERIAL NUMBER/ID MARK ON TEAR GAS WEAPON (M),other_not_identifiable,no_dv_identifier,No DV-specific charge identifier; does not prove non-DV.,2,2,2.0,0.0,0.0
PC,248,IMPAIR AIRCRAFT WITH LIGHT/BRIGHT DEV (M),other_not_identifiable,no_dv_identifier,No DV-specific charge identifier; does not prove non-DV.,2,2,1.0,1.0,0.0
PC,25100(A),CRIMINAL STORAGE OF FIREARM:FIRST DEGREE (F),other_not_identifiable,no_dv_identifier,No DV-specific charge identifier; does not prove non-DV.,2,2,2.0,0.0,0.0
PC,25135,FIREARM IN RESIDENCE WHERE PROHIBITED PERSON RESIDES (M),other_not_identifiable,no_dv_identifier,No DV-specific charge identifier; does not prove non-DV.,2,2,2.0,0.0,0.0
PC,25300(A),MASKED CRIMINAL POSSESS FIREARM IN PUBLIC (F),other_not_identifiable,no_dv_identifier,No DV-specific charge identifier; does not prove non-DV.,2,2,2.0,0.0,0.0
PC,266I(B),PANDERING:OTHER PERSON UNDER 16 (F),other_not_identifiable,no_dv_identifier,No DV-specific charge identifier; does not prove non-DV.,2,2,2.0,0.0,0.0
PC,27585(A),IMPORT/TRANS/BRING FIREARM FROM ANOTHER STATE (M),other_not_identifiable,no_dv_identifier,No DV-specific charge identifier; does not prove non-DV.,2,2,1.0,0.0,1.0
PC,290(B),FAIL TO REGISTER/CHANGE OF ADDRESS:SEX OFFENDER (M),other_not_identifiable,no_dv_identifier,No DV-specific charge identifier; does not prove non-DV.,2,2,2.0,0.0,0.0
PC,290(B),FAIL TO REGISTER/ETC:FELONY SEX OFFENDER WITH PRIOR,other_not_identifiable,no_dv_identifier,No DV-specific charge identifier; does not prove non-DV.,2,2,0.0,2.0,0.0
PC,290.011(C),TRANSIENT FAIL ANNUAL UPDATE (F),other_not_identifiable,no_dv_identifier,No DV-specific charge identifier; does not prove non-DV.,2,2,2.0,0.0,0.0
PC,29180(C),OWN F/ARM W/O SERIAL NUM,other_not_identifiable,no_dv_identifier,No DV-specific charge identifier; does not prove non-DV.,2,2,0.0,2.0,0.0
PC,29800(A)(1),FELON/ADDICT/ETC POSSESS FIREARM (F),other_not_identifiable,no_dv_identifier,No DV-specific charge identifier; does not prove non-DV.,2,2,2.0,0.0,0.0
PC,30305(B)(1),PROHIBIT STREET GANG MEMBER OWN/POSSESS/ETC AMMUNITION,other_not_identifiable,no_dv_identifier,No DV-specific charge identifier; does not prove non-DV.,2,2,0.0,2.0,0.0
PC,32310(A),MANUFACTURE/SALE/POSSESS/ETC LARGE CAPACITY MAGAZINE,other_not_identifiable,no_dv_identifier,No DV-specific charge identifier; does not prove non-DV.,2,2,0.0,2.0,0.0
PC,32625(B),SELL/CONVERT TO/ETC MACHINEGUN (F),other_not_identifiable,no_dv_identifier,No DV-specific charge identifier; does not prove non-DV.,2,2,1.0,0.0,1.0
PC,330A,POSS/CONTROL SLOT MACHINE (M),other_not_identifiable,no_dv_identifier,No DV-specific charge identifier; does not prove non-DV.,2,2,2.0,0.0,0.0
PC,374.3(H)(1),DUMP WASTE IN COMMERCIAL QUANTITIES (M),other_not_identifiable,no_dv_identifier,No DV-specific charge identifier; does not prove non-DV.,2,1,0.0,0.0,2.0
PC,404.6(C),RIOT IN JAIL/PRISON/ ETC RESULTS IN SERIOUS BODILY INJURY (M),other_not_identifiable,no_dv_identifier,No DV-specific charge identifier; does not prove non-DV.,2,2,2.0,0.0,0.0
PC,407,UNLAWFUL ASSEMBLY (M),other_not_identifiable,no_dv_identifier,No DV-specific charge identifier; does not prove non-DV.,2,2,2.0,0.0,0.0
PC,417(A)(1),EXHIBIT DEADLY WEAPON OTHER THAN FIREARM,other_not_identifiable,no_dv_identifier,No DV-specific charge identifier; does not prove non-DV.,2,2,0.0,2.0,0.0
PC,417.3,EXHIBIT/DRAW FIREARM IN PRES OF Mot Veh OCCUP (F),other_not_identifiable,no_dv_identifier,No DV-specific charge identifier; does not prove non-DV.,2,2,2.0,0.0,0.0
PC,417.4,BRANDISHING FIREARM REPLICA,other_not_identifiable,no_dv_identifier,No DV-specific charge identifier; does not prove non-DV.,2,2,0.0,2.0,0.0
PC,4502(A),PRISONER POSS WEAPON,other_not_identifiable,no_dv_identifier,No DV-specific charge identifier; does not prove non-DV.,2,2,0.0,2.0,0.0
PC,454(A),ARSON DURING STATE OF EMERGENCY (F),other_not_identifiable,no_dv_identifier,No DV-specific charge identifier; does not prove non-DV.,2,2,2.0,0.0,0.0
PC,4573.5,BRING DRGS/ALC TO JAIL/PRSN,other_not_identifiable,no_dv_identifier,No DV-specific charge identifier; does not prove non-DV.,2,2,0.0,2.0,0.0
PC,463(A),BURGLARY/ETC DURING STATE OF EMERGENCY/ETC,other_not_identifiable,no_dv_identifier,No DV-specific charge identifier; does not prove non-DV.,2,2,2.0,0.0,0.0
PC,466.5(B),POSS/USE VEH MASTER KEY (M),other_not_identifiable,no_dv_identifier,No DV-specific charge identifier; does not prove non-DV.,2,2,2.0,0.0,0.0
PC,470(D),FORGERY:FALSE CHECKS/RECORDS/CERTIFICATES/ETC.,other_not_identifiable,no_dv_identifier,No DV-specific charge identifier; does not prove non-DV.,2,2,2.0,0.0,0.0
PC,475(B),P0SSESS BLANK CHECK:DEFRAUD,other_not_identifiable,no_dv_identifier,No DV-specific charge identifier; does not prove non-DV.,2,2,0.0,2.0,0.0
PC,485,APPROPRIATE LOST PROPERTY ($950 OR LESS),other_not_identifiable,no_dv_identifier,No DV-specific charge identifier; does not prove non-DV.,2,2,0.0,2.0,0.0
PC,487(A),GRAND THEFT:MONEY/LABOR/PROPERTY OVER $950,other_not_identifiable,no_dv_identifier,No DV-specific charge identifier; does not prove non-DV.,2,2,2.0,0.0,0.0
PC,487(B)(3),GRAND THEFT BY EMPLOYEE/SERVANT/ETC ($950 OR MORE),other_not_identifiable,no_dv_identifier,No DV-specific charge identifier; does not prove non-DV.,2,2,2.0,0.0,0.0
PC,487(D)(1),GRAND THEFT:AUTO (F),other_not_identifiable,no_dv_identifier,No DV-specific charge identifier; does not prove non-DV.,2,2,1.0,1.0,0.0
PC,496(A),RECEIVE/ETC KNOWN STOLEN PROPERTY [$950 OR LESS],other_not_identifiable,no_dv_identifier,No DV-specific charge identifier; does not prove non-DV.,2,2,0.0,2.0,0.0
PC,496(B),DEALER/ETC NOT DETERMINE OWNERSHIP:STOLEN PROPERTY [$950 OR LESS] (M),other_not_identifiable,no_dv_identifier,No DV-specific charge identifier; does not prove non-DV.,2,2,2.0,0.0,0.0
PC,529A,PROVIDE TO ANOTHER W/INT TO DECV FAKE BIRTH/BAPT CERT (F),other_not_identifiable,no_dv_identifier,No DV-specific charge identifier; does not prove non-DV.,2,2,0.0,0.0,2.0
PC,530.5(D)(2),KNOWINGLY USE PERSONAL IDENTIFYING INFO TO COMMIT VIOLATION (M),other_not_identifiable,no_dv_identifier,No DV-specific charge identifier; does not prove non-DV.,2,2,1.0,0.0,1.0
PC,537E(A)(1),BUY/ETC PERSONAL PROPERTY W/ID REMOVED [$950 OR LESS] (M),other_not_identifiable,no_dv_identifier,No DV-specific charge identifier; does not prove non-DV.,2,2,2.0,0.0,0.0
PC,548(A),INJ/DESTROY INSURED PROP (F),other_not_identifiable,no_dv_identifier,No DV-specific charge identifier; does not prove non-DV.,2,2,2.0,0.0,0.0
PC,550(A)(1),PRESENT FALSE INSURANCE CLAIM FOR PAYMENT (F),other_not_identifiable,no_dv_identifier,No DV-specific charge identifier; does not prove non-DV.,2,2,1.0,1.0,0.0
PC,587B,TRESPASS ON RAILROAD TRAIN (M),other_not_identifiable,no_dv_identifier,No DV-specific charge identifier; does not prove non-DV.,2,2,1.0,1.0,0.0
PC,587C,EVADE RAILROAD FARE (M),other_not_identifiable,no_dv_identifier,No DV-specific charge identifier; does not prove non-DV.,2,2,0.0,1.0,1.0
PC,593,INTERFERE WITH POWER LINE (F),other_not_identifiable,no_dv_identifier,No DV-specific charge identifier; does not prove non-DV.,2,2,1.0,1.0,0.0
PC,594(B)(2)(A),VANDALISM (LESS THAN $400),other_not_identifiable,no_dv_identifier,No DV-specific charge identifier; does not prove non-DV.,2,2,2.0,0.0,0.0
PC,597(A),INTENTIONAL CRUELTY TO ANIMAL/S,other_not_identifiable,no_dv_identifier,No DV-specific charge identifier; does not prove non-DV.,2,2,0.0,2.0,0.0
PC,597I,MFR/SELL/POSS FIGHTING BIRD EQUIP (M),other_not_identifiable,no_dv_identifier,No DV-specific charge identifier; does not prove non-DV.,2,2,2.0,0.0,0.0
PC,597S,ABANDON ANIMAL (M),other_not_identifiable,no_dv_identifier,No DV-specific charge identifier; does not prove non-DV.,2,2,2.0,0.0,0.0
PC,602,TRESPASSING,other_not_identifiable,no_dv_identifier,No DV-specific charge identifier; does not prove non-DV.,2,2,0.0,2.0,0.0
PC,602(F),TRESPASS:DAMAGE SIGN (M),other_not_identifiable,no_dv_identifier,No DV-specific charge identifier; does not prove non-DV.,2,2,2.0,0.0,0.0
PC,602(O)(1),TRESPASS:REFUSE TO LEAVE PROPERTY:PEACE OFFICER REQUEST,other_not_identifiable,no_dv_identifier,No DV-specific charge identifier; does not prove non-DV.,2,2,0.0,2.0,0.0
PC,626.10(B),POSS WEAPON ON COL/UNIV CAMPUS:NOT FIREARM (F),other_not_identifiable,no_dv_identifier,No DV-specific charge identifier; does not prove non-DV.,2,2,1.0,0.0,1.0
PC,626.81(A),SEX OFFENDER:UNLAWFUL ENTER SCHOOL (M),other_not_identifiable,no_dv_identifier,No DV-specific charge identifier; does not prove non-DV.,2,2,1.0,0.0,1.0
PC,632(A),EAVESDROPPING (F),other_not_identifiable,no_dv_identifier,No DV-specific charge identifier; does not prove non-DV.,2,2,2.0,0.0,0.0
PC,640(B)(3),SMOKING IN PROHIBITED AREA PUBLIC TRANSIT SYSTEM (I),other_not_identifiable,no_dv_identifier,No DV-specific charge identifier; does not prove non-DV.,2,2,2.0,0.0,0.0
PC,640(D)(3),URINATE OR DEFECATE IN OTHER THAN APPROVED LAVATORIES (M),other_not_identifiable,no_dv_identifier,No DV-specific charge identifier; does not prove non-DV.,2,2,2.0,0.0,0.0
PC,647 (B)(2),DISORDERLY CONDUCT: PROSTITUTION - COMPENSATION FOR SEX,other_not_identifiable,no_dv_identifier,No DV-specific charge identifier; does not prove non-DV.,2,2,0.0,2.0,0.0
PC,647(B)(2),DISORDERLY CONDUCT: PROSTITUTION - COMPENSATION FOR SEX,other_not_identifiable,no_dv_identifier,No DV-specific charge identifier; does not prove non-DV.,2,2,0.0,2.0,0.0
PC,647(E),DISORDERLY CONDUCT:LODGE WITHOUT CONSENT,other_not_identifiable,no_dv_identifier,No DV-specific charge identifier; does not prove non-DV.,2,2,0.0,2.0,0.0
PC,647(F)DK,DISORDERLY CONDUCT:  ALCOHOL,other_not_identifiable,no_dv_identifier,No DV-specific charge identifier; does not prove non-DV.,2,2,2.0,0.0,0.0
PC,647.6(A)(1),ANNOY/MOLEST VICTIM BELIEVED TO BE UNDER 18 YEARS OF AGE (M),other_not_identifiable,no_dv_identifier,No DV-specific charge identifier; does not prove non-DV.,2,2,2.0,0.0,0.0
PC,647C,OBSTRUCT PERSS MOVEMENT:PUBLIC PLACE (M),other_not_identifiable,no_dv_identifier,No DV-specific charge identifier; does not prove non-DV.,2,2,2.0,0.0,0.0
PC,664/187(A),ATTEMPTED MURDER,other_not_identifiable,no_dv_identifier,No DV-specific charge identifier; does not prove non-DV.,2,2,1.0,1.0,0.0
PC,667.61,SEX CRIME W/SPECIFIC CIRCS (BAIL+),other_not_identifiable,no_dv_identifier,No DV-specific charge identifier; does not prove non-DV.,2,2,0.0,1.0,1.0
PC,67,BRIBE EXECUTIVE OFCR (F),other_not_identifiable,no_dv_identifier,No DV-specific charge identifier; does not prove non-DV.,2,2,2.0,0.0,0.0
PC,69,OBSTRUCT/RESIST EXECUTIVE OFFICER,other_not_identifiable,no_dv_identifier,No DV-specific charge identifier; does not prove non-DV.,2,2,2.0,0.0,0.0
PC,76(A),THREATEN/ETC ELECTED OFFICIAL/JUDGE/ETC W/ PRIOR (F),other_not_identifiable,no_dv_identifier,No DV-specific charge identifier; does not prove non-DV.,2,2,2.0,0.0,0.0
VC,10851(A),OTHER AGENCY VEHICLE THEFT/RECOVERY,other_not_identifiable,no_dv_identifier,No DV-specific charge identifier; does not prove non-DV.,2,2,0.0,2.0,0.0
VC,12815,DRVR'S LIC LOST/ETC:DESTROY ORIGINAL (I),other_not_identifiable,no_dv_identifier,No DV-specific charge identifier; does not prove non-DV.,2,2,1.0,0.0,1.0
VC,14600B,FAIL TO PRESENT PROOF OF ADDRESS CHANGE (I),other_not_identifiable,no_dv_identifier,No DV-specific charge identifier; does not prove non-DV.,2,2,2.0,0.0,0.0
VC,14601(A),DRVG WHILE LIC SUSP OR REVOKED,other_not_identifiable,no_dv_identifier,No DV-specific charge identifier; does not prove non-DV.,2,2,0.0,2.0,0.0
VC,21200.5,RIDING BICYCLE UNDER INFLUENCE OF ALCOHOL AND/OR DRUGS(IBR 35A),other_not_identifiable,no_dv_identifier,No DV-specific charge identifier; does not prove non-DV.,2,2,2.0,0.0,0.0
VC,21209,UNLAWFUL DRVG Mot Veh IN BICYCLE LANE (I),other_not_identifiable,no_dv_identifier,No DV-specific charge identifier; does not prove non-DV.,2,2,2.0,0.0,0.0
VC,21228,FAIL TO RIDE MOTOR SCOOTER:RIGHT EDGE OF ROADWAY (I),other_not_identifiable,no_dv_identifier,No DV-specific charge identifier; does not prove non-DV.,2,2,2.0,0.0,0.0
VC,21453B,SIGNAL LIGHTS:RIGHT TURN ON RED (I),other_not_identifiable,no_dv_identifier,No DV-specific charge identifier; does not prove non-DV.,2,2,2.0,0.0,0.0
VC,21650.1,LANE USAGE:OPERATING BICYCLE ON WRONG SIDE OF ROAD (I),other_not_identifiable,no_dv_identifier,No DV-specific charge identifier; does not prove non-DV.,2,2,2.0,0.0,0.0
VC,21651A,LANE USAGE:DIV HWY:DRIVE ON DIV SECTION OR U-TURN (I),other_not_identifiable,no_dv_identifier,No DV-specific charge identifier; does not prove non-DV.,2,2,2.0,0.0,0.0
VC,21804,RIGHT-OF-WAY:ENTERING HWY (I),other_not_identifiable,no_dv_identifier,No DV-specific charge identifier; does not prove non-DV.,2,2,2.0,0.0,0.0
VC,22101D,TURNS:FAIL TO OBEY TURN SIGNS (I),other_not_identifiable,no_dv_identifier,No DV-specific charge identifier; does not prove non-DV.,2,2,2.0,0.0,0.0
VC,23109(B),AIDE/ABET SPEED CONTEST (M),other_not_identifiable,no_dv_identifier,No DV-specific charge identifier; does not prove non-DV.,2,2,2.0,0.0,0.0
VC,23109(D),BLOCK ROAD FOR SPEED CONTEST (M),other_not_identifiable,no_dv_identifier,No DV-specific charge identifier; does not prove non-DV.,2,2,2.0,0.0,0.0
VC,23152(F),DUI DRUGS,other_not_identifiable,no_dv_identifier,No DV-specific charge identifier; does not prove non-DV.,2,2,2.0,0.0,0.0
VC,23152B,DUI ALCOHOL 0.08 PERCENT,other_not_identifiable,no_dv_identifier,No DV-specific charge identifier; does not prove non-DV.,2,2,2.0,0.0,0.0
VC,23153(F),DUI DRUG:CAUSING BODILY INJURY,other_not_identifiable,no_dv_identifier,No DV-specific charge identifier; does not prove non-DV.,2,2,0.0,2.0,0.0
VC,23225,OWNER/DRVR:STORE OPEN ALC IN VEH (I),other_not_identifiable,no_dv_identifier,No DV-specific charge identifier; does not prove non-DV.,2,2,2.0,0.0,0.0
VC,23226,OWNER/DRVR:STORE OPEN ALC IN VEH (I),other_not_identifiable,no_dv_identifier,No DV-specific charge identifier; does not prove non-DV.,2,2,1.0,1.0,0.0
VC,23247(A),RENT/ VEH TO PERS W/IGNITION INTERLOCK DEV RESTRICTION (M),other_not_identifiable,no_dv_identifier,No DV-specific charge identifier; does not prove non-DV.,2,2,1.0,1.0,0.0
VC,23550(A),DUI W/PRIOR SPECIFIC CONVICTIONS,other_not_identifiable,no_dv_identifier,No DV-specific charge identifier; does not prove non-DV.,2,2,0.0,2.0,0.0
VC,24409A,FAIL DIM BEAMS:ONCOMING (I),other_not_identifiable,no_dv_identifier,No DV-specific charge identifier; does not prove non-DV.,2,2,2.0,0.0,0.0
VC,24600C,REAR VEHICLE MUST HAVE TWO TAILLAMPS (I),other_not_identifiable,no_dv_identifier,No DV-specific charge identifier; does not prove non-DV.,2,2,2.0,0.0,0.0
VC,24600E,TAILLAMPS MUST BE RED AND VISIBLE 500 FEET (I),other_not_identifiable,no_dv_identifier,No DV-specific charge identifier; does not prove non-DV.,2,2,2.0,0.0,0.0
VC,27315D,MANDATORY SEAT BELTS - PRIVATE VEHICLE PASSENGER AND DRIVER (I),other_not_identifiable,no_dv_identifier,No DV-specific charge identifier; does not prove non-DV.,2,2,2.0,0.0,0.0
VC,27315D,SEATBELT VIOLATION:VEHICLE (I),other_not_identifiable,no_dv_identifier,No DV-specific charge identifier; does not prove non-DV.,2,2,2.0,0.0,0.0
VC,2800.2(A),DISREGARD SAFETY:EVADE POLICE,other_not_identifiable,no_dv_identifier,No DV-specific charge identifier; does not prove non-DV.,2,2,0.0,2.0,0.0
VC,28071,VEH BUMPER VIOL (I),other_not_identifiable,no_dv_identifier,No DV-specific charge identifier; does not prove non-DV.,2,2,2.0,0.0,0.0
VC,4000.4A,VEHICLE PRIMARILY USED IN CALIFORNIA MUST REGISTERED (I),other_not_identifiable,no_dv_identifier,No DV-specific charge identifier; does not prove non-DV.,2,2,2.0,0.0,0.0
VC,4462B,DISPLAY ON VEH/GIVE TO PEACE OFCR FALSE REGISTRATION,other_not_identifiable,no_dv_identifier,No DV-specific charge identifier; does not prove non-DV.,2,2,0.0,2.0,0.0
VC,4463(A)(1),FORGE/ALTER VEH REGISTRATION,other_not_identifiable,no_dv_identifier,No DV-specific charge identifier; does not prove non-DV.,2,2,0.0,2.0,0.0
VC,4463(A)(1),FORGE/ALTER VEHICLE REGISTRATION/ETC,other_not_identifiable,no_dv_identifier,No DV-specific charge identifier; does not prove non-DV.,2,2,0.0,2.0,0.0
VC,5201.1 (B),OPERATE VEHICLE WITH OBSCURED LICENSE PLATE (I),other_not_identifiable,no_dv_identifier,No DV-specific charge identifier; does not prove non-DV.,2,2,1.0,1.0,0.0
VSMC,9.04.040,LITTERING/DISTRIBUTING FLYERS IN CITY,other_not_identifiable,no_dv_identifier,No DV-specific charge identifier; does not prove non-DV.,2,2,0.0,2.0,0.0
VSMC,9.20.020B,"NO ONE SHALL CAMP, LODGE, SLEEP OVERNIGHT IN PUBLIC PARK, STREET OR HIGHWAY",other_not_identifiable,no_dv_identifier,No DV-specific charge identifier; does not prove non-DV.,2,2,0.0,2.0,0.0
BP,22435.2B,POSS SHOPPING/LAUNDRY CART,other_not_identifiable,no_dv_identifier,No DV-specific charge identifier; does not prove non-DV.,1,1,0.0,1.0,0.0
BP,22980.2(A),SELL TOBACCO PRODUCTS WITHOUT A LICENSE (M),other_not_identifiable,no_dv_identifier,No DV-specific charge identifier; does not prove non-DV.,1,1,1.0,0.0,0.0
BP,25608,POSS LIQUOR ON SCHOOL PROP (M),other_not_identifiable,no_dv_identifier,No DV-specific charge identifier; does not prove non-DV.,1,1,0.0,0.0,1.0
BP,25658(A),SELL LIQUOR TO MINOR,other_not_identifiable,no_dv_identifier,No DV-specific charge identifier; does not prove non-DV.,1,1,0.0,1.0,0.0
BP,25662(A),MINOR POSS ALC,other_not_identifiable,no_dv_identifier,No DV-specific charge identifier; does not prove non-DV.,1,1,0.0,1.0,0.0
BP,25665,"MINOR ENTER/REMAIN IN ""ON SALE"" LIQUOR PREMISES (M)",other_not_identifiable,no_dv_identifier,No DV-specific charge identifier; does not prove non-DV.,1,1,1.0,0.0,0.0
BP,4060,POSSESS CONTROLLED SUBSTANCES WITHOUT A PRESCRIPTION,other_not_identifiable,no_dv_identifier,No DV-specific charge identifier; does not prove non-DV.,1,1,0.0,1.0,0.0
BP,4324(A),FORGE/ETC PRESCRIPTIONS (F),other_not_identifiable,no_dv_identifier,No DV-specific charge identifier; does not prove non-DV.,1,1,1.0,0.0,0.0
BP,7028(A)(1),CONTRACTING W/O LICENSE (M),other_not_identifiable,no_dv_identifier,No DV-specific charge identifier; does not prove non-DV.,1,1,0.0,0.0,1.0
CO,21.101,COUNTY ACTIVITY LICENSE VIOLATION (M),other_not_identifiable,no_dv_identifier,No DV-specific charge identifier; does not prove non-DV.,1,1,1.0,0.0,0.0
CO,35.103(A),"CURFEW - MINOR IN PUBLIC, UNINC AREA/RESTRICTED PER 35.102 (M)",other_not_identifiable,no_dv_identifier,No DV-specific charge identifier; does not prove non-DV.,1,1,1.0,0.0,0.0
CO,36.215,ALCOHOLIC BEVERAGE REGULATIONS IN THE KENWOOD/BANCROFT AREA (I),other_not_identifiable,no_dv_identifier,No DV-specific charge identifier; does not prove non-DV.,1,1,1.0,0.0,0.0
CO,41.116(A),LITTERING (SOLID) (I),other_not_identifiable,no_dv_identifier,No DV-specific charge identifier; does not prove non-DV.,1,1,1.0,0.0,0.0
CO,41.117(A),ILLEGAL WEAPONS & FIREWORKS (M),other_not_identifiable,no_dv_identifier,No DV-specific charge identifier; does not prove non-DV.,1,1,1.0,0.0,0.0
CO,62.669A,RESTRAINT OF DOGS,other_not_identifiable,no_dv_identifier,No DV-specific charge identifier; does not prove non-DV.,1,1,1.0,0.0,0.0
CO,62.67,URINATING/DEFECATING ON PUBLIC PROPERTY (M),other_not_identifiable,no_dv_identifier,No DV-specific charge identifier; does not prove non-DV.,1,1,1.0,0.0,0.0
EL,18540(A),INTIMIDATION OF VOTERS (F),other_not_identifiable,no_dv_identifier,No DV-specific charge identifier; does not prove non-DV.,1,1,1.0,0.0,0.0
ENMC,9.28.010,POSS. OPEN ALCOHOL CONTAINER IN PUBLIC,other_not_identifiable,no_dv_identifier,No DV-specific charge identifier; does not prove non-DV.,1,1,0.0,1.0,0.0
FG,1054.2,LICENSE/PERMIT NOT WITHIN IMMEDIATE POSSESSION/ETC (M),other_not_identifiable,no_dv_identifier,No DV-specific charge identifier; does not prove non-DV.,1,1,1.0,0.0,0.0
FG,5652,DUMP OR ABANDON REFUSE/ETC IN OR NEAR STATE WATERS,other_not_identifiable,no_dv_identifier,No DV-specific charge identifier; does not prove non-DV.,1,1,0.0,1.0,0.0
GC,6201,DESTROY/ALTER/ETC PUBLIC RECORD/ETC (F),other_not_identifiable,no_dv_identifier,No DV-specific charge identifier; does not prove non-DV.,1,1,0.0,0.0,1.0
HS,109575,POSSESS/MANUFACTURE/DISTRIBUTE IMITATION CONTROLLED SUBSTANCE (M),other_not_identifiable,no_dv_identifier,No DV-specific charge identifier; does not prove non-DV.,1,1,1.0,0.0,0.0
HS,11162.5(A),COUNTERFEIT/ETC PRESCRIPTION BLANKS (F),other_not_identifiable,no_dv_identifier,No DV-specific charge identifier; does not prove non-DV.,1,1,1.0,0.0,0.0
HS,11350(B),POSS METHAQUALONE/ETC (F),other_not_identifiable,no_dv_identifier,No DV-specific charge identifier; does not prove non-DV.,1,1,1.0,0.0,0.0
HS,11357(D),POSSESSION OF LESS THAN 28.5 GRAMS OF MARIJUANA DURING K-12 SCHOOL -UNDER 18 (I),other_not_identifiable,no_dv_identifier,No DV-specific charge identifier; does not prove non-DV.,1,1,1.0,0.0,0.0
HS,11357.5(A),POSSESS/FURNISH SYNTHETIC CANNABINOID (M),other_not_identifiable,no_dv_identifier,No DV-specific charge identifier; does not prove non-DV.,1,1,1.0,0.0,0.0
HS,11359(A),POSSESS MARIJUANA FOR SALE/UNDER 18 (I),other_not_identifiable,no_dv_identifier,No DV-specific charge identifier; does not prove non-DV.,1,1,1.0,0.0,0.0
HS,11359(B),POSSESS MARIJUANA FOR SALE,other_not_identifiable,no_dv_identifier,No DV-specific charge identifier; does not prove non-DV.,1,1,0.0,1.0,0.0
HS,11359(D),EMPLOY INDIVIDUAL UNDER 21 TO SELL MARIJUANA (F),other_not_identifiable,no_dv_identifier,No DV-specific charge identifier; does not prove non-DV.,1,1,1.0,0.0,0.0
HS,11360A3D,TRANSPORT MARIJUANA FOR SALE - IMPORT INTO CA OR EXPORT OUT OF STATE (F),other_not_identifiable,no_dv_identifier,No DV-specific charge identifier; does not prove non-DV.,1,1,0.0,0.0,1.0
HS,11362.4 (B),SMOKE MARIJUANA WHERE TOBACCO IS PROHIBITED (I),other_not_identifiable,no_dv_identifier,No DV-specific charge identifier; does not prove non-DV.,1,1,1.0,0.0,0.0
HS,11362.4(C),SMOKE/POSSES MARIJUANA BY SCHOOL - OVER 18 (M),other_not_identifiable,no_dv_identifier,No DV-specific charge identifier; does not prove non-DV.,1,1,1.0,0.0,0.0
HS,11370.2(A),NARC CRIME W/PRIOR CONVICTIONS (BAIL+),other_not_identifiable,no_dv_identifier,No DV-specific charge identifier; does not prove non-DV.,1,1,0.0,1.0,0.0
HS,11370.4(A)(1),HEROIN OR COCAINE OVER 1KG (BAIL+),other_not_identifiable,no_dv_identifier,No DV-specific charge identifier; does not prove non-DV.,1,1,0.0,1.0,0.0
HS,11370.4(A)(2),HEROIN OR COCAINE OVER 4KG (BAIL+),other_not_identifiable,no_dv_identifier,No DV-specific charge identifier; does not prove non-DV.,1,1,0.0,1.0,0.0
HS,11370.4(A)(3),HEROIN OR COCAINE OVER 10KG (BAIL+),other_not_identifiable,no_dv_identifier,No DV-specific charge identifier; does not prove non-DV.,1,1,0.0,1.0,0.0
HS,11370.4(B)(3),AMPH/METH/PCP OVER 10KG OR 200L (BAIL+),other_not_identifiable,no_dv_identifier,No DV-specific charge identifier; does not prove non-DV.,1,1,0.0,1.0,0.0
HS,11370.4(B)(4),AMPH/METH/PCP OVER 20KG OR 400L (BAIL+),other_not_identifiable,no_dv_identifier,No DV-specific charge identifier; does not prove non-DV.,1,1,0.0,1.0,0.0
HS,11370.9(B),CONCEAL/ETC PROFIT/ETC:CONTROLLED SUBS (F),other_not_identifiable,no_dv_identifier,No DV-specific charge identifier; does not prove non-DV.,1,1,1.0,0.0,0.0
HS,11377(B)(2),UNLAWFUL POSSESSION OF KETAMINE (M),other_not_identifiable,no_dv_identifier,No DV-specific charge identifier; does not prove non-DV.,1,1,1.0,0.0,0.0
HS,11379.6(A),MFR CONTROLLED SUBS,other_not_identifiable,no_dv_identifier,No DV-specific charge identifier; does not prove non-DV.,1,1,0.0,1.0,0.0
HS,11379.6(B),OFFERS TO MFR/ETC CONTROLLED SUBS (F),other_not_identifiable,no_dv_identifier,No DV-specific charge identifier; does not prove non-DV.,1,1,1.0,0.0,0.0
HS,11383(A),POSS SUBS W/INTENT TO MFG METHAMPHETAMINE (F),other_not_identifiable,no_dv_identifier,No DV-specific charge identifier; does not prove non-DV.,1,1,1.0,0.0,0.0
HS,11383.5(B)1,POSSESS CHEMICALS WITH INTENT TO MANUFACTURE METHAMPHETAMINE (F),other_not_identifiable,no_dv_identifier,No DV-specific charge identifier; does not prove non-DV.,1,1,1.0,0.0,0.0
HS,11550(E),UNDER INFL OF SPEC CONT SUBS:POSS FIREARM,other_not_identifiable,no_dv_identifier,No DV-specific charge identifier; does not prove non-DV.,1,1,0.0,1.0,0.0
HS,120295,VIOLATE REGS REQUIRING ISOLATION OR QUARANTINE (M),other_not_identifiable,no_dv_identifier,No DV-specific charge identifier; does not prove non-DV.,1,1,1.0,0.0,0.0
HS,12305,POSS EXPLOSIVE ILLEGALLY,other_not_identifiable,no_dv_identifier,No DV-specific charge identifier; does not prove non-DV.,1,1,0.0,1.0,0.0
HS,12700(B)(3),"POSSESS DANGEROUS F/WORKS NOT LESS THAN 100/MORE 5,000 PDS (F)",other_not_identifiable,no_dv_identifier,No DV-specific charge identifier; does not prove non-DV.,1,1,1.0,0.0,0.0
LC,3700.5,FAILURE TO SECURE PAYMENT OF COMPENSATION (M),other_not_identifiable,no_dv_identifier,No DV-specific charge identifier; does not prove non-DV.,1,1,0.0,0.0,1.0
MC,09.28.020,"CAMP, LODGE, SLEEP, TARRY OVERNIGHT ON PRIVATE PROPERTY W/O OWNER CONSENT (I)",other_not_identifiable,no_dv_identifier,No DV-specific charge identifier; does not prove non-DV.,1,1,1.0,0.0,0.0
MC,09.28.030,SLEEP OR RECLINE IN PARKED VEHICLE LONGER THAN TWO HOURS PROHIBITED (I),other_not_identifiable,no_dv_identifier,No DV-specific charge identifier; does not prove non-DV.,1,1,1.0,0.0,0.0
MC,09.36.060,SOLICITING PERSONS IN MOVING VEHICLES PROHIBITED (M),other_not_identifiable,no_dv_identifier,No DV-specific charge identifier; does not prove non-DV.,1,1,1.0,0.0,0.0
MC,10.20.170,SLEEP OR RECLINE IN VEHICLE MORE THAN 2 HOURS ON STREET,other_not_identifiable,no_dv_identifier,No DV-specific charge identifier; does not prove non-DV.,1,1,1.0,0.0,0.0
MC,10.24.010,Loud annoying or unnecessary noise which disturbs neighborhood,other_not_identifiable,no_dv_identifier,No DV-specific charge identifier; does not prove non-DV.,1,1,1.0,0.0,0.0
MC,10.28.040B,PEDESTRIAN INTERFERING WITH VEHICLE OR PEDESTRIAN TRAFFIC (M),other_not_identifiable,no_dv_identifier,No DV-specific charge identifier; does not prove non-DV.,1,1,1.0,0.0,0.0
MC,10.44.010,RIDING BICYCLES ON SIDEWALKS PROHIBITED IN BUSINESS DISTRICT (I),other_not_identifiable,no_dv_identifier,No DV-specific charge identifier; does not prove non-DV.,1,1,1.0,0.0,0.0
MC,10.56.180,BICYCLE RIDING ON SIDEWALK PROHIBITED,other_not_identifiable,no_dv_identifier,No DV-specific charge identifier; does not prove non-DV.,1,1,1.0,0.0,0.0
MC,12.08.010Z,POSSESS ALCOHOL IN PUBLIC PARKS/RECREATION AREAS W/O PERMIT FROM CITY (I),other_not_identifiable,no_dv_identifier,No DV-specific charge identifier; does not prove non-DV.,1,1,1.0,0.0,0.0
MC,12.20.320,"UNLAWFUL TO CARRY, CONVEY, MAINTAIN, PROVIDE ANY ARM OR WEAPON (I)",other_not_identifiable,no_dv_identifier,No DV-specific charge identifier; does not prove non-DV.,1,1,1.0,0.0,0.0
MC,12.56.020(J),ILLEGAL FIRE: THROWING LIGHTED CIGARETTE/CIGAR/MATCH THAT COULD SET FIRE (M),other_not_identifiable,no_dv_identifier,No DV-specific charge identifier; does not prove non-DV.,1,1,1.0,0.0,0.0
MC,13.36.040(A),DUMP TRASH ON PUBLIC OR PRIVATE PROPERTY,other_not_identifiable,no_dv_identifier,No DV-specific charge identifier; does not prove non-DV.,1,1,1.0,0.0,0.0
MC,5.08.050A,CONSUME OPEN ALCOHOLIC BEV IN PUBLIC PLACE/VEH IN 500 FT OF OFF SALE PREMISE (I),other_not_identifiable,no_dv_identifier,No DV-specific charge identifier; does not prove non-DV.,1,1,1.0,0.0,0.0
MC,7.08.030,CONSUME ALCOHOL IN A OPEN PUBLIC PLACE,other_not_identifiable,no_dv_identifier,No DV-specific charge identifier; does not prove non-DV.,1,1,0.0,1.0,0.0
MC,8.04.020A,PURCHASE/DISCHARGE/POSSESS FIREWORKS (M),other_not_identifiable,no_dv_identifier,No DV-specific charge identifier; does not prove non-DV.,1,1,1.0,0.0,0.0
MC,8.04.030,NO SMOKING PUBLIC BUILDING/GROUNDS/PARK (I),other_not_identifiable,no_dv_identifier,No DV-specific charge identifier; does not prove non-DV.,1,1,1.0,0.0,0.0
MC,8.84.030,SMOKING IN PUBLIC PLACE (I),other_not_identifiable,no_dv_identifier,No DV-specific charge identifier; does not prove non-DV.,1,1,1.0,0.0,0.0
MC,9.12.020,NO DISCHARGE OF FIREARMS OR EXPLOSIVES IN CITY,other_not_identifiable,no_dv_identifier,No DV-specific charge identifier; does not prove non-DV.,1,1,1.0,0.0,0.0
MC,9.20.020C,NO PERSON SHALL CAMP ETC. ON PRIVATE PROPERTY W/O PERMISSION (I),other_not_identifiable,no_dv_identifier,No DV-specific charge identifier; does not prove non-DV.,1,1,0.0,1.0,0.0
MC,9.21.080(C),PERSONAL USE OF MARIJUANA IN PUBLIC (M),other_not_identifiable,no_dv_identifier,No DV-specific charge identifier; does not prove non-DV.,1,1,0.0,0.0,1.0
MC,9.26.010,AGGRESSIVE PANHANDLING PROHIBITED (I),other_not_identifiable,no_dv_identifier,No DV-specific charge identifier; does not prove non-DV.,1,1,1.0,0.0,0.0
MC,9.32.030,CITY SOCIAL HOST PROHIBITION-MINOR CONSUMES ALCOHOL/CONTROLLED SUB AT PARTY (M),other_not_identifiable,no_dv_identifier,No DV-specific charge identifier; does not prove non-DV.,1,1,1.0,0.0,0.0
MC,9.48.040,CITY PARKS - NO ONE ALLOWED BETWEEN SUNSET/SUNRISE OR WHEN CLOSED (I),other_not_identifiable,no_dv_identifier,No DV-specific charge identifier; does not prove non-DV.,1,1,1.0,0.0,0.0
MC,9.54.040B,CONSUMPTION OF ALCOHOL BY MINOR IN NON-PUBLIC PLACE PROHIBITED (M),other_not_identifiable,no_dv_identifier,No DV-specific charge identifier; does not prove non-DV.,1,1,0.0,1.0,0.0
MC,9.60.030(B),LOITER OR REMAIN AT BUS DEPOT OR TROLLEY STATION AFTER BEING ASKED TO LEAVE,other_not_identifiable,no_dv_identifier,No DV-specific charge identifier; does not prove non-DV.,1,1,1.0,0.0,0.0
MC,9.68.060,POSSESS OPEN CONTAINER ON PRIVATE PROP WHERE POSTED SIGNS PROHIBIT POSSESSION,other_not_identifiable,no_dv_identifier,No DV-specific charge identifier; does not prove non-DV.,1,1,1.0,0.0,0.0
MC,9.72.020A,MINOR CONSUME ALCOHOL OR CONTROLLED SUBSTANCE - PUBLIC (M),other_not_identifiable,no_dv_identifier,No DV-specific charge identifier; does not prove non-DV.,1,1,1.0,0.0,0.0
MT,13.4D,SPITTING ON OR IN TRANSIT VEHICLE (I),other_not_identifiable,no_dv_identifier,No DV-specific charge identifier; does not prove non-DV.,1,1,1.0,0.0,0.0
MT,13.5O,URINATE/DEFECATE UPON UNAUTHORIZED LOCATION (I),other_not_identifiable,no_dv_identifier,No DV-specific charge identifier; does not prove non-DV.,1,1,1.0,0.0,0.0
PC,11375.5(A),SELL/DIST/ADMIN/ETC SYNTHETIC STIMULANT COMPUNDS/DERIVATIVE (M),other_not_identifiable,no_dv_identifier,No DV-specific charge identifier; does not prove non-DV.,1,1,1.0,0.0,0.0
PC,11411(B),TERRORIZE:PLACE SYMBOL ON PRIV PROP (M),other_not_identifiable,no_dv_identifier,No DV-specific charge identifier; does not prove non-DV.,1,1,1.0,0.0,0.0
PC,115(A),OFFER FALSE/FORGED INSTRUMENT TO FILE,other_not_identifiable,no_dv_identifier,No DV-specific charge identifier; does not prove non-DV.,1,1,1.0,0.0,0.0
PC,12022(B),COMMIT FEL WITH DANGEROUS WEAPON (BAIL+),other_not_identifiable,no_dv_identifier,No DV-specific charge identifier; does not prove non-DV.,1,1,0.0,0.0,1.0
PC,12022(C),CERTAIN DRUG VIOL WITH FIREARM (BAIL+),other_not_identifiable,no_dv_identifier,No DV-specific charge identifier; does not prove non-DV.,1,1,0.0,1.0,0.0
PC,12022.5(A),USE FIREARM IN ANY FELONY (BAIL+),other_not_identifiable,no_dv_identifier,No DV-specific charge identifier; does not prove non-DV.,1,1,0.0,1.0,0.0
PC,12022.6(A)2,FEL LOSS EXCEEDS $200000 (BAIL+),other_not_identifiable,no_dv_identifier,No DV-specific charge identifier; does not prove non-DV.,1,1,0.0,1.0,0.0
PC,1203.3,PROBATION REVOKED/ETC.,other_not_identifiable,no_dv_identifier,No DV-specific charge identifier; does not prove non-DV.,1,1,0.0,0.0,1.0
PC,141(A),TAMPER WITH EVIDENCE,other_not_identifiable,no_dv_identifier,No DV-specific charge identifier; does not prove non-DV.,1,1,0.0,1.0,0.0
PC,148(A)(2),OBSTRUCT/DISRUPTS PUBLIC SAFETY RADIO FREQUENCY (M),other_not_identifiable,no_dv_identifier,No DV-specific charge identifier; does not prove non-DV.,1,1,1.0,0.0,0.0
PC,148(C),REMOVE/ETC PEACE OFFICER/ETC FIREARM:SPEC CIRC (F),other_not_identifiable,no_dv_identifier,No DV-specific charge identifier; does not prove non-DV.,1,1,1.0,0.0,0.0
PC,148.1(B),FALSE BOMB REPORT TO ON DUTY PEACE OFCR (F),other_not_identifiable,no_dv_identifier,No DV-specific charge identifier; does not prove non-DV.,1,1,1.0,0.0,0.0
PC,148.1(C),FALSE BOMB REPORT TO ANY PERS (All Other Offenses) (F),other_not_identifiable,no_dv_identifier,No DV-specific charge identifier; does not prove non-DV.,1,1,0.0,1.0,0.0
PC,148.1(C),FALSE BOMB/ETC REPORT TO ANY PERSON (M),other_not_identifiable,no_dv_identifier,No DV-specific charge identifier; does not prove non-DV.,1,1,1.0,0.0,0.0
PC,148.10(A),RESIST PEACE OFFICER RESULTING IN DEATH/SBI,other_not_identifiable,no_dv_identifier,No DV-specific charge identifier; does not prove non-DV.,1,1,0.0,1.0,0.0
PC,148.3(B),FALSE REPORT OF EMERGENCY RSLT IN GBI/DEATH (F),other_not_identifiable,no_dv_identifier,No DV-specific charge identifier; does not prove non-DV.,1,1,1.0,0.0,0.0
PC,149,ASSAULT BY PUBLIC OFCR (F),other_not_identifiable,no_dv_identifier,No DV-specific charge identifier; does not prove non-DV.,1,1,1.0,0.0,0.0
PC,1551.1,FUGITIVE FROM JUSTICE:ARREST W/OUT WARRANT,other_not_identifiable,no_dv_identifier,No DV-specific charge identifier; does not prove non-DV.,1,1,0.0,1.0,0.0
PC,171B(A)(4),POSS UNAUTH TEAR GAS IN PUBLIC BUILDING (F),other_not_identifiable,no_dv_identifier,No DV-specific charge identifier; does not prove non-DV.,1,1,1.0,0.0,0.0
PC,171B(A)(5),POSS TASER/STUN GUN IN PUBLIC BUILDING (F),other_not_identifiable,no_dv_identifier,No DV-specific charge identifier; does not prove non-DV.,1,1,1.0,0.0,0.0
PC,17500,POSSESS DEADLY WEAPON WITH INTENT TO COMMIT ASSAULT (M),other_not_identifiable,no_dv_identifier,No DV-specific charge identifier; does not prove non-DV.,1,1,1.0,0.0,0.0
PC,17512,PERMIT PERSON TO CARRY OR BRING FIREARM INTO VEHICLE (M),other_not_identifiable,no_dv_identifier,No DV-specific charge identifier; does not prove non-DV.,1,1,1.0,0.0,0.0
PC,185,WEAR MASK FOR UNLAWFUL PURPOSE (M),other_not_identifiable,no_dv_identifier,No DV-specific charge identifier; does not prove non-DV.,1,1,1.0,0.0,0.0
PC,186.22(A),PARTICIPATE IN CRIMINAL STREET GANG,other_not_identifiable,no_dv_identifier,No DV-specific charge identifier; does not prove non-DV.,1,1,0.0,1.0,0.0
PC,186.26(C),USE PHYSICAL VIOL COERCE:PREVENT LEAVING CRIM ST GANG (F),other_not_identifiable,no_dv_identifier,No DV-specific charge identifier; does not prove non-DV.,1,1,1.0,0.0,0.0
PC,191.5B,VEHICULAR MANSLAUGHTER W/INTOXICATED WITHOUT GROSS NEGLIGENCE (F),other_not_identifiable,no_dv_identifier,No DV-specific charge identifier; does not prove non-DV.,1,1,0.0,1.0,0.0
PC,20170(A),NO PERSON MAY OPENLY DISPLAY/EXPOSE ANY IMITATION FIREARM IN A PUBLIC SPACE (M),other_not_identifiable,no_dv_identifier,No DV-specific charge identifier; does not prove non-DV.,1,1,1.0,0.0,0.0
PC,20310,MANUFACTURE/SALE/POSSESS/ETC AIR GAUGE KNIFE (F),other_not_identifiable,no_dv_identifier,No DV-specific charge identifier; does not prove non-DV.,1,1,1.0,0.0,0.0
PC,20410,MANUFACTURE/SALE/POSSESS/ETC BELT BUCKLE KNIFE (F),other_not_identifiable,no_dv_identifier,No DV-specific charge identifier; does not prove non-DV.,1,1,1.0,0.0,0.0
PC,218.1,PLACE OBSTRUCTION ON TRAIN TRACK CAUSING INJURY (F),other_not_identifiable,no_dv_identifier,No DV-specific charge identifier; does not prove non-DV.,1,1,1.0,0.0,0.0
PC,22210,"MFG/ETC LEADED CANE/BILLY/SAP, ETC (F)",other_not_identifiable,no_dv_identifier,No DV-specific charge identifier; does not prove non-DV.,1,1,1.0,0.0,0.0
PC,22610(A),FELON BUY/POSSESS/USE STUN GUN (M),other_not_identifiable,no_dv_identifier,No DV-specific charge identifier; does not prove non-DV.,1,1,1.0,0.0,0.0
PC,22610(B),ADDICT POSS/ETC STUN GUN (M),other_not_identifiable,no_dv_identifier,No DV-specific charge identifier; does not prove non-DV.,1,1,1.0,0.0,0.0
PC,22615(A),MISSING MANUFACTURERS STAMP ON THE STUN GUN (M),other_not_identifiable,no_dv_identifier,No DV-specific charge identifier; does not prove non-DV.,1,1,1.0,0.0,0.0
PC,22615(B),MISSING MANUFACTURERS SERIAL NUMBER ON STUN GUN (M),other_not_identifiable,no_dv_identifier,No DV-specific charge identifier; does not prove non-DV.,1,1,1.0,0.0,0.0
PC,25200(A),ALLOW CHILD ACCESS TO FIREARM (M),other_not_identifiable,no_dv_identifier,No DV-specific charge identifier; does not prove non-DV.,1,1,1.0,0.0,0.0
PC,25400(A)(2),CARRY CONCEALED WEAPON ON PERSON,other_not_identifiable,no_dv_identifier,No DV-specific charge identifier; does not prove non-DV.,1,1,0.0,1.0,0.0
PC,25400(C)(6),CARRY A LOADED CONCEALED WEAPON ON PERSON,other_not_identifiable,no_dv_identifier,No DV-specific charge identifier; does not prove non-DV.,1,1,0.0,1.0,0.0
PC,25850(A),CARRY LOADED FIREARM ON/IN PERSON/VEHICLE:PUBLIC PLACE,other_not_identifiable,no_dv_identifier,No DV-specific charge identifier; does not prove non-DV.,1,1,0.0,1.0,0.0
PC,25850(C)(3),CRIMINAL STREET GANG MEMBER CARRY LOADED FIREARM,other_not_identifiable,no_dv_identifier,No DV-specific charge identifier; does not prove non-DV.,1,1,0.0,1.0,0.0
PC,266,ENTICE MINOR FEMALE FOR PROSTITUTION (F),other_not_identifiable,no_dv_identifier,No DV-specific charge identifier; does not prove non-DV.,1,1,0.0,1.0,0.0
PC,266H(A),PIMPING,other_not_identifiable,no_dv_identifier,No DV-specific charge identifier; does not prove non-DV.,1,1,0.0,1.0,0.0
PC,266I(B)(1),PANDERING:OTHER PERSON OVER 16,other_not_identifiable,no_dv_identifier,No DV-specific charge identifier; does not prove non-DV.,1,1,0.0,1.0,0.0
PC,272,CONTRIBUTE TO THE DELINQUENCY OF A MINOR,other_not_identifiable,no_dv_identifier,No DV-specific charge identifier; does not prove non-DV.,1,1,0.0,1.0,0.0
PC,27520,SELL/ETC CONCEALABLE/ETC FIREARM TO UNDERAGED PERSON (F),other_not_identifiable,no_dv_identifier,No DV-specific charge identifier; does not prove non-DV.,1,1,1.0,0.0,0.0
PC,290.006,290 REGISTRATION VIOLATION FOR SEXUAL GRATIFICATION/COMPULSION (F),other_not_identifiable,no_dv_identifier,No DV-specific charge identifier; does not prove non-DV.,1,1,1.0,0.0,0.0
PC,290.01,REGISTRANT FAIL TO REPORT CONCURRENT ADDRESS (F),other_not_identifiable,no_dv_identifier,No DV-specific charge identifier; does not prove non-DV.,1,1,1.0,0.0,0.0
PC,290.010,REGISTRANT FAIL TO REPORT CONCURRENT ADDRESS (F),other_not_identifiable,no_dv_identifier,No DV-specific charge identifier; does not prove non-DV.,1,1,0.0,1.0,0.0
PC,290.011(A),TRANSIENT FAILS TO REGISTER WHEN RELEASED FROM CUSTODY,other_not_identifiable,no_dv_identifier,No DV-specific charge identifier; does not prove non-DV.,1,1,0.0,1.0,0.0
PC,290.011(A),TRANSIENT FAILS TO REGISTER WHEN RELEASED FROM CUSTODY (F),other_not_identifiable,no_dv_identifier,No DV-specific charge identifier; does not prove non-DV.,1,1,0.0,0.0,1.0
PC,290.012(A),SEX OFFENDER FAIL UPDATE ANNUAL REGISTRATION (F),other_not_identifiable,no_dv_identifier,No DV-specific charge identifier; does not prove non-DV.,1,1,1.0,0.0,0.0
PC,290.012(A),SEX OFFENDER FAIL UPDATE ANNUAL REGISTRATION (M),other_not_identifiable,no_dv_identifier,No DV-specific charge identifier; does not prove non-DV.,1,1,1.0,0.0,0.0
PC,290.018(A),SEX OFFENDER FAIL TO REGISTER/ETC,other_not_identifiable,no_dv_identifier,No DV-specific charge identifier; does not prove non-DV.,1,1,0.0,1.0,0.0
PC,290.018(J),FAIL PROVIDE REQUIRED REGISTRATION INFORMATION (M),other_not_identifiable,no_dv_identifier,No DV-specific charge identifier; does not prove non-DV.,1,1,1.0,0.0,0.0
PC,298.1(A),REFUSE PROVIDE BLOOD/SALIVA SPECIMEN/THUMB/PALM PRINTS (M),other_not_identifiable,no_dv_identifier,No DV-specific charge identifier; does not prove non-DV.,1,1,0.0,0.0,1.0
PC,302(A),DISTURB RELIGIOUS MEETING (M),other_not_identifiable,no_dv_identifier,No DV-specific charge identifier; does not prove non-DV.,1,1,1.0,0.0,0.0
PC,30305(A)(1),POSSESS OF AMMUNITION BY PROHIBITED PERSON (F),other_not_identifiable,no_dv_identifier,No DV-specific charge identifier; does not prove non-DV.,1,1,1.0,0.0,0.0
PC,30306(A),FIRM/CORPORATION SELL AMMUNITION TO PROHIBITED PERSON (M),other_not_identifiable,no_dv_identifier,No DV-specific charge identifier; does not prove non-DV.,1,1,1.0,0.0,0.0
PC,30315,POSSESS ARMOR OR METAL PENETRATING HANDGUN AMMUNITION (F),other_not_identifiable,no_dv_identifier,No DV-specific charge identifier; does not prove non-DV.,1,1,1.0,0.0,0.0
PC,30605(A),ILLEGALLY POSSESS ANY ASSAULT WEAPON,other_not_identifiable,no_dv_identifier,No DV-specific charge identifier; does not prove non-DV.,1,1,0.0,1.0,0.0
PC,308A1AI,FURNISH UNDER 21 W/TOBACCO/SMOKING PARAPHERNALIA,other_not_identifiable,no_dv_identifier,No DV-specific charge identifier; does not prove non-DV.,1,1,0.0,1.0,0.0
PC,311.1(A),SEND/SELL OBSCENE MATTER DEPICTING MINOR (F),other_not_identifiable,no_dv_identifier,No DV-specific charge identifier; does not prove non-DV.,1,1,1.0,0.0,0.0
PC,311.2(A),SEND/POSS OBSCENE MATTER (M),other_not_identifiable,no_dv_identifier,No DV-specific charge identifier; does not prove non-DV.,1,1,1.0,0.0,0.0
PC,311.4(A),USE MINOR FOR OBSCENE MATTER W/PR (F),other_not_identifiable,no_dv_identifier,No DV-specific charge identifier; does not prove non-DV.,1,1,1.0,0.0,0.0
PC,31360(A),VIOLENT FELON POSSESS/OWN/PURCHASE BODY ARMOR,other_not_identifiable,no_dv_identifier,No DV-specific charge identifier; does not prove non-DV.,1,1,0.0,1.0,0.0
PC,314(1),INDECENT EXPOSURE,other_not_identifiable,no_dv_identifier,No DV-specific charge identifier; does not prove non-DV.,1,1,0.0,1.0,0.0
PC,314(1),INDECENT EXPOSURE AFTER ILLEGAL ENTRY OCCUPIED DWELLING (F),other_not_identifiable,no_dv_identifier,No DV-specific charge identifier; does not prove non-DV.,1,1,0.0,1.0,0.0
PC,314.1,INDECENT EXPOSURE AFTER ILLEGAL ENTRY OCCUPIED DWELLING (F),other_not_identifiable,no_dv_identifier,No DV-specific charge identifier; does not prove non-DV.,1,1,1.0,0.0,0.0
PC,31500,MANUFACTURE/SALE/POSSESS UNCONVENTIONAL PISTOL (F),other_not_identifiable,no_dv_identifier,No DV-specific charge identifier; does not prove non-DV.,1,1,1.0,0.0,0.0
PC,32310(C),POSSESS LARGE CAPACITY MAGAZINE,other_not_identifiable,no_dv_identifier,No DV-specific charge identifier; does not prove non-DV.,1,1,0.0,1.0,0.0
PC,32900,MANUFACTURE/SALE/POSSESSION MULTIBURST TRIGGER ACTIVATOR (F),other_not_identifiable,no_dv_identifier,No DV-specific charge identifier; does not prove non-DV.,1,1,1.0,0.0,0.0
PC,33215,MFG/IMPORT/ETC SHORT BARRELED RIFLE (M),other_not_identifiable,no_dv_identifier,No DV-specific charge identifier; does not prove non-DV.,1,1,1.0,0.0,0.0
PC,337U(C),CLAIM MONEY W/INTENT TO DEFRAUD (M),other_not_identifiable,no_dv_identifier,No DV-specific charge identifier; does not prove non-DV.,1,1,1.0,0.0,0.0
PC,350(B),MFG/SELL COUNTERFEIT REGISTERED MARK W/PR (F),other_not_identifiable,no_dv_identifier,No DV-specific charge identifier; does not prove non-DV.,1,1,1.0,0.0,0.0
PC,369G(A),DRIVE/RIDE ALONG RAILROAD TRACK (M),other_not_identifiable,no_dv_identifier,No DV-specific charge identifier; does not prove non-DV.,1,1,0.0,0.0,1.0
PC,374.7(A),LITTER/DUMP WASTE IN WATER/SHORE,other_not_identifiable,no_dv_identifier,No DV-specific charge identifier; does not prove non-DV.,1,1,0.0,1.0,0.0
PC,384A,CUT SHRUBS W/O WRITTEN PERMIT (M),other_not_identifiable,no_dv_identifier,No DV-specific charge identifier; does not prove non-DV.,1,1,1.0,0.0,0.0
PC,402(A),STOP AND IMPEDE AT EMERGENCY SCENE (M),other_not_identifiable,no_dv_identifier,No DV-specific charge identifier; does not prove non-DV.,1,1,1.0,0.0,0.0
PC,405A,TAKE PERSON BY MEANS OF RIOT FROM LE (F),other_not_identifiable,no_dv_identifier,No DV-specific charge identifier; does not prove non-DV.,1,1,1.0,0.0,0.0
PC,409,REMAIN AT SCENE OF RIOT (M),other_not_identifiable,no_dv_identifier,No DV-specific charge identifier; does not prove non-DV.,1,1,0.0,1.0,0.0
PC,409.5(C),ENTER CLOSED DISASTER AREA (M),other_not_identifiable,no_dv_identifier,No DV-specific charge identifier; does not prove non-DV.,1,1,1.0,0.0,0.0
PC,415(2),DISTURBING THE PEACE - LOUD NOISE,other_not_identifiable,no_dv_identifier,No DV-specific charge identifier; does not prove non-DV.,1,1,1.0,0.0,0.0
PC,415.5(A)(1),DISORD CONDUCT:FIGHT/CHALLENGE FIGHT AT SCHOOL (M),other_not_identifiable,no_dv_identifier,No DV-specific charge identifier; does not prove non-DV.,1,1,1.0,0.0,0.0
PC,417(C),EXHIBIT FIREARM IN PRESENCE OF PEACE OFCR (F),other_not_identifiable,no_dv_identifier,No DV-specific charge identifier; does not prove non-DV.,1,1,1.0,0.0,0.0
PC,417.25(A),THREATEN WITH LASER SCOPE WITH INTENT TO CAUSE FEAR (M),other_not_identifiable,no_dv_identifier,No DV-specific charge identifier; does not prove non-DV.,1,1,0.0,0.0,1.0
PC,417B,DRAW/EXHIBIT FIREARM ON GROUNDS OF DAY CARE CENTER (F),other_not_identifiable,no_dv_identifier,No DV-specific charge identifier; does not prove non-DV.,1,1,1.0,0.0,0.0
PC,418,FORCIBLE ENTRY AND DETAINER (M),other_not_identifiable,no_dv_identifier,No DV-specific charge identifier; does not prove non-DV.,1,1,1.0,0.0,0.0
PC,4502(B),PRISONER MANUFACTURE WEAPON,other_not_identifiable,no_dv_identifier,No DV-specific charge identifier; does not prove non-DV.,1,1,0.0,1.0,0.0
PC,451(C),ARSON:STRUCTURE/FOREST LAND,other_not_identifiable,no_dv_identifier,No DV-specific charge identifier; does not prove non-DV.,1,1,0.0,1.0,0.0
PC,451(D),ARSON:PROP,other_not_identifiable,no_dv_identifier,No DV-specific charge identifier; does not prove non-DV.,1,1,0.0,1.0,0.0
PC,451D,ARSON:PROP,other_not_identifiable,no_dv_identifier,No DV-specific charge identifier; does not prove non-DV.,1,1,0.0,1.0,0.0
PC,452(D),CAUSING FIRE OF PROPERTY,other_not_identifiable,no_dv_identifier,No DV-specific charge identifier; does not prove non-DV.,1,1,0.0,1.0,0.0
PC,452A,CAUSING FIRE THAT CAUSES GREAT BODILY INJURY (F),other_not_identifiable,no_dv_identifier,No DV-specific charge identifier; does not prove non-DV.,1,1,1.0,0.0,0.0
PC,452D,CAUSING FIRE OF PROPERTY,other_not_identifiable,no_dv_identifier,No DV-specific charge identifier; does not prove non-DV.,1,1,0.0,1.0,0.0
PC,4573(A),BRING NARCOTIC PARAPHERNALIA INTO PRISON/JAIL,other_not_identifiable,no_dv_identifier,No DV-specific charge identifier; does not prove non-DV.,1,1,0.0,1.0,0.0
PC,4575(A),POSS CELL PHONE/ETC INTO JAIL (M),other_not_identifiable,no_dv_identifier,No DV-specific charge identifier; does not prove non-DV.,1,1,0.0,1.0,0.0
PC,459,BURGLARY (VEHICLE),other_not_identifiable,no_dv_identifier,No DV-specific charge identifier; does not prove non-DV.,1,1,0.0,1.0,0.0
PC,4600,DAMAGE JAIL/PRISON/PROPERTY (OVER $950),other_not_identifiable,no_dv_identifier,No DV-specific charge identifier; does not prove non-DV.,1,1,0.0,1.0,0.0
PC,4600(A),DAMAGE JAIL/PRISON/PROPERTY (OVER $950),other_not_identifiable,no_dv_identifier,No DV-specific charge identifier; does not prove non-DV.,1,1,0.0,1.0,0.0
PC,4600(A),DAMAGE JAIL/PRISON/PROPERTY (UNDER $950),other_not_identifiable,no_dv_identifier,No DV-specific charge identifier; does not prove non-DV.,1,1,0.0,1.0,0.0
PC,466.5(B),ULAWFUL USE OF VEH MASTER KEY (M),other_not_identifiable,no_dv_identifier,No DV-specific charge identifier; does not prove non-DV.,1,1,0.0,1.0,0.0
PC,466.6(A),MAKE Mot Veh KEY W/O WORK ORDER (M),other_not_identifiable,no_dv_identifier,No DV-specific charge identifier; does not prove non-DV.,1,1,1.0,0.0,0.0
PC,470(A),FORGERY,other_not_identifiable,no_dv_identifier,No DV-specific charge identifier; does not prove non-DV.,1,1,0.0,1.0,0.0
PC,470A,ALTER/FORGE/FALSIFY DRVRS LIC/IDENT,other_not_identifiable,no_dv_identifier,No DV-specific charge identifier; does not prove non-DV.,1,1,0.0,1.0,0.0
PC,470B,FORGE/HANDWRITING (M),other_not_identifiable,no_dv_identifier,No DV-specific charge identifier; does not prove non-DV.,1,1,1.0,0.0,0.0
PC,470B,POSS DRVRS LIC/IDENT TO COMMIT FORGERY,other_not_identifiable,no_dv_identifier,No DV-specific charge identifier; does not prove non-DV.,1,1,0.0,1.0,0.0
PC,473(B),FORGERY THAT DOES NOT EXCEED $950 (M),other_not_identifiable,no_dv_identifier,No DV-specific charge identifier; does not prove non-DV.,1,1,1.0,0.0,0.0
PC,475(C),PASS COMPLETED CHECK WITH INTENT TO DEFRAUD,other_not_identifiable,no_dv_identifier,No DV-specific charge identifier; does not prove non-DV.,1,1,0.0,1.0,0.0
PC,475A,POSS BAD CHECK,other_not_identifiable,no_dv_identifier,No DV-specific charge identifier; does not prove non-DV.,1,1,0.0,1.0,0.0
PC,476,MAKE/PASS/PUBLISH FICTITIOUS CHECK/BILL/NOTE,other_not_identifiable,no_dv_identifier,No DV-specific charge identifier; does not prove non-DV.,1,1,0.0,1.0,0.0
PC,476,MAKE/PASS/PUBLISH/ETC FICTITIOUS CHECK/BILL/NOTE,other_not_identifiable,no_dv_identifier,No DV-specific charge identifier; does not prove non-DV.,1,1,1.0,0.0,0.0
PC,476A(B),NONSUFFICIENT FUNDS:CHECKS W/PR (F),other_not_identifiable,no_dv_identifier,No DV-specific charge identifier; does not prove non-DV.,1,1,1.0,0.0,0.0
PC,484,THEFT,other_not_identifiable,no_dv_identifier,No DV-specific charge identifier; does not prove non-DV.,1,1,0.0,1.0,0.0
PC,484.1(A),FALSE INFO TO PAWN BROKER (M),other_not_identifiable,no_dv_identifier,No DV-specific charge identifier; does not prove non-DV.,1,1,1.0,0.0,0.0
PC,484B,DIVERSION OF FUNDS [OVER $2350] (F),other_not_identifiable,no_dv_identifier,No DV-specific charge identifier; does not prove non-DV.,1,1,0.0,0.0,1.0
PC,484C,OBTAIN MONEY BY FALSE VOUCHER (F),other_not_identifiable,no_dv_identifier,No DV-specific charge identifier; does not prove non-DV.,1,1,1.0,0.0,0.0
PC,484E(B),ACQUIRE ACCES CRD INT SELL [4 OR MORE CARDS] (F),other_not_identifiable,no_dv_identifier,No DV-specific charge identifier; does not prove non-DV.,1,1,0.0,1.0,0.0
PC,484E(D),USE/ACCESS CREDIT CARD ACCOUNT INFORMATION W/O CONSENT,other_not_identifiable,no_dv_identifier,No DV-specific charge identifier; does not prove non-DV.,1,1,1.0,0.0,0.0
PC,484G,THEFT BY USE OF CREDIT CARD (UNDER $950),other_not_identifiable,no_dv_identifier,No DV-specific charge identifier; does not prove non-DV.,1,1,1.0,0.0,0.0
PC,484I(A),POSS INCOMPLETE ACCESS CARD (M),other_not_identifiable,no_dv_identifier,No DV-specific charge identifier; does not prove non-DV.,1,1,1.0,0.0,0.0
PC,484I(B),ALTER ACCESS CARD ACCOUNT INFO (F),other_not_identifiable,no_dv_identifier,No DV-specific charge identifier; does not prove non-DV.,1,1,1.0,0.0,0.0
PC,484J,PUBLISH ACCESS CARD NUMBER TO DEFRAUD (M),other_not_identifiable,no_dv_identifier,No DV-specific charge identifier; does not prove non-DV.,1,1,1.0,0.0,0.0
PC,487(A),GRAND THEFT (MOT VEH THEFT),other_not_identifiable,no_dv_identifier,No DV-specific charge identifier; does not prove non-DV.,1,1,0.0,1.0,0.0
PC,487(C),GRAND THEFT FROM PERSON,other_not_identifiable,no_dv_identifier,No DV-specific charge identifier; does not prove non-DV.,1,1,1.0,0.0,0.0
PC,487B,GRAND THEFT:CONVERT REAL PROPERTY [OVER $950] (F),other_not_identifiable,no_dv_identifier,No DV-specific charge identifier; does not prove non-DV.,1,1,0.0,0.0,1.0
PC,487H(A),GRAND THEFT: CARGO OVER $950 (F),other_not_identifiable,no_dv_identifier,No DV-specific charge identifier; does not prove non-DV.,1,1,1.0,0.0,0.0
PC,488,PETTY THEFT(FROM BUILDING),other_not_identifiable,no_dv_identifier,No DV-specific charge identifier; does not prove non-DV.,1,1,0.0,1.0,0.0
PC,488,PETTY THEFT(Pocket Picking) (M),other_not_identifiable,no_dv_identifier,No DV-specific charge identifier; does not prove non-DV.,1,1,0.0,0.0,1.0
PC,490.4 (A)(1),THEFT OF MERCHANDISE W/ INTENT TO SELL/EXCHANGE: OVER $950 (F),other_not_identifiable,no_dv_identifier,No DV-specific charge identifier; does not prove non-DV.,1,1,1.0,0.0,0.0
PC,490.4(A)(4),RECRUIT/ORGANIZE/MANAGE ANOTHER FOR RETAIL THEFT (M),other_not_identifiable,no_dv_identifier,No DV-specific charge identifier; does not prove non-DV.,1,1,1.0,0.0,0.0
PC,498(B)(5),THEFT OF UTILITY SVCS BENEFIT UNDER $950,other_not_identifiable,no_dv_identifier,No DV-specific charge identifier; does not prove non-DV.,1,1,0.0,1.0,0.0
PC,498(D),THEFT OF UTILITY SERVICES [OVER $950] (F),other_not_identifiable,no_dv_identifier,No DV-specific charge identifier; does not prove non-DV.,1,1,0.0,1.0,0.0
PC,499B(A),TAKE BIKE W/O OWNER'S PERMISSION (M),other_not_identifiable,no_dv_identifier,No DV-specific charge identifier; does not prove non-DV.,1,1,1.0,0.0,0.0
PC,503,EMBEZZLEMENT [OVER $950],other_not_identifiable,no_dv_identifier,No DV-specific charge identifier; does not prove non-DV.,1,1,0.0,1.0,0.0
PC,504,EMBEZZLE PROP BY PUB/PRIV OFCR [OVER $400] (F),other_not_identifiable,no_dv_identifier,No DV-specific charge identifier; does not prove non-DV.,1,1,1.0,0.0,0.0
PC,504,EMBEZZLE PROPERTY BY PUBLIC/PRIVATE OFFICER OVER $400,other_not_identifiable,no_dv_identifier,No DV-specific charge identifier; does not prove non-DV.,1,1,1.0,0.0,0.0
PC,523,THREATENING LETTER W/INTENT TO EXTORT (F),other_not_identifiable,no_dv_identifier,No DV-specific charge identifier; does not prove non-DV.,1,1,1.0,0.0,0.0
PC,529(A),FALSE PERSONATION OF ANOTHER:SPEC CIRC,other_not_identifiable,no_dv_identifier,No DV-specific charge identifier; does not prove non-DV.,1,1,0.0,1.0,0.0
PC,529(A)(2),PERSONATE TO RECORDED DOCUMENT (F),other_not_identifiable,no_dv_identifier,No DV-specific charge identifier; does not prove non-DV.,1,1,0.0,0.0,1.0
PC,530,IMPERSONATE TO GET MONEY/FELONY,other_not_identifiable,no_dv_identifier,No DV-specific charge identifier; does not prove non-DV.,1,1,1.0,0.0,0.0
PC,530.5(C)(1),POSSESS PERSONAL IDENTIFYING INFO WITH INTENT TO DEFRAUD,other_not_identifiable,no_dv_identifier,No DV-specific charge identifier; does not prove non-DV.,1,1,0.0,1.0,0.0
PC,532A(2),BENEFIT BY FALSE FIN STATEMENT USING FICTITIOUS NAME (F),other_not_identifiable,no_dv_identifier,No DV-specific charge identifier; does not prove non-DV.,1,1,1.0,0.0,0.0
PC,532A1,MAKE FALSE FIN STATEMENT USING FICTITIOUS NAME (F),other_not_identifiable,no_dv_identifier,No DV-specific charge identifier; does not prove non-DV.,1,1,1.0,0.0,0.0
PC,532B,IMPERSONATE VETERAN TO SOLICIT (M),other_not_identifiable,no_dv_identifier,No DV-specific charge identifier; does not prove non-DV.,1,1,1.0,0.0,0.0
PC,532D(A),FRAUD:SOLICIT FOR CHARITABLE/RELIGIOUS CONTRIBUTIONS (M),other_not_identifiable,no_dv_identifier,No DV-specific charge identifier; does not prove non-DV.,1,1,1.0,0.0,0.0
PC,537(A)(1),DEFRAUDING AN INNKEEPER [$950 OR LESS],other_not_identifiable,no_dv_identifier,No DV-specific charge identifier; does not prove non-DV.,1,1,0.0,1.0,0.0
PC,537(A)(2),DEFRAUDING AN INNKEEPER [OVER $950] (F),other_not_identifiable,no_dv_identifier,No DV-specific charge identifier; does not prove non-DV.,1,1,1.0,0.0,0.0
PC,550(B)(2),CONSPIRE TO MAKE FAKE STATEMENT FOR INS CLAIM BENEFITS (F),other_not_identifiable,no_dv_identifier,No DV-specific charge identifier; does not prove non-DV.,1,1,0.0,1.0,0.0
PC,555.2,LOITER NEAR POSTED PROP (M),other_not_identifiable,no_dv_identifier,No DV-specific charge identifier; does not prove non-DV.,1,1,1.0,0.0,0.0
PC,565,UNAUTH USE/OBLITERATE DAIRY BRAND REG [$400 OR LESS] (M),other_not_identifiable,no_dv_identifier,No DV-specific charge identifier; does not prove non-DV.,1,1,1.0,0.0,0.0
PC,594.3(A),VANDALIZE PLACE OF WORSHIP (F),other_not_identifiable,no_dv_identifier,No DV-specific charge identifier; does not prove non-DV.,1,1,1.0,0.0,0.0
PC,594.3(B),VANDALIZE CHURCH BECAUSE OF RACE TO INTIMIDATE (F),other_not_identifiable,no_dv_identifier,No DV-specific charge identifier; does not prove non-DV.,1,1,1.0,0.0,0.0
PC,594.35(A),DESTROY CEMETERY PROPERTY (F),other_not_identifiable,no_dv_identifier,No DV-specific charge identifier; does not prove non-DV.,1,1,1.0,0.0,0.0
PC,594.4(A),DEFACE STRUCTURE WITH CHEMICALS (F),other_not_identifiable,no_dv_identifier,No DV-specific charge identifier; does not prove non-DV.,1,1,1.0,0.0,0.0
PC,597.7(A),ENDANGER ANIMAL CONFINED IN UNATTENDED MOTOR VEHICLE (I),other_not_identifiable,no_dv_identifier,No DV-specific charge identifier; does not prove non-DV.,1,1,1.0,0.0,0.0
PC,602(O),TRESPASS:REFUSE LEAVE PROPERTY:PEACE OFFICER/OWNER REQUEST,other_not_identifiable,no_dv_identifier,No DV-specific charge identifier; does not prove non-DV.,1,1,1.0,0.0,0.0
PC,602(O),TRESPASS:REFUSE TO LEAVE PROPERTY:OWNER REQUEST,other_not_identifiable,no_dv_identifier,No DV-specific charge identifier; does not prove non-DV.,1,1,0.0,1.0,0.0
PC,602(O),TRESPASS:REFUSE TO LEAVE PROPERTY:PEACE OFFICER REQUEST,other_not_identifiable,no_dv_identifier,No DV-specific charge identifier; does not prove non-DV.,1,1,0.0,1.0,0.0
PC,602(T)(1),TRESPASS: COMMITED PRIOR CRIME ON PROPERTY (M),other_not_identifiable,no_dv_identifier,No DV-specific charge identifier; does not prove non-DV.,1,1,1.0,0.0,0.0
PC,602.8(A),UNAUTHORIZED ENTRY POSTED LAND (I),other_not_identifiable,no_dv_identifier,No DV-specific charge identifier; does not prove non-DV.,1,1,1.0,0.0,0.0
PC,603,FORCIBLE ENTRY:PROPERTY DAMAGE (M),other_not_identifiable,no_dv_identifier,No DV-specific charge identifier; does not prove non-DV.,1,1,1.0,0.0,0.0
PC,626.7(A),UNAUTH STAY/RETURN:SCHOOL ZONE (M),other_not_identifiable,no_dv_identifier,No DV-specific charge identifier; does not prove non-DV.,1,1,1.0,0.0,0.0
PC,636.5,INTERCEPT PUBLIC SAFTEY RADIO COMMUNICATION (M),other_not_identifiable,no_dv_identifier,No DV-specific charge identifier; does not prove non-DV.,1,1,0.0,1.0,0.0
PC,640(B)(5),SKATEBOARDING/ETC IN PARKING STRUCTURE (I),other_not_identifiable,no_dv_identifier,No DV-specific charge identifier; does not prove non-DV.,1,1,0.0,1.0,0.0
PC,640(D)(1),DISTURBANCE OF TRANSIT FACILITY (I),other_not_identifiable,no_dv_identifier,No DV-specific charge identifier; does not prove non-DV.,1,1,1.0,0.0,0.0
PC,640(D)(1),DISTURBANCE OF TRANSIT FACILITY (M),other_not_identifiable,no_dv_identifier,No DV-specific charge identifier; does not prove non-DV.,1,1,0.0,0.0,1.0
PC,647(C),DISORD CONDUCT:BEGGING,other_not_identifiable,no_dv_identifier,No DV-specific charge identifier; does not prove non-DV.,1,1,0.0,1.0,0.0
PC,647(D),DISORD CONDUCT:LOITER IN OR ABOUT TOILET (M),other_not_identifiable,no_dv_identifier,No DV-specific charge identifier; does not prove non-DV.,1,1,1.0,0.0,0.0
PC,647(J)(2),DISORDERLY CONDUCT:PEEPING W/CAMERA UNDER/THRU CLOTHES (M),other_not_identifiable,no_dv_identifier,No DV-specific charge identifier; does not prove non-DV.,1,1,1.0,0.0,0.0
PC,647.6,ANNOY/MOLEST CHILDREN UNDER 18 (M),other_not_identifiable,no_dv_identifier,No DV-specific charge identifier; does not prove non-DV.,1,1,1.0,0.0,0.0
PC,647.6,ANNOY/MOLEST CHILDREN W/PRIOR CONVICTION (F),other_not_identifiable,no_dv_identifier,No DV-specific charge identifier; does not prove non-DV.,1,1,1.0,0.0,0.0
PC,647.6(A)(1),ANNOY/MOLEST VICTIM UNDER 18 YEARS OF AGE,other_not_identifiable,no_dv_identifier,No DV-specific charge identifier; does not prove non-DV.,1,1,0.0,1.0,0.0
PC,647.6(B),ANNOY CHILD AFTER ILLEGAL ENTRY OF INHABITED BLDG (F),other_not_identifiable,no_dv_identifier,No DV-specific charge identifier; does not prove non-DV.,1,1,1.0,0.0,0.0
PC,647.6(C)(1),ANNOY CHILD LESS THAN 18 W/PR (F),other_not_identifiable,no_dv_identifier,No DV-specific charge identifier; does not prove non-DV.,1,1,1.0,0.0,0.0
PC,647.6(C)(2),ANNOY CHILD AFTER SPECIFIC PR CONVICTIONS (F),other_not_identifiable,no_dv_identifier,No DV-specific charge identifier; does not prove non-DV.,1,1,0.0,1.0,0.0
PC,653.2(A),ELECTRONIC COMMUNICATION DEVICES: THREATS TO SAFETY (M),other_not_identifiable,no_dv_identifier,No DV-specific charge identifier; does not prove non-DV.,1,1,1.0,0.0,0.0
PC,653B(A),SEX OFFENDER:LOITER AT SCHOOL (M),other_not_identifiable,no_dv_identifier,No DV-specific charge identifier; does not prove non-DV.,1,1,1.0,0.0,0.0
PC,653F(D),SOLICIT SPECIFIED HEALTH AND SAFETY ACTS (M),other_not_identifiable,no_dv_identifier,No DV-specific charge identifier; does not prove non-DV.,1,1,1.0,0.0,0.0
PC,653G,LOITER WHERE CHILDREN PRESENT (M),other_not_identifiable,no_dv_identifier,No DV-specific charge identifier; does not prove non-DV.,1,1,1.0,0.0,0.0
PC,653T(A),DISRUPT CB EMERGENCY TRANS (M),other_not_identifiable,no_dv_identifier,No DV-specific charge identifier; does not prove non-DV.,1,1,0.0,1.0,0.0
PC,666,PETTY THEFT W/PR JAIL TERM (All Other Larceny) (F),other_not_identifiable,no_dv_identifier,No DV-specific charge identifier; does not prove non-DV.,1,1,1.0,0.0,0.0
PC,666,PETTY THEFT W/PR JAIL TERM (Mot Veh Theft) (F),other_not_identifiable,no_dv_identifier,No DV-specific charge identifier; does not prove non-DV.,1,1,0.0,0.0,1.0
PC,666,PETTY THEFT W/PR JAIL TERM (Theft From Mot Veh) (F),other_not_identifiable,no_dv_identifier,No DV-specific charge identifier; does not prove non-DV.,1,1,0.0,0.0,1.0
PC,666.1(A)(1),GRAND THEFT (MOT VEH PARTS) W/2+ PRIOR CONVICTIONS (F),other_not_identifiable,no_dv_identifier,No DV-specific charge identifier; does not prove non-DV.,1,1,0.0,0.0,1.0
PC,666.1(A)(1),PETTY THEFT (PURSE SNATCH) W/2+ PRIOR CONVICTIONS (M),other_not_identifiable,no_dv_identifier,No DV-specific charge identifier; does not prove non-DV.,1,1,0.0,0.0,1.0
PC,666.1(A)(1),PETTY THEFT W/2 PRIOR CONVICTIONS (F),other_not_identifiable,no_dv_identifier,No DV-specific charge identifier; does not prove non-DV.,1,1,0.0,0.0,1.0
PC,69,OBSTRUCT/RESIST EXECUTIVE OFFICER WITH SERIOUS INJURY,other_not_identifiable,no_dv_identifier,No DV-specific charge identifier; does not prove non-DV.,1,1,0.0,1.0,0.0
PC,71,THREATEN SCHOOL/PUBLIC OFFICER/EMPLOYEE,other_not_identifiable,no_dv_identifier,No DV-specific charge identifier; does not prove non-DV.,1,1,1.0,0.0,0.0
PC,76(A),THREATEN/ETC ELECTED OFFICIAL/JUDGE/ETC (M),other_not_identifiable,no_dv_identifier,No DV-specific charge identifier; does not prove non-DV.,1,1,1.0,0.0,0.0
PC,827.1,MISDEMEANOR ARREST WARRANT (M),other_not_identifiable,no_dv_identifier,No DV-specific charge identifier; does not prove non-DV.,1,1,1.0,0.0,0.0
PC,836.6(B),ESCAPE/ATT ESCAPE AFTER ARREST W/FORCE CAUSING SER INJ (F),other_not_identifiable,no_dv_identifier,No DV-specific charge identifier; does not prove non-DV.,1,1,1.0,0.0,0.0
SMMC,10.32.040(A),Posses open alcoholic container in public,other_not_identifiable,no_dv_identifier,No DV-specific charge identifier; does not prove non-DV.,1,1,0.0,1.0,0.0
VC,10851,TAKE VEHICLE W/O OWNER'S CONSENT/VEHICLE THEFT,other_not_identifiable,no_dv_identifier,No DV-specific charge identifier; does not prove non-DV.,1,1,1.0,0.0,0.0
VC,10855,EMBEZZLE RENTED AUTO(OVER $200),other_not_identifiable,no_dv_identifier,No DV-specific charge identifier; does not prove non-DV.,1,1,1.0,0.0,0.0
VC,11700,ACT AS DEALER/MFRR/ETC W/O LIC,other_not_identifiable,no_dv_identifier,No DV-specific charge identifier; does not prove non-DV.,1,1,1.0,0.0,0.0
VC,11713J,DEALER ALLOW/MISUSE OF SPECIAL PLATES (M),other_not_identifiable,no_dv_identifier,No DV-specific charge identifier; does not prove non-DV.,1,1,1.0,0.0,0.0
VC,12500B,OPER MOTORCYCLE W/O PROPER LIC,other_not_identifiable,no_dv_identifier,No DV-specific charge identifier; does not prove non-DV.,1,1,0.0,1.0,0.0
VC,14600A,FAIL TO NOTIFY DMV OF ADD CHANGE AFTER 10 DAYS:CDL (I),other_not_identifiable,no_dv_identifier,No DV-specific charge identifier; does not prove non-DV.,1,1,1.0,0.0,0.0
VC,14601.1(A),DRIVE WHILE LICENSE SUSPENDED,other_not_identifiable,no_dv_identifier,No DV-specific charge identifier; does not prove non-DV.,1,1,1.0,0.0,0.0
VC,14601.2(A),DRIVE WHILE LICENSE SUSPENDED FOR DUI,other_not_identifiable,no_dv_identifier,No DV-specific charge identifier; does not prove non-DV.,1,1,1.0,0.0,0.0
VC,14601.5(A),DRIVE W/LICENSE SUSPENDED/REVOKED FOR REFUSING CHEM TEST,other_not_identifiable,no_dv_identifier,No DV-specific charge identifier; does not prove non-DV.,1,1,0.0,1.0,0.0
VC,14601.5(B),DRIVE W/LICENSE SUSPENDED/ETC WHILE DRIVING PRIVILEGE RESTRICTED,other_not_identifiable,no_dv_identifier,No DV-specific charge identifier; does not prove non-DV.,1,1,0.0,1.0,0.0
VC,14607,ALLOW UNLICD MINOR UNDER 18 TO DRIVE (I),other_not_identifiable,no_dv_identifier,No DV-specific charge identifier; does not prove non-DV.,1,1,0.0,0.0,1.0
VC,20001(B)(2),HIT AND RUN RESULTING IN PERMANENT INJURY OR DEATH(IBR 09A),other_not_identifiable,no_dv_identifier,No DV-specific charge identifier; does not prove non-DV.,1,1,1.0,0.0,0.0
VC,20001(B)(2),HIT AND RUN RESULTING IN PERMANENT INJURY OR DEATH(IBR 90Z),other_not_identifiable,no_dv_identifier,No DV-specific charge identifier; does not prove non-DV.,1,1,0.0,1.0,0.0
VC,21201(D)(1),NO BICYCLE LIGHT,other_not_identifiable,no_dv_identifier,No DV-specific charge identifier; does not prove non-DV.,1,1,0.0,1.0,0.0
VC,21201A,BRAKES REQUIRED ON BICYCLE (I),other_not_identifiable,no_dv_identifier,No DV-specific charge identifier; does not prove non-DV.,1,1,1.0,0.0,0.0
VC,21202A,FAIL TO RIDE BICYCLE:RIGHT EDGE OF ROADWAY (I),other_not_identifiable,no_dv_identifier,No DV-specific charge identifier; does not prove non-DV.,1,1,1.0,0.0,0.0
VC,21453A,SIGNAL LIGHTS:CIRCULAR RED,other_not_identifiable,no_dv_identifier,No DV-specific charge identifier; does not prove non-DV.,1,1,0.0,1.0,0.0
VC,21455,SIGNAL LIGHTS:NON-INTERSECTION (I),other_not_identifiable,no_dv_identifier,No DV-specific charge identifier; does not prove non-DV.,1,1,1.0,0.0,0.0
VC,21457A,SIGNAL LIGHTS:FLASHING RED,other_not_identifiable,no_dv_identifier,No DV-specific charge identifier; does not prove non-DV.,1,1,0.0,1.0,0.0
VC,21461A,TRAFFIC CONTROL DEV:DRVR FAILURE TO OBEY,other_not_identifiable,no_dv_identifier,No DV-specific charge identifier; does not prove non-DV.,1,1,0.0,1.0,0.0
VC,21650,LANE USAGE:FAIL TO DRIVE ON RIGHT HALF OF ROAD (I),other_not_identifiable,no_dv_identifier,No DV-specific charge identifier; does not prove non-DV.,1,1,1.0,0.0,0.0
VC,21651(C),LANE USAGE:DIV HWY:DRIVE WRONG SIDE OF BARRIER:INJ/DEATH (F),other_not_identifiable,no_dv_identifier,No DV-specific charge identifier; does not prove non-DV.,1,1,0.0,1.0,0.0
VC,21663,DRVG ON SIDEWALK (I),other_not_identifiable,no_dv_identifier,No DV-specific charge identifier; does not prove non-DV.,1,1,1.0,0.0,0.0
VC,21755(A),PASSING: UNSAFE PASSING ON RIGHT OR ON SHOULDER (I),other_not_identifiable,no_dv_identifier,No DV-specific charge identifier; does not prove non-DV.,1,1,1.0,0.0,0.0
VC,21806C,RIGHT-OF-WAY:PEDESTRIAN YIELD TO EMERGENCY VEH (I),other_not_identifiable,no_dv_identifier,No DV-specific charge identifier; does not prove non-DV.,1,1,1.0,0.0,0.0
VC,21809(A),CHANGE LANE FOR EMERGENCY VEHICLE (I),other_not_identifiable,no_dv_identifier,No DV-specific charge identifier; does not prove non-DV.,1,1,1.0,0.0,0.0
VC,21950B,PED IN CROSSWALK: STOP/DELAY VEHICLES OR SUDDENLY LEAVE PLACE OF SAFETY (I),other_not_identifiable,no_dv_identifier,No DV-specific charge identifier; does not prove non-DV.,1,1,1.0,0.0,0.0
VC,21954A,RIGHT-OF-WAY:PED NOT IN CROSSWALK YIELD TO VEHS (M),other_not_identifiable,no_dv_identifier,No DV-specific charge identifier; does not prove non-DV.,1,1,1.0,0.0,0.0
VC,22100.5,TURNS:WRONG LANE U-TURN VIOL (I),other_not_identifiable,no_dv_identifier,No DV-specific charge identifier; does not prove non-DV.,1,1,1.0,0.0,0.0
VC,22100A,TURNS:IMPROPER RIGHT HAND TURN (I),other_not_identifiable,no_dv_identifier,No DV-specific charge identifier; does not prove non-DV.,1,1,1.0,0.0,0.0
VC,22100B,TURNS:IMPROPER LEFT HAND TURN (I),other_not_identifiable,no_dv_identifier,No DV-specific charge identifier; does not prove non-DV.,1,1,1.0,0.0,0.0
VC,22106,UNSAFE START ON HWY (I),other_not_identifiable,no_dv_identifier,No DV-specific charge identifier; does not prove non-DV.,1,1,1.0,0.0,0.0
VC,22348A,EXCEED SPEED LIMIT AS SET IN VC 22349 OR VC 22356 (I),other_not_identifiable,no_dv_identifier,No DV-specific charge identifier; does not prove non-DV.,1,1,1.0,0.0,0.0
VC,22350,UNSAFE SPEED (BASIC SPEED LAW),other_not_identifiable,no_dv_identifier,No DV-specific charge identifier; does not prove non-DV.,1,1,0.0,1.0,0.0
VC,22356(B),EXCEED 70 MPH ON FREEWAY WHERE POSTED (I),other_not_identifiable,no_dv_identifier,No DV-specific charge identifier; does not prove non-DV.,1,1,1.0,0.0,0.0
VC,22451B,"SHALL NOT PROCEED THROUGH, AROUND, UNDER CLOSED CROSSING GATE (I)",other_not_identifiable,no_dv_identifier,No DV-specific charge identifier; does not prove non-DV.,1,1,1.0,0.0,0.0
VC,22507.8A,PARK IN DISABLED PARKING STALL WITHOUT PROPER PLACARD (I),other_not_identifiable,no_dv_identifier,No DV-specific charge identifier; does not prove non-DV.,1,1,1.0,0.0,0.0
VC,22517,UNSAFE OPENING OF VEH DOOR (I),other_not_identifiable,no_dv_identifier,No DV-specific charge identifier; does not prove non-DV.,1,1,1.0,0.0,0.0
VC,22520.5(A),VENDING ON/NEAR FREEWAY (I),other_not_identifiable,no_dv_identifier,No DV-specific charge identifier; does not prove non-DV.,1,1,0.0,0.0,1.0
VC,22651(M),VEHICLE ON ROADWAY - BLOCK SPECIAL ACCESS - SIGNS POSTED (I),other_not_identifiable,no_dv_identifier,No DV-specific charge identifier; does not prove non-DV.,1,1,1.0,0.0,0.0
VC,22651O,"DISPLAY PERMIT, STICKER, PLATE NOT ISSUED FOR THAT VEHICLE (I)",other_not_identifiable,no_dv_identifier,No DV-specific charge identifier; does not prove non-DV.,1,1,1.0,0.0,0.0
VC,23103(A),RECKLESS DRVG:HWY,other_not_identifiable,no_dv_identifier,No DV-specific charge identifier; does not prove non-DV.,1,1,0.0,1.0,0.0
VC,23109(C),ILLEGAL SPEED EXHIBITION,other_not_identifiable,no_dv_identifier,No DV-specific charge identifier; does not prove non-DV.,1,1,0.0,1.0,0.0
VC,23111,THROW CIGARETTE/MATCH/ETC ON HWY (M),other_not_identifiable,no_dv_identifier,No DV-specific charge identifier; does not prove non-DV.,1,1,1.0,0.0,0.0
VC,23114(B),ILLEGAL TRANS AGGREGATE:HWY (M),other_not_identifiable,no_dv_identifier,No DV-specific charge identifier; does not prove non-DV.,1,1,0.0,0.0,1.0
VC,23136,DUI:UNDER 21YR W/BA.01 (ZERO TOLERANCE),other_not_identifiable,no_dv_identifier,No DV-specific charge identifier; does not prove non-DV.,1,1,0.0,1.0,0.0
VC,23136(A),DUI:UNDER 21YR W/BA.01 (ZERO TOLERANCE),other_not_identifiable,no_dv_identifier,No DV-specific charge identifier; does not prove non-DV.,1,1,0.0,1.0,0.0
VC,23140(A),MINOR  UNDER 21YR DRIVE W/BAC 0.05,other_not_identifiable,no_dv_identifier,No DV-specific charge identifier; does not prove non-DV.,1,1,0.0,1.0,0.0
VC,23140A,MINOR UNDER 21YR DRIVE W/BAC 0.05,other_not_identifiable,no_dv_identifier,No DV-specific charge identifier; does not prove non-DV.,1,1,0.0,1.0,0.0
VC,23153(F),DUI DRUG:CAUSING BODILY INJURY (M),other_not_identifiable,no_dv_identifier,No DV-specific charge identifier; does not prove non-DV.,1,1,1.0,0.0,0.0
VC,23154(A),OPERATE MOTOR VEHICLE W/0.01% OR MORE BAC WHILE ON PROBATION,other_not_identifiable,no_dv_identifier,No DV-specific charge identifier; does not prove non-DV.,1,1,1.0,0.0,0.0
VC,23221(A),NO DRIVER SHALL DRINK ANY ALCOHOLIC BEVERAGE WHILE ON HIGHWAY (I),other_not_identifiable,no_dv_identifier,No DV-specific charge identifier; does not prove non-DV.,1,1,1.0,0.0,0.0
VC,23247(D),TAMPER/ETC WITH IGNITION INTERLOCK DEV (M),other_not_identifiable,no_dv_identifier,No DV-specific charge identifier; does not prove non-DV.,1,1,1.0,0.0,0.0
VC,23247(E),DRIVE W/O INTERLOCK DEV WHEN REQUIRED,other_not_identifiable,no_dv_identifier,No DV-specific charge identifier; does not prove non-DV.,1,1,0.0,1.0,0.0
VC,23550.5(A),DRIVING UNDER INFLUENCE WITHIN 10 YEARS OF PRIOR FELONY DUI,other_not_identifiable,no_dv_identifier,No DV-specific charge identifier; does not prove non-DV.,1,1,0.0,1.0,0.0
VC,23573(I),FAILURE TO INSTALL INTERLOCK DEVICE (M),other_not_identifiable,no_dv_identifier,No DV-specific charge identifier; does not prove non-DV.,1,1,1.0,0.0,0.0
VC,24003,VEHICLE WITH UNLAWFUL LAMPS (I),other_not_identifiable,no_dv_identifier,No DV-specific charge identifier; does not prove non-DV.,1,1,1.0,0.0,0.0
VC,24400,AT LEAST 2 HEADLAMPS ON DURING DARKNESS (NOT MOTORCYCLES) (I),other_not_identifiable,no_dv_identifier,No DV-specific charge identifier; does not prove non-DV.,1,1,1.0,0.0,0.0
VC,24603E,STOPLAMPS MUST BE RED OR YELLOW (I),other_not_identifiable,no_dv_identifier,No DV-specific charge identifier; does not prove non-DV.,1,1,0.0,0.0,1.0
VC,26709B1,VEH SIDEVIEW MIRROR VIOL (I),other_not_identifiable,no_dv_identifier,No DV-specific charge identifier; does not prove non-DV.,1,1,0.0,1.0,0.0
VC,27001,MISUSE VEH HORN (I),other_not_identifiable,no_dv_identifier,No DV-specific charge identifier; does not prove non-DV.,1,1,1.0,0.0,0.0
VC,27151,ILLEGAL MODIFIED EXHAUST SYS:NOISE (I),other_not_identifiable,no_dv_identifier,No DV-specific charge identifier; does not prove non-DV.,1,1,1.0,0.0,0.0
VC,27153,EXCESSIVE EXHAUST VIOL (I),other_not_identifiable,no_dv_identifier,No DV-specific charge identifier; does not prove non-DV.,1,1,1.0,0.0,0.0
VC,27315E,PASSENGER 16+ FAIL TO WEAR SAFETY BELT (I),other_not_identifiable,no_dv_identifier,No DV-specific charge identifier; does not prove non-DV.,1,1,1.0,0.0,0.0
VC,27400,HEADSET/ETC VIOL:VEH/BICYCLE (I),other_not_identifiable,no_dv_identifier,No DV-specific charge identifier; does not prove non-DV.,1,1,0.0,1.0,0.0
VC,2800,FAIL TO OBEY PEACE OFFICER:LAWFUL ORDER OR INSPECTION,other_not_identifiable,no_dv_identifier,No DV-specific charge identifier; does not prove non-DV.,1,1,0.0,1.0,0.0
VC,2800(A),FAIL TO OBEY PEACE OFFICER:LAWFUL ORDER OR INSPECTION,other_not_identifiable,no_dv_identifier,No DV-specific charge identifier; does not prove non-DV.,1,1,0.0,1.0,0.0
VC,2800.1(A),EVADING PEACE OFFICER,other_not_identifiable,no_dv_identifier,No DV-specific charge identifier; does not prove non-DV.,1,1,0.0,1.0,0.0
VC,2800.2(A),EVADE PEACE OFFICER WITH WANTON DISREGARD FOR SAFETY,other_not_identifiable,no_dv_identifier,No DV-specific charge identifier; does not prove non-DV.,1,1,1.0,0.0,0.0
VC,2800.4,EVADING A PEACE OFFICER:WRONG WAY DRIVER,other_not_identifiable,no_dv_identifier,No DV-specific charge identifier; does not prove non-DV.,1,1,1.0,0.0,0.0
VC,28051,UNLAWFUL ALTERATION OF ODOMETER (M),other_not_identifiable,no_dv_identifier,No DV-specific charge identifier; does not prove non-DV.,1,1,1.0,0.0,0.0
VC,2818,CROSS A TRAFFIC CONTROL CONE PATTERN/ELECTRONIC BEACON,other_not_identifiable,no_dv_identifier,No DV-specific charge identifier; does not prove non-DV.,1,1,1.0,0.0,0.0
VC,2818,CROSS A TRAFFIC CONTROL CONE PATTERN/ELECTRONIC BEACON (I),other_not_identifiable,no_dv_identifier,No DV-specific charge identifier; does not prove non-DV.,1,1,1.0,0.0,0.0
VC,38010A,OFF HIGHWAY VEHICLE FAIL TO DISPLAY ID PLATE (I),other_not_identifiable,no_dv_identifier,No DV-specific charge identifier; does not prove non-DV.,1,1,1.0,0.0,0.0
VC,38170B,ID PLATE TO BE SECURELY FASTENED AND VISIBLE (I),other_not_identifiable,no_dv_identifier,No DV-specific charge identifier; does not prove non-DV.,1,1,0.0,1.0,0.0
VC,38335,OFF HWY VEH:HEADLAMP VIOL (I),other_not_identifiable,no_dv_identifier,No DV-specific charge identifier; does not prove non-DV.,1,1,1.0,0.0,0.0
VC,4000(A)(1),CURRENT VEHICLE REGISTRATION REQUIRED,other_not_identifiable,no_dv_identifier,No DV-specific charge identifier; does not prove non-DV.,1,1,1.0,0.0,0.0
VC,4152.5,FAIL TO REGISTER FOREIGN VEHICLE IN CALIFORNIA (I),other_not_identifiable,no_dv_identifier,No DV-specific charge identifier; does not prove non-DV.,1,1,1.0,0.0,0.0
VC,4462.5,UNLAWFUL DISPLAY OF FALSE REGISTRATION/ETC.,other_not_identifiable,no_dv_identifier,No DV-specific charge identifier; does not prove non-DV.,1,1,1.0,0.0,0.0
VC,4463(B)(3),POSS/SELL ANY DISABLED PERS PLACARD:INTENT:FRAUD (M),other_not_identifiable,no_dv_identifier,No DV-specific charge identifier; does not prove non-DV.,1,1,1.0,0.0,0.0
VC,4464,DISPLAY ALTERED LIC PLATE (I),other_not_identifiable,no_dv_identifier,No DV-specific charge identifier; does not prove non-DV.,1,1,1.0,0.0,0.0
VC,5017A,SPECIAL VEH:IDENT PLATE DISPLAY VIOL (I),other_not_identifiable,no_dv_identifier,No DV-specific charge identifier; does not prove non-DV.,1,1,1.0,0.0,0.0
VC,5200,TWO PLATES REQUIRED,other_not_identifiable,no_dv_identifier,No DV-specific charge identifier; does not prove non-DV.,1,1,0.0,1.0,0.0
VC,5201(C),OBSTRUCT PLATE WITH CASING/SHIELD/FRAME/BORDER/PRODUCT OR OTHER DEVICE (I),other_not_identifiable,no_dv_identifier,No DV-specific charge identifier; does not prove non-DV.,1,1,1.0,0.0,0.0
VC,5201.1(A),LICENSE PLATE - OBSCURED (I),other_not_identifiable,no_dv_identifier,No DV-specific charge identifier; does not prove non-DV.,1,1,1.0,0.0,0.0
VSMC,9.20.020C,NO PERSON SHALL CAMP ETC. ON PRIVATE PROPERTY W/O PERMISSION,other_not_identifiable,no_dv_identifier,No DV-specific charge identifier; does not prove non-DV.,1,1,0.0,1.0,0.0
VSMC,9.20.030,"LOITER, REMAIN ON W/O APPARENT REASON/BUSINESS/PARKING LOT/SHOPPING CENTER",other_not_identifiable,no_dv_identifier,No DV-specific charge identifier; does not prove non-DV.,1,1,0.0,1.0,0.0
VSMC,9.32.030,CITY SOCIAL HOST PROHIBITION-MINOR CONSUMES ALCOHOL/CONTROLLED SUB AT PARTY,other_not_identifiable,no_dv_identifier,No DV-specific charge identifier; does not prove non-DV.,1,1,0.0,1.0,0.0
WI,10980(B),CLAIM AID WITH MULTIPLE OR FALSE APPLICATIONS (F),other_not_identifiable,no_dv_identifier,No DV-specific charge identifier; does not prove non-DV.,1,1,1.0,0.0,0.0
WI,8102(A),CONFISCATION OF FIREARM,other_not_identifiable,no_dv_identifier,No DV-specific charge identifier; does not prove non-DV.,1,1,0.0,1.0,0.0
ZZ,8,DESERTION,other_not_identifiable,no_dv_identifier,No DV-specific charge identifier; does not prove non-DV.,1,1,1.0,0.0,0.0
