institution_unitid,campus_id,campus,report_edition,report_year,category,geography,federal_count,current_asr_count,federal_status,asr_status,difference,source_url
234076,234076001,Charlottesville,2026,2024,murder,residential,0,0,reported_numeric,reported_numeric,0,https://cleryact.virginia.edu/report#page=113
234076,234076001,Charlottesville,2026,2024,murder,oncampus,0,0,reported_numeric,reported_numeric,0,https://cleryact.virginia.edu/report#page=113
234076,234076001,Charlottesville,2026,2024,murder,noncampus,0,0,reported_numeric,reported_numeric,0,https://cleryact.virginia.edu/report#page=113
234076,234076001,Charlottesville,2026,2024,murder,publicproperty,0,0,reported_numeric,reported_numeric,0,https://cleryact.virginia.edu/report#page=113
234076,234076001,Charlottesville,2026,2023,murder,residential,0,0,reported_numeric,reported_numeric,0,https://cleryact.virginia.edu/report#page=113
234076,234076001,Charlottesville,2026,2023,murder,oncampus,1,1,reported_numeric,reported_numeric,0,https://cleryact.virginia.edu/report#page=113
234076,234076001,Charlottesville,2026,2023,murder,noncampus,0,0,reported_numeric,reported_numeric,0,https://cleryact.virginia.edu/report#page=113
234076,234076001,Charlottesville,2026,2023,murder,publicproperty,0,0,reported_numeric,reported_numeric,0,https://cleryact.virginia.edu/report#page=113
234076,234076001,Charlottesville,2026,2024,negligent_manslaughter,residential,0,0,reported_numeric,reported_numeric,0,https://cleryact.virginia.edu/report#page=113
234076,234076001,Charlottesville,2026,2024,negligent_manslaughter,oncampus,0,0,reported_numeric,reported_numeric,0,https://cleryact.virginia.edu/report#page=113
234076,234076001,Charlottesville,2026,2024,negligent_manslaughter,noncampus,0,0,reported_numeric,reported_numeric,0,https://cleryact.virginia.edu/report#page=113
234076,234076001,Charlottesville,2026,2024,negligent_manslaughter,publicproperty,0,0,reported_numeric,reported_numeric,0,https://cleryact.virginia.edu/report#page=113
234076,234076001,Charlottesville,2026,2023,negligent_manslaughter,residential,0,0,reported_numeric,reported_numeric,0,https://cleryact.virginia.edu/report#page=113
234076,234076001,Charlottesville,2026,2023,negligent_manslaughter,oncampus,0,0,reported_numeric,reported_numeric,0,https://cleryact.virginia.edu/report#page=113
234076,234076001,Charlottesville,2026,2023,negligent_manslaughter,noncampus,0,0,reported_numeric,reported_numeric,0,https://cleryact.virginia.edu/report#page=113
234076,234076001,Charlottesville,2026,2023,negligent_manslaughter,publicproperty,0,0,reported_numeric,reported_numeric,0,https://cleryact.virginia.edu/report#page=113
234076,234076001,Charlottesville,2026,2024,rape,residential,17,17,reported_numeric,reported_numeric,0,https://cleryact.virginia.edu/report#page=113
234076,234076001,Charlottesville,2026,2024,rape,oncampus,19,19,reported_numeric,reported_numeric,0,https://cleryact.virginia.edu/report#page=113
234076,234076001,Charlottesville,2026,2024,rape,noncampus,0,0,reported_numeric,reported_numeric,0,https://cleryact.virginia.edu/report#page=113
234076,234076001,Charlottesville,2026,2024,rape,publicproperty,0,0,reported_numeric,reported_numeric,0,https://cleryact.virginia.edu/report#page=113
234076,234076001,Charlottesville,2026,2023,rape,residential,12,12,reported_numeric,reported_numeric,0,https://cleryact.virginia.edu/report#page=113
234076,234076001,Charlottesville,2026,2023,rape,oncampus,17,17,reported_numeric,reported_numeric,0,https://cleryact.virginia.edu/report#page=113
234076,234076001,Charlottesville,2026,2023,rape,noncampus,3,3,reported_numeric,reported_numeric,0,https://cleryact.virginia.edu/report#page=113
234076,234076001,Charlottesville,2026,2023,rape,publicproperty,0,0,reported_numeric,reported_numeric,0,https://cleryact.virginia.edu/report#page=113
234076,234076001,Charlottesville,2026,2024,fondling,residential,2,2,reported_numeric,reported_numeric,0,https://cleryact.virginia.edu/report#page=113
234076,234076001,Charlottesville,2026,2024,fondling,oncampus,62,62,reported_numeric,reported_numeric,0,https://cleryact.virginia.edu/report#page=113
234076,234076001,Charlottesville,2026,2024,fondling,noncampus,1,1,reported_numeric,reported_numeric,0,https://cleryact.virginia.edu/report#page=113
234076,234076001,Charlottesville,2026,2024,fondling,publicproperty,1,1,reported_numeric,reported_numeric,0,https://cleryact.virginia.edu/report#page=113
234076,234076001,Charlottesville,2026,2023,fondling,residential,1,1,reported_numeric,reported_numeric,0,https://cleryact.virginia.edu/report#page=113
234076,234076001,Charlottesville,2026,2023,fondling,oncampus,18,18,reported_numeric,reported_numeric,0,https://cleryact.virginia.edu/report#page=113
234076,234076001,Charlottesville,2026,2023,fondling,noncampus,5,5,reported_numeric,reported_numeric,0,https://cleryact.virginia.edu/report#page=113
234076,234076001,Charlottesville,2026,2023,fondling,publicproperty,0,0,reported_numeric,reported_numeric,0,https://cleryact.virginia.edu/report#page=113
234076,234076001,Charlottesville,2026,2024,incest,residential,0,0,reported_numeric,reported_numeric,0,https://cleryact.virginia.edu/report#page=113
234076,234076001,Charlottesville,2026,2024,incest,oncampus,0,0,reported_numeric,reported_numeric,0,https://cleryact.virginia.edu/report#page=113
234076,234076001,Charlottesville,2026,2024,incest,noncampus,0,0,reported_numeric,reported_numeric,0,https://cleryact.virginia.edu/report#page=113
234076,234076001,Charlottesville,2026,2024,incest,publicproperty,0,0,reported_numeric,reported_numeric,0,https://cleryact.virginia.edu/report#page=113
234076,234076001,Charlottesville,2026,2023,incest,residential,0,0,reported_numeric,reported_numeric,0,https://cleryact.virginia.edu/report#page=113
234076,234076001,Charlottesville,2026,2023,incest,oncampus,0,0,reported_numeric,reported_numeric,0,https://cleryact.virginia.edu/report#page=113
234076,234076001,Charlottesville,2026,2023,incest,noncampus,0,0,reported_numeric,reported_numeric,0,https://cleryact.virginia.edu/report#page=113
234076,234076001,Charlottesville,2026,2023,incest,publicproperty,0,0,reported_numeric,reported_numeric,0,https://cleryact.virginia.edu/report#page=113
234076,234076001,Charlottesville,2026,2024,statutory_rape,residential,0,0,reported_numeric,reported_numeric,0,https://cleryact.virginia.edu/report#page=113
234076,234076001,Charlottesville,2026,2024,statutory_rape,oncampus,0,0,reported_numeric,reported_numeric,0,https://cleryact.virginia.edu/report#page=113
234076,234076001,Charlottesville,2026,2024,statutory_rape,noncampus,0,0,reported_numeric,reported_numeric,0,https://cleryact.virginia.edu/report#page=113
234076,234076001,Charlottesville,2026,2024,statutory_rape,publicproperty,0,0,reported_numeric,reported_numeric,0,https://cleryact.virginia.edu/report#page=113
234076,234076001,Charlottesville,2026,2023,statutory_rape,residential,0,0,reported_numeric,reported_numeric,0,https://cleryact.virginia.edu/report#page=113
234076,234076001,Charlottesville,2026,2023,statutory_rape,oncampus,0,0,reported_numeric,reported_numeric,0,https://cleryact.virginia.edu/report#page=113
234076,234076001,Charlottesville,2026,2023,statutory_rape,noncampus,0,0,reported_numeric,reported_numeric,0,https://cleryact.virginia.edu/report#page=113
234076,234076001,Charlottesville,2026,2023,statutory_rape,publicproperty,0,0,reported_numeric,reported_numeric,0,https://cleryact.virginia.edu/report#page=113
234076,234076001,Charlottesville,2026,2024,robbery,residential,0,0,reported_numeric,reported_numeric,0,https://cleryact.virginia.edu/report#page=113
234076,234076001,Charlottesville,2026,2024,robbery,oncampus,0,0,reported_numeric,reported_numeric,0,https://cleryact.virginia.edu/report#page=113
234076,234076001,Charlottesville,2026,2024,robbery,noncampus,0,0,reported_numeric,reported_numeric,0,https://cleryact.virginia.edu/report#page=113
234076,234076001,Charlottesville,2026,2024,robbery,publicproperty,0,0,reported_numeric,reported_numeric,0,https://cleryact.virginia.edu/report#page=113
234076,234076001,Charlottesville,2026,2023,robbery,residential,0,0,reported_numeric,reported_numeric,0,https://cleryact.virginia.edu/report#page=113
234076,234076001,Charlottesville,2026,2023,robbery,oncampus,2,2,reported_numeric,reported_numeric,0,https://cleryact.virginia.edu/report#page=113
234076,234076001,Charlottesville,2026,2023,robbery,noncampus,0,0,reported_numeric,reported_numeric,0,https://cleryact.virginia.edu/report#page=113
234076,234076001,Charlottesville,2026,2023,robbery,publicproperty,0,0,reported_numeric,reported_numeric,0,https://cleryact.virginia.edu/report#page=113
234076,234076001,Charlottesville,2026,2024,aggravated_assault,residential,0,0,reported_numeric,reported_numeric,0,https://cleryact.virginia.edu/report#page=113
234076,234076001,Charlottesville,2026,2024,aggravated_assault,oncampus,17,17,reported_numeric,reported_numeric,0,https://cleryact.virginia.edu/report#page=113
234076,234076001,Charlottesville,2026,2024,aggravated_assault,noncampus,5,5,reported_numeric,reported_numeric,0,https://cleryact.virginia.edu/report#page=113
234076,234076001,Charlottesville,2026,2024,aggravated_assault,publicproperty,5,5,reported_numeric,reported_numeric,0,https://cleryact.virginia.edu/report#page=113
234076,234076001,Charlottesville,2026,2023,aggravated_assault,residential,2,2,reported_numeric,reported_numeric,0,https://cleryact.virginia.edu/report#page=113
234076,234076001,Charlottesville,2026,2023,aggravated_assault,oncampus,16,16,reported_numeric,reported_numeric,0,https://cleryact.virginia.edu/report#page=113
234076,234076001,Charlottesville,2026,2023,aggravated_assault,noncampus,2,2,reported_numeric,reported_numeric,0,https://cleryact.virginia.edu/report#page=113
234076,234076001,Charlottesville,2026,2023,aggravated_assault,publicproperty,3,3,reported_numeric,reported_numeric,0,https://cleryact.virginia.edu/report#page=113
234076,234076001,Charlottesville,2026,2024,burglary,residential,5,5,reported_numeric,reported_numeric,0,https://cleryact.virginia.edu/report#page=113
234076,234076001,Charlottesville,2026,2024,burglary,oncampus,13,13,reported_numeric,reported_numeric,0,https://cleryact.virginia.edu/report#page=113
234076,234076001,Charlottesville,2026,2024,burglary,noncampus,4,4,reported_numeric,reported_numeric,0,https://cleryact.virginia.edu/report#page=113
234076,234076001,Charlottesville,2026,2024,burglary,publicproperty,0,0,reported_numeric,reported_numeric,0,https://cleryact.virginia.edu/report#page=113
234076,234076001,Charlottesville,2026,2023,burglary,residential,2,2,reported_numeric,reported_numeric,0,https://cleryact.virginia.edu/report#page=113
234076,234076001,Charlottesville,2026,2023,burglary,oncampus,13,13,reported_numeric,reported_numeric,0,https://cleryact.virginia.edu/report#page=113
234076,234076001,Charlottesville,2026,2023,burglary,noncampus,6,6,reported_numeric,reported_numeric,0,https://cleryact.virginia.edu/report#page=113
234076,234076001,Charlottesville,2026,2023,burglary,publicproperty,0,0,reported_numeric,reported_numeric,0,https://cleryact.virginia.edu/report#page=113
234076,234076001,Charlottesville,2026,2024,motor_vehicle_theft,residential,1,1,reported_numeric,reported_numeric,0,https://cleryact.virginia.edu/report#page=113
234076,234076001,Charlottesville,2026,2024,motor_vehicle_theft,oncampus,126,126,reported_numeric,reported_numeric,0,https://cleryact.virginia.edu/report#page=113
234076,234076001,Charlottesville,2026,2024,motor_vehicle_theft,noncampus,0,0,reported_numeric,reported_numeric,0,https://cleryact.virginia.edu/report#page=113
234076,234076001,Charlottesville,2026,2024,motor_vehicle_theft,publicproperty,0,0,reported_numeric,reported_numeric,0,https://cleryact.virginia.edu/report#page=113
234076,234076001,Charlottesville,2026,2023,motor_vehicle_theft,residential,4,4,reported_numeric,reported_numeric,0,https://cleryact.virginia.edu/report#page=113
234076,234076001,Charlottesville,2026,2023,motor_vehicle_theft,oncampus,84,84,reported_numeric,reported_numeric,0,https://cleryact.virginia.edu/report#page=113
234076,234076001,Charlottesville,2026,2023,motor_vehicle_theft,noncampus,1,1,reported_numeric,reported_numeric,0,https://cleryact.virginia.edu/report#page=113
234076,234076001,Charlottesville,2026,2023,motor_vehicle_theft,publicproperty,1,1,reported_numeric,reported_numeric,0,https://cleryact.virginia.edu/report#page=113
234076,234076001,Charlottesville,2026,2024,arson,residential,0,0,reported_numeric,reported_numeric,0,https://cleryact.virginia.edu/report#page=113
234076,234076001,Charlottesville,2026,2024,arson,oncampus,1,1,reported_numeric,reported_numeric,0,https://cleryact.virginia.edu/report#page=113
234076,234076001,Charlottesville,2026,2024,arson,noncampus,0,0,reported_numeric,reported_numeric,0,https://cleryact.virginia.edu/report#page=113
234076,234076001,Charlottesville,2026,2024,arson,publicproperty,0,0,reported_numeric,reported_numeric,0,https://cleryact.virginia.edu/report#page=113
234076,234076001,Charlottesville,2026,2023,arson,residential,0,0,reported_numeric,reported_numeric,0,https://cleryact.virginia.edu/report#page=113
234076,234076001,Charlottesville,2026,2023,arson,oncampus,2,2,reported_numeric,reported_numeric,0,https://cleryact.virginia.edu/report#page=113
234076,234076001,Charlottesville,2026,2023,arson,noncampus,0,0,reported_numeric,reported_numeric,0,https://cleryact.virginia.edu/report#page=113
234076,234076001,Charlottesville,2026,2023,arson,publicproperty,0,0,reported_numeric,reported_numeric,0,https://cleryact.virginia.edu/report#page=113
234076,234076001,Charlottesville,2026,2024,dating_violence,residential,8,8,reported_numeric,reported_numeric,0,https://cleryact.virginia.edu/report#page=113
234076,234076001,Charlottesville,2026,2024,dating_violence,oncampus,14,14,reported_numeric,reported_numeric,0,https://cleryact.virginia.edu/report#page=113
234076,234076001,Charlottesville,2026,2024,dating_violence,noncampus,0,0,reported_numeric,reported_numeric,0,https://cleryact.virginia.edu/report#page=113
234076,234076001,Charlottesville,2026,2024,dating_violence,publicproperty,0,0,reported_numeric,reported_numeric,0,https://cleryact.virginia.edu/report#page=113
234076,234076001,Charlottesville,2026,2023,dating_violence,residential,10,10,reported_numeric,reported_numeric,0,https://cleryact.virginia.edu/report#page=113
234076,234076001,Charlottesville,2026,2023,dating_violence,oncampus,16,16,reported_numeric,reported_numeric,0,https://cleryact.virginia.edu/report#page=113
234076,234076001,Charlottesville,2026,2023,dating_violence,noncampus,0,0,reported_numeric,reported_numeric,0,https://cleryact.virginia.edu/report#page=113
234076,234076001,Charlottesville,2026,2023,dating_violence,publicproperty,0,0,reported_numeric,reported_numeric,0,https://cleryact.virginia.edu/report#page=113
234076,234076001,Charlottesville,2026,2024,domestic_violence,residential,0,0,reported_numeric,reported_numeric,0,https://cleryact.virginia.edu/report#page=113
234076,234076001,Charlottesville,2026,2024,domestic_violence,oncampus,7,7,reported_numeric,reported_numeric,0,https://cleryact.virginia.edu/report#page=113
234076,234076001,Charlottesville,2026,2024,domestic_violence,noncampus,7,7,reported_numeric,reported_numeric,0,https://cleryact.virginia.edu/report#page=113
234076,234076001,Charlottesville,2026,2024,domestic_violence,publicproperty,0,0,reported_numeric,reported_numeric,0,https://cleryact.virginia.edu/report#page=113
234076,234076001,Charlottesville,2026,2023,domestic_violence,residential,0,0,reported_numeric,reported_numeric,0,https://cleryact.virginia.edu/report#page=113
234076,234076001,Charlottesville,2026,2023,domestic_violence,oncampus,9,9,reported_numeric,reported_numeric,0,https://cleryact.virginia.edu/report#page=113
234076,234076001,Charlottesville,2026,2023,domestic_violence,noncampus,3,3,reported_numeric,reported_numeric,0,https://cleryact.virginia.edu/report#page=113
234076,234076001,Charlottesville,2026,2023,domestic_violence,publicproperty,0,0,reported_numeric,reported_numeric,0,https://cleryact.virginia.edu/report#page=113
234076,234076001,Charlottesville,2026,2024,stalking,residential,20,20,reported_numeric,reported_numeric,0,https://cleryact.virginia.edu/report#page=113
234076,234076001,Charlottesville,2026,2024,stalking,oncampus,85,85,reported_numeric,reported_numeric,0,https://cleryact.virginia.edu/report#page=113
234076,234076001,Charlottesville,2026,2024,stalking,noncampus,3,3,reported_numeric,reported_numeric,0,https://cleryact.virginia.edu/report#page=113
234076,234076001,Charlottesville,2026,2024,stalking,publicproperty,1,1,reported_numeric,reported_numeric,0,https://cleryact.virginia.edu/report#page=113
234076,234076001,Charlottesville,2026,2023,stalking,residential,16,16,reported_numeric,reported_numeric,0,https://cleryact.virginia.edu/report#page=113
234076,234076001,Charlottesville,2026,2023,stalking,oncampus,40,40,reported_numeric,reported_numeric,0,https://cleryact.virginia.edu/report#page=113
234076,234076001,Charlottesville,2026,2023,stalking,noncampus,1,1,reported_numeric,reported_numeric,0,https://cleryact.virginia.edu/report#page=113
234076,234076001,Charlottesville,2026,2023,stalking,publicproperty,0,0,reported_numeric,reported_numeric,0,https://cleryact.virginia.edu/report#page=113
234076,234076012,Darden Sands Family Grounds,2026,2024,murder,residential,,,blank_source_cell,source_not_applicable,,https://cleryact.virginia.edu/report#page=123
234076,234076012,Darden Sands Family Grounds,2026,2024,murder,oncampus,0,0,reported_numeric,reported_numeric,0,https://cleryact.virginia.edu/report#page=123
234076,234076012,Darden Sands Family Grounds,2026,2024,murder,noncampus,0,0,reported_numeric,reported_numeric,0,https://cleryact.virginia.edu/report#page=123
234076,234076012,Darden Sands Family Grounds,2026,2024,murder,publicproperty,0,0,reported_numeric,reported_numeric,0,https://cleryact.virginia.edu/report#page=123
234076,234076012,Darden Sands Family Grounds,2026,2023,murder,residential,,,blank_source_cell,source_not_applicable,,https://cleryact.virginia.edu/report#page=123
234076,234076012,Darden Sands Family Grounds,2026,2023,murder,oncampus,0,0,reported_numeric,reported_numeric,0,https://cleryact.virginia.edu/report#page=123
234076,234076012,Darden Sands Family Grounds,2026,2023,murder,noncampus,0,0,reported_numeric,reported_numeric,0,https://cleryact.virginia.edu/report#page=123
234076,234076012,Darden Sands Family Grounds,2026,2023,murder,publicproperty,0,0,reported_numeric,reported_numeric,0,https://cleryact.virginia.edu/report#page=123
234076,234076012,Darden Sands Family Grounds,2026,2024,negligent_manslaughter,residential,,,blank_source_cell,source_not_applicable,,https://cleryact.virginia.edu/report#page=123
234076,234076012,Darden Sands Family Grounds,2026,2024,negligent_manslaughter,oncampus,0,0,reported_numeric,reported_numeric,0,https://cleryact.virginia.edu/report#page=123
234076,234076012,Darden Sands Family Grounds,2026,2024,negligent_manslaughter,noncampus,0,0,reported_numeric,reported_numeric,0,https://cleryact.virginia.edu/report#page=123
234076,234076012,Darden Sands Family Grounds,2026,2024,negligent_manslaughter,publicproperty,0,0,reported_numeric,reported_numeric,0,https://cleryact.virginia.edu/report#page=123
234076,234076012,Darden Sands Family Grounds,2026,2023,negligent_manslaughter,residential,,,blank_source_cell,source_not_applicable,,https://cleryact.virginia.edu/report#page=123
234076,234076012,Darden Sands Family Grounds,2026,2023,negligent_manslaughter,oncampus,0,0,reported_numeric,reported_numeric,0,https://cleryact.virginia.edu/report#page=123
234076,234076012,Darden Sands Family Grounds,2026,2023,negligent_manslaughter,noncampus,0,0,reported_numeric,reported_numeric,0,https://cleryact.virginia.edu/report#page=123
234076,234076012,Darden Sands Family Grounds,2026,2023,negligent_manslaughter,publicproperty,0,0,reported_numeric,reported_numeric,0,https://cleryact.virginia.edu/report#page=123
234076,234076012,Darden Sands Family Grounds,2026,2024,rape,residential,,,blank_source_cell,source_not_applicable,,https://cleryact.virginia.edu/report#page=123
234076,234076012,Darden Sands Family Grounds,2026,2024,rape,oncampus,0,0,reported_numeric,reported_numeric,0,https://cleryact.virginia.edu/report#page=123
234076,234076012,Darden Sands Family Grounds,2026,2024,rape,noncampus,0,0,reported_numeric,reported_numeric,0,https://cleryact.virginia.edu/report#page=123
234076,234076012,Darden Sands Family Grounds,2026,2024,rape,publicproperty,0,0,reported_numeric,reported_numeric,0,https://cleryact.virginia.edu/report#page=123
234076,234076012,Darden Sands Family Grounds,2026,2023,rape,residential,,,blank_source_cell,source_not_applicable,,https://cleryact.virginia.edu/report#page=123
234076,234076012,Darden Sands Family Grounds,2026,2023,rape,oncampus,0,0,reported_numeric,reported_numeric,0,https://cleryact.virginia.edu/report#page=123
234076,234076012,Darden Sands Family Grounds,2026,2023,rape,noncampus,0,0,reported_numeric,reported_numeric,0,https://cleryact.virginia.edu/report#page=123
234076,234076012,Darden Sands Family Grounds,2026,2023,rape,publicproperty,0,0,reported_numeric,reported_numeric,0,https://cleryact.virginia.edu/report#page=123
234076,234076012,Darden Sands Family Grounds,2026,2024,fondling,residential,,,blank_source_cell,source_not_applicable,,https://cleryact.virginia.edu/report#page=123
234076,234076012,Darden Sands Family Grounds,2026,2024,fondling,oncampus,0,0,reported_numeric,reported_numeric,0,https://cleryact.virginia.edu/report#page=123
234076,234076012,Darden Sands Family Grounds,2026,2024,fondling,noncampus,0,0,reported_numeric,reported_numeric,0,https://cleryact.virginia.edu/report#page=123
234076,234076012,Darden Sands Family Grounds,2026,2024,fondling,publicproperty,0,0,reported_numeric,reported_numeric,0,https://cleryact.virginia.edu/report#page=123
234076,234076012,Darden Sands Family Grounds,2026,2023,fondling,residential,,,blank_source_cell,source_not_applicable,,https://cleryact.virginia.edu/report#page=123
234076,234076012,Darden Sands Family Grounds,2026,2023,fondling,oncampus,0,0,reported_numeric,reported_numeric,0,https://cleryact.virginia.edu/report#page=123
234076,234076012,Darden Sands Family Grounds,2026,2023,fondling,noncampus,0,0,reported_numeric,reported_numeric,0,https://cleryact.virginia.edu/report#page=123
234076,234076012,Darden Sands Family Grounds,2026,2023,fondling,publicproperty,0,0,reported_numeric,reported_numeric,0,https://cleryact.virginia.edu/report#page=123
234076,234076012,Darden Sands Family Grounds,2026,2024,incest,residential,,,blank_source_cell,source_not_applicable,,https://cleryact.virginia.edu/report#page=123
234076,234076012,Darden Sands Family Grounds,2026,2024,incest,oncampus,0,0,reported_numeric,reported_numeric,0,https://cleryact.virginia.edu/report#page=123
234076,234076012,Darden Sands Family Grounds,2026,2024,incest,noncampus,0,0,reported_numeric,reported_numeric,0,https://cleryact.virginia.edu/report#page=123
234076,234076012,Darden Sands Family Grounds,2026,2024,incest,publicproperty,0,0,reported_numeric,reported_numeric,0,https://cleryact.virginia.edu/report#page=123
234076,234076012,Darden Sands Family Grounds,2026,2023,incest,residential,,,blank_source_cell,source_not_applicable,,https://cleryact.virginia.edu/report#page=123
234076,234076012,Darden Sands Family Grounds,2026,2023,incest,oncampus,0,0,reported_numeric,reported_numeric,0,https://cleryact.virginia.edu/report#page=123
234076,234076012,Darden Sands Family Grounds,2026,2023,incest,noncampus,0,0,reported_numeric,reported_numeric,0,https://cleryact.virginia.edu/report#page=123
234076,234076012,Darden Sands Family Grounds,2026,2023,incest,publicproperty,0,0,reported_numeric,reported_numeric,0,https://cleryact.virginia.edu/report#page=123
234076,234076012,Darden Sands Family Grounds,2026,2024,statutory_rape,residential,,,blank_source_cell,source_not_applicable,,https://cleryact.virginia.edu/report#page=123
234076,234076012,Darden Sands Family Grounds,2026,2024,statutory_rape,oncampus,0,0,reported_numeric,reported_numeric,0,https://cleryact.virginia.edu/report#page=123
234076,234076012,Darden Sands Family Grounds,2026,2024,statutory_rape,noncampus,0,0,reported_numeric,reported_numeric,0,https://cleryact.virginia.edu/report#page=123
234076,234076012,Darden Sands Family Grounds,2026,2024,statutory_rape,publicproperty,0,0,reported_numeric,reported_numeric,0,https://cleryact.virginia.edu/report#page=123
234076,234076012,Darden Sands Family Grounds,2026,2023,statutory_rape,residential,,,blank_source_cell,source_not_applicable,,https://cleryact.virginia.edu/report#page=123
234076,234076012,Darden Sands Family Grounds,2026,2023,statutory_rape,oncampus,0,0,reported_numeric,reported_numeric,0,https://cleryact.virginia.edu/report#page=123
234076,234076012,Darden Sands Family Grounds,2026,2023,statutory_rape,noncampus,0,0,reported_numeric,reported_numeric,0,https://cleryact.virginia.edu/report#page=123
234076,234076012,Darden Sands Family Grounds,2026,2023,statutory_rape,publicproperty,0,0,reported_numeric,reported_numeric,0,https://cleryact.virginia.edu/report#page=123
234076,234076012,Darden Sands Family Grounds,2026,2024,robbery,residential,,,blank_source_cell,source_not_applicable,,https://cleryact.virginia.edu/report#page=123
234076,234076012,Darden Sands Family Grounds,2026,2024,robbery,oncampus,0,0,reported_numeric,reported_numeric,0,https://cleryact.virginia.edu/report#page=123
234076,234076012,Darden Sands Family Grounds,2026,2024,robbery,noncampus,0,0,reported_numeric,reported_numeric,0,https://cleryact.virginia.edu/report#page=123
234076,234076012,Darden Sands Family Grounds,2026,2024,robbery,publicproperty,0,0,reported_numeric,reported_numeric,0,https://cleryact.virginia.edu/report#page=123
234076,234076012,Darden Sands Family Grounds,2026,2023,robbery,residential,,,blank_source_cell,source_not_applicable,,https://cleryact.virginia.edu/report#page=123
234076,234076012,Darden Sands Family Grounds,2026,2023,robbery,oncampus,0,0,reported_numeric,reported_numeric,0,https://cleryact.virginia.edu/report#page=123
234076,234076012,Darden Sands Family Grounds,2026,2023,robbery,noncampus,0,0,reported_numeric,reported_numeric,0,https://cleryact.virginia.edu/report#page=123
234076,234076012,Darden Sands Family Grounds,2026,2023,robbery,publicproperty,0,0,reported_numeric,reported_numeric,0,https://cleryact.virginia.edu/report#page=123
234076,234076012,Darden Sands Family Grounds,2026,2024,aggravated_assault,residential,,,blank_source_cell,source_not_applicable,,https://cleryact.virginia.edu/report#page=123
234076,234076012,Darden Sands Family Grounds,2026,2024,aggravated_assault,oncampus,0,0,reported_numeric,reported_numeric,0,https://cleryact.virginia.edu/report#page=123
234076,234076012,Darden Sands Family Grounds,2026,2024,aggravated_assault,noncampus,0,0,reported_numeric,reported_numeric,0,https://cleryact.virginia.edu/report#page=123
234076,234076012,Darden Sands Family Grounds,2026,2024,aggravated_assault,publicproperty,0,0,reported_numeric,reported_numeric,0,https://cleryact.virginia.edu/report#page=123
234076,234076012,Darden Sands Family Grounds,2026,2023,aggravated_assault,residential,,,blank_source_cell,source_not_applicable,,https://cleryact.virginia.edu/report#page=123
234076,234076012,Darden Sands Family Grounds,2026,2023,aggravated_assault,oncampus,0,0,reported_numeric,reported_numeric,0,https://cleryact.virginia.edu/report#page=123
234076,234076012,Darden Sands Family Grounds,2026,2023,aggravated_assault,noncampus,0,0,reported_numeric,reported_numeric,0,https://cleryact.virginia.edu/report#page=123
234076,234076012,Darden Sands Family Grounds,2026,2023,aggravated_assault,publicproperty,0,0,reported_numeric,reported_numeric,0,https://cleryact.virginia.edu/report#page=123
234076,234076012,Darden Sands Family Grounds,2026,2024,burglary,residential,,,blank_source_cell,source_not_applicable,,https://cleryact.virginia.edu/report#page=123
234076,234076012,Darden Sands Family Grounds,2026,2024,burglary,oncampus,0,0,reported_numeric,reported_numeric,0,https://cleryact.virginia.edu/report#page=123
234076,234076012,Darden Sands Family Grounds,2026,2024,burglary,noncampus,0,0,reported_numeric,reported_numeric,0,https://cleryact.virginia.edu/report#page=123
234076,234076012,Darden Sands Family Grounds,2026,2024,burglary,publicproperty,0,0,reported_numeric,reported_numeric,0,https://cleryact.virginia.edu/report#page=123
234076,234076012,Darden Sands Family Grounds,2026,2023,burglary,residential,,,blank_source_cell,source_not_applicable,,https://cleryact.virginia.edu/report#page=123
234076,234076012,Darden Sands Family Grounds,2026,2023,burglary,oncampus,0,0,reported_numeric,reported_numeric,0,https://cleryact.virginia.edu/report#page=123
234076,234076012,Darden Sands Family Grounds,2026,2023,burglary,noncampus,0,0,reported_numeric,reported_numeric,0,https://cleryact.virginia.edu/report#page=123
234076,234076012,Darden Sands Family Grounds,2026,2023,burglary,publicproperty,0,0,reported_numeric,reported_numeric,0,https://cleryact.virginia.edu/report#page=123
234076,234076012,Darden Sands Family Grounds,2026,2024,motor_vehicle_theft,residential,,,blank_source_cell,source_not_applicable,,https://cleryact.virginia.edu/report#page=123
234076,234076012,Darden Sands Family Grounds,2026,2024,motor_vehicle_theft,oncampus,0,0,reported_numeric,reported_numeric,0,https://cleryact.virginia.edu/report#page=123
234076,234076012,Darden Sands Family Grounds,2026,2024,motor_vehicle_theft,noncampus,0,0,reported_numeric,reported_numeric,0,https://cleryact.virginia.edu/report#page=123
234076,234076012,Darden Sands Family Grounds,2026,2024,motor_vehicle_theft,publicproperty,0,0,reported_numeric,reported_numeric,0,https://cleryact.virginia.edu/report#page=123
234076,234076012,Darden Sands Family Grounds,2026,2023,motor_vehicle_theft,residential,,,blank_source_cell,source_not_applicable,,https://cleryact.virginia.edu/report#page=123
234076,234076012,Darden Sands Family Grounds,2026,2023,motor_vehicle_theft,oncampus,0,0,reported_numeric,reported_numeric,0,https://cleryact.virginia.edu/report#page=123
234076,234076012,Darden Sands Family Grounds,2026,2023,motor_vehicle_theft,noncampus,0,0,reported_numeric,reported_numeric,0,https://cleryact.virginia.edu/report#page=123
234076,234076012,Darden Sands Family Grounds,2026,2023,motor_vehicle_theft,publicproperty,0,0,reported_numeric,reported_numeric,0,https://cleryact.virginia.edu/report#page=123
234076,234076012,Darden Sands Family Grounds,2026,2024,arson,residential,,,blank_source_cell,source_not_applicable,,https://cleryact.virginia.edu/report#page=123
234076,234076012,Darden Sands Family Grounds,2026,2024,arson,oncampus,0,0,reported_numeric,reported_numeric,0,https://cleryact.virginia.edu/report#page=123
234076,234076012,Darden Sands Family Grounds,2026,2024,arson,noncampus,0,0,reported_numeric,reported_numeric,0,https://cleryact.virginia.edu/report#page=123
234076,234076012,Darden Sands Family Grounds,2026,2024,arson,publicproperty,0,0,reported_numeric,reported_numeric,0,https://cleryact.virginia.edu/report#page=123
234076,234076012,Darden Sands Family Grounds,2026,2023,arson,residential,,,blank_source_cell,source_not_applicable,,https://cleryact.virginia.edu/report#page=123
234076,234076012,Darden Sands Family Grounds,2026,2023,arson,oncampus,0,0,reported_numeric,reported_numeric,0,https://cleryact.virginia.edu/report#page=123
234076,234076012,Darden Sands Family Grounds,2026,2023,arson,noncampus,0,0,reported_numeric,reported_numeric,0,https://cleryact.virginia.edu/report#page=123
234076,234076012,Darden Sands Family Grounds,2026,2023,arson,publicproperty,0,0,reported_numeric,reported_numeric,0,https://cleryact.virginia.edu/report#page=123
234076,234076012,Darden Sands Family Grounds,2026,2024,dating_violence,residential,,,blank_source_cell,source_not_applicable,,https://cleryact.virginia.edu/report#page=123
234076,234076012,Darden Sands Family Grounds,2026,2024,dating_violence,oncampus,0,0,reported_numeric,reported_numeric,0,https://cleryact.virginia.edu/report#page=123
234076,234076012,Darden Sands Family Grounds,2026,2024,dating_violence,noncampus,0,0,reported_numeric,reported_numeric,0,https://cleryact.virginia.edu/report#page=123
234076,234076012,Darden Sands Family Grounds,2026,2024,dating_violence,publicproperty,0,0,reported_numeric,reported_numeric,0,https://cleryact.virginia.edu/report#page=123
234076,234076012,Darden Sands Family Grounds,2026,2023,dating_violence,residential,,,blank_source_cell,source_not_applicable,,https://cleryact.virginia.edu/report#page=123
234076,234076012,Darden Sands Family Grounds,2026,2023,dating_violence,oncampus,0,0,reported_numeric,reported_numeric,0,https://cleryact.virginia.edu/report#page=123
234076,234076012,Darden Sands Family Grounds,2026,2023,dating_violence,noncampus,0,0,reported_numeric,reported_numeric,0,https://cleryact.virginia.edu/report#page=123
234076,234076012,Darden Sands Family Grounds,2026,2023,dating_violence,publicproperty,0,0,reported_numeric,reported_numeric,0,https://cleryact.virginia.edu/report#page=123
234076,234076012,Darden Sands Family Grounds,2026,2024,domestic_violence,residential,,,blank_source_cell,source_not_applicable,,https://cleryact.virginia.edu/report#page=123
234076,234076012,Darden Sands Family Grounds,2026,2024,domestic_violence,oncampus,0,0,reported_numeric,reported_numeric,0,https://cleryact.virginia.edu/report#page=123
234076,234076012,Darden Sands Family Grounds,2026,2024,domestic_violence,noncampus,0,0,reported_numeric,reported_numeric,0,https://cleryact.virginia.edu/report#page=123
234076,234076012,Darden Sands Family Grounds,2026,2024,domestic_violence,publicproperty,0,0,reported_numeric,reported_numeric,0,https://cleryact.virginia.edu/report#page=123
234076,234076012,Darden Sands Family Grounds,2026,2023,domestic_violence,residential,,,blank_source_cell,source_not_applicable,,https://cleryact.virginia.edu/report#page=123
234076,234076012,Darden Sands Family Grounds,2026,2023,domestic_violence,oncampus,0,0,reported_numeric,reported_numeric,0,https://cleryact.virginia.edu/report#page=123
234076,234076012,Darden Sands Family Grounds,2026,2023,domestic_violence,noncampus,0,0,reported_numeric,reported_numeric,0,https://cleryact.virginia.edu/report#page=123
234076,234076012,Darden Sands Family Grounds,2026,2023,domestic_violence,publicproperty,0,0,reported_numeric,reported_numeric,0,https://cleryact.virginia.edu/report#page=123
234076,234076012,Darden Sands Family Grounds,2026,2024,stalking,residential,,,blank_source_cell,source_not_applicable,,https://cleryact.virginia.edu/report#page=123
234076,234076012,Darden Sands Family Grounds,2026,2024,stalking,oncampus,0,0,reported_numeric,reported_numeric,0,https://cleryact.virginia.edu/report#page=123
234076,234076012,Darden Sands Family Grounds,2026,2024,stalking,noncampus,0,0,reported_numeric,reported_numeric,0,https://cleryact.virginia.edu/report#page=123
234076,234076012,Darden Sands Family Grounds,2026,2024,stalking,publicproperty,0,0,reported_numeric,reported_numeric,0,https://cleryact.virginia.edu/report#page=123
234076,234076012,Darden Sands Family Grounds,2026,2023,stalking,residential,,,blank_source_cell,source_not_applicable,,https://cleryact.virginia.edu/report#page=123
234076,234076012,Darden Sands Family Grounds,2026,2023,stalking,oncampus,0,0,reported_numeric,reported_numeric,0,https://cleryact.virginia.edu/report#page=123
234076,234076012,Darden Sands Family Grounds,2026,2023,stalking,noncampus,0,0,reported_numeric,reported_numeric,0,https://cleryact.virginia.edu/report#page=123
234076,234076012,Darden Sands Family Grounds,2026,2023,stalking,publicproperty,0,0,reported_numeric,reported_numeric,0,https://cleryact.virginia.edu/report#page=123
234076,234076009,Mountain Lake Biological Station,2026,2024,murder,residential,0,0,reported_numeric,reported_numeric,0,https://cleryact.virginia.edu/report#page=131
234076,234076009,Mountain Lake Biological Station,2026,2024,murder,oncampus,0,0,reported_numeric,reported_numeric,0,https://cleryact.virginia.edu/report#page=131
234076,234076009,Mountain Lake Biological Station,2026,2024,murder,noncampus,,,blank_source_cell,source_not_applicable,,https://cleryact.virginia.edu/report#page=131
234076,234076009,Mountain Lake Biological Station,2026,2024,murder,publicproperty,0,0,reported_numeric,reported_numeric,0,https://cleryact.virginia.edu/report#page=131
234076,234076009,Mountain Lake Biological Station,2026,2023,murder,residential,0,0,reported_numeric,reported_numeric,0,https://cleryact.virginia.edu/report#page=131
234076,234076009,Mountain Lake Biological Station,2026,2023,murder,oncampus,0,0,reported_numeric,reported_numeric,0,https://cleryact.virginia.edu/report#page=131
234076,234076009,Mountain Lake Biological Station,2026,2023,murder,noncampus,,,blank_source_cell,source_not_applicable,,https://cleryact.virginia.edu/report#page=131
234076,234076009,Mountain Lake Biological Station,2026,2023,murder,publicproperty,0,0,reported_numeric,reported_numeric,0,https://cleryact.virginia.edu/report#page=131
234076,234076009,Mountain Lake Biological Station,2026,2024,negligent_manslaughter,residential,0,0,reported_numeric,reported_numeric,0,https://cleryact.virginia.edu/report#page=131
234076,234076009,Mountain Lake Biological Station,2026,2024,negligent_manslaughter,oncampus,0,0,reported_numeric,reported_numeric,0,https://cleryact.virginia.edu/report#page=131
234076,234076009,Mountain Lake Biological Station,2026,2024,negligent_manslaughter,noncampus,,,blank_source_cell,source_not_applicable,,https://cleryact.virginia.edu/report#page=131
234076,234076009,Mountain Lake Biological Station,2026,2024,negligent_manslaughter,publicproperty,0,0,reported_numeric,reported_numeric,0,https://cleryact.virginia.edu/report#page=131
234076,234076009,Mountain Lake Biological Station,2026,2023,negligent_manslaughter,residential,0,0,reported_numeric,reported_numeric,0,https://cleryact.virginia.edu/report#page=131
234076,234076009,Mountain Lake Biological Station,2026,2023,negligent_manslaughter,oncampus,0,0,reported_numeric,reported_numeric,0,https://cleryact.virginia.edu/report#page=131
234076,234076009,Mountain Lake Biological Station,2026,2023,negligent_manslaughter,noncampus,,,blank_source_cell,source_not_applicable,,https://cleryact.virginia.edu/report#page=131
234076,234076009,Mountain Lake Biological Station,2026,2023,negligent_manslaughter,publicproperty,0,0,reported_numeric,reported_numeric,0,https://cleryact.virginia.edu/report#page=131
234076,234076009,Mountain Lake Biological Station,2026,2024,rape,residential,0,0,reported_numeric,reported_numeric,0,https://cleryact.virginia.edu/report#page=131
234076,234076009,Mountain Lake Biological Station,2026,2024,rape,oncampus,0,0,reported_numeric,reported_numeric,0,https://cleryact.virginia.edu/report#page=131
234076,234076009,Mountain Lake Biological Station,2026,2024,rape,noncampus,,,blank_source_cell,source_not_applicable,,https://cleryact.virginia.edu/report#page=131
234076,234076009,Mountain Lake Biological Station,2026,2024,rape,publicproperty,0,0,reported_numeric,reported_numeric,0,https://cleryact.virginia.edu/report#page=131
234076,234076009,Mountain Lake Biological Station,2026,2023,rape,residential,0,0,reported_numeric,reported_numeric,0,https://cleryact.virginia.edu/report#page=131
234076,234076009,Mountain Lake Biological Station,2026,2023,rape,oncampus,0,0,reported_numeric,reported_numeric,0,https://cleryact.virginia.edu/report#page=131
234076,234076009,Mountain Lake Biological Station,2026,2023,rape,noncampus,,,blank_source_cell,source_not_applicable,,https://cleryact.virginia.edu/report#page=131
234076,234076009,Mountain Lake Biological Station,2026,2023,rape,publicproperty,0,0,reported_numeric,reported_numeric,0,https://cleryact.virginia.edu/report#page=131
234076,234076009,Mountain Lake Biological Station,2026,2024,fondling,residential,0,0,reported_numeric,reported_numeric,0,https://cleryact.virginia.edu/report#page=131
234076,234076009,Mountain Lake Biological Station,2026,2024,fondling,oncampus,0,0,reported_numeric,reported_numeric,0,https://cleryact.virginia.edu/report#page=131
234076,234076009,Mountain Lake Biological Station,2026,2024,fondling,noncampus,,,blank_source_cell,source_not_applicable,,https://cleryact.virginia.edu/report#page=131
234076,234076009,Mountain Lake Biological Station,2026,2024,fondling,publicproperty,0,0,reported_numeric,reported_numeric,0,https://cleryact.virginia.edu/report#page=131
234076,234076009,Mountain Lake Biological Station,2026,2023,fondling,residential,0,0,reported_numeric,reported_numeric,0,https://cleryact.virginia.edu/report#page=131
234076,234076009,Mountain Lake Biological Station,2026,2023,fondling,oncampus,0,0,reported_numeric,reported_numeric,0,https://cleryact.virginia.edu/report#page=131
234076,234076009,Mountain Lake Biological Station,2026,2023,fondling,noncampus,,,blank_source_cell,source_not_applicable,,https://cleryact.virginia.edu/report#page=131
234076,234076009,Mountain Lake Biological Station,2026,2023,fondling,publicproperty,0,0,reported_numeric,reported_numeric,0,https://cleryact.virginia.edu/report#page=131
234076,234076009,Mountain Lake Biological Station,2026,2024,incest,residential,0,0,reported_numeric,reported_numeric,0,https://cleryact.virginia.edu/report#page=131
234076,234076009,Mountain Lake Biological Station,2026,2024,incest,oncampus,0,0,reported_numeric,reported_numeric,0,https://cleryact.virginia.edu/report#page=131
234076,234076009,Mountain Lake Biological Station,2026,2024,incest,noncampus,,,blank_source_cell,source_not_applicable,,https://cleryact.virginia.edu/report#page=131
234076,234076009,Mountain Lake Biological Station,2026,2024,incest,publicproperty,0,0,reported_numeric,reported_numeric,0,https://cleryact.virginia.edu/report#page=131
234076,234076009,Mountain Lake Biological Station,2026,2023,incest,residential,0,0,reported_numeric,reported_numeric,0,https://cleryact.virginia.edu/report#page=131
234076,234076009,Mountain Lake Biological Station,2026,2023,incest,oncampus,0,0,reported_numeric,reported_numeric,0,https://cleryact.virginia.edu/report#page=131
234076,234076009,Mountain Lake Biological Station,2026,2023,incest,noncampus,,,blank_source_cell,source_not_applicable,,https://cleryact.virginia.edu/report#page=131
234076,234076009,Mountain Lake Biological Station,2026,2023,incest,publicproperty,0,0,reported_numeric,reported_numeric,0,https://cleryact.virginia.edu/report#page=131
234076,234076009,Mountain Lake Biological Station,2026,2024,statutory_rape,residential,0,0,reported_numeric,reported_numeric,0,https://cleryact.virginia.edu/report#page=131
234076,234076009,Mountain Lake Biological Station,2026,2024,statutory_rape,oncampus,0,0,reported_numeric,reported_numeric,0,https://cleryact.virginia.edu/report#page=131
234076,234076009,Mountain Lake Biological Station,2026,2024,statutory_rape,noncampus,,,blank_source_cell,source_not_applicable,,https://cleryact.virginia.edu/report#page=131
234076,234076009,Mountain Lake Biological Station,2026,2024,statutory_rape,publicproperty,0,0,reported_numeric,reported_numeric,0,https://cleryact.virginia.edu/report#page=131
234076,234076009,Mountain Lake Biological Station,2026,2023,statutory_rape,residential,0,0,reported_numeric,reported_numeric,0,https://cleryact.virginia.edu/report#page=131
234076,234076009,Mountain Lake Biological Station,2026,2023,statutory_rape,oncampus,0,0,reported_numeric,reported_numeric,0,https://cleryact.virginia.edu/report#page=131
234076,234076009,Mountain Lake Biological Station,2026,2023,statutory_rape,noncampus,,,blank_source_cell,source_not_applicable,,https://cleryact.virginia.edu/report#page=131
234076,234076009,Mountain Lake Biological Station,2026,2023,statutory_rape,publicproperty,0,0,reported_numeric,reported_numeric,0,https://cleryact.virginia.edu/report#page=131
234076,234076009,Mountain Lake Biological Station,2026,2024,robbery,residential,0,0,reported_numeric,reported_numeric,0,https://cleryact.virginia.edu/report#page=131
234076,234076009,Mountain Lake Biological Station,2026,2024,robbery,oncampus,0,0,reported_numeric,reported_numeric,0,https://cleryact.virginia.edu/report#page=131
234076,234076009,Mountain Lake Biological Station,2026,2024,robbery,noncampus,,,blank_source_cell,source_not_applicable,,https://cleryact.virginia.edu/report#page=131
234076,234076009,Mountain Lake Biological Station,2026,2024,robbery,publicproperty,0,0,reported_numeric,reported_numeric,0,https://cleryact.virginia.edu/report#page=131
234076,234076009,Mountain Lake Biological Station,2026,2023,robbery,residential,0,0,reported_numeric,reported_numeric,0,https://cleryact.virginia.edu/report#page=131
234076,234076009,Mountain Lake Biological Station,2026,2023,robbery,oncampus,0,0,reported_numeric,reported_numeric,0,https://cleryact.virginia.edu/report#page=131
234076,234076009,Mountain Lake Biological Station,2026,2023,robbery,noncampus,,,blank_source_cell,source_not_applicable,,https://cleryact.virginia.edu/report#page=131
234076,234076009,Mountain Lake Biological Station,2026,2023,robbery,publicproperty,0,0,reported_numeric,reported_numeric,0,https://cleryact.virginia.edu/report#page=131
234076,234076009,Mountain Lake Biological Station,2026,2024,aggravated_assault,residential,0,0,reported_numeric,reported_numeric,0,https://cleryact.virginia.edu/report#page=131
234076,234076009,Mountain Lake Biological Station,2026,2024,aggravated_assault,oncampus,0,0,reported_numeric,reported_numeric,0,https://cleryact.virginia.edu/report#page=131
234076,234076009,Mountain Lake Biological Station,2026,2024,aggravated_assault,noncampus,,,blank_source_cell,source_not_applicable,,https://cleryact.virginia.edu/report#page=131
234076,234076009,Mountain Lake Biological Station,2026,2024,aggravated_assault,publicproperty,0,0,reported_numeric,reported_numeric,0,https://cleryact.virginia.edu/report#page=131
234076,234076009,Mountain Lake Biological Station,2026,2023,aggravated_assault,residential,0,0,reported_numeric,reported_numeric,0,https://cleryact.virginia.edu/report#page=131
234076,234076009,Mountain Lake Biological Station,2026,2023,aggravated_assault,oncampus,0,0,reported_numeric,reported_numeric,0,https://cleryact.virginia.edu/report#page=131
234076,234076009,Mountain Lake Biological Station,2026,2023,aggravated_assault,noncampus,,,blank_source_cell,source_not_applicable,,https://cleryact.virginia.edu/report#page=131
234076,234076009,Mountain Lake Biological Station,2026,2023,aggravated_assault,publicproperty,0,0,reported_numeric,reported_numeric,0,https://cleryact.virginia.edu/report#page=131
234076,234076009,Mountain Lake Biological Station,2026,2024,burglary,residential,0,0,reported_numeric,reported_numeric,0,https://cleryact.virginia.edu/report#page=131
234076,234076009,Mountain Lake Biological Station,2026,2024,burglary,oncampus,0,0,reported_numeric,reported_numeric,0,https://cleryact.virginia.edu/report#page=131
234076,234076009,Mountain Lake Biological Station,2026,2024,burglary,noncampus,,,blank_source_cell,source_not_applicable,,https://cleryact.virginia.edu/report#page=131
234076,234076009,Mountain Lake Biological Station,2026,2024,burglary,publicproperty,0,0,reported_numeric,reported_numeric,0,https://cleryact.virginia.edu/report#page=131
234076,234076009,Mountain Lake Biological Station,2026,2023,burglary,residential,0,0,reported_numeric,reported_numeric,0,https://cleryact.virginia.edu/report#page=131
234076,234076009,Mountain Lake Biological Station,2026,2023,burglary,oncampus,1,1,reported_numeric,reported_numeric,0,https://cleryact.virginia.edu/report#page=131
234076,234076009,Mountain Lake Biological Station,2026,2023,burglary,noncampus,,,blank_source_cell,source_not_applicable,,https://cleryact.virginia.edu/report#page=131
234076,234076009,Mountain Lake Biological Station,2026,2023,burglary,publicproperty,0,0,reported_numeric,reported_numeric,0,https://cleryact.virginia.edu/report#page=131
234076,234076009,Mountain Lake Biological Station,2026,2024,motor_vehicle_theft,residential,0,0,reported_numeric,reported_numeric,0,https://cleryact.virginia.edu/report#page=131
234076,234076009,Mountain Lake Biological Station,2026,2024,motor_vehicle_theft,oncampus,0,0,reported_numeric,reported_numeric,0,https://cleryact.virginia.edu/report#page=131
234076,234076009,Mountain Lake Biological Station,2026,2024,motor_vehicle_theft,noncampus,,,blank_source_cell,source_not_applicable,,https://cleryact.virginia.edu/report#page=131
234076,234076009,Mountain Lake Biological Station,2026,2024,motor_vehicle_theft,publicproperty,0,0,reported_numeric,reported_numeric,0,https://cleryact.virginia.edu/report#page=131
234076,234076009,Mountain Lake Biological Station,2026,2023,motor_vehicle_theft,residential,0,0,reported_numeric,reported_numeric,0,https://cleryact.virginia.edu/report#page=131
234076,234076009,Mountain Lake Biological Station,2026,2023,motor_vehicle_theft,oncampus,0,0,reported_numeric,reported_numeric,0,https://cleryact.virginia.edu/report#page=131
234076,234076009,Mountain Lake Biological Station,2026,2023,motor_vehicle_theft,noncampus,,,blank_source_cell,source_not_applicable,,https://cleryact.virginia.edu/report#page=131
234076,234076009,Mountain Lake Biological Station,2026,2023,motor_vehicle_theft,publicproperty,0,0,reported_numeric,reported_numeric,0,https://cleryact.virginia.edu/report#page=131
234076,234076009,Mountain Lake Biological Station,2026,2024,arson,residential,0,0,reported_numeric,reported_numeric,0,https://cleryact.virginia.edu/report#page=131
234076,234076009,Mountain Lake Biological Station,2026,2024,arson,oncampus,0,0,reported_numeric,reported_numeric,0,https://cleryact.virginia.edu/report#page=131
234076,234076009,Mountain Lake Biological Station,2026,2024,arson,noncampus,,,blank_source_cell,source_not_applicable,,https://cleryact.virginia.edu/report#page=131
234076,234076009,Mountain Lake Biological Station,2026,2024,arson,publicproperty,0,0,reported_numeric,reported_numeric,0,https://cleryact.virginia.edu/report#page=131
234076,234076009,Mountain Lake Biological Station,2026,2023,arson,residential,0,0,reported_numeric,reported_numeric,0,https://cleryact.virginia.edu/report#page=131
234076,234076009,Mountain Lake Biological Station,2026,2023,arson,oncampus,0,0,reported_numeric,reported_numeric,0,https://cleryact.virginia.edu/report#page=131
234076,234076009,Mountain Lake Biological Station,2026,2023,arson,noncampus,,,blank_source_cell,source_not_applicable,,https://cleryact.virginia.edu/report#page=131
234076,234076009,Mountain Lake Biological Station,2026,2023,arson,publicproperty,0,0,reported_numeric,reported_numeric,0,https://cleryact.virginia.edu/report#page=131
234076,234076009,Mountain Lake Biological Station,2026,2024,dating_violence,residential,0,0,reported_numeric,reported_numeric,0,https://cleryact.virginia.edu/report#page=131
234076,234076009,Mountain Lake Biological Station,2026,2024,dating_violence,oncampus,0,0,reported_numeric,reported_numeric,0,https://cleryact.virginia.edu/report#page=131
234076,234076009,Mountain Lake Biological Station,2026,2024,dating_violence,noncampus,,,blank_source_cell,source_not_applicable,,https://cleryact.virginia.edu/report#page=131
234076,234076009,Mountain Lake Biological Station,2026,2024,dating_violence,publicproperty,0,0,reported_numeric,reported_numeric,0,https://cleryact.virginia.edu/report#page=131
234076,234076009,Mountain Lake Biological Station,2026,2023,dating_violence,residential,0,0,reported_numeric,reported_numeric,0,https://cleryact.virginia.edu/report#page=131
234076,234076009,Mountain Lake Biological Station,2026,2023,dating_violence,oncampus,0,0,reported_numeric,reported_numeric,0,https://cleryact.virginia.edu/report#page=131
234076,234076009,Mountain Lake Biological Station,2026,2023,dating_violence,noncampus,,,blank_source_cell,source_not_applicable,,https://cleryact.virginia.edu/report#page=131
234076,234076009,Mountain Lake Biological Station,2026,2023,dating_violence,publicproperty,0,0,reported_numeric,reported_numeric,0,https://cleryact.virginia.edu/report#page=131
234076,234076009,Mountain Lake Biological Station,2026,2024,domestic_violence,residential,0,0,reported_numeric,reported_numeric,0,https://cleryact.virginia.edu/report#page=131
234076,234076009,Mountain Lake Biological Station,2026,2024,domestic_violence,oncampus,0,0,reported_numeric,reported_numeric,0,https://cleryact.virginia.edu/report#page=131
234076,234076009,Mountain Lake Biological Station,2026,2024,domestic_violence,noncampus,,,blank_source_cell,source_not_applicable,,https://cleryact.virginia.edu/report#page=131
234076,234076009,Mountain Lake Biological Station,2026,2024,domestic_violence,publicproperty,0,0,reported_numeric,reported_numeric,0,https://cleryact.virginia.edu/report#page=131
234076,234076009,Mountain Lake Biological Station,2026,2023,domestic_violence,residential,0,0,reported_numeric,reported_numeric,0,https://cleryact.virginia.edu/report#page=131
234076,234076009,Mountain Lake Biological Station,2026,2023,domestic_violence,oncampus,0,0,reported_numeric,reported_numeric,0,https://cleryact.virginia.edu/report#page=131
234076,234076009,Mountain Lake Biological Station,2026,2023,domestic_violence,noncampus,,,blank_source_cell,source_not_applicable,,https://cleryact.virginia.edu/report#page=131
234076,234076009,Mountain Lake Biological Station,2026,2023,domestic_violence,publicproperty,0,0,reported_numeric,reported_numeric,0,https://cleryact.virginia.edu/report#page=131
234076,234076009,Mountain Lake Biological Station,2026,2024,stalking,residential,0,0,reported_numeric,reported_numeric,0,https://cleryact.virginia.edu/report#page=131
234076,234076009,Mountain Lake Biological Station,2026,2024,stalking,oncampus,0,0,reported_numeric,reported_numeric,0,https://cleryact.virginia.edu/report#page=131
234076,234076009,Mountain Lake Biological Station,2026,2024,stalking,noncampus,,,blank_source_cell,source_not_applicable,,https://cleryact.virginia.edu/report#page=131
234076,234076009,Mountain Lake Biological Station,2026,2024,stalking,publicproperty,0,0,reported_numeric,reported_numeric,0,https://cleryact.virginia.edu/report#page=131
234076,234076009,Mountain Lake Biological Station,2026,2023,stalking,residential,0,0,reported_numeric,reported_numeric,0,https://cleryact.virginia.edu/report#page=131
234076,234076009,Mountain Lake Biological Station,2026,2023,stalking,oncampus,0,0,reported_numeric,reported_numeric,0,https://cleryact.virginia.edu/report#page=131
234076,234076009,Mountain Lake Biological Station,2026,2023,stalking,noncampus,,,blank_source_cell,source_not_applicable,,https://cleryact.virginia.edu/report#page=131
234076,234076009,Mountain Lake Biological Station,2026,2023,stalking,publicproperty,0,0,reported_numeric,reported_numeric,0,https://cleryact.virginia.edu/report#page=131
234076,234076005,Richmond Center: School of Nursing,2026,2024,murder,residential,,,blank_source_cell,source_not_applicable,,https://cleryact.virginia.edu/report#page=140
234076,234076005,Richmond Center: School of Nursing,2026,2024,murder,oncampus,0,0,reported_numeric,reported_numeric,0,https://cleryact.virginia.edu/report#page=140
234076,234076005,Richmond Center: School of Nursing,2026,2024,murder,noncampus,,,blank_source_cell,source_not_applicable,,https://cleryact.virginia.edu/report#page=140
234076,234076005,Richmond Center: School of Nursing,2026,2024,murder,publicproperty,0,0,reported_numeric,reported_numeric,0,https://cleryact.virginia.edu/report#page=140
234076,234076005,Richmond Center: School of Nursing,2026,2023,murder,residential,,,blank_source_cell,source_not_applicable,,https://cleryact.virginia.edu/report#page=140
234076,234076005,Richmond Center: School of Nursing,2026,2023,murder,oncampus,0,0,reported_numeric,reported_numeric,0,https://cleryact.virginia.edu/report#page=140
234076,234076005,Richmond Center: School of Nursing,2026,2023,murder,noncampus,,,blank_source_cell,source_not_applicable,,https://cleryact.virginia.edu/report#page=140
234076,234076005,Richmond Center: School of Nursing,2026,2023,murder,publicproperty,0,0,reported_numeric,reported_numeric,0,https://cleryact.virginia.edu/report#page=140
234076,234076005,Richmond Center: School of Nursing,2026,2024,negligent_manslaughter,residential,,,blank_source_cell,source_not_applicable,,https://cleryact.virginia.edu/report#page=140
234076,234076005,Richmond Center: School of Nursing,2026,2024,negligent_manslaughter,oncampus,0,0,reported_numeric,reported_numeric,0,https://cleryact.virginia.edu/report#page=140
234076,234076005,Richmond Center: School of Nursing,2026,2024,negligent_manslaughter,noncampus,,,blank_source_cell,source_not_applicable,,https://cleryact.virginia.edu/report#page=140
234076,234076005,Richmond Center: School of Nursing,2026,2024,negligent_manslaughter,publicproperty,0,0,reported_numeric,reported_numeric,0,https://cleryact.virginia.edu/report#page=140
234076,234076005,Richmond Center: School of Nursing,2026,2023,negligent_manslaughter,residential,,,blank_source_cell,source_not_applicable,,https://cleryact.virginia.edu/report#page=140
234076,234076005,Richmond Center: School of Nursing,2026,2023,negligent_manslaughter,oncampus,0,0,reported_numeric,reported_numeric,0,https://cleryact.virginia.edu/report#page=140
234076,234076005,Richmond Center: School of Nursing,2026,2023,negligent_manslaughter,noncampus,,,blank_source_cell,source_not_applicable,,https://cleryact.virginia.edu/report#page=140
234076,234076005,Richmond Center: School of Nursing,2026,2023,negligent_manslaughter,publicproperty,0,0,reported_numeric,reported_numeric,0,https://cleryact.virginia.edu/report#page=140
234076,234076005,Richmond Center: School of Nursing,2026,2024,rape,residential,,,blank_source_cell,source_not_applicable,,https://cleryact.virginia.edu/report#page=140
234076,234076005,Richmond Center: School of Nursing,2026,2024,rape,oncampus,0,0,reported_numeric,reported_numeric,0,https://cleryact.virginia.edu/report#page=140
234076,234076005,Richmond Center: School of Nursing,2026,2024,rape,noncampus,,,blank_source_cell,source_not_applicable,,https://cleryact.virginia.edu/report#page=140
234076,234076005,Richmond Center: School of Nursing,2026,2024,rape,publicproperty,0,0,reported_numeric,reported_numeric,0,https://cleryact.virginia.edu/report#page=140
234076,234076005,Richmond Center: School of Nursing,2026,2023,rape,residential,,,blank_source_cell,source_not_applicable,,https://cleryact.virginia.edu/report#page=140
234076,234076005,Richmond Center: School of Nursing,2026,2023,rape,oncampus,0,0,reported_numeric,reported_numeric,0,https://cleryact.virginia.edu/report#page=140
234076,234076005,Richmond Center: School of Nursing,2026,2023,rape,noncampus,,,blank_source_cell,source_not_applicable,,https://cleryact.virginia.edu/report#page=140
234076,234076005,Richmond Center: School of Nursing,2026,2023,rape,publicproperty,0,0,reported_numeric,reported_numeric,0,https://cleryact.virginia.edu/report#page=140
234076,234076005,Richmond Center: School of Nursing,2026,2024,fondling,residential,,,blank_source_cell,source_not_applicable,,https://cleryact.virginia.edu/report#page=140
234076,234076005,Richmond Center: School of Nursing,2026,2024,fondling,oncampus,0,0,reported_numeric,reported_numeric,0,https://cleryact.virginia.edu/report#page=140
234076,234076005,Richmond Center: School of Nursing,2026,2024,fondling,noncampus,,,blank_source_cell,source_not_applicable,,https://cleryact.virginia.edu/report#page=140
234076,234076005,Richmond Center: School of Nursing,2026,2024,fondling,publicproperty,0,0,reported_numeric,reported_numeric,0,https://cleryact.virginia.edu/report#page=140
234076,234076005,Richmond Center: School of Nursing,2026,2023,fondling,residential,,,blank_source_cell,source_not_applicable,,https://cleryact.virginia.edu/report#page=140
234076,234076005,Richmond Center: School of Nursing,2026,2023,fondling,oncampus,0,0,reported_numeric,reported_numeric,0,https://cleryact.virginia.edu/report#page=140
234076,234076005,Richmond Center: School of Nursing,2026,2023,fondling,noncampus,,,blank_source_cell,source_not_applicable,,https://cleryact.virginia.edu/report#page=140
234076,234076005,Richmond Center: School of Nursing,2026,2023,fondling,publicproperty,0,0,reported_numeric,reported_numeric,0,https://cleryact.virginia.edu/report#page=140
234076,234076005,Richmond Center: School of Nursing,2026,2024,incest,residential,,,blank_source_cell,source_not_applicable,,https://cleryact.virginia.edu/report#page=140
234076,234076005,Richmond Center: School of Nursing,2026,2024,incest,oncampus,0,0,reported_numeric,reported_numeric,0,https://cleryact.virginia.edu/report#page=140
234076,234076005,Richmond Center: School of Nursing,2026,2024,incest,noncampus,,,blank_source_cell,source_not_applicable,,https://cleryact.virginia.edu/report#page=140
234076,234076005,Richmond Center: School of Nursing,2026,2024,incest,publicproperty,0,0,reported_numeric,reported_numeric,0,https://cleryact.virginia.edu/report#page=140
234076,234076005,Richmond Center: School of Nursing,2026,2023,incest,residential,,,blank_source_cell,source_not_applicable,,https://cleryact.virginia.edu/report#page=140
234076,234076005,Richmond Center: School of Nursing,2026,2023,incest,oncampus,0,0,reported_numeric,reported_numeric,0,https://cleryact.virginia.edu/report#page=140
234076,234076005,Richmond Center: School of Nursing,2026,2023,incest,noncampus,,,blank_source_cell,source_not_applicable,,https://cleryact.virginia.edu/report#page=140
234076,234076005,Richmond Center: School of Nursing,2026,2023,incest,publicproperty,0,0,reported_numeric,reported_numeric,0,https://cleryact.virginia.edu/report#page=140
234076,234076005,Richmond Center: School of Nursing,2026,2024,statutory_rape,residential,,,blank_source_cell,source_not_applicable,,https://cleryact.virginia.edu/report#page=140
234076,234076005,Richmond Center: School of Nursing,2026,2024,statutory_rape,oncampus,0,0,reported_numeric,reported_numeric,0,https://cleryact.virginia.edu/report#page=140
234076,234076005,Richmond Center: School of Nursing,2026,2024,statutory_rape,noncampus,,,blank_source_cell,source_not_applicable,,https://cleryact.virginia.edu/report#page=140
234076,234076005,Richmond Center: School of Nursing,2026,2024,statutory_rape,publicproperty,0,0,reported_numeric,reported_numeric,0,https://cleryact.virginia.edu/report#page=140
234076,234076005,Richmond Center: School of Nursing,2026,2023,statutory_rape,residential,,,blank_source_cell,source_not_applicable,,https://cleryact.virginia.edu/report#page=140
234076,234076005,Richmond Center: School of Nursing,2026,2023,statutory_rape,oncampus,0,0,reported_numeric,reported_numeric,0,https://cleryact.virginia.edu/report#page=140
234076,234076005,Richmond Center: School of Nursing,2026,2023,statutory_rape,noncampus,,,blank_source_cell,source_not_applicable,,https://cleryact.virginia.edu/report#page=140
234076,234076005,Richmond Center: School of Nursing,2026,2023,statutory_rape,publicproperty,0,0,reported_numeric,reported_numeric,0,https://cleryact.virginia.edu/report#page=140
234076,234076005,Richmond Center: School of Nursing,2026,2024,robbery,residential,,,blank_source_cell,source_not_applicable,,https://cleryact.virginia.edu/report#page=140
234076,234076005,Richmond Center: School of Nursing,2026,2024,robbery,oncampus,0,0,reported_numeric,reported_numeric,0,https://cleryact.virginia.edu/report#page=140
234076,234076005,Richmond Center: School of Nursing,2026,2024,robbery,noncampus,,,blank_source_cell,source_not_applicable,,https://cleryact.virginia.edu/report#page=140
234076,234076005,Richmond Center: School of Nursing,2026,2024,robbery,publicproperty,0,0,reported_numeric,reported_numeric,0,https://cleryact.virginia.edu/report#page=140
234076,234076005,Richmond Center: School of Nursing,2026,2023,robbery,residential,,,blank_source_cell,source_not_applicable,,https://cleryact.virginia.edu/report#page=140
234076,234076005,Richmond Center: School of Nursing,2026,2023,robbery,oncampus,0,0,reported_numeric,reported_numeric,0,https://cleryact.virginia.edu/report#page=140
234076,234076005,Richmond Center: School of Nursing,2026,2023,robbery,noncampus,,,blank_source_cell,source_not_applicable,,https://cleryact.virginia.edu/report#page=140
234076,234076005,Richmond Center: School of Nursing,2026,2023,robbery,publicproperty,0,0,reported_numeric,reported_numeric,0,https://cleryact.virginia.edu/report#page=140
234076,234076005,Richmond Center: School of Nursing,2026,2024,aggravated_assault,residential,,,blank_source_cell,source_not_applicable,,https://cleryact.virginia.edu/report#page=140
234076,234076005,Richmond Center: School of Nursing,2026,2024,aggravated_assault,oncampus,0,0,reported_numeric,reported_numeric,0,https://cleryact.virginia.edu/report#page=140
234076,234076005,Richmond Center: School of Nursing,2026,2024,aggravated_assault,noncampus,,,blank_source_cell,source_not_applicable,,https://cleryact.virginia.edu/report#page=140
234076,234076005,Richmond Center: School of Nursing,2026,2024,aggravated_assault,publicproperty,0,0,reported_numeric,reported_numeric,0,https://cleryact.virginia.edu/report#page=140
234076,234076005,Richmond Center: School of Nursing,2026,2023,aggravated_assault,residential,,,blank_source_cell,source_not_applicable,,https://cleryact.virginia.edu/report#page=140
234076,234076005,Richmond Center: School of Nursing,2026,2023,aggravated_assault,oncampus,0,0,reported_numeric,reported_numeric,0,https://cleryact.virginia.edu/report#page=140
234076,234076005,Richmond Center: School of Nursing,2026,2023,aggravated_assault,noncampus,,,blank_source_cell,source_not_applicable,,https://cleryact.virginia.edu/report#page=140
234076,234076005,Richmond Center: School of Nursing,2026,2023,aggravated_assault,publicproperty,0,0,reported_numeric,reported_numeric,0,https://cleryact.virginia.edu/report#page=140
234076,234076005,Richmond Center: School of Nursing,2026,2024,burglary,residential,,,blank_source_cell,source_not_applicable,,https://cleryact.virginia.edu/report#page=140
234076,234076005,Richmond Center: School of Nursing,2026,2024,burglary,oncampus,0,0,reported_numeric,reported_numeric,0,https://cleryact.virginia.edu/report#page=140
234076,234076005,Richmond Center: School of Nursing,2026,2024,burglary,noncampus,,,blank_source_cell,source_not_applicable,,https://cleryact.virginia.edu/report#page=140
234076,234076005,Richmond Center: School of Nursing,2026,2024,burglary,publicproperty,0,0,reported_numeric,reported_numeric,0,https://cleryact.virginia.edu/report#page=140
234076,234076005,Richmond Center: School of Nursing,2026,2023,burglary,residential,,,blank_source_cell,source_not_applicable,,https://cleryact.virginia.edu/report#page=140
234076,234076005,Richmond Center: School of Nursing,2026,2023,burglary,oncampus,0,0,reported_numeric,reported_numeric,0,https://cleryact.virginia.edu/report#page=140
234076,234076005,Richmond Center: School of Nursing,2026,2023,burglary,noncampus,,,blank_source_cell,source_not_applicable,,https://cleryact.virginia.edu/report#page=140
234076,234076005,Richmond Center: School of Nursing,2026,2023,burglary,publicproperty,0,0,reported_numeric,reported_numeric,0,https://cleryact.virginia.edu/report#page=140
234076,234076005,Richmond Center: School of Nursing,2026,2024,motor_vehicle_theft,residential,,,blank_source_cell,source_not_applicable,,https://cleryact.virginia.edu/report#page=140
234076,234076005,Richmond Center: School of Nursing,2026,2024,motor_vehicle_theft,oncampus,0,0,reported_numeric,reported_numeric,0,https://cleryact.virginia.edu/report#page=140
234076,234076005,Richmond Center: School of Nursing,2026,2024,motor_vehicle_theft,noncampus,,,blank_source_cell,source_not_applicable,,https://cleryact.virginia.edu/report#page=140
234076,234076005,Richmond Center: School of Nursing,2026,2024,motor_vehicle_theft,publicproperty,0,0,reported_numeric,reported_numeric,0,https://cleryact.virginia.edu/report#page=140
234076,234076005,Richmond Center: School of Nursing,2026,2023,motor_vehicle_theft,residential,,,blank_source_cell,source_not_applicable,,https://cleryact.virginia.edu/report#page=140
234076,234076005,Richmond Center: School of Nursing,2026,2023,motor_vehicle_theft,oncampus,0,0,reported_numeric,reported_numeric,0,https://cleryact.virginia.edu/report#page=140
234076,234076005,Richmond Center: School of Nursing,2026,2023,motor_vehicle_theft,noncampus,,,blank_source_cell,source_not_applicable,,https://cleryact.virginia.edu/report#page=140
234076,234076005,Richmond Center: School of Nursing,2026,2023,motor_vehicle_theft,publicproperty,0,0,reported_numeric,reported_numeric,0,https://cleryact.virginia.edu/report#page=140
234076,234076005,Richmond Center: School of Nursing,2026,2024,arson,residential,,,blank_source_cell,source_not_applicable,,https://cleryact.virginia.edu/report#page=140
234076,234076005,Richmond Center: School of Nursing,2026,2024,arson,oncampus,0,0,reported_numeric,reported_numeric,0,https://cleryact.virginia.edu/report#page=140
234076,234076005,Richmond Center: School of Nursing,2026,2024,arson,noncampus,,,blank_source_cell,source_not_applicable,,https://cleryact.virginia.edu/report#page=140
234076,234076005,Richmond Center: School of Nursing,2026,2024,arson,publicproperty,0,0,reported_numeric,reported_numeric,0,https://cleryact.virginia.edu/report#page=140
234076,234076005,Richmond Center: School of Nursing,2026,2023,arson,residential,,,blank_source_cell,source_not_applicable,,https://cleryact.virginia.edu/report#page=140
234076,234076005,Richmond Center: School of Nursing,2026,2023,arson,oncampus,0,0,reported_numeric,reported_numeric,0,https://cleryact.virginia.edu/report#page=140
234076,234076005,Richmond Center: School of Nursing,2026,2023,arson,noncampus,,,blank_source_cell,source_not_applicable,,https://cleryact.virginia.edu/report#page=140
234076,234076005,Richmond Center: School of Nursing,2026,2023,arson,publicproperty,0,0,reported_numeric,reported_numeric,0,https://cleryact.virginia.edu/report#page=140
234076,234076005,Richmond Center: School of Nursing,2026,2024,dating_violence,residential,,,blank_source_cell,source_not_applicable,,https://cleryact.virginia.edu/report#page=140
234076,234076005,Richmond Center: School of Nursing,2026,2024,dating_violence,oncampus,0,0,reported_numeric,reported_numeric,0,https://cleryact.virginia.edu/report#page=140
234076,234076005,Richmond Center: School of Nursing,2026,2024,dating_violence,noncampus,,,blank_source_cell,source_not_applicable,,https://cleryact.virginia.edu/report#page=140
234076,234076005,Richmond Center: School of Nursing,2026,2024,dating_violence,publicproperty,0,0,reported_numeric,reported_numeric,0,https://cleryact.virginia.edu/report#page=140
234076,234076005,Richmond Center: School of Nursing,2026,2023,dating_violence,residential,,,blank_source_cell,source_not_applicable,,https://cleryact.virginia.edu/report#page=140
234076,234076005,Richmond Center: School of Nursing,2026,2023,dating_violence,oncampus,0,0,reported_numeric,reported_numeric,0,https://cleryact.virginia.edu/report#page=140
234076,234076005,Richmond Center: School of Nursing,2026,2023,dating_violence,noncampus,,,blank_source_cell,source_not_applicable,,https://cleryact.virginia.edu/report#page=140
234076,234076005,Richmond Center: School of Nursing,2026,2023,dating_violence,publicproperty,0,0,reported_numeric,reported_numeric,0,https://cleryact.virginia.edu/report#page=140
234076,234076005,Richmond Center: School of Nursing,2026,2024,domestic_violence,residential,,,blank_source_cell,source_not_applicable,,https://cleryact.virginia.edu/report#page=140
234076,234076005,Richmond Center: School of Nursing,2026,2024,domestic_violence,oncampus,0,0,reported_numeric,reported_numeric,0,https://cleryact.virginia.edu/report#page=140
234076,234076005,Richmond Center: School of Nursing,2026,2024,domestic_violence,noncampus,,,blank_source_cell,source_not_applicable,,https://cleryact.virginia.edu/report#page=140
234076,234076005,Richmond Center: School of Nursing,2026,2024,domestic_violence,publicproperty,0,0,reported_numeric,reported_numeric,0,https://cleryact.virginia.edu/report#page=140
234076,234076005,Richmond Center: School of Nursing,2026,2023,domestic_violence,residential,,,blank_source_cell,source_not_applicable,,https://cleryact.virginia.edu/report#page=140
234076,234076005,Richmond Center: School of Nursing,2026,2023,domestic_violence,oncampus,0,0,reported_numeric,reported_numeric,0,https://cleryact.virginia.edu/report#page=140
234076,234076005,Richmond Center: School of Nursing,2026,2023,domestic_violence,noncampus,,,blank_source_cell,source_not_applicable,,https://cleryact.virginia.edu/report#page=140
234076,234076005,Richmond Center: School of Nursing,2026,2023,domestic_violence,publicproperty,0,0,reported_numeric,reported_numeric,0,https://cleryact.virginia.edu/report#page=140
234076,234076005,Richmond Center: School of Nursing,2026,2024,stalking,residential,,,blank_source_cell,source_not_applicable,,https://cleryact.virginia.edu/report#page=140
234076,234076005,Richmond Center: School of Nursing,2026,2024,stalking,oncampus,0,0,reported_numeric,reported_numeric,0,https://cleryact.virginia.edu/report#page=140
234076,234076005,Richmond Center: School of Nursing,2026,2024,stalking,noncampus,,,blank_source_cell,source_not_applicable,,https://cleryact.virginia.edu/report#page=140
234076,234076005,Richmond Center: School of Nursing,2026,2024,stalking,publicproperty,0,0,reported_numeric,reported_numeric,0,https://cleryact.virginia.edu/report#page=140
234076,234076005,Richmond Center: School of Nursing,2026,2023,stalking,residential,,,blank_source_cell,source_not_applicable,,https://cleryact.virginia.edu/report#page=140
234076,234076005,Richmond Center: School of Nursing,2026,2023,stalking,oncampus,0,0,reported_numeric,reported_numeric,0,https://cleryact.virginia.edu/report#page=140
234076,234076005,Richmond Center: School of Nursing,2026,2023,stalking,noncampus,,,blank_source_cell,source_not_applicable,,https://cleryact.virginia.edu/report#page=140
234076,234076005,Richmond Center: School of Nursing,2026,2023,stalking,publicproperty,0,0,reported_numeric,reported_numeric,0,https://cleryact.virginia.edu/report#page=140
234076,234076013,UVA-Inova Fairfax Campus,2026,2024,murder,residential,,,blank_source_cell,source_not_applicable,,https://cleryact.virginia.edu/report#page=149
234076,234076013,UVA-Inova Fairfax Campus,2026,2024,murder,oncampus,0,0,reported_numeric,reported_numeric,0,https://cleryact.virginia.edu/report#page=149
234076,234076013,UVA-Inova Fairfax Campus,2026,2024,murder,noncampus,,,blank_source_cell,source_not_applicable,,https://cleryact.virginia.edu/report#page=149
234076,234076013,UVA-Inova Fairfax Campus,2026,2024,murder,publicproperty,0,0,reported_numeric,reported_numeric,0,https://cleryact.virginia.edu/report#page=149
234076,234076013,UVA-Inova Fairfax Campus,2026,2023,murder,residential,,,blank_source_cell,source_not_applicable,,https://cleryact.virginia.edu/report#page=149
234076,234076013,UVA-Inova Fairfax Campus,2026,2023,murder,oncampus,0,0,reported_numeric,reported_numeric,0,https://cleryact.virginia.edu/report#page=149
234076,234076013,UVA-Inova Fairfax Campus,2026,2023,murder,noncampus,,,blank_source_cell,source_not_applicable,,https://cleryact.virginia.edu/report#page=149
234076,234076013,UVA-Inova Fairfax Campus,2026,2023,murder,publicproperty,0,0,reported_numeric,reported_numeric,0,https://cleryact.virginia.edu/report#page=149
234076,234076013,UVA-Inova Fairfax Campus,2026,2024,negligent_manslaughter,residential,,,blank_source_cell,source_not_applicable,,https://cleryact.virginia.edu/report#page=149
234076,234076013,UVA-Inova Fairfax Campus,2026,2024,negligent_manslaughter,oncampus,0,0,reported_numeric,reported_numeric,0,https://cleryact.virginia.edu/report#page=149
234076,234076013,UVA-Inova Fairfax Campus,2026,2024,negligent_manslaughter,noncampus,,,blank_source_cell,source_not_applicable,,https://cleryact.virginia.edu/report#page=149
234076,234076013,UVA-Inova Fairfax Campus,2026,2024,negligent_manslaughter,publicproperty,0,0,reported_numeric,reported_numeric,0,https://cleryact.virginia.edu/report#page=149
234076,234076013,UVA-Inova Fairfax Campus,2026,2023,negligent_manslaughter,residential,,,blank_source_cell,source_not_applicable,,https://cleryact.virginia.edu/report#page=149
234076,234076013,UVA-Inova Fairfax Campus,2026,2023,negligent_manslaughter,oncampus,0,0,reported_numeric,reported_numeric,0,https://cleryact.virginia.edu/report#page=149
234076,234076013,UVA-Inova Fairfax Campus,2026,2023,negligent_manslaughter,noncampus,,,blank_source_cell,source_not_applicable,,https://cleryact.virginia.edu/report#page=149
234076,234076013,UVA-Inova Fairfax Campus,2026,2023,negligent_manslaughter,publicproperty,0,0,reported_numeric,reported_numeric,0,https://cleryact.virginia.edu/report#page=149
234076,234076013,UVA-Inova Fairfax Campus,2026,2024,rape,residential,,,blank_source_cell,source_not_applicable,,https://cleryact.virginia.edu/report#page=149
234076,234076013,UVA-Inova Fairfax Campus,2026,2024,rape,oncampus,2,2,reported_numeric,reported_numeric,0,https://cleryact.virginia.edu/report#page=149
234076,234076013,UVA-Inova Fairfax Campus,2026,2024,rape,noncampus,,,blank_source_cell,source_not_applicable,,https://cleryact.virginia.edu/report#page=149
234076,234076013,UVA-Inova Fairfax Campus,2026,2024,rape,publicproperty,0,0,reported_numeric,reported_numeric,0,https://cleryact.virginia.edu/report#page=149
234076,234076013,UVA-Inova Fairfax Campus,2026,2023,rape,residential,,,blank_source_cell,source_not_applicable,,https://cleryact.virginia.edu/report#page=149
234076,234076013,UVA-Inova Fairfax Campus,2026,2023,rape,oncampus,4,4,reported_numeric,reported_numeric,0,https://cleryact.virginia.edu/report#page=149
234076,234076013,UVA-Inova Fairfax Campus,2026,2023,rape,noncampus,,,blank_source_cell,source_not_applicable,,https://cleryact.virginia.edu/report#page=149
234076,234076013,UVA-Inova Fairfax Campus,2026,2023,rape,publicproperty,0,0,reported_numeric,reported_numeric,0,https://cleryact.virginia.edu/report#page=149
234076,234076013,UVA-Inova Fairfax Campus,2026,2024,fondling,residential,,,blank_source_cell,source_not_applicable,,https://cleryact.virginia.edu/report#page=149
234076,234076013,UVA-Inova Fairfax Campus,2026,2024,fondling,oncampus,6,6,reported_numeric,reported_numeric,0,https://cleryact.virginia.edu/report#page=149
234076,234076013,UVA-Inova Fairfax Campus,2026,2024,fondling,noncampus,,,blank_source_cell,source_not_applicable,,https://cleryact.virginia.edu/report#page=149
234076,234076013,UVA-Inova Fairfax Campus,2026,2024,fondling,publicproperty,0,0,reported_numeric,reported_numeric,0,https://cleryact.virginia.edu/report#page=149
234076,234076013,UVA-Inova Fairfax Campus,2026,2023,fondling,residential,,,blank_source_cell,source_not_applicable,,https://cleryact.virginia.edu/report#page=149
234076,234076013,UVA-Inova Fairfax Campus,2026,2023,fondling,oncampus,7,7,reported_numeric,reported_numeric,0,https://cleryact.virginia.edu/report#page=149
234076,234076013,UVA-Inova Fairfax Campus,2026,2023,fondling,noncampus,,,blank_source_cell,source_not_applicable,,https://cleryact.virginia.edu/report#page=149
234076,234076013,UVA-Inova Fairfax Campus,2026,2023,fondling,publicproperty,0,0,reported_numeric,reported_numeric,0,https://cleryact.virginia.edu/report#page=149
234076,234076013,UVA-Inova Fairfax Campus,2026,2024,incest,residential,,,blank_source_cell,source_not_applicable,,https://cleryact.virginia.edu/report#page=149
234076,234076013,UVA-Inova Fairfax Campus,2026,2024,incest,oncampus,0,0,reported_numeric,reported_numeric,0,https://cleryact.virginia.edu/report#page=149
234076,234076013,UVA-Inova Fairfax Campus,2026,2024,incest,noncampus,,,blank_source_cell,source_not_applicable,,https://cleryact.virginia.edu/report#page=149
234076,234076013,UVA-Inova Fairfax Campus,2026,2024,incest,publicproperty,0,0,reported_numeric,reported_numeric,0,https://cleryact.virginia.edu/report#page=149
234076,234076013,UVA-Inova Fairfax Campus,2026,2023,incest,residential,,,blank_source_cell,source_not_applicable,,https://cleryact.virginia.edu/report#page=149
234076,234076013,UVA-Inova Fairfax Campus,2026,2023,incest,oncampus,0,0,reported_numeric,reported_numeric,0,https://cleryact.virginia.edu/report#page=149
234076,234076013,UVA-Inova Fairfax Campus,2026,2023,incest,noncampus,,,blank_source_cell,source_not_applicable,,https://cleryact.virginia.edu/report#page=149
234076,234076013,UVA-Inova Fairfax Campus,2026,2023,incest,publicproperty,0,0,reported_numeric,reported_numeric,0,https://cleryact.virginia.edu/report#page=149
234076,234076013,UVA-Inova Fairfax Campus,2026,2024,statutory_rape,residential,,,blank_source_cell,source_not_applicable,,https://cleryact.virginia.edu/report#page=149
234076,234076013,UVA-Inova Fairfax Campus,2026,2024,statutory_rape,oncampus,0,0,reported_numeric,reported_numeric,0,https://cleryact.virginia.edu/report#page=149
234076,234076013,UVA-Inova Fairfax Campus,2026,2024,statutory_rape,noncampus,,,blank_source_cell,source_not_applicable,,https://cleryact.virginia.edu/report#page=149
234076,234076013,UVA-Inova Fairfax Campus,2026,2024,statutory_rape,publicproperty,0,0,reported_numeric,reported_numeric,0,https://cleryact.virginia.edu/report#page=149
234076,234076013,UVA-Inova Fairfax Campus,2026,2023,statutory_rape,residential,,,blank_source_cell,source_not_applicable,,https://cleryact.virginia.edu/report#page=149
234076,234076013,UVA-Inova Fairfax Campus,2026,2023,statutory_rape,oncampus,0,0,reported_numeric,reported_numeric,0,https://cleryact.virginia.edu/report#page=149
234076,234076013,UVA-Inova Fairfax Campus,2026,2023,statutory_rape,noncampus,,,blank_source_cell,source_not_applicable,,https://cleryact.virginia.edu/report#page=149
234076,234076013,UVA-Inova Fairfax Campus,2026,2023,statutory_rape,publicproperty,0,0,reported_numeric,reported_numeric,0,https://cleryact.virginia.edu/report#page=149
234076,234076013,UVA-Inova Fairfax Campus,2026,2024,robbery,residential,,,blank_source_cell,source_not_applicable,,https://cleryact.virginia.edu/report#page=149
234076,234076013,UVA-Inova Fairfax Campus,2026,2024,robbery,oncampus,0,0,reported_numeric,reported_numeric,0,https://cleryact.virginia.edu/report#page=149
234076,234076013,UVA-Inova Fairfax Campus,2026,2024,robbery,noncampus,,,blank_source_cell,source_not_applicable,,https://cleryact.virginia.edu/report#page=149
234076,234076013,UVA-Inova Fairfax Campus,2026,2024,robbery,publicproperty,0,0,reported_numeric,reported_numeric,0,https://cleryact.virginia.edu/report#page=149
234076,234076013,UVA-Inova Fairfax Campus,2026,2023,robbery,residential,,,blank_source_cell,source_not_applicable,,https://cleryact.virginia.edu/report#page=149
234076,234076013,UVA-Inova Fairfax Campus,2026,2023,robbery,oncampus,2,2,reported_numeric,reported_numeric,0,https://cleryact.virginia.edu/report#page=149
234076,234076013,UVA-Inova Fairfax Campus,2026,2023,robbery,noncampus,,,blank_source_cell,source_not_applicable,,https://cleryact.virginia.edu/report#page=149
234076,234076013,UVA-Inova Fairfax Campus,2026,2023,robbery,publicproperty,0,0,reported_numeric,reported_numeric,0,https://cleryact.virginia.edu/report#page=149
234076,234076013,UVA-Inova Fairfax Campus,2026,2024,aggravated_assault,residential,,,blank_source_cell,source_not_applicable,,https://cleryact.virginia.edu/report#page=149
234076,234076013,UVA-Inova Fairfax Campus,2026,2024,aggravated_assault,oncampus,7,7,reported_numeric,reported_numeric,0,https://cleryact.virginia.edu/report#page=149
234076,234076013,UVA-Inova Fairfax Campus,2026,2024,aggravated_assault,noncampus,,,blank_source_cell,source_not_applicable,,https://cleryact.virginia.edu/report#page=149
234076,234076013,UVA-Inova Fairfax Campus,2026,2024,aggravated_assault,publicproperty,0,0,reported_numeric,reported_numeric,0,https://cleryact.virginia.edu/report#page=149
234076,234076013,UVA-Inova Fairfax Campus,2026,2023,aggravated_assault,residential,,,blank_source_cell,source_not_applicable,,https://cleryact.virginia.edu/report#page=149
234076,234076013,UVA-Inova Fairfax Campus,2026,2023,aggravated_assault,oncampus,8,8,reported_numeric,reported_numeric,0,https://cleryact.virginia.edu/report#page=149
234076,234076013,UVA-Inova Fairfax Campus,2026,2023,aggravated_assault,noncampus,,,blank_source_cell,source_not_applicable,,https://cleryact.virginia.edu/report#page=149
234076,234076013,UVA-Inova Fairfax Campus,2026,2023,aggravated_assault,publicproperty,0,0,reported_numeric,reported_numeric,0,https://cleryact.virginia.edu/report#page=149
234076,234076013,UVA-Inova Fairfax Campus,2026,2024,burglary,residential,,,blank_source_cell,source_not_applicable,,https://cleryact.virginia.edu/report#page=149
234076,234076013,UVA-Inova Fairfax Campus,2026,2024,burglary,oncampus,0,0,reported_numeric,reported_numeric,0,https://cleryact.virginia.edu/report#page=149
234076,234076013,UVA-Inova Fairfax Campus,2026,2024,burglary,noncampus,,,blank_source_cell,source_not_applicable,,https://cleryact.virginia.edu/report#page=149
234076,234076013,UVA-Inova Fairfax Campus,2026,2024,burglary,publicproperty,0,0,reported_numeric,reported_numeric,0,https://cleryact.virginia.edu/report#page=149
234076,234076013,UVA-Inova Fairfax Campus,2026,2023,burglary,residential,,,blank_source_cell,source_not_applicable,,https://cleryact.virginia.edu/report#page=149
234076,234076013,UVA-Inova Fairfax Campus,2026,2023,burglary,oncampus,0,0,reported_numeric,reported_numeric,0,https://cleryact.virginia.edu/report#page=149
234076,234076013,UVA-Inova Fairfax Campus,2026,2023,burglary,noncampus,,,blank_source_cell,source_not_applicable,,https://cleryact.virginia.edu/report#page=149
234076,234076013,UVA-Inova Fairfax Campus,2026,2023,burglary,publicproperty,0,0,reported_numeric,reported_numeric,0,https://cleryact.virginia.edu/report#page=149
234076,234076013,UVA-Inova Fairfax Campus,2026,2024,motor_vehicle_theft,residential,,,blank_source_cell,source_not_applicable,,https://cleryact.virginia.edu/report#page=149
234076,234076013,UVA-Inova Fairfax Campus,2026,2024,motor_vehicle_theft,oncampus,1,1,reported_numeric,reported_numeric,0,https://cleryact.virginia.edu/report#page=149
234076,234076013,UVA-Inova Fairfax Campus,2026,2024,motor_vehicle_theft,noncampus,,,blank_source_cell,source_not_applicable,,https://cleryact.virginia.edu/report#page=149
234076,234076013,UVA-Inova Fairfax Campus,2026,2024,motor_vehicle_theft,publicproperty,0,0,reported_numeric,reported_numeric,0,https://cleryact.virginia.edu/report#page=149
234076,234076013,UVA-Inova Fairfax Campus,2026,2023,motor_vehicle_theft,residential,,,blank_source_cell,source_not_applicable,,https://cleryact.virginia.edu/report#page=149
234076,234076013,UVA-Inova Fairfax Campus,2026,2023,motor_vehicle_theft,oncampus,2,2,reported_numeric,reported_numeric,0,https://cleryact.virginia.edu/report#page=149
234076,234076013,UVA-Inova Fairfax Campus,2026,2023,motor_vehicle_theft,noncampus,,,blank_source_cell,source_not_applicable,,https://cleryact.virginia.edu/report#page=149
234076,234076013,UVA-Inova Fairfax Campus,2026,2023,motor_vehicle_theft,publicproperty,0,0,reported_numeric,reported_numeric,0,https://cleryact.virginia.edu/report#page=149
234076,234076013,UVA-Inova Fairfax Campus,2026,2024,arson,residential,,,blank_source_cell,source_not_applicable,,https://cleryact.virginia.edu/report#page=149
234076,234076013,UVA-Inova Fairfax Campus,2026,2024,arson,oncampus,0,0,reported_numeric,reported_numeric,0,https://cleryact.virginia.edu/report#page=149
234076,234076013,UVA-Inova Fairfax Campus,2026,2024,arson,noncampus,,,blank_source_cell,source_not_applicable,,https://cleryact.virginia.edu/report#page=149
234076,234076013,UVA-Inova Fairfax Campus,2026,2024,arson,publicproperty,0,0,reported_numeric,reported_numeric,0,https://cleryact.virginia.edu/report#page=149
234076,234076013,UVA-Inova Fairfax Campus,2026,2023,arson,residential,,,blank_source_cell,source_not_applicable,,https://cleryact.virginia.edu/report#page=149
234076,234076013,UVA-Inova Fairfax Campus,2026,2023,arson,oncampus,0,0,reported_numeric,reported_numeric,0,https://cleryact.virginia.edu/report#page=149
234076,234076013,UVA-Inova Fairfax Campus,2026,2023,arson,noncampus,,,blank_source_cell,source_not_applicable,,https://cleryact.virginia.edu/report#page=149
234076,234076013,UVA-Inova Fairfax Campus,2026,2023,arson,publicproperty,0,0,reported_numeric,reported_numeric,0,https://cleryact.virginia.edu/report#page=149
234076,234076013,UVA-Inova Fairfax Campus,2026,2024,dating_violence,residential,,,blank_source_cell,source_not_applicable,,https://cleryact.virginia.edu/report#page=149
234076,234076013,UVA-Inova Fairfax Campus,2026,2024,dating_violence,oncampus,3,3,reported_numeric,reported_numeric,0,https://cleryact.virginia.edu/report#page=149
234076,234076013,UVA-Inova Fairfax Campus,2026,2024,dating_violence,noncampus,,,blank_source_cell,source_not_applicable,,https://cleryact.virginia.edu/report#page=149
234076,234076013,UVA-Inova Fairfax Campus,2026,2024,dating_violence,publicproperty,0,0,reported_numeric,reported_numeric,0,https://cleryact.virginia.edu/report#page=149
234076,234076013,UVA-Inova Fairfax Campus,2026,2023,dating_violence,residential,,,blank_source_cell,source_not_applicable,,https://cleryact.virginia.edu/report#page=149
234076,234076013,UVA-Inova Fairfax Campus,2026,2023,dating_violence,oncampus,4,4,reported_numeric,reported_numeric,0,https://cleryact.virginia.edu/report#page=149
234076,234076013,UVA-Inova Fairfax Campus,2026,2023,dating_violence,noncampus,,,blank_source_cell,source_not_applicable,,https://cleryact.virginia.edu/report#page=149
234076,234076013,UVA-Inova Fairfax Campus,2026,2023,dating_violence,publicproperty,0,0,reported_numeric,reported_numeric,0,https://cleryact.virginia.edu/report#page=149
234076,234076013,UVA-Inova Fairfax Campus,2026,2024,domestic_violence,residential,,,blank_source_cell,source_not_applicable,,https://cleryact.virginia.edu/report#page=149
234076,234076013,UVA-Inova Fairfax Campus,2026,2024,domestic_violence,oncampus,0,0,reported_numeric,reported_numeric,0,https://cleryact.virginia.edu/report#page=149
234076,234076013,UVA-Inova Fairfax Campus,2026,2024,domestic_violence,noncampus,,,blank_source_cell,source_not_applicable,,https://cleryact.virginia.edu/report#page=149
234076,234076013,UVA-Inova Fairfax Campus,2026,2024,domestic_violence,publicproperty,0,0,reported_numeric,reported_numeric,0,https://cleryact.virginia.edu/report#page=149
234076,234076013,UVA-Inova Fairfax Campus,2026,2023,domestic_violence,residential,,,blank_source_cell,source_not_applicable,,https://cleryact.virginia.edu/report#page=149
234076,234076013,UVA-Inova Fairfax Campus,2026,2023,domestic_violence,oncampus,3,3,reported_numeric,reported_numeric,0,https://cleryact.virginia.edu/report#page=149
234076,234076013,UVA-Inova Fairfax Campus,2026,2023,domestic_violence,noncampus,,,blank_source_cell,source_not_applicable,,https://cleryact.virginia.edu/report#page=149
234076,234076013,UVA-Inova Fairfax Campus,2026,2023,domestic_violence,publicproperty,0,0,reported_numeric,reported_numeric,0,https://cleryact.virginia.edu/report#page=149
234076,234076013,UVA-Inova Fairfax Campus,2026,2024,stalking,residential,,,blank_source_cell,source_not_applicable,,https://cleryact.virginia.edu/report#page=149
234076,234076013,UVA-Inova Fairfax Campus,2026,2024,stalking,oncampus,0,0,reported_numeric,reported_numeric,0,https://cleryact.virginia.edu/report#page=149
234076,234076013,UVA-Inova Fairfax Campus,2026,2024,stalking,noncampus,,,blank_source_cell,source_not_applicable,,https://cleryact.virginia.edu/report#page=149
234076,234076013,UVA-Inova Fairfax Campus,2026,2024,stalking,publicproperty,0,0,reported_numeric,reported_numeric,0,https://cleryact.virginia.edu/report#page=149
234076,234076013,UVA-Inova Fairfax Campus,2026,2023,stalking,residential,,,blank_source_cell,source_not_applicable,,https://cleryact.virginia.edu/report#page=149
234076,234076013,UVA-Inova Fairfax Campus,2026,2023,stalking,oncampus,0,0,reported_numeric,reported_numeric,0,https://cleryact.virginia.edu/report#page=149
234076,234076013,UVA-Inova Fairfax Campus,2026,2023,stalking,noncampus,,,blank_source_cell,source_not_applicable,,https://cleryact.virginia.edu/report#page=149
234076,234076013,UVA-Inova Fairfax Campus,2026,2023,stalking,publicproperty,0,0,reported_numeric,reported_numeric,0,https://cleryact.virginia.edu/report#page=149
234076,234076014,Morven Sustainability Lab,2026,2024,murder,residential,,,blank_source_cell,source_not_applicable,,https://cleryact.virginia.edu/report#page=157
234076,234076014,Morven Sustainability Lab,2026,2024,murder,oncampus,0,0,reported_numeric,reported_numeric,0,https://cleryact.virginia.edu/report#page=157
234076,234076014,Morven Sustainability Lab,2026,2024,murder,noncampus,,,blank_source_cell,source_not_applicable,,https://cleryact.virginia.edu/report#page=157
234076,234076014,Morven Sustainability Lab,2026,2024,murder,publicproperty,0,0,reported_numeric,reported_numeric,0,https://cleryact.virginia.edu/report#page=157
234076,234076014,Morven Sustainability Lab,2026,2023,murder,residential,,,blank_source_cell,source_not_applicable,,https://cleryact.virginia.edu/report#page=157
234076,234076014,Morven Sustainability Lab,2026,2023,murder,oncampus,0,0,reported_numeric,reported_numeric,0,https://cleryact.virginia.edu/report#page=157
234076,234076014,Morven Sustainability Lab,2026,2023,murder,noncampus,,,blank_source_cell,source_not_applicable,,https://cleryact.virginia.edu/report#page=157
234076,234076014,Morven Sustainability Lab,2026,2023,murder,publicproperty,0,0,reported_numeric,reported_numeric,0,https://cleryact.virginia.edu/report#page=157
234076,234076014,Morven Sustainability Lab,2026,2024,negligent_manslaughter,residential,,,blank_source_cell,source_not_applicable,,https://cleryact.virginia.edu/report#page=157
234076,234076014,Morven Sustainability Lab,2026,2024,negligent_manslaughter,oncampus,0,0,reported_numeric,reported_numeric,0,https://cleryact.virginia.edu/report#page=157
234076,234076014,Morven Sustainability Lab,2026,2024,negligent_manslaughter,noncampus,,,blank_source_cell,source_not_applicable,,https://cleryact.virginia.edu/report#page=157
234076,234076014,Morven Sustainability Lab,2026,2024,negligent_manslaughter,publicproperty,0,0,reported_numeric,reported_numeric,0,https://cleryact.virginia.edu/report#page=157
234076,234076014,Morven Sustainability Lab,2026,2023,negligent_manslaughter,residential,,,blank_source_cell,source_not_applicable,,https://cleryact.virginia.edu/report#page=157
234076,234076014,Morven Sustainability Lab,2026,2023,negligent_manslaughter,oncampus,0,0,reported_numeric,reported_numeric,0,https://cleryact.virginia.edu/report#page=157
234076,234076014,Morven Sustainability Lab,2026,2023,negligent_manslaughter,noncampus,,,blank_source_cell,source_not_applicable,,https://cleryact.virginia.edu/report#page=157
234076,234076014,Morven Sustainability Lab,2026,2023,negligent_manslaughter,publicproperty,0,0,reported_numeric,reported_numeric,0,https://cleryact.virginia.edu/report#page=157
234076,234076014,Morven Sustainability Lab,2026,2024,rape,residential,,,blank_source_cell,source_not_applicable,,https://cleryact.virginia.edu/report#page=157
234076,234076014,Morven Sustainability Lab,2026,2024,rape,oncampus,0,0,reported_numeric,reported_numeric,0,https://cleryact.virginia.edu/report#page=157
234076,234076014,Morven Sustainability Lab,2026,2024,rape,noncampus,,,blank_source_cell,source_not_applicable,,https://cleryact.virginia.edu/report#page=157
234076,234076014,Morven Sustainability Lab,2026,2024,rape,publicproperty,0,0,reported_numeric,reported_numeric,0,https://cleryact.virginia.edu/report#page=157
234076,234076014,Morven Sustainability Lab,2026,2023,rape,residential,,,blank_source_cell,source_not_applicable,,https://cleryact.virginia.edu/report#page=157
234076,234076014,Morven Sustainability Lab,2026,2023,rape,oncampus,0,0,reported_numeric,reported_numeric,0,https://cleryact.virginia.edu/report#page=157
234076,234076014,Morven Sustainability Lab,2026,2023,rape,noncampus,,,blank_source_cell,source_not_applicable,,https://cleryact.virginia.edu/report#page=157
234076,234076014,Morven Sustainability Lab,2026,2023,rape,publicproperty,0,0,reported_numeric,reported_numeric,0,https://cleryact.virginia.edu/report#page=157
234076,234076014,Morven Sustainability Lab,2026,2024,fondling,residential,,,blank_source_cell,source_not_applicable,,https://cleryact.virginia.edu/report#page=157
234076,234076014,Morven Sustainability Lab,2026,2024,fondling,oncampus,0,0,reported_numeric,reported_numeric,0,https://cleryact.virginia.edu/report#page=157
234076,234076014,Morven Sustainability Lab,2026,2024,fondling,noncampus,,,blank_source_cell,source_not_applicable,,https://cleryact.virginia.edu/report#page=157
234076,234076014,Morven Sustainability Lab,2026,2024,fondling,publicproperty,0,0,reported_numeric,reported_numeric,0,https://cleryact.virginia.edu/report#page=157
234076,234076014,Morven Sustainability Lab,2026,2023,fondling,residential,,,blank_source_cell,source_not_applicable,,https://cleryact.virginia.edu/report#page=157
234076,234076014,Morven Sustainability Lab,2026,2023,fondling,oncampus,0,0,reported_numeric,reported_numeric,0,https://cleryact.virginia.edu/report#page=157
234076,234076014,Morven Sustainability Lab,2026,2023,fondling,noncampus,,,blank_source_cell,source_not_applicable,,https://cleryact.virginia.edu/report#page=157
234076,234076014,Morven Sustainability Lab,2026,2023,fondling,publicproperty,0,0,reported_numeric,reported_numeric,0,https://cleryact.virginia.edu/report#page=157
234076,234076014,Morven Sustainability Lab,2026,2024,incest,residential,,,blank_source_cell,source_not_applicable,,https://cleryact.virginia.edu/report#page=157
234076,234076014,Morven Sustainability Lab,2026,2024,incest,oncampus,0,0,reported_numeric,reported_numeric,0,https://cleryact.virginia.edu/report#page=157
234076,234076014,Morven Sustainability Lab,2026,2024,incest,noncampus,,,blank_source_cell,source_not_applicable,,https://cleryact.virginia.edu/report#page=157
234076,234076014,Morven Sustainability Lab,2026,2024,incest,publicproperty,0,0,reported_numeric,reported_numeric,0,https://cleryact.virginia.edu/report#page=157
234076,234076014,Morven Sustainability Lab,2026,2023,incest,residential,,,blank_source_cell,source_not_applicable,,https://cleryact.virginia.edu/report#page=157
234076,234076014,Morven Sustainability Lab,2026,2023,incest,oncampus,0,0,reported_numeric,reported_numeric,0,https://cleryact.virginia.edu/report#page=157
234076,234076014,Morven Sustainability Lab,2026,2023,incest,noncampus,,,blank_source_cell,source_not_applicable,,https://cleryact.virginia.edu/report#page=157
234076,234076014,Morven Sustainability Lab,2026,2023,incest,publicproperty,0,0,reported_numeric,reported_numeric,0,https://cleryact.virginia.edu/report#page=157
234076,234076014,Morven Sustainability Lab,2026,2024,statutory_rape,residential,,,blank_source_cell,source_not_applicable,,https://cleryact.virginia.edu/report#page=157
234076,234076014,Morven Sustainability Lab,2026,2024,statutory_rape,oncampus,0,0,reported_numeric,reported_numeric,0,https://cleryact.virginia.edu/report#page=157
234076,234076014,Morven Sustainability Lab,2026,2024,statutory_rape,noncampus,,,blank_source_cell,source_not_applicable,,https://cleryact.virginia.edu/report#page=157
234076,234076014,Morven Sustainability Lab,2026,2024,statutory_rape,publicproperty,0,0,reported_numeric,reported_numeric,0,https://cleryact.virginia.edu/report#page=157
234076,234076014,Morven Sustainability Lab,2026,2023,statutory_rape,residential,,,blank_source_cell,source_not_applicable,,https://cleryact.virginia.edu/report#page=157
234076,234076014,Morven Sustainability Lab,2026,2023,statutory_rape,oncampus,0,0,reported_numeric,reported_numeric,0,https://cleryact.virginia.edu/report#page=157
234076,234076014,Morven Sustainability Lab,2026,2023,statutory_rape,noncampus,,,blank_source_cell,source_not_applicable,,https://cleryact.virginia.edu/report#page=157
234076,234076014,Morven Sustainability Lab,2026,2023,statutory_rape,publicproperty,0,0,reported_numeric,reported_numeric,0,https://cleryact.virginia.edu/report#page=157
234076,234076014,Morven Sustainability Lab,2026,2024,robbery,residential,,,blank_source_cell,source_not_applicable,,https://cleryact.virginia.edu/report#page=157
234076,234076014,Morven Sustainability Lab,2026,2024,robbery,oncampus,0,0,reported_numeric,reported_numeric,0,https://cleryact.virginia.edu/report#page=157
234076,234076014,Morven Sustainability Lab,2026,2024,robbery,noncampus,,,blank_source_cell,source_not_applicable,,https://cleryact.virginia.edu/report#page=157
234076,234076014,Morven Sustainability Lab,2026,2024,robbery,publicproperty,0,0,reported_numeric,reported_numeric,0,https://cleryact.virginia.edu/report#page=157
234076,234076014,Morven Sustainability Lab,2026,2023,robbery,residential,,,blank_source_cell,source_not_applicable,,https://cleryact.virginia.edu/report#page=157
234076,234076014,Morven Sustainability Lab,2026,2023,robbery,oncampus,0,0,reported_numeric,reported_numeric,0,https://cleryact.virginia.edu/report#page=157
234076,234076014,Morven Sustainability Lab,2026,2023,robbery,noncampus,,,blank_source_cell,source_not_applicable,,https://cleryact.virginia.edu/report#page=157
234076,234076014,Morven Sustainability Lab,2026,2023,robbery,publicproperty,0,0,reported_numeric,reported_numeric,0,https://cleryact.virginia.edu/report#page=157
234076,234076014,Morven Sustainability Lab,2026,2024,aggravated_assault,residential,,,blank_source_cell,source_not_applicable,,https://cleryact.virginia.edu/report#page=157
234076,234076014,Morven Sustainability Lab,2026,2024,aggravated_assault,oncampus,0,0,reported_numeric,reported_numeric,0,https://cleryact.virginia.edu/report#page=157
234076,234076014,Morven Sustainability Lab,2026,2024,aggravated_assault,noncampus,,,blank_source_cell,source_not_applicable,,https://cleryact.virginia.edu/report#page=157
234076,234076014,Morven Sustainability Lab,2026,2024,aggravated_assault,publicproperty,0,0,reported_numeric,reported_numeric,0,https://cleryact.virginia.edu/report#page=157
234076,234076014,Morven Sustainability Lab,2026,2023,aggravated_assault,residential,,,blank_source_cell,source_not_applicable,,https://cleryact.virginia.edu/report#page=157
234076,234076014,Morven Sustainability Lab,2026,2023,aggravated_assault,oncampus,0,0,reported_numeric,reported_numeric,0,https://cleryact.virginia.edu/report#page=157
234076,234076014,Morven Sustainability Lab,2026,2023,aggravated_assault,noncampus,,,blank_source_cell,source_not_applicable,,https://cleryact.virginia.edu/report#page=157
234076,234076014,Morven Sustainability Lab,2026,2023,aggravated_assault,publicproperty,0,0,reported_numeric,reported_numeric,0,https://cleryact.virginia.edu/report#page=157
234076,234076014,Morven Sustainability Lab,2026,2024,burglary,residential,,,blank_source_cell,source_not_applicable,,https://cleryact.virginia.edu/report#page=157
234076,234076014,Morven Sustainability Lab,2026,2024,burglary,oncampus,0,0,reported_numeric,reported_numeric,0,https://cleryact.virginia.edu/report#page=157
234076,234076014,Morven Sustainability Lab,2026,2024,burglary,noncampus,,,blank_source_cell,source_not_applicable,,https://cleryact.virginia.edu/report#page=157
234076,234076014,Morven Sustainability Lab,2026,2024,burglary,publicproperty,0,0,reported_numeric,reported_numeric,0,https://cleryact.virginia.edu/report#page=157
234076,234076014,Morven Sustainability Lab,2026,2023,burglary,residential,,,blank_source_cell,source_not_applicable,,https://cleryact.virginia.edu/report#page=157
234076,234076014,Morven Sustainability Lab,2026,2023,burglary,oncampus,0,0,reported_numeric,reported_numeric,0,https://cleryact.virginia.edu/report#page=157
234076,234076014,Morven Sustainability Lab,2026,2023,burglary,noncampus,,,blank_source_cell,source_not_applicable,,https://cleryact.virginia.edu/report#page=157
234076,234076014,Morven Sustainability Lab,2026,2023,burglary,publicproperty,0,0,reported_numeric,reported_numeric,0,https://cleryact.virginia.edu/report#page=157
234076,234076014,Morven Sustainability Lab,2026,2024,motor_vehicle_theft,residential,,,blank_source_cell,source_not_applicable,,https://cleryact.virginia.edu/report#page=157
234076,234076014,Morven Sustainability Lab,2026,2024,motor_vehicle_theft,oncampus,0,0,reported_numeric,reported_numeric,0,https://cleryact.virginia.edu/report#page=157
234076,234076014,Morven Sustainability Lab,2026,2024,motor_vehicle_theft,noncampus,,,blank_source_cell,source_not_applicable,,https://cleryact.virginia.edu/report#page=157
234076,234076014,Morven Sustainability Lab,2026,2024,motor_vehicle_theft,publicproperty,0,0,reported_numeric,reported_numeric,0,https://cleryact.virginia.edu/report#page=157
234076,234076014,Morven Sustainability Lab,2026,2023,motor_vehicle_theft,residential,,,blank_source_cell,source_not_applicable,,https://cleryact.virginia.edu/report#page=157
234076,234076014,Morven Sustainability Lab,2026,2023,motor_vehicle_theft,oncampus,0,0,reported_numeric,reported_numeric,0,https://cleryact.virginia.edu/report#page=157
234076,234076014,Morven Sustainability Lab,2026,2023,motor_vehicle_theft,noncampus,,,blank_source_cell,source_not_applicable,,https://cleryact.virginia.edu/report#page=157
234076,234076014,Morven Sustainability Lab,2026,2023,motor_vehicle_theft,publicproperty,0,0,reported_numeric,reported_numeric,0,https://cleryact.virginia.edu/report#page=157
234076,234076014,Morven Sustainability Lab,2026,2024,arson,residential,,,blank_source_cell,source_not_applicable,,https://cleryact.virginia.edu/report#page=157
234076,234076014,Morven Sustainability Lab,2026,2024,arson,oncampus,0,0,reported_numeric,reported_numeric,0,https://cleryact.virginia.edu/report#page=157
234076,234076014,Morven Sustainability Lab,2026,2024,arson,noncampus,,,blank_source_cell,source_not_applicable,,https://cleryact.virginia.edu/report#page=157
234076,234076014,Morven Sustainability Lab,2026,2024,arson,publicproperty,0,0,reported_numeric,reported_numeric,0,https://cleryact.virginia.edu/report#page=157
234076,234076014,Morven Sustainability Lab,2026,2023,arson,residential,,,blank_source_cell,source_not_applicable,,https://cleryact.virginia.edu/report#page=157
234076,234076014,Morven Sustainability Lab,2026,2023,arson,oncampus,0,0,reported_numeric,reported_numeric,0,https://cleryact.virginia.edu/report#page=157
234076,234076014,Morven Sustainability Lab,2026,2023,arson,noncampus,,,blank_source_cell,source_not_applicable,,https://cleryact.virginia.edu/report#page=157
234076,234076014,Morven Sustainability Lab,2026,2023,arson,publicproperty,0,0,reported_numeric,reported_numeric,0,https://cleryact.virginia.edu/report#page=157
234076,234076014,Morven Sustainability Lab,2026,2024,dating_violence,residential,,,blank_source_cell,source_not_applicable,,https://cleryact.virginia.edu/report#page=157
234076,234076014,Morven Sustainability Lab,2026,2024,dating_violence,oncampus,0,0,reported_numeric,reported_numeric,0,https://cleryact.virginia.edu/report#page=157
234076,234076014,Morven Sustainability Lab,2026,2024,dating_violence,noncampus,,,blank_source_cell,source_not_applicable,,https://cleryact.virginia.edu/report#page=157
234076,234076014,Morven Sustainability Lab,2026,2024,dating_violence,publicproperty,0,0,reported_numeric,reported_numeric,0,https://cleryact.virginia.edu/report#page=157
234076,234076014,Morven Sustainability Lab,2026,2023,dating_violence,residential,,,blank_source_cell,source_not_applicable,,https://cleryact.virginia.edu/report#page=157
234076,234076014,Morven Sustainability Lab,2026,2023,dating_violence,oncampus,0,0,reported_numeric,reported_numeric,0,https://cleryact.virginia.edu/report#page=157
234076,234076014,Morven Sustainability Lab,2026,2023,dating_violence,noncampus,,,blank_source_cell,source_not_applicable,,https://cleryact.virginia.edu/report#page=157
234076,234076014,Morven Sustainability Lab,2026,2023,dating_violence,publicproperty,0,0,reported_numeric,reported_numeric,0,https://cleryact.virginia.edu/report#page=157
234076,234076014,Morven Sustainability Lab,2026,2024,domestic_violence,residential,,,blank_source_cell,source_not_applicable,,https://cleryact.virginia.edu/report#page=157
234076,234076014,Morven Sustainability Lab,2026,2024,domestic_violence,oncampus,0,0,reported_numeric,reported_numeric,0,https://cleryact.virginia.edu/report#page=157
234076,234076014,Morven Sustainability Lab,2026,2024,domestic_violence,noncampus,,,blank_source_cell,source_not_applicable,,https://cleryact.virginia.edu/report#page=157
234076,234076014,Morven Sustainability Lab,2026,2024,domestic_violence,publicproperty,0,0,reported_numeric,reported_numeric,0,https://cleryact.virginia.edu/report#page=157
234076,234076014,Morven Sustainability Lab,2026,2023,domestic_violence,residential,,,blank_source_cell,source_not_applicable,,https://cleryact.virginia.edu/report#page=157
234076,234076014,Morven Sustainability Lab,2026,2023,domestic_violence,oncampus,0,0,reported_numeric,reported_numeric,0,https://cleryact.virginia.edu/report#page=157
234076,234076014,Morven Sustainability Lab,2026,2023,domestic_violence,noncampus,,,blank_source_cell,source_not_applicable,,https://cleryact.virginia.edu/report#page=157
234076,234076014,Morven Sustainability Lab,2026,2023,domestic_violence,publicproperty,0,0,reported_numeric,reported_numeric,0,https://cleryact.virginia.edu/report#page=157
234076,234076014,Morven Sustainability Lab,2026,2024,stalking,residential,,,blank_source_cell,source_not_applicable,,https://cleryact.virginia.edu/report#page=157
234076,234076014,Morven Sustainability Lab,2026,2024,stalking,oncampus,0,0,reported_numeric,reported_numeric,0,https://cleryact.virginia.edu/report#page=157
234076,234076014,Morven Sustainability Lab,2026,2024,stalking,noncampus,,,blank_source_cell,source_not_applicable,,https://cleryact.virginia.edu/report#page=157
234076,234076014,Morven Sustainability Lab,2026,2024,stalking,publicproperty,0,0,reported_numeric,reported_numeric,0,https://cleryact.virginia.edu/report#page=157
234076,234076014,Morven Sustainability Lab,2026,2023,stalking,residential,,,blank_source_cell,source_not_applicable,,https://cleryact.virginia.edu/report#page=157
234076,234076014,Morven Sustainability Lab,2026,2023,stalking,oncampus,0,0,reported_numeric,reported_numeric,0,https://cleryact.virginia.edu/report#page=157
234076,234076014,Morven Sustainability Lab,2026,2023,stalking,noncampus,,,blank_source_cell,source_not_applicable,,https://cleryact.virginia.edu/report#page=157
234076,234076014,Morven Sustainability Lab,2026,2023,stalking,publicproperty,0,0,reported_numeric,reported_numeric,0,https://cleryact.virginia.edu/report#page=157
